[2026-09-19T14:07:47.247Z] [FLOW] Wind→SK: TWD=115.7deg TWS=9.7kts TWA=72.1deg [signalk-truewind-calculator]
[2026-09-19T14:07:47.285Z] [FLOW] NavCalc→SK: set=309.3degT drift=1.68kts [signalk-current-calculator]
[2026-09-19T14:07:47.287Z] [FLOW] NavCalc→SK: set=313.9degT drift=1.68kts [signalk-current-calculator]
[2026-09-19T14:07:47.438Z] [FLOW] Wind→SK: TWD=127.9deg TWS=7.0kts TWA=84.3deg [signalk-truewind-calculator]
[2026-09-19T14:07:47.507Z] [FLOW] J30→SK: leeway=10.5deg [signalk-j30-leeway]
[2026-09-19T14:07:47.509Z] [FLOW] Compass→SK: headingTrue=37.6deg [signalk-heading-true-calculator]
[2026-09-19T14:07:47.538Z] [FLOW] NavCalc→SK: set=314.3degT drift=1.66kts [signalk-current-calculator]
[2026-09-19T14:07:47.586Z] [FLOW] NavCalc→SK: set=316.4degT drift=1.58kts [signalk-current-calculator]
[2026-09-19T14:07:47.632Z] [FLOW] Wind→SK: TWD=131.4deg TWS=5.0kts TWA=93.8deg [signalk-truewind-calculator]
[2026-09-19T14:07:47.835Z] [FLOW] NavCalc→SK: set=315.6degT drift=1.53kts [signalk-current-calculator]
[2026-09-19T14:07:47.837Z] [FLOW] NavCalc→SK: set=313.5degT drift=1.53kts [signalk-current-calculator]
[2026-09-19T14:07:47.962Z] [FLOW] J30→SK: leeway=9.7deg [signalk-j30-leeway]
[2026-09-19T14:07:47.963Z] [FLOW] Compass→SK: headingTrue=37.1deg [signalk-heading-true-calculator]
[2026-09-19T14:07:48.023Z] [FLOW] Wind→SK: TWD=128.5deg TWS=3.8kts TWA=91.4deg [signalk-truewind-calculator]
[2026-09-19T14:07:48.088Z] [FLOW] NavCalc→SK: set=310.0degT drift=1.45kts [signalk-current-calculator]
[2026-09-19T14:07:48.136Z] [FLOW] NavCalc→SK: set=309.2degT drift=1.39kts [signalk-current-calculator]
[2026-09-19T14:07:48.218Z] [FLOW] Wind→SK: TWD=132.7deg TWS=4.6kts TWA=95.7deg [signalk-truewind-calculator]
[2026-09-19T14:07:48.270Z] [FLOW] J30→SK: leeway=10.0deg [signalk-j30-leeway]
[2026-09-19T14:07:48.271Z] [FLOW] Compass→SK: headingTrue=40.2deg [signalk-heading-true-calculator]
[2026-09-19T14:07:48.386Z] [FLOW] NavCalc→SK: set=307.1degT drift=1.48kts [signalk-current-calculator]
[2026-09-19T14:07:48.388Z] [FLOW] NavCalc→SK: set=304.6degT drift=1.58kts [signalk-current-calculator]
[2026-09-19T14:07:48.413Z] [FLOW] Wind→SK: TWD=123.0deg TWS=4.8kts TWA=82.7deg [signalk-truewind-calculator]
[2026-09-19T14:07:48.608Z] [FLOW] Wind→SK: TWD=106.3deg TWS=7.2kts TWA=66.1deg [signalk-truewind-calculator]
[2026-09-19T14:07:48.636Z] [FLOW] NavCalc→SK: set=304.6degT drift=1.62kts [signalk-current-calculator]
[2026-09-19T14:07:48.639Z] [FLOW] NavCalc→SK: set=300.3degT drift=1.66kts [signalk-current-calculator]
[2026-09-19T14:07:48.725Z] [FLOW] J30→SK: leeway=9.6deg [signalk-j30-leeway]
[2026-09-19T14:07:48.726Z] [FLOW] Compass→SK: headingTrue=42.3deg [signalk-heading-true-calculator]
[2026-09-19T14:07:48.888Z] [FLOW] NavCalc→SK: set=302.0degT drift=1.76kts [signalk-current-calculator]
[2026-09-19T14:07:48.938Z] [FLOW] NavCalc→SK: set=304.6degT drift=1.80kts [signalk-current-calculator]
[2026-09-19T14:07:48.998Z] [FLOW] Wind→SK: TWD=104.5deg TWS=8.9kts TWA=62.1deg [signalk-truewind-calculator]
[2026-09-19T14:07:49.135Z] [FLOW] NavCalc→SK: set=305.1degT drift=1.79kts [signalk-current-calculator]
[2026-09-19T14:07:49.188Z] [FLOW] NavCalc→SK: set=308.3degT drift=1.76kts [signalk-current-calculator]
[2026-09-19T14:07:49.192Z] [FLOW] Wind→SK: TWD=103.4deg TWS=9.2kts TWA=61.1deg [signalk-truewind-calculator]
[2026-09-19T14:07:49.386Z] [FLOW] NavCalc→SK: set=314.1degT drift=1.77kts [signalk-current-calculator]
[2026-09-19T14:07:49.389Z] [FLOW] Wind→SK: TWD=101.5deg TWS=10.4kts TWA=59.2deg [signalk-truewind-calculator]
[2026-09-19T14:07:49.487Z] [FLOW] NavCalc→SK: set=319.2degT drift=1.78kts [signalk-current-calculator]
[2026-09-19T14:07:49.637Z] [FLOW] NavCalc→SK: set=319.3degT drift=1.76kts [signalk-current-calculator]
[2026-09-19T14:07:49.684Z] [FLOW] J30→SK: leeway=11.3deg [signalk-j30-leeway]
[2026-09-19T14:07:49.685Z] [FLOW] Compass→SK: headingTrue=32.3deg [signalk-heading-true-calculator]
[2026-09-19T14:07:49.767Z] [FLOW] NavCalc→SK: set=322.1degT drift=1.63kts [signalk-current-calculator]
[2026-09-19T14:07:49.778Z] [FLOW] Wind→SK: TWD=81.3deg TWS=10.6kts TWA=49.0deg [signalk-truewind-calculator]
[2026-09-19T14:07:49.911Z] [FLOW] NavCalc→SK: set=319.0degT drift=1.41kts [signalk-current-calculator]
[2026-09-19T14:07:49.973Z] [FLOW] Wind→SK: TWD=80.3deg TWS=11.4kts TWA=48.0deg [signalk-truewind-calculator]
[2026-09-19T14:07:49.987Z] [FLOW] NavCalc→SK: set=316.0degT drift=1.40kts [signalk-current-calculator]
[2026-09-19T14:07:50.162Z] [FLOW] NavCalc→SK: set=303.9degT drift=1.30kts [signalk-current-calculator]
[2026-09-19T14:07:50.168Z] [FLOW] Wind→SK: TWD=77.9deg TWS=11.4kts TWA=45.6deg [signalk-truewind-calculator]
[2026-09-19T14:07:50.237Z] [FLOW] NavCalc→SK: set=297.1degT drift=1.25kts [signalk-current-calculator]
[2026-09-19T14:07:50.363Z] [FLOW] Wind→SK: TWD=80.9deg TWS=10.9kts TWA=48.6deg [signalk-truewind-calculator]
[2026-09-19T14:07:50.410Z] [FLOW] NavCalc→SK: set=296.9degT drift=1.37kts [signalk-current-calculator]
[2026-09-19T14:07:50.496Z] [FLOW] J30→SK: leeway=8.6deg [signalk-j30-leeway]
[2026-09-19T14:07:50.497Z] [FLOW] Compass→SK: headingTrue=40.0deg [signalk-heading-true-calculator]
[2026-09-19T14:07:50.537Z] [FLOW] NavCalc→SK: set=294.9degT drift=1.67kts [signalk-current-calculator]
[2026-09-19T14:07:50.711Z] [FLOW] NavCalc→SK: set=289.0degT drift=1.74kts [signalk-current-calculator]
[2026-09-19T14:07:50.753Z] [FLOW] Wind→SK: TWD=89.8deg TWS=10.2kts TWA=49.8deg [signalk-truewind-calculator]
[2026-09-19T14:07:50.787Z] [FLOW] NavCalc→SK: set=293.7degT drift=1.77kts [signalk-current-calculator]
[2026-09-19T14:07:50.948Z] [FLOW] Wind→SK: TWD=112.2deg TWS=8.5kts TWA=72.2deg [signalk-truewind-calculator]
[2026-09-19T14:07:50.960Z] [FLOW] NavCalc→SK: set=299.1degT drift=1.85kts [signalk-current-calculator]
[2026-09-19T14:07:51.038Z] [FLOW] NavCalc→SK: set=305.2degT drift=1.93kts [signalk-current-calculator]
[2026-09-19T14:07:51.145Z] [FLOW] Wind→SK: TWD=137.3deg TWS=5.3kts TWA=97.3deg [signalk-truewind-calculator]
[2026-09-19T14:07:51.212Z] [FLOW] NavCalc→SK: set=308.7degT drift=1.87kts [signalk-current-calculator]
[2026-09-19T14:07:51.347Z] [FLOW] NavCalc→SK: set=309.0degT drift=1.88kts [signalk-current-calculator]
[2026-09-19T14:07:51.362Z] [FLOW] Wind→SK: TWD=141.0deg TWS=4.4kts TWA=101.0deg [signalk-truewind-calculator]
[2026-09-19T14:07:51.380Z] [FLOW] J30→SK: leeway=12.2deg [signalk-j30-leeway]
[2026-09-19T14:07:51.387Z] [FLOW] Compass→SK: headingTrue=27.0deg [signalk-heading-true-calculator]
[2026-09-19T14:07:51.462Z] [FLOW] NavCalc→SK: set=307.5degT drift=1.74kts [signalk-current-calculator]
[2026-09-19T14:07:51.513Z] [FLOW] J30→SK: leeway=11.9deg [signalk-j30-leeway]
[2026-09-19T14:07:51.519Z] [FLOW] Compass→SK: headingTrue=28.9deg [signalk-heading-true-calculator]
[2026-09-19T14:07:51.570Z] [FLOW] NavCalc→SK: set=302.5degT drift=1.76kts [signalk-current-calculator]
[2026-09-19T14:07:51.711Z] [FLOW] NavCalc→SK: set=300.0degT drift=1.79kts [signalk-current-calculator]
[2026-09-19T14:07:51.729Z] [FLOW] Wind→SK: TWD=141.3deg TWS=3.5kts TWA=112.4deg [signalk-truewind-calculator]
[2026-09-19T14:07:51.819Z] [FLOW] NavCalc→SK: set=292.3degT drift=1.76kts [signalk-current-calculator]
[2026-09-19T14:07:51.960Z] [FLOW] NavCalc→SK: set=288.5degT drift=1.73kts [signalk-current-calculator]
[2026-09-19T14:07:52.069Z] [FLOW] NavCalc→SK: set=282.6degT drift=1.70kts [signalk-current-calculator]
[2026-09-19T14:07:52.119Z] [FLOW] Wind→SK: TWD=124.8deg TWS=3.7kts TWA=95.9deg [signalk-truewind-calculator]
[2026-09-19T14:07:52.121Z] [FLOW] Wind→SK: TWD=110.6deg TWS=4.6kts TWA=81.7deg [signalk-truewind-calculator]
[2026-09-19T14:07:52.186Z] [FLOW] J30→SK: leeway=10.3deg [signalk-j30-leeway]
[2026-09-19T14:07:52.187Z] [FLOW] Compass→SK: headingTrue=35.8deg [signalk-heading-true-calculator]
[2026-09-19T14:07:52.211Z] [FLOW] NavCalc→SK: set=289.2degT drift=1.85kts [signalk-current-calculator]
[2026-09-19T14:07:52.319Z] [FLOW] NavCalc→SK: set=291.5degT drift=1.88kts [signalk-current-calculator]
[2026-09-19T14:07:52.460Z] [FLOW] NavCalc→SK: set=293.6degT drift=1.83kts [signalk-current-calculator]
[2026-09-19T14:07:52.508Z] [FLOW] Wind→SK: TWD=92.8deg TWS=12.5kts TWA=57.0deg [signalk-truewind-calculator]
[2026-09-19T14:07:52.511Z] [FLOW] J30→SK: leeway=11.6deg [signalk-j30-leeway]
[2026-09-19T14:07:52.512Z] [FLOW] Compass→SK: headingTrue=31.7deg [signalk-heading-true-calculator]
[2026-09-19T14:07:52.569Z] [FLOW] NavCalc→SK: set=298.7degT drift=1.92kts [signalk-current-calculator]
[2026-09-19T14:07:52.704Z] [FLOW] Wind→SK: TWD=87.0deg TWS=11.4kts TWA=55.3deg [signalk-truewind-calculator]
[2026-09-19T14:07:52.761Z] [FLOW] NavCalc→SK: set=300.5degT drift=1.82kts [signalk-current-calculator]
[2026-09-19T14:07:52.869Z] [FLOW] NavCalc→SK: set=302.0degT drift=1.72kts [signalk-current-calculator]
[2026-09-19T14:07:52.898Z] [FLOW] Wind→SK: TWD=86.0deg TWS=11.7kts TWA=54.3deg [signalk-truewind-calculator]
[2026-09-19T14:07:52.917Z] [FLOW] J30→SK: leeway=12.5deg [signalk-j30-leeway]
[2026-09-19T14:07:52.918Z] [FLOW] Compass→SK: headingTrue=27.2deg [signalk-heading-true-calculator]
[2026-09-19T14:07:52.950Z] [FLOW] J30→SK: leeway=12.4deg [signalk-j30-leeway]
[2026-09-19T14:07:52.951Z] [FLOW] Compass→SK: headingTrue=26.9deg [signalk-heading-true-calculator]
[2026-09-19T14:07:53.010Z] [FLOW] NavCalc→SK: set=302.2degT drift=1.63kts [signalk-current-calculator]
[2026-09-19T14:07:53.093Z] [FLOW] Wind→SK: TWD=76.3deg TWS=11.6kts TWA=49.5deg [signalk-truewind-calculator]
[2026-09-19T14:07:53.119Z] [FLOW] NavCalc→SK: set=302.2degT drift=1.58kts [signalk-current-calculator]
[2026-09-19T14:07:53.260Z] [FLOW] NavCalc→SK: set=295.2degT drift=1.38kts [signalk-current-calculator]
[2026-09-19T14:07:53.368Z] [FLOW] NavCalc→SK: set=293.1degT drift=1.36kts [signalk-current-calculator]
[2026-09-19T14:07:53.389Z] [FLOW] J30→SK: leeway=10.7deg [signalk-j30-leeway]
[2026-09-19T14:07:53.390Z] [FLOW] Compass→SK: headingTrue=25.6deg [signalk-heading-true-calculator]
[2026-09-19T14:07:53.483Z] [FLOW] Wind→SK: TWD=71.2deg TWS=12.6kts TWA=45.6deg [signalk-truewind-calculator]
[2026-09-19T14:07:53.510Z] [FLOW] NavCalc→SK: set=297.4degT drift=1.30kts [signalk-current-calculator]
[2026-09-19T14:07:53.620Z] [FLOW] NavCalc→SK: set=296.6degT drift=1.27kts [signalk-current-calculator]
[2026-09-19T14:07:53.678Z] [FLOW] Wind→SK: TWD=72.1deg TWS=12.8kts TWA=46.5deg [signalk-truewind-calculator]
[2026-09-19T14:07:53.714Z] [FLOW] J30→SK: leeway=9.9deg [signalk-j30-leeway]
[2026-09-19T14:07:53.715Z] [FLOW] Compass→SK: headingTrue=26.9deg [signalk-heading-true-calculator]
[2026-09-19T14:07:53.763Z] [FLOW] NavCalc→SK: set=298.2degT drift=1.42kts [signalk-current-calculator]
[2026-09-19T14:07:53.868Z] [FLOW] NavCalc→SK: set=296.2degT drift=1.45kts [signalk-current-calculator]
[2026-09-19T14:07:53.873Z] [FLOW] Wind→SK: TWD=73.9deg TWS=12.8kts TWA=47.0deg [signalk-truewind-calculator]
[2026-09-19T14:07:53.925Z] [FLOW] J30→SK: leeway=9.1deg [signalk-j30-leeway]
[2026-09-19T14:07:53.927Z] [FLOW] Compass→SK: headingTrue=27.9deg [signalk-heading-true-calculator]
[2026-09-19T14:07:54.011Z] [FLOW] NavCalc→SK: set=295.7degT drift=1.53kts [signalk-current-calculator]
[2026-09-19T14:07:54.121Z] [FLOW] NavCalc→SK: set=294.8degT drift=1.49kts [signalk-current-calculator]
[2026-09-19T14:07:54.201Z] [FLOW] J30→SK: leeway=8.8deg [signalk-j30-leeway]
[2026-09-19T14:07:54.203Z] [FLOW] Compass→SK: headingTrue=28.0deg [signalk-heading-true-calculator]
[2026-09-19T14:07:54.261Z] [FLOW] NavCalc→SK: set=291.1degT drift=1.50kts [signalk-current-calculator]
[2026-09-19T14:07:54.264Z] [FLOW] Wind→SK: TWD=76.8deg TWS=10.9kts TWA=48.8deg [signalk-truewind-calculator]
[2026-09-19T14:07:54.369Z] [FLOW] NavCalc→SK: set=289.7degT drift=1.51kts [signalk-current-calculator]
[2026-09-19T14:07:54.396Z] [FLOW] J30→SK: leeway=9.3deg [signalk-j30-leeway]
[2026-09-19T14:07:54.397Z] [FLOW] Compass→SK: headingTrue=25.9deg [signalk-heading-true-calculator]
[2026-09-19T14:07:54.458Z] [FLOW] Wind→SK: TWD=72.9deg TWS=10.3kts TWA=47.0deg [signalk-truewind-calculator]
[2026-09-19T14:07:54.511Z] [FLOW] NavCalc→SK: set=291.7degT drift=1.32kts [signalk-current-calculator]
[2026-09-19T14:07:54.620Z] [FLOW] NavCalc→SK: set=298.8degT drift=1.39kts [signalk-current-calculator]
[2026-09-19T14:07:54.653Z] [FLOW] Wind→SK: TWD=78.0deg TWS=10.6kts TWA=52.1deg [signalk-truewind-calculator]
[2026-09-19T14:07:54.778Z] [FLOW] NavCalc→SK: set=298.3degT drift=1.45kts [signalk-current-calculator]
[2026-09-19T14:07:54.849Z] [FLOW] Wind→SK: TWD=76.9deg TWS=9.6kts TWA=51.0deg [signalk-truewind-calculator]
[2026-09-19T14:07:54.869Z] [FLOW] NavCalc→SK: set=299.7degT drift=1.42kts [signalk-current-calculator]
[2026-09-19T14:07:54.965Z] [FLOW] J30→SK: leeway=10.8deg [signalk-j30-leeway]
[2026-09-19T14:07:54.967Z] [FLOW] Compass→SK: headingTrue=24.9deg [signalk-heading-true-calculator]
[2026-09-19T14:07:55.038Z] [FLOW] NavCalc→SK: set=291.8degT drift=1.49kts [signalk-current-calculator]
[2026-09-19T14:07:55.119Z] [FLOW] NavCalc→SK: set=292.6degT drift=1.51kts [signalk-current-calculator]
[2026-09-19T14:07:55.209Z] [FLOW] J30→SK: leeway=10.0deg [signalk-j30-leeway]
[2026-09-19T14:07:55.210Z] [FLOW] Compass→SK: headingTrue=27.5deg [signalk-heading-true-calculator]
[2026-09-19T14:07:55.238Z] [FLOW] Wind→SK: TWD=79.1deg TWS=10.0kts TWA=51.6deg [signalk-truewind-calculator]
[2026-09-19T14:07:55.288Z] [FLOW] NavCalc→SK: set=284.2degT drift=1.59kts [signalk-current-calculator]
[2026-09-19T14:07:55.369Z] [FLOW] NavCalc→SK: set=283.4degT drift=1.51kts [signalk-current-calculator]
[2026-09-19T14:07:55.433Z] [FLOW] Wind→SK: TWD=88.5deg TWS=7.1kts TWA=61.0deg [signalk-truewind-calculator]
[2026-09-19T14:07:55.538Z] [FLOW] NavCalc→SK: set=278.2degT drift=1.71kts [signalk-current-calculator]
[2026-09-19T14:07:55.615Z] [FLOW] J30→SK: leeway=9.9deg [signalk-j30-leeway]
[2026-09-19T14:07:55.616Z] [FLOW] Compass→SK: headingTrue=29.9deg [signalk-heading-true-calculator]
[2026-09-19T14:07:55.619Z] [FLOW] NavCalc→SK: set=279.8degT drift=1.85kts [signalk-current-calculator]
[2026-09-19T14:07:55.628Z] [FLOW] Wind→SK: TWD=100.2deg TWS=8.0kts TWA=70.3deg [signalk-truewind-calculator]
[2026-09-19T14:07:55.788Z] [FLOW] NavCalc→SK: set=277.5degT drift=2.09kts [signalk-current-calculator]
[2026-09-19T14:07:55.869Z] [FLOW] NavCalc→SK: set=282.6degT drift=2.36kts [signalk-current-calculator]
[2026-09-19T14:07:56.018Z] [FLOW] Wind→SK: TWD=103.1deg TWS=8.0kts TWA=73.1deg [signalk-truewind-calculator]
[2026-09-19T14:07:56.039Z] [FLOW] NavCalc→SK: set=285.7degT drift=2.43kts [signalk-current-calculator]
[2026-09-19T14:07:56.119Z] [FLOW] NavCalc→SK: set=288.0degT drift=2.42kts [signalk-current-calculator]
[2026-09-19T14:07:56.213Z] [FLOW] Wind→SK: TWD=101.5deg TWS=8.2kts TWA=71.5deg [signalk-truewind-calculator]
[2026-09-19T14:07:56.287Z] [FLOW] NavCalc→SK: set=289.6degT drift=2.55kts [signalk-current-calculator]
[2026-09-19T14:07:56.330Z] [FLOW] J30→SK: leeway=14.4deg [signalk-j30-leeway]
[2026-09-19T14:07:56.331Z] [FLOW] Compass→SK: headingTrue=20.2deg [signalk-heading-true-calculator]
[2026-09-19T14:07:56.398Z] [FLOW] NavCalc→SK: set=288.2degT drift=2.44kts [signalk-current-calculator]
[2026-09-19T14:07:56.411Z] [FLOW] Wind→SK: TWD=85.2deg TWS=8.1kts TWA=65.1deg [signalk-truewind-calculator]
[2026-09-19T14:07:56.414Z] [FLOW] J30→SK: leeway=14.8deg [signalk-j30-leeway]
[2026-09-19T14:07:56.416Z] [FLOW] Compass→SK: headingTrue=19.3deg [signalk-heading-true-calculator]
[2026-09-19T14:07:56.591Z] [FLOW] NavCalc→SK: set=289.6degT drift=2.36kts [signalk-current-calculator]
[2026-09-19T14:07:56.605Z] [FLOW] Wind→SK: TWD=87.0deg TWS=8.2kts TWA=67.7deg [signalk-truewind-calculator]
[2026-09-19T14:07:56.650Z] [FLOW] NavCalc→SK: set=288.6degT drift=2.40kts [signalk-current-calculator]
[2026-09-19T14:07:56.818Z] [FLOW] J30→SK: leeway=15.0deg [signalk-j30-leeway]
[2026-09-19T14:07:56.820Z] [FLOW] Compass→SK: headingTrue=19.4deg [signalk-heading-true-calculator]
[2026-09-19T14:07:56.838Z] [FLOW] NavCalc→SK: set=293.5degT drift=2.18kts [signalk-current-calculator]
[2026-09-19T14:07:56.902Z] [FLOW] NavCalc→SK: set=291.3degT drift=2.19kts [signalk-current-calculator]
[2026-09-19T14:07:56.932Z] [FLOW] J30→SK: leeway=15.0deg [signalk-j30-leeway]
[2026-09-19T14:07:56.933Z] [FLOW] Compass→SK: headingTrue=21.9deg [signalk-heading-true-calculator]
[2026-09-19T14:07:56.994Z] [FLOW] Wind→SK: TWD=82.4deg TWS=7.9kts TWA=60.4deg [signalk-truewind-calculator]
[2026-09-19T14:07:57.088Z] [FLOW] NavCalc→SK: set=296.9degT drift=2.31kts [signalk-current-calculator]
[2026-09-19T14:07:57.190Z] [FLOW] Wind→SK: TWD=88.5deg TWS=9.1kts TWA=66.5deg [signalk-truewind-calculator]
[2026-09-19T14:07:57.199Z] [FLOW] NavCalc→SK: set=295.8degT drift=2.28kts [signalk-current-calculator]
[2026-09-19T14:07:57.340Z] [FLOW] NavCalc→SK: set=302.6degT drift=2.16kts [signalk-current-calculator]
[2026-09-19T14:07:57.386Z] [FLOW] Wind→SK: TWD=84.6deg TWS=9.4kts TWA=62.6deg [signalk-truewind-calculator]
[2026-09-19T14:07:57.502Z] [FLOW] NavCalc→SK: set=302.8degT drift=2.06kts [signalk-current-calculator]
[2026-09-19T14:07:57.550Z] [FLOW] J30→SK: leeway=13.9deg [signalk-j30-leeway]
[2026-09-19T14:07:57.552Z] [FLOW] Compass→SK: headingTrue=33.4deg [signalk-heading-true-calculator]
[2026-09-19T14:07:57.591Z] [FLOW] NavCalc→SK: set=301.9degT drift=2.31kts [signalk-current-calculator]
[2026-09-19T14:07:57.749Z] [FLOW] NavCalc→SK: set=306.9degT drift=2.34kts [signalk-current-calculator]
[2026-09-19T14:07:57.774Z] [FLOW] Wind→SK: TWD=94.9deg TWS=12.8kts TWA=61.4deg [signalk-truewind-calculator]
[2026-09-19T14:07:57.887Z] [FLOW] NavCalc→SK: set=306.6degT drift=2.54kts [signalk-current-calculator]
[2026-09-19T14:07:57.969Z] [FLOW] Wind→SK: TWD=91.9deg TWS=13.3kts TWA=58.5deg [signalk-truewind-calculator]
[2026-09-19T14:07:57.991Z] [FLOW] J30→SK: leeway=14.4deg [signalk-j30-leeway]
[2026-09-19T14:07:57.993Z] [FLOW] Compass→SK: headingTrue=31.2deg [signalk-heading-true-calculator]
[2026-09-19T14:07:58.050Z] [FLOW] NavCalc→SK: set=305.1degT drift=2.45kts [signalk-current-calculator]
[2026-09-19T14:07:58.139Z] [FLOW] NavCalc→SK: set=303.3degT drift=2.50kts [signalk-current-calculator]
[2026-09-19T14:07:58.165Z] [FLOW] Wind→SK: TWD=88.6deg TWS=14.0kts TWA=57.4deg [signalk-truewind-calculator]
[2026-09-19T14:07:58.184Z] [FLOW] J30→SK: leeway=13.2deg [signalk-j30-leeway]
[2026-09-19T14:07:58.186Z] [FLOW] Compass→SK: headingTrue=27.2deg [signalk-heading-true-calculator]
[2026-09-19T14:07:58.350Z] [FLOW] NavCalc→SK: set=300.2degT drift=2.37kts [signalk-current-calculator]
[2026-09-19T14:07:58.361Z] [FLOW] Wind→SK: TWD=81.1deg TWS=13.9kts TWA=53.8deg [signalk-truewind-calculator]
[2026-09-19T14:07:58.438Z] [FLOW] NavCalc→SK: set=295.6degT drift=2.39kts [signalk-current-calculator]
[2026-09-19T14:07:58.599Z] [FLOW] NavCalc→SK: set=291.9degT drift=2.48kts [signalk-current-calculator]
[2026-09-19T14:07:58.689Z] [FLOW] NavCalc→SK: set=290.6degT drift=2.40kts [signalk-current-calculator]
[2026-09-19T14:07:58.750Z] [FLOW] Wind→SK: TWD=81.2deg TWS=14.0kts TWA=54.0deg [signalk-truewind-calculator]
[2026-09-19T14:07:58.852Z] [FLOW] NavCalc→SK: set=288.5degT drift=2.49kts [signalk-current-calculator]
[2026-09-19T14:07:58.939Z] [FLOW] NavCalc→SK: set=289.3degT drift=2.57kts [signalk-current-calculator]
[2026-09-19T14:07:58.944Z] [FLOW] Wind→SK: TWD=81.6deg TWS=14.0kts TWA=54.4deg [signalk-truewind-calculator]
[2026-09-19T14:07:59.099Z] [FLOW] NavCalc→SK: set=288.7degT drift=2.59kts [signalk-current-calculator]
[2026-09-19T14:07:59.139Z] [FLOW] Wind→SK: TWD=82.1deg TWS=13.6kts TWA=54.9deg [signalk-truewind-calculator]
[2026-09-19T14:07:59.239Z] [FLOW] NavCalc→SK: set=290.4degT drift=2.70kts [signalk-current-calculator]
[2026-09-19T14:07:59.350Z] [FLOW] NavCalc→SK: set=290.4degT drift=2.38kts [signalk-current-calculator]
[2026-09-19T14:07:59.531Z] [FLOW] Wind→SK: TWD=83.8deg TWS=13.3kts TWA=56.5deg [signalk-truewind-calculator]
[2026-09-19T14:07:59.539Z] [FLOW] NavCalc→SK: set=293.0degT drift=2.41kts [signalk-current-calculator]
[2026-09-19T14:07:59.600Z] [FLOW] NavCalc→SK: set=295.4degT drift=2.17kts [signalk-current-calculator]
[2026-09-19T14:07:59.742Z] [FLOW] Wind→SK: TWD=84.0deg TWS=12.4kts TWA=56.8deg [signalk-truewind-calculator]
[2026-09-19T14:07:59.788Z] [FLOW] NavCalc→SK: set=302.9degT drift=2.15kts [signalk-current-calculator]
[2026-09-19T14:07:59.851Z] [FLOW] NavCalc→SK: set=307.4degT drift=2.15kts [signalk-current-calculator]
[2026-09-19T14:07:59.918Z] [FLOW] Wind→SK: TWD=86.3deg TWS=12.3kts TWA=59.1deg [signalk-truewind-calculator]
[2026-09-19T14:08:00.088Z] [FLOW] NavCalc→SK: set=310.9degT drift=2.20kts [signalk-current-calculator]
[2026-09-19T14:08:00.100Z] [FLOW] NavCalc→SK: set=311.4degT drift=2.16kts [signalk-current-calculator]
[2026-09-19T14:08:00.113Z] [FLOW] Wind→SK: TWD=85.7deg TWS=12.6kts TWA=58.4deg [signalk-truewind-calculator]
[2026-09-19T14:08:00.338Z] [FLOW] NavCalc→SK: set=308.0degT drift=2.23kts [signalk-current-calculator]
[2026-09-19T14:08:00.349Z] [FLOW] NavCalc→SK: set=307.2degT drift=2.23kts [signalk-current-calculator]
[2026-09-19T14:08:00.503Z] [FLOW] Wind→SK: TWD=82.6deg TWS=14.1kts TWA=55.4deg [signalk-truewind-calculator]
[2026-09-19T14:08:00.599Z] [FLOW] NavCalc→SK: set=299.9degT drift=2.34kts [signalk-current-calculator]
[2026-09-19T14:08:00.638Z] [FLOW] NavCalc→SK: set=300.1degT drift=2.32kts [signalk-current-calculator]
[2026-09-19T14:08:00.698Z] [FLOW] Wind→SK: TWD=82.2deg TWS=14.2kts TWA=54.9deg [signalk-truewind-calculator]
[2026-09-19T14:08:00.852Z] [FLOW] NavCalc→SK: set=293.7degT drift=2.47kts [signalk-current-calculator]
[2026-09-19T14:08:00.887Z] [FLOW] NavCalc→SK: set=286.2degT drift=2.36kts [signalk-current-calculator]
[2026-09-19T14:08:00.893Z] [FLOW] Wind→SK: TWD=75.9deg TWS=13.9kts TWA=48.7deg [signalk-truewind-calculator]
[2026-09-19T14:08:01.010Z] [FLOW] J30→SK: leeway=11.4deg [signalk-j30-leeway]
[2026-09-19T14:08:01.011Z] [FLOW] Compass→SK: headingTrue=34.1deg [signalk-heading-true-calculator]
[2026-09-19T14:08:01.090Z] [FLOW] Wind→SK: TWD=80.9deg TWS=14.7kts TWA=46.8deg [signalk-truewind-calculator]
[2026-09-19T14:08:01.149Z] [FLOW] NavCalc→SK: set=285.3degT drift=2.35kts [signalk-current-calculator]
[2026-09-19T14:08:01.189Z] [FLOW] NavCalc→SK: set=289.7degT drift=2.41kts [signalk-current-calculator]
[2026-09-19T14:08:01.428Z] [FLOW] NavCalc→SK: set=295.1degT drift=2.56kts [signalk-current-calculator]
[2026-09-19T14:08:01.437Z] [FLOW] NavCalc→SK: set=303.1degT drift=2.70kts [signalk-current-calculator]
[2026-09-19T14:08:01.478Z] [FLOW] Wind→SK: TWD=86.9deg TWS=14.5kts TWA=52.8deg [signalk-truewind-calculator]
[2026-09-19T14:08:01.644Z] [FLOW] J30→SK: leeway=15.0deg [signalk-j30-leeway]
[2026-09-19T14:08:01.646Z] [FLOW] Compass→SK: headingTrue=26.0deg [signalk-heading-true-calculator]
[2026-09-19T14:08:01.673Z] [FLOW] Wind→SK: TWD=77.7deg TWS=12.9kts TWA=51.7deg [signalk-truewind-calculator]
[2026-09-19T14:08:01.679Z] [FLOW] NavCalc→SK: set=300.2degT drift=2.64kts [signalk-current-calculator]
[2026-09-19T14:08:01.717Z] [FLOW] NavCalc→SK: set=298.4degT drift=2.46kts [signalk-current-calculator]
[2026-09-19T14:08:01.855Z] [FLOW] J30→SK: leeway=14.0deg [signalk-j30-leeway]
[2026-09-19T14:08:01.856Z] [FLOW] Compass→SK: headingTrue=27.8deg [signalk-heading-true-calculator]
[2026-09-19T14:08:01.868Z] [FLOW] Wind→SK: TWD=72.1deg TWS=13.3kts TWA=44.3deg [signalk-truewind-calculator]
[2026-09-19T14:08:01.958Z] [FLOW] NavCalc→SK: set=296.2degT drift=2.47kts [signalk-current-calculator]
[2026-09-19T14:08:01.987Z] [FLOW] NavCalc→SK: set=299.9degT drift=2.34kts [signalk-current-calculator]
[2026-09-19T14:08:02.051Z] [FLOW] J30→SK: leeway=13.6deg [signalk-j30-leeway]
[2026-09-19T14:08:02.052Z] [FLOW] Compass→SK: headingTrue=30.3deg [signalk-heading-true-calculator]
[2026-09-19T14:08:02.229Z] [FLOW] NavCalc→SK: set=297.1degT drift=2.27kts [signalk-current-calculator]
[2026-09-19T14:08:02.237Z] [FLOW] NavCalc→SK: set=301.6degT drift=2.20kts [signalk-current-calculator]
[2026-09-19T14:08:02.259Z] [FLOW] Wind→SK: TWD=78.7deg TWS=11.4kts TWA=48.4deg [signalk-truewind-calculator]
[2026-09-19T14:08:02.453Z] [FLOW] Wind→SK: TWD=73.8deg TWS=11.1kts TWA=43.6deg [signalk-truewind-calculator]
[2026-09-19T14:08:02.478Z] [FLOW] NavCalc→SK: set=301.0degT drift=2.23kts [signalk-current-calculator]
[2026-09-19T14:08:02.487Z] [FLOW] NavCalc→SK: set=301.6degT drift=2.22kts [signalk-current-calculator]
[2026-09-19T14:08:02.648Z] [FLOW] Wind→SK: TWD=71.5deg TWS=11.0kts TWA=41.3deg [signalk-truewind-calculator]
[2026-09-19T14:08:02.728Z] [FLOW] NavCalc→SK: set=304.4degT drift=2.16kts [signalk-current-calculator]
[2026-09-19T14:08:02.739Z] [FLOW] NavCalc→SK: set=307.5degT drift=2.00kts [signalk-current-calculator]
[2026-09-19T14:08:02.781Z] [FLOW] J30→SK: leeway=13.8deg [signalk-j30-leeway]
[2026-09-19T14:08:02.782Z] [FLOW] Compass→SK: headingTrue=33.2deg [signalk-heading-true-calculator]
[2026-09-19T14:08:02.844Z] [FLOW] Wind→SK: TWD=75.8deg TWS=12.6kts TWA=42.5deg [signalk-truewind-calculator]
[2026-09-19T14:08:02.976Z] [FLOW] J30→SK: leeway=12.2deg [signalk-j30-leeway]
[2026-09-19T14:08:02.977Z] [FLOW] Compass→SK: headingTrue=35.9deg [signalk-heading-true-calculator]
[2026-09-19T14:08:02.987Z] [FLOW] NavCalc→SK: set=306.6degT drift=2.06kts [signalk-current-calculator]
[2026-09-19T14:08:03.028Z] [FLOW] NavCalc→SK: set=305.8degT drift=1.99kts [signalk-current-calculator]
[2026-09-19T14:08:03.220Z] [FLOW] J30→SK: leeway=11.2deg [signalk-j30-leeway]
[2026-09-19T14:08:03.221Z] [FLOW] Compass→SK: headingTrue=39.9deg [signalk-heading-true-calculator]
[2026-09-19T14:08:03.233Z] [FLOW] Wind→SK: TWD=84.2deg TWS=13.6kts TWA=44.3deg [signalk-truewind-calculator]
[2026-09-19T14:08:03.240Z] [FLOW] NavCalc→SK: set=306.9degT drift=2.09kts [signalk-current-calculator]
[2026-09-19T14:08:03.278Z] [FLOW] NavCalc→SK: set=305.7degT drift=2.08kts [signalk-current-calculator]
[2026-09-19T14:08:03.428Z] [FLOW] Wind→SK: TWD=83.5deg TWS=13.5kts TWA=43.6deg [signalk-truewind-calculator]
[2026-09-19T14:08:03.538Z] [FLOW] NavCalc→SK: set=305.6degT drift=2.09kts [signalk-current-calculator]
[2026-09-19T14:08:03.579Z] [FLOW] NavCalc→SK: set=304.3degT drift=2.00kts [signalk-current-calculator]
[2026-09-19T14:08:03.623Z] [FLOW] Wind→SK: TWD=84.5deg TWS=14.6kts TWA=44.6deg [signalk-truewind-calculator]
[2026-09-19T14:08:03.790Z] [FLOW] NavCalc→SK: set=302.7degT drift=1.99kts [signalk-current-calculator]
[2026-09-19T14:08:03.830Z] [FLOW] NavCalc→SK: set=305.3degT drift=1.88kts [signalk-current-calculator]
[2026-09-19T14:08:03.869Z] [FLOW] J30→SK: leeway=10.7deg [signalk-j30-leeway]
[2026-09-19T14:08:03.871Z] [FLOW] Compass→SK: headingTrue=37.8deg [signalk-heading-true-calculator]
[2026-09-19T14:08:04.013Z] [FLOW] Wind→SK: TWD=83.5deg TWS=13.4kts TWA=45.6deg [signalk-truewind-calculator]
[2026-09-19T14:08:04.038Z] [FLOW] NavCalc→SK: set=305.2degT drift=1.82kts [signalk-current-calculator]
[2026-09-19T14:08:04.128Z] [FLOW] NavCalc→SK: set=307.5degT drift=1.66kts [signalk-current-calculator]
[2026-09-19T14:08:04.208Z] [FLOW] Wind→SK: TWD=83.2deg TWS=13.2kts TWA=45.4deg [signalk-truewind-calculator]
[2026-09-19T14:08:04.288Z] [FLOW] NavCalc→SK: set=306.8degT drift=1.65kts [signalk-current-calculator]
[2026-09-19T14:08:04.378Z] [FLOW] NavCalc→SK: set=310.2degT drift=1.60kts [signalk-current-calculator]
[2026-09-19T14:08:04.403Z] [FLOW] Wind→SK: TWD=84.3deg TWS=11.5kts TWA=46.4deg [signalk-truewind-calculator]
[2026-09-19T14:08:04.471Z] [FLOW] J30→SK: leeway=12.2deg [signalk-j30-leeway]
[2026-09-19T14:08:04.472Z] [FLOW] Compass→SK: headingTrue=30.2deg [signalk-heading-true-calculator]
[2026-09-19T14:08:04.588Z] [FLOW] NavCalc→SK: set=300.3degT drift=1.39kts [signalk-current-calculator]
[2026-09-19T14:08:04.598Z] [FLOW] Wind→SK: TWD=70.4deg TWS=13.0kts TWA=40.2deg [signalk-truewind-calculator]
[2026-09-19T14:08:04.629Z] [FLOW] NavCalc→SK: set=298.3degT drift=1.20kts [signalk-current-calculator]
[2026-09-19T14:08:04.798Z] [FLOW] J30→SK: leeway=8.9deg [signalk-j30-leeway]
[2026-09-19T14:08:04.800Z] [FLOW] Compass→SK: headingTrue=31.7deg [signalk-heading-true-calculator]
[2026-09-19T14:08:04.839Z] [FLOW] NavCalc→SK: set=305.5degT drift=1.14kts [signalk-current-calculator]
[2026-09-19T14:08:04.880Z] [FLOW] NavCalc→SK: set=299.8degT drift=1.14kts [signalk-current-calculator]
[2026-09-19T14:08:04.992Z] [FLOW] Wind→SK: TWD=71.7deg TWS=12.8kts TWA=40.0deg [signalk-truewind-calculator]
[2026-09-19T14:08:04.994Z] [FLOW] J30→SK: leeway=7.9deg [signalk-j30-leeway]
[2026-09-19T14:08:04.995Z] [FLOW] Compass→SK: headingTrue=33.2deg [signalk-heading-true-calculator]
[2026-09-19T14:08:05.128Z] [FLOW] NavCalc→SK: set=290.9degT drift=1.08kts [signalk-current-calculator]
[2026-09-19T14:08:05.130Z] [FLOW] NavCalc→SK: set=294.4degT drift=1.12kts [signalk-current-calculator]
[2026-09-19T14:08:05.185Z] [FLOW] Wind→SK: TWD=77.8deg TWS=11.5kts TWA=44.6deg [signalk-truewind-calculator]
[2026-09-19T14:08:05.380Z] [FLOW] Wind→SK: TWD=71.6deg TWS=11.2kts TWA=38.4deg [signalk-truewind-calculator]
[2026-09-19T14:08:05.383Z] [FLOW] NavCalc→SK: set=296.7degT drift=1.19kts [signalk-current-calculator]
[2026-09-19T14:08:05.384Z] [FLOW] NavCalc→SK: set=303.1degT drift=0.98kts [signalk-current-calculator]
[2026-09-19T14:08:05.480Z] [FLOW] J30→SK: leeway=10.4deg [signalk-j30-leeway]
[2026-09-19T14:08:05.481Z] [FLOW] Compass→SK: headingTrue=28.6deg [signalk-heading-true-calculator]
[2026-09-19T14:08:05.630Z] [FLOW] NavCalc→SK: set=309.2degT drift=1.00kts [signalk-current-calculator]
[2026-09-19T14:08:05.675Z] [FLOW] J30→SK: leeway=11.1deg [signalk-j30-leeway]
[2026-09-19T14:08:05.676Z] [FLOW] Compass→SK: headingTrue=28.4deg [signalk-heading-true-calculator]
[2026-09-19T14:08:05.680Z] [FLOW] NavCalc→SK: set=312.8degT drift=1.06kts [signalk-current-calculator]
[2026-09-19T14:08:05.769Z] [FLOW] Wind→SK: TWD=67.2deg TWS=11.2kts TWA=38.8deg [signalk-truewind-calculator]
[2026-09-19T14:08:05.930Z] [FLOW] NavCalc→SK: set=309.5degT drift=1.23kts [signalk-current-calculator]
[2026-09-19T14:08:05.932Z] [FLOW] NavCalc→SK: set=310.3degT drift=1.35kts [signalk-current-calculator]
[2026-09-19T14:08:05.964Z] [FLOW] Wind→SK: TWD=66.2deg TWS=11.0kts TWA=37.9deg [signalk-truewind-calculator]
[2026-09-19T14:08:06.160Z] [FLOW] Wind→SK: TWD=72.1deg TWS=10.6kts TWA=43.7deg [signalk-truewind-calculator]
[2026-09-19T14:08:06.179Z] [FLOW] NavCalc→SK: set=305.1degT drift=1.35kts [signalk-current-calculator]
[2026-09-19T14:08:06.211Z] [FLOW] J30→SK: leeway=9.4deg [signalk-j30-leeway]
[2026-09-19T14:08:06.213Z] [FLOW] Compass→SK: headingTrue=34.6deg [signalk-heading-true-calculator]
[2026-09-19T14:08:06.215Z] [FLOW] NavCalc→SK: set=300.6degT drift=1.48kts [signalk-current-calculator]
[2026-09-19T14:08:06.358Z] [FLOW] Wind→SK: TWD=77.9deg TWS=11.1kts TWA=43.4deg [signalk-truewind-calculator]
[2026-09-19T14:08:06.429Z] [FLOW] NavCalc→SK: set=298.4degT drift=1.47kts [signalk-current-calculator]
[2026-09-19T14:08:06.470Z] [FLOW] NavCalc→SK: set=300.3degT drift=1.48kts [signalk-current-calculator]
[2026-09-19T14:08:06.710Z] [FLOW] J30→SK: leeway=8.7deg [signalk-j30-leeway]
[2026-09-19T14:08:06.711Z] [FLOW] Compass→SK: headingTrue=33.2deg [signalk-heading-true-calculator]
[2026-09-19T14:08:06.715Z] [FLOW] NavCalc→SK: set=295.2degT drift=1.57kts [signalk-current-calculator]
[2026-09-19T14:08:06.720Z] [FLOW] NavCalc→SK: set=300.0degT drift=1.69kts [signalk-current-calculator]
[2026-09-19T14:08:06.745Z] [FLOW] Wind→SK: TWD=83.5deg TWS=11.1kts TWA=50.3deg [signalk-truewind-calculator]
[2026-09-19T14:08:06.928Z] [FLOW] NavCalc→SK: set=294.7degT drift=1.85kts [signalk-current-calculator]
[2026-09-19T14:08:06.938Z] [FLOW] Wind→SK: TWD=81.6deg TWS=10.6kts TWA=48.4deg [signalk-truewind-calculator]
[2026-09-19T14:08:07.020Z] [FLOW] NavCalc→SK: set=295.2degT drift=1.93kts [signalk-current-calculator]
[2026-09-19T14:08:07.133Z] [FLOW] Wind→SK: TWD=89.4deg TWS=8.4kts TWA=56.2deg [signalk-truewind-calculator]
[2026-09-19T14:08:07.178Z] [FLOW] NavCalc→SK: set=292.2degT drift=2.01kts [signalk-current-calculator]
[2026-09-19T14:08:07.269Z] [FLOW] NavCalc→SK: set=290.4degT drift=2.21kts [signalk-current-calculator]
[2026-09-19T14:08:07.429Z] [FLOW] NavCalc→SK: set=287.1degT drift=2.36kts [signalk-current-calculator]
[2026-09-19T14:08:07.521Z] [FLOW] NavCalc→SK: set=284.6degT drift=2.53kts [signalk-current-calculator]
[2026-09-19T14:08:07.524Z] [FLOW] Wind→SK: TWD=100.0deg TWS=6.4kts TWA=66.7deg [signalk-truewind-calculator]
[2026-09-19T14:08:07.679Z] [FLOW] NavCalc→SK: set=288.0degT drift=2.57kts [signalk-current-calculator]
[2026-09-19T14:08:07.689Z] [FLOW] J30→SK: leeway=13.8deg [signalk-j30-leeway]
[2026-09-19T14:08:07.690Z] [FLOW] Compass→SK: headingTrue=22.2deg [signalk-heading-true-calculator]
[2026-09-19T14:08:07.718Z] [FLOW] Wind→SK: TWD=101.6deg TWS=5.5kts TWA=79.4deg [signalk-truewind-calculator]
[2026-09-19T14:08:07.768Z] [FLOW] NavCalc→SK: set=287.5degT drift=2.57kts [signalk-current-calculator]
[2026-09-19T14:08:07.913Z] [FLOW] Wind→SK: TWD=128.4deg TWS=2.5kts TWA=106.2deg [signalk-truewind-calculator]
[2026-09-19T14:08:07.978Z] [FLOW] NavCalc→SK: set=290.5degT drift=2.51kts [signalk-current-calculator]
[2026-09-19T14:08:08.021Z] [FLOW] NavCalc→SK: set=291.2degT drift=2.35kts [signalk-current-calculator]
[2026-09-19T14:08:08.108Z] [FLOW] Wind→SK: TWD=128.0deg TWS=2.5kts TWA=105.8deg [signalk-truewind-calculator]
[2026-09-19T14:08:08.228Z] [FLOW] NavCalc→SK: set=295.8degT drift=2.38kts [signalk-current-calculator]
[2026-09-19T14:08:08.269Z] [FLOW] NavCalc→SK: set=297.3degT drift=2.23kts [signalk-current-calculator]
[2026-09-19T14:08:08.481Z] [FLOW] NavCalc→SK: set=298.5degT drift=2.23kts [signalk-current-calculator]
[2026-09-19T14:08:08.498Z] [FLOW] Wind→SK: TWD=137.0deg TWS=3.3kts TWA=114.8deg [signalk-truewind-calculator]
[2026-09-19T14:08:08.501Z] [FLOW] J30→SK: leeway=15.0deg [signalk-j30-leeway]
[2026-09-19T14:08:08.502Z] [FLOW] Compass→SK: headingTrue=31.1deg [signalk-heading-true-calculator]
[2026-09-19T14:08:08.519Z] [FLOW] NavCalc→SK: set=301.4degT drift=2.34kts [signalk-current-calculator]
[2026-09-19T14:08:08.693Z] [FLOW] Wind→SK: TWD=137.7deg TWS=3.7kts TWA=106.6deg [signalk-truewind-calculator]
[2026-09-19T14:08:08.696Z] [FLOW] J30→SK: leeway=15.0deg [signalk-j30-leeway]
[2026-09-19T14:08:08.697Z] [FLOW] Compass→SK: headingTrue=34.7deg [signalk-heading-true-calculator]
[2026-09-19T14:08:08.757Z] [FLOW] NavCalc→SK: set=301.4degT drift=2.50kts [signalk-current-calculator]
[2026-09-19T14:08:08.769Z] [FLOW] NavCalc→SK: set=304.2degT drift=2.26kts [signalk-current-calculator]
[2026-09-19T14:08:08.888Z] [FLOW] Wind→SK: TWD=117.2deg TWS=4.7kts TWA=82.6deg [signalk-truewind-calculator]
[2026-09-19T14:08:08.978Z] [FLOW] NavCalc→SK: set=302.2degT drift=2.46kts [signalk-current-calculator]
[2026-09-19T14:08:09.021Z] [FLOW] J30→SK: leeway=13.9deg [signalk-j30-leeway]
[2026-09-19T14:08:09.022Z] [FLOW] Compass→SK: headingTrue=36.0deg [signalk-heading-true-calculator]
[2026-09-19T14:08:09.070Z] [FLOW] NavCalc→SK: set=300.2degT drift=2.76kts [signalk-current-calculator]
[2026-09-19T14:08:09.227Z] [FLOW] NavCalc→SK: set=300.5degT drift=2.85kts [signalk-current-calculator]
[2026-09-19T14:08:09.278Z] [FLOW] Wind→SK: TWD=104.7deg TWS=6.8kts TWA=68.7deg [signalk-truewind-calculator]
[2026-09-19T14:08:09.320Z] [FLOW] NavCalc→SK: set=300.3degT drift=3.05kts [signalk-current-calculator]
[2026-09-19T14:08:09.461Z] [FLOW] J30→SK: leeway=15.0deg [signalk-j30-leeway]
[2026-09-19T14:08:09.462Z] [FLOW] Compass→SK: headingTrue=26.6deg [signalk-heading-true-calculator]
[2026-09-19T14:08:09.475Z] [FLOW] Wind→SK: TWD=87.0deg TWS=6.7kts TWA=60.4deg [signalk-truewind-calculator]
[2026-09-19T14:08:09.478Z] [FLOW] NavCalc→SK: set=298.9degT drift=2.71kts [signalk-current-calculator]
[2026-09-19T14:08:09.619Z] [FLOW] NavCalc→SK: set=301.9degT drift=2.54kts [signalk-current-calculator]
[2026-09-19T14:08:09.622Z] [FLOW] J30→SK: leeway=15.0deg [signalk-j30-leeway]
[2026-09-19T14:08:09.624Z] [FLOW] Compass→SK: headingTrue=20.9deg [signalk-heading-true-calculator]
[2026-09-19T14:08:09.668Z] [FLOW] Wind→SK: TWD=69.3deg TWS=8.3kts TWA=48.4deg [signalk-truewind-calculator]
[2026-09-19T14:08:09.728Z] [FLOW] NavCalc→SK: set=302.1degT drift=2.33kts [signalk-current-calculator]
[2026-09-19T14:08:09.864Z] [FLOW] Wind→SK: TWD=65.2deg TWS=11.2kts TWA=44.3deg [signalk-truewind-calculator]
[2026-09-19T14:08:09.870Z] [FLOW] NavCalc→SK: set=298.4degT drift=2.29kts [signalk-current-calculator]
[2026-09-19T14:08:09.916Z] [FLOW] J30→SK: leeway=14.4deg [signalk-j30-leeway]
[2026-09-19T14:08:09.919Z] [FLOW] Compass→SK: headingTrue=19.9deg [signalk-heading-true-calculator]
[2026-09-19T14:08:09.980Z] [FLOW] NavCalc→SK: set=298.6degT drift=2.19kts [signalk-current-calculator]
[2026-09-19T14:08:10.171Z] [FLOW] NavCalc→SK: set=288.6degT drift=2.27kts [signalk-current-calculator]
[2026-09-19T14:08:10.229Z] [FLOW] NavCalc→SK: set=285.6degT drift=2.06kts [signalk-current-calculator]
[2026-09-19T14:08:10.255Z] [FLOW] Wind→SK: TWD=69.1deg TWS=11.5kts TWA=49.2deg [signalk-truewind-calculator]
[2026-09-19T14:08:10.419Z] [FLOW] NavCalc→SK: set=279.9degT drift=2.00kts [signalk-current-calculator]
[2026-09-19T14:08:10.448Z] [FLOW] Wind→SK: TWD=68.4deg TWS=11.8kts TWA=48.5deg [signalk-truewind-calculator]
[2026-09-19T14:08:10.483Z] [FLOW] NavCalc→SK: set=280.0degT drift=2.05kts [signalk-current-calculator]
[2026-09-19T14:08:10.643Z] [FLOW] Wind→SK: TWD=74.9deg TWS=13.3kts TWA=54.9deg [signalk-truewind-calculator]
[2026-09-19T14:08:10.719Z] [FLOW] NavCalc→SK: set=281.2degT drift=2.11kts [signalk-current-calculator]
[2026-09-19T14:08:10.728Z] [FLOW] NavCalc→SK: set=281.2degT drift=1.97kts [signalk-current-calculator]
[2026-09-19T14:08:10.838Z] [FLOW] Wind→SK: TWD=72.2deg TWS=12.5kts TWA=52.3deg [signalk-truewind-calculator]
[2026-09-19T14:08:10.969Z] [FLOW] NavCalc→SK: set=285.9degT drift=1.70kts [signalk-current-calculator]
[2026-09-19T14:08:11.028Z] [FLOW] NavCalc→SK: set=290.0degT drift=1.64kts [signalk-current-calculator]
[2026-09-19T14:08:11.229Z] [FLOW] Wind→SK: TWD=79.3deg TWS=10.2kts TWA=59.4deg [signalk-truewind-calculator]
[2026-09-19T14:08:11.232Z] [FLOW] NavCalc→SK: set=295.4degT drift=1.63kts [signalk-current-calculator]
[2026-09-19T14:08:11.279Z] [FLOW] NavCalc→SK: set=296.6degT drift=1.57kts [signalk-current-calculator]
[2026-09-19T14:08:11.281Z] [FLOW] J30→SK: leeway=14.4deg [signalk-j30-leeway]
[2026-09-19T14:08:11.282Z] [FLOW] Compass→SK: headingTrue=25.5deg [signalk-heading-true-calculator]
[2026-09-19T14:08:11.423Z] [FLOW] Wind→SK: TWD=82.7deg TWS=9.9kts TWA=57.2deg [signalk-truewind-calculator]
[2026-09-19T14:08:11.514Z] [FLOW] NavCalc→SK: set=298.4degT drift=1.54kts [signalk-current-calculator]
[2026-09-19T14:08:11.529Z] [FLOW] NavCalc→SK: set=297.8degT drift=1.65kts [signalk-current-calculator]
[2026-09-19T14:08:11.618Z] [FLOW] Wind→SK: TWD=79.7deg TWS=8.1kts TWA=54.3deg [signalk-truewind-calculator]
[2026-09-19T14:08:11.764Z] [FLOW] NavCalc→SK: set=295.0degT drift=1.62kts [signalk-current-calculator]
[2026-09-19T14:08:11.808Z] [FLOW] NavCalc→SK: set=292.4degT drift=1.79kts [signalk-current-calculator]
[2026-09-19T14:08:12.011Z] [FLOW] Wind→SK: TWD=93.0deg TWS=5.5kts TWA=67.5deg [signalk-truewind-calculator]
[2026-09-19T14:08:12.015Z] [FLOW] NavCalc→SK: set=290.5degT drift=1.90kts [signalk-current-calculator]
[2026-09-19T14:08:12.029Z] [FLOW] NavCalc→SK: set=290.1degT drift=2.18kts [signalk-current-calculator]
[2026-09-19T14:08:12.205Z] [FLOW] Wind→SK: TWD=101.1deg TWS=5.6kts TWA=75.6deg [signalk-truewind-calculator]
[2026-09-19T14:08:12.289Z] [FLOW] J30→SK: leeway=13.2deg [signalk-j30-leeway]
[2026-09-19T14:08:12.290Z] [FLOW] Compass→SK: headingTrue=29.1deg [signalk-heading-true-calculator]
[2026-09-19T14:08:12.315Z] [FLOW] NavCalc→SK: set=293.2degT drift=2.37kts [signalk-current-calculator]
[2026-09-19T14:08:12.328Z] [FLOW] NavCalc→SK: set=290.2degT drift=2.50kts [signalk-current-calculator]
[2026-09-19T14:08:12.400Z] [FLOW] Wind→SK: TWD=100.5deg TWS=4.4kts TWA=71.4deg [signalk-truewind-calculator]
[2026-09-19T14:08:12.565Z] [FLOW] NavCalc→SK: set=293.2degT drift=2.58kts [signalk-current-calculator]
[2026-09-19T14:08:12.580Z] [FLOW] NavCalc→SK: set=296.8degT drift=2.70kts [signalk-current-calculator]
[2026-09-19T14:08:12.602Z] [FLOW] Wind→SK: TWD=116.6deg TWS=4.6kts TWA=87.5deg [signalk-truewind-calculator]
[2026-09-19T14:08:12.726Z] [FLOW] J30→SK: leeway=15.0deg [signalk-j30-leeway]
[2026-09-19T14:08:12.728Z] [FLOW] Compass→SK: headingTrue=27.7deg [signalk-heading-true-calculator]
[2026-09-19T14:08:12.814Z] [FLOW] NavCalc→SK: set=297.1degT drift=2.88kts [signalk-current-calculator]
[2026-09-19T14:08:12.857Z] [FLOW] J30→SK: leeway=15.0deg [signalk-j30-leeway]
[2026-09-19T14:08:12.859Z] [FLOW] Compass→SK: headingTrue=29.2deg [signalk-heading-true-calculator]
[2026-09-19T14:08:12.861Z] [FLOW] NavCalc→SK: set=293.5degT drift=3.01kts [signalk-current-calculator]
[2026-09-19T14:08:12.983Z] [FLOW] Wind→SK: TWD=210.1deg TWS=7.5kts TWA=-179.1deg [signalk-truewind-calculator]
[2026-09-19T14:08:13.063Z] [FLOW] NavCalc→SK: set=294.3degT drift=2.82kts [signalk-current-calculator]
[2026-09-19T14:08:13.132Z] [FLOW] NavCalc→SK: set=296.5degT drift=2.89kts [signalk-current-calculator]
[2026-09-19T14:08:13.178Z] [FLOW] Wind→SK: TWD=196.4deg TWS=7.0kts TWA=167.2deg [signalk-truewind-calculator]
[2026-09-19T14:08:13.365Z] [FLOW] NavCalc→SK: set=293.1degT drift=3.08kts [signalk-current-calculator]
[2026-09-19T14:08:13.373Z] [FLOW] Wind→SK: TWD=201.1deg TWS=6.7kts TWA=171.9deg [signalk-truewind-calculator]
[2026-09-19T14:08:13.378Z] [FLOW] NavCalc→SK: set=291.2degT drift=3.09kts [signalk-current-calculator]
[2026-09-19T14:08:13.629Z] [FLOW] NavCalc→SK: set=292.1degT drift=3.02kts [signalk-current-calculator]
[2026-09-19T14:08:13.663Z] [FLOW] NavCalc→SK: set=293.4degT drift=2.81kts [signalk-current-calculator]
[2026-09-19T14:08:13.763Z] [FLOW] Wind→SK: TWD=190.3deg TWS=7.1kts TWA=161.1deg [signalk-truewind-calculator]
[2026-09-19T14:08:13.878Z] [FLOW] NavCalc→SK: set=299.8degT drift=2.95kts [signalk-current-calculator]
[2026-09-19T14:08:13.914Z] [FLOW] NavCalc→SK: set=296.6degT drift=3.18kts [signalk-current-calculator]
[2026-09-19T14:08:13.958Z] [FLOW] Wind→SK: TWD=134.2deg TWS=4.4kts TWA=105.0deg [signalk-truewind-calculator]
[2026-09-19T14:08:14.127Z] [FLOW] NavCalc→SK: set=302.0degT drift=3.23kts [signalk-current-calculator]
[2026-09-19T14:08:14.153Z] [FLOW] Wind→SK: TWD=134.7deg TWS=5.8kts TWA=105.5deg [signalk-truewind-calculator]
[2026-09-19T14:08:14.167Z] [FLOW] NavCalc→SK: set=299.2degT drift=3.34kts [signalk-current-calculator]
[2026-09-19T14:08:14.173Z] [FLOW] J30→SK: leeway=15.0deg [signalk-j30-leeway]
[2026-09-19T14:08:14.173Z] [FLOW] Compass→SK: headingTrue=33.4deg [signalk-heading-true-calculator]
[2026-09-19T14:08:14.348Z] [FLOW] Wind→SK: TWD=94.5deg TWS=8.5kts TWA=61.2deg [signalk-truewind-calculator]
[2026-09-19T14:08:14.379Z] [FLOW] NavCalc→SK: set=303.1degT drift=3.43kts [signalk-current-calculator]
[2026-09-19T14:08:14.415Z] [FLOW] NavCalc→SK: set=300.8degT drift=3.48kts [signalk-current-calculator]
[2026-09-19T14:08:14.679Z] [FLOW] NavCalc→SK: set=303.0degT drift=3.45kts [signalk-current-calculator]
[2026-09-19T14:08:14.714Z] [FLOW] NavCalc→SK: set=300.0degT drift=3.39kts [signalk-current-calculator]
[2026-09-19T14:08:14.739Z] [FLOW] Wind→SK: TWD=78.8deg TWS=17.0kts TWA=45.4deg [signalk-truewind-calculator]
[2026-09-19T14:08:14.933Z] [FLOW] Wind→SK: TWD=77.5deg TWS=17.1kts TWA=44.2deg [signalk-truewind-calculator]
[2026-09-19T14:08:14.960Z] [FLOW] NavCalc→SK: set=303.5degT drift=3.34kts [signalk-current-calculator]
[2026-09-19T14:08:14.964Z] [FLOW] NavCalc→SK: set=300.7degT drift=3.26kts [signalk-current-calculator]
[2026-09-19T14:08:15.128Z] [FLOW] Wind→SK: TWD=77.1deg TWS=17.1kts TWA=43.8deg [signalk-truewind-calculator]
[2026-09-19T14:08:15.211Z] [FLOW] NavCalc→SK: set=299.2degT drift=3.13kts [signalk-current-calculator]
[2026-09-19T14:08:15.242Z] [FLOW] NavCalc→SK: set=298.0degT drift=2.65kts [signalk-current-calculator]
[2026-09-19T14:08:15.311Z] [FLOW] J30→SK: leeway=15.0deg [signalk-j30-leeway]
[2026-09-19T14:08:15.312Z] [FLOW] Compass→SK: headingTrue=43.2deg [signalk-heading-true-calculator]
[2026-09-19T14:08:15.460Z] [FLOW] NavCalc→SK: set=297.5degT drift=2.72kts [signalk-current-calculator]
[2026-09-19T14:08:15.465Z] [FLOW] NavCalc→SK: set=298.2degT drift=2.34kts [signalk-current-calculator]
[2026-09-19T14:08:15.505Z] [FLOW] J30→SK: leeway=15.0deg [signalk-j30-leeway]
[2026-09-19T14:08:15.507Z] [FLOW] Compass→SK: headingTrue=44.5deg [signalk-heading-true-calculator]
[2026-09-19T14:08:15.518Z] [FLOW] Wind→SK: TWD=87.6deg TWS=16.9kts TWA=43.1deg [signalk-truewind-calculator]
[2026-09-19T14:08:15.713Z] [FLOW] Wind→SK: TWD=87.5deg TWS=17.1kts TWA=43.0deg [signalk-truewind-calculator]
[2026-09-19T14:08:15.760Z] [FLOW] NavCalc→SK: set=298.5degT drift=2.42kts [signalk-current-calculator]
[2026-09-19T14:08:15.763Z] [FLOW] NavCalc→SK: set=300.2degT drift=2.27kts [signalk-current-calculator]
[2026-09-19T14:08:15.909Z] [FLOW] Wind→SK: TWD=85.6deg TWS=18.8kts TWA=41.1deg [signalk-truewind-calculator]
[2026-09-19T14:08:15.944Z] [FLOW] J30→SK: leeway=15.0deg [signalk-j30-leeway]
[2026-09-19T14:08:15.945Z] [FLOW] Compass→SK: headingTrue=34.9deg [signalk-heading-true-calculator]
[2026-09-19T14:08:16.011Z] [FLOW] NavCalc→SK: set=304.8degT drift=2.06kts [signalk-current-calculator]
[2026-09-19T14:08:16.013Z] [FLOW] NavCalc→SK: set=308.7degT drift=1.88kts [signalk-current-calculator]
[2026-09-19T14:08:16.074Z] [FLOW] J30→SK: leeway=15.0deg [signalk-j30-leeway]
[2026-09-19T14:08:16.075Z] [FLOW] Compass→SK: headingTrue=31.5deg [signalk-heading-true-calculator]
[2026-09-19T14:08:16.103Z] [FLOW] Wind→SK: TWD=72.7deg TWS=17.5kts TWA=41.2deg [signalk-truewind-calculator]
[2026-09-19T14:08:16.260Z] [FLOW] NavCalc→SK: set=312.1degT drift=1.55kts [signalk-current-calculator]
[2026-09-19T14:08:16.289Z] [FLOW] NavCalc→SK: set=317.6degT drift=1.18kts [signalk-current-calculator]
[2026-09-19T14:08:16.493Z] [FLOW] Wind→SK: TWD=69.4deg TWS=17.4kts TWA=37.9deg [signalk-truewind-calculator]
[2026-09-19T14:08:16.560Z] [FLOW] NavCalc→SK: set=314.4degT drift=0.99kts [signalk-current-calculator]
[2026-09-19T14:08:16.590Z] [FLOW] NavCalc→SK: set=301.7degT drift=0.87kts [signalk-current-calculator]
[2026-09-19T14:08:16.688Z] [FLOW] Wind→SK: TWD=69.6deg TWS=17.9kts TWA=38.2deg [signalk-truewind-calculator]
[2026-09-19T14:08:16.812Z] [FLOW] NavCalc→SK: set=287.7degT drift=0.72kts [signalk-current-calculator]
[2026-09-19T14:08:16.884Z] [FLOW] Wind→SK: TWD=71.4deg TWS=17.7kts TWA=40.0deg [signalk-truewind-calculator]
[2026-09-19T14:08:16.889Z] [FLOW] NavCalc→SK: set=270.1degT drift=0.87kts [signalk-current-calculator]
[2026-09-19T14:08:17.059Z] [FLOW] NavCalc→SK: set=267.9degT drift=0.77kts [signalk-current-calculator]
[2026-09-19T14:08:17.139Z] [FLOW] NavCalc→SK: set=257.6degT drift=0.59kts [signalk-current-calculator]
[2026-09-19T14:08:17.162Z] [FLOW] J30→SK: leeway=6.6deg [signalk-j30-leeway]
[2026-09-19T14:08:17.163Z] [FLOW] Compass→SK: headingTrue=48.7deg [signalk-heading-true-calculator]
[2026-09-19T14:08:17.273Z] [FLOW] Wind→SK: TWD=98.3deg TWS=17.6kts TWA=49.6deg [signalk-truewind-calculator]
[2026-09-19T14:08:17.361Z] [FLOW] NavCalc→SK: set=269.7degT drift=0.56kts [signalk-current-calculator]
[2026-09-19T14:08:17.390Z] [FLOW] NavCalc→SK: set=268.9degT drift=0.40kts [signalk-current-calculator]
[2026-09-19T14:08:17.468Z] [FLOW] Wind→SK: TWD=98.8deg TWS=17.8kts TWA=50.1deg [signalk-truewind-calculator]
[2026-09-19T14:08:17.521Z] [FLOW] J30→SK: leeway=6.6deg [signalk-j30-leeway]
[2026-09-19T14:08:17.522Z] [FLOW] Compass→SK: headingTrue=48.5deg [signalk-heading-true-calculator]
[2026-09-19T14:08:17.611Z] [FLOW] NavCalc→SK: set=306.1degT drift=0.42kts [signalk-current-calculator]
[2026-09-19T14:08:17.639Z] [FLOW] NavCalc→SK: set=330.7degT drift=0.45kts [signalk-current-calculator]
[2026-09-19T14:08:17.667Z] [FLOW] Wind→SK: TWD=100.6deg TWS=16.0kts TWA=52.0deg [signalk-truewind-calculator]
[2026-09-19T14:08:17.860Z] [FLOW] Wind→SK: TWD=92.7deg TWS=15.4kts TWA=44.2deg [signalk-truewind-calculator]
[2026-09-19T14:08:17.886Z] [FLOW] NavCalc→SK: set=331.4degT drift=0.58kts [signalk-current-calculator]
[2026-09-19T14:08:17.940Z] [FLOW] NavCalc→SK: set=349.7degT drift=0.69kts [signalk-current-calculator]
[2026-09-19T14:08:17.960Z] [FLOW] J30→SK: leeway=10.6deg [signalk-j30-leeway]
[2026-09-19T14:08:17.961Z] [FLOW] Compass→SK: headingTrue=42.4deg [signalk-heading-true-calculator]
[2026-09-19T14:08:18.111Z] [FLOW] NavCalc→SK: set=356.2degT drift=0.78kts [signalk-current-calculator]
[2026-09-19T14:08:18.194Z] [FLOW] NavCalc→SK: set=357.7degT drift=0.84kts [signalk-current-calculator]
[2026-09-19T14:08:18.250Z] [FLOW] Wind→SK: TWD=84.0deg TWS=13.3kts TWA=41.6deg [signalk-truewind-calculator]
[2026-09-19T14:08:18.285Z] [FLOW] J30→SK: leeway=9.4deg [signalk-j30-leeway]
[2026-09-19T14:08:18.286Z] [FLOW] Compass→SK: headingTrue=38.6deg [signalk-heading-true-calculator]
[2026-09-19T14:08:18.411Z] [FLOW] NavCalc→SK: set=356.4degT drift=0.71kts [signalk-current-calculator]
[2026-09-19T14:08:18.445Z] [FLOW] Wind→SK: TWD=78.8deg TWS=13.4kts TWA=40.2deg [signalk-truewind-calculator]
[2026-09-19T14:08:18.491Z] [FLOW] NavCalc→SK: set=355.8degT drift=0.82kts [signalk-current-calculator]
[2026-09-19T14:08:18.529Z] [FLOW] J30→SK: leeway=8.2deg [signalk-j30-leeway]
[2026-09-19T14:08:18.531Z] [FLOW] Compass→SK: headingTrue=38.8deg [signalk-heading-true-calculator]
[2026-09-19T14:08:18.640Z] [FLOW] Wind→SK: TWD=80.2deg TWS=13.0kts TWA=41.4deg [signalk-truewind-calculator]
[2026-09-19T14:08:18.711Z] [FLOW] NavCalc→SK: set=341.2degT drift=0.67kts [signalk-current-calculator]
[2026-09-19T14:08:18.742Z] [FLOW] NavCalc→SK: set=333.7degT drift=0.61kts [signalk-current-calculator]
[2026-09-19T14:08:18.887Z] [FLOW] J30→SK: leeway=6.4deg [signalk-j30-leeway]
[2026-09-19T14:08:18.889Z] [FLOW] Compass→SK: headingTrue=39.6deg [signalk-heading-true-calculator]
[2026-09-19T14:08:18.962Z] [FLOW] NavCalc→SK: set=323.9degT drift=0.58kts [signalk-current-calculator]
[2026-09-19T14:08:18.990Z] [FLOW] NavCalc→SK: set=308.1degT drift=0.75kts [signalk-current-calculator]
[2026-09-19T14:08:19.028Z] [FLOW] Wind→SK: TWD=79.1deg TWS=13.5kts TWA=39.6deg [signalk-truewind-calculator]
[2026-09-19T14:08:19.096Z] [FLOW] J30→SK: leeway=6.5deg [signalk-j30-leeway]
[2026-09-19T14:08:19.097Z] [FLOW] Compass→SK: headingTrue=40.3deg [signalk-heading-true-calculator]
[2026-09-19T14:08:19.210Z] [FLOW] NavCalc→SK: set=306.5degT drift=0.77kts [signalk-current-calculator]
[2026-09-19T14:08:19.223Z] [FLOW] Wind→SK: TWD=78.1deg TWS=13.4kts TWA=37.9deg [signalk-truewind-calculator]
[2026-09-19T14:08:19.269Z] [FLOW] NavCalc→SK: set=309.8degT drift=0.83kts [signalk-current-calculator]
[2026-09-19T14:08:19.418Z] [FLOW] Wind→SK: TWD=82.2deg TWS=11.8kts TWA=42.0deg [signalk-truewind-calculator]
[2026-09-19T14:08:19.461Z] [FLOW] NavCalc→SK: set=306.6degT drift=0.82kts [signalk-current-calculator]
[2026-09-19T14:08:19.490Z] [FLOW] NavCalc→SK: set=311.3degT drift=0.76kts [signalk-current-calculator]
[2026-09-19T14:08:19.613Z] [FLOW] Wind→SK: TWD=78.7deg TWS=12.5kts TWA=38.4deg [signalk-truewind-calculator]
[2026-09-19T14:08:19.710Z] [FLOW] NavCalc→SK: set=329.8degT drift=0.81kts [signalk-current-calculator]
[2026-09-19T14:08:19.739Z] [FLOW] NavCalc→SK: set=343.9degT drift=0.94kts [signalk-current-calculator]
[2026-09-19T14:08:19.977Z] [FLOW] NavCalc→SK: set=348.1degT drift=1.00kts [signalk-current-calculator]
[2026-09-19T14:08:19.990Z] [FLOW] NavCalc→SK: set=344.9degT drift=1.01kts [signalk-current-calculator]
[2026-09-19T14:08:20.005Z] [FLOW] Wind→SK: TWD=78.8deg TWS=12.8kts TWA=38.5deg [signalk-truewind-calculator]
[2026-09-19T14:08:20.185Z] [FLOW] J30→SK: leeway=15.0deg [signalk-j30-leeway]
[2026-09-19T14:08:20.186Z] [FLOW] Compass→SK: headingTrue=40.2deg [signalk-heading-true-calculator]
[2026-09-19T14:08:20.199Z] [FLOW] Wind→SK: TWD=79.3deg TWS=12.1kts TWA=39.1deg [signalk-truewind-calculator]
[2026-09-19T14:08:20.225Z] [FLOW] NavCalc→SK: set=335.5degT drift=1.06kts [signalk-current-calculator]
[2026-09-19T14:08:20.318Z] [FLOW] NavCalc→SK: set=334.7degT drift=1.07kts [signalk-current-calculator]
[2026-09-19T14:08:20.393Z] [FLOW] Wind→SK: TWD=78.4deg TWS=12.6kts TWA=38.2deg [signalk-truewind-calculator]
[2026-09-19T14:08:20.476Z] [FLOW] NavCalc→SK: set=323.0degT drift=1.11kts [signalk-current-calculator]
[2026-09-19T14:08:20.511Z] [FLOW] J30→SK: leeway=15.0deg [signalk-j30-leeway]
[2026-09-19T14:08:20.512Z] [FLOW] Compass→SK: headingTrue=41.7deg [signalk-heading-true-calculator]
[2026-09-19T14:08:20.542Z] [FLOW] NavCalc→SK: set=318.1degT drift=1.21kts [signalk-current-calculator]
[2026-09-19T14:08:20.589Z] [FLOW] Wind→SK: TWD=72.8deg TWS=12.8kts TWA=31.1deg [signalk-truewind-calculator]
[2026-09-19T14:08:20.725Z] [FLOW] NavCalc→SK: set=312.5degT drift=1.28kts [signalk-current-calculator]
[2026-09-19T14:08:20.840Z] [FLOW] NavCalc→SK: set=312.8degT drift=1.34kts [signalk-current-calculator]
[2026-09-19T14:08:20.981Z] [FLOW] Wind→SK: TWD=71.3deg TWS=13.2kts TWA=29.6deg [signalk-truewind-calculator]
[2026-09-19T14:08:21.056Z] [FLOW] NavCalc→SK: set=312.0degT drift=1.46kts [signalk-current-calculator]
[2026-09-19T14:08:21.139Z] [FLOW] NavCalc→SK: set=307.7degT drift=1.49kts [signalk-current-calculator]
[2026-09-19T14:08:21.173Z] [FLOW] Wind→SK: TWD=69.3deg TWS=13.4kts TWA=27.6deg [signalk-truewind-calculator]
[2026-09-19T14:08:21.193Z] [FLOW] J30→SK: leeway=15.0deg [signalk-j30-leeway]
[2026-09-19T14:08:21.194Z] [FLOW] Compass→SK: headingTrue=36.5deg [signalk-heading-true-calculator]
[2026-09-19T14:08:21.276Z] [FLOW] NavCalc→SK: set=307.5degT drift=1.42kts [signalk-current-calculator]
[2026-09-19T14:08:21.368Z] [FLOW] Wind→SK: TWD=62.7deg TWS=14.3kts TWA=26.2deg [signalk-truewind-calculator]
[2026-09-19T14:08:21.419Z] [FLOW] NavCalc→SK: set=323.1degT drift=1.37kts [signalk-current-calculator]
[2026-09-19T14:08:21.576Z] [FLOW] NavCalc→SK: set=320.3degT drift=1.51kts [signalk-current-calculator]
[2026-09-19T14:08:21.668Z] [FLOW] NavCalc→SK: set=320.3degT drift=1.81kts [signalk-current-calculator]
[2026-09-19T14:08:21.759Z] [FLOW] Wind→SK: TWD=66.2deg TWS=15.0kts TWA=29.8deg [signalk-truewind-calculator]
[2026-09-19T14:08:21.825Z] [FLOW] NavCalc→SK: set=321.7degT drift=1.84kts [signalk-current-calculator]
[2026-09-19T14:08:21.918Z] [FLOW] NavCalc→SK: set=313.2degT drift=1.77kts [signalk-current-calculator]
[2026-09-19T14:08:21.953Z] [FLOW] Wind→SK: TWD=67.1deg TWS=15.8kts TWA=30.7deg [signalk-truewind-calculator]
[2026-09-19T14:08:22.127Z] [FLOW] NavCalc→SK: set=309.5degT drift=1.62kts [signalk-current-calculator]
[2026-09-19T14:08:22.148Z] [FLOW] Wind→SK: TWD=69.8deg TWS=15.8kts TWA=33.3deg [signalk-truewind-calculator]
[2026-09-19T14:08:22.169Z] [FLOW] NavCalc→SK: set=303.7degT drift=1.54kts [signalk-current-calculator]
[2026-09-19T14:08:22.201Z] [FLOW] J30→SK: leeway=15.0deg [signalk-j30-leeway]
[2026-09-19T14:08:22.202Z] [FLOW] Compass→SK: headingTrue=33.7deg [signalk-heading-true-calculator]
[2026-09-19T14:08:22.345Z] [FLOW] Wind→SK: TWD=69.5deg TWS=15.4kts TWA=35.8deg [signalk-truewind-calculator]
[2026-09-19T14:08:22.375Z] [FLOW] NavCalc→SK: set=295.4degT drift=1.44kts [signalk-current-calculator]
[2026-09-19T14:08:22.419Z] [FLOW] NavCalc→SK: set=294.1degT drift=1.42kts [signalk-current-calculator]
[2026-09-19T14:08:22.626Z] [FLOW] NavCalc→SK: set=290.9degT drift=1.45kts [signalk-current-calculator]
[2026-09-19T14:08:22.722Z] [FLOW] NavCalc→SK: set=291.0degT drift=1.54kts [signalk-current-calculator]
[2026-09-19T14:08:22.734Z] [FLOW] Wind→SK: TWD=79.0deg TWS=14.1kts TWA=45.4deg [signalk-truewind-calculator]
[2026-09-19T14:08:22.874Z] [FLOW] NavCalc→SK: set=286.2degT drift=1.60kts [signalk-current-calculator]
[2026-09-19T14:08:22.915Z] [FLOW] J30→SK: leeway=10.9deg [signalk-j30-leeway]
[2026-09-19T14:08:22.916Z] [FLOW] Compass→SK: headingTrue=37.2deg [signalk-heading-true-calculator]
[2026-09-19T14:08:22.929Z] [FLOW] Wind→SK: TWD=84.6deg TWS=12.5kts TWA=47.4deg [signalk-truewind-calculator]
[2026-09-19T14:08:22.969Z] [FLOW] NavCalc→SK: set=281.7degT drift=1.51kts [signalk-current-calculator]
[2026-09-19T14:08:22.997Z] [FLOW] J30→SK: leeway=11.1deg [signalk-j30-leeway]
[2026-09-19T14:08:22.998Z] [FLOW] Compass→SK: headingTrue=36.4deg [signalk-heading-true-calculator]
[2026-09-19T14:08:23.127Z] [FLOW] Wind→SK: TWD=85.3deg TWS=13.1kts TWA=48.8deg [signalk-truewind-calculator]
[2026-09-19T14:08:23.181Z] [FLOW] NavCalc→SK: set=280.2degT drift=1.63kts [signalk-current-calculator]
[2026-09-19T14:08:23.207Z] [FLOW] J30→SK: leeway=13.3deg [signalk-j30-leeway]
[2026-09-19T14:08:23.209Z] [FLOW] Compass→SK: headingTrue=33.4deg [signalk-heading-true-calculator]
[2026-09-19T14:08:23.218Z] [FLOW] NavCalc→SK: set=285.9degT drift=1.57kts [signalk-current-calculator]
[2026-09-19T14:08:23.469Z] [FLOW] NavCalc→SK: set=294.3degT drift=1.77kts [signalk-current-calculator]
[2026-09-19T14:08:23.475Z] [FLOW] NavCalc→SK: set=291.0degT drift=1.90kts [signalk-current-calculator]
[2026-09-19T14:08:23.513Z] [FLOW] Wind→SK: TWD=81.0deg TWS=13.0kts TWA=47.6deg [signalk-truewind-calculator]
[2026-09-19T14:08:23.517Z] [FLOW] J30→SK: leeway=15.0deg [signalk-j30-leeway]
[2026-09-19T14:08:23.518Z] [FLOW] Compass→SK: headingTrue=22.9deg [signalk-heading-true-calculator]
[2026-09-19T14:08:23.709Z] [FLOW] Wind→SK: TWD=69.8deg TWS=12.1kts TWA=46.8deg [signalk-truewind-calculator]
[2026-09-19T14:08:23.720Z] [FLOW] NavCalc→SK: set=298.1degT drift=1.83kts [signalk-current-calculator]
[2026-09-19T14:08:23.726Z] [FLOW] NavCalc→SK: set=297.0degT drift=1.82kts [signalk-current-calculator]
[2026-09-19T14:08:23.729Z] [FLOW] J30→SK: leeway=15.0deg [signalk-j30-leeway]
[2026-09-19T14:08:23.730Z] [FLOW] Compass→SK: headingTrue=18.7deg [signalk-heading-true-calculator]
[2026-09-19T14:08:23.903Z] [FLOW] Wind→SK: TWD=71.7deg TWS=6.6kts TWA=53.0deg [signalk-truewind-calculator]
[2026-09-19T14:08:23.968Z] [FLOW] NavCalc→SK: set=298.7degT drift=1.70kts [signalk-current-calculator]
[2026-09-19T14:08:23.973Z] [FLOW] J30→SK: leeway=15.0deg [signalk-j30-leeway]
[2026-09-19T14:08:23.975Z] [FLOW] Compass→SK: headingTrue=19.5deg [signalk-heading-true-calculator]
[2026-09-19T14:08:23.978Z] [FLOW] NavCalc→SK: set=304.1degT drift=1.73kts [signalk-current-calculator]
[2026-09-19T14:08:24.099Z] [FLOW] Wind→SK: TWD=102.0deg TWS=3.7kts TWA=82.5deg [signalk-truewind-calculator]
[2026-09-19T14:08:24.217Z] [FLOW] J30→SK: leeway=15.0deg [signalk-j30-leeway]
[2026-09-19T14:08:24.219Z] [FLOW] Compass→SK: headingTrue=25.4deg [signalk-heading-true-calculator]
[2026-09-19T14:08:24.222Z] [FLOW] NavCalc→SK: set=303.8degT drift=1.91kts [signalk-current-calculator]
[2026-09-19T14:08:24.275Z] [FLOW] NavCalc→SK: set=305.1degT drift=1.94kts [signalk-current-calculator]
[2026-09-19T14:08:24.470Z] [FLOW] NavCalc→SK: set=301.9degT drift=2.02kts [signalk-current-calculator]
[2026-09-19T14:08:24.492Z] [FLOW] Wind→SK: TWD=99.1deg TWS=3.9kts TWA=73.7deg [signalk-truewind-calculator]
[2026-09-19T14:08:24.528Z] [FLOW] NavCalc→SK: set=298.6degT drift=2.04kts [signalk-current-calculator]
[2026-09-19T14:08:24.686Z] [FLOW] Wind→SK: TWD=102.0deg TWS=4.5kts TWA=76.6deg [signalk-truewind-calculator]
[2026-09-19T14:08:24.719Z] [FLOW] NavCalc→SK: set=296.3degT drift=2.12kts [signalk-current-calculator]
[2026-09-19T14:08:24.777Z] [FLOW] NavCalc→SK: set=296.9degT drift=2.14kts [signalk-current-calculator]
[2026-09-19T14:08:24.880Z] [FLOW] Wind→SK: TWD=106.5deg TWS=5.0kts TWA=81.1deg [signalk-truewind-calculator]
[2026-09-19T14:08:24.969Z] [FLOW] NavCalc→SK: set=294.0degT drift=2.12kts [signalk-current-calculator]
[2026-09-19T14:08:25.078Z] [FLOW] NavCalc→SK: set=294.9degT drift=2.16kts [signalk-current-calculator]
[2026-09-19T14:08:25.220Z] [FLOW] NavCalc→SK: set=296.1degT drift=2.29kts [signalk-current-calculator]
[2026-09-19T14:08:25.228Z] [FLOW] J30→SK: leeway=15.0deg [signalk-j30-leeway]
[2026-09-19T14:08:25.229Z] [FLOW] Compass→SK: headingTrue=29.5deg [signalk-heading-true-calculator]
[2026-09-19T14:08:25.269Z] [FLOW] Wind→SK: TWD=97.5deg TWS=7.9kts TWA=68.0deg [signalk-truewind-calculator]
[2026-09-19T14:08:25.376Z] [FLOW] NavCalc→SK: set=297.2degT drift=2.33kts [signalk-current-calculator]
[2026-09-19T14:08:25.464Z] [FLOW] Wind→SK: TWD=96.2deg TWS=8.1kts TWA=66.8deg [signalk-truewind-calculator]
[2026-09-19T14:08:25.520Z] [FLOW] NavCalc→SK: set=301.3degT drift=2.48kts [signalk-current-calculator]
[2026-09-19T14:08:25.625Z] [FLOW] NavCalc→SK: set=305.0degT drift=2.58kts [signalk-current-calculator]
[2026-09-19T14:08:25.660Z] [FLOW] Wind→SK: TWD=99.6deg TWS=8.7kts TWA=70.2deg [signalk-truewind-calculator]
[2026-09-19T14:08:25.769Z] [FLOW] NavCalc→SK: set=301.7degT drift=2.71kts [signalk-current-calculator]
[2026-09-19T14:08:25.855Z] [FLOW] Wind→SK: TWD=104.4deg TWS=6.0kts TWA=74.9deg [signalk-truewind-calculator]
[2026-09-19T14:08:25.878Z] [FLOW] NavCalc→SK: set=298.1degT drift=2.68kts [signalk-current-calculator]
[2026-09-19T14:08:26.069Z] [FLOW] NavCalc→SK: set=298.0degT drift=2.46kts [signalk-current-calculator]
[2026-09-19T14:08:26.149Z] [FLOW] J30→SK: leeway=15.0deg [signalk-j30-leeway]
[2026-09-19T14:08:26.150Z] [FLOW] Compass→SK: headingTrue=28.5deg [signalk-heading-true-calculator]
[2026-09-19T14:08:26.176Z] [FLOW] NavCalc→SK: set=293.3degT drift=2.61kts [signalk-current-calculator]
[2026-09-19T14:08:26.230Z] [FLOW] J30→SK: leeway=15.0deg [signalk-j30-leeway]
[2026-09-19T14:08:26.231Z] [FLOW] Compass→SK: headingTrue=29.9deg [signalk-heading-true-calculator]
[2026-09-19T14:08:26.246Z] [FLOW] Wind→SK: TWD=104.0deg TWS=5.9kts TWA=74.1deg [signalk-truewind-calculator]
[2026-09-19T14:08:26.350Z] [FLOW] NavCalc→SK: set=287.4degT drift=2.72kts [signalk-current-calculator]
[2026-09-19T14:08:26.426Z] [FLOW] NavCalc→SK: set=288.0degT drift=2.90kts [signalk-current-calculator]
[2026-09-19T14:08:26.440Z] [FLOW] Wind→SK: TWD=112.4deg TWS=6.3kts TWA=82.5deg [signalk-truewind-calculator]
[2026-09-19T14:08:26.596Z] [FLOW] NavCalc→SK: set=286.0degT drift=2.93kts [signalk-current-calculator]
[2026-09-19T14:08:26.633Z] [FLOW] Wind→SK: TWD=89.0deg TWS=10.7kts TWA=59.1deg [signalk-truewind-calculator]
[2026-09-19T14:08:26.725Z] [FLOW] NavCalc→SK: set=284.7degT drift=2.95kts [signalk-current-calculator]
[2026-09-19T14:08:26.785Z] [FLOW] J30→SK: leeway=15.0deg [signalk-j30-leeway]
[2026-09-19T14:08:26.791Z] [FLOW] Compass→SK: headingTrue=27.8deg [signalk-heading-true-calculator]
[2026-09-19T14:08:26.847Z] [FLOW] NavCalc→SK: set=285.4degT drift=2.87kts [signalk-current-calculator]
[2026-09-19T14:08:26.975Z] [FLOW] NavCalc→SK: set=284.8degT drift=2.82kts [signalk-current-calculator]
[2026-09-19T14:08:27.024Z] [FLOW] Wind→SK: TWD=86.8deg TWS=10.3kts TWA=58.9deg [signalk-truewind-calculator]
[2026-09-19T14:08:27.096Z] [FLOW] NavCalc→SK: set=287.6degT drift=2.76kts [signalk-current-calculator]
[2026-09-19T14:08:27.218Z] [FLOW] Wind→SK: TWD=89.4deg TWS=10.2kts TWA=61.6deg [signalk-truewind-calculator]
[2026-09-19T14:08:27.276Z] [FLOW] NavCalc→SK: set=290.0degT drift=2.67kts [signalk-current-calculator]
[2026-09-19T14:08:27.348Z] [FLOW] NavCalc→SK: set=291.2degT drift=2.78kts [signalk-current-calculator]
[2026-09-19T14:08:27.413Z] [FLOW] Wind→SK: TWD=93.5deg TWS=8.4kts TWA=65.7deg [signalk-truewind-calculator]
[2026-09-19T14:08:27.525Z] [FLOW] NavCalc→SK: set=294.9degT drift=2.66kts [signalk-current-calculator]
[2026-09-19T14:08:27.596Z] [FLOW] NavCalc→SK: set=295.2degT drift=2.77kts [signalk-current-calculator]
[2026-09-19T14:08:27.608Z] [FLOW] Wind→SK: TWD=93.6deg TWS=7.8kts TWA=65.8deg [signalk-truewind-calculator]
[2026-09-19T14:08:27.774Z] [FLOW] NavCalc→SK: set=295.2degT drift=2.78kts [signalk-current-calculator]
[2026-09-19T14:08:27.896Z] [FLOW] NavCalc→SK: set=294.7degT drift=2.53kts [signalk-current-calculator]
[2026-09-19T14:08:27.999Z] [FLOW] Wind→SK: TWD=90.1deg TWS=7.5kts TWA=62.3deg [signalk-truewind-calculator]
[2026-09-19T14:08:28.002Z] [FLOW] J30→SK: leeway=15.0deg [signalk-j30-leeway]
[2026-09-19T14:08:28.003Z] [FLOW] Compass→SK: headingTrue=31.1deg [signalk-heading-true-calculator]
[2026-09-19T14:08:28.076Z] [FLOW] NavCalc→SK: set=294.8degT drift=2.67kts [signalk-current-calculator]
[2026-09-19T14:08:28.156Z] [FLOW] NavCalc→SK: set=290.8degT drift=2.85kts [signalk-current-calculator]
[2026-09-19T14:08:28.197Z] [FLOW] Wind→SK: TWD=91.6deg TWS=8.2kts TWA=60.5deg [signalk-truewind-calculator]
[2026-09-19T14:08:28.327Z] [FLOW] NavCalc→SK: set=292.7degT drift=2.96kts [signalk-current-calculator]
[2026-09-19T14:08:28.388Z] [FLOW] Wind→SK: TWD=100.1deg TWS=8.9kts TWA=69.0deg [signalk-truewind-calculator]
[2026-09-19T14:08:28.397Z] [FLOW] NavCalc→SK: set=292.7degT drift=3.04kts [signalk-current-calculator]
[2026-09-19T14:08:28.441Z] [FLOW] J30→SK: leeway=15.0deg [signalk-j30-leeway]
[2026-09-19T14:08:28.442Z] [FLOW] Compass→SK: headingTrue=36.0deg [signalk-heading-true-calculator]
[2026-09-19T14:08:28.576Z] [FLOW] NavCalc→SK: set=293.0degT drift=3.10kts [signalk-current-calculator]
[2026-09-19T14:08:28.696Z] [FLOW] NavCalc→SK: set=295.4degT drift=3.07kts [signalk-current-calculator]
[2026-09-19T14:08:28.778Z] [FLOW] Wind→SK: TWD=97.0deg TWS=11.9kts TWA=61.0deg [signalk-truewind-calculator]
[2026-09-19T14:08:28.825Z] [FLOW] NavCalc→SK: set=296.3degT drift=3.09kts [signalk-current-calculator]
[2026-09-19T14:08:28.974Z] [FLOW] Wind→SK: TWD=96.3deg TWS=11.5kts TWA=60.4deg [signalk-truewind-calculator]
[2026-09-19T14:08:28.995Z] [FLOW] NavCalc→SK: set=298.7degT drift=3.00kts [signalk-current-calculator]
[2026-09-19T14:08:29.077Z] [FLOW] NavCalc→SK: set=297.1degT drift=2.97kts [signalk-current-calculator]
[2026-09-19T14:08:29.168Z] [FLOW] Wind→SK: TWD=94.9deg TWS=11.7kts TWA=58.9deg [signalk-truewind-calculator]
[2026-09-19T14:08:29.246Z] [FLOW] NavCalc→SK: set=300.5degT drift=2.95kts [signalk-current-calculator]
[2026-09-19T14:08:29.364Z] [FLOW] Wind→SK: TWD=113.2deg TWS=6.0kts TWA=77.2deg [signalk-truewind-calculator]
[2026-09-19T14:08:29.369Z] [FLOW] J30→SK: leeway=15.0deg [signalk-j30-leeway]
[2026-09-19T14:08:29.371Z] [FLOW] Compass→SK: headingTrue=23.3deg [signalk-heading-true-calculator]
[2026-09-19T14:08:29.383Z] [FLOW] NavCalc→SK: set=302.8degT drift=2.78kts [signalk-current-calculator]
[2026-09-19T14:08:29.447Z] [FLOW] J30→SK: leeway=15.0deg [signalk-j30-leeway]
[2026-09-19T14:08:29.448Z] [FLOW] Compass→SK: headingTrue=23.4deg [signalk-heading-true-calculator]
[2026-09-19T14:08:29.495Z] [FLOW] NavCalc→SK: set=296.4degT drift=2.82kts [signalk-current-calculator]
[2026-09-19T14:08:29.624Z] [FLOW] NavCalc→SK: set=295.5degT drift=2.63kts [signalk-current-calculator]
[2026-09-19T14:08:29.753Z] [FLOW] Wind→SK: TWD=97.6deg TWS=4.7kts TWA=74.2deg [signalk-truewind-calculator]
[2026-09-19T14:08:29.795Z] [FLOW] NavCalc→SK: set=290.1degT drift=2.37kts [signalk-current-calculator]
[2026-09-19T14:08:29.876Z] [FLOW] NavCalc→SK: set=288.6degT drift=2.20kts [signalk-current-calculator]
[2026-09-19T14:08:29.948Z] [FLOW] Wind→SK: TWD=95.5deg TWS=5.2kts TWA=72.1deg [signalk-truewind-calculator]
[2026-09-19T14:08:30.017Z] [FLOW] J30→SK: leeway=15.0deg [signalk-j30-leeway]
[2026-09-19T14:08:30.018Z] [FLOW] Compass→SK: headingTrue=30.2deg [signalk-heading-true-calculator]
[2026-09-19T14:08:30.095Z] [FLOW] NavCalc→SK: set=289.3degT drift=2.37kts [signalk-current-calculator]
[2026-09-19T14:08:30.143Z] [FLOW] Wind→SK: TWD=100.1deg TWS=6.8kts TWA=69.9deg [signalk-truewind-calculator]
[2026-09-19T14:08:30.174Z] [FLOW] NavCalc→SK: set=291.4degT drift=2.38kts [signalk-current-calculator]
[2026-09-19T14:08:30.211Z] [FLOW] J30→SK: leeway=14.9deg [signalk-j30-leeway]
[2026-09-19T14:08:30.213Z] [FLOW] Compass→SK: headingTrue=31.9deg [signalk-heading-true-calculator]
[2026-09-19T14:08:30.338Z] [FLOW] Wind→SK: TWD=102.0deg TWS=7.2kts TWA=70.1deg [signalk-truewind-calculator]
[2026-09-19T14:08:30.349Z] [FLOW] NavCalc→SK: set=292.9degT drift=2.28kts [signalk-current-calculator]
[2026-09-19T14:08:30.475Z] [FLOW] NavCalc→SK: set=292.2degT drift=2.31kts [signalk-current-calculator]
[2026-09-19T14:08:30.596Z] [FLOW] NavCalc→SK: set=296.1degT drift=2.36kts [signalk-current-calculator]
[2026-09-19T14:08:30.724Z] [FLOW] NavCalc→SK: set=294.5degT drift=2.34kts [signalk-current-calculator]
[2026-09-19T14:08:30.729Z] [FLOW] Wind→SK: TWD=101.8deg TWS=7.4kts TWA=69.9deg [signalk-truewind-calculator]
[2026-09-19T14:08:30.846Z] [FLOW] NavCalc→SK: set=294.1degT drift=2.27kts [signalk-current-calculator]
[2026-09-19T14:08:30.894Z] [FLOW] J30→SK: leeway=14.0deg [signalk-j30-leeway]
[2026-09-19T14:08:30.895Z] [FLOW] Compass→SK: headingTrue=30.3deg [signalk-heading-true-calculator]
[2026-09-19T14:08:30.923Z] [FLOW] Wind→SK: TWD=102.9deg TWS=7.5kts TWA=72.6deg [signalk-truewind-calculator]
[2026-09-19T14:08:30.975Z] [FLOW] NavCalc→SK: set=296.1degT drift=2.22kts [signalk-current-calculator]
[2026-09-19T14:08:31.096Z] [FLOW] NavCalc→SK: set=295.6degT drift=2.10kts [signalk-current-calculator]
[2026-09-19T14:08:31.120Z] [FLOW] Wind→SK: TWD=102.7deg TWS=7.6kts TWA=72.4deg [signalk-truewind-calculator]
[2026-09-19T14:08:31.226Z] [FLOW] NavCalc→SK: set=295.3degT drift=2.18kts [signalk-current-calculator]
[2026-09-19T14:08:31.359Z] [FLOW] NavCalc→SK: set=293.0degT drift=2.20kts [signalk-current-calculator]
[2026-09-19T14:08:31.464Z] [FLOW] J30→SK: leeway=12.4deg [signalk-j30-leeway]
[2026-09-19T14:08:31.466Z] [FLOW] Compass→SK: headingTrue=35.8deg [signalk-heading-true-calculator]
[2026-09-19T14:08:31.509Z] [FLOW] Wind→SK: TWD=98.1deg TWS=10.1kts TWA=62.3deg [signalk-truewind-calculator]
[2026-09-19T14:08:31.526Z] [FLOW] NavCalc→SK: set=293.9degT drift=2.30kts [signalk-current-calculator]
[2026-09-19T14:08:31.659Z] [FLOW] NavCalc→SK: set=294.3degT drift=2.55kts [signalk-current-calculator]
[2026-09-19T14:08:31.705Z] [FLOW] Wind→SK: TWD=99.6deg TWS=12.0kts TWA=63.8deg [signalk-truewind-calculator]
[2026-09-19T14:08:31.775Z] [FLOW] NavCalc→SK: set=291.2degT drift=2.55kts [signalk-current-calculator]
[2026-09-19T14:08:31.788Z] [FLOW] J30→SK: leeway=12.2deg [signalk-j30-leeway]
[2026-09-19T14:08:31.790Z] [FLOW] Compass→SK: headingTrue=31.6deg [signalk-heading-true-calculator]
[2026-09-19T14:08:31.900Z] [FLOW] Wind→SK: TWD=85.7deg TWS=13.8kts TWA=54.1deg [signalk-truewind-calculator]
[2026-09-19T14:08:31.906Z] [FLOW] NavCalc→SK: set=292.4degT drift=2.38kts [signalk-current-calculator]
[2026-09-19T14:08:32.026Z] [FLOW] NavCalc→SK: set=291.3degT drift=2.16kts [signalk-current-calculator]
[2026-09-19T14:08:32.095Z] [FLOW] Wind→SK: TWD=81.4deg TWS=13.3kts TWA=49.9deg [signalk-truewind-calculator]
[2026-09-19T14:08:32.155Z] [FLOW] NavCalc→SK: set=296.0degT drift=2.00kts [signalk-current-calculator]
[2026-09-19T14:08:32.275Z] [FLOW] NavCalc→SK: set=295.1degT drift=1.91kts [signalk-current-calculator]
[2026-09-19T14:08:32.457Z] [FLOW] NavCalc→SK: set=293.3degT drift=1.34kts [signalk-current-calculator]
[2026-09-19T14:08:32.471Z] [FLOW] J30→SK: leeway=15.0deg [signalk-j30-leeway]
[2026-09-19T14:08:32.473Z] [FLOW] Compass→SK: headingTrue=25.9deg [signalk-heading-true-calculator]
[2026-09-19T14:08:32.488Z] [FLOW] Wind→SK: TWD=73.0deg TWS=13.0kts TWA=47.1deg [signalk-truewind-calculator]
[2026-09-19T14:08:32.526Z] [FLOW] NavCalc→SK: set=292.7degT drift=1.41kts [signalk-current-calculator]
[2026-09-19T14:08:32.680Z] [FLOW] Wind→SK: TWD=88.3deg TWS=4.6kts TWA=62.4deg [signalk-truewind-calculator]
[2026-09-19T14:08:32.706Z] [FLOW] NavCalc→SK: set=299.0degT drift=1.30kts [signalk-current-calculator]
[2026-09-19T14:08:32.777Z] [FLOW] NavCalc→SK: set=301.4degT drift=1.48kts [signalk-current-calculator]
[2026-09-19T14:08:32.875Z] [FLOW] Wind→SK: TWD=97.1deg TWS=5.4kts TWA=71.2deg [signalk-truewind-calculator]
[2026-09-19T14:08:32.956Z] [FLOW] NavCalc→SK: set=299.2degT drift=1.70kts [signalk-current-calculator]
[2026-09-19T14:08:33.024Z] [FLOW] J30→SK: leeway=12.9deg [signalk-j30-leeway]
[2026-09-19T14:08:33.026Z] [FLOW] Compass→SK: headingTrue=35.0deg [signalk-heading-true-calculator]
[2026-09-19T14:08:33.030Z] [FLOW] NavCalc→SK: set=298.7degT drift=1.97kts [signalk-current-calculator]
[2026-09-19T14:08:33.205Z] [FLOW] NavCalc→SK: set=299.3degT drift=2.16kts [signalk-current-calculator]
[2026-09-19T14:08:33.265Z] [FLOW] Wind→SK: TWD=105.3deg TWS=6.1kts TWA=70.4deg [signalk-truewind-calculator]
[2026-09-19T14:08:33.325Z] [FLOW] NavCalc→SK: set=299.9degT drift=2.35kts [signalk-current-calculator]
[2026-09-19T14:08:33.462Z] [FLOW] Wind→SK: TWD=95.7deg TWS=7.8kts TWA=60.7deg [signalk-truewind-calculator]
[2026-09-19T14:08:33.507Z] [FLOW] NavCalc→SK: set=302.5degT drift=2.36kts [signalk-current-calculator]
[2026-09-19T14:08:33.575Z] [FLOW] NavCalc→SK: set=300.3degT drift=2.44kts [signalk-current-calculator]
[2026-09-19T14:08:33.656Z] [FLOW] Wind→SK: TWD=92.7deg TWS=10.8kts TWA=57.8deg [signalk-truewind-calculator]
[2026-09-19T14:08:33.673Z] [FLOW] J30→SK: leeway=13.8deg [signalk-j30-leeway]
[2026-09-19T14:08:33.675Z] [FLOW] Compass→SK: headingTrue=36.7deg [signalk-heading-true-calculator]
[2026-09-19T14:08:33.805Z] [FLOW] NavCalc→SK: set=301.0degT drift=2.57kts [signalk-current-calculator]
[2026-09-19T14:08:33.826Z] [FLOW] NavCalc→SK: set=297.2degT drift=2.71kts [signalk-current-calculator]
[2026-09-19T14:08:33.851Z] [FLOW] Wind→SK: TWD=91.3deg TWS=12.2kts TWA=54.6deg [signalk-truewind-calculator]
[2026-09-19T14:08:34.077Z] [FLOW] NavCalc→SK: set=295.9degT drift=2.71kts [signalk-current-calculator]
[2026-09-19T14:08:34.106Z] [FLOW] NavCalc→SK: set=296.2degT drift=2.86kts [signalk-current-calculator]
[2026-09-19T14:08:34.240Z] [FLOW] Wind→SK: TWD=88.6deg TWS=17.2kts TWA=52.0deg [signalk-truewind-calculator]
[2026-09-19T14:08:34.276Z] [FLOW] J30→SK: leeway=14.4deg [signalk-j30-leeway]
[2026-09-19T14:08:34.277Z] [FLOW] Compass→SK: headingTrue=25.8deg [signalk-heading-true-calculator]
[2026-09-19T14:08:34.359Z] [FLOW] NavCalc→SK: set=295.3degT drift=2.73kts [signalk-current-calculator]
[2026-09-19T14:08:34.376Z] [FLOW] NavCalc→SK: set=295.2degT drift=2.50kts [signalk-current-calculator]
[2026-09-19T14:08:34.405Z] [FLOW] J30→SK: leeway=15.0deg [signalk-j30-leeway]
[2026-09-19T14:08:34.407Z] [FLOW] Compass→SK: headingTrue=23.9deg [signalk-heading-true-calculator]
[2026-09-19T14:08:34.438Z] [FLOW] Wind→SK: TWD=68.2deg TWS=15.9kts TWA=44.3deg [signalk-truewind-calculator]
[2026-09-19T14:08:34.605Z] [FLOW] NavCalc→SK: set=295.8degT drift=2.48kts [signalk-current-calculator]
[2026-09-19T14:08:34.626Z] [FLOW] NavCalc→SK: set=295.5degT drift=2.36kts [signalk-current-calculator]
[2026-09-19T14:08:34.631Z] [FLOW] Wind→SK: TWD=68.3deg TWS=16.2kts TWA=44.3deg [signalk-truewind-calculator]
[2026-09-19T14:08:34.857Z] [FLOW] NavCalc→SK: set=296.0degT drift=2.42kts [signalk-current-calculator]
[2026-09-19T14:08:34.875Z] [FLOW] NavCalc→SK: set=295.9degT drift=2.32kts [signalk-current-calculator]
[2026-09-19T14:08:35.020Z] [FLOW] Wind→SK: TWD=68.6deg TWS=14.7kts TWA=44.7deg [signalk-truewind-calculator]
[2026-09-19T14:08:35.039Z] [FLOW] J30→SK: leeway=15.0deg [signalk-j30-leeway]
[2026-09-19T14:08:35.041Z] [FLOW] Compass→SK: headingTrue=32.7deg [signalk-heading-true-calculator]
[2026-09-19T14:08:35.105Z] [FLOW] NavCalc→SK: set=290.8degT drift=2.43kts [signalk-current-calculator]
[2026-09-19T14:08:35.137Z] [FLOW] NavCalc→SK: set=295.7degT drift=2.40kts [signalk-current-calculator]
[2026-09-19T14:08:35.217Z] [FLOW] Wind→SK: TWD=84.0deg TWS=14.3kts TWA=51.3deg [signalk-truewind-calculator]
[2026-09-19T14:08:35.357Z] [FLOW] NavCalc→SK: set=294.7degT drift=2.61kts [signalk-current-calculator]
[2026-09-19T14:08:35.388Z] [FLOW] NavCalc→SK: set=296.4degT drift=2.59kts [signalk-current-calculator]
[2026-09-19T14:08:35.413Z] [FLOW] Wind→SK: TWD=88.9deg TWS=11.9kts TWA=56.2deg [signalk-truewind-calculator]
[2026-09-19T14:08:35.605Z] [FLOW] Wind→SK: TWD=88.9deg TWS=11.9kts TWA=56.2deg [signalk-truewind-calculator]
[2026-09-19T14:08:35.638Z] [FLOW] NavCalc→SK: set=298.6degT drift=2.61kts [signalk-current-calculator]
[2026-09-19T14:08:35.659Z] [FLOW] NavCalc→SK: set=300.3degT drift=2.41kts [signalk-current-calculator]
[2026-09-19T14:08:35.850Z] [FLOW] J30→SK: leeway=15.0deg [signalk-j30-leeway]
[2026-09-19T14:08:35.851Z] [FLOW] Compass→SK: headingTrue=34.4deg [signalk-heading-true-calculator]
[2026-09-19T14:08:35.906Z] [FLOW] NavCalc→SK: set=304.3degT drift=2.48kts [signalk-current-calculator]
[2026-09-19T14:08:35.937Z] [FLOW] NavCalc→SK: set=302.7degT drift=2.43kts [signalk-current-calculator]
[2026-09-19T14:08:35.993Z] [FLOW] Wind→SK: TWD=92.8deg TWS=12.0kts TWA=58.4deg [signalk-truewind-calculator]
[2026-09-19T14:08:36.013Z] [FLOW] J30→SK: leeway=15.0deg [signalk-j30-leeway]
[2026-09-19T14:08:36.014Z] [FLOW] Compass→SK: headingTrue=31.6deg [signalk-heading-true-calculator]
[2026-09-19T14:08:36.094Z] [FLOW] J30→SK: leeway=15.0deg [signalk-j30-leeway]
[2026-09-19T14:08:36.095Z] [FLOW] Compass→SK: headingTrue=31.0deg [signalk-heading-true-calculator]
[2026-09-19T14:08:36.155Z] [FLOW] NavCalc→SK: set=304.4degT drift=2.36kts [signalk-current-calculator]
[2026-09-19T14:08:36.188Z] [FLOW] Wind→SK: TWD=90.7deg TWS=12.4kts TWA=59.7deg [signalk-truewind-calculator]
[2026-09-19T14:08:36.191Z] [FLOW] NavCalc→SK: set=301.7degT drift=2.33kts [signalk-current-calculator]
[2026-09-19T14:08:36.383Z] [FLOW] Wind→SK: TWD=79.4deg TWS=15.3kts TWA=48.4deg [signalk-truewind-calculator]
[2026-09-19T14:08:36.437Z] [FLOW] NavCalc→SK: set=300.7degT drift=2.30kts [signalk-current-calculator]
[2026-09-19T14:08:36.449Z] [FLOW] NavCalc→SK: set=299.8degT drift=2.30kts [signalk-current-calculator]
[2026-09-19T14:08:36.687Z] [FLOW] NavCalc→SK: set=298.0degT drift=2.32kts [signalk-current-calculator]
[2026-09-19T14:08:36.701Z] [FLOW] NavCalc→SK: set=296.4degT drift=2.26kts [signalk-current-calculator]
[2026-09-19T14:08:36.774Z] [FLOW] Wind→SK: TWD=79.4deg TWS=15.3kts TWA=48.4deg [signalk-truewind-calculator]
[2026-09-19T14:08:36.858Z] [FLOW] J30→SK: leeway=12.3deg [signalk-j30-leeway]
[2026-09-19T14:08:36.859Z] [FLOW] Compass→SK: headingTrue=34.0deg [signalk-heading-true-calculator]
[2026-09-19T14:08:36.949Z] [FLOW] NavCalc→SK: set=295.8degT drift=2.28kts [signalk-current-calculator]
[2026-09-19T14:08:36.968Z] [FLOW] Wind→SK: TWD=88.3deg TWS=15.6kts TWA=54.4deg [signalk-truewind-calculator]
[2026-09-19T14:08:36.987Z] [FLOW] NavCalc→SK: set=294.9degT drift=2.22kts [signalk-current-calculator]
[2026-09-19T14:08:37.163Z] [FLOW] Wind→SK: TWD=82.9deg TWS=14.4kts TWA=48.9deg [signalk-truewind-calculator]
[2026-09-19T14:08:37.199Z] [FLOW] NavCalc→SK: set=296.2degT drift=2.13kts [signalk-current-calculator]
[2026-09-19T14:08:37.266Z] [FLOW] NavCalc→SK: set=296.5degT drift=2.04kts [signalk-current-calculator]
[2026-09-19T14:08:37.359Z] [FLOW] Wind→SK: TWD=78.5deg TWS=14.3kts TWA=44.6deg [signalk-truewind-calculator]
[2026-09-19T14:08:37.448Z] [FLOW] NavCalc→SK: set=296.5degT drift=2.04kts [signalk-current-calculator]
[2026-09-19T14:08:37.488Z] [FLOW] NavCalc→SK: set=294.9degT drift=1.96kts [signalk-current-calculator]
[2026-09-19T14:08:37.737Z] [FLOW] NavCalc→SK: set=292.7degT drift=1.91kts [signalk-current-calculator]
[2026-09-19T14:08:37.749Z] [FLOW] Wind→SK: TWD=79.0deg TWS=12.2kts TWA=45.0deg [signalk-truewind-calculator]
[2026-09-19T14:08:37.751Z] [FLOW] NavCalc→SK: set=293.1degT drift=1.88kts [signalk-current-calculator]
[2026-09-19T14:08:37.866Z] [FLOW] J30→SK: leeway=12.3deg [signalk-j30-leeway]
[2026-09-19T14:08:37.867Z] [FLOW] Compass→SK: headingTrue=37.8deg [signalk-heading-true-calculator]
[2026-09-19T14:08:37.943Z] [FLOW] Wind→SK: TWD=83.9deg TWS=12.1kts TWA=46.0deg [signalk-truewind-calculator]
[2026-09-19T14:08:37.987Z] [FLOW] NavCalc→SK: set=295.1degT drift=1.91kts [signalk-current-calculator]
[2026-09-19T14:08:37.999Z] [FLOW] NavCalc→SK: set=292.0degT drift=1.98kts [signalk-current-calculator]
[2026-09-19T14:08:38.138Z] [FLOW] Wind→SK: TWD=83.5deg TWS=11.8kts TWA=45.6deg [signalk-truewind-calculator]
[2026-09-19T14:08:38.248Z] [FLOW] NavCalc→SK: set=295.4degT drift=1.98kts [signalk-current-calculator]
[2026-09-19T14:08:38.287Z] [FLOW] NavCalc→SK: set=296.2degT drift=1.97kts [signalk-current-calculator]
[2026-09-19T14:08:38.528Z] [FLOW] Wind→SK: TWD=83.1deg TWS=11.2kts TWA=45.3deg [signalk-truewind-calculator]
[2026-09-19T14:08:38.537Z] [FLOW] NavCalc→SK: set=300.7degT drift=1.77kts [signalk-current-calculator]
[2026-09-19T14:08:38.552Z] [FLOW] NavCalc→SK: set=305.9degT drift=1.68kts [signalk-current-calculator]
[2026-09-19T14:08:38.630Z] [FLOW] J30→SK: leeway=13.3deg [signalk-j30-leeway]
[2026-09-19T14:08:38.632Z] [FLOW] Compass→SK: headingTrue=33.0deg [signalk-heading-true-calculator]
[2026-09-19T14:08:38.723Z] [FLOW] Wind→SK: TWD=79.4deg TWS=10.7kts TWA=46.4deg [signalk-truewind-calculator]
[2026-09-19T14:08:38.786Z] [FLOW] NavCalc→SK: set=311.8degT drift=1.58kts [signalk-current-calculator]
[2026-09-19T14:08:38.798Z] [FLOW] NavCalc→SK: set=313.1degT drift=1.50kts [signalk-current-calculator]
[2026-09-19T14:08:38.918Z] [FLOW] Wind→SK: TWD=79.6deg TWS=10.8kts TWA=46.6deg [signalk-truewind-calculator]
[2026-09-19T14:08:39.088Z] [FLOW] NavCalc→SK: set=314.9degT drift=1.44kts [signalk-current-calculator]
[2026-09-19T14:08:39.100Z] [FLOW] NavCalc→SK: set=310.9degT drift=1.54kts [signalk-current-calculator]
[2026-09-19T14:08:39.113Z] [FLOW] Wind→SK: TWD=80.8deg TWS=11.6kts TWA=47.7deg [signalk-truewind-calculator]
[2026-09-19T14:08:39.279Z] [FLOW] J30→SK: leeway=12.6deg [signalk-j30-leeway]
[2026-09-19T14:08:39.280Z] [FLOW] Compass→SK: headingTrue=34.6deg [signalk-heading-true-calculator]
[2026-09-19T14:08:39.337Z] [FLOW] NavCalc→SK: set=312.3degT drift=1.67kts [signalk-current-calculator]
[2026-09-19T14:08:39.348Z] [FLOW] NavCalc→SK: set=307.0degT drift=1.71kts [signalk-current-calculator]
[2026-09-19T14:08:39.442Z] [FLOW] J30→SK: leeway=11.4deg [signalk-j30-leeway]
[2026-09-19T14:08:39.443Z] [FLOW] Compass→SK: headingTrue=35.8deg [signalk-heading-true-calculator]
[2026-09-19T14:08:39.504Z] [FLOW] Wind→SK: TWD=92.4deg TWS=12.2kts TWA=56.5deg [signalk-truewind-calculator]
[2026-09-19T14:08:39.508Z] [FLOW] J30→SK: leeway=11.2deg [signalk-j30-leeway]
[2026-09-19T14:08:39.510Z] [FLOW] Compass→SK: headingTrue=36.2deg [signalk-heading-true-calculator]
[2026-09-19T14:08:39.588Z] [FLOW] NavCalc→SK: set=302.2degT drift=1.73kts [signalk-current-calculator]
[2026-09-19T14:08:39.627Z] [FLOW] NavCalc→SK: set=302.4degT drift=1.84kts [signalk-current-calculator]
[2026-09-19T14:08:39.698Z] [FLOW] Wind→SK: TWD=99.3deg TWS=9.8kts TWA=63.1deg [signalk-truewind-calculator]
[2026-09-19T14:08:39.849Z] [FLOW] NavCalc→SK: set=303.7degT drift=1.89kts [signalk-current-calculator]
[2026-09-19T14:08:39.871Z] [FLOW] NavCalc→SK: set=306.6degT drift=1.87kts [signalk-current-calculator]
[2026-09-19T14:08:39.897Z] [FLOW] Wind→SK: TWD=100.9deg TWS=9.7kts TWA=64.7deg [signalk-truewind-calculator]
[2026-09-19T14:08:40.075Z] [FLOW] J30→SK: leeway=10.4deg [signalk-j30-leeway]
[2026-09-19T14:08:40.076Z] [FLOW] Compass→SK: headingTrue=33.0deg [signalk-heading-true-calculator]
[2026-09-19T14:08:40.090Z] [FLOW] Wind→SK: TWD=100.7deg TWS=9.7kts TWA=67.7deg [signalk-truewind-calculator]
[2026-09-19T14:08:40.149Z] [FLOW] NavCalc→SK: set=307.1degT drift=1.82kts [signalk-current-calculator]
[2026-09-19T14:08:40.171Z] [FLOW] NavCalc→SK: set=304.4degT drift=1.78kts [signalk-current-calculator]
[2026-09-19T14:08:40.399Z] [FLOW] NavCalc→SK: set=300.0degT drift=1.79kts [signalk-current-calculator]
[2026-09-19T14:08:40.421Z] [FLOW] NavCalc→SK: set=294.9degT drift=1.79kts [signalk-current-calculator]
[2026-09-19T14:08:40.479Z] [FLOW] Wind→SK: TWD=98.8deg TWS=8.5kts TWA=65.8deg [signalk-truewind-calculator]
[2026-09-19T14:08:40.672Z] [FLOW] NavCalc→SK: set=292.4degT drift=1.67kts [signalk-current-calculator]
[2026-09-19T14:08:40.675Z] [FLOW] Wind→SK: TWD=96.1deg TWS=8.8kts TWA=63.0deg [signalk-truewind-calculator]
[2026-09-19T14:08:40.679Z] [FLOW] NavCalc→SK: set=291.5degT drift=1.77kts [signalk-current-calculator]
[2026-09-19T14:08:40.725Z] [FLOW] J30→SK: leeway=10.8deg [signalk-j30-leeway]
[2026-09-19T14:08:40.726Z] [FLOW] Compass→SK: headingTrue=32.3deg [signalk-heading-true-calculator]
[2026-09-19T14:08:40.840Z] [FLOW] J30→SK: leeway=10.7deg [signalk-j30-leeway]
[2026-09-19T14:08:40.842Z] [FLOW] Compass→SK: headingTrue=32.3deg [signalk-heading-true-calculator]
[2026-09-19T14:08:40.870Z] [FLOW] Wind→SK: TWD=95.6deg TWS=8.6kts TWA=63.4deg [signalk-truewind-calculator]
[2026-09-19T14:08:40.899Z] [FLOW] NavCalc→SK: set=290.0degT drift=1.79kts [signalk-current-calculator]
[2026-09-19T14:08:40.923Z] [FLOW] NavCalc→SK: set=288.9degT drift=1.83kts [signalk-current-calculator]
[2026-09-19T14:08:41.173Z] [FLOW] NavCalc→SK: set=290.0degT drift=1.85kts [signalk-current-calculator]
[2026-09-19T14:08:41.214Z] [FLOW] NavCalc→SK: set=292.6degT drift=1.82kts [signalk-current-calculator]
[2026-09-19T14:08:41.259Z] [FLOW] Wind→SK: TWD=95.6deg TWS=9.3kts TWA=63.3deg [signalk-truewind-calculator]
[2026-09-19T14:08:41.295Z] [FLOW] J30→SK: leeway=11.4deg [signalk-j30-leeway]
[2026-09-19T14:08:41.296Z] [FLOW] Compass→SK: headingTrue=28.7deg [signalk-heading-true-calculator]
[2026-09-19T14:08:41.454Z] [FLOW] Wind→SK: TWD=88.6deg TWS=10.3kts TWA=59.9deg [signalk-truewind-calculator]
[2026-09-19T14:08:41.471Z] [FLOW] NavCalc→SK: set=293.2degT drift=1.76kts [signalk-current-calculator]
[2026-09-19T14:08:41.495Z] [FLOW] NavCalc→SK: set=293.6degT drift=1.74kts [signalk-current-calculator]
[2026-09-19T14:08:41.650Z] [FLOW] Wind→SK: TWD=86.4deg TWS=10.3kts TWA=57.7deg [signalk-truewind-calculator]
[2026-09-19T14:08:41.722Z] [FLOW] NavCalc→SK: set=295.0degT drift=1.71kts [signalk-current-calculator]
[2026-09-19T14:08:41.744Z] [FLOW] NavCalc→SK: set=294.9degT drift=1.69kts [signalk-current-calculator]
[2026-09-19T14:08:41.843Z] [FLOW] Wind→SK: TWD=84.2deg TWS=10.2kts TWA=55.5deg [signalk-truewind-calculator]
[2026-09-19T14:08:41.971Z] [FLOW] NavCalc→SK: set=294.9degT drift=1.69kts [signalk-current-calculator]
[2026-09-19T14:08:41.995Z] [FLOW] NavCalc→SK: set=295.8degT drift=1.69kts [signalk-current-calculator]
[2026-09-19T14:08:42.234Z] [FLOW] Wind→SK: TWD=79.3deg TWS=10.0kts TWA=50.5deg [signalk-truewind-calculator]
[2026-09-19T14:08:42.247Z] [FLOW] NavCalc→SK: set=296.5degT drift=1.77kts [signalk-current-calculator]
[2026-09-19T14:08:42.275Z] [FLOW] NavCalc→SK: set=295.3degT drift=1.80kts [signalk-current-calculator]
[2026-09-19T14:08:42.302Z] [FLOW] J30→SK: leeway=11.8deg [signalk-j30-leeway]
[2026-09-19T14:08:42.303Z] [FLOW] Compass→SK: headingTrue=35.4deg [signalk-heading-true-calculator]
[2026-09-19T14:08:42.428Z] [FLOW] Wind→SK: TWD=86.3deg TWS=10.1kts TWA=50.9deg [signalk-truewind-calculator]
[2026-09-19T14:08:42.494Z] [FLOW] NavCalc→SK: set=298.7degT drift=1.88kts [signalk-current-calculator]
[2026-09-19T14:08:42.572Z] [FLOW] NavCalc→SK: set=304.9degT drift=1.94kts [signalk-current-calculator]
[2026-09-19T14:08:42.624Z] [FLOW] Wind→SK: TWD=87.1deg TWS=11.9kts TWA=51.7deg [signalk-truewind-calculator]
[2026-09-19T14:08:42.740Z] [FLOW] J30→SK: leeway=13.6deg [signalk-j30-leeway]
[2026-09-19T14:08:42.741Z] [FLOW] Compass→SK: headingTrue=36.4deg [signalk-heading-true-calculator]
[2026-09-19T14:08:42.797Z] [FLOW] NavCalc→SK: set=303.0degT drift=2.19kts [signalk-current-calculator]
[2026-09-19T14:08:42.821Z] [FLOW] NavCalc→SK: set=305.1degT drift=2.24kts [signalk-current-calculator]
[2026-09-19T14:08:42.854Z] [FLOW] J30→SK: leeway=13.2deg [signalk-j30-leeway]
[2026-09-19T14:08:42.855Z] [FLOW] Compass→SK: headingTrue=37.7deg [signalk-heading-true-calculator]
[2026-09-19T14:08:43.016Z] [FLOW] Wind→SK: TWD=81.5deg TWS=11.2kts TWA=43.8deg [signalk-truewind-calculator]
[2026-09-19T14:08:43.065Z] [FLOW] J30→SK: leeway=12.6deg [signalk-j30-leeway]
[2026-09-19T14:08:43.067Z] [FLOW] Compass→SK: headingTrue=39.2deg [signalk-heading-true-calculator]
[2026-09-19T14:08:43.071Z] [FLOW] NavCalc→SK: set=304.8degT drift=2.29kts [signalk-current-calculator]
[2026-09-19T14:08:43.095Z] [FLOW] NavCalc→SK: set=304.1degT drift=2.27kts [signalk-current-calculator]
[2026-09-19T14:08:43.209Z] [FLOW] Wind→SK: TWD=78.6deg TWS=14.4kts TWA=39.4deg [signalk-truewind-calculator]
[2026-09-19T14:08:43.310Z] [FLOW] J30→SK: leeway=12.6deg [signalk-j30-leeway]
[2026-09-19T14:08:43.311Z] [FLOW] Compass→SK: headingTrue=38.8deg [signalk-heading-true-calculator]
[2026-09-19T14:08:43.346Z] [FLOW] NavCalc→SK: set=304.1degT drift=2.35kts [signalk-current-calculator]
[2026-09-19T14:08:43.371Z] [FLOW] NavCalc→SK: set=301.5degT drift=2.48kts [signalk-current-calculator]
[2026-09-19T14:08:43.403Z] [FLOW] Wind→SK: TWD=82.4deg TWS=14.5kts TWA=43.5deg [signalk-truewind-calculator]
[2026-09-19T14:08:43.572Z] [FLOW] NavCalc→SK: set=300.6degT drift=2.42kts [signalk-current-calculator]
[2026-09-19T14:08:43.595Z] [FLOW] NavCalc→SK: set=301.3degT drift=2.40kts [signalk-current-calculator]
[2026-09-19T14:08:43.599Z] [FLOW] Wind→SK: TWD=87.1deg TWS=12.0kts TWA=48.3deg [signalk-truewind-calculator]
[2026-09-19T14:08:43.700Z] [FLOW] J30→SK: leeway=12.8deg [signalk-j30-leeway]
[2026-09-19T14:08:43.701Z] [FLOW] Compass→SK: headingTrue=32.0deg [signalk-heading-true-calculator]
[2026-09-19T14:08:43.821Z] [FLOW] NavCalc→SK: set=298.9degT drift=2.32kts [signalk-current-calculator]
[2026-09-19T14:08:43.895Z] [FLOW] NavCalc→SK: set=299.9degT drift=2.21kts [signalk-current-calculator]
[2026-09-19T14:08:43.988Z] [FLOW] Wind→SK: TWD=83.1deg TWS=9.5kts TWA=51.1deg [signalk-truewind-calculator]
[2026-09-19T14:08:44.071Z] [FLOW] NavCalc→SK: set=295.4degT drift=2.12kts [signalk-current-calculator]
[2026-09-19T14:08:44.146Z] [FLOW] NavCalc→SK: set=297.2degT drift=2.00kts [signalk-current-calculator]
[2026-09-19T14:08:44.183Z] [FLOW] Wind→SK: TWD=82.9deg TWS=8.9kts TWA=50.8deg [signalk-truewind-calculator]
[2026-09-19T14:08:44.350Z] [FLOW] NavCalc→SK: set=296.1degT drift=1.88kts [signalk-current-calculator]
[2026-09-19T14:08:44.378Z] [FLOW] Wind→SK: TWD=85.6deg TWS=8.1kts TWA=53.5deg [signalk-truewind-calculator]
[2026-09-19T14:08:44.444Z] [FLOW] NavCalc→SK: set=296.1degT drift=1.83kts [signalk-current-calculator]
[2026-09-19T14:08:44.512Z] [FLOW] J30→SK: leeway=12.1deg [signalk-j30-leeway]
[2026-09-19T14:08:44.513Z] [FLOW] Compass→SK: headingTrue=32.2deg [signalk-heading-true-calculator]
[2026-09-19T14:08:44.572Z] [FLOW] NavCalc→SK: set=295.4degT drift=1.81kts [signalk-current-calculator]
[2026-09-19T14:08:44.697Z] [FLOW] NavCalc→SK: set=294.1degT drift=1.81kts [signalk-current-calculator]
[2026-09-19T14:08:44.769Z] [FLOW] Wind→SK: TWD=96.6deg TWS=7.2kts TWA=64.4deg [signalk-truewind-calculator]
[2026-09-19T14:08:44.822Z] [FLOW] NavCalc→SK: set=290.1degT drift=1.80kts [signalk-current-calculator]
[2026-09-19T14:08:44.963Z] [FLOW] Wind→SK: TWD=89.2deg TWS=6.5kts TWA=57.0deg [signalk-truewind-calculator]
[2026-09-19T14:08:44.995Z] [FLOW] NavCalc→SK: set=286.3degT drift=1.77kts [signalk-current-calculator]
[2026-09-19T14:08:45.079Z] [FLOW] NavCalc→SK: set=286.8degT drift=1.78kts [signalk-current-calculator]
[2026-09-19T14:08:45.158Z] [FLOW] Wind→SK: TWD=94.9deg TWS=6.4kts TWA=62.7deg [signalk-truewind-calculator]
[2026-09-19T14:08:45.161Z] [FLOW] J30→SK: leeway=9.5deg [signalk-j30-leeway]
[2026-09-19T14:08:45.162Z] [FLOW] Compass→SK: headingTrue=40.1deg [signalk-heading-true-calculator]
[2026-09-19T14:08:45.245Z] [FLOW] NavCalc→SK: set=292.3degT drift=1.76kts [signalk-current-calculator]
[2026-09-19T14:08:45.353Z] [FLOW] Wind→SK: TWD=107.8deg TWS=7.2kts TWA=67.7deg [signalk-truewind-calculator]
[2026-09-19T14:08:45.377Z] [FLOW] NavCalc→SK: set=296.2degT drift=1.81kts [signalk-current-calculator]
[2026-09-19T14:08:45.495Z] [FLOW] NavCalc→SK: set=302.8degT drift=1.73kts [signalk-current-calculator]
[2026-09-19T14:08:45.627Z] [FLOW] NavCalc→SK: set=307.7degT drift=1.81kts [signalk-current-calculator]
[2026-09-19T14:08:45.744Z] [FLOW] Wind→SK: TWD=95.9deg TWS=9.5kts TWA=55.8deg [signalk-truewind-calculator]
[2026-09-19T14:08:45.823Z] [FLOW] NavCalc→SK: set=314.8degT drift=1.81kts [signalk-current-calculator]
[2026-09-19T14:08:45.879Z] [FLOW] NavCalc→SK: set=316.6degT drift=1.84kts [signalk-current-calculator]
[2026-09-19T14:08:45.939Z] [FLOW] Wind→SK: TWD=95.9deg TWS=9.8kts TWA=55.7deg [signalk-truewind-calculator]
[2026-09-19T14:08:46.045Z] [FLOW] NavCalc→SK: set=315.3degT drift=1.87kts [signalk-current-calculator]
[2026-09-19T14:08:46.089Z] [FLOW] J30→SK: leeway=12.9deg [signalk-j30-leeway]
[2026-09-19T14:08:46.091Z] [FLOW] Compass→SK: headingTrue=29.2deg [signalk-heading-true-calculator]
[2026-09-19T14:08:46.137Z] [FLOW] Wind→SK: TWD=84.5deg TWS=9.1kts TWA=55.3deg [signalk-truewind-calculator]
[2026-09-19T14:08:46.141Z] [FLOW] NavCalc→SK: set=314.7degT drift=1.70kts [signalk-current-calculator]
[2026-09-19T14:08:46.154Z] [FLOW] J30→SK: leeway=11.0deg [signalk-j30-leeway]
[2026-09-19T14:08:46.155Z] [FLOW] Compass→SK: headingTrue=29.1deg [signalk-heading-true-calculator]
[2026-09-19T14:08:46.284Z] [FLOW] J30→SK: leeway=10.7deg [signalk-j30-leeway]
[2026-09-19T14:08:46.286Z] [FLOW] Compass→SK: headingTrue=30.0deg [signalk-heading-true-calculator]
[2026-09-19T14:08:46.343Z] [FLOW] NavCalc→SK: set=303.9degT drift=1.56kts [signalk-current-calculator]
[2026-09-19T14:08:46.379Z] [FLOW] NavCalc→SK: set=292.0degT drift=1.48kts [signalk-current-calculator]
[2026-09-19T14:08:46.528Z] [FLOW] Wind→SK: TWD=79.6deg TWS=9.3kts TWA=49.6deg [signalk-truewind-calculator]
[2026-09-19T14:08:46.629Z] [FLOW] NavCalc→SK: set=284.9degT drift=1.43kts [signalk-current-calculator]
[2026-09-19T14:08:46.644Z] [FLOW] NavCalc→SK: set=281.3degT drift=1.46kts [signalk-current-calculator]
[2026-09-19T14:08:46.720Z] [FLOW] Wind→SK: TWD=85.3deg TWS=12.5kts TWA=55.3deg [signalk-truewind-calculator]
[2026-09-19T14:08:46.878Z] [FLOW] NavCalc→SK: set=281.0degT drift=1.47kts [signalk-current-calculator]
[2026-09-19T14:08:46.915Z] [FLOW] Wind→SK: TWD=88.9deg TWS=9.7kts TWA=58.9deg [signalk-truewind-calculator]
[2026-09-19T14:08:46.944Z] [FLOW] NavCalc→SK: set=285.9degT drift=1.42kts [signalk-current-calculator]
[2026-09-19T14:08:47.111Z] [FLOW] Wind→SK: TWD=90.9deg TWS=9.7kts TWA=60.9deg [signalk-truewind-calculator]
[2026-09-19T14:08:47.132Z] [FLOW] NavCalc→SK: set=288.5degT drift=1.44kts [signalk-current-calculator]
[2026-09-19T14:08:47.161Z] [FLOW] J30→SK: leeway=10.6deg [signalk-j30-leeway]
[2026-09-19T14:08:47.163Z] [FLOW] Compass→SK: headingTrue=30.5deg [signalk-heading-true-calculator]
[2026-09-19T14:08:47.193Z] [FLOW] NavCalc→SK: set=291.4degT drift=1.39kts [signalk-current-calculator]
[2026-09-19T14:08:47.291Z] [FLOW] J30→SK: leeway=10.9deg [signalk-j30-leeway]
[2026-09-19T14:08:47.292Z] [FLOW] Compass→SK: headingTrue=29.8deg [signalk-heading-true-calculator]
[2026-09-19T14:08:47.379Z] [FLOW] NavCalc→SK: set=294.0degT drift=1.44kts [signalk-current-calculator]
[2026-09-19T14:08:47.443Z] [FLOW] NavCalc→SK: set=298.6degT drift=1.55kts [signalk-current-calculator]
[2026-09-19T14:08:47.500Z] [FLOW] Wind→SK: TWD=95.6deg TWS=9.0kts TWA=65.8deg [signalk-truewind-calculator]
[2026-09-19T14:08:47.628Z] [FLOW] NavCalc→SK: set=296.9degT drift=1.60kts [signalk-current-calculator]
[2026-09-19T14:08:47.695Z] [FLOW] Wind→SK: TWD=93.9deg TWS=9.2kts TWA=64.1deg [signalk-truewind-calculator]
[2026-09-19T14:08:47.699Z] [FLOW] NavCalc→SK: set=297.6degT drift=1.67kts [signalk-current-calculator]
[2026-09-19T14:08:47.779Z] [FLOW] J30→SK: leeway=10.5deg [signalk-j30-leeway]
[2026-09-19T14:08:47.781Z] [FLOW] Compass→SK: headingTrue=28.0deg [signalk-heading-true-calculator]
[2026-09-19T14:08:47.890Z] [FLOW] Wind→SK: TWD=90.7deg TWS=8.8kts TWA=62.8deg [signalk-truewind-calculator]
[2026-09-19T14:08:47.930Z] [FLOW] NavCalc→SK: set=296.3degT drift=1.67kts [signalk-current-calculator]
[2026-09-19T14:08:47.945Z] [FLOW] NavCalc→SK: set=296.3degT drift=1.75kts [signalk-current-calculator]
[2026-09-19T14:08:48.179Z] [FLOW] NavCalc→SK: set=293.7degT drift=1.62kts [signalk-current-calculator]
[2026-09-19T14:08:48.192Z] [FLOW] NavCalc→SK: set=290.3degT drift=1.59kts [signalk-current-calculator]
[2026-09-19T14:08:48.280Z] [FLOW] Wind→SK: TWD=81.0deg TWS=10.8kts TWA=53.0deg [signalk-truewind-calculator]
[2026-09-19T14:08:48.443Z] [FLOW] NavCalc→SK: set=289.4degT drift=1.47kts [signalk-current-calculator]
[2026-09-19T14:08:48.476Z] [FLOW] Wind→SK: TWD=73.2deg TWS=11.4kts TWA=45.3deg [signalk-truewind-calculator]
[2026-09-19T14:08:48.480Z] [FLOW] NavCalc→SK: set=291.1degT drift=1.55kts [signalk-current-calculator]
[2026-09-19T14:08:48.544Z] [FLOW] J30→SK: leeway=12.3deg [signalk-j30-leeway]
[2026-09-19T14:08:48.545Z] [FLOW] Compass→SK: headingTrue=32.6deg [signalk-heading-true-calculator]
[2026-09-19T14:08:48.670Z] [FLOW] Wind→SK: TWD=77.6deg TWS=13.0kts TWA=45.0deg [signalk-truewind-calculator]
[2026-09-19T14:08:48.692Z] [FLOW] NavCalc→SK: set=297.3degT drift=1.71kts [signalk-current-calculator]
[2026-09-19T14:08:48.728Z] [FLOW] NavCalc→SK: set=299.8degT drift=1.96kts [signalk-current-calculator]
[2026-09-19T14:08:48.865Z] [FLOW] Wind→SK: TWD=78.5deg TWS=13.0kts TWA=45.9deg [signalk-truewind-calculator]
[2026-09-19T14:08:48.945Z] [FLOW] NavCalc→SK: set=299.8degT drift=2.01kts [signalk-current-calculator]
[2026-09-19T14:08:48.978Z] [FLOW] NavCalc→SK: set=301.1degT drift=2.09kts [signalk-current-calculator]
[2026-09-19T14:08:48.982Z] [FLOW] J30→SK: leeway=11.9deg [signalk-j30-leeway]
[2026-09-19T14:08:48.984Z] [FLOW] Compass→SK: headingTrue=37.1deg [signalk-heading-true-calculator]
[2026-09-19T14:08:49.095Z] [FLOW] J30→SK: leeway=12.0deg [signalk-j30-leeway]
[2026-09-19T14:08:49.097Z] [FLOW] Compass→SK: headingTrue=36.9deg [signalk-heading-true-calculator]
[2026-09-19T14:08:49.192Z] [FLOW] NavCalc→SK: set=299.3degT drift=2.11kts [signalk-current-calculator]
[2026-09-19T14:08:49.228Z] [FLOW] NavCalc→SK: set=297.8degT drift=2.17kts [signalk-current-calculator]
[2026-09-19T14:08:49.256Z] [FLOW] Wind→SK: TWD=80.9deg TWS=13.5kts TWA=44.0deg [signalk-truewind-calculator]
[2026-09-19T14:08:49.310Z] [FLOW] J30→SK: leeway=12.3deg [signalk-j30-leeway]
[2026-09-19T14:08:49.312Z] [FLOW] Compass→SK: headingTrue=36.2deg [signalk-heading-true-calculator]
[2026-09-19T14:08:49.442Z] [FLOW] NavCalc→SK: set=301.7degT drift=2.21kts [signalk-current-calculator]
[2026-09-19T14:08:49.448Z] [FLOW] Wind→SK: TWD=83.9deg TWS=13.0kts TWA=47.7deg [signalk-truewind-calculator]
[2026-09-19T14:08:49.479Z] [FLOW] NavCalc→SK: set=299.5degT drift=2.23kts [signalk-current-calculator]
[2026-09-19T14:08:49.500Z] [FLOW] J30→SK: leeway=13.6deg [signalk-j30-leeway]
[2026-09-19T14:08:49.501Z] [FLOW] Compass→SK: headingTrue=33.2deg [signalk-heading-true-calculator]
[2026-09-19T14:08:49.549Z] [FLOW] J30→SK: leeway=14.8deg [signalk-j30-leeway]
[2026-09-19T14:08:49.551Z] [FLOW] Compass→SK: headingTrue=32.1deg [signalk-heading-true-calculator]
[2026-09-19T14:08:49.643Z] [FLOW] Wind→SK: TWD=78.3deg TWS=13.2kts TWA=46.3deg [signalk-truewind-calculator]
[2026-09-19T14:08:49.692Z] [FLOW] NavCalc→SK: set=303.4degT drift=2.33kts [signalk-current-calculator]
[2026-09-19T14:08:49.729Z] [FLOW] NavCalc→SK: set=301.9degT drift=2.25kts [signalk-current-calculator]
[2026-09-19T14:08:49.839Z] [FLOW] Wind→SK: TWD=80.4deg TWS=11.0kts TWA=48.3deg [signalk-truewind-calculator]
[2026-09-19T14:08:49.942Z] [FLOW] NavCalc→SK: set=303.7degT drift=2.24kts [signalk-current-calculator]
[2026-09-19T14:08:50.023Z] [FLOW] NavCalc→SK: set=305.1degT drift=2.22kts [signalk-current-calculator]
[2026-09-19T14:08:50.192Z] [FLOW] NavCalc→SK: set=305.1degT drift=2.28kts [signalk-current-calculator]
[2026-09-19T14:08:50.229Z] [FLOW] Wind→SK: TWD=85.5deg TWS=10.0kts TWA=53.4deg [signalk-truewind-calculator]
[2026-09-19T14:08:50.273Z] [FLOW] NavCalc→SK: set=305.8degT drift=2.40kts [signalk-current-calculator]
[2026-09-19T14:08:50.334Z] [FLOW] J30→SK: leeway=15.0deg [signalk-j30-leeway]
[2026-09-19T14:08:50.335Z] [FLOW] Compass→SK: headingTrue=27.3deg [signalk-heading-true-calculator]
[2026-09-19T14:08:50.424Z] [FLOW] Wind→SK: TWD=89.0deg TWS=10.0kts TWA=61.6deg [signalk-truewind-calculator]
[2026-09-19T14:08:50.444Z] [FLOW] NavCalc→SK: set=301.1degT drift=2.30kts [signalk-current-calculator]
[2026-09-19T14:08:50.523Z] [FLOW] NavCalc→SK: set=298.6degT drift=2.30kts [signalk-current-calculator]
[2026-09-19T14:08:50.557Z] [FLOW] J30→SK: leeway=15.0deg [signalk-j30-leeway]
[2026-09-19T14:08:50.558Z] [FLOW] Compass→SK: headingTrue=31.5deg [signalk-heading-true-calculator]
[2026-09-19T14:08:50.619Z] [FLOW] Wind→SK: TWD=91.6deg TWS=10.9kts TWA=60.1deg [signalk-truewind-calculator]
[2026-09-19T14:08:50.692Z] [FLOW] NavCalc→SK: set=296.7degT drift=2.50kts [signalk-current-calculator]
[2026-09-19T14:08:50.773Z] [FLOW] NavCalc→SK: set=298.7degT drift=2.50kts [signalk-current-calculator]
[2026-09-19T14:08:50.943Z] [FLOW] NavCalc→SK: set=299.3degT drift=2.47kts [signalk-current-calculator]
[2026-09-19T14:08:51.009Z] [FLOW] Wind→SK: TWD=89.3deg TWS=11.4kts TWA=57.8deg [signalk-truewind-calculator]
[2026-09-19T14:08:51.023Z] [FLOW] NavCalc→SK: set=299.7degT drift=2.47kts [signalk-current-calculator]
[2026-09-19T14:08:51.203Z] [FLOW] Wind→SK: TWD=84.4deg TWS=13.3kts TWA=52.9deg [signalk-truewind-calculator]
[2026-09-19T14:08:51.215Z] [FLOW] NavCalc→SK: set=302.2degT drift=2.24kts [signalk-current-calculator]
[2026-09-19T14:08:51.272Z] [FLOW] NavCalc→SK: set=303.1degT drift=2.26kts [signalk-current-calculator]
[2026-09-19T14:08:51.399Z] [FLOW] Wind→SK: TWD=85.3deg TWS=14.1kts TWA=53.8deg [signalk-truewind-calculator]
[2026-09-19T14:08:51.474Z] [FLOW] NavCalc→SK: set=300.4degT drift=2.25kts [signalk-current-calculator]
[2026-09-19T14:08:51.572Z] [FLOW] NavCalc→SK: set=300.3degT drift=2.22kts [signalk-current-calculator]
[2026-09-19T14:08:51.593Z] [FLOW] Wind→SK: TWD=84.8deg TWS=14.0kts TWA=53.3deg [signalk-truewind-calculator]
[2026-09-19T14:08:51.727Z] [FLOW] NavCalc→SK: set=300.1degT drift=2.22kts [signalk-current-calculator]
[2026-09-19T14:08:51.823Z] [FLOW] NavCalc→SK: set=299.4degT drift=2.20kts [signalk-current-calculator]
[2026-09-19T14:08:51.976Z] [FLOW] NavCalc→SK: set=297.2degT drift=2.27kts [signalk-current-calculator]
[2026-09-19T14:08:51.984Z] [FLOW] Wind→SK: TWD=84.3deg TWS=14.0kts TWA=52.8deg [signalk-truewind-calculator]
[2026-09-19T14:08:52.003Z] [FLOW] J30→SK: leeway=13.5deg [signalk-j30-leeway]
[2026-09-19T14:08:52.004Z] [FLOW] Compass→SK: headingTrue=27.0deg [signalk-heading-true-calculator]
[2026-09-19T14:08:52.074Z] [FLOW] NavCalc→SK: set=296.6degT drift=2.12kts [signalk-current-calculator]
[2026-09-19T14:08:52.178Z] [FLOW] Wind→SK: TWD=80.6deg TWS=13.9kts TWA=53.5deg [signalk-truewind-calculator]
[2026-09-19T14:08:52.225Z] [FLOW] NavCalc→SK: set=295.6degT drift=2.12kts [signalk-current-calculator]
[2026-09-19T14:08:52.324Z] [FLOW] NavCalc→SK: set=295.6degT drift=1.96kts [signalk-current-calculator]
[2026-09-19T14:08:52.373Z] [FLOW] Wind→SK: TWD=80.0deg TWS=13.2kts TWA=53.0deg [signalk-truewind-calculator]
[2026-09-19T14:08:52.475Z] [FLOW] NavCalc→SK: set=292.0degT drift=2.00kts [signalk-current-calculator]
[2026-09-19T14:08:52.573Z] [FLOW] NavCalc→SK: set=291.4degT drift=1.98kts [signalk-current-calculator]
[2026-09-19T14:08:52.725Z] [FLOW] NavCalc→SK: set=287.4degT drift=1.97kts [signalk-current-calculator]
[2026-09-19T14:08:52.734Z] [FLOW] J30→SK: leeway=11.6deg [signalk-j30-leeway]
[2026-09-19T14:08:52.735Z] [FLOW] Compass→SK: headingTrue=31.6deg [signalk-heading-true-calculator]
[2026-09-19T14:08:52.763Z] [FLOW] Wind→SK: TWD=76.6deg TWS=13.0kts TWA=45.1deg [signalk-truewind-calculator]
[2026-09-19T14:08:52.767Z] [FLOW] J30→SK: leeway=11.5deg [signalk-j30-leeway]
[2026-09-19T14:08:52.768Z] [FLOW] Compass→SK: headingTrue=31.9deg [signalk-heading-true-calculator]
[2026-09-19T14:08:52.823Z] [FLOW] NavCalc→SK: set=290.6degT drift=2.03kts [signalk-current-calculator]
[2026-09-19T14:08:52.958Z] [FLOW] Wind→SK: TWD=80.8deg TWS=12.6kts TWA=49.0deg [signalk-truewind-calculator]
[2026-09-19T14:08:52.981Z] [FLOW] NavCalc→SK: set=287.4degT drift=2.17kts [signalk-current-calculator]
[2026-09-19T14:08:53.073Z] [FLOW] NavCalc→SK: set=287.3degT drift=2.12kts [signalk-current-calculator]
[2026-09-19T14:08:53.153Z] [FLOW] Wind→SK: TWD=77.7deg TWS=11.9kts TWA=45.8deg [signalk-truewind-calculator]
[2026-09-19T14:08:53.205Z] [FLOW] J30→SK: leeway=11.5deg [signalk-j30-leeway]
[2026-09-19T14:08:53.206Z] [FLOW] Compass→SK: headingTrue=30.6deg [signalk-heading-true-calculator]
[2026-09-19T14:08:53.225Z] [FLOW] NavCalc→SK: set=293.4degT drift=2.11kts [signalk-current-calculator]
[2026-09-19T14:08:53.323Z] [FLOW] NavCalc→SK: set=288.5degT drift=2.13kts [signalk-current-calculator]
[2026-09-19T14:08:53.350Z] [FLOW] Wind→SK: TWD=71.8deg TWS=12.1kts TWA=41.3deg [signalk-truewind-calculator]
[2026-09-19T14:08:53.478Z] [FLOW] NavCalc→SK: set=296.7degT drift=2.09kts [signalk-current-calculator]
[2026-09-19T14:08:53.573Z] [FLOW] NavCalc→SK: set=297.0degT drift=2.16kts [signalk-current-calculator]
[2026-09-19T14:08:53.724Z] [FLOW] NavCalc→SK: set=293.5degT drift=2.17kts [signalk-current-calculator]
[2026-09-19T14:08:53.739Z] [FLOW] Wind→SK: TWD=75.0deg TWS=12.7kts TWA=44.4deg [signalk-truewind-calculator]
[2026-09-19T14:08:53.873Z] [FLOW] NavCalc→SK: set=293.3degT drift=2.09kts [signalk-current-calculator]
[2026-09-19T14:08:53.933Z] [FLOW] Wind→SK: TWD=76.7deg TWS=13.9kts TWA=46.1deg [signalk-truewind-calculator]
[2026-09-19T14:08:53.980Z] [FLOW] NavCalc→SK: set=292.5degT drift=2.19kts [signalk-current-calculator]
[2026-09-19T14:08:54.124Z] [FLOW] NavCalc→SK: set=292.3degT drift=2.20kts [signalk-current-calculator]
[2026-09-19T14:08:54.128Z] [FLOW] Wind→SK: TWD=76.8deg TWS=14.0kts TWA=46.2deg [signalk-truewind-calculator]
[2026-09-19T14:08:54.213Z] [FLOW] J30→SK: leeway=12.7deg [signalk-j30-leeway]
[2026-09-19T14:08:54.214Z] [FLOW] Compass→SK: headingTrue=28.3deg [signalk-heading-true-calculator]
[2026-09-19T14:08:54.224Z] [FLOW] NavCalc→SK: set=291.9degT drift=2.28kts [signalk-current-calculator]
[2026-09-19T14:08:54.373Z] [FLOW] NavCalc→SK: set=295.0degT drift=2.28kts [signalk-current-calculator]
[2026-09-19T14:08:54.475Z] [FLOW] NavCalc→SK: set=294.1degT drift=2.27kts [signalk-current-calculator]
[2026-09-19T14:08:54.520Z] [FLOW] Wind→SK: TWD=75.6deg TWS=13.6kts TWA=47.4deg [signalk-truewind-calculator]
[2026-09-19T14:08:54.624Z] [FLOW] NavCalc→SK: set=293.2degT drift=2.28kts [signalk-current-calculator]
[2026-09-19T14:08:54.713Z] [FLOW] Wind→SK: TWD=75.9deg TWS=13.5kts TWA=47.7deg [signalk-truewind-calculator]
[2026-09-19T14:08:54.776Z] [FLOW] NavCalc→SK: set=294.3degT drift=2.28kts [signalk-current-calculator]
[2026-09-19T14:08:54.872Z] [FLOW] NavCalc→SK: set=293.7degT drift=2.24kts [signalk-current-calculator]
[2026-09-19T14:08:54.908Z] [FLOW] Wind→SK: TWD=75.8deg TWS=13.2kts TWA=47.5deg [signalk-truewind-calculator]
[2026-09-19T14:08:54.977Z] [FLOW] J30→SK: leeway=14.6deg [signalk-j30-leeway]
[2026-09-19T14:08:54.978Z] [FLOW] Compass→SK: headingTrue=24.6deg [signalk-heading-true-calculator]
[2026-09-19T14:08:55.030Z] [FLOW] NavCalc→SK: set=293.0degT drift=2.05kts [signalk-current-calculator]
[2026-09-19T14:08:55.103Z] [FLOW] Wind→SK: TWD=73.8deg TWS=12.9kts TWA=49.1deg [signalk-truewind-calculator]
[2026-09-19T14:08:55.173Z] [FLOW] NavCalc→SK: set=294.9degT drift=1.95kts [signalk-current-calculator]
[2026-09-19T14:08:55.220Z] [FLOW] J30→SK: leeway=14.0deg [signalk-j30-leeway]
[2026-09-19T14:08:55.222Z] [FLOW] Compass→SK: headingTrue=28.7deg [signalk-heading-true-calculator]
[2026-09-19T14:08:55.274Z] [FLOW] NavCalc→SK: set=292.4degT drift=1.99kts [signalk-current-calculator]
[2026-09-19T14:08:55.351Z] [FLOW] J30→SK: leeway=12.9deg [signalk-j30-leeway]
[2026-09-19T14:08:55.352Z] [FLOW] Compass→SK: headingTrue=30.7deg [signalk-heading-true-calculator]
[2026-09-19T14:08:55.472Z] [FLOW] NavCalc→SK: set=295.3degT drift=2.12kts [signalk-current-calculator]
[2026-09-19T14:08:55.494Z] [FLOW] Wind→SK: TWD=82.2deg TWS=13.4kts TWA=51.5deg [signalk-truewind-calculator]
[2026-09-19T14:08:55.575Z] [FLOW] NavCalc→SK: set=295.3degT drift=2.24kts [signalk-current-calculator]
[2026-09-19T14:08:55.688Z] [FLOW] Wind→SK: TWD=82.2deg TWS=13.7kts TWA=51.5deg [signalk-truewind-calculator]
[2026-09-19T14:08:55.722Z] [FLOW] NavCalc→SK: set=294.8degT drift=2.40kts [signalk-current-calculator]
[2026-09-19T14:08:55.790Z] [FLOW] J30→SK: leeway=11.8deg [signalk-j30-leeway]
[2026-09-19T14:08:55.791Z] [FLOW] Compass→SK: headingTrue=34.4deg [signalk-heading-true-calculator]
[2026-09-19T14:08:55.824Z] [FLOW] NavCalc→SK: set=292.2degT drift=2.44kts [signalk-current-calculator]
[2026-09-19T14:08:55.890Z] [FLOW] Wind→SK: TWD=90.7deg TWS=13.1kts TWA=56.3deg [signalk-truewind-calculator]
[2026-09-19T14:08:55.952Z] [FLOW] J30→SK: leeway=11.8deg [signalk-j30-leeway]
[2026-09-19T14:08:55.953Z] [FLOW] Compass→SK: headingTrue=34.0deg [signalk-heading-true-calculator]
[2026-09-19T14:08:55.972Z] [FLOW] NavCalc→SK: set=294.4degT drift=2.51kts [signalk-current-calculator]
[2026-09-19T14:08:56.075Z] [FLOW] NavCalc→SK: set=294.0degT drift=2.50kts [signalk-current-calculator]
[2026-09-19T14:08:56.228Z] [FLOW] J30→SK: leeway=12.8deg [signalk-j30-leeway]
[2026-09-19T14:08:56.229Z] [FLOW] Compass→SK: headingTrue=30.6deg [signalk-heading-true-calculator]
[2026-09-19T14:08:56.273Z] [FLOW] Wind→SK: TWD=87.9deg TWS=12.7kts TWA=57.3deg [signalk-truewind-calculator]
[2026-09-19T14:08:56.276Z] [FLOW] NavCalc→SK: set=294.6degT drift=2.47kts [signalk-current-calculator]
[2026-09-19T14:08:56.366Z] [FLOW] NavCalc→SK: set=297.5degT drift=2.44kts [signalk-current-calculator]
[2026-09-19T14:08:56.439Z] [FLOW] J30→SK: leeway=14.3deg [signalk-j30-leeway]
[2026-09-19T14:08:56.440Z] [FLOW] Compass→SK: headingTrue=27.1deg [signalk-heading-true-calculator]
[2026-09-19T14:08:56.469Z] [FLOW] Wind→SK: TWD=79.4deg TWS=11.9kts TWA=52.3deg [signalk-truewind-calculator]
[2026-09-19T14:08:56.522Z] [FLOW] NavCalc→SK: set=297.3degT drift=2.34kts [signalk-current-calculator]
[2026-09-19T14:08:56.615Z] [FLOW] NavCalc→SK: set=295.5degT drift=2.25kts [signalk-current-calculator]
[2026-09-19T14:08:56.663Z] [FLOW] Wind→SK: TWD=75.5deg TWS=11.6kts TWA=48.4deg [signalk-truewind-calculator]
[2026-09-19T14:08:56.773Z] [FLOW] NavCalc→SK: set=299.3degT drift=2.11kts [signalk-current-calculator]
[2026-09-19T14:08:56.858Z] [FLOW] Wind→SK: TWD=79.2deg TWS=11.5kts TWA=52.1deg [signalk-truewind-calculator]
[2026-09-19T14:08:56.867Z] [FLOW] NavCalc→SK: set=299.8degT drift=2.11kts [signalk-current-calculator]
[2026-09-19T14:08:57.023Z] [FLOW] NavCalc→SK: set=299.5degT drift=2.05kts [signalk-current-calculator]
[2026-09-19T14:08:57.116Z] [FLOW] NavCalc→SK: set=296.0degT drift=2.14kts [signalk-current-calculator]
[2026-09-19T14:08:57.203Z] [FLOW] J30→SK: leeway=10.7deg [signalk-j30-leeway]
[2026-09-19T14:08:57.204Z] [FLOW] Compass→SK: headingTrue=31.9deg [signalk-heading-true-calculator]
[2026-09-19T14:08:57.249Z] [FLOW] Wind→SK: TWD=82.4deg TWS=11.9kts TWA=50.5deg [signalk-truewind-calculator]
[2026-09-19T14:08:57.283Z] [FLOW] NavCalc→SK: set=295.6degT drift=2.15kts [signalk-current-calculator]
[2026-09-19T14:08:57.367Z] [FLOW] NavCalc→SK: set=293.5degT drift=2.11kts [signalk-current-calculator]
[2026-09-19T14:08:57.443Z] [FLOW] Wind→SK: TWD=81.5deg TWS=11.8kts TWA=49.7deg [signalk-truewind-calculator]
[2026-09-19T14:08:57.524Z] [FLOW] NavCalc→SK: set=296.3degT drift=2.06kts [signalk-current-calculator]
[2026-09-19T14:08:57.560Z] [FLOW] J30→SK: leeway=9.9deg [signalk-j30-leeway]
[2026-09-19T14:08:57.561Z] [FLOW] Compass→SK: headingTrue=38.0deg [signalk-heading-true-calculator]
[2026-09-19T14:08:57.615Z] [FLOW] NavCalc→SK: set=293.8degT drift=2.04kts [signalk-current-calculator]
[2026-09-19T14:08:57.639Z] [FLOW] Wind→SK: TWD=88.1deg TWS=12.0kts TWA=50.1deg [signalk-truewind-calculator]
[2026-09-19T14:08:57.773Z] [FLOW] NavCalc→SK: set=298.1degT drift=2.00kts [signalk-current-calculator]
[2026-09-19T14:08:57.866Z] [FLOW] NavCalc→SK: set=299.2degT drift=2.02kts [signalk-current-calculator]
[2026-09-19T14:08:58.026Z] [FLOW] NavCalc→SK: set=299.1degT drift=2.03kts [signalk-current-calculator]
[2026-09-19T14:08:58.029Z] [FLOW] Wind→SK: TWD=88.2deg TWS=11.8kts TWA=50.2deg [signalk-truewind-calculator]
[2026-09-19T14:08:58.116Z] [FLOW] NavCalc→SK: set=304.0degT drift=1.86kts [signalk-current-calculator]
[2026-09-19T14:08:58.210Z] [FLOW] J30→SK: leeway=9.2deg [signalk-j30-leeway]
[2026-09-19T14:08:58.211Z] [FLOW] Compass→SK: headingTrue=36.6deg [signalk-heading-true-calculator]
[2026-09-19T14:08:58.224Z] [FLOW] Wind→SK: TWD=86.1deg TWS=11.9kts TWA=49.5deg [signalk-truewind-calculator]
[2026-09-19T14:08:58.272Z] [FLOW] NavCalc→SK: set=305.0degT drift=1.85kts [signalk-current-calculator]
[2026-09-19T14:08:58.366Z] [FLOW] NavCalc→SK: set=304.0degT drift=1.89kts [signalk-current-calculator]
[2026-09-19T14:08:58.419Z] [FLOW] Wind→SK: TWD=84.7deg TWS=11.8kts TWA=48.1deg [signalk-truewind-calculator]
[2026-09-19T14:08:58.524Z] [FLOW] NavCalc→SK: set=301.9degT drift=1.81kts [signalk-current-calculator]
[2026-09-19T14:08:58.614Z] [FLOW] Wind→SK: TWD=81.0deg TWS=14.3kts TWA=44.4deg [signalk-truewind-calculator]
[2026-09-19T14:08:58.665Z] [FLOW] NavCalc→SK: set=301.8degT drift=1.72kts [signalk-current-calculator]
[2026-09-19T14:08:58.773Z] [FLOW] NavCalc→SK: set=302.2degT drift=1.61kts [signalk-current-calculator]
[2026-09-19T14:08:58.916Z] [FLOW] NavCalc→SK: set=302.6degT drift=1.50kts [signalk-current-calculator]
[2026-09-19T14:08:59.004Z] [FLOW] Wind→SK: TWD=80.8deg TWS=14.4kts TWA=44.2deg [signalk-truewind-calculator]
[2026-09-19T14:08:59.023Z] [FLOW] NavCalc→SK: set=304.8degT drift=1.51kts [signalk-current-calculator]
[2026-09-19T14:08:59.166Z] [FLOW] NavCalc→SK: set=305.6degT drift=1.55kts [signalk-current-calculator]
[2026-09-19T14:08:59.199Z] [FLOW] Wind→SK: TWD=80.5deg TWS=14.3kts TWA=43.9deg [signalk-truewind-calculator]
[2026-09-19T14:08:59.218Z] [FLOW] J30→SK: leeway=9.0deg [signalk-j30-leeway]
[2026-09-19T14:08:59.219Z] [FLOW] Compass→SK: headingTrue=30.0deg [signalk-heading-true-calculator]
[2026-09-19T14:08:59.272Z] [FLOW] NavCalc→SK: set=306.0degT drift=1.34kts [signalk-current-calculator]
[2026-09-19T14:08:59.381Z] [FLOW] J30→SK: leeway=8.7deg [signalk-j30-leeway]
[2026-09-19T14:08:59.383Z] [FLOW] Compass→SK: headingTrue=30.9deg [signalk-heading-true-calculator]
[2026-09-19T14:08:59.393Z] [FLOW] Wind→SK: TWD=70.6deg TWS=14.3kts TWA=39.7deg [signalk-truewind-calculator]
[2026-09-19T14:08:59.416Z] [FLOW] NavCalc→SK: set=297.7degT drift=1.48kts [signalk-current-calculator]
[2026-09-19T14:08:59.524Z] [FLOW] NavCalc→SK: set=305.3degT drift=1.26kts [signalk-current-calculator]
[2026-09-19T14:08:59.590Z] [FLOW] Wind→SK: TWD=75.6deg TWS=11.9kts TWA=44.7deg [signalk-truewind-calculator]
[2026-09-19T14:08:59.659Z] [FLOW] J30→SK: leeway=7.6deg [signalk-j30-leeway]
[2026-09-19T14:08:59.660Z] [FLOW] Compass→SK: headingTrue=34.2deg [signalk-heading-true-calculator]
[2026-09-19T14:08:59.666Z] [FLOW] NavCalc→SK: set=295.2degT drift=1.56kts [signalk-current-calculator]
[2026-09-19T14:08:59.771Z] [FLOW] J30→SK: leeway=7.6deg [signalk-j30-leeway]
[2026-09-19T14:08:59.774Z] [FLOW] Compass→SK: headingTrue=34.7deg [signalk-heading-true-calculator]
[2026-09-19T14:08:59.783Z] [FLOW] NavCalc→SK: set=310.0degT drift=1.40kts [signalk-current-calculator]
[2026-09-19T14:08:59.917Z] [FLOW] NavCalc→SK: set=303.5degT drift=1.78kts [signalk-current-calculator]
[2026-09-19T14:08:59.983Z] [FLOW] Wind→SK: TWD=77.4deg TWS=11.0kts TWA=42.7deg [signalk-truewind-calculator]
[2026-09-19T14:09:00.017Z] [FLOW] J30→SK: leeway=8.0deg [signalk-j30-leeway]
[2026-09-19T14:09:00.019Z] [FLOW] Compass→SK: headingTrue=33.9deg [signalk-heading-true-calculator]
[2026-09-19T14:09:00.084Z] [FLOW] NavCalc→SK: set=305.2degT drift=1.74kts [signalk-current-calculator]
[2026-09-19T14:09:00.166Z] [FLOW] NavCalc→SK: set=304.6degT drift=1.66kts [signalk-current-calculator]
[2026-09-19T14:09:00.175Z] [FLOW] Wind→SK: TWD=81.1deg TWS=10.6kts TWA=47.2deg [signalk-truewind-calculator]
[2026-09-19T14:09:00.334Z] [FLOW] NavCalc→SK: set=304.8degT drift=1.65kts [signalk-current-calculator]
[2026-09-19T14:09:00.371Z] [FLOW] Wind→SK: TWD=84.3deg TWS=10.8kts TWA=50.4deg [signalk-truewind-calculator]
[2026-09-19T14:09:00.417Z] [FLOW] NavCalc→SK: set=307.7degT drift=1.71kts [signalk-current-calculator]
[2026-09-19T14:09:00.583Z] [FLOW] NavCalc→SK: set=307.7degT drift=1.74kts [signalk-current-calculator]
[2026-09-19T14:09:00.717Z] [FLOW] NavCalc→SK: set=305.2degT drift=1.80kts [signalk-current-calculator]
[2026-09-19T14:09:00.762Z] [FLOW] Wind→SK: TWD=87.5deg TWS=11.2kts TWA=53.6deg [signalk-truewind-calculator]
[2026-09-19T14:09:00.834Z] [FLOW] NavCalc→SK: set=303.8degT drift=1.81kts [signalk-current-calculator]
[2026-09-19T14:09:00.956Z] [FLOW] Wind→SK: TWD=91.0deg TWS=10.4kts TWA=57.1deg [signalk-truewind-calculator]
[2026-09-19T14:09:00.969Z] [FLOW] NavCalc→SK: set=301.3degT drift=1.76kts [signalk-current-calculator]
[2026-09-19T14:09:01.024Z] [FLOW] J30→SK: leeway=9.4deg [signalk-j30-leeway]
[2026-09-19T14:09:01.025Z] [FLOW] Compass→SK: headingTrue=29.4deg [signalk-heading-true-calculator]
[2026-09-19T14:09:01.083Z] [FLOW] NavCalc→SK: set=302.4degT drift=1.77kts [signalk-current-calculator]
[2026-09-19T14:09:01.152Z] [FLOW] Wind→SK: TWD=85.0deg TWS=9.8kts TWA=55.6deg [signalk-truewind-calculator]
[2026-09-19T14:09:01.268Z] [FLOW] NavCalc→SK: set=300.6degT drift=1.70kts [signalk-current-calculator]
[2026-09-19T14:09:01.332Z] [FLOW] NavCalc→SK: set=298.4degT drift=1.77kts [signalk-current-calculator]
[2026-09-19T14:09:01.346Z] [FLOW] Wind→SK: TWD=86.0deg TWS=10.1kts TWA=56.5deg [signalk-truewind-calculator]
[2026-09-19T14:09:01.462Z] [FLOW] J30→SK: leeway=9.7deg [signalk-j30-leeway]
[2026-09-19T14:09:01.464Z] [FLOW] Compass→SK: headingTrue=30.7deg [signalk-heading-true-calculator]
[2026-09-19T14:09:01.566Z] [FLOW] NavCalc→SK: set=296.9degT drift=1.76kts [signalk-current-calculator]
[2026-09-19T14:09:01.591Z] [FLOW] J30→SK: leeway=9.8deg [signalk-j30-leeway]
[2026-09-19T14:09:01.593Z] [FLOW] Compass→SK: headingTrue=30.8deg [signalk-heading-true-calculator]
[2026-09-19T14:09:01.633Z] [FLOW] NavCalc→SK: set=293.5degT drift=1.85kts [signalk-current-calculator]
[2026-09-19T14:09:01.736Z] [FLOW] Wind→SK: TWD=88.4deg TWS=9.7kts TWA=57.6deg [signalk-truewind-calculator]
[2026-09-19T14:09:01.871Z] [FLOW] NavCalc→SK: set=293.0degT drift=1.91kts [signalk-current-calculator]
[2026-09-19T14:09:01.883Z] [FLOW] NavCalc→SK: set=292.3degT drift=2.03kts [signalk-current-calculator]
[2026-09-19T14:09:01.930Z] [FLOW] Wind→SK: TWD=91.0deg TWS=9.2kts TWA=60.2deg [signalk-truewind-calculator]
[2026-09-19T14:09:02.116Z] [FLOW] NavCalc→SK: set=292.1degT drift=2.04kts [signalk-current-calculator]
[2026-09-19T14:09:02.124Z] [FLOW] Wind→SK: TWD=92.3deg TWS=9.1kts TWA=61.5deg [signalk-truewind-calculator]
[2026-09-19T14:09:02.132Z] [FLOW] NavCalc→SK: set=292.5degT drift=2.11kts [signalk-current-calculator]
[2026-09-19T14:09:02.367Z] [FLOW] NavCalc→SK: set=293.2degT drift=2.21kts [signalk-current-calculator]
[2026-09-19T14:09:02.383Z] [FLOW] NavCalc→SK: set=295.1degT drift=2.29kts [signalk-current-calculator]
[2026-09-19T14:09:02.469Z] [FLOW] J30→SK: leeway=10.4deg [signalk-j30-leeway]
[2026-09-19T14:09:02.470Z] [FLOW] Compass→SK: headingTrue=22.1deg [signalk-heading-true-calculator]
[2026-09-19T14:09:02.515Z] [FLOW] Wind→SK: TWD=85.8deg TWS=8.3kts TWA=63.7deg [signalk-truewind-calculator]
[2026-09-19T14:09:02.598Z] [FLOW] J30→SK: leeway=11.6deg [signalk-j30-leeway]
[2026-09-19T14:09:02.599Z] [FLOW] Compass→SK: headingTrue=22.9deg [signalk-heading-true-calculator]
[2026-09-19T14:09:02.616Z] [FLOW] NavCalc→SK: set=293.1degT drift=2.14kts [signalk-current-calculator]
[2026-09-19T14:09:02.632Z] [FLOW] NavCalc→SK: set=294.7degT drift=1.88kts [signalk-current-calculator]
[2026-09-19T14:09:02.708Z] [FLOW] Wind→SK: TWD=80.6deg TWS=8.4kts TWA=57.8deg [signalk-truewind-calculator]
[2026-09-19T14:09:02.793Z] [FLOW] J30→SK: leeway=10.8deg [signalk-j30-leeway]
[2026-09-19T14:09:02.794Z] [FLOW] Compass→SK: headingTrue=26.6deg [signalk-heading-true-calculator]
[2026-09-19T14:09:02.904Z] [FLOW] Wind→SK: TWD=80.6deg TWS=10.7kts TWA=54.0deg [signalk-truewind-calculator]
[2026-09-19T14:09:02.917Z] [FLOW] NavCalc→SK: set=296.0degT drift=1.88kts [signalk-current-calculator]
[2026-09-19T14:09:02.932Z] [FLOW] NavCalc→SK: set=301.1degT drift=1.94kts [signalk-current-calculator]
[2026-09-19T14:09:03.100Z] [FLOW] Wind→SK: TWD=83.5deg TWS=11.1kts TWA=56.9deg [signalk-truewind-calculator]
[2026-09-19T14:09:03.167Z] [FLOW] NavCalc→SK: set=300.0degT drift=2.01kts [signalk-current-calculator]
[2026-09-19T14:09:03.232Z] [FLOW] NavCalc→SK: set=296.4degT drift=1.99kts [signalk-current-calculator]
[2026-09-19T14:09:03.248Z] [FLOW] J30→SK: leeway=9.9deg [signalk-j30-leeway]
[2026-09-19T14:09:03.249Z] [FLOW] Compass→SK: headingTrue=35.4deg [signalk-heading-true-calculator]
[2026-09-19T14:09:03.416Z] [FLOW] NavCalc→SK: set=293.0degT drift=2.06kts [signalk-current-calculator]
[2026-09-19T14:09:03.489Z] [FLOW] Wind→SK: TWD=86.9deg TWS=11.8kts TWA=51.5deg [signalk-truewind-calculator]
[2026-09-19T14:09:03.535Z] [FLOW] NavCalc→SK: set=294.0degT drift=2.15kts [signalk-current-calculator]
[2026-09-19T14:09:03.667Z] [FLOW] NavCalc→SK: set=294.2degT drift=2.07kts [signalk-current-calculator]
[2026-09-19T14:09:03.683Z] [FLOW] Wind→SK: TWD=90.6deg TWS=11.9kts TWA=55.3deg [signalk-truewind-calculator]
[2026-09-19T14:09:03.783Z] [FLOW] NavCalc→SK: set=295.8degT drift=2.16kts [signalk-current-calculator]
[2026-09-19T14:09:03.879Z] [FLOW] Wind→SK: TWD=89.5deg TWS=11.0kts TWA=54.1deg [signalk-truewind-calculator]
[2026-09-19T14:09:03.881Z] [FLOW] J30→SK: leeway=11.0deg [signalk-j30-leeway]
[2026-09-19T14:09:03.883Z] [FLOW] Compass→SK: headingTrue=28.4deg [signalk-heading-true-calculator]
[2026-09-19T14:09:03.916Z] [FLOW] NavCalc→SK: set=302.3degT drift=1.83kts [signalk-current-calculator]
[2026-09-19T14:09:04.032Z] [FLOW] NavCalc→SK: set=304.9degT drift=1.72kts [signalk-current-calculator]
[2026-09-19T14:09:04.185Z] [FLOW] NavCalc→SK: set=310.3degT drift=1.53kts [signalk-current-calculator]
[2026-09-19T14:09:04.248Z] [FLOW] J30→SK: leeway=11.7deg [signalk-j30-leeway]
[2026-09-19T14:09:04.249Z] [FLOW] Compass→SK: headingTrue=25.4deg [signalk-heading-true-calculator]
[2026-09-19T14:09:04.273Z] [FLOW] Wind→SK: TWD=84.1deg TWS=9.5kts TWA=58.7deg [signalk-truewind-calculator]
[2026-09-19T14:09:04.285Z] [FLOW] NavCalc→SK: set=305.3degT drift=1.44kts [signalk-current-calculator]
[2026-09-19T14:09:04.417Z] [FLOW] NavCalc→SK: set=304.5degT drift=1.30kts [signalk-current-calculator]
[2026-09-19T14:09:04.464Z] [FLOW] Wind→SK: TWD=80.6deg TWS=9.8kts TWA=55.2deg [signalk-truewind-calculator]
[2026-09-19T14:09:04.534Z] [FLOW] NavCalc→SK: set=308.6degT drift=1.38kts [signalk-current-calculator]
[2026-09-19T14:09:04.659Z] [FLOW] Wind→SK: TWD=84.6deg TWS=10.2kts TWA=59.2deg [signalk-truewind-calculator]
[2026-09-19T14:09:04.694Z] [FLOW] J30→SK: leeway=8.4deg [signalk-j30-leeway]
[2026-09-19T14:09:04.695Z] [FLOW] Compass→SK: headingTrue=31.0deg [signalk-heading-true-calculator]
[2026-09-19T14:09:04.716Z] [FLOW] NavCalc→SK: set=292.8degT drift=1.57kts [signalk-current-calculator]
[2026-09-19T14:09:04.783Z] [FLOW] NavCalc→SK: set=292.4degT drift=1.47kts [signalk-current-calculator]
[2026-09-19T14:09:04.857Z] [FLOW] Wind→SK: TWD=89.0deg TWS=10.5kts TWA=58.0deg [signalk-truewind-calculator]
[2026-09-19T14:09:04.967Z] [FLOW] NavCalc→SK: set=285.6degT drift=1.64kts [signalk-current-calculator]
[2026-09-19T14:09:05.068Z] [FLOW] NavCalc→SK: set=280.0degT drift=1.59kts [signalk-current-calculator]
[2026-09-19T14:09:05.216Z] [FLOW] NavCalc→SK: set=278.0degT drift=1.36kts [signalk-current-calculator]
[2026-09-19T14:09:05.243Z] [FLOW] Wind→SK: TWD=90.7deg TWS=10.7kts TWA=59.7deg [signalk-truewind-calculator]
[2026-09-19T14:09:05.318Z] [FLOW] NavCalc→SK: set=281.2degT drift=1.36kts [signalk-current-calculator]
[2026-09-19T14:09:05.438Z] [FLOW] Wind→SK: TWD=85.4deg TWS=10.7kts TWA=54.4deg [signalk-truewind-calculator]
[2026-09-19T14:09:05.517Z] [FLOW] NavCalc→SK: set=295.6degT drift=1.33kts [signalk-current-calculator]
[2026-09-19T14:09:05.571Z] [FLOW] NavCalc→SK: set=306.4degT drift=1.31kts [signalk-current-calculator]
[2026-09-19T14:09:05.633Z] [FLOW] Wind→SK: TWD=83.3deg TWS=13.7kts TWA=52.3deg [signalk-truewind-calculator]
[2026-09-19T14:09:05.767Z] [FLOW] NavCalc→SK: set=309.0degT drift=1.38kts [signalk-current-calculator]
[2026-09-19T14:09:05.818Z] [FLOW] NavCalc→SK: set=312.6degT drift=1.30kts [signalk-current-calculator]
[2026-09-19T14:09:06.017Z] [FLOW] NavCalc→SK: set=311.3degT drift=1.33kts [signalk-current-calculator]
[2026-09-19T14:09:06.023Z] [FLOW] Wind→SK: TWD=74.8deg TWS=13.6kts TWA=43.8deg [signalk-truewind-calculator]
[2026-09-19T14:09:06.117Z] [FLOW] NavCalc→SK: set=305.8degT drift=1.38kts [signalk-current-calculator]
[2026-09-19T14:09:06.219Z] [FLOW] Wind→SK: TWD=73.3deg TWS=13.6kts TWA=42.3deg [signalk-truewind-calculator]
[2026-09-19T14:09:06.295Z] [FLOW] NavCalc→SK: set=299.2degT drift=1.39kts [signalk-current-calculator]
[2026-09-19T14:09:06.413Z] [FLOW] Wind→SK: TWD=74.1deg TWS=12.7kts TWA=43.2deg [signalk-truewind-calculator]
[2026-09-19T14:09:06.418Z] [FLOW] NavCalc→SK: set=297.2degT drift=1.41kts [signalk-current-calculator]
[2026-09-19T14:09:06.545Z] [FLOW] NavCalc→SK: set=297.0degT drift=1.44kts [signalk-current-calculator]
[2026-09-19T14:09:06.608Z] [FLOW] Wind→SK: TWD=76.6deg TWS=11.6kts TWA=45.6deg [signalk-truewind-calculator]
[2026-09-19T14:09:06.668Z] [FLOW] NavCalc→SK: set=296.8degT drift=1.47kts [signalk-current-calculator]
[2026-09-19T14:09:06.843Z] [FLOW] NavCalc→SK: set=302.3degT drift=1.56kts [signalk-current-calculator]
[2026-09-19T14:09:06.918Z] [FLOW] NavCalc→SK: set=304.2degT drift=1.57kts [signalk-current-calculator]
[2026-09-19T14:09:07.000Z] [FLOW] Wind→SK: TWD=77.2deg TWS=11.4kts TWA=46.2deg [signalk-truewind-calculator]
[2026-09-19T14:09:07.095Z] [FLOW] NavCalc→SK: set=308.4degT drift=1.55kts [signalk-current-calculator]
[2026-09-19T14:09:07.195Z] [FLOW] Wind→SK: TWD=77.0deg TWS=12.5kts TWA=46.0deg [signalk-truewind-calculator]
[2026-09-19T14:09:07.219Z] [FLOW] NavCalc→SK: set=308.2degT drift=1.57kts [signalk-current-calculator]
[2026-09-19T14:09:07.344Z] [FLOW] NavCalc→SK: set=311.5degT drift=1.50kts [signalk-current-calculator]
[2026-09-19T14:09:07.391Z] [FLOW] Wind→SK: TWD=75.5deg TWS=13.4kts TWA=44.5deg [signalk-truewind-calculator]
[2026-09-19T14:09:07.469Z] [FLOW] NavCalc→SK: set=310.1degT drift=1.54kts [signalk-current-calculator]
[2026-09-19T14:09:07.595Z] [FLOW] NavCalc→SK: set=305.2degT drift=1.56kts [signalk-current-calculator]
[2026-09-19T14:09:07.768Z] [FLOW] NavCalc→SK: set=304.4degT drift=1.57kts [signalk-current-calculator]
[2026-09-19T14:09:07.781Z] [FLOW] Wind→SK: TWD=75.6deg TWS=13.9kts TWA=44.6deg [signalk-truewind-calculator]
[2026-09-19T14:09:07.843Z] [FLOW] NavCalc→SK: set=299.2degT drift=1.67kts [signalk-current-calculator]
[2026-09-19T14:09:07.913Z] [FLOW] J30→SK: leeway=8.6deg [signalk-j30-leeway]
[2026-09-19T14:09:07.914Z] [FLOW] Compass→SK: headingTrue=31.9deg [signalk-heading-true-calculator]
[2026-09-19T14:09:07.975Z] [FLOW] Wind→SK: TWD=75.1deg TWS=13.9kts TWA=43.2deg [signalk-truewind-calculator]
[2026-09-19T14:09:08.018Z] [FLOW] NavCalc→SK: set=288.4degT drift=1.70kts [signalk-current-calculator]
[2026-09-19T14:09:08.027Z] [FLOW] J30→SK: leeway=8.1deg [signalk-j30-leeway]
[2026-09-19T14:09:08.028Z] [FLOW] Compass→SK: headingTrue=32.6deg [signalk-heading-true-calculator]
[2026-09-19T14:09:08.095Z] [FLOW] NavCalc→SK: set=286.2degT drift=1.63kts [signalk-current-calculator]
[2026-09-19T14:09:08.173Z] [FLOW] Wind→SK: TWD=85.4deg TWS=12.9kts TWA=52.8deg [signalk-truewind-calculator]
[2026-09-19T14:09:08.270Z] [FLOW] NavCalc→SK: set=281.4degT drift=1.72kts [signalk-current-calculator]
[2026-09-19T14:09:08.345Z] [FLOW] NavCalc→SK: set=282.4degT drift=1.76kts [signalk-current-calculator]
[2026-09-19T14:09:08.365Z] [FLOW] Wind→SK: TWD=88.0deg TWS=11.2kts TWA=55.5deg [signalk-truewind-calculator]
[2026-09-19T14:09:08.482Z] [FLOW] J30→SK: leeway=10.1deg [signalk-j30-leeway]
[2026-09-19T14:09:08.483Z] [FLOW] Compass→SK: headingTrue=27.1deg [signalk-heading-true-calculator]
[2026-09-19T14:09:08.570Z] [FLOW] NavCalc→SK: set=275.3degT drift=1.72kts [signalk-current-calculator]
[2026-09-19T14:09:08.597Z] [FLOW] NavCalc→SK: set=282.3degT drift=1.78kts [signalk-current-calculator]
[2026-09-19T14:09:08.758Z] [FLOW] Wind→SK: TWD=84.1deg TWS=10.8kts TWA=57.1deg [signalk-truewind-calculator]
[2026-09-19T14:09:08.844Z] [FLOW] NavCalc→SK: set=295.5degT drift=1.76kts [signalk-current-calculator]
[2026-09-19T14:09:08.868Z] [FLOW] NavCalc→SK: set=291.3degT drift=1.70kts [signalk-current-calculator]
[2026-09-19T14:09:08.920Z] [FLOW] J30→SK: leeway=15.0deg [signalk-j30-leeway]
[2026-09-19T14:09:08.922Z] [FLOW] Compass→SK: headingTrue=11.3deg [signalk-heading-true-calculator]
[2026-09-19T14:09:08.951Z] [FLOW] Wind→SK: TWD=61.2deg TWS=10.4kts TWA=49.9deg [signalk-truewind-calculator]
[2026-09-19T14:09:09.146Z] [FLOW] Wind→SK: TWD=58.8deg TWS=10.4kts TWA=47.5deg [signalk-truewind-calculator]
[2026-09-19T14:09:09.151Z] [FLOW] NavCalc→SK: set=289.5degT drift=1.51kts [signalk-current-calculator]
[2026-09-19T14:09:09.171Z] [FLOW] NavCalc→SK: set=293.9degT drift=1.53kts [signalk-current-calculator]
[2026-09-19T14:09:09.247Z] [FLOW] J30→SK: leeway=15.0deg [signalk-j30-leeway]
[2026-09-19T14:09:09.249Z] [FLOW] Compass→SK: headingTrue=17.1deg [signalk-heading-true-calculator]
[2026-09-19T14:09:09.341Z] [FLOW] Wind→SK: TWD=67.5deg TWS=10.7kts TWA=50.3deg [signalk-truewind-calculator]
[2026-09-19T14:09:09.443Z] [FLOW] NavCalc→SK: set=284.8degT drift=1.73kts [signalk-current-calculator]
[2026-09-19T14:09:09.469Z] [FLOW] NavCalc→SK: set=284.1degT drift=1.79kts [signalk-current-calculator]
[2026-09-19T14:09:09.489Z] [FLOW] J30→SK: leeway=13.8deg [signalk-j30-leeway]
[2026-09-19T14:09:09.491Z] [FLOW] Compass→SK: headingTrue=22.5deg [signalk-heading-true-calculator]
[2026-09-19T14:09:09.695Z] [FLOW] NavCalc→SK: set=280.2degT drift=2.00kts [signalk-current-calculator]
[2026-09-19T14:09:09.719Z] [FLOW] NavCalc→SK: set=280.8degT drift=2.22kts [signalk-current-calculator]
[2026-09-19T14:09:09.733Z] [FLOW] Wind→SK: TWD=78.2deg TWS=11.0kts TWA=55.7deg [signalk-truewind-calculator]
[2026-09-19T14:09:09.735Z] [FLOW] J30→SK: leeway=11.4deg [signalk-j30-leeway]
[2026-09-19T14:09:09.736Z] [FLOW] Compass→SK: headingTrue=26.0deg [signalk-heading-true-calculator]
[2026-09-19T14:09:09.927Z] [FLOW] Wind→SK: TWD=83.8deg TWS=11.4kts TWA=57.8deg [signalk-truewind-calculator]
[2026-09-19T14:09:09.948Z] [FLOW] NavCalc→SK: set=280.2degT drift=2.49kts [signalk-current-calculator]
[2026-09-19T14:09:09.958Z] [FLOW] NavCalc→SK: set=280.4degT drift=2.43kts [signalk-current-calculator]
[2026-09-19T14:09:10.120Z] [FLOW] Wind→SK: TWD=83.1deg TWS=11.0kts TWA=57.2deg [signalk-truewind-calculator]
[2026-09-19T14:09:10.194Z] [FLOW] NavCalc→SK: set=282.4degT drift=2.47kts [signalk-current-calculator]
[2026-09-19T14:09:10.246Z] [FLOW] NavCalc→SK: set=284.2degT drift=2.38kts [signalk-current-calculator]
[2026-09-19T14:09:10.285Z] [FLOW] J30→SK: leeway=15.0deg [signalk-j30-leeway]
[2026-09-19T14:09:10.286Z] [FLOW] Compass→SK: headingTrue=21.2deg [signalk-heading-true-calculator]
[2026-09-19T14:09:10.443Z] [FLOW] NavCalc→SK: set=288.6degT drift=2.29kts [signalk-current-calculator]
[2026-09-19T14:09:10.509Z] [FLOW] Wind→SK: TWD=80.8deg TWS=10.2kts TWA=59.6deg [signalk-truewind-calculator]
[2026-09-19T14:09:10.546Z] [FLOW] NavCalc→SK: set=287.0degT drift=2.23kts [signalk-current-calculator]
[2026-09-19T14:09:10.694Z] [FLOW] NavCalc→SK: set=291.1degT drift=2.13kts [signalk-current-calculator]
[2026-09-19T14:09:10.704Z] [FLOW] Wind→SK: TWD=79.4deg TWS=10.5kts TWA=58.2deg [signalk-truewind-calculator]
[2026-09-19T14:09:10.796Z] [FLOW] NavCalc→SK: set=292.3degT drift=2.09kts [signalk-current-calculator]
[2026-09-19T14:09:10.899Z] [FLOW] Wind→SK: TWD=77.3deg TWS=11.3kts TWA=56.1deg [signalk-truewind-calculator]
[2026-09-19T14:09:10.943Z] [FLOW] NavCalc→SK: set=291.9degT drift=2.21kts [signalk-current-calculator]
[2026-09-19T14:09:11.095Z] [FLOW] Wind→SK: TWD=73.8deg TWS=12.6kts TWA=52.6deg [signalk-truewind-calculator]
[2026-09-19T14:09:11.101Z] [FLOW] NavCalc→SK: set=288.4degT drift=2.18kts [signalk-current-calculator]
[2026-09-19T14:09:11.292Z] [FLOW] J30→SK: leeway=15.0deg [signalk-j30-leeway]
[2026-09-19T14:09:11.293Z] [FLOW] Compass→SK: headingTrue=18.2deg [signalk-heading-true-calculator]
[2026-09-19T14:09:11.311Z] [FLOW] NavCalc→SK: set=294.1degT drift=2.03kts [signalk-current-calculator]
[2026-09-19T14:09:11.401Z] [FLOW] NavCalc→SK: set=291.8degT drift=2.07kts [signalk-current-calculator]
[2026-09-19T14:09:11.484Z] [FLOW] Wind→SK: TWD=71.7deg TWS=13.2kts TWA=53.4deg [signalk-truewind-calculator]
[2026-09-19T14:09:11.532Z] [FLOW] NavCalc→SK: set=285.5degT drift=2.25kts [signalk-current-calculator]
[2026-09-19T14:09:11.648Z] [FLOW] NavCalc→SK: set=283.1degT drift=2.23kts [signalk-current-calculator]
[2026-09-19T14:09:11.679Z] [FLOW] Wind→SK: TWD=69.0deg TWS=12.3kts TWA=50.7deg [signalk-truewind-calculator]
[2026-09-19T14:09:11.747Z] [FLOW] J30→SK: leeway=12.5deg [signalk-j30-leeway]
[2026-09-19T14:09:11.748Z] [FLOW] Compass→SK: headingTrue=22.9deg [signalk-heading-true-calculator]
[2026-09-19T14:09:11.782Z] [FLOW] NavCalc→SK: set=279.1degT drift=2.14kts [signalk-current-calculator]
[2026-09-19T14:09:11.874Z] [FLOW] Wind→SK: TWD=79.1deg TWS=11.4kts TWA=56.2deg [signalk-truewind-calculator]
[2026-09-19T14:09:11.897Z] [FLOW] NavCalc→SK: set=284.4degT drift=2.25kts [signalk-current-calculator]
[2026-09-19T14:09:11.942Z] [FLOW] J30→SK: leeway=11.7deg [signalk-j30-leeway]
[2026-09-19T14:09:11.944Z] [FLOW] Compass→SK: headingTrue=23.6deg [signalk-heading-true-calculator]
[2026-09-19T14:09:12.031Z] [FLOW] NavCalc→SK: set=282.8degT drift=2.41kts [signalk-current-calculator]
[2026-09-19T14:09:12.056Z] [FLOW] J30→SK: leeway=11.8deg [signalk-j30-leeway]
[2026-09-19T14:09:12.057Z] [FLOW] Compass→SK: headingTrue=23.3deg [signalk-heading-true-calculator]
[2026-09-19T14:09:12.146Z] [FLOW] NavCalc→SK: set=283.6degT drift=2.41kts [signalk-current-calculator]
[2026-09-19T14:09:12.264Z] [FLOW] Wind→SK: TWD=83.5deg TWS=11.4kts TWA=60.3deg [signalk-truewind-calculator]
[2026-09-19T14:09:12.311Z] [FLOW] NavCalc→SK: set=282.5degT drift=2.46kts [signalk-current-calculator]
[2026-09-19T14:09:12.396Z] [FLOW] NavCalc→SK: set=278.5degT drift=2.37kts [signalk-current-calculator]
[2026-09-19T14:09:12.459Z] [FLOW] Wind→SK: TWD=78.8deg TWS=10.4kts TWA=55.5deg [signalk-truewind-calculator]
[2026-09-19T14:09:12.532Z] [FLOW] NavCalc→SK: set=279.1degT drift=2.12kts [signalk-current-calculator]
[2026-09-19T14:09:12.648Z] [FLOW] NavCalc→SK: set=278.9degT drift=2.15kts [signalk-current-calculator]
[2026-09-19T14:09:12.654Z] [FLOW] Wind→SK: TWD=80.9deg TWS=11.2kts TWA=57.6deg [signalk-truewind-calculator]
[2026-09-19T14:09:12.679Z] [FLOW] J30→SK: leeway=12.6deg [signalk-j30-leeway]
[2026-09-19T14:09:12.680Z] [FLOW] Compass→SK: headingTrue=19.5deg [signalk-heading-true-calculator]
[2026-09-19T14:09:12.782Z] [FLOW] NavCalc→SK: set=280.6degT drift=2.17kts [signalk-current-calculator]
[2026-09-19T14:09:12.848Z] [FLOW] Wind→SK: TWD=71.5deg TWS=10.6kts TWA=52.0deg [signalk-truewind-calculator]
[2026-09-19T14:09:12.945Z] [FLOW] NavCalc→SK: set=281.3degT drift=2.04kts [signalk-current-calculator]
[2026-09-19T14:09:13.033Z] [FLOW] NavCalc→SK: set=284.8degT drift=2.07kts [signalk-current-calculator]
[2026-09-19T14:09:13.195Z] [FLOW] NavCalc→SK: set=283.2degT drift=2.07kts [signalk-current-calculator]
[2026-09-19T14:09:13.239Z] [FLOW] Wind→SK: TWD=70.5deg TWS=10.6kts TWA=51.1deg [signalk-truewind-calculator]
[2026-09-19T14:09:13.307Z] [FLOW] J30→SK: leeway=13.9deg [signalk-j30-leeway]
[2026-09-19T14:09:13.308Z] [FLOW] Compass→SK: headingTrue=18.2deg [signalk-heading-true-calculator]
[2026-09-19T14:09:13.332Z] [FLOW] NavCalc→SK: set=284.9degT drift=1.96kts [signalk-current-calculator]
[2026-09-19T14:09:13.496Z] [FLOW] NavCalc→SK: set=284.4degT drift=2.04kts [signalk-current-calculator]
[2026-09-19T14:09:13.519Z] [FLOW] J30→SK: leeway=13.1deg [signalk-j30-leeway]
[2026-09-19T14:09:13.520Z] [FLOW] Compass→SK: headingTrue=18.5deg [signalk-heading-true-calculator]
[2026-09-19T14:09:13.583Z] [FLOW] NavCalc→SK: set=283.1degT drift=2.04kts [signalk-current-calculator]
[2026-09-19T14:09:13.632Z] [FLOW] Wind→SK: TWD=71.5deg TWS=10.7kts TWA=53.0deg [signalk-truewind-calculator]
[2026-09-19T14:09:13.633Z] [FLOW] Wind→SK: TWD=71.5deg TWS=10.7kts TWA=53.0deg [signalk-truewind-calculator]
[2026-09-19T14:09:13.714Z] [FLOW] J30→SK: leeway=12.4deg [signalk-j30-leeway]
[2026-09-19T14:09:13.715Z] [FLOW] Compass→SK: headingTrue=19.3deg [signalk-heading-true-calculator]
[2026-09-19T14:09:13.775Z] [FLOW] NavCalc→SK: set=283.7degT drift=2.07kts [signalk-current-calculator]
[2026-09-19T14:09:13.882Z] [FLOW] NavCalc→SK: set=285.1degT drift=2.07kts [signalk-current-calculator]
[2026-09-19T14:09:13.995Z] [FLOW] NavCalc→SK: set=285.4degT drift=2.02kts [signalk-current-calculator]
[2026-09-19T14:09:14.019Z] [FLOW] Wind→SK: TWD=74.9deg TWS=10.5kts TWA=55.6deg [signalk-truewind-calculator]
[2026-09-19T14:09:14.132Z] [FLOW] NavCalc→SK: set=286.6degT drift=1.94kts [signalk-current-calculator]
[2026-09-19T14:09:14.214Z] [FLOW] Wind→SK: TWD=76.7deg TWS=11.5kts TWA=57.5deg [signalk-truewind-calculator]
[2026-09-19T14:09:14.296Z] [FLOW] NavCalc→SK: set=287.7degT drift=1.92kts [signalk-current-calculator]
[2026-09-19T14:09:14.409Z] [FLOW] Wind→SK: TWD=75.9deg TWS=11.3kts TWA=56.6deg [signalk-truewind-calculator]
[2026-09-19T14:09:14.434Z] [FLOW] NavCalc→SK: set=288.4degT drift=1.86kts [signalk-current-calculator]
[2026-09-19T14:09:14.546Z] [FLOW] NavCalc→SK: set=288.8degT drift=1.83kts [signalk-current-calculator]
[2026-09-19T14:09:14.604Z] [FLOW] Wind→SK: TWD=75.8deg TWS=11.5kts TWA=56.5deg [signalk-truewind-calculator]
[2026-09-19T14:09:14.732Z] [FLOW] NavCalc→SK: set=287.9degT drift=1.88kts [signalk-current-calculator]
[2026-09-19T14:09:14.870Z] [FLOW] NavCalc→SK: set=287.0degT drift=1.96kts [signalk-current-calculator]
[2026-09-19T14:09:14.966Z] [FLOW] J30→SK: leeway=12.2deg [signalk-j30-leeway]
[2026-09-19T14:09:14.968Z] [FLOW] Compass→SK: headingTrue=21.2deg [signalk-heading-true-calculator]
[2026-09-19T14:09:14.984Z] [FLOW] NavCalc→SK: set=287.0degT drift=2.00kts [signalk-current-calculator]
[2026-09-19T14:09:14.998Z] [FLOW] Wind→SK: TWD=77.6deg TWS=12.1kts TWA=56.4deg [signalk-truewind-calculator]
[2026-09-19T14:09:15.096Z] [FLOW] NavCalc→SK: set=283.5degT drift=2.08kts [signalk-current-calculator]
[2026-09-19T14:09:15.190Z] [FLOW] Wind→SK: TWD=74.9deg TWS=11.7kts TWA=53.6deg [signalk-truewind-calculator]
[2026-09-19T14:09:15.284Z] [FLOW] NavCalc→SK: set=284.0degT drift=1.99kts [signalk-current-calculator]
[2026-09-19T14:09:15.292Z] [FLOW] J30→SK: leeway=12.3deg [signalk-j30-leeway]
[2026-09-19T14:09:15.293Z] [FLOW] Compass→SK: headingTrue=19.6deg [signalk-heading-true-calculator]
[2026-09-19T14:09:15.346Z] [FLOW] NavCalc→SK: set=284.8degT drift=1.92kts [signalk-current-calculator]
[2026-09-19T14:09:15.386Z] [FLOW] Wind→SK: TWD=75.7deg TWS=11.9kts TWA=56.1deg [signalk-truewind-calculator]
[2026-09-19T14:09:15.584Z] [FLOW] NavCalc→SK: set=284.1degT drift=1.99kts [signalk-current-calculator]
[2026-09-19T14:09:15.596Z] [FLOW] NavCalc→SK: set=283.9degT drift=1.95kts [signalk-current-calculator]
[2026-09-19T14:09:15.730Z] [FLOW] J30→SK: leeway=12.6deg [signalk-j30-leeway]
[2026-09-19T14:09:15.732Z] [FLOW] Compass→SK: headingTrue=18.4deg [signalk-heading-true-calculator]
[2026-09-19T14:09:15.775Z] [FLOW] Wind→SK: TWD=71.7deg TWS=12.6kts TWA=53.2deg [signalk-truewind-calculator]
[2026-09-19T14:09:15.833Z] [FLOW] NavCalc→SK: set=285.1degT drift=1.90kts [signalk-current-calculator]
[2026-09-19T14:09:15.877Z] [FLOW] NavCalc→SK: set=283.1degT drift=1.84kts [signalk-current-calculator]
[2026-09-19T14:09:15.891Z] [FLOW] J30→SK: leeway=11.7deg [signalk-j30-leeway]
[2026-09-19T14:09:15.893Z] [FLOW] Compass→SK: headingTrue=19.0deg [signalk-heading-true-calculator]
[2026-09-19T14:09:15.969Z] [FLOW] Wind→SK: TWD=72.6deg TWS=12.8kts TWA=53.5deg [signalk-truewind-calculator]
[2026-09-19T14:09:15.972Z] [FLOW] J30→SK: leeway=12.4deg [signalk-j30-leeway]
[2026-09-19T14:09:15.973Z] [FLOW] Compass→SK: headingTrue=19.3deg [signalk-heading-true-calculator]
[2026-09-19T14:09:16.083Z] [FLOW] NavCalc→SK: set=287.8degT drift=1.87kts [signalk-current-calculator]
[2026-09-19T14:09:16.095Z] [FLOW] NavCalc→SK: set=289.2degT drift=1.90kts [signalk-current-calculator]
[2026-09-19T14:09:16.163Z] [FLOW] Wind→SK: TWD=71.5deg TWS=12.5kts TWA=52.1deg [signalk-truewind-calculator]
[2026-09-19T14:09:16.297Z] [FLOW] J30→SK: leeway=12.6deg [signalk-j30-leeway]
[2026-09-19T14:09:16.299Z] [FLOW] Compass→SK: headingTrue=21.2deg [signalk-heading-true-calculator]
[2026-09-19T14:09:16.360Z] [FLOW] Wind→SK: TWD=74.1deg TWS=12.3kts TWA=53.0deg [signalk-truewind-calculator]
[2026-09-19T14:09:16.368Z] [FLOW] NavCalc→SK: set=292.2degT drift=1.82kts [signalk-current-calculator]
[2026-09-19T14:09:16.396Z] [FLOW] NavCalc→SK: set=294.8degT drift=1.85kts [signalk-current-calculator]
[2026-09-19T14:09:16.543Z] [FLOW] J30→SK: leeway=12.2deg [signalk-j30-leeway]
[2026-09-19T14:09:16.544Z] [FLOW] Compass→SK: headingTrue=22.3deg [signalk-heading-true-calculator]
[2026-09-19T14:09:16.590Z] [FLOW] NavCalc→SK: set=296.7degT drift=1.92kts [signalk-current-calculator]
[2026-09-19T14:09:16.645Z] [FLOW] NavCalc→SK: set=301.3degT drift=1.90kts [signalk-current-calculator]
[2026-09-19T14:09:16.736Z] [FLOW] J30→SK: leeway=12.1deg [signalk-j30-leeway]
[2026-09-19T14:09:16.737Z] [FLOW] Compass→SK: headingTrue=23.0deg [signalk-heading-true-calculator]
[2026-09-19T14:09:16.749Z] [FLOW] Wind→SK: TWD=78.9deg TWS=12.1kts TWA=55.9deg [signalk-truewind-calculator]
[2026-09-19T14:09:16.841Z] [FLOW] NavCalc→SK: set=300.5degT drift=1.91kts [signalk-current-calculator]
[2026-09-19T14:09:16.896Z] [FLOW] NavCalc→SK: set=302.1degT drift=1.89kts [signalk-current-calculator]
[2026-09-19T14:09:16.944Z] [FLOW] Wind→SK: TWD=78.6deg TWS=11.5kts TWA=55.7deg [signalk-truewind-calculator]
[2026-09-19T14:09:17.138Z] [FLOW] Wind→SK: TWD=80.3deg TWS=10.6kts TWA=57.3deg [signalk-truewind-calculator]
[2026-09-19T14:09:17.142Z] [FLOW] NavCalc→SK: set=298.8degT drift=1.86kts [signalk-current-calculator]
[2026-09-19T14:09:17.152Z] [FLOW] NavCalc→SK: set=297.2degT drift=1.90kts [signalk-current-calculator]
[2026-09-19T14:09:17.386Z] [FLOW] J30→SK: leeway=9.9deg [signalk-j30-leeway]
[2026-09-19T14:09:17.387Z] [FLOW] Compass→SK: headingTrue=25.3deg [signalk-heading-true-calculator]
[2026-09-19T14:09:17.396Z] [FLOW] NavCalc→SK: set=292.8degT drift=1.79kts [signalk-current-calculator]
[2026-09-19T14:09:17.440Z] [FLOW] NavCalc→SK: set=290.9degT drift=1.87kts [signalk-current-calculator]
[2026-09-19T14:09:17.529Z] [FLOW] Wind→SK: TWD=82.6deg TWS=11.1kts TWA=57.3deg [signalk-truewind-calculator]
[2026-09-19T14:09:17.646Z] [FLOW] NavCalc→SK: set=287.7degT drift=1.94kts [signalk-current-calculator]
[2026-09-19T14:09:17.690Z] [FLOW] NavCalc→SK: set=286.4degT drift=2.00kts [signalk-current-calculator]
[2026-09-19T14:09:17.724Z] [FLOW] Wind→SK: TWD=82.1deg TWS=11.1kts TWA=56.7deg [signalk-truewind-calculator]
[2026-09-19T14:09:17.743Z] [FLOW] J30→SK: leeway=10.5deg [signalk-j30-leeway]
[2026-09-19T14:09:17.745Z] [FLOW] Compass→SK: headingTrue=23.9deg [signalk-heading-true-calculator]
[2026-09-19T14:09:17.896Z] [FLOW] NavCalc→SK: set=284.1degT drift=2.00kts [signalk-current-calculator]
[2026-09-19T14:09:17.918Z] [FLOW] Wind→SK: TWD=78.1deg TWS=10.7kts TWA=54.2deg [signalk-truewind-calculator]
[2026-09-19T14:09:17.940Z] [FLOW] NavCalc→SK: set=288.0degT drift=1.86kts [signalk-current-calculator]
[2026-09-19T14:09:18.113Z] [FLOW] Wind→SK: TWD=81.6deg TWS=10.7kts TWA=57.6deg [signalk-truewind-calculator]
[2026-09-19T14:09:18.146Z] [FLOW] NavCalc→SK: set=289.1degT drift=1.84kts [signalk-current-calculator]
[2026-09-19T14:09:18.182Z] [FLOW] J30→SK: leeway=10.4deg [signalk-j30-leeway]
[2026-09-19T14:09:18.183Z] [FLOW] Compass→SK: headingTrue=20.9deg [signalk-heading-true-calculator]
[2026-09-19T14:09:18.191Z] [FLOW] NavCalc→SK: set=292.4degT drift=1.66kts [signalk-current-calculator]
[2026-09-19T14:09:18.395Z] [FLOW] NavCalc→SK: set=289.3degT drift=1.63kts [signalk-current-calculator]
[2026-09-19T14:09:18.440Z] [FLOW] NavCalc→SK: set=286.1degT drift=1.57kts [signalk-current-calculator]
[2026-09-19T14:09:18.504Z] [FLOW] Wind→SK: TWD=76.1deg TWS=10.9kts TWA=55.2deg [signalk-truewind-calculator]
[2026-09-19T14:09:18.646Z] [FLOW] NavCalc→SK: set=288.3degT drift=1.67kts [signalk-current-calculator]
[2026-09-19T14:09:18.699Z] [FLOW] Wind→SK: TWD=80.2deg TWS=10.1kts TWA=59.3deg [signalk-truewind-calculator]
[2026-09-19T14:09:18.740Z] [FLOW] NavCalc→SK: set=290.7degT drift=1.73kts [signalk-current-calculator]
[2026-09-19T14:09:18.894Z] [FLOW] Wind→SK: TWD=82.0deg TWS=9.5kts TWA=61.1deg [signalk-truewind-calculator]
[2026-09-19T14:09:18.896Z] [FLOW] NavCalc→SK: set=294.7degT drift=1.76kts [signalk-current-calculator]
[2026-09-19T14:09:19.042Z] [FLOW] NavCalc→SK: set=294.3degT drift=1.83kts [signalk-current-calculator]
[2026-09-19T14:09:19.089Z] [FLOW] Wind→SK: TWD=80.5deg TWS=9.3kts TWA=59.6deg [signalk-truewind-calculator]
[2026-09-19T14:09:19.196Z] [FLOW] NavCalc→SK: set=300.0degT drift=1.78kts [signalk-current-calculator]
[2026-09-19T14:09:19.292Z] [FLOW] NavCalc→SK: set=300.9degT drift=1.79kts [signalk-current-calculator]
[2026-09-19T14:09:19.320Z] [FLOW] J30→SK: leeway=11.6deg [signalk-j30-leeway]
[2026-09-19T14:09:19.321Z] [FLOW] Compass→SK: headingTrue=20.0deg [signalk-heading-true-calculator]
[2026-09-19T14:09:19.446Z] [FLOW] NavCalc→SK: set=307.0degT drift=1.77kts [signalk-current-calculator]
[2026-09-19T14:09:19.479Z] [FLOW] Wind→SK: TWD=85.3deg TWS=9.2kts TWA=65.3deg [signalk-truewind-calculator]
[2026-09-19T14:09:19.540Z] [FLOW] NavCalc→SK: set=305.5degT drift=1.73kts [signalk-current-calculator]
[2026-09-19T14:09:19.683Z] [FLOW] Wind→SK: TWD=81.4deg TWS=9.3kts TWA=61.4deg [signalk-truewind-calculator]
[2026-09-19T14:09:19.789Z] [FLOW] NavCalc→SK: set=305.5degT drift=1.66kts [signalk-current-calculator]
[2026-09-19T14:09:19.840Z] [FLOW] NavCalc→SK: set=305.4degT drift=1.69kts [signalk-current-calculator]
[2026-09-19T14:09:19.869Z] [FLOW] Wind→SK: TWD=83.6deg TWS=9.4kts TWA=63.6deg [signalk-truewind-calculator]
[2026-09-19T14:09:20.010Z] [FLOW] NavCalc→SK: set=303.5degT drift=1.69kts [signalk-current-calculator]
[2026-09-19T14:09:20.091Z] [FLOW] NavCalc→SK: set=306.9degT drift=1.67kts [signalk-current-calculator]
[2026-09-19T14:09:20.260Z] [FLOW] Wind→SK: TWD=85.1deg TWS=9.5kts TWA=65.1deg [signalk-truewind-calculator]
[2026-09-19T14:09:20.310Z] [FLOW] NavCalc→SK: set=298.2degT drift=1.66kts [signalk-current-calculator]
[2026-09-19T14:09:20.392Z] [FLOW] J30→SK: leeway=9.6deg [signalk-j30-leeway]
[2026-09-19T14:09:20.393Z] [FLOW] Compass→SK: headingTrue=26.1deg [signalk-heading-true-calculator]
[2026-09-19T14:09:20.395Z] [FLOW] NavCalc→SK: set=297.1degT drift=1.74kts [signalk-current-calculator]
[2026-09-19T14:09:20.454Z] [FLOW] Wind→SK: TWD=88.8deg TWS=10.3kts TWA=62.7deg [signalk-truewind-calculator]
[2026-09-19T14:09:20.559Z] [FLOW] NavCalc→SK: set=285.8degT drift=1.89kts [signalk-current-calculator]
[2026-09-19T14:09:20.649Z] [FLOW] Wind→SK: TWD=84.0deg TWS=10.2kts TWA=57.9deg [signalk-truewind-calculator]
[2026-09-19T14:09:20.690Z] [FLOW] NavCalc→SK: set=286.8degT drift=1.94kts [signalk-current-calculator]
[2026-09-19T14:09:20.718Z] [FLOW] J30→SK: leeway=9.5deg [signalk-j30-leeway]
[2026-09-19T14:09:20.720Z] [FLOW] Compass→SK: headingTrue=18.4deg [signalk-heading-true-calculator]
[2026-09-19T14:09:20.812Z] [FLOW] NavCalc→SK: set=285.1degT drift=1.91kts [signalk-current-calculator]
[2026-09-19T14:09:20.844Z] [FLOW] Wind→SK: TWD=81.1deg TWS=9.6kts TWA=62.7deg [signalk-truewind-calculator]
[2026-09-19T14:09:20.940Z] [FLOW] NavCalc→SK: set=283.9degT drift=1.85kts [signalk-current-calculator]
[2026-09-19T14:09:21.063Z] [FLOW] NavCalc→SK: set=291.3degT drift=1.79kts [signalk-current-calculator]
[2026-09-19T14:09:21.236Z] [FLOW] Wind→SK: TWD=88.5deg TWS=9.9kts TWA=70.1deg [signalk-truewind-calculator]
[2026-09-19T14:09:21.309Z] [FLOW] NavCalc→SK: set=287.1degT drift=1.89kts [signalk-current-calculator]
[2026-09-19T14:09:21.317Z] [FLOW] NavCalc→SK: set=284.8degT drift=1.86kts [signalk-current-calculator]
[2026-09-19T14:09:21.400Z] [FLOW] J30→SK: leeway=9.3deg [signalk-j30-leeway]
[2026-09-19T14:09:21.402Z] [FLOW] Compass→SK: headingTrue=17.5deg [signalk-heading-true-calculator]
[2026-09-19T14:09:21.430Z] [FLOW] Wind→SK: TWD=84.7deg TWS=8.8kts TWA=67.2deg [signalk-truewind-calculator]
[2026-09-19T14:09:21.530Z] [FLOW] J30→SK: leeway=9.1deg [signalk-j30-leeway]
[2026-09-19T14:09:21.531Z] [FLOW] Compass→SK: headingTrue=19.5deg [signalk-heading-true-calculator]
[2026-09-19T14:09:21.561Z] [FLOW] NavCalc→SK: set=284.0degT drift=1.79kts [signalk-current-calculator]
[2026-09-19T14:09:21.616Z] [FLOW] NavCalc→SK: set=281.4degT drift=1.81kts [signalk-current-calculator]
[2026-09-19T14:09:21.626Z] [FLOW] Wind→SK: TWD=85.3deg TWS=9.1kts TWA=65.8deg [signalk-truewind-calculator]
[2026-09-19T14:09:21.809Z] [FLOW] NavCalc→SK: set=281.8degT drift=1.75kts [signalk-current-calculator]
[2026-09-19T14:09:21.864Z] [FLOW] NavCalc→SK: set=279.0degT drift=1.69kts [signalk-current-calculator]
[2026-09-19T14:09:22.014Z] [FLOW] Wind→SK: TWD=83.8deg TWS=9.0kts TWA=64.3deg [signalk-truewind-calculator]
[2026-09-19T14:09:22.060Z] [FLOW] NavCalc→SK: set=284.7degT drift=1.62kts [signalk-current-calculator]
[2026-09-19T14:09:22.164Z] [FLOW] NavCalc→SK: set=287.4degT drift=1.70kts [signalk-current-calculator]
[2026-09-19T14:09:22.209Z] [FLOW] Wind→SK: TWD=85.9deg TWS=9.3kts TWA=66.4deg [signalk-truewind-calculator]
[2026-09-19T14:09:22.310Z] [FLOW] NavCalc→SK: set=285.7degT drift=1.64kts [signalk-current-calculator]
[2026-09-19T14:09:22.404Z] [FLOW] Wind→SK: TWD=79.3deg TWS=8.9kts TWA=59.8deg [signalk-truewind-calculator]
[2026-09-19T14:09:22.407Z] [FLOW] J30→SK: leeway=10.1deg [signalk-j30-leeway]
[2026-09-19T14:09:22.408Z] [FLOW] Compass→SK: headingTrue=21.1deg [signalk-heading-true-calculator]
[2026-09-19T14:09:22.415Z] [FLOW] NavCalc→SK: set=295.4degT drift=1.50kts [signalk-current-calculator]
[2026-09-19T14:09:22.537Z] [FLOW] J30→SK: leeway=10.3deg [signalk-j30-leeway]
[2026-09-19T14:09:22.538Z] [FLOW] Compass→SK: headingTrue=20.1deg [signalk-heading-true-calculator]
[2026-09-19T14:09:22.559Z] [FLOW] NavCalc→SK: set=297.1degT drift=1.53kts [signalk-current-calculator]
[2026-09-19T14:09:22.598Z] [FLOW] Wind→SK: TWD=76.4deg TWS=11.1kts TWA=56.3deg [signalk-truewind-calculator]
[2026-09-19T14:09:22.664Z] [FLOW] NavCalc→SK: set=301.5degT drift=1.66kts [signalk-current-calculator]
[2026-09-19T14:09:22.732Z] [FLOW] J30→SK: leeway=10.4deg [signalk-j30-leeway]
[2026-09-19T14:09:22.733Z] [FLOW] Compass→SK: headingTrue=19.2deg [signalk-heading-true-calculator]
[2026-09-19T14:09:22.810Z] [FLOW] NavCalc→SK: set=302.3degT drift=1.68kts [signalk-current-calculator]
[2026-09-19T14:09:22.913Z] [FLOW] NavCalc→SK: set=296.8degT drift=1.76kts [signalk-current-calculator]
[2026-09-19T14:09:22.990Z] [FLOW] Wind→SK: TWD=72.5deg TWS=10.8kts TWA=53.4deg [signalk-truewind-calculator]
[2026-09-19T14:09:23.060Z] [FLOW] NavCalc→SK: set=295.9degT drift=1.70kts [signalk-current-calculator]
[2026-09-19T14:09:23.165Z] [FLOW] NavCalc→SK: set=290.0degT drift=1.68kts [signalk-current-calculator]
[2026-09-19T14:09:23.184Z] [FLOW] Wind→SK: TWD=69.4deg TWS=12.4kts TWA=50.3deg [signalk-truewind-calculator]
[2026-09-19T14:09:23.311Z] [FLOW] NavCalc→SK: set=291.0degT drift=1.63kts [signalk-current-calculator]
[2026-09-19T14:09:23.379Z] [FLOW] Wind→SK: TWD=71.3deg TWS=12.1kts TWA=52.2deg [signalk-truewind-calculator]
[2026-09-19T14:09:23.413Z] [FLOW] NavCalc→SK: set=289.7degT drift=1.60kts [signalk-current-calculator]
[2026-09-19T14:09:23.560Z] [FLOW] NavCalc→SK: set=291.1degT drift=1.51kts [signalk-current-calculator]
[2026-09-19T14:09:23.626Z] [FLOW] J30→SK: leeway=8.4deg [signalk-j30-leeway]
[2026-09-19T14:09:23.627Z] [FLOW] Compass→SK: headingTrue=21.7deg [signalk-heading-true-calculator]
[2026-09-19T14:09:23.665Z] [FLOW] NavCalc→SK: set=289.7degT drift=1.55kts [signalk-current-calculator]
[2026-09-19T14:09:23.739Z] [FLOW] J30→SK: leeway=8.5deg [signalk-j30-leeway]
[2026-09-19T14:09:23.740Z] [FLOW] Compass→SK: headingTrue=21.3deg [signalk-heading-true-calculator]
[2026-09-19T14:09:23.769Z] [FLOW] Wind→SK: TWD=72.3deg TWS=12.1kts TWA=51.1deg [signalk-truewind-calculator]
[2026-09-19T14:09:23.810Z] [FLOW] NavCalc→SK: set=293.5degT drift=1.44kts [signalk-current-calculator]
[2026-09-19T14:09:23.915Z] [FLOW] NavCalc→SK: set=293.3degT drift=1.49kts [signalk-current-calculator]
[2026-09-19T14:09:23.963Z] [FLOW] Wind→SK: TWD=74.5deg TWS=11.4kts TWA=53.2deg [signalk-truewind-calculator]
[2026-09-19T14:09:24.060Z] [FLOW] NavCalc→SK: set=299.1degT drift=1.52kts [signalk-current-calculator]
[2026-09-19T14:09:24.159Z] [FLOW] Wind→SK: TWD=76.4deg TWS=11.4kts TWA=55.1deg [signalk-truewind-calculator]
[2026-09-19T14:09:24.163Z] [FLOW] NavCalc→SK: set=294.7degT drift=1.62kts [signalk-current-calculator]
[2026-09-19T14:09:24.309Z] [FLOW] NavCalc→SK: set=294.1degT drift=1.54kts [signalk-current-calculator]
[2026-09-19T14:09:24.353Z] [FLOW] Wind→SK: TWD=72.4deg TWS=10.9kts TWA=51.2deg [signalk-truewind-calculator]
[2026-09-19T14:09:24.416Z] [FLOW] NavCalc→SK: set=298.3degT drift=1.41kts [signalk-current-calculator]
[2026-09-19T14:09:24.552Z] [FLOW] J30→SK: leeway=8.9deg [signalk-j30-leeway]
[2026-09-19T14:09:24.553Z] [FLOW] Compass→SK: headingTrue=20.1deg [signalk-heading-true-calculator]
[2026-09-19T14:09:24.559Z] [FLOW] NavCalc→SK: set=308.5degT drift=1.39kts [signalk-current-calculator]
[2026-09-19T14:09:24.715Z] [FLOW] NavCalc→SK: set=303.8degT drift=1.40kts [signalk-current-calculator]
[2026-09-19T14:09:24.746Z] [FLOW] Wind→SK: TWD=71.6deg TWS=10.6kts TWA=51.5deg [signalk-truewind-calculator]
[2026-09-19T14:09:24.750Z] [FLOW] J30→SK: leeway=9.0deg [signalk-j30-leeway]
[2026-09-19T14:09:24.751Z] [FLOW] Compass→SK: headingTrue=18.5deg [signalk-heading-true-calculator]
[2026-09-19T14:09:24.810Z] [FLOW] NavCalc→SK: set=292.4degT drift=1.24kts [signalk-current-calculator]
[2026-09-19T14:09:24.939Z] [FLOW] Wind→SK: TWD=63.7deg TWS=10.7kts TWA=45.1deg [signalk-truewind-calculator]
[2026-09-19T14:09:24.965Z] [FLOW] NavCalc→SK: set=295.7degT drift=1.13kts [signalk-current-calculator]
[2026-09-19T14:09:25.093Z] [FLOW] NavCalc→SK: set=313.0degT drift=1.08kts [signalk-current-calculator]
[2026-09-19T14:09:25.134Z] [FLOW] Wind→SK: TWD=76.1deg TWS=10.1kts TWA=57.6deg [signalk-truewind-calculator]
[2026-09-19T14:09:25.214Z] [FLOW] NavCalc→SK: set=309.9degT drift=1.04kts [signalk-current-calculator]
[2026-09-19T14:09:25.342Z] [FLOW] NavCalc→SK: set=302.0degT drift=1.17kts [signalk-current-calculator]
[2026-09-19T14:09:25.493Z] [FLOW] NavCalc→SK: set=297.9degT drift=0.81kts [signalk-current-calculator]
[2026-09-19T14:09:25.524Z] [FLOW] Wind→SK: TWD=73.8deg TWS=11.0kts TWA=55.3deg [signalk-truewind-calculator]
[2026-09-19T14:09:25.592Z] [FLOW] NavCalc→SK: set=282.2degT drift=0.95kts [signalk-current-calculator]
[2026-09-19T14:09:25.714Z] [FLOW] NavCalc→SK: set=283.6degT drift=1.08kts [signalk-current-calculator]
[2026-09-19T14:09:25.720Z] [FLOW] Wind→SK: TWD=76.1deg TWS=10.7kts TWA=57.6deg [signalk-truewind-calculator]
[2026-09-19T14:09:25.845Z] [FLOW] NavCalc→SK: set=286.2degT drift=1.26kts [signalk-current-calculator]
[2026-09-19T14:09:25.914Z] [FLOW] Wind→SK: TWD=74.3deg TWS=9.8kts TWA=55.8deg [signalk-truewind-calculator]
[2026-09-19T14:09:25.965Z] [FLOW] NavCalc→SK: set=289.8degT drift=1.23kts [signalk-current-calculator]
[2026-09-19T14:09:26.093Z] [FLOW] NavCalc→SK: set=293.9degT drift=1.34kts [signalk-current-calculator]
[2026-09-19T14:09:26.109Z] [FLOW] Wind→SK: TWD=76.6deg TWS=10.0kts TWA=58.1deg [signalk-truewind-calculator]
[2026-09-19T14:09:26.265Z] [FLOW] NavCalc→SK: set=299.3degT drift=1.41kts [signalk-current-calculator]
[2026-09-19T14:09:26.392Z] [FLOW] NavCalc→SK: set=295.1degT drift=1.36kts [signalk-current-calculator]
[2026-09-19T14:09:26.405Z] [FLOW] J30→SK: leeway=9.1deg [signalk-j30-leeway]
[2026-09-19T14:09:26.406Z] [FLOW] Compass→SK: headingTrue=16.8deg [signalk-heading-true-calculator]
[2026-09-19T14:09:26.499Z] [FLOW] Wind→SK: TWD=72.6deg TWS=9.9kts TWA=55.8deg [signalk-truewind-calculator]
[2026-09-19T14:09:26.522Z] [FLOW] NavCalc→SK: set=291.4degT drift=1.35kts [signalk-current-calculator]
[2026-09-19T14:09:26.642Z] [FLOW] NavCalc→SK: set=290.5degT drift=1.36kts [signalk-current-calculator]
[2026-09-19T14:09:26.697Z] [FLOW] Wind→SK: TWD=73.4deg TWS=9.8kts TWA=56.5deg [signalk-truewind-calculator]
[2026-09-19T14:09:26.792Z] [FLOW] NavCalc→SK: set=290.1degT drift=1.34kts [signalk-current-calculator]
[2026-09-19T14:09:26.847Z] [FLOW] J30→SK: leeway=7.6deg [signalk-j30-leeway]
[2026-09-19T14:09:26.851Z] [FLOW] Compass→SK: headingTrue=21.8deg [signalk-heading-true-calculator]
[2026-09-19T14:09:26.892Z] [FLOW] Wind→SK: TWD=80.9deg TWS=9.4kts TWA=59.1deg [signalk-truewind-calculator]
[2026-09-19T14:09:26.945Z] [FLOW] NavCalc→SK: set=289.3degT drift=1.36kts [signalk-current-calculator]
[2026-09-19T14:09:26.974Z] [FLOW] J30→SK: leeway=7.6deg [signalk-j30-leeway]
[2026-09-19T14:09:26.975Z] [FLOW] Compass→SK: headingTrue=22.4deg [signalk-heading-true-calculator]
[2026-09-19T14:09:27.040Z] [FLOW] NavCalc→SK: set=279.2degT drift=1.45kts [signalk-current-calculator]
[2026-09-19T14:09:27.243Z] [FLOW] NavCalc→SK: set=284.1degT drift=1.53kts [signalk-current-calculator]
[2026-09-19T14:09:27.279Z] [FLOW] Wind→SK: TWD=82.7deg TWS=9.7kts TWA=60.3deg [signalk-truewind-calculator]
[2026-09-19T14:09:27.290Z] [FLOW] NavCalc→SK: set=285.2degT drift=1.60kts [signalk-current-calculator]
[2026-09-19T14:09:27.413Z] [FLOW] J30→SK: leeway=8.8deg [signalk-j30-leeway]
[2026-09-19T14:09:27.414Z] [FLOW] Compass→SK: headingTrue=17.2deg [signalk-heading-true-calculator]
[2026-09-19T14:09:27.474Z] [FLOW] Wind→SK: TWD=78.2deg TWS=9.9kts TWA=60.9deg [signalk-truewind-calculator]
[2026-09-19T14:09:27.493Z] [FLOW] NavCalc→SK: set=285.0degT drift=1.53kts [signalk-current-calculator]
[2026-09-19T14:09:27.542Z] [FLOW] NavCalc→SK: set=284.0degT drift=1.57kts [signalk-current-calculator]
[2026-09-19T14:09:27.657Z] [FLOW] J30→SK: leeway=9.4deg [signalk-j30-leeway]
[2026-09-19T14:09:27.657Z] [FLOW] Compass→SK: headingTrue=17.2deg [signalk-heading-true-calculator]
[2026-09-19T14:09:27.669Z] [FLOW] Wind→SK: TWD=75.7deg TWS=10.7kts TWA=58.5deg [signalk-truewind-calculator]
[2026-09-19T14:09:27.742Z] [FLOW] NavCalc→SK: set=283.7degT drift=1.53kts [signalk-current-calculator]
[2026-09-19T14:09:27.840Z] [FLOW] NavCalc→SK: set=283.5degT drift=1.51kts [signalk-current-calculator]
[2026-09-19T14:09:27.864Z] [FLOW] Wind→SK: TWD=75.8deg TWS=11.4kts TWA=58.7deg [signalk-truewind-calculator]
[2026-09-19T14:09:28.044Z] [FLOW] NavCalc→SK: set=282.8degT drift=1.49kts [signalk-current-calculator]
[2026-09-19T14:09:28.091Z] [FLOW] NavCalc→SK: set=283.2degT drift=1.27kts [signalk-current-calculator]
[2026-09-19T14:09:28.255Z] [FLOW] Wind→SK: TWD=76.3deg TWS=11.1kts TWA=59.1deg [signalk-truewind-calculator]
[2026-09-19T14:09:28.291Z] [FLOW] NavCalc→SK: set=285.1degT drift=1.27kts [signalk-current-calculator]
[2026-09-19T14:09:28.391Z] [FLOW] NavCalc→SK: set=279.5degT drift=1.31kts [signalk-current-calculator]
[2026-09-19T14:09:28.420Z] [FLOW] J30→SK: leeway=7.7deg [signalk-j30-leeway]
[2026-09-19T14:09:28.421Z] [FLOW] Compass→SK: headingTrue=20.3deg [signalk-heading-true-calculator]
[2026-09-19T14:09:28.449Z] [FLOW] Wind→SK: TWD=78.9deg TWS=11.6kts TWA=58.6deg [signalk-truewind-calculator]
[2026-09-19T14:09:28.542Z] [FLOW] NavCalc→SK: set=282.5degT drift=1.38kts [signalk-current-calculator]
[2026-09-19T14:09:28.640Z] [FLOW] NavCalc→SK: set=288.0degT drift=1.45kts [signalk-current-calculator]
[2026-09-19T14:09:28.644Z] [FLOW] Wind→SK: TWD=85.1deg TWS=11.6kts TWA=64.8deg [signalk-truewind-calculator]
[2026-09-19T14:09:28.792Z] [FLOW] NavCalc→SK: set=290.6degT drift=1.51kts [signalk-current-calculator]
[2026-09-19T14:09:28.839Z] [FLOW] Wind→SK: TWD=82.1deg TWS=12.4kts TWA=61.9deg [signalk-truewind-calculator]
[2026-09-19T14:09:28.891Z] [FLOW] NavCalc→SK: set=290.4degT drift=1.50kts [signalk-current-calculator]
[2026-09-19T14:09:29.043Z] [FLOW] NavCalc→SK: set=291.1degT drift=1.46kts [signalk-current-calculator]
[2026-09-19T14:09:29.140Z] [FLOW] NavCalc→SK: set=302.9degT drift=1.50kts [signalk-current-calculator]
[2026-09-19T14:09:29.230Z] [FLOW] Wind→SK: TWD=89.7deg TWS=11.8kts TWA=69.4deg [signalk-truewind-calculator]
[2026-09-19T14:09:29.351Z] [FLOW] NavCalc→SK: set=300.0degT drift=1.55kts [signalk-current-calculator]
[2026-09-19T14:09:29.391Z] [FLOW] NavCalc→SK: set=300.6degT drift=1.57kts [signalk-current-calculator]
[2026-09-19T14:09:29.424Z] [FLOW] Wind→SK: TWD=86.3deg TWS=11.9kts TWA=66.0deg [signalk-truewind-calculator]
[2026-09-19T14:09:29.427Z] [FLOW] J30→SK: leeway=8.8deg [signalk-j30-leeway]
[2026-09-19T14:09:29.428Z] [FLOW] Compass→SK: headingTrue=21.0deg [signalk-heading-true-calculator]
[2026-09-19T14:09:29.592Z] [FLOW] NavCalc→SK: set=299.0degT drift=1.65kts [signalk-current-calculator]
[2026-09-19T14:09:29.619Z] [FLOW] Wind→SK: TWD=84.6deg TWS=11.9kts TWA=63.6deg [signalk-truewind-calculator]
[2026-09-19T14:09:29.641Z] [FLOW] NavCalc→SK: set=301.4degT drift=1.49kts [signalk-current-calculator]
[2026-09-19T14:09:29.866Z] [FLOW] J30→SK: leeway=6.8deg [signalk-j30-leeway]
[2026-09-19T14:09:29.867Z] [FLOW] Compass→SK: headingTrue=23.6deg [signalk-heading-true-calculator]
[2026-09-19T14:09:29.875Z] [FLOW] NavCalc→SK: set=294.3degT drift=1.62kts [signalk-current-calculator]
[2026-09-19T14:09:29.891Z] [FLOW] NavCalc→SK: set=293.1degT drift=1.84kts [signalk-current-calculator]
[2026-09-19T14:09:30.009Z] [FLOW] Wind→SK: TWD=86.0deg TWS=12.4kts TWA=62.4deg [signalk-truewind-calculator]
[2026-09-19T14:09:30.177Z] [FLOW] NavCalc→SK: set=287.0degT drift=1.80kts [signalk-current-calculator]
[2026-09-19T14:09:30.191Z] [FLOW] J30→SK: leeway=7.1deg [signalk-j30-leeway]
[2026-09-19T14:09:30.192Z] [FLOW] Compass→SK: headingTrue=20.9deg [signalk-heading-true-calculator]
[2026-09-19T14:09:30.193Z] [FLOW] NavCalc→SK: set=288.2degT drift=1.65kts [signalk-current-calculator]
[2026-09-19T14:09:30.204Z] [FLOW] Wind→SK: TWD=83.0deg TWS=12.1kts TWA=62.1deg [signalk-truewind-calculator]
[2026-09-19T14:09:30.399Z] [FLOW] Wind→SK: TWD=83.0deg TWS=12.1kts TWA=62.1deg [signalk-truewind-calculator]
[2026-09-19T14:09:30.427Z] [FLOW] NavCalc→SK: set=287.2degT drift=1.64kts [signalk-current-calculator]
[2026-09-19T14:09:30.443Z] [FLOW] NavCalc→SK: set=293.5degT drift=1.68kts [signalk-current-calculator]
[2026-09-19T14:09:30.595Z] [FLOW] Wind→SK: TWD=83.9deg TWS=12.1kts TWA=63.1deg [signalk-truewind-calculator]
[2026-09-19T14:09:30.676Z] [FLOW] NavCalc→SK: set=291.0degT drift=1.70kts [signalk-current-calculator]
[2026-09-19T14:09:30.691Z] [FLOW] NavCalc→SK: set=296.0degT drift=1.64kts [signalk-current-calculator]
[2026-09-19T14:09:30.825Z] [FLOW] J30→SK: leeway=8.7deg [signalk-j30-leeway]
[2026-09-19T14:09:30.826Z] [FLOW] Compass→SK: headingTrue=17.4deg [signalk-heading-true-calculator]
[2026-09-19T14:09:30.927Z] [FLOW] NavCalc→SK: set=297.7degT drift=1.62kts [signalk-current-calculator]
[2026-09-19T14:09:30.940Z] [FLOW] NavCalc→SK: set=295.3degT drift=1.49kts [signalk-current-calculator]
[2026-09-19T14:09:30.984Z] [FLOW] Wind→SK: TWD=77.7deg TWS=10.2kts TWA=60.3deg [signalk-truewind-calculator]
[2026-09-19T14:09:31.179Z] [FLOW] Wind→SK: TWD=80.3deg TWS=9.1kts TWA=63.0deg [signalk-truewind-calculator]
[2026-09-19T14:09:31.180Z] [FLOW] NavCalc→SK: set=293.2degT drift=1.42kts [signalk-current-calculator]
[2026-09-19T14:09:31.219Z] [FLOW] NavCalc→SK: set=291.8degT drift=1.36kts [signalk-current-calculator]
[2026-09-19T14:09:31.373Z] [FLOW] Wind→SK: TWD=82.3deg TWS=9.1kts TWA=64.9deg [signalk-truewind-calculator]
[2026-09-19T14:09:31.426Z] [FLOW] NavCalc→SK: set=291.7degT drift=1.27kts [signalk-current-calculator]
[2026-09-19T14:09:31.475Z] [FLOW] NavCalc→SK: set=288.7degT drift=1.20kts [signalk-current-calculator]
[2026-09-19T14:09:31.638Z] [FLOW] J30→SK: leeway=8.3deg [signalk-j30-leeway]
[2026-09-19T14:09:31.639Z] [FLOW] Compass→SK: headingTrue=23.5deg [signalk-heading-true-calculator]
[2026-09-19T14:09:31.676Z] [FLOW] NavCalc→SK: set=289.6degT drift=1.37kts [signalk-current-calculator]
[2026-09-19T14:09:31.724Z] [FLOW] NavCalc→SK: set=290.9degT drift=1.55kts [signalk-current-calculator]
[2026-09-19T14:09:31.833Z] [FLOW] J30→SK: leeway=8.9deg [signalk-j30-leeway]
[2026-09-19T14:09:31.834Z] [FLOW] Compass→SK: headingTrue=23.5deg [signalk-heading-true-calculator]
[2026-09-19T14:09:31.962Z] [FLOW] Wind→SK: TWD=87.8deg TWS=10.9kts TWA=64.3deg [signalk-truewind-calculator]
[2026-09-19T14:09:31.965Z] [FLOW] Wind→SK: TWD=88.6deg TWS=10.6kts TWA=65.1deg [signalk-truewind-calculator]
[2026-09-19T14:09:31.976Z] [FLOW] NavCalc→SK: set=288.0degT drift=1.63kts [signalk-current-calculator]
[2026-09-19T14:09:31.983Z] [FLOW] NavCalc→SK: set=291.1degT drift=1.74kts [signalk-current-calculator]
[2026-09-19T14:09:32.153Z] [FLOW] Wind→SK: TWD=89.3deg TWS=10.6kts TWA=65.7deg [signalk-truewind-calculator]
[2026-09-19T14:09:32.224Z] [FLOW] NavCalc→SK: set=294.4degT drift=1.78kts [signalk-current-calculator]
[2026-09-19T14:09:32.227Z] [FLOW] NavCalc→SK: set=292.4degT drift=1.88kts [signalk-current-calculator]
[2026-09-19T14:09:32.349Z] [FLOW] Wind→SK: TWD=88.7deg TWS=11.2kts TWA=65.2deg [signalk-truewind-calculator]
[2026-09-19T14:09:32.476Z] [FLOW] NavCalc→SK: set=292.1degT drift=1.98kts [signalk-current-calculator]
[2026-09-19T14:09:32.477Z] [FLOW] NavCalc→SK: set=294.5degT drift=2.04kts [signalk-current-calculator]
[2026-09-19T14:09:32.613Z] [FLOW] J30→SK: leeway=9.6deg [signalk-j30-leeway]
[2026-09-19T14:09:32.614Z] [FLOW] Compass→SK: headingTrue=21.0deg [signalk-heading-true-calculator]
[2026-09-19T14:09:32.739Z] [FLOW] Wind→SK: TWD=89.7deg TWS=9.5kts TWA=68.7deg [signalk-truewind-calculator]
[2026-09-19T14:09:32.775Z] [FLOW] NavCalc→SK: set=298.4degT drift=2.07kts [signalk-current-calculator]
[2026-09-19T14:09:32.776Z] [FLOW] NavCalc→SK: set=296.5degT drift=2.02kts [signalk-current-calculator]
[2026-09-19T14:09:32.934Z] [FLOW] Wind→SK: TWD=85.6deg TWS=7.9kts TWA=64.6deg [signalk-truewind-calculator]
[2026-09-19T14:09:33.023Z] [FLOW] NavCalc→SK: set=299.4degT drift=2.10kts [signalk-current-calculator]
[2026-09-19T14:09:33.056Z] [FLOW] NavCalc→SK: set=298.6degT drift=2.07kts [signalk-current-calculator]
[2026-09-19T14:09:33.129Z] [FLOW] Wind→SK: TWD=87.1deg TWS=7.3kts TWA=66.0deg [signalk-truewind-calculator]
[2026-09-19T14:09:33.275Z] [FLOW] NavCalc→SK: set=298.8degT drift=2.01kts [signalk-current-calculator]
[2026-09-19T14:09:33.276Z] [FLOW] NavCalc→SK: set=295.9degT drift=1.99kts [signalk-current-calculator]
[2026-09-19T14:09:33.409Z] [FLOW] J30→SK: leeway=9.8deg [signalk-j30-leeway]
[2026-09-19T14:09:33.410Z] [FLOW] Compass→SK: headingTrue=18.2deg [signalk-heading-true-calculator]
[2026-09-19T14:09:33.519Z] [FLOW] Wind→SK: TWD=85.3deg TWS=7.3kts TWA=67.1deg [signalk-truewind-calculator]
[2026-09-19T14:09:33.525Z] [FLOW] NavCalc→SK: set=293.9degT drift=1.98kts [signalk-current-calculator]
[2026-09-19T14:09:33.527Z] [FLOW] NavCalc→SK: set=295.6degT drift=1.83kts [signalk-current-calculator]
[2026-09-19T14:09:33.620Z] [FLOW] J30→SK: leeway=9.6deg [signalk-j30-leeway]
[2026-09-19T14:09:33.621Z] [FLOW] Compass→SK: headingTrue=19.3deg [signalk-heading-true-calculator]
[2026-09-19T14:09:33.714Z] [FLOW] Wind→SK: TWD=88.3deg TWS=7.0kts TWA=69.1deg [signalk-truewind-calculator]
[2026-09-19T14:09:33.773Z] [FLOW] NavCalc→SK: set=292.2degT drift=1.79kts [signalk-current-calculator]
[2026-09-19T14:09:33.825Z] [FLOW] NavCalc→SK: set=291.1degT drift=1.66kts [signalk-current-calculator]
[2026-09-19T14:09:33.909Z] [FLOW] Wind→SK: TWD=90.4deg TWS=7.5kts TWA=71.1deg [signalk-truewind-calculator]
[2026-09-19T14:09:34.024Z] [FLOW] NavCalc→SK: set=290.1degT drift=1.72kts [signalk-current-calculator]
[2026-09-19T14:09:34.058Z] [FLOW] J30→SK: leeway=8.7deg [signalk-j30-leeway]
[2026-09-19T14:09:34.059Z] [FLOW] Compass→SK: headingTrue=24.8deg [signalk-heading-true-calculator]
[2026-09-19T14:09:34.077Z] [FLOW] NavCalc→SK: set=288.9degT drift=1.76kts [signalk-current-calculator]
[2026-09-19T14:09:34.103Z] [FLOW] Wind→SK: TWD=93.7deg TWS=8.1kts TWA=68.9deg [signalk-truewind-calculator]
[2026-09-19T14:09:34.324Z] [FLOW] NavCalc→SK: set=291.1degT drift=1.73kts [signalk-current-calculator]
[2026-09-19T14:09:34.325Z] [FLOW] NavCalc→SK: set=291.2degT drift=1.85kts [signalk-current-calculator]
[2026-09-19T14:09:34.494Z] [FLOW] Wind→SK: TWD=91.4deg TWS=9.1kts TWA=66.6deg [signalk-truewind-calculator]
[2026-09-19T14:09:34.583Z] [FLOW] NavCalc→SK: set=297.4degT drift=1.80kts [signalk-current-calculator]
[2026-09-19T14:09:34.604Z] [FLOW] NavCalc→SK: set=298.0degT drift=1.77kts [signalk-current-calculator]
[2026-09-19T14:09:34.689Z] [FLOW] Wind→SK: TWD=91.3deg TWS=9.5kts TWA=66.5deg [signalk-truewind-calculator]
[2026-09-19T14:09:34.826Z] [FLOW] NavCalc→SK: set=295.0degT drift=1.81kts [signalk-current-calculator]
[2026-09-19T14:09:34.856Z] [FLOW] J30→SK: leeway=9.7deg [signalk-j30-leeway]
[2026-09-19T14:09:34.857Z] [FLOW] Compass→SK: headingTrue=18.3deg [signalk-heading-true-calculator]
[2026-09-19T14:09:34.875Z] [FLOW] NavCalc→SK: set=302.8degT drift=1.69kts [signalk-current-calculator]
[2026-09-19T14:09:34.884Z] [FLOW] Wind→SK: TWD=87.9deg TWS=8.5kts TWA=69.6deg [signalk-truewind-calculator]
[2026-09-19T14:09:35.112Z] [FLOW] NavCalc→SK: set=309.5degT drift=1.66kts [signalk-current-calculator]
[2026-09-19T14:09:35.125Z] [FLOW] NavCalc→SK: set=310.3degT drift=1.61kts [signalk-current-calculator]
[2026-09-19T14:09:35.274Z] [FLOW] Wind→SK: TWD=90.4deg TWS=9.2kts TWA=72.1deg [signalk-truewind-calculator]
[2026-09-19T14:09:35.373Z] [FLOW] NavCalc→SK: set=309.5degT drift=1.49kts [signalk-current-calculator]
[2026-09-19T14:09:35.410Z] [FLOW] NavCalc→SK: set=305.7degT drift=1.41kts [signalk-current-calculator]
[2026-09-19T14:09:35.469Z] [FLOW] Wind→SK: TWD=84.3deg TWS=9.2kts TWA=66.0deg [signalk-truewind-calculator]
[2026-09-19T14:09:35.625Z] [FLOW] NavCalc→SK: set=299.1degT drift=1.37kts [signalk-current-calculator]
[2026-09-19T14:09:35.660Z] [FLOW] NavCalc→SK: set=291.4degT drift=1.52kts [signalk-current-calculator]
[2026-09-19T14:09:35.665Z] [FLOW] Wind→SK: TWD=85.7deg TWS=10.3kts TWA=67.4deg [signalk-truewind-calculator]
[2026-09-19T14:09:35.829Z] [FLOW] J30→SK: leeway=7.9deg [signalk-j30-leeway]
[2026-09-19T14:09:35.830Z] [FLOW] Compass→SK: headingTrue=23.4deg [signalk-heading-true-calculator]
[2026-09-19T14:09:35.859Z] [FLOW] Wind→SK: TWD=90.9deg TWS=10.9kts TWA=67.5deg [signalk-truewind-calculator]
[2026-09-19T14:09:35.863Z] [FLOW] J30→SK: leeway=7.9deg [signalk-j30-leeway]
[2026-09-19T14:09:35.864Z] [FLOW] Compass→SK: headingTrue=23.4deg [signalk-heading-true-calculator]
[2026-09-19T14:09:35.877Z] [FLOW] NavCalc→SK: set=289.3degT drift=1.60kts [signalk-current-calculator]
[2026-09-19T14:09:35.910Z] [FLOW] NavCalc→SK: set=291.0degT drift=1.67kts [signalk-current-calculator]
[2026-09-19T14:09:36.106Z] [FLOW] J30→SK: leeway=8.1deg [signalk-j30-leeway]
[2026-09-19T14:09:36.107Z] [FLOW] Compass→SK: headingTrue=23.0deg [signalk-heading-true-calculator]
[2026-09-19T14:09:36.124Z] [FLOW] NavCalc→SK: set=290.9degT drift=1.74kts [signalk-current-calculator]
[2026-09-19T14:09:36.161Z] [FLOW] NavCalc→SK: set=294.8degT drift=1.55kts [signalk-current-calculator]
[2026-09-19T14:09:36.249Z] [FLOW] Wind→SK: TWD=90.7deg TWS=10.9kts TWA=67.6deg [signalk-truewind-calculator]
[2026-09-19T14:09:36.317Z] [FLOW] J30→SK: leeway=7.8deg [signalk-j30-leeway]
[2026-09-19T14:09:36.318Z] [FLOW] Compass→SK: headingTrue=22.6deg [signalk-heading-true-calculator]
[2026-09-19T14:09:36.403Z] [FLOW] NavCalc→SK: set=295.6degT drift=1.71kts [signalk-current-calculator]
[2026-09-19T14:09:36.444Z] [FLOW] Wind→SK: TWD=89.9deg TWS=10.6kts TWA=67.4deg [signalk-truewind-calculator]
[2026-09-19T14:09:36.460Z] [FLOW] NavCalc→SK: set=293.8degT drift=1.73kts [signalk-current-calculator]
[2026-09-19T14:09:36.639Z] [FLOW] Wind→SK: TWD=86.7deg TWS=11.4kts TWA=64.1deg [signalk-truewind-calculator]
[2026-09-19T14:09:36.654Z] [FLOW] NavCalc→SK: set=296.0degT drift=1.74kts [signalk-current-calculator]
[2026-09-19T14:09:36.761Z] [FLOW] NavCalc→SK: set=300.1degT drift=1.79kts [signalk-current-calculator]
[2026-09-19T14:09:36.954Z] [FLOW] NavCalc→SK: set=303.1degT drift=1.76kts [signalk-current-calculator]
[2026-09-19T14:09:37.012Z] [FLOW] NavCalc→SK: set=301.9degT drift=1.84kts [signalk-current-calculator]
[2026-09-19T14:09:37.029Z] [FLOW] Wind→SK: TWD=79.5deg TWS=9.9kts TWA=56.9deg [signalk-truewind-calculator]
[2026-09-19T14:09:37.085Z] [FLOW] J30→SK: leeway=9.9deg [signalk-j30-leeway]
[2026-09-19T14:09:37.087Z] [FLOW] Compass→SK: headingTrue=19.5deg [signalk-heading-true-calculator]
[2026-09-19T14:09:37.205Z] [FLOW] NavCalc→SK: set=301.2degT drift=1.78kts [signalk-current-calculator]
[2026-09-19T14:09:37.228Z] [FLOW] Wind→SK: TWD=71.6deg TWS=10.4kts TWA=52.0deg [signalk-truewind-calculator]
[2026-09-19T14:09:37.262Z] [FLOW] NavCalc→SK: set=301.1degT drift=1.78kts [signalk-current-calculator]
[2026-09-19T14:09:37.421Z] [FLOW] Wind→SK: TWD=67.2deg TWS=11.8kts TWA=47.7deg [signalk-truewind-calculator]
[2026-09-19T14:09:37.455Z] [FLOW] NavCalc→SK: set=297.4degT drift=1.81kts [signalk-current-calculator]
[2026-09-19T14:09:37.520Z] [FLOW] J30→SK: leeway=9.7deg [signalk-j30-leeway]
[2026-09-19T14:09:37.521Z] [FLOW] Compass→SK: headingTrue=20.1deg [signalk-heading-true-calculator]
[2026-09-19T14:09:37.561Z] [FLOW] NavCalc→SK: set=298.0degT drift=1.83kts [signalk-current-calculator]
[2026-09-19T14:09:37.615Z] [FLOW] Wind→SK: TWD=72.2deg TWS=11.2kts TWA=52.1deg [signalk-truewind-calculator]
[2026-09-19T14:09:37.704Z] [FLOW] NavCalc→SK: set=298.0degT drift=1.89kts [signalk-current-calculator]
[2026-09-19T14:09:37.862Z] [FLOW] NavCalc→SK: set=296.9degT drift=1.81kts [signalk-current-calculator]
[2026-09-19T14:09:38.007Z] [FLOW] Wind→SK: TWD=74.0deg TWS=11.6kts TWA=53.8deg [signalk-truewind-calculator]
[2026-09-19T14:09:38.011Z] [FLOW] NavCalc→SK: set=295.0degT drift=1.90kts [signalk-current-calculator]
[2026-09-19T14:09:38.140Z] [FLOW] NavCalc→SK: set=292.2degT drift=1.79kts [signalk-current-calculator]
[2026-09-19T14:09:38.200Z] [FLOW] Wind→SK: TWD=72.3deg TWS=11.2kts TWA=52.2deg [signalk-truewind-calculator]
[2026-09-19T14:09:38.254Z] [FLOW] NavCalc→SK: set=294.1degT drift=1.68kts [signalk-current-calculator]
[2026-09-19T14:09:38.360Z] [FLOW] NavCalc→SK: set=292.9degT drift=1.70kts [signalk-current-calculator]
[2026-09-19T14:09:38.397Z] [FLOW] Wind→SK: TWD=76.5deg TWS=11.6kts TWA=56.4deg [signalk-truewind-calculator]
[2026-09-19T14:09:38.556Z] [FLOW] NavCalc→SK: set=293.9degT drift=1.74kts [signalk-current-calculator]
[2026-09-19T14:09:38.591Z] [FLOW] Wind→SK: TWD=77.3deg TWS=11.5kts TWA=57.2deg [signalk-truewind-calculator]
[2026-09-19T14:09:38.611Z] [FLOW] NavCalc→SK: set=293.7degT drift=1.75kts [signalk-current-calculator]
[2026-09-19T14:09:38.806Z] [FLOW] NavCalc→SK: set=295.4degT drift=1.64kts [signalk-current-calculator]
[2026-09-19T14:09:38.862Z] [FLOW] NavCalc→SK: set=295.1degT drift=1.64kts [signalk-current-calculator]
[2026-09-19T14:09:38.981Z] [FLOW] Wind→SK: TWD=75.6deg TWS=11.4kts TWA=55.5deg [signalk-truewind-calculator]
[2026-09-19T14:09:39.054Z] [FLOW] NavCalc→SK: set=294.4degT drift=1.55kts [signalk-current-calculator]
[2026-09-19T14:09:39.140Z] [FLOW] NavCalc→SK: set=289.0degT drift=1.58kts [signalk-current-calculator]
[2026-09-19T14:09:39.175Z] [FLOW] Wind→SK: TWD=73.5deg TWS=11.6kts TWA=53.3deg [signalk-truewind-calculator]
[2026-09-19T14:09:39.260Z] [FLOW] J30→SK: leeway=9.8deg [signalk-j30-leeway]
[2026-09-19T14:09:39.261Z] [FLOW] Compass→SK: headingTrue=26.2deg [signalk-heading-true-calculator]
[2026-09-19T14:09:39.307Z] [FLOW] NavCalc→SK: set=290.3degT drift=1.66kts [signalk-current-calculator]
[2026-09-19T14:09:39.360Z] [FLOW] NavCalc→SK: set=288.1degT drift=1.74kts [signalk-current-calculator]
[2026-09-19T14:09:39.371Z] [FLOW] Wind→SK: TWD=79.6deg TWS=12.8kts TWA=53.5deg [signalk-truewind-calculator]
[2026-09-19T14:09:39.558Z] [FLOW] NavCalc→SK: set=290.1degT drift=1.76kts [signalk-current-calculator]
[2026-09-19T14:09:39.663Z] [FLOW] NavCalc→SK: set=296.1degT drift=1.82kts [signalk-current-calculator]
[2026-09-19T14:09:39.699Z] [FLOW] J30→SK: leeway=10.1deg [signalk-j30-leeway]
[2026-09-19T14:09:39.700Z] [FLOW] Compass→SK: headingTrue=26.3deg [signalk-heading-true-calculator]
[2026-09-19T14:09:39.764Z] [FLOW] Wind→SK: TWD=80.9deg TWS=13.1kts TWA=54.6deg [signalk-truewind-calculator]
[2026-09-19T14:09:39.804Z] [FLOW] NavCalc→SK: set=297.3degT drift=1.87kts [signalk-current-calculator]
[2026-09-19T14:09:39.950Z] [FLOW] NavCalc→SK: set=297.7degT drift=1.83kts [signalk-current-calculator]
[2026-09-19T14:09:39.957Z] [FLOW] Wind→SK: TWD=78.8deg TWS=13.0kts TWA=52.5deg [signalk-truewind-calculator]
[2026-09-19T14:09:40.053Z] [FLOW] NavCalc→SK: set=299.8degT drift=1.82kts [signalk-current-calculator]
[2026-09-19T14:09:40.152Z] [FLOW] Wind→SK: TWD=79.3deg TWS=12.8kts TWA=52.9deg [signalk-truewind-calculator]
[2026-09-19T14:09:40.201Z] [FLOW] NavCalc→SK: set=300.0degT drift=1.77kts [signalk-current-calculator]
[2026-09-19T14:09:40.305Z] [FLOW] NavCalc→SK: set=300.8degT drift=1.65kts [signalk-current-calculator]
[2026-09-19T14:09:40.332Z] [FLOW] J30→SK: leeway=8.5deg [signalk-j30-leeway]
[2026-09-19T14:09:40.334Z] [FLOW] Compass→SK: headingTrue=27.4deg [signalk-heading-true-calculator]
[2026-09-19T14:09:40.345Z] [FLOW] Wind→SK: TWD=75.6deg TWS=12.2kts TWA=48.2deg [signalk-truewind-calculator]
[2026-09-19T14:09:40.450Z] [FLOW] NavCalc→SK: set=299.0degT drift=1.50kts [signalk-current-calculator]
[2026-09-19T14:09:40.462Z] [FLOW] J30→SK: leeway=7.8deg [signalk-j30-leeway]
[2026-09-19T14:09:40.463Z] [FLOW] Compass→SK: headingTrue=28.0deg [signalk-heading-true-calculator]
[2026-09-19T14:09:40.557Z] [FLOW] NavCalc→SK: set=294.9degT drift=1.48kts [signalk-current-calculator]
[2026-09-19T14:09:40.701Z] [FLOW] NavCalc→SK: set=288.3degT drift=1.45kts [signalk-current-calculator]
[2026-09-19T14:09:40.735Z] [FLOW] Wind→SK: TWD=70.8deg TWS=11.4kts TWA=42.9deg [signalk-truewind-calculator]
[2026-09-19T14:09:40.804Z] [FLOW] NavCalc→SK: set=293.4degT drift=1.28kts [signalk-current-calculator]
[2026-09-19T14:09:40.903Z] [FLOW] J30→SK: leeway=7.6deg [signalk-j30-leeway]
[2026-09-19T14:09:40.904Z] [FLOW] Compass→SK: headingTrue=28.9deg [signalk-heading-true-calculator]
[2026-09-19T14:09:40.931Z] [FLOW] Wind→SK: TWD=74.1deg TWS=11.1kts TWA=45.2deg [signalk-truewind-calculator]
[2026-09-19T14:09:40.952Z] [FLOW] NavCalc→SK: set=291.3degT drift=1.33kts [signalk-current-calculator]
[2026-09-19T14:09:41.053Z] [FLOW] NavCalc→SK: set=293.7degT drift=1.34kts [signalk-current-calculator]
[2026-09-19T14:09:41.125Z] [FLOW] Wind→SK: TWD=73.4deg TWS=11.5kts TWA=44.5deg [signalk-truewind-calculator]
[2026-09-19T14:09:41.201Z] [FLOW] NavCalc→SK: set=291.5degT drift=1.41kts [signalk-current-calculator]
[2026-09-19T14:09:41.345Z] [FLOW] NavCalc→SK: set=292.5degT drift=1.41kts [signalk-current-calculator]
[2026-09-19T14:09:41.451Z] [FLOW] NavCalc→SK: set=290.8degT drift=1.35kts [signalk-current-calculator]
[2026-09-19T14:09:41.517Z] [FLOW] Wind→SK: TWD=76.9deg TWS=10.0kts TWA=48.0deg [signalk-truewind-calculator]
[2026-09-19T14:09:41.601Z] [FLOW] NavCalc→SK: set=293.3degT drift=1.37kts [signalk-current-calculator]
[2026-09-19T14:09:41.702Z] [FLOW] NavCalc→SK: set=298.9degT drift=1.38kts [signalk-current-calculator]
[2026-09-19T14:09:41.714Z] [FLOW] Wind→SK: TWD=79.6deg TWS=9.6kts TWA=50.7deg [signalk-truewind-calculator]
[2026-09-19T14:09:41.893Z] [FLOW] NavCalc→SK: set=300.1degT drift=1.38kts [signalk-current-calculator]
[2026-09-19T14:09:41.904Z] [FLOW] Wind→SK: TWD=86.3deg TWS=9.3kts TWA=57.4deg [signalk-truewind-calculator]
[2026-09-19T14:09:41.951Z] [FLOW] NavCalc→SK: set=298.8degT drift=1.34kts [signalk-current-calculator]
[2026-09-19T14:09:41.956Z] [FLOW] J30→SK: leeway=7.7deg [signalk-j30-leeway]
[2026-09-19T14:09:41.957Z] [FLOW] Compass→SK: headingTrue=24.8deg [signalk-heading-true-calculator]
[2026-09-19T14:09:42.099Z] [FLOW] Wind→SK: TWD=77.1deg TWS=11.3kts TWA=52.3deg [signalk-truewind-calculator]
[2026-09-19T14:09:42.143Z] [FLOW] NavCalc→SK: set=293.6degT drift=1.30kts [signalk-current-calculator]
[2026-09-19T14:09:42.200Z] [FLOW] NavCalc→SK: set=291.2degT drift=1.25kts [signalk-current-calculator]
[2026-09-19T14:09:42.393Z] [FLOW] NavCalc→SK: set=289.8degT drift=1.18kts [signalk-current-calculator]
[2026-09-19T14:09:42.450Z] [FLOW] NavCalc→SK: set=287.3degT drift=1.13kts [signalk-current-calculator]
[2026-09-19T14:09:42.476Z] [FLOW] J30→SK: leeway=6.3deg [signalk-j30-leeway]
[2026-09-19T14:09:42.477Z] [FLOW] Compass→SK: headingTrue=30.2deg [signalk-heading-true-calculator]
[2026-09-19T14:09:42.489Z] [FLOW] Wind→SK: TWD=87.6deg TWS=11.6kts TWA=57.4deg [signalk-truewind-calculator]
[2026-09-19T14:09:42.674Z] [FLOW] NavCalc→SK: set=282.6degT drift=1.20kts [signalk-current-calculator]
[2026-09-19T14:09:42.683Z] [FLOW] Wind→SK: TWD=87.5deg TWS=11.8kts TWA=57.3deg [signalk-truewind-calculator]
[2026-09-19T14:09:42.701Z] [FLOW] NavCalc→SK: set=285.3degT drift=1.25kts [signalk-current-calculator]
[2026-09-19T14:09:42.879Z] [FLOW] Wind→SK: TWD=89.1deg TWS=11.6kts TWA=58.9deg [signalk-truewind-calculator]
[2026-09-19T14:09:42.892Z] [FLOW] NavCalc→SK: set=289.6degT drift=1.25kts [signalk-current-calculator]
[2026-09-19T14:09:43.001Z] [FLOW] NavCalc→SK: set=294.0degT drift=1.29kts [signalk-current-calculator]
[2026-09-19T14:09:43.143Z] [FLOW] NavCalc→SK: set=302.6degT drift=1.35kts [signalk-current-calculator]
[2026-09-19T14:09:43.269Z] [FLOW] Wind→SK: TWD=92.0deg TWS=12.2kts TWA=61.9deg [signalk-truewind-calculator]
[2026-09-19T14:09:43.272Z] [FLOW] J30→SK: leeway=6.6deg [signalk-j30-leeway]
[2026-09-19T14:09:43.273Z] [FLOW] Compass→SK: headingTrue=29.1deg [signalk-heading-true-calculator]
[2026-09-19T14:09:43.302Z] [FLOW] NavCalc→SK: set=298.9degT drift=1.43kts [signalk-current-calculator]
[2026-09-19T14:09:43.392Z] [FLOW] NavCalc→SK: set=300.3degT drift=1.45kts [signalk-current-calculator]
[2026-09-19T14:09:43.464Z] [FLOW] Wind→SK: TWD=89.9deg TWS=12.0kts TWA=60.7deg [signalk-truewind-calculator]
[2026-09-19T14:09:43.483Z] [FLOW] J30→SK: leeway=6.7deg [signalk-j30-leeway]
[2026-09-19T14:09:43.484Z] [FLOW] Compass→SK: headingTrue=27.1deg [signalk-heading-true-calculator]
[2026-09-19T14:09:43.550Z] [FLOW] NavCalc→SK: set=294.5degT drift=1.49kts [signalk-current-calculator]
[2026-09-19T14:09:43.659Z] [FLOW] Wind→SK: TWD=81.4deg TWS=11.6kts TWA=54.3deg [signalk-truewind-calculator]
[2026-09-19T14:09:43.674Z] [FLOW] NavCalc→SK: set=294.5degT drift=1.47kts [signalk-current-calculator]
[2026-09-19T14:09:43.800Z] [FLOW] NavCalc→SK: set=295.1degT drift=1.44kts [signalk-current-calculator]
[2026-09-19T14:09:43.854Z] [FLOW] Wind→SK: TWD=84.2deg TWS=11.0kts TWA=57.1deg [signalk-truewind-calculator]
[2026-09-19T14:09:43.922Z] [FLOW] J30→SK: leeway=9.5deg [signalk-j30-leeway]
[2026-09-19T14:09:43.923Z] [FLOW] Compass→SK: headingTrue=14.9deg [signalk-heading-true-calculator]
[2026-09-19T14:09:43.942Z] [FLOW] NavCalc→SK: set=299.5degT drift=1.28kts [signalk-current-calculator]
[2026-09-19T14:09:44.050Z] [FLOW] NavCalc→SK: set=303.5degT drift=1.24kts [signalk-current-calculator]
[2026-09-19T14:09:44.193Z] [FLOW] NavCalc→SK: set=308.3degT drift=1.17kts [signalk-current-calculator]
[2026-09-19T14:09:44.244Z] [FLOW] Wind→SK: TWD=70.8deg TWS=8.8kts TWA=55.9deg [signalk-truewind-calculator]
[2026-09-19T14:09:44.302Z] [FLOW] NavCalc→SK: set=303.2degT drift=1.07kts [signalk-current-calculator]
[2026-09-19T14:09:44.439Z] [FLOW] Wind→SK: TWD=70.8deg TWS=8.9kts TWA=55.9deg [signalk-truewind-calculator]
[2026-09-19T14:09:44.443Z] [FLOW] NavCalc→SK: set=303.5degT drift=0.99kts [signalk-current-calculator]
[2026-09-19T14:09:44.550Z] [FLOW] NavCalc→SK: set=302.6degT drift=0.92kts [signalk-current-calculator]
[2026-09-19T14:09:44.634Z] [FLOW] Wind→SK: TWD=72.8deg TWS=8.0kts TWA=57.9deg [signalk-truewind-calculator]
[2026-09-19T14:09:44.722Z] [FLOW] NavCalc→SK: set=294.0degT drift=0.79kts [signalk-current-calculator]
[2026-09-19T14:09:44.735Z] [FLOW] J30→SK: leeway=7.3deg [signalk-j30-leeway]
[2026-09-19T14:09:44.736Z] [FLOW] Compass→SK: headingTrue=29.7deg [signalk-heading-true-calculator]
[2026-09-19T14:09:44.846Z] [FLOW] NavCalc→SK: set=301.2degT drift=1.14kts [signalk-current-calculator]
[2026-09-19T14:09:44.993Z] [FLOW] NavCalc→SK: set=293.8degT drift=1.31kts [signalk-current-calculator]
[2026-09-19T14:09:45.024Z] [FLOW] Wind→SK: TWD=98.4deg TWS=10.5kts TWA=68.7deg [signalk-truewind-calculator]
[2026-09-19T14:09:45.101Z] [FLOW] NavCalc→SK: set=284.9degT drift=1.59kts [signalk-current-calculator]
[2026-09-19T14:09:45.219Z] [FLOW] Wind→SK: TWD=95.9deg TWS=10.8kts TWA=66.2deg [signalk-truewind-calculator]
[2026-09-19T14:09:45.243Z] [FLOW] NavCalc→SK: set=286.1degT drift=1.83kts [signalk-current-calculator]
[2026-09-19T14:09:45.352Z] [FLOW] NavCalc→SK: set=289.8degT drift=2.10kts [signalk-current-calculator]
[2026-09-19T14:09:45.368Z] [FLOW] J30→SK: leeway=9.4deg [signalk-j30-leeway]
[2026-09-19T14:09:45.369Z] [FLOW] Compass→SK: headingTrue=25.4deg [signalk-heading-true-calculator]
[2026-09-19T14:09:45.414Z] [FLOW] Wind→SK: TWD=96.3deg TWS=10.5kts TWA=70.9deg [signalk-truewind-calculator]
[2026-09-19T14:09:45.492Z] [FLOW] NavCalc→SK: set=294.3degT drift=2.19kts [signalk-current-calculator]
[2026-09-19T14:09:45.498Z] [FLOW] J30→SK: leeway=10.2deg [signalk-j30-leeway]
[2026-09-19T14:09:45.499Z] [FLOW] Compass→SK: headingTrue=21.1deg [signalk-heading-true-calculator]
[2026-09-19T14:09:45.609Z] [FLOW] Wind→SK: TWD=95.6deg TWS=10.5kts TWA=74.5deg [signalk-truewind-calculator]
[2026-09-19T14:09:45.650Z] [FLOW] NavCalc→SK: set=293.4degT drift=2.20kts [signalk-current-calculator]
[2026-09-19T14:09:45.793Z] [FLOW] NavCalc→SK: set=298.1degT drift=2.16kts [signalk-current-calculator]
[2026-09-19T14:09:45.901Z] [FLOW] NavCalc→SK: set=295.2degT drift=2.19kts [signalk-current-calculator]
[2026-09-19T14:09:45.905Z] [FLOW] J30→SK: leeway=12.0deg [signalk-j30-leeway]
[2026-09-19T14:09:45.906Z] [FLOW] Compass→SK: headingTrue=13.3deg [signalk-heading-true-calculator]
[2026-09-19T14:09:45.999Z] [FLOW] Wind→SK: TWD=75.0deg TWS=8.9kts TWA=61.7deg [signalk-truewind-calculator]
[2026-09-19T14:09:46.043Z] [FLOW] NavCalc→SK: set=291.4degT drift=1.96kts [signalk-current-calculator]
[2026-09-19T14:09:46.132Z] [FLOW] J30→SK: leeway=10.5deg [signalk-j30-leeway]
[2026-09-19T14:09:46.133Z] [FLOW] Compass→SK: headingTrue=18.5deg [signalk-heading-true-calculator]
[2026-09-19T14:09:46.179Z] [FLOW] NavCalc→SK: set=286.7degT drift=2.04kts [signalk-current-calculator]
[2026-09-19T14:09:46.194Z] [FLOW] Wind→SK: TWD=84.4deg TWS=8.1kts TWA=65.9deg [signalk-truewind-calculator]
[2026-09-19T14:09:46.320Z] [FLOW] NavCalc→SK: set=283.3degT drift=2.00kts [signalk-current-calculator]
[2026-09-19T14:09:46.389Z] [FLOW] Wind→SK: TWD=98.2deg TWS=5.4kts TWA=79.6deg [signalk-truewind-calculator]
[2026-09-19T14:09:46.403Z] [FLOW] NavCalc→SK: set=287.5degT drift=1.94kts [signalk-current-calculator]
[2026-09-19T14:09:46.570Z] [FLOW] NavCalc→SK: set=284.3degT drift=1.90kts [signalk-current-calculator]
[2026-09-19T14:09:46.650Z] [FLOW] NavCalc→SK: set=283.0degT drift=1.82kts [signalk-current-calculator]
[2026-09-19T14:09:46.781Z] [FLOW] Wind→SK: TWD=105.7deg TWS=6.1kts TWA=87.2deg [signalk-truewind-calculator]
[2026-09-19T14:09:46.820Z] [FLOW] NavCalc→SK: set=286.2degT drift=1.81kts [signalk-current-calculator]
[2026-09-19T14:09:46.902Z] [FLOW] NavCalc→SK: set=290.1degT drift=1.68kts [signalk-current-calculator]
[2026-09-19T14:09:46.975Z] [FLOW] Wind→SK: TWD=107.5deg TWS=5.4kts TWA=89.0deg [signalk-truewind-calculator]
[2026-09-19T14:09:47.071Z] [FLOW] NavCalc→SK: set=293.4degT drift=1.57kts [signalk-current-calculator]
[2026-09-19T14:09:47.154Z] [FLOW] NavCalc→SK: set=297.2degT drift=1.50kts [signalk-current-calculator]
[2026-09-19T14:09:47.171Z] [FLOW] Wind→SK: TWD=85.5deg TWS=10.0kts TWA=67.0deg [signalk-truewind-calculator]
[2026-09-19T14:09:47.321Z] [FLOW] NavCalc→SK: set=300.9degT drift=1.47kts [signalk-current-calculator]
[2026-09-19T14:09:47.367Z] [FLOW] Wind→SK: TWD=78.8deg TWS=9.8kts TWA=60.3deg [signalk-truewind-calculator]
[2026-09-19T14:09:47.403Z] [FLOW] NavCalc→SK: set=302.5degT drift=1.39kts [signalk-current-calculator]
[2026-09-19T14:09:47.596Z] [FLOW] J30→SK: leeway=10.5deg [signalk-j30-leeway]
[2026-09-19T14:09:47.598Z] [FLOW] Compass→SK: headingTrue=24.3deg [signalk-heading-true-calculator]
[2026-09-19T14:09:47.620Z] [FLOW] NavCalc→SK: set=300.5degT drift=1.40kts [signalk-current-calculator]
[2026-09-19T14:09:47.651Z] [FLOW] NavCalc→SK: set=297.8degT drift=1.55kts [signalk-current-calculator]
[2026-09-19T14:09:47.756Z] [FLOW] Wind→SK: TWD=88.7deg TWS=11.1kts TWA=64.4deg [signalk-truewind-calculator]
[2026-09-19T14:09:47.873Z] [FLOW] NavCalc→SK: set=294.4degT drift=1.64kts [signalk-current-calculator]
[2026-09-19T14:09:47.900Z] [FLOW] NavCalc→SK: set=291.6degT drift=1.65kts [signalk-current-calculator]
[2026-09-19T14:09:47.952Z] [FLOW] Wind→SK: TWD=83.8deg TWS=10.3kts TWA=59.5deg [signalk-truewind-calculator]
[2026-09-19T14:09:48.120Z] [FLOW] NavCalc→SK: set=290.4degT drift=1.71kts [signalk-current-calculator]
[2026-09-19T14:09:48.152Z] [FLOW] Wind→SK: TWD=86.7deg TWS=9.1kts TWA=62.4deg [signalk-truewind-calculator]
[2026-09-19T14:09:48.156Z] [FLOW] NavCalc→SK: set=292.9degT drift=1.72kts [signalk-current-calculator]
[2026-09-19T14:09:48.197Z] [FLOW] J30→SK: leeway=8.6deg [signalk-j30-leeway]
[2026-09-19T14:09:48.199Z] [FLOW] Compass→SK: headingTrue=22.7deg [signalk-heading-true-calculator]
[2026-09-19T14:09:48.339Z] [FLOW] Wind→SK: TWD=86.6deg TWS=8.8kts TWA=63.9deg [signalk-truewind-calculator]
[2026-09-19T14:09:48.372Z] [FLOW] NavCalc→SK: set=292.6degT drift=1.61kts [signalk-current-calculator]
[2026-09-19T14:09:48.402Z] [FLOW] NavCalc→SK: set=288.0degT drift=1.52kts [signalk-current-calculator]
[2026-09-19T14:09:48.621Z] [FLOW] NavCalc→SK: set=297.4degT drift=1.43kts [signalk-current-calculator]
[2026-09-19T14:09:48.701Z] [FLOW] NavCalc→SK: set=303.6degT drift=1.37kts [signalk-current-calculator]
[2026-09-19T14:09:48.729Z] [FLOW] Wind→SK: TWD=87.2deg TWS=8.6kts TWA=64.5deg [signalk-truewind-calculator]
[2026-09-19T14:09:48.871Z] [FLOW] NavCalc→SK: set=307.3degT drift=1.40kts [signalk-current-calculator]
[2026-09-19T14:09:48.924Z] [FLOW] Wind→SK: TWD=87.8deg TWS=8.5kts TWA=65.1deg [signalk-truewind-calculator]
[2026-09-19T14:09:48.950Z] [FLOW] NavCalc→SK: set=309.0degT drift=1.43kts [signalk-current-calculator]
[2026-09-19T14:09:48.960Z] [FLOW] J30→SK: leeway=9.9deg [signalk-j30-leeway]
[2026-09-19T14:09:48.961Z] [FLOW] Compass→SK: headingTrue=22.4deg [signalk-heading-true-calculator]
[2026-09-19T14:09:49.119Z] [FLOW] Wind→SK: TWD=88.6deg TWS=8.7kts TWA=66.2deg [signalk-truewind-calculator]
[2026-09-19T14:09:49.120Z] [FLOW] NavCalc→SK: set=306.4degT drift=1.53kts [signalk-current-calculator]
[2026-09-19T14:09:49.123Z] [FLOW] J30→SK: leeway=10.0deg [signalk-j30-leeway]
[2026-09-19T14:09:49.124Z] [FLOW] Compass→SK: headingTrue=23.7deg [signalk-heading-true-calculator]
[2026-09-19T14:09:49.204Z] [FLOW] J30→SK: leeway=9.4deg [signalk-j30-leeway]
[2026-09-19T14:09:49.205Z] [FLOW] Compass→SK: headingTrue=24.6deg [signalk-heading-true-calculator]
[2026-09-19T14:09:49.229Z] [FLOW] NavCalc→SK: set=301.2degT drift=1.54kts [signalk-current-calculator]
[2026-09-19T14:09:49.421Z] [FLOW] NavCalc→SK: set=297.6degT drift=1.55kts [signalk-current-calculator]
[2026-09-19T14:09:49.450Z] [FLOW] NavCalc→SK: set=303.6degT drift=1.61kts [signalk-current-calculator]
[2026-09-19T14:09:49.509Z] [FLOW] Wind→SK: TWD=89.2deg TWS=8.3kts TWA=64.6deg [signalk-truewind-calculator]
[2026-09-19T14:09:49.610Z] [FLOW] J30→SK: leeway=9.1deg [signalk-j30-leeway]
[2026-09-19T14:09:49.611Z] [FLOW] Compass→SK: headingTrue=28.4deg [signalk-heading-true-calculator]
[2026-09-19T14:09:49.673Z] [FLOW] NavCalc→SK: set=297.6degT drift=1.69kts [signalk-current-calculator]
[2026-09-19T14:09:49.701Z] [FLOW] NavCalc→SK: set=297.6degT drift=1.80kts [signalk-current-calculator]
[2026-09-19T14:09:49.705Z] [FLOW] Wind→SK: TWD=107.3deg TWS=5.4kts TWA=78.9deg [signalk-truewind-calculator]
[2026-09-19T14:09:49.899Z] [FLOW] Wind→SK: TWD=106.4deg TWS=5.3kts TWA=77.9deg [signalk-truewind-calculator]
[2026-09-19T14:09:49.968Z] [FLOW] J30→SK: leeway=8.3deg [signalk-j30-leeway]
[2026-09-19T14:09:49.969Z] [FLOW] Compass→SK: headingTrue=28.6deg [signalk-heading-true-calculator]
[2026-09-19T14:09:49.971Z] [FLOW] NavCalc→SK: set=299.2degT drift=1.82kts [signalk-current-calculator]
[2026-09-19T14:09:50.094Z] [FLOW] Wind→SK: TWD=109.5deg TWS=5.5kts TWA=80.9deg [signalk-truewind-calculator]
[2026-09-19T14:09:50.220Z] [FLOW] NavCalc→SK: set=299.1degT drift=1.88kts [signalk-current-calculator]
[2026-09-19T14:09:50.282Z] [FLOW] NavCalc→SK: set=292.7degT drift=2.01kts [signalk-current-calculator]
[2026-09-19T14:09:50.471Z] [FLOW] NavCalc→SK: set=291.7degT drift=2.04kts [signalk-current-calculator]
[2026-09-19T14:09:50.484Z] [FLOW] Wind→SK: TWD=83.2deg TWS=11.3kts TWA=54.6deg [signalk-truewind-calculator]
[2026-09-19T14:09:50.581Z] [FLOW] NavCalc→SK: set=294.4degT drift=2.23kts [signalk-current-calculator]
[2026-09-19T14:09:50.617Z] [FLOW] J30→SK: leeway=10.5deg [signalk-j30-leeway]
[2026-09-19T14:09:50.618Z] [FLOW] Compass→SK: headingTrue=19.1deg [signalk-heading-true-calculator]
[2026-09-19T14:09:50.679Z] [FLOW] Wind→SK: TWD=73.4deg TWS=11.0kts TWA=54.4deg [signalk-truewind-calculator]
[2026-09-19T14:09:50.750Z] [FLOW] NavCalc→SK: set=295.6degT drift=2.18kts [signalk-current-calculator]
[2026-09-19T14:09:50.832Z] [FLOW] NavCalc→SK: set=300.0degT drift=1.96kts [signalk-current-calculator]
[2026-09-19T14:09:50.874Z] [FLOW] Wind→SK: TWD=72.0deg TWS=12.1kts TWA=52.9deg [signalk-truewind-calculator]
[2026-09-19T14:09:50.970Z] [FLOW] NavCalc→SK: set=298.0degT drift=1.97kts [signalk-current-calculator]
[2026-09-19T14:09:51.131Z] [FLOW] NavCalc→SK: set=298.7degT drift=1.88kts [signalk-current-calculator]
[2026-09-19T14:09:51.170Z] [FLOW] J30→SK: leeway=10.9deg [signalk-j30-leeway]
[2026-09-19T14:09:51.171Z] [FLOW] Compass→SK: headingTrue=21.5deg [signalk-heading-true-calculator]
[2026-09-19T14:09:51.226Z] [FLOW] NavCalc→SK: set=292.4degT drift=1.86kts [signalk-current-calculator]
[2026-09-19T14:09:51.264Z] [FLOW] Wind→SK: TWD=68.8deg TWS=12.7kts TWA=47.3deg [signalk-truewind-calculator]
[2026-09-19T14:09:51.382Z] [FLOW] NavCalc→SK: set=292.9degT drift=1.91kts [signalk-current-calculator]
[2026-09-19T14:09:51.459Z] [FLOW] Wind→SK: TWD=70.5deg TWS=12.0kts TWA=48.9deg [signalk-truewind-calculator]
[2026-09-19T14:09:51.506Z] [FLOW] NavCalc→SK: set=292.6degT drift=1.91kts [signalk-current-calculator]
[2026-09-19T14:09:51.654Z] [FLOW] Wind→SK: TWD=70.0deg TWS=12.0kts TWA=48.4deg [signalk-truewind-calculator]
[2026-09-19T14:09:51.682Z] [FLOW] NavCalc→SK: set=293.4degT drift=1.91kts [signalk-current-calculator]
[2026-09-19T14:09:51.807Z] [FLOW] NavCalc→SK: set=293.6degT drift=1.87kts [signalk-current-calculator]
[2026-09-19T14:09:51.849Z] [FLOW] Wind→SK: TWD=73.8deg TWS=11.9kts TWA=52.3deg [signalk-truewind-calculator]
[2026-09-19T14:09:51.932Z] [FLOW] NavCalc→SK: set=292.1degT drift=1.81kts [signalk-current-calculator]
[2026-09-19T14:09:52.057Z] [FLOW] NavCalc→SK: set=294.3degT drift=1.79kts [signalk-current-calculator]
[2026-09-19T14:09:52.178Z] [FLOW] J30→SK: leeway=10.5deg [signalk-j30-leeway]
[2026-09-19T14:09:52.179Z] [FLOW] Compass→SK: headingTrue=27.0deg [signalk-heading-true-calculator]
[2026-09-19T14:09:52.183Z] [FLOW] NavCalc→SK: set=290.2degT drift=1.87kts [signalk-current-calculator]
[2026-09-19T14:09:52.239Z] [FLOW] Wind→SK: TWD=75.5deg TWS=12.6kts TWA=48.4deg [signalk-truewind-calculator]
[2026-09-19T14:09:52.307Z] [FLOW] NavCalc→SK: set=292.7degT drift=1.98kts [signalk-current-calculator]
[2026-09-19T14:09:52.436Z] [FLOW] Wind→SK: TWD=81.1deg TWS=12.3kts TWA=54.1deg [signalk-truewind-calculator]
[2026-09-19T14:09:52.437Z] [FLOW] NavCalc→SK: set=288.2degT drift=2.12kts [signalk-current-calculator]
[2026-09-19T14:09:52.551Z] [FLOW] J30→SK: leeway=10.3deg [signalk-j30-leeway]
[2026-09-19T14:09:52.552Z] [FLOW] Compass→SK: headingTrue=24.1deg [signalk-heading-true-calculator]
[2026-09-19T14:09:52.607Z] [FLOW] NavCalc→SK: set=286.3degT drift=2.14kts [signalk-current-calculator]
[2026-09-19T14:09:52.629Z] [FLOW] Wind→SK: TWD=84.7deg TWS=9.0kts TWA=60.6deg [signalk-truewind-calculator]
[2026-09-19T14:09:52.633Z] [FLOW] J30→SK: leeway=10.4deg [signalk-j30-leeway]
[2026-09-19T14:09:52.634Z] [FLOW] Compass→SK: headingTrue=24.2deg [signalk-heading-true-calculator]
[2026-09-19T14:09:52.682Z] [FLOW] NavCalc→SK: set=283.2degT drift=2.23kts [signalk-current-calculator]
[2026-09-19T14:09:52.829Z] [FLOW] J30→SK: leeway=10.4deg [signalk-j30-leeway]
[2026-09-19T14:09:52.830Z] [FLOW] Compass→SK: headingTrue=24.8deg [signalk-heading-true-calculator]
[2026-09-19T14:09:52.856Z] [FLOW] NavCalc→SK: set=282.2degT drift=2.27kts [signalk-current-calculator]
[2026-09-19T14:09:52.931Z] [FLOW] NavCalc→SK: set=281.5degT drift=2.31kts [signalk-current-calculator]
[2026-09-19T14:09:53.019Z] [FLOW] Wind→SK: TWD=94.6deg TWS=6.0kts TWA=69.7deg [signalk-truewind-calculator]
[2026-09-19T14:09:53.105Z] [FLOW] NavCalc→SK: set=280.3degT drift=2.32kts [signalk-current-calculator]
[2026-09-19T14:09:53.214Z] [FLOW] Wind→SK: TWD=94.6deg TWS=6.0kts TWA=69.8deg [signalk-truewind-calculator]
[2026-09-19T14:09:53.263Z] [FLOW] NavCalc→SK: set=283.2degT drift=2.26kts [signalk-current-calculator]
[2026-09-19T14:09:53.359Z] [FLOW] NavCalc→SK: set=285.4degT drift=2.20kts [signalk-current-calculator]
[2026-09-19T14:09:53.411Z] [FLOW] Wind→SK: TWD=99.6deg TWS=5.9kts TWA=74.8deg [signalk-truewind-calculator]
[2026-09-19T14:09:53.482Z] [FLOW] NavCalc→SK: set=288.0degT drift=2.09kts [signalk-current-calculator]
[2026-09-19T14:09:53.606Z] [FLOW] Wind→SK: TWD=94.9deg TWS=7.4kts TWA=70.1deg [signalk-truewind-calculator]
[2026-09-19T14:09:53.608Z] [FLOW] NavCalc→SK: set=289.2degT drift=2.18kts [signalk-current-calculator]
[2026-09-19T14:09:53.732Z] [FLOW] NavCalc→SK: set=292.0degT drift=2.17kts [signalk-current-calculator]
[2026-09-19T14:09:53.836Z] [FLOW] J30→SK: leeway=13.4deg [signalk-j30-leeway]
[2026-09-19T14:09:53.837Z] [FLOW] Compass→SK: headingTrue=25.2deg [signalk-heading-true-calculator]
[2026-09-19T14:09:53.856Z] [FLOW] NavCalc→SK: set=291.6degT drift=2.24kts [signalk-current-calculator]
[2026-09-19T14:09:54.000Z] [FLOW] Wind→SK: TWD=87.7deg TWS=9.8kts TWA=62.5deg [signalk-truewind-calculator]
[2026-09-19T14:09:54.033Z] [FLOW] NavCalc→SK: set=292.9degT drift=2.25kts [signalk-current-calculator]
[2026-09-19T14:09:54.106Z] [FLOW] NavCalc→SK: set=289.8degT drift=2.40kts [signalk-current-calculator]
[2026-09-19T14:09:54.195Z] [FLOW] Wind→SK: TWD=86.8deg TWS=10.6kts TWA=61.6deg [signalk-truewind-calculator]
[2026-09-19T14:09:54.282Z] [FLOW] NavCalc→SK: set=288.8degT drift=2.47kts [signalk-current-calculator]
[2026-09-19T14:09:54.356Z] [FLOW] NavCalc→SK: set=289.4degT drift=2.36kts [signalk-current-calculator]
[2026-09-19T14:09:54.384Z] [FLOW] Wind→SK: TWD=85.3deg TWS=11.4kts TWA=60.1deg [signalk-truewind-calculator]
[2026-09-19T14:09:54.581Z] [FLOW] NavCalc→SK: set=290.4degT drift=2.38kts [signalk-current-calculator]
[2026-09-19T14:09:54.606Z] [FLOW] NavCalc→SK: set=289.2degT drift=2.25kts [signalk-current-calculator]
[2026-09-19T14:09:54.775Z] [FLOW] Wind→SK: TWD=79.5deg TWS=10.9kts TWA=54.3deg [signalk-truewind-calculator]
[2026-09-19T14:09:54.858Z] [FLOW] NavCalc→SK: set=287.7degT drift=2.20kts [signalk-current-calculator]
[2026-09-19T14:09:54.907Z] [FLOW] NavCalc→SK: set=293.5degT drift=2.05kts [signalk-current-calculator]
[2026-09-19T14:09:54.957Z] [FLOW] J30→SK: leeway=13.8deg [signalk-j30-leeway]
[2026-09-19T14:09:54.958Z] [FLOW] Compass→SK: headingTrue=27.3deg [signalk-heading-true-calculator]
[2026-09-19T14:09:54.969Z] [FLOW] Wind→SK: TWD=76.7deg TWS=11.7kts TWA=49.4deg [signalk-truewind-calculator]
[2026-09-19T14:09:55.156Z] [FLOW] NavCalc→SK: set=298.5degT drift=2.04kts [signalk-current-calculator]
[2026-09-19T14:09:55.158Z] [FLOW] NavCalc→SK: set=299.9degT drift=2.10kts [signalk-current-calculator]
[2026-09-19T14:09:55.164Z] [FLOW] Wind→SK: TWD=75.3deg TWS=11.8kts TWA=48.1deg [signalk-truewind-calculator]
[2026-09-19T14:09:55.360Z] [FLOW] Wind→SK: TWD=74.1deg TWS=11.7kts TWA=46.8deg [signalk-truewind-calculator]
[2026-09-19T14:09:55.407Z] [FLOW] NavCalc→SK: set=297.4degT drift=2.03kts [signalk-current-calculator]
[2026-09-19T14:09:55.409Z] [FLOW] NavCalc→SK: set=300.5degT drift=2.02kts [signalk-current-calculator]
[2026-09-19T14:09:55.412Z] [FLOW] J30→SK: leeway=13.3deg [signalk-j30-leeway]
[2026-09-19T14:09:55.413Z] [FLOW] Compass→SK: headingTrue=24.5deg [signalk-heading-true-calculator]
[2026-09-19T14:09:55.655Z] [FLOW] NavCalc→SK: set=297.9degT drift=1.86kts [signalk-current-calculator]
[2026-09-19T14:09:55.708Z] [FLOW] NavCalc→SK: set=293.4degT drift=1.88kts [signalk-current-calculator]
[2026-09-19T14:09:55.751Z] [FLOW] Wind→SK: TWD=71.3deg TWS=12.3kts TWA=46.8deg [signalk-truewind-calculator]
[2026-09-19T14:09:55.770Z] [FLOW] J30→SK: leeway=11.1deg [signalk-j30-leeway]
[2026-09-19T14:09:55.771Z] [FLOW] Compass→SK: headingTrue=28.1deg [signalk-heading-true-calculator]
[2026-09-19T14:09:55.909Z] [FLOW] NavCalc→SK: set=288.3degT drift=2.01kts [signalk-current-calculator]
[2026-09-19T14:09:55.944Z] [FLOW] Wind→SK: TWD=73.1deg TWS=11.9kts TWA=45.1deg [signalk-truewind-calculator]
[2026-09-19T14:09:55.959Z] [FLOW] NavCalc→SK: set=288.1degT drift=1.86kts [signalk-current-calculator]
[2026-09-19T14:09:56.045Z] [FLOW] J30→SK: leeway=11.0deg [signalk-j30-leeway]
[2026-09-19T14:09:56.046Z] [FLOW] Compass→SK: headingTrue=32.1deg [signalk-heading-true-calculator]
[2026-09-19T14:09:56.139Z] [FLOW] Wind→SK: TWD=77.7deg TWS=13.3kts TWA=45.6deg [signalk-truewind-calculator]
[2026-09-19T14:09:56.156Z] [FLOW] NavCalc→SK: set=287.9degT drift=1.89kts [signalk-current-calculator]
[2026-09-19T14:09:56.175Z] [FLOW] J30→SK: leeway=10.1deg [signalk-j30-leeway]
[2026-09-19T14:09:56.176Z] [FLOW] Compass→SK: headingTrue=33.2deg [signalk-heading-true-calculator]
[2026-09-19T14:09:56.260Z] [FLOW] NavCalc→SK: set=290.5degT drift=1.91kts [signalk-current-calculator]
[2026-09-19T14:09:56.419Z] [FLOW] J30→SK: leeway=10.6deg [signalk-j30-leeway]
[2026-09-19T14:09:56.420Z] [FLOW] Compass→SK: headingTrue=34.8deg [signalk-heading-true-calculator]
[2026-09-19T14:09:56.431Z] [FLOW] NavCalc→SK: set=295.2degT drift=1.88kts [signalk-current-calculator]
[2026-09-19T14:09:56.529Z] [FLOW] Wind→SK: TWD=82.9deg TWS=13.5kts TWA=48.1deg [signalk-truewind-calculator]
[2026-09-19T14:09:56.559Z] [FLOW] NavCalc→SK: set=295.3degT drift=2.01kts [signalk-current-calculator]
[2026-09-19T14:09:56.682Z] [FLOW] NavCalc→SK: set=298.3degT drift=2.02kts [signalk-current-calculator]
[2026-09-19T14:09:56.724Z] [FLOW] Wind→SK: TWD=82.4deg TWS=14.2kts TWA=47.6deg [signalk-truewind-calculator]
[2026-09-19T14:09:56.857Z] [FLOW] J30→SK: leeway=10.4deg [signalk-j30-leeway]
[2026-09-19T14:09:56.858Z] [FLOW] Compass→SK: headingTrue=30.6deg [signalk-heading-true-calculator]
[2026-09-19T14:09:56.860Z] [FLOW] NavCalc→SK: set=295.1degT drift=2.05kts [signalk-current-calculator]
[2026-09-19T14:09:56.919Z] [FLOW] Wind→SK: TWD=73.1deg TWS=13.8kts TWA=42.6deg [signalk-truewind-calculator]
[2026-09-19T14:09:56.931Z] [FLOW] NavCalc→SK: set=294.1degT drift=1.97kts [signalk-current-calculator]
[2026-09-19T14:09:57.109Z] [FLOW] NavCalc→SK: set=298.7degT drift=2.01kts [signalk-current-calculator]
[2026-09-19T14:09:57.151Z] [FLOW] Wind→SK: TWD=69.9deg TWS=13.3kts TWA=39.3deg [signalk-truewind-calculator]
[2026-09-19T14:09:57.183Z] [FLOW] NavCalc→SK: set=297.5degT drift=2.02kts [signalk-current-calculator]
[2026-09-19T14:09:57.184Z] [FLOW] J30→SK: leeway=13.0deg [signalk-j30-leeway]
[2026-09-19T14:09:57.185Z] [FLOW] Compass→SK: headingTrue=20.9deg [signalk-heading-true-calculator]
[2026-09-19T14:09:57.360Z] [FLOW] NavCalc→SK: set=299.2degT drift=1.74kts [signalk-current-calculator]
[2026-09-19T14:09:57.431Z] [FLOW] NavCalc→SK: set=304.2degT drift=1.75kts [signalk-current-calculator]
[2026-09-19T14:09:57.504Z] [FLOW] Wind→SK: TWD=60.7deg TWS=12.2kts TWA=39.8deg [signalk-truewind-calculator]
[2026-09-19T14:09:57.608Z] [FLOW] NavCalc→SK: set=299.7degT drift=1.76kts [signalk-current-calculator]
[2026-09-19T14:09:57.621Z] [FLOW] J30→SK: leeway=12.9deg [signalk-j30-leeway]
[2026-09-19T14:09:57.622Z] [FLOW] Compass→SK: headingTrue=27.6deg [signalk-heading-true-calculator]
[2026-09-19T14:09:57.682Z] [FLOW] NavCalc→SK: set=298.0degT drift=1.98kts [signalk-current-calculator]
[2026-09-19T14:09:57.699Z] [FLOW] Wind→SK: TWD=71.2deg TWS=13.2kts TWA=43.6deg [signalk-truewind-calculator]
[2026-09-19T14:09:57.858Z] [FLOW] NavCalc→SK: set=297.8degT drift=1.99kts [signalk-current-calculator]
[2026-09-19T14:09:57.894Z] [FLOW] Wind→SK: TWD=75.5deg TWS=12.5kts TWA=47.9deg [signalk-truewind-calculator]
[2026-09-19T14:09:57.931Z] [FLOW] NavCalc→SK: set=293.2degT drift=2.03kts [signalk-current-calculator]
[2026-09-19T14:09:58.060Z] [FLOW] J30→SK: leeway=10.8deg [signalk-j30-leeway]
[2026-09-19T14:09:58.061Z] [FLOW] Compass→SK: headingTrue=35.2deg [signalk-heading-true-calculator]
[2026-09-19T14:09:58.110Z] [FLOW] NavCalc→SK: set=292.5degT drift=2.15kts [signalk-current-calculator]
[2026-09-19T14:09:58.181Z] [FLOW] NavCalc→SK: set=290.2degT drift=2.26kts [signalk-current-calculator]
[2026-09-19T14:09:58.285Z] [FLOW] Wind→SK: TWD=84.6deg TWS=12.7kts TWA=49.4deg [signalk-truewind-calculator]
[2026-09-19T14:09:58.359Z] [FLOW] NavCalc→SK: set=289.9degT drift=2.44kts [signalk-current-calculator]
[2026-09-19T14:09:58.430Z] [FLOW] NavCalc→SK: set=290.7degT drift=2.42kts [signalk-current-calculator]
[2026-09-19T14:09:58.480Z] [FLOW] Wind→SK: TWD=87.1deg TWS=12.9kts TWA=51.9deg [signalk-truewind-calculator]
[2026-09-19T14:09:58.659Z] [FLOW] NavCalc→SK: set=291.8degT drift=2.56kts [signalk-current-calculator]
[2026-09-19T14:09:58.674Z] [FLOW] Wind→SK: TWD=88.4deg TWS=12.6kts TWA=53.2deg [signalk-truewind-calculator]
[2026-09-19T14:09:58.681Z] [FLOW] NavCalc→SK: set=297.7degT drift=2.56kts [signalk-current-calculator]
[2026-09-19T14:09:58.869Z] [FLOW] Wind→SK: TWD=91.5deg TWS=12.5kts TWA=56.2deg [signalk-truewind-calculator]
[2026-09-19T14:09:58.872Z] [FLOW] J30→SK: leeway=15.0deg [signalk-j30-leeway]
[2026-09-19T14:09:58.873Z] [FLOW] Compass→SK: headingTrue=23.3deg [signalk-heading-true-calculator]
[2026-09-19T14:09:58.909Z] [FLOW] NavCalc→SK: set=302.8degT drift=2.40kts [signalk-current-calculator]
[2026-09-19T14:09:58.931Z] [FLOW] NavCalc→SK: set=301.1degT drift=2.31kts [signalk-current-calculator]
[2026-09-19T14:09:59.181Z] [FLOW] NavCalc→SK: set=295.2degT drift=2.21kts [signalk-current-calculator]
[2026-09-19T14:09:59.197Z] [FLOW] J30→SK: leeway=14.5deg [signalk-j30-leeway]
[2026-09-19T14:09:59.198Z] [FLOW] Compass→SK: headingTrue=26.1deg [signalk-heading-true-calculator]
[2026-09-19T14:09:59.210Z] [FLOW] NavCalc→SK: set=298.7degT drift=2.29kts [signalk-current-calculator]
[2026-09-19T14:09:59.264Z] [FLOW] Wind→SK: TWD=82.6deg TWS=12.7kts TWA=56.6deg [signalk-truewind-calculator]
[2026-09-19T14:09:59.456Z] [FLOW] Wind→SK: TWD=92.3deg TWS=8.3kts TWA=66.2deg [signalk-truewind-calculator]
[2026-09-19T14:09:59.460Z] [FLOW] NavCalc→SK: set=294.4degT drift=2.46kts [signalk-current-calculator]
[2026-09-19T14:09:59.483Z] [FLOW] NavCalc→SK: set=293.1degT drift=2.58kts [signalk-current-calculator]
[2026-09-19T14:09:59.651Z] [FLOW] Wind→SK: TWD=92.3deg TWS=7.0kts TWA=66.2deg [signalk-truewind-calculator]
[2026-09-19T14:09:59.709Z] [FLOW] NavCalc→SK: set=292.1degT drift=2.65kts [signalk-current-calculator]
[2026-09-19T14:09:59.781Z] [FLOW] NavCalc→SK: set=290.4degT drift=2.66kts [signalk-current-calculator]
[2026-09-19T14:09:59.846Z] [FLOW] Wind→SK: TWD=88.7deg TWS=6.4kts TWA=62.6deg [signalk-truewind-calculator]
[2026-09-19T14:10:00.008Z] [FLOW] NavCalc→SK: set=287.1degT drift=2.54kts [signalk-current-calculator]
[2026-09-19T14:10:00.032Z] [FLOW] NavCalc→SK: set=288.8degT drift=2.50kts [signalk-current-calculator]
[2026-09-19T14:10:00.240Z] [FLOW] Wind→SK: TWD=89.5deg TWS=6.4kts TWA=63.4deg [signalk-truewind-calculator]
[2026-09-19T14:10:00.256Z] [FLOW] NavCalc→SK: set=291.0degT drift=2.42kts [signalk-current-calculator]
[2026-09-19T14:10:00.331Z] [FLOW] NavCalc→SK: set=295.3degT drift=2.42kts [signalk-current-calculator]
[2026-09-19T14:10:00.431Z] [FLOW] Wind→SK: TWD=79.9deg TWS=9.4kts TWA=53.8deg [signalk-truewind-calculator]
[2026-09-19T14:10:00.505Z] [FLOW] NavCalc→SK: set=299.6degT drift=2.36kts [signalk-current-calculator]
[2026-09-19T14:10:00.582Z] [FLOW] NavCalc→SK: set=298.1degT drift=2.41kts [signalk-current-calculator]
[2026-09-19T14:10:00.625Z] [FLOW] Wind→SK: TWD=80.2deg TWS=9.8kts TWA=54.1deg [signalk-truewind-calculator]
[2026-09-19T14:10:00.756Z] [FLOW] NavCalc→SK: set=299.8degT drift=2.37kts [signalk-current-calculator]
[2026-09-19T14:10:00.836Z] [FLOW] NavCalc→SK: set=298.5degT drift=2.37kts [signalk-current-calculator]
[2026-09-19T14:10:01.006Z] [FLOW] NavCalc→SK: set=299.8degT drift=2.27kts [signalk-current-calculator]
[2026-09-19T14:10:01.017Z] [FLOW] Wind→SK: TWD=80.0deg TWS=9.7kts TWA=53.9deg [signalk-truewind-calculator]
[2026-09-19T14:10:01.082Z] [FLOW] NavCalc→SK: set=294.9degT drift=2.27kts [signalk-current-calculator]
[2026-09-19T14:10:01.211Z] [FLOW] Wind→SK: TWD=83.7deg TWS=9.8kts TWA=57.6deg [signalk-truewind-calculator]
[2026-09-19T14:10:01.257Z] [FLOW] NavCalc→SK: set=294.2degT drift=2.14kts [signalk-current-calculator]
[2026-09-19T14:10:01.374Z] [FLOW] NavCalc→SK: set=293.4degT drift=1.99kts [signalk-current-calculator]
[2026-09-19T14:10:01.405Z] [FLOW] Wind→SK: TWD=115.7deg TWS=4.8kts TWA=89.6deg [signalk-truewind-calculator]
[2026-09-19T14:10:01.441Z] [FLOW] J30→SK: leeway=11.3deg [signalk-j30-leeway]
[2026-09-19T14:10:01.443Z] [FLOW] Compass→SK: headingTrue=29.6deg [signalk-heading-true-calculator]
[2026-09-19T14:10:01.505Z] [FLOW] NavCalc→SK: set=296.5degT drift=2.09kts [signalk-current-calculator]
[2026-09-19T14:10:01.600Z] [FLOW] Wind→SK: TWD=136.2deg TWS=4.5kts TWA=106.5deg [signalk-truewind-calculator]
[2026-09-19T14:10:01.675Z] [FLOW] NavCalc→SK: set=294.0degT drift=2.09kts [signalk-current-calculator]
[2026-09-19T14:10:01.755Z] [FLOW] NavCalc→SK: set=296.6degT drift=2.14kts [signalk-current-calculator]
[2026-09-19T14:10:01.925Z] [FLOW] NavCalc→SK: set=293.5degT drift=2.18kts [signalk-current-calculator]
[2026-09-19T14:10:01.991Z] [FLOW] Wind→SK: TWD=139.3deg TWS=3.3kts TWA=109.6deg [signalk-truewind-calculator]
[2026-09-19T14:10:02.007Z] [FLOW] NavCalc→SK: set=289.6degT drift=2.15kts [signalk-current-calculator]
[2026-09-19T14:10:02.092Z] [FLOW] J30→SK: leeway=8.9deg [signalk-j30-leeway]
[2026-09-19T14:10:02.093Z] [FLOW] Compass→SK: headingTrue=29.8deg [signalk-heading-true-calculator]
[2026-09-19T14:10:02.174Z] [FLOW] NavCalc→SK: set=288.1degT drift=2.13kts [signalk-current-calculator]
[2026-09-19T14:10:02.186Z] [FLOW] Wind→SK: TWD=158.4deg TWS=4.3kts TWA=128.6deg [signalk-truewind-calculator]
[2026-09-19T14:10:02.255Z] [FLOW] NavCalc→SK: set=284.6degT drift=2.02kts [signalk-current-calculator]
[2026-09-19T14:10:02.381Z] [FLOW] Wind→SK: TWD=140.8deg TWS=4.5kts TWA=111.0deg [signalk-truewind-calculator]
[2026-09-19T14:10:02.426Z] [FLOW] NavCalc→SK: set=285.8degT drift=2.01kts [signalk-current-calculator]
[2026-09-19T14:10:02.505Z] [FLOW] NavCalc→SK: set=287.6degT drift=1.94kts [signalk-current-calculator]
[2026-09-19T14:10:02.691Z] [FLOW] J30→SK: leeway=11.5deg [signalk-j30-leeway]
[2026-09-19T14:10:02.692Z] [FLOW] Compass→SK: headingTrue=23.1deg [signalk-heading-true-calculator]
[2026-09-19T14:10:02.724Z] [FLOW] NavCalc→SK: set=288.8degT drift=1.95kts [signalk-current-calculator]
[2026-09-19T14:10:02.756Z] [FLOW] NavCalc→SK: set=288.6degT drift=1.74kts [signalk-current-calculator]
[2026-09-19T14:10:02.769Z] [FLOW] Wind→SK: TWD=120.5deg TWS=3.3kts TWA=97.4deg [signalk-truewind-calculator]
[2026-09-19T14:10:02.964Z] [FLOW] Wind→SK: TWD=92.2deg TWS=5.1kts TWA=69.1deg [signalk-truewind-calculator]
[2026-09-19T14:10:02.974Z] [FLOW] NavCalc→SK: set=289.4degT drift=1.67kts [signalk-current-calculator]
[2026-09-19T14:10:03.005Z] [FLOW] NavCalc→SK: set=292.2degT drift=1.61kts [signalk-current-calculator]
[2026-09-19T14:10:03.097Z] [FLOW] J30→SK: leeway=11.1deg [signalk-j30-leeway]
[2026-09-19T14:10:03.098Z] [FLOW] Compass→SK: headingTrue=26.8deg [signalk-heading-true-calculator]
[2026-09-19T14:10:03.159Z] [FLOW] Wind→SK: TWD=82.6deg TWS=9.9kts TWA=55.8deg [signalk-truewind-calculator]
[2026-09-19T14:10:03.256Z] [FLOW] NavCalc→SK: set=293.9degT drift=1.79kts [signalk-current-calculator]
[2026-09-19T14:10:03.275Z] [FLOW] NavCalc→SK: set=294.8degT drift=1.78kts [signalk-current-calculator]
[2026-09-19T14:10:03.354Z] [FLOW] Wind→SK: TWD=78.2deg TWS=9.2kts TWA=51.4deg [signalk-truewind-calculator]
[2026-09-19T14:10:03.456Z] [FLOW] J30→SK: leeway=9.5deg [signalk-j30-leeway]
[2026-09-19T14:10:03.457Z] [FLOW] Compass→SK: headingTrue=29.1deg [signalk-heading-true-calculator]
[2026-09-19T14:10:03.504Z] [FLOW] NavCalc→SK: set=295.5degT drift=1.76kts [signalk-current-calculator]
[2026-09-19T14:10:03.575Z] [FLOW] NavCalc→SK: set=294.6degT drift=1.83kts [signalk-current-calculator]
[2026-09-19T14:10:03.745Z] [FLOW] Wind→SK: TWD=77.0deg TWS=11.9kts TWA=48.0deg [signalk-truewind-calculator]
[2026-09-19T14:10:03.755Z] [FLOW] NavCalc→SK: set=295.1degT drift=1.82kts [signalk-current-calculator]
[2026-09-19T14:10:03.825Z] [FLOW] NavCalc→SK: set=300.7degT drift=1.77kts [signalk-current-calculator]
[2026-09-19T14:10:03.910Z] [FLOW] J30→SK: leeway=9.6deg [signalk-j30-leeway]
[2026-09-19T14:10:03.911Z] [FLOW] Compass→SK: headingTrue=25.8deg [signalk-heading-true-calculator]
[2026-09-19T14:10:03.939Z] [FLOW] Wind→SK: TWD=74.8deg TWS=11.1kts TWA=49.0deg [signalk-truewind-calculator]
[2026-09-19T14:10:04.056Z] [FLOW] NavCalc→SK: set=300.8degT drift=1.63kts [signalk-current-calculator]
[2026-09-19T14:10:04.075Z] [FLOW] NavCalc→SK: set=301.9degT drift=1.66kts [signalk-current-calculator]
[2026-09-19T14:10:04.135Z] [FLOW] Wind→SK: TWD=74.4deg TWS=11.3kts TWA=48.6deg [signalk-truewind-calculator]
[2026-09-19T14:10:04.305Z] [FLOW] NavCalc→SK: set=301.6degT drift=1.58kts [signalk-current-calculator]
[2026-09-19T14:10:04.374Z] [FLOW] NavCalc→SK: set=299.7degT drift=1.56kts [signalk-current-calculator]
[2026-09-19T14:10:04.463Z] [FLOW] J30→SK: leeway=8.8deg [signalk-j30-leeway]
[2026-09-19T14:10:04.464Z] [FLOW] Compass→SK: headingTrue=27.3deg [signalk-heading-true-calculator]
[2026-09-19T14:10:04.524Z] [FLOW] Wind→SK: TWD=76.2deg TWS=16.1kts TWA=48.9deg [signalk-truewind-calculator]
[2026-09-19T14:10:04.555Z] [FLOW] NavCalc→SK: set=295.8degT drift=1.62kts [signalk-current-calculator]
[2026-09-19T14:10:04.625Z] [FLOW] NavCalc→SK: set=292.7degT drift=1.56kts [signalk-current-calculator]
[2026-09-19T14:10:04.719Z] [FLOW] Wind→SK: TWD=74.8deg TWS=16.0kts TWA=47.5deg [signalk-truewind-calculator]
[2026-09-19T14:10:04.804Z] [FLOW] NavCalc→SK: set=290.3degT drift=1.54kts [signalk-current-calculator]
[2026-09-19T14:10:04.904Z] [FLOW] NavCalc→SK: set=289.5degT drift=1.59kts [signalk-current-calculator]
[2026-09-19T14:10:04.914Z] [FLOW] Wind→SK: TWD=75.1deg TWS=16.0kts TWA=47.8deg [signalk-truewind-calculator]
[2026-09-19T14:10:04.917Z] [FLOW] J30→SK: leeway=8.2deg [signalk-j30-leeway]
[2026-09-19T14:10:04.918Z] [FLOW] Compass→SK: headingTrue=27.7deg [signalk-heading-true-calculator]
[2026-09-19T14:10:05.103Z] [FLOW] NavCalc→SK: set=290.6degT drift=1.56kts [signalk-current-calculator]
[2026-09-19T14:10:05.109Z] [FLOW] Wind→SK: TWD=76.0deg TWS=14.9kts TWA=48.3deg [signalk-truewind-calculator]
[2026-09-19T14:10:05.112Z] [FLOW] J30→SK: leeway=9.3deg [signalk-j30-leeway]
[2026-09-19T14:10:05.113Z] [FLOW] Compass→SK: headingTrue=24.3deg [signalk-heading-true-calculator]
[2026-09-19T14:10:05.352Z] [FLOW] NavCalc→SK: set=298.3degT drift=1.41kts [signalk-current-calculator]
[2026-09-19T14:10:05.376Z] [FLOW] NavCalc→SK: set=308.3degT drift=1.51kts [signalk-current-calculator]
[2026-09-19T14:10:05.499Z] [FLOW] Wind→SK: TWD=78.6deg TWS=12.7kts TWA=54.3deg [signalk-truewind-calculator]
[2026-09-19T14:10:05.602Z] [FLOW] NavCalc→SK: set=308.3degT drift=1.47kts [signalk-current-calculator]
[2026-09-19T14:10:05.674Z] [FLOW] NavCalc→SK: set=302.9degT drift=1.47kts [signalk-current-calculator]
[2026-09-19T14:10:05.694Z] [FLOW] Wind→SK: TWD=79.8deg TWS=12.0kts TWA=55.5deg [signalk-truewind-calculator]
[2026-09-19T14:10:05.844Z] [FLOW] J30→SK: leeway=9.4deg [signalk-j30-leeway]
[2026-09-19T14:10:05.845Z] [FLOW] Compass→SK: headingTrue=26.2deg [signalk-heading-true-calculator]
[2026-09-19T14:10:05.852Z] [FLOW] NavCalc→SK: set=303.0degT drift=1.52kts [signalk-current-calculator]
[2026-09-19T14:10:05.890Z] [FLOW] Wind→SK: TWD=84.4deg TWS=10.0kts TWA=58.2deg [signalk-truewind-calculator]
[2026-09-19T14:10:05.954Z] [FLOW] NavCalc→SK: set=297.6degT drift=1.52kts [signalk-current-calculator]
[2026-09-19T14:10:06.102Z] [FLOW] NavCalc→SK: set=294.3degT drift=1.62kts [signalk-current-calculator]
[2026-09-19T14:10:06.211Z] [FLOW] NavCalc→SK: set=289.2degT drift=1.60kts [signalk-current-calculator]
[2026-09-19T14:10:06.280Z] [FLOW] Wind→SK: TWD=81.3deg TWS=10.3kts TWA=55.1deg [signalk-truewind-calculator]
[2026-09-19T14:10:06.315Z] [FLOW] J30→SK: leeway=8.4deg [signalk-j30-leeway]
[2026-09-19T14:10:06.316Z] [FLOW] Compass→SK: headingTrue=30.9deg [signalk-heading-true-calculator]
[2026-09-19T14:10:06.352Z] [FLOW] NavCalc→SK: set=286.7degT drift=1.70kts [signalk-current-calculator]
[2026-09-19T14:10:06.474Z] [FLOW] Wind→SK: TWD=87.0deg TWS=10.8kts TWA=56.1deg [signalk-truewind-calculator]
[2026-09-19T14:10:06.477Z] [FLOW] NavCalc→SK: set=284.2degT drift=1.85kts [signalk-current-calculator]
[2026-09-19T14:10:06.602Z] [FLOW] NavCalc→SK: set=285.9degT drift=2.08kts [signalk-current-calculator]
[2026-09-19T14:10:06.669Z] [FLOW] Wind→SK: TWD=83.0deg TWS=10.6kts TWA=52.2deg [signalk-truewind-calculator]
[2026-09-19T14:10:06.689Z] [FLOW] J30→SK: leeway=10.9deg [signalk-j30-leeway]
[2026-09-19T14:10:06.690Z] [FLOW] Compass→SK: headingTrue=24.0deg [signalk-heading-true-calculator]
[2026-09-19T14:10:06.724Z] [FLOW] NavCalc→SK: set=293.2degT drift=2.00kts [signalk-current-calculator]
[2026-09-19T14:10:06.852Z] [FLOW] NavCalc→SK: set=290.6degT drift=1.97kts [signalk-current-calculator]
[2026-09-19T14:10:06.864Z] [FLOW] Wind→SK: TWD=74.9deg TWS=10.3kts TWA=50.9deg [signalk-truewind-calculator]
[2026-09-19T14:10:06.975Z] [FLOW] NavCalc→SK: set=295.5degT drift=1.99kts [signalk-current-calculator]
[2026-09-19T14:10:07.101Z] [FLOW] NavCalc→SK: set=292.7degT drift=2.03kts [signalk-current-calculator]
[2026-09-19T14:10:07.254Z] [FLOW] Wind→SK: TWD=72.6deg TWS=10.3kts TWA=48.6deg [signalk-truewind-calculator]
[2026-09-19T14:10:07.274Z] [FLOW] NavCalc→SK: set=291.3degT drift=2.10kts [signalk-current-calculator]
[2026-09-19T14:10:07.322Z] [FLOW] J30→SK: leeway=12.4deg [signalk-j30-leeway]
[2026-09-19T14:10:07.323Z] [FLOW] Compass→SK: headingTrue=22.7deg [signalk-heading-true-calculator]
[2026-09-19T14:10:07.352Z] [FLOW] NavCalc→SK: set=289.3degT drift=2.00kts [signalk-current-calculator]
[2026-09-19T14:10:07.449Z] [FLOW] Wind→SK: TWD=88.8deg TWS=5.6kts TWA=66.0deg [signalk-truewind-calculator]
[2026-09-19T14:10:07.525Z] [FLOW] NavCalc→SK: set=283.8degT drift=2.09kts [signalk-current-calculator]
[2026-09-19T14:10:07.602Z] [FLOW] NavCalc→SK: set=282.5degT drift=2.12kts [signalk-current-calculator]
[2026-09-19T14:10:07.644Z] [FLOW] Wind→SK: TWD=92.9deg TWS=5.7kts TWA=70.1deg [signalk-truewind-calculator]
[2026-09-19T14:10:07.647Z] [FLOW] J30→SK: leeway=10.7deg [signalk-j30-leeway]
[2026-09-19T14:10:07.648Z] [FLOW] Compass→SK: headingTrue=26.7deg [signalk-heading-true-calculator]
[2026-09-19T14:10:07.825Z] [FLOW] NavCalc→SK: set=282.9degT drift=2.22kts [signalk-current-calculator]
[2026-09-19T14:10:07.853Z] [FLOW] NavCalc→SK: set=283.3degT drift=2.23kts [signalk-current-calculator]
[2026-09-19T14:10:08.034Z] [FLOW] Wind→SK: TWD=98.9deg TWS=6.1kts TWA=72.2deg [signalk-truewind-calculator]
[2026-09-19T14:10:08.074Z] [FLOW] NavCalc→SK: set=284.9degT drift=2.32kts [signalk-current-calculator]
[2026-09-19T14:10:08.103Z] [FLOW] NavCalc→SK: set=285.4degT drift=2.32kts [signalk-current-calculator]
[2026-09-19T14:10:08.229Z] [FLOW] Wind→SK: TWD=84.5deg TWS=9.5kts TWA=57.8deg [signalk-truewind-calculator]
[2026-09-19T14:10:08.324Z] [FLOW] NavCalc→SK: set=290.5degT drift=2.33kts [signalk-current-calculator]
[2026-09-19T14:10:08.402Z] [FLOW] NavCalc→SK: set=291.9degT drift=2.25kts [signalk-current-calculator]
[2026-09-19T14:10:08.620Z] [FLOW] Wind→SK: TWD=81.8deg TWS=10.8kts TWA=55.1deg [signalk-truewind-calculator]
[2026-09-19T14:10:08.623Z] [FLOW] Wind→SK: TWD=79.8deg TWS=11.9kts TWA=53.2deg [signalk-truewind-calculator]
[2026-09-19T14:10:08.624Z] [FLOW] NavCalc→SK: set=291.1degT drift=2.26kts [signalk-current-calculator]
[2026-09-19T14:10:08.653Z] [FLOW] NavCalc→SK: set=292.8degT drift=2.27kts [signalk-current-calculator]
[2026-09-19T14:10:08.876Z] [FLOW] NavCalc→SK: set=286.8degT drift=2.27kts [signalk-current-calculator]
[2026-09-19T14:10:08.900Z] [FLOW] J30→SK: leeway=12.5deg [signalk-j30-leeway]
[2026-09-19T14:10:08.903Z] [FLOW] Compass→SK: headingTrue=29.4deg [signalk-heading-true-calculator]
[2026-09-19T14:10:08.906Z] [FLOW] NavCalc→SK: set=286.1degT drift=2.53kts [signalk-current-calculator]
[2026-09-19T14:10:09.010Z] [FLOW] Wind→SK: TWD=77.8deg TWS=14.1kts TWA=48.4deg [signalk-truewind-calculator]
[2026-09-19T14:10:09.061Z] [FLOW] J30→SK: leeway=12.4deg [signalk-j30-leeway]
[2026-09-19T14:10:09.063Z] [FLOW] Compass→SK: headingTrue=29.9deg [signalk-heading-true-calculator]
[2026-09-19T14:10:09.125Z] [FLOW] NavCalc→SK: set=285.8degT drift=2.56kts [signalk-current-calculator]
[2026-09-19T14:10:09.144Z] [FLOW] J30→SK: leeway=11.0deg [signalk-j30-leeway]
[2026-09-19T14:10:09.145Z] [FLOW] Compass→SK: headingTrue=30.5deg [signalk-heading-true-calculator]
[2026-09-19T14:10:09.152Z] [FLOW] NavCalc→SK: set=284.1degT drift=2.68kts [signalk-current-calculator]
[2026-09-19T14:10:09.204Z] [FLOW] Wind→SK: TWD=81.6deg TWS=12.2kts TWA=51.1deg [signalk-truewind-calculator]
[2026-09-19T14:10:09.375Z] [FLOW] NavCalc→SK: set=283.8degT drift=2.71kts [signalk-current-calculator]
[2026-09-19T14:10:09.399Z] [FLOW] Wind→SK: TWD=82.5deg TWS=12.6kts TWA=52.0deg [signalk-truewind-calculator]
[2026-09-19T14:10:09.402Z] [FLOW] NavCalc→SK: set=283.7degT drift=2.86kts [signalk-current-calculator]
[2026-09-19T14:10:09.549Z] [FLOW] J30→SK: leeway=14.0deg [signalk-j30-leeway]
[2026-09-19T14:10:09.550Z] [FLOW] Compass→SK: headingTrue=24.2deg [signalk-heading-true-calculator]
[2026-09-19T14:10:09.594Z] [FLOW] Wind→SK: TWD=76.8deg TWS=11.0kts TWA=52.6deg [signalk-truewind-calculator]
[2026-09-19T14:10:09.624Z] [FLOW] NavCalc→SK: set=288.1degT drift=2.77kts [signalk-current-calculator]
[2026-09-19T14:10:09.653Z] [FLOW] NavCalc→SK: set=290.1degT drift=2.80kts [signalk-current-calculator]
