[2026-06-06T10:18:14.484] [DEBUG] [calypso-direct] [DATA_IN] AWS=4.5kt AWA=4° Batt=100% Temp=0°C
[2026-06-06T10:18:14.875] [WARNING] [calypso-direct] [TIMING] Large gap: 390ms (expected ~125ms at 8Hz) AWS=4.5kt
[2026-06-06T10:18:14.876] [DEBUG] [calypso-direct] [DATA_IN] AWS=4.5kt AWA=3° Batt=100% Temp=0°C
[2026-06-06T10:18:15.069] [DEBUG] [calypso-direct] [DATA_IN] AWS=4.1kt AWA=3° Batt=100% Temp=0°C
[2026-06-06T10:18:15.654] [WARNING] [calypso-direct] [TIMING] Large gap: 585ms (expected ~125ms at 8Hz) AWS=4.1kt
[2026-06-06T10:18:15.654] [DEBUG] [calypso-direct] [DATA_IN] AWS=4.1kt AWA=4° Batt=100% Temp=0°C
[2026-06-06T10:18:15.657] [DEBUG] [calypso-direct] [DATA_IN] AWS=4.1kt AWA=5° Batt=100% Temp=0°C
[2026-06-06T10:18:16.045] [WARNING] [calypso-direct] [TIMING] Large gap: 388ms (expected ~125ms at 8Hz) AWS=3.9kt
[2026-06-06T10:18:16.046] [DEBUG] [calypso-direct] [DATA_IN] AWS=3.9kt AWA=4° Batt=100% Temp=0°C
[2026-06-06T10:18:16.047] [DEBUG] [calypso-direct] [DATA_IN] AWS=4.1kt AWA=4° Batt=100% Temp=0°C
[2026-06-06T10:18:16.239] [DEBUG] [calypso-direct] [DATA_IN] AWS=3.9kt AWA=4° Batt=100% Temp=0°C
[2026-06-06T10:18:16.629] [WARNING] [calypso-direct] [TIMING] Large gap: 390ms (expected ~125ms at 8Hz) AWS=4.1kt
[2026-06-06T10:18:16.630] [DEBUG] [calypso-direct] [DATA_IN] AWS=4.1kt AWA=4° Batt=100% Temp=0°C
[2026-06-06T10:18:17.019] [WARNING] [calypso-direct] [TIMING] Large gap: 390ms (expected ~125ms at 8Hz) AWS=4.1kt
[2026-06-06T10:18:17.020] [DEBUG] [calypso-direct] [DATA_IN] AWS=4.1kt AWA=4° Batt=100% Temp=0°C
[2026-06-06T10:18:17.020] [DEBUG] [calypso-direct] [DATA_IN] AWS=4.3kt AWA=3° Batt=100% Temp=0°C
[2026-06-06T10:18:17.409] [WARNING] [calypso-direct] [TIMING] Large gap: 389ms (expected ~125ms at 8Hz) AWS=4.3kt
[2026-06-06T10:18:17.410] [DEBUG] [calypso-direct] [DATA_IN] AWS=4.3kt AWA=4° Batt=100% Temp=0°C
[2026-06-06T10:18:17.604] [DEBUG] [calypso-direct] [DATA_IN] AWS=4.3kt AWA=4° Batt=100% Temp=0°C
[2026-06-06T10:18:17.799] [DEBUG] [calypso-direct] [DATA_IN] AWS=4.3kt AWA=3° Batt=100% Temp=0°C
[2026-06-06T10:18:17.994] [DEBUG] [calypso-direct] [DATA_IN] AWS=4.3kt AWA=1° Batt=100% Temp=0°C
[2026-06-06T10:18:18.580] [WARNING] [calypso-direct] [TIMING] Large gap: 586ms (expected ~125ms at 8Hz) AWS=4.3kt
[2026-06-06T10:18:18.581] [DEBUG] [calypso-direct] [DATA_IN] AWS=4.3kt AWA=4° Batt=100% Temp=0°C
[2026-06-06T10:18:18.583] [DEBUG] [calypso-direct] [DATA_IN] AWS=4.1kt AWA=355° Batt=100% Temp=0°C
[2026-06-06T10:18:18.774] [DEBUG] [calypso-direct] [DATA_IN] AWS=3.9kt AWA=355° Batt=100% Temp=0°C
[2026-06-06T10:18:18.969] [DEBUG] [calypso-direct] [DATA_IN] AWS=3.9kt AWA=355° Batt=100% Temp=0°C
[2026-06-06T10:18:19.359] [WARNING] [calypso-direct] [TIMING] Large gap: 390ms (expected ~125ms at 8Hz) AWS=3.9kt
[2026-06-06T10:18:19.359] [DEBUG] [calypso-direct] [DATA_IN] AWS=3.9kt AWA=355° Batt=100% Temp=0°C
[2026-06-06T10:18:19.944] [WARNING] [calypso-direct] [TIMING] Large gap: 585ms (expected ~125ms at 8Hz) AWS=3.9kt
[2026-06-06T10:18:19.945] [DEBUG] [calypso-direct] [DATA_IN] AWS=3.9kt AWA=355° Batt=100% Temp=0°C
[2026-06-06T10:18:19.947] [DEBUG] [calypso-direct] [DATA_IN] AWS=3.9kt AWA=13° Batt=100% Temp=0°C
[2026-06-06T10:18:20.139] [DEBUG] [calypso-direct] [DATA_IN] AWS=3.7kt AWA=5° Batt=100% Temp=0°C
[2026-06-06T10:18:20.335] [DEBUG] [calypso-direct] [DATA_IN] AWS=3.7kt AWA=5° Batt=100% Temp=0°C
[2026-06-06T10:18:20.530] [DEBUG] [calypso-direct] [DATA_IN] AWS=3.9kt AWA=1° Batt=100% Temp=0°C
[2026-06-06T10:18:20.724] [DEBUG] [calypso-direct] [DATA_IN] AWS=3.9kt AWA=1° Batt=100% Temp=0°C
[2026-06-06T10:18:21.310] [WARNING] [calypso-direct] [TIMING] Large gap: 586ms (expected ~125ms at 8Hz) AWS=3.7kt
[2026-06-06T10:18:21.310] [DEBUG] [calypso-direct] [DATA_IN] AWS=3.7kt AWA=352° Batt=100% Temp=0°C
[2026-06-06T10:18:21.313] [DEBUG] [calypso-direct] [DATA_IN] AWS=3.9kt AWA=352° Batt=100% Temp=0°C
[2026-06-06T10:18:21.504] [DEBUG] [calypso-direct] [DATA_IN] AWS=3.7kt AWA=352° Batt=100% Temp=0°C
[2026-06-06T10:18:21.894] [WARNING] [calypso-direct] [TIMING] Large gap: 390ms (expected ~125ms at 8Hz) AWS=3.5kt
[2026-06-06T10:18:21.894] [DEBUG] [calypso-direct] [DATA_IN] AWS=3.5kt AWA=352° Batt=100% Temp=0°C
[2026-06-06T10:18:22.285] [WARNING] [calypso-direct] [TIMING] Large gap: 391ms (expected ~125ms at 8Hz) AWS=3.7kt
[2026-06-06T10:18:22.286] [DEBUG] [calypso-direct] [DATA_IN] AWS=3.7kt AWA=352° Batt=100% Temp=0°C
[2026-06-06T10:18:22.286] [DEBUG] [calypso-direct] [DATA_IN] AWS=3.7kt AWA=343° Batt=100% Temp=0°C
[2026-06-06T10:18:22.674] [WARNING] [calypso-direct] [TIMING] Large gap: 388ms (expected ~125ms at 8Hz) AWS=3.5kt
[2026-06-06T10:18:22.675] [DEBUG] [calypso-direct] [DATA_IN] AWS=3.5kt AWA=343° Batt=100% Temp=0°C
[2026-06-06T10:18:22.869] [DEBUG] [calypso-direct] [DATA_IN] AWS=3.5kt AWA=343° Batt=100% Temp=0°C
[2026-06-06T10:18:23.066] [DEBUG] [calypso-direct] [DATA_IN] AWS=3.7kt AWA=343° Batt=100% Temp=0°C
[2026-06-06T10:18:23.259] [DEBUG] [calypso-direct] [DATA_IN] AWS=3.7kt AWA=343° Batt=100% Temp=0°C
[2026-06-06T10:18:23.650] [WARNING] [calypso-direct] [TIMING] Large gap: 391ms (expected ~125ms at 8Hz) AWS=3.7kt
[2026-06-06T10:18:23.651] [DEBUG] [calypso-direct] [DATA_IN] AWS=3.7kt AWA=343° Batt=100% Temp=0°C
[2026-06-06T10:18:24.242] [WARNING] [calypso-direct] [TIMING] Large gap: 591ms (expected ~125ms at 8Hz) AWS=3.7kt
[2026-06-06T10:18:24.242] [DEBUG] [calypso-direct] [DATA_IN] AWS=3.7kt AWA=343° Batt=100% Temp=0°C
[2026-06-06T10:18:24.244] [DEBUG] [calypso-direct] [DATA_IN] AWS=3.5kt AWA=0° Batt=100% Temp=0°C
[2026-06-06T10:18:24.248] [DEBUG] [calypso-direct] [DATA_IN] AWS=3.5kt AWA=1° Batt=100% Temp=0°C
[2026-06-06T10:18:24.624] [WARNING] [calypso-direct] [TIMING] Large gap: 377ms (expected ~125ms at 8Hz) AWS=3.5kt
[2026-06-06T10:18:24.625] [DEBUG] [calypso-direct] [DATA_IN] AWS=3.5kt AWA=0° Batt=100% Temp=0°C
[2026-06-06T10:18:24.819] [DEBUG] [calypso-direct] [DATA_IN] AWS=3.7kt AWA=0° Batt=100% Temp=0°C
[2026-06-06T10:18:25.014] [DEBUG] [calypso-direct] [DATA_IN] AWS=3.7kt AWA=342° Batt=100% Temp=0°C
[2026-06-06T10:18:25.599] [WARNING] [calypso-direct] [TIMING] Large gap: 585ms (expected ~125ms at 8Hz) AWS=3.9kt
[2026-06-06T10:18:25.600] [DEBUG] [calypso-direct] [DATA_IN] AWS=3.9kt AWA=342° Batt=100% Temp=0°C
[2026-06-06T10:18:25.600] [DEBUG] [calypso-direct] [DATA_IN] AWS=3.9kt AWA=342° Batt=100% Temp=0°C
[2026-06-06T10:18:25.794] [DEBUG] [calypso-direct] [DATA_IN] AWS=3.7kt AWA=342° Batt=100% Temp=0°C
[2026-06-06T10:18:26.184] [WARNING] [calypso-direct] [TIMING] Large gap: 390ms (expected ~125ms at 8Hz) AWS=3.7kt
[2026-06-06T10:18:26.184] [DEBUG] [calypso-direct] [DATA_IN] AWS=3.7kt AWA=353° Batt=100% Temp=0°C
[2026-06-06T10:18:26.382] [DEBUG] [calypso-direct] [DATA_IN] AWS=3.7kt AWA=353° Batt=100% Temp=0°C
[2026-06-06T10:18:26.574] [DEBUG] [calypso-direct] [DATA_IN] AWS=3.7kt AWA=353° Batt=100% Temp=0°C
[2026-06-06T10:18:26.770] [DEBUG] [calypso-direct] [DATA_IN] AWS=3.7kt AWA=353° Batt=100% Temp=0°C
[2026-06-06T10:18:27.160] [WARNING] [calypso-direct] [TIMING] Large gap: 390ms (expected ~125ms at 8Hz) AWS=3.9kt
[2026-06-06T10:18:27.161] [DEBUG] [calypso-direct] [DATA_IN] AWS=3.9kt AWA=353° Batt=100% Temp=0°C
[2026-06-06T10:18:27.355] [DEBUG] [calypso-direct] [DATA_IN] AWS=3.9kt AWA=344° Batt=100% Temp=0°C
[2026-06-06T10:18:27.549] [DEBUG] [calypso-direct] [DATA_IN] AWS=3.9kt AWA=344° Batt=100% Temp=0°C
[2026-06-06T10:18:27.745] [DEBUG] [calypso-direct] [DATA_IN] AWS=4.3kt AWA=344° Batt=100% Temp=0°C
[2026-06-06T10:18:28.134] [WARNING] [calypso-direct] [TIMING] Large gap: 390ms (expected ~125ms at 8Hz) AWS=3.9kt
[2026-06-06T10:18:28.135] [DEBUG] [calypso-direct] [DATA_IN] AWS=3.9kt AWA=344° Batt=100% Temp=0°C
[2026-06-06T10:18:28.524] [WARNING] [calypso-direct] [TIMING] Large gap: 390ms (expected ~125ms at 8Hz) AWS=3.7kt
[2026-06-06T10:18:28.524] [DEBUG] [calypso-direct] [DATA_IN] AWS=3.7kt AWA=344° Batt=100% Temp=0°C
[2026-06-06T10:18:28.526] [DEBUG] [calypso-direct] [DATA_IN] AWS=3.5kt AWA=11° Batt=100% Temp=0°C
[2026-06-06T10:18:28.719] [DEBUG] [calypso-direct] [DATA_IN] AWS=3.5kt AWA=11° Batt=100% Temp=0°C
[2026-06-06T10:18:29.110] [WARNING] [calypso-direct] [TIMING] Large gap: 390ms (expected ~125ms at 8Hz) AWS=3.5kt
[2026-06-06T10:18:29.110] [DEBUG] [calypso-direct] [DATA_IN] AWS=3.5kt AWA=11° Batt=100% Temp=0°C
[2026-06-06T10:18:29.305] [DEBUG] [calypso-direct] [DATA_IN] AWS=3.5kt AWA=11° Batt=100% Temp=0°C
[2026-06-06T10:18:29.502] [DEBUG] [calypso-direct] [DATA_IN] AWS=3.7kt AWA=11° Batt=100% Temp=0°C
[2026-06-06T10:18:30.087] [WARNING] [calypso-direct] [TIMING] Large gap: 584ms (expected ~125ms at 8Hz) AWS=3.7kt
[2026-06-06T10:18:30.087] [DEBUG] [calypso-direct] [DATA_IN] AWS=3.7kt AWA=347° Batt=100% Temp=0°C
[2026-06-06T10:18:30.092] [DEBUG] [calypso-direct] [DATA_IN] AWS=3.7kt AWA=347° Batt=100% Temp=0°C
[2026-06-06T10:18:30.474] [WARNING] [calypso-direct] [TIMING] Large gap: 382ms (expected ~125ms at 8Hz) AWS=3.3kt
[2026-06-06T10:18:30.474] [DEBUG] [calypso-direct] [DATA_IN] AWS=3.3kt AWA=348° Batt=100% Temp=0°C
[2026-06-06T10:18:30.477] [DEBUG] [calypso-direct] [DATA_IN] AWS=3.3kt AWA=348° Batt=100% Temp=0°C
[2026-06-06T10:18:30.864] [WARNING] [calypso-direct] [TIMING] Large gap: 387ms (expected ~125ms at 8Hz) AWS=3.3kt
[2026-06-06T10:18:30.864] [DEBUG] [calypso-direct] [DATA_IN] AWS=3.3kt AWA=348° Batt=100% Temp=0°C
[2026-06-06T10:18:31.059] [DEBUG] [calypso-direct] [DATA_IN] AWS=3.1kt AWA=341° Batt=100% Temp=0°C
[2026-06-06T10:18:31.449] [WARNING] [calypso-direct] [TIMING] Large gap: 390ms (expected ~125ms at 8Hz) AWS=3.3kt
[2026-06-06T10:18:31.449] [DEBUG] [calypso-direct] [DATA_IN] AWS=3.3kt AWA=341° Batt=100% Temp=0°C
[2026-06-06T10:18:31.644] [DEBUG] [calypso-direct] [DATA_IN] AWS=3.5kt AWA=341° Batt=100% Temp=0°C
[2026-06-06T10:18:31.839] [DEBUG] [calypso-direct] [DATA_IN] AWS=3.3kt AWA=341° Batt=100% Temp=0°C
[2026-06-06T10:18:32.034] [DEBUG] [calypso-direct] [DATA_IN] AWS=3.3kt AWA=341° Batt=100% Temp=0°C
[2026-06-06T10:18:32.229] [DEBUG] [calypso-direct] [DATA_IN] AWS=3.5kt AWA=331° Batt=100% Temp=0°C
[2026-06-06T10:18:32.814] [WARNING] [calypso-direct] [TIMING] Large gap: 585ms (expected ~125ms at 8Hz) AWS=3.7kt
[2026-06-06T10:18:32.814] [DEBUG] [calypso-direct] [DATA_IN] AWS=3.7kt AWA=331° Batt=100% Temp=0°C
[2026-06-06T10:18:33.009] [DEBUG] [calypso-direct] [DATA_IN] AWS=3.7kt AWA=328° Batt=100% Temp=0°C
[2026-06-06T10:18:33.012] [DEBUG] [calypso-direct] [DATA_IN] AWS=4.1kt AWA=327° Batt=100% Temp=0°C
[2026-06-06T10:18:33.399] [WARNING] [calypso-direct] [TIMING] Large gap: 387ms (expected ~125ms at 8Hz) AWS=4.1kt
[2026-06-06T10:18:33.399] [DEBUG] [calypso-direct] [DATA_IN] AWS=4.1kt AWA=326° Batt=100% Temp=0°C
[2026-06-06T10:18:33.595] [DEBUG] [calypso-direct] [DATA_IN] AWS=4.1kt AWA=318° Batt=100% Temp=0°C
[2026-06-06T10:18:33.789] [DEBUG] [calypso-direct] [DATA_IN] AWS=3.9kt AWA=318° Batt=100% Temp=0°C
[2026-06-06T10:18:33.984] [DEBUG] [calypso-direct] [DATA_IN] AWS=3.9kt AWA=318° Batt=100% Temp=0°C
[2026-06-06T10:18:34.569] [WARNING] [calypso-direct] [TIMING] Large gap: 585ms (expected ~125ms at 8Hz) AWS=3.9kt
[2026-06-06T10:18:34.570] [DEBUG] [calypso-direct] [DATA_IN] AWS=3.9kt AWA=321° Batt=100% Temp=0°C
[2026-06-06T10:18:34.571] [DEBUG] [calypso-direct] [DATA_IN] AWS=3.3kt AWA=321° Batt=100% Temp=0°C
[2026-06-06T10:18:34.764] [DEBUG] [calypso-direct] [DATA_IN] AWS=3.9kt AWA=325° Batt=100% Temp=0°C
[2026-06-06T10:18:35.155] [WARNING] [calypso-direct] [TIMING] Large gap: 391ms (expected ~125ms at 8Hz) AWS=3.3kt
[2026-06-06T10:18:35.156] [DEBUG] [calypso-direct] [DATA_IN] AWS=3.3kt AWA=325° Batt=100% Temp=0°C
[2026-06-06T10:18:35.350] [DEBUG] [calypso-direct] [DATA_IN] AWS=3.3kt AWA=324° Batt=100% Temp=0°C
[2026-06-06T10:18:35.741] [WARNING] [calypso-direct] [TIMING] Large gap: 391ms (expected ~125ms at 8Hz) AWS=3.3kt
[2026-06-06T10:18:35.742] [DEBUG] [calypso-direct] [DATA_IN] AWS=3.3kt AWA=324° Batt=100% Temp=0°C
[2026-06-06T10:18:35.743] [DEBUG] [calypso-direct] [DATA_IN] AWS=3.3kt AWA=324° Batt=100% Temp=0°C
[2026-06-06T10:18:36.130] [WARNING] [calypso-direct] [TIMING] Large gap: 387ms (expected ~125ms at 8Hz) AWS=3.3kt
[2026-06-06T10:18:36.131] [DEBUG] [calypso-direct] [DATA_IN] AWS=3.3kt AWA=332° Batt=100% Temp=0°C
[2026-06-06T10:18:36.131] [INFO] [calypso-direct] [HEARTBEAT] packets=1202 last_data=0s ago l1_fails=0
[2026-06-06T10:18:36.325] [DEBUG] [calypso-direct] [DATA_IN] AWS=3.3kt AWA=332° Batt=100% Temp=0°C
[2026-06-06T10:18:36.519] [DEBUG] [calypso-direct] [DATA_IN] AWS=3.3kt AWA=332° Batt=100% Temp=0°C
[2026-06-06T10:18:37.302] [WARNING] [calypso-direct] [TIMING] Large gap: 783ms (expected ~125ms at 8Hz) AWS=3.1kt
[2026-06-06T10:18:37.303] [DEBUG] [calypso-direct] [DATA_IN] AWS=3.1kt AWA=332° Batt=100% Temp=0°C
[2026-06-06T10:18:37.305] [DEBUG] [calypso-direct] [DATA_IN] AWS=3.1kt AWA=332° Batt=100% Temp=0°C
[2026-06-06T10:18:37.309] [DEBUG] [calypso-direct] [DATA_IN] AWS=2.5kt AWA=340° Batt=100% Temp=0°C
[2026-06-06T10:18:37.495] [DEBUG] [calypso-direct] [DATA_IN] AWS=2.5kt AWA=341° Batt=100% Temp=0°C
[2026-06-06T10:18:37.884] [WARNING] [calypso-direct] [TIMING] Large gap: 389ms (expected ~125ms at 8Hz) AWS=2.5kt
[2026-06-06T10:18:37.885] [DEBUG] [calypso-direct] [DATA_IN] AWS=2.5kt AWA=342° Batt=100% Temp=0°C
[2026-06-06T10:18:38.079] [DEBUG] [calypso-direct] [DATA_IN] AWS=2.5kt AWA=342° Batt=100% Temp=0°C
[2026-06-06T10:18:38.274] [DEBUG] [calypso-direct] [DATA_IN] AWS=2.5kt AWA=342° Batt=100% Temp=0°C
[2026-06-06T10:18:38.664] [WARNING] [calypso-direct] [TIMING] Large gap: 390ms (expected ~125ms at 8Hz) AWS=2.5kt
[2026-06-06T10:18:38.664] [DEBUG] [calypso-direct] [DATA_IN] AWS=2.5kt AWA=341° Batt=100% Temp=0°C
[2026-06-06T10:18:38.859] [DEBUG] [calypso-direct] [DATA_IN] AWS=2.5kt AWA=341° Batt=100% Temp=0°C
[2026-06-06T10:18:39.054] [DEBUG] [calypso-direct] [DATA_IN] AWS=2.9kt AWA=341° Batt=100% Temp=0°C
[2026-06-06T10:18:39.249] [DEBUG] [calypso-direct] [DATA_IN] AWS=3.5kt AWA=341° Batt=100% Temp=0°C
[2026-06-06T10:18:39.639] [WARNING] [calypso-direct] [TIMING] Large gap: 390ms (expected ~125ms at 8Hz) AWS=3.5kt
[2026-06-06T10:18:39.639] [DEBUG] [calypso-direct] [DATA_IN] AWS=3.5kt AWA=341° Batt=100% Temp=0°C
[2026-06-06T10:18:40.224] [WARNING] [calypso-direct] [TIMING] Large gap: 585ms (expected ~125ms at 8Hz) AWS=3.7kt
[2026-06-06T10:18:40.224] [DEBUG] [calypso-direct] [DATA_IN] AWS=3.7kt AWA=350° Batt=100% Temp=0°C
[2026-06-06T10:18:40.225] [DEBUG] [calypso-direct] [DATA_IN] AWS=4.1kt AWA=351° Batt=100% Temp=0°C
[2026-06-06T10:18:40.229] [DEBUG] [calypso-direct] [DATA_IN] AWS=4.1kt AWA=351° Batt=100% Temp=0°C
[2026-06-06T10:18:40.614] [WARNING] [calypso-direct] [TIMING] Large gap: 385ms (expected ~125ms at 8Hz) AWS=4.1kt
[2026-06-06T10:18:40.614] [DEBUG] [calypso-direct] [DATA_IN] AWS=4.1kt AWA=351° Batt=100% Temp=0°C
[2026-06-06T10:18:41.199] [WARNING] [calypso-direct] [TIMING] Large gap: 585ms (expected ~125ms at 8Hz) AWS=4.1kt
[2026-06-06T10:18:41.199] [DEBUG] [calypso-direct] [DATA_IN] AWS=4.1kt AWA=350° Batt=100% Temp=0°C
[2026-06-06T10:18:41.589] [WARNING] [calypso-direct] [TIMING] Large gap: 390ms (expected ~125ms at 8Hz) AWS=4.1kt
[2026-06-06T10:18:41.589] [DEBUG] [calypso-direct] [DATA_IN] AWS=4.1kt AWA=345° Batt=100% Temp=0°C
[2026-06-06T10:18:41.590] [DEBUG] [calypso-direct] [DATA_IN] AWS=4.1kt AWA=345° Batt=100% Temp=0°C
[2026-06-06T10:18:41.593] [DEBUG] [calypso-direct] [DATA_IN] AWS=4.1kt AWA=345° Batt=100% Temp=0°C
[2026-06-06T10:18:41.784] [DEBUG] [calypso-direct] [DATA_IN] AWS=3.9kt AWA=345° Batt=100% Temp=0°C
[2026-06-06T10:18:41.979] [DEBUG] [calypso-direct] [DATA_IN] AWS=4.1kt AWA=345° Batt=100% Temp=0°C
[2026-06-06T10:18:42.565] [WARNING] [calypso-direct] [TIMING] Large gap: 586ms (expected ~125ms at 8Hz) AWS=4.5kt
[2026-06-06T10:18:42.566] [DEBUG] [calypso-direct] [DATA_IN] AWS=4.5kt AWA=352° Batt=100% Temp=0°C
[2026-06-06T10:18:42.955] [WARNING] [calypso-direct] [TIMING] Large gap: 390ms (expected ~125ms at 8Hz) AWS=4.5kt
[2026-06-06T10:18:42.956] [DEBUG] [calypso-direct] [DATA_IN] AWS=4.5kt AWA=352° Batt=100% Temp=0°C
[2026-06-06T10:18:43.149] [DEBUG] [calypso-direct] [DATA_IN] AWS=4.5kt AWA=351° Batt=100% Temp=0°C
[2026-06-06T10:18:43.344] [DEBUG] [calypso-direct] [DATA_IN] AWS=4.5kt AWA=351° Batt=100% Temp=0°C
[2026-06-06T10:18:43.539] [DEBUG] [calypso-direct] [DATA_IN] AWS=4.3kt AWA=351° Batt=100% Temp=0°C
[2026-06-06T10:18:43.734] [DEBUG] [calypso-direct] [DATA_IN] AWS=4.3kt AWA=345° Batt=100% Temp=0°C
[2026-06-06T10:18:44.320] [WARNING] [calypso-direct] [TIMING] Large gap: 586ms (expected ~125ms at 8Hz) AWS=4.1kt
[2026-06-06T10:18:44.321] [DEBUG] [calypso-direct] [DATA_IN] AWS=4.1kt AWA=345° Batt=100% Temp=0°C
[2026-06-06T10:18:44.322] [DEBUG] [calypso-direct] [DATA_IN] AWS=4.1kt AWA=345° Batt=100% Temp=0°C
[2026-06-06T10:18:44.514] [DEBUG] [calypso-direct] [DATA_IN] AWS=4.3kt AWA=345° Batt=100% Temp=0°C
[2026-06-06T10:18:44.904] [WARNING] [calypso-direct] [TIMING] Large gap: 390ms (expected ~125ms at 8Hz) AWS=3.9kt
[2026-06-06T10:18:44.904] [INFO] [calypso-direct] [RATE_1MIN] 240 pkts/min (expected 480 at 8Hz) max_gap=783ms gaps_>250ms=84
[2026-06-06T10:18:44.904] [DEBUG] [calypso-direct] [DATA_IN] AWS=3.9kt AWA=345° Batt=100% Temp=0°C
[2026-06-06T10:18:45.099] [DEBUG] [calypso-direct] [DATA_IN] AWS=3.9kt AWA=352° Batt=100% Temp=0°C
[2026-06-06T10:18:45.294] [DEBUG] [calypso-direct] [DATA_IN] AWS=3.9kt AWA=352° Batt=100% Temp=0°C
[2026-06-06T10:18:45.489] [DEBUG] [calypso-direct] [DATA_IN] AWS=3.9kt AWA=352° Batt=100% Temp=0°C
[2026-06-06T10:18:46.074] [WARNING] [calypso-direct] [TIMING] Large gap: 586ms (expected ~125ms at 8Hz) AWS=3.9kt
[2026-06-06T10:18:46.075] [DEBUG] [calypso-direct] [DATA_IN] AWS=3.9kt AWA=352° Batt=100% Temp=0°C
[2026-06-06T10:18:46.076] [DEBUG] [calypso-direct] [DATA_IN] AWS=3.7kt AWA=352° Batt=100% Temp=0°C
[2026-06-06T10:18:46.269] [DEBUG] [calypso-direct] [DATA_IN] AWS=3.9kt AWA=337° Batt=100% Temp=0°C
[2026-06-06T10:18:46.659] [WARNING] [calypso-direct] [TIMING] Large gap: 390ms (expected ~125ms at 8Hz) AWS=3.7kt
[2026-06-06T10:18:46.660] [DEBUG] [calypso-direct] [DATA_IN] AWS=3.7kt AWA=337° Batt=100% Temp=0°C
[2026-06-06T10:18:46.855] [DEBUG] [calypso-direct] [DATA_IN] AWS=3.5kt AWA=337° Batt=100% Temp=0°C
[2026-06-06T10:18:47.244] [WARNING] [calypso-direct] [TIMING] Large gap: 389ms (expected ~125ms at 8Hz) AWS=3.5kt
[2026-06-06T10:18:47.244] [DEBUG] [calypso-direct] [DATA_IN] AWS=3.5kt AWA=337° Batt=100% Temp=0°C
[2026-06-06T10:18:47.246] [DEBUG] [calypso-direct] [DATA_IN] AWS=3.7kt AWA=337° Batt=100% Temp=0°C
[2026-06-06T10:18:47.634] [WARNING] [calypso-direct] [TIMING] Large gap: 388ms (expected ~125ms at 8Hz) AWS=3.5kt
[2026-06-06T10:18:47.634] [DEBUG] [calypso-direct] [DATA_IN] AWS=3.5kt AWA=350° Batt=100% Temp=0°C
[2026-06-06T10:18:47.829] [DEBUG] [calypso-direct] [DATA_IN] AWS=3.7kt AWA=350° Batt=100% Temp=0°C
[2026-06-06T10:18:48.024] [DEBUG] [calypso-direct] [DATA_IN] AWS=3.7kt AWA=350° Batt=100% Temp=0°C
[2026-06-06T10:18:48.806] [WARNING] [calypso-direct] [TIMING] Large gap: 783ms (expected ~125ms at 8Hz) AWS=3.5kt
[2026-06-06T10:18:48.807] [DEBUG] [calypso-direct] [DATA_IN] AWS=3.5kt AWA=350° Batt=100% Temp=0°C
[2026-06-06T10:18:48.808] [DEBUG] [calypso-direct] [DATA_IN] AWS=3.5kt AWA=350° Batt=100% Temp=0°C
[2026-06-06T10:18:48.813] [DEBUG] [calypso-direct] [DATA_IN] AWS=3.5kt AWA=346° Batt=100% Temp=0°C
[2026-06-06T10:18:49.000] [DEBUG] [calypso-direct] [DATA_IN] AWS=3.5kt AWA=346° Batt=100% Temp=0°C
[2026-06-06T10:18:49.394] [WARNING] [calypso-direct] [TIMING] Large gap: 394ms (expected ~125ms at 8Hz) AWS=3.5kt
[2026-06-06T10:18:49.395] [DEBUG] [calypso-direct] [DATA_IN] AWS=3.5kt AWA=346° Batt=100% Temp=0°C
[2026-06-06T10:18:49.586] [DEBUG] [calypso-direct] [DATA_IN] AWS=3.5kt AWA=346° Batt=100% Temp=0°C
[2026-06-06T10:18:49.780] [DEBUG] [calypso-direct] [DATA_IN] AWS=3.5kt AWA=346° Batt=100% Temp=0°C
[2026-06-06T10:18:50.169] [WARNING] [calypso-direct] [TIMING] Large gap: 389ms (expected ~125ms at 8Hz) AWS=3.7kt
[2026-06-06T10:18:50.170] [DEBUG] [calypso-direct] [DATA_IN] AWS=3.7kt AWA=347° Batt=100% Temp=0°C
[2026-06-06T10:18:50.365] [DEBUG] [calypso-direct] [DATA_IN] AWS=3.7kt AWA=347° Batt=100% Temp=0°C
[2026-06-06T10:18:50.560] [DEBUG] [calypso-direct] [DATA_IN] AWS=3.7kt AWA=347° Batt=100% Temp=0°C
[2026-06-06T10:18:50.756] [DEBUG] [calypso-direct] [DATA_IN] AWS=3.7kt AWA=347° Batt=100% Temp=0°C
[2026-06-06T10:18:51.729] [WARNING] [calypso-direct] [TIMING] Large gap: 973ms (expected ~125ms at 8Hz) AWS=3.7kt
[2026-06-06T10:18:51.729] [DEBUG] [calypso-direct] [DATA_IN] AWS=3.7kt AWA=347° Batt=100% Temp=0°C
[2026-06-06T10:18:51.730] [DEBUG] [calypso-direct] [DATA_IN] AWS=3.9kt AWA=344° Batt=100% Temp=0°C
[2026-06-06T10:18:51.733] [DEBUG] [calypso-direct] [DATA_IN] AWS=3.7kt AWA=344° Batt=100% Temp=0°C
[2026-06-06T10:18:51.735] [DEBUG] [calypso-direct] [DATA_IN] AWS=3.7kt AWA=344° Batt=100% Temp=0°C
[2026-06-06T10:18:52.314] [WARNING] [calypso-direct] [TIMING] Large gap: 579ms (expected ~125ms at 8Hz) AWS=3.7kt
[2026-06-06T10:18:52.314] [DEBUG] [calypso-direct] [DATA_IN] AWS=3.7kt AWA=343° Batt=100% Temp=0°C
[2026-06-06T10:18:52.509] [DEBUG] [calypso-direct] [DATA_IN] AWS=3.7kt AWA=343° Batt=100% Temp=0°C
[2026-06-06T10:18:53.095] [WARNING] [calypso-direct] [TIMING] Large gap: 586ms (expected ~125ms at 8Hz) AWS=3.7kt
[2026-06-06T10:18:53.095] [DEBUG] [calypso-direct] [DATA_IN] AWS=3.7kt AWA=350° Batt=100% Temp=0°C
[2026-06-06T10:18:53.096] [DEBUG] [calypso-direct] [DATA_IN] AWS=3.7kt AWA=350° Batt=100% Temp=0°C
[2026-06-06T10:18:53.289] [DEBUG] [calypso-direct] [DATA_IN] AWS=3.7kt AWA=350° Batt=100% Temp=0°C
[2026-06-06T10:18:53.484] [DEBUG] [calypso-direct] [DATA_IN] AWS=3.7kt AWA=349° Batt=100% Temp=0°C
[2026-06-06T10:18:53.874] [WARNING] [calypso-direct] [TIMING] Large gap: 390ms (expected ~125ms at 8Hz) AWS=3.7kt
[2026-06-06T10:18:53.874] [DEBUG] [calypso-direct] [DATA_IN] AWS=3.7kt AWA=350° Batt=100% Temp=0°C
[2026-06-06T10:18:54.069] [DEBUG] [calypso-direct] [DATA_IN] AWS=3.9kt AWA=346° Batt=100% Temp=0°C
[2026-06-06T10:18:54.654] [WARNING] [calypso-direct] [TIMING] Large gap: 585ms (expected ~125ms at 8Hz) AWS=3.9kt
[2026-06-06T10:18:54.654] [DEBUG] [calypso-direct] [DATA_IN] AWS=3.9kt AWA=346° Batt=100% Temp=0°C
[2026-06-06T10:18:54.655] [DEBUG] [calypso-direct] [DATA_IN] AWS=3.9kt AWA=346° Batt=100% Temp=0°C
[2026-06-06T10:18:54.849] [DEBUG] [calypso-direct] [DATA_IN] AWS=3.9kt AWA=347° Batt=100% Temp=0°C
[2026-06-06T10:18:55.044] [DEBUG] [calypso-direct] [DATA_IN] AWS=3.9kt AWA=346° Batt=100% Temp=0°C
[2026-06-06T10:18:55.238] [DEBUG] [calypso-direct] [DATA_IN] AWS=3.7kt AWA=348° Batt=100% Temp=0°C
[2026-06-06T10:18:55.824] [WARNING] [calypso-direct] [TIMING] Large gap: 585ms (expected ~125ms at 8Hz) AWS=3.7kt
[2026-06-06T10:18:55.824] [DEBUG] [calypso-direct] [DATA_IN] AWS=3.7kt AWA=348° Batt=100% Temp=0°C
[2026-06-06T10:18:56.019] [DEBUG] [calypso-direct] [DATA_IN] AWS=3.5kt AWA=348° Batt=100% Temp=0°C
[2026-06-06T10:18:56.021] [DEBUG] [calypso-direct] [DATA_IN] AWS=3.5kt AWA=348° Batt=100% Temp=0°C
[2026-06-06T10:18:56.409] [WARNING] [calypso-direct] [TIMING] Large gap: 388ms (expected ~125ms at 8Hz) AWS=3.7kt
[2026-06-06T10:18:56.410] [DEBUG] [calypso-direct] [DATA_IN] AWS=3.7kt AWA=348° Batt=100% Temp=0°C
[2026-06-06T10:18:56.605] [DEBUG] [calypso-direct] [DATA_IN] AWS=3.9kt AWA=355° Batt=100% Temp=0°C
[2026-06-06T10:18:56.799] [DEBUG] [calypso-direct] [DATA_IN] AWS=3.7kt AWA=355° Batt=100% Temp=0°C
[2026-06-06T10:18:56.994] [DEBUG] [calypso-direct] [DATA_IN] AWS=3.7kt AWA=355° Batt=100% Temp=0°C
[2026-06-06T10:18:57.384] [WARNING] [calypso-direct] [TIMING] Large gap: 390ms (expected ~125ms at 8Hz) AWS=3.7kt
[2026-06-06T10:18:57.385] [DEBUG] [calypso-direct] [DATA_IN] AWS=3.7kt AWA=355° Batt=100% Temp=0°C
[2026-06-06T10:18:57.579] [DEBUG] [calypso-direct] [DATA_IN] AWS=3.5kt AWA=355° Batt=100% Temp=0°C
[2026-06-06T10:18:57.774] [DEBUG] [calypso-direct] [DATA_IN] AWS=3.5kt AWA=346° Batt=100% Temp=0°C
[2026-06-06T10:18:58.164] [WARNING] [calypso-direct] [TIMING] Large gap: 389ms (expected ~125ms at 8Hz) AWS=3.5kt
[2026-06-06T10:18:58.164] [DEBUG] [calypso-direct] [DATA_IN] AWS=3.5kt AWA=346° Batt=100% Temp=0°C
[2026-06-06T10:18:58.359] [DEBUG] [calypso-direct] [DATA_IN] AWS=3.5kt AWA=346° Batt=100% Temp=0°C
[2026-06-06T10:18:58.944] [WARNING] [calypso-direct] [TIMING] Large gap: 584ms (expected ~125ms at 8Hz) AWS=3.5kt
[2026-06-06T10:18:58.944] [DEBUG] [calypso-direct] [DATA_IN] AWS=3.5kt AWA=346° Batt=100% Temp=0°C
[2026-06-06T10:18:58.947] [DEBUG] [calypso-direct] [DATA_IN] AWS=3.5kt AWA=346° Batt=100% Temp=0°C
[2026-06-06T10:18:59.138] [DEBUG] [calypso-direct] [DATA_IN] AWS=3.5kt AWA=8° Batt=100% Temp=0°C
[2026-06-06T10:18:59.334] [DEBUG] [calypso-direct] [DATA_IN] AWS=3.5kt AWA=8° Batt=100% Temp=0°C
[2026-06-06T10:18:59.528] [DEBUG] [calypso-direct] [DATA_IN] AWS=3.3kt AWA=0° Batt=100% Temp=0°C
[2026-06-06T10:18:59.723] [DEBUG] [calypso-direct] [DATA_IN] AWS=3.3kt AWA=0° Batt=100% Temp=0°C
[2026-06-06T10:19:00.309] [WARNING] [calypso-direct] [TIMING] Large gap: 585ms (expected ~125ms at 8Hz) AWS=3.3kt
[2026-06-06T10:19:00.310] [DEBUG] [calypso-direct] [DATA_IN] AWS=3.3kt AWA=3° Batt=100% Temp=0°C
[2026-06-06T10:19:00.311] [DEBUG] [calypso-direct] [DATA_IN] AWS=3.9kt AWA=0° Batt=100% Temp=0°C
[2026-06-06T10:19:00.506] [DEBUG] [calypso-direct] [DATA_IN] AWS=4.1kt AWA=1° Batt=100% Temp=0°C
[2026-06-06T10:19:00.894] [WARNING] [calypso-direct] [TIMING] Large gap: 388ms (expected ~125ms at 8Hz) AWS=4.1kt
[2026-06-06T10:19:00.894] [DEBUG] [calypso-direct] [DATA_IN] AWS=4.1kt AWA=1° Batt=100% Temp=0°C
[2026-06-06T10:19:01.088] [DEBUG] [calypso-direct] [DATA_IN] AWS=4.1kt AWA=3° Batt=100% Temp=0°C
[2026-06-06T10:19:01.675] [WARNING] [calypso-direct] [TIMING] Large gap: 586ms (expected ~125ms at 8Hz) AWS=4.1kt
[2026-06-06T10:19:01.676] [DEBUG] [calypso-direct] [DATA_IN] AWS=4.1kt AWA=1° Batt=100% Temp=0°C
[2026-06-06T10:19:01.678] [DEBUG] [calypso-direct] [DATA_IN] AWS=4.1kt AWA=1° Batt=100% Temp=0°C
[2026-06-06T10:19:01.871] [DEBUG] [calypso-direct] [DATA_IN] AWS=4.1kt AWA=5° Batt=100% Temp=0°C
[2026-06-06T10:19:02.260] [WARNING] [calypso-direct] [TIMING] Large gap: 389ms (expected ~125ms at 8Hz) AWS=3.7kt
[2026-06-06T10:19:02.260] [DEBUG] [calypso-direct] [DATA_IN] AWS=3.7kt AWA=342° Batt=100% Temp=0°C
[2026-06-06T10:19:02.263] [DEBUG] [calypso-direct] [DATA_IN] AWS=3.7kt AWA=342° Batt=100% Temp=0°C
[2026-06-06T10:19:02.650] [WARNING] [calypso-direct] [TIMING] Large gap: 387ms (expected ~125ms at 8Hz) AWS=3.7kt
[2026-06-06T10:19:02.651] [DEBUG] [calypso-direct] [DATA_IN] AWS=3.7kt AWA=8° Batt=100% Temp=0°C
[2026-06-06T10:19:03.234] [WARNING] [calypso-direct] [TIMING] Large gap: 584ms (expected ~125ms at 8Hz) AWS=3.7kt
[2026-06-06T10:19:03.235] [DEBUG] [calypso-direct] [DATA_IN] AWS=3.7kt AWA=8° Batt=100% Temp=0°C
[2026-06-06T10:19:03.237] [DEBUG] [calypso-direct] [DATA_IN] AWS=3.7kt AWA=4° Batt=100% Temp=0°C
[2026-06-06T10:19:03.238] [DEBUG] [calypso-direct] [DATA_IN] AWS=3.7kt AWA=3° Batt=100% Temp=0°C
[2026-06-06T10:19:03.624] [WARNING] [calypso-direct] [TIMING] Large gap: 386ms (expected ~125ms at 8Hz) AWS=3.7kt
[2026-06-06T10:19:03.624] [DEBUG] [calypso-direct] [DATA_IN] AWS=3.7kt AWA=3° Batt=100% Temp=0°C
[2026-06-06T10:19:03.819] [DEBUG] [calypso-direct] [DATA_IN] AWS=3.7kt AWA=3° Batt=100% Temp=0°C
[2026-06-06T10:19:04.014] [DEBUG] [calypso-direct] [DATA_IN] AWS=3.5kt AWA=4° Batt=100% Temp=0°C
[2026-06-06T10:19:04.598] [WARNING] [calypso-direct] [TIMING] Large gap: 584ms (expected ~125ms at 8Hz) AWS=3.7kt
[2026-06-06T10:19:04.599] [DEBUG] [calypso-direct] [DATA_IN] AWS=3.7kt AWA=4° Batt=100% Temp=0°C
[2026-06-06T10:19:04.600] [DEBUG] [calypso-direct] [DATA_IN] AWS=3.7kt AWA=4° Batt=100% Temp=0°C
[2026-06-06T10:19:04.794] [DEBUG] [calypso-direct] [DATA_IN] AWS=3.7kt AWA=4° Batt=100% Temp=0°C
[2026-06-06T10:19:04.989] [DEBUG] [calypso-direct] [DATA_IN] AWS=3.9kt AWA=4° Batt=100% Temp=0°C
[2026-06-06T10:19:06.159] [WARNING] [calypso-direct] [TIMING] Large gap: 1170ms (expected ~125ms at 8Hz) AWS=3.9kt
[2026-06-06T10:19:06.161] [DEBUG] [calypso-direct] [DATA_IN] AWS=3.9kt AWA=342° Batt=100% Temp=0°C
[2026-06-06T10:19:06.162] [DEBUG] [calypso-direct] [DATA_IN] AWS=3.7kt AWA=342° Batt=100% Temp=0°C
[2026-06-06T10:19:06.163] [DEBUG] [calypso-direct] [DATA_IN] AWS=3.7kt AWA=342° Batt=100% Temp=0°C
[2026-06-06T10:19:06.164] [DEBUG] [calypso-direct] [DATA_IN] AWS=3.5kt AWA=342° Batt=100% Temp=0°C
[2026-06-06T10:19:06.354] [DEBUG] [calypso-direct] [DATA_IN] AWS=3.5kt AWA=342° Batt=100% Temp=0°C
[2026-06-06T10:19:06.548] [DEBUG] [calypso-direct] [DATA_IN] AWS=3.5kt AWA=7° Batt=100% Temp=0°C
[2026-06-06T10:19:06.743] [DEBUG] [calypso-direct] [DATA_IN] AWS=3.5kt AWA=7° Batt=100% Temp=0°C
[2026-06-06T10:19:07.524] [WARNING] [calypso-direct] [TIMING] Large gap: 780ms (expected ~125ms at 8Hz) AWS=3.5kt
[2026-06-06T10:19:07.524] [DEBUG] [calypso-direct] [DATA_IN] AWS=3.5kt AWA=7° Batt=100% Temp=0°C
[2026-06-06T10:19:07.526] [DEBUG] [calypso-direct] [DATA_IN] AWS=3.5kt AWA=4° Batt=100% Temp=0°C
[2026-06-06T10:19:07.528] [DEBUG] [calypso-direct] [DATA_IN] AWS=3.3kt AWA=4° Batt=100% Temp=0°C
[2026-06-06T10:19:07.914] [WARNING] [calypso-direct] [TIMING] Large gap: 386ms (expected ~125ms at 8Hz) AWS=2.9kt
[2026-06-06T10:19:07.914] [DEBUG] [calypso-direct] [DATA_IN] AWS=2.9kt AWA=350° Batt=100% Temp=0°C
[2026-06-06T10:19:08.111] [DEBUG] [calypso-direct] [DATA_IN] AWS=2.9kt AWA=350° Batt=100% Temp=0°C
[2026-06-06T10:19:08.498] [WARNING] [calypso-direct] [TIMING] Large gap: 387ms (expected ~125ms at 8Hz) AWS=2.9kt
[2026-06-06T10:19:08.499] [DEBUG] [calypso-direct] [DATA_IN] AWS=2.9kt AWA=350° Batt=100% Temp=0°C
[2026-06-06T10:19:08.500] [DEBUG] [calypso-direct] [DATA_IN] AWS=2.9kt AWA=350° Batt=100% Temp=0°C
[2026-06-06T10:19:08.888] [WARNING] [calypso-direct] [TIMING] Large gap: 389ms (expected ~125ms at 8Hz) AWS=2.9kt
[2026-06-06T10:19:08.889] [DEBUG] [calypso-direct] [DATA_IN] AWS=2.9kt AWA=350° Batt=100% Temp=0°C
[2026-06-06T10:19:09.083] [DEBUG] [calypso-direct] [DATA_IN] AWS=2.9kt AWA=2° Batt=100% Temp=0°C
[2026-06-06T10:19:09.278] [DEBUG] [calypso-direct] [DATA_IN] AWS=3.1kt AWA=2° Batt=100% Temp=0°C
[2026-06-06T10:19:09.473] [DEBUG] [calypso-direct] [DATA_IN] AWS=3.1kt AWA=2° Batt=100% Temp=0°C
[2026-06-06T10:19:09.865] [WARNING] [calypso-direct] [TIMING] Large gap: 390ms (expected ~125ms at 8Hz) AWS=3.1kt
[2026-06-06T10:19:09.865] [DEBUG] [calypso-direct] [DATA_IN] AWS=3.1kt AWA=0° Batt=100% Temp=0°C
[2026-06-06T10:19:10.448] [WARNING] [calypso-direct] [TIMING] Large gap: 585ms (expected ~125ms at 8Hz) AWS=3.3kt
[2026-06-06T10:19:10.449] [DEBUG] [calypso-direct] [DATA_IN] AWS=3.3kt AWA=2° Batt=100% Temp=0°C
[2026-06-06T10:19:10.452] [DEBUG] [calypso-direct] [DATA_IN] AWS=3.5kt AWA=352° Batt=100% Temp=0°C
[2026-06-06T10:19:10.644] [DEBUG] [calypso-direct] [DATA_IN] AWS=3.7kt AWA=352° Batt=100% Temp=0°C
[2026-06-06T10:19:10.839] [DEBUG] [calypso-direct] [DATA_IN] AWS=3.7kt AWA=352° Batt=100% Temp=0°C
[2026-06-06T10:19:11.033] [DEBUG] [calypso-direct] [DATA_IN] AWS=3.7kt AWA=352° Batt=100% Temp=0°C
[2026-06-06T10:19:11.423] [WARNING] [calypso-direct] [TIMING] Large gap: 390ms (expected ~125ms at 8Hz) AWS=3.7kt
[2026-06-06T10:19:11.424] [DEBUG] [calypso-direct] [DATA_IN] AWS=3.7kt AWA=352° Batt=100% Temp=0°C
[2026-06-06T10:19:11.813] [WARNING] [calypso-direct] [TIMING] Large gap: 390ms (expected ~125ms at 8Hz) AWS=3.7kt
[2026-06-06T10:19:11.814] [DEBUG] [calypso-direct] [DATA_IN] AWS=3.7kt AWA=351° Batt=100% Temp=0°C
[2026-06-06T10:19:11.815] [DEBUG] [calypso-direct] [DATA_IN] AWS=3.9kt AWA=351° Batt=100% Temp=0°C
[2026-06-06T10:19:12.008] [DEBUG] [calypso-direct] [DATA_IN] AWS=3.9kt AWA=350° Batt=100% Temp=0°C
[2026-06-06T10:19:12.399] [WARNING] [calypso-direct] [TIMING] Large gap: 391ms (expected ~125ms at 8Hz) AWS=3.9kt
[2026-06-06T10:19:12.399] [DEBUG] [calypso-direct] [DATA_IN] AWS=3.9kt AWA=350° Batt=100% Temp=0°C
[2026-06-06T10:19:12.593] [DEBUG] [calypso-direct] [DATA_IN] AWS=4.1kt AWA=350° Batt=100% Temp=0°C
[2026-06-06T10:19:12.789] [DEBUG] [calypso-direct] [DATA_IN] AWS=3.9kt AWA=353° Batt=100% Temp=0°C
[2026-06-06T10:19:13.377] [WARNING] [calypso-direct] [TIMING] Large gap: 588ms (expected ~125ms at 8Hz) AWS=3.9kt
[2026-06-06T10:19:13.378] [DEBUG] [calypso-direct] [DATA_IN] AWS=3.9kt AWA=353° Batt=100% Temp=0°C
[2026-06-06T10:19:13.381] [DEBUG] [calypso-direct] [DATA_IN] AWS=3.9kt AWA=353° Batt=100% Temp=0°C
[2026-06-06T10:19:13.570] [DEBUG] [calypso-direct] [DATA_IN] AWS=3.9kt AWA=353° Batt=100% Temp=0°C
[2026-06-06T10:19:13.764] [DEBUG] [calypso-direct] [DATA_IN] AWS=3.9kt AWA=353° Batt=100% Temp=0°C
[2026-06-06T10:19:14.155] [WARNING] [calypso-direct] [TIMING] Large gap: 390ms (expected ~125ms at 8Hz) AWS=3.9kt
[2026-06-06T10:19:14.155] [DEBUG] [calypso-direct] [DATA_IN] AWS=3.9kt AWA=12° Batt=100% Temp=0°C
[2026-06-06T10:19:14.348] [DEBUG] [calypso-direct] [DATA_IN] AWS=3.9kt AWA=7° Batt=100% Temp=0°C
[2026-06-06T10:19:14.739] [WARNING] [calypso-direct] [TIMING] Large gap: 391ms (expected ~125ms at 8Hz) AWS=3.9kt
[2026-06-06T10:19:14.739] [DEBUG] [calypso-direct] [DATA_IN] AWS=3.9kt AWA=8° Batt=100% Temp=0°C
[2026-06-06T10:19:14.741] [DEBUG] [calypso-direct] [DATA_IN] AWS=3.7kt AWA=8° Batt=100% Temp=0°C
[2026-06-06T10:19:15.129] [WARNING] [calypso-direct] [TIMING] Large gap: 388ms (expected ~125ms at 8Hz) AWS=3.3kt
[2026-06-06T10:19:15.130] [DEBUG] [calypso-direct] [DATA_IN] AWS=3.3kt AWA=8° Batt=100% Temp=0°C
[2026-06-06T10:19:15.323] [DEBUG] [calypso-direct] [DATA_IN] AWS=3.3kt AWA=8° Batt=100% Temp=0°C
[2026-06-06T10:19:15.519] [DEBUG] [calypso-direct] [DATA_IN] AWS=3.7kt AWA=8° Batt=100% Temp=0°C
[2026-06-06T10:19:16.105] [WARNING] [calypso-direct] [TIMING] Large gap: 587ms (expected ~125ms at 8Hz) AWS=3.7kt
[2026-06-06T10:19:16.106] [DEBUG] [calypso-direct] [DATA_IN] AWS=3.7kt AWA=8° Batt=100% Temp=0°C
[2026-06-06T10:19:16.106] [DEBUG] [calypso-direct] [DATA_IN] AWS=3.7kt AWA=8° Batt=100% Temp=0°C
[2026-06-06T10:19:16.494] [WARNING] [calypso-direct] [TIMING] Large gap: 388ms (expected ~125ms at 8Hz) AWS=3.7kt
[2026-06-06T10:19:16.495] [DEBUG] [calypso-direct] [DATA_IN] AWS=3.7kt AWA=8° Batt=100% Temp=0°C
[2026-06-06T10:19:16.498] [DEBUG] [calypso-direct] [DATA_IN] AWS=3.7kt AWA=354° Batt=100% Temp=0°C
[2026-06-06T10:19:16.883] [WARNING] [calypso-direct] [TIMING] Large gap: 385ms (expected ~125ms at 8Hz) AWS=3.7kt
[2026-06-06T10:19:16.884] [DEBUG] [calypso-direct] [DATA_IN] AWS=3.7kt AWA=354° Batt=100% Temp=0°C
[2026-06-06T10:19:17.079] [DEBUG] [calypso-direct] [DATA_IN] AWS=3.7kt AWA=354° Batt=100% Temp=0°C
[2026-06-06T10:19:17.665] [WARNING] [calypso-direct] [TIMING] Large gap: 586ms (expected ~125ms at 8Hz) AWS=3.7kt
[2026-06-06T10:19:17.665] [DEBUG] [calypso-direct] [DATA_IN] AWS=3.7kt AWA=354° Batt=100% Temp=0°C
[2026-06-06T10:19:17.667] [DEBUG] [calypso-direct] [DATA_IN] AWS=3.7kt AWA=354° Batt=100% Temp=0°C
[2026-06-06T10:19:17.859] [DEBUG] [calypso-direct] [DATA_IN] AWS=3.5kt AWA=354° Batt=100% Temp=0°C
[2026-06-06T10:19:18.053] [DEBUG] [calypso-direct] [DATA_IN] AWS=3.5kt AWA=2° Batt=100% Temp=0°C
[2026-06-06T10:19:18.248] [DEBUG] [calypso-direct] [DATA_IN] AWS=3.5kt AWA=6° Batt=100% Temp=0°C
[2026-06-06T10:19:18.638] [WARNING] [calypso-direct] [TIMING] Large gap: 390ms (expected ~125ms at 8Hz) AWS=3.5kt
[2026-06-06T10:19:18.639] [DEBUG] [calypso-direct] [DATA_IN] AWS=3.5kt AWA=6° Batt=100% Temp=0°C
[2026-06-06T10:19:19.028] [WARNING] [calypso-direct] [TIMING] Large gap: 390ms (expected ~125ms at 8Hz) AWS=3.5kt
[2026-06-06T10:19:19.029] [DEBUG] [calypso-direct] [DATA_IN] AWS=3.5kt AWA=7° Batt=100% Temp=0°C
[2026-06-06T10:19:19.030] [DEBUG] [calypso-direct] [DATA_IN] AWS=3.3kt AWA=7° Batt=100% Temp=0°C
[2026-06-06T10:19:19.223] [DEBUG] [calypso-direct] [DATA_IN] AWS=3.3kt AWA=7° Batt=100% Temp=0°C
[2026-06-06T10:19:19.613] [WARNING] [calypso-direct] [TIMING] Large gap: 390ms (expected ~125ms at 8Hz) AWS=3.3kt
[2026-06-06T10:19:19.614] [DEBUG] [calypso-direct] [DATA_IN] AWS=3.3kt AWA=10° Batt=100% Temp=0°C
[2026-06-06T10:19:20.005] [WARNING] [calypso-direct] [TIMING] Large gap: 391ms (expected ~125ms at 8Hz) AWS=3.1kt
[2026-06-06T10:19:20.005] [DEBUG] [calypso-direct] [DATA_IN] AWS=3.1kt AWA=7° Batt=100% Temp=0°C
[2026-06-06T10:19:20.006] [DEBUG] [calypso-direct] [DATA_IN] AWS=3.3kt AWA=7° Batt=100% Temp=0°C
[2026-06-06T10:19:20.588] [WARNING] [calypso-direct] [TIMING] Large gap: 582ms (expected ~125ms at 8Hz) AWS=3.3kt
[2026-06-06T10:19:20.589] [DEBUG] [calypso-direct] [DATA_IN] AWS=3.3kt AWA=7° Batt=100% Temp=0°C
[2026-06-06T10:19:20.591] [DEBUG] [calypso-direct] [DATA_IN] AWS=3.1kt AWA=6° Batt=100% Temp=0°C
[2026-06-06T10:19:20.784] [DEBUG] [calypso-direct] [DATA_IN] AWS=3.3kt AWA=6° Batt=100% Temp=0°C
[2026-06-06T10:19:20.979] [DEBUG] [calypso-direct] [DATA_IN] AWS=3.5kt AWA=4° Batt=100% Temp=0°C
[2026-06-06T10:19:21.368] [WARNING] [calypso-direct] [TIMING] Large gap: 390ms (expected ~125ms at 8Hz) AWS=3.5kt
[2026-06-06T10:19:21.369] [DEBUG] [calypso-direct] [DATA_IN] AWS=3.5kt AWA=4° Batt=100% Temp=0°C
[2026-06-06T10:19:21.563] [DEBUG] [calypso-direct] [DATA_IN] AWS=3.7kt AWA=4° Batt=100% Temp=0°C
[2026-06-06T10:19:21.953] [WARNING] [calypso-direct] [TIMING] Large gap: 390ms (expected ~125ms at 8Hz) AWS=3.7kt
[2026-06-06T10:19:21.954] [DEBUG] [calypso-direct] [DATA_IN] AWS=3.7kt AWA=4° Batt=100% Temp=0°C
[2026-06-06T10:19:22.149] [DEBUG] [calypso-direct] [DATA_IN] AWS=3.7kt AWA=4° Batt=100% Temp=0°C
[2026-06-06T10:19:22.343] [DEBUG] [calypso-direct] [DATA_IN] AWS=3.5kt AWA=0° Batt=100% Temp=0°C
[2026-06-06T10:19:22.538] [DEBUG] [calypso-direct] [DATA_IN] AWS=3.5kt AWA=355° Batt=100% Temp=0°C
[2026-06-06T10:19:22.734] [DEBUG] [calypso-direct] [DATA_IN] AWS=3.5kt AWA=350° Batt=100% Temp=0°C
[2026-06-06T10:19:23.318] [WARNING] [calypso-direct] [TIMING] Large gap: 584ms (expected ~125ms at 8Hz) AWS=3.5kt
[2026-06-06T10:19:23.319] [DEBUG] [calypso-direct] [DATA_IN] AWS=3.5kt AWA=350° Batt=100% Temp=0°C
[2026-06-06T10:19:23.321] [DEBUG] [calypso-direct] [DATA_IN] AWS=3.5kt AWA=350° Batt=100% Temp=0°C
[2026-06-06T10:19:23.513] [DEBUG] [calypso-direct] [DATA_IN] AWS=3.5kt AWA=5° Batt=100% Temp=0°C
[2026-06-06T10:19:23.903] [WARNING] [calypso-direct] [TIMING] Large gap: 390ms (expected ~125ms at 8Hz) AWS=3.5kt
[2026-06-06T10:19:23.904] [DEBUG] [calypso-direct] [DATA_IN] AWS=3.5kt AWA=5° Batt=100% Temp=0°C
[2026-06-06T10:19:24.098] [DEBUG] [calypso-direct] [DATA_IN] AWS=3.7kt AWA=5° Batt=100% Temp=0°C
[2026-06-06T10:19:24.490] [WARNING] [calypso-direct] [TIMING] Large gap: 392ms (expected ~125ms at 8Hz) AWS=3.7kt
[2026-06-06T10:19:24.491] [DEBUG] [calypso-direct] [DATA_IN] AWS=3.7kt AWA=1° Batt=100% Temp=0°C
[2026-06-06T10:19:24.494] [DEBUG] [calypso-direct] [DATA_IN] AWS=3.7kt AWA=1° Batt=100% Temp=0°C
[2026-06-06T10:19:24.878] [WARNING] [calypso-direct] [TIMING] Large gap: 385ms (expected ~125ms at 8Hz) AWS=3.3kt
[2026-06-06T10:19:24.879] [DEBUG] [calypso-direct] [DATA_IN] AWS=3.3kt AWA=358° Batt=100% Temp=0°C
[2026-06-06T10:19:25.269] [WARNING] [calypso-direct] [TIMING] Large gap: 391ms (expected ~125ms at 8Hz) AWS=3.1kt
[2026-06-06T10:19:25.270] [DEBUG] [calypso-direct] [DATA_IN] AWS=3.1kt AWA=358° Batt=100% Temp=0°C
[2026-06-06T10:19:25.271] [DEBUG] [calypso-direct] [DATA_IN] AWS=3.1kt AWA=4° Batt=100% Temp=0°C
[2026-06-06T10:19:25.659] [WARNING] [calypso-direct] [TIMING] Large gap: 388ms (expected ~125ms at 8Hz) AWS=3.1kt
[2026-06-06T10:19:25.660] [DEBUG] [calypso-direct] [DATA_IN] AWS=3.1kt AWA=4° Batt=100% Temp=0°C
[2026-06-06T10:19:25.858] [DEBUG] [calypso-direct] [DATA_IN] AWS=3.3kt AWA=4° Batt=100% Temp=0°C
[2026-06-06T10:19:26.243] [WARNING] [calypso-direct] [TIMING] Large gap: 385ms (expected ~125ms at 8Hz) AWS=3.3kt
[2026-06-06T10:19:26.244] [DEBUG] [calypso-direct] [DATA_IN] AWS=3.3kt AWA=4° Batt=100% Temp=0°C
[2026-06-06T10:19:26.438] [DEBUG] [calypso-direct] [DATA_IN] AWS=3.5kt AWA=4° Batt=100% Temp=0°C
[2026-06-06T10:19:26.633] [DEBUG] [calypso-direct] [DATA_IN] AWS=3.5kt AWA=1° Batt=100% Temp=0°C
[2026-06-06T10:19:26.829] [DEBUG] [calypso-direct] [DATA_IN] AWS=3.3kt AWA=1° Batt=100% Temp=0°C
[2026-06-06T10:19:27.023] [DEBUG] [calypso-direct] [DATA_IN] AWS=3.3kt AWA=6° Batt=100% Temp=0°C
[2026-06-06T10:19:27.608] [WARNING] [calypso-direct] [TIMING] Large gap: 585ms (expected ~125ms at 8Hz) AWS=3.5kt
[2026-06-06T10:19:27.609] [DEBUG] [calypso-direct] [DATA_IN] AWS=3.5kt AWA=7° Batt=100% Temp=0°C
[2026-06-06T10:19:27.803] [DEBUG] [calypso-direct] [DATA_IN] AWS=3.7kt AWA=7° Batt=100% Temp=0°C
[2026-06-06T10:19:27.999] [DEBUG] [calypso-direct] [DATA_IN] AWS=3.9kt AWA=7° Batt=100% Temp=0°C
[2026-06-06T10:19:28.000] [DEBUG] [calypso-direct] [DATA_IN] AWS=3.9kt AWA=7° Batt=100% Temp=0°C
[2026-06-06T10:19:28.388] [WARNING] [calypso-direct] [TIMING] Large gap: 389ms (expected ~125ms at 8Hz) AWS=3.9kt
[2026-06-06T10:19:28.389] [DEBUG] [calypso-direct] [DATA_IN] AWS=3.9kt AWA=5° Batt=100% Temp=0°C
[2026-06-06T10:19:28.584] [DEBUG] [calypso-direct] [DATA_IN] AWS=3.9kt AWA=1° Batt=100% Temp=0°C
[2026-06-06T10:19:28.778] [DEBUG] [calypso-direct] [DATA_IN] AWS=3.9kt AWA=5° Batt=100% Temp=0°C
[2026-06-06T10:19:29.169] [WARNING] [calypso-direct] [TIMING] Large gap: 390ms (expected ~125ms at 8Hz) AWS=3.7kt
[2026-06-06T10:19:29.169] [DEBUG] [calypso-direct] [DATA_IN] AWS=3.7kt AWA=5° Batt=100% Temp=0°C
[2026-06-06T10:19:29.364] [DEBUG] [calypso-direct] [DATA_IN] AWS=3.7kt AWA=4° Batt=100% Temp=0°C
[2026-06-06T10:19:29.558] [DEBUG] [calypso-direct] [DATA_IN] AWS=3.7kt AWA=3° Batt=100% Temp=0°C
[2026-06-06T10:19:29.755] [DEBUG] [calypso-direct] [DATA_IN] AWS=3.7kt AWA=3° Batt=100% Temp=0°C
[2026-06-06T10:19:30.534] [WARNING] [calypso-direct] [TIMING] Large gap: 779ms (expected ~125ms at 8Hz) AWS=3.7kt
[2026-06-06T10:19:30.535] [DEBUG] [calypso-direct] [DATA_IN] AWS=3.7kt AWA=2° Batt=100% Temp=0°C
[2026-06-06T10:19:30.729] [DEBUG] [calypso-direct] [DATA_IN] AWS=3.7kt AWA=2° Batt=100% Temp=0°C
[2026-06-06T10:19:30.732] [DEBUG] [calypso-direct] [DATA_IN] AWS=3.7kt AWA=3° Batt=100% Temp=0°C
[2026-06-06T10:19:30.736] [DEBUG] [calypso-direct] [DATA_IN] AWS=3.7kt AWA=7° Batt=100% Temp=0°C
[2026-06-06T10:19:31.119] [WARNING] [calypso-direct] [TIMING] Large gap: 383ms (expected ~125ms at 8Hz) AWS=3.7kt
[2026-06-06T10:19:31.119] [DEBUG] [calypso-direct] [DATA_IN] AWS=3.7kt AWA=7° Batt=100% Temp=0°C
[2026-06-06T10:19:31.509] [WARNING] [calypso-direct] [TIMING] Large gap: 390ms (expected ~125ms at 8Hz) AWS=3.7kt
[2026-06-06T10:19:31.510] [DEBUG] [calypso-direct] [DATA_IN] AWS=3.7kt AWA=7° Batt=100% Temp=0°C
[2026-06-06T10:19:31.513] [DEBUG] [calypso-direct] [DATA_IN] AWS=3.9kt AWA=3° Batt=100% Temp=0°C
[2026-06-06T10:19:32.094] [WARNING] [calypso-direct] [TIMING] Large gap: 581ms (expected ~125ms at 8Hz) AWS=3.9kt
[2026-06-06T10:19:32.094] [DEBUG] [calypso-direct] [DATA_IN] AWS=3.9kt AWA=3° Batt=100% Temp=0°C
[2026-06-06T10:19:32.098] [DEBUG] [calypso-direct] [DATA_IN] AWS=3.9kt AWA=3° Batt=100% Temp=0°C
[2026-06-06T10:19:32.289] [DEBUG] [calypso-direct] [DATA_IN] AWS=3.9kt AWA=3° Batt=100% Temp=0°C
[2026-06-06T10:19:32.485] [DEBUG] [calypso-direct] [DATA_IN] AWS=3.9kt AWA=5° Batt=100% Temp=0°C
[2026-06-06T10:19:32.874] [WARNING] [calypso-direct] [TIMING] Large gap: 390ms (expected ~125ms at 8Hz) AWS=3.9kt
[2026-06-06T10:19:32.875] [DEBUG] [calypso-direct] [DATA_IN] AWS=3.9kt AWA=5° Batt=100% Temp=0°C
[2026-06-06T10:19:33.263] [WARNING] [calypso-direct] [TIMING] Large gap: 389ms (expected ~125ms at 8Hz) AWS=3.7kt
[2026-06-06T10:19:33.264] [DEBUG] [calypso-direct] [DATA_IN] AWS=3.7kt AWA=5° Batt=100% Temp=0°C
[2026-06-06T10:19:33.458] [DEBUG] [calypso-direct] [DATA_IN] AWS=3.7kt AWA=1° Batt=100% Temp=0°C
[2026-06-06T10:19:33.654] [DEBUG] [calypso-direct] [DATA_IN] AWS=3.7kt AWA=5° Batt=100% Temp=0°C
[2026-06-06T10:19:33.848] [DEBUG] [calypso-direct] [DATA_IN] AWS=3.7kt AWA=19° Batt=100% Temp=0°C
[2026-06-06T10:19:34.043] [DEBUG] [calypso-direct] [DATA_IN] AWS=3.3kt AWA=19° Batt=100% Temp=0°C
[2026-06-06T10:19:34.238] [DEBUG] [calypso-direct] [DATA_IN] AWS=3.3kt AWA=6° Batt=100% Temp=0°C
[2026-06-06T10:19:35.214] [WARNING] [calypso-direct] [TIMING] Large gap: 975ms (expected ~125ms at 8Hz) AWS=3.3kt
[2026-06-06T10:19:35.214] [DEBUG] [calypso-direct] [DATA_IN] AWS=3.3kt AWA=6° Batt=100% Temp=0°C
[2026-06-06T10:19:35.216] [DEBUG] [calypso-direct] [DATA_IN] AWS=3.3kt AWA=6° Batt=100% Temp=0°C
[2026-06-06T10:19:35.217] [DEBUG] [calypso-direct] [DATA_IN] AWS=3.3kt AWA=6° Batt=100% Temp=0°C
[2026-06-06T10:19:35.408] [DEBUG] [calypso-direct] [DATA_IN] AWS=3.7kt AWA=6° Batt=100% Temp=0°C
[2026-06-06T10:19:35.798] [WARNING] [calypso-direct] [TIMING] Large gap: 390ms (expected ~125ms at 8Hz) AWS=3.7kt
[2026-06-06T10:19:35.799] [DEBUG] [calypso-direct] [DATA_IN] AWS=3.7kt AWA=5° Batt=100% Temp=0°C
[2026-06-06T10:19:35.800] [DEBUG] [calypso-direct] [DATA_IN] AWS=3.7kt AWA=5° Batt=100% Temp=0°C
[2026-06-06T10:19:36.384] [WARNING] [calypso-direct] [TIMING] Large gap: 583ms (expected ~125ms at 8Hz) AWS=3.7kt
[2026-06-06T10:19:36.384] [DEBUG] [calypso-direct] [DATA_IN] AWS=3.7kt AWA=2° Batt=100% Temp=0°C
[2026-06-06T10:19:36.385] [DEBUG] [calypso-direct] [DATA_IN] AWS=3.7kt AWA=2° Batt=100% Temp=0°C
[2026-06-06T10:19:36.578] [DEBUG] [calypso-direct] [DATA_IN] AWS=3.7kt AWA=2° Batt=100% Temp=0°C
[2026-06-06T10:19:36.774] [DEBUG] [calypso-direct] [DATA_IN] AWS=3.3kt AWA=2° Batt=100% Temp=0°C
[2026-06-06T10:19:37.163] [WARNING] [calypso-direct] [TIMING] Large gap: 390ms (expected ~125ms at 8Hz) AWS=3.3kt
[2026-06-06T10:19:37.164] [DEBUG] [calypso-direct] [DATA_IN] AWS=3.3kt AWA=1° Batt=100% Temp=0°C
[2026-06-06T10:19:37.358] [DEBUG] [calypso-direct] [DATA_IN] AWS=3.1kt AWA=1° Batt=100% Temp=0°C
[2026-06-06T10:19:37.748] [WARNING] [calypso-direct] [TIMING] Large gap: 390ms (expected ~125ms at 8Hz) AWS=3.3kt
[2026-06-06T10:19:37.748] [DEBUG] [calypso-direct] [DATA_IN] AWS=3.3kt AWA=1° Batt=100% Temp=0°C
[2026-06-06T10:19:37.943] [DEBUG] [calypso-direct] [DATA_IN] AWS=3.3kt AWA=1° Batt=100% Temp=0°C
[2026-06-06T10:19:38.139] [DEBUG] [calypso-direct] [DATA_IN] AWS=3.3kt AWA=0° Batt=100% Temp=0°C
[2026-06-06T10:19:38.334] [DEBUG] [calypso-direct] [DATA_IN] AWS=3.1kt AWA=8° Batt=100% Temp=0°C
[2026-06-06T10:19:38.529] [DEBUG] [calypso-direct] [DATA_IN] AWS=3.3kt AWA=0° Batt=100% Temp=0°C
[2026-06-06T10:19:38.725] [DEBUG] [calypso-direct] [DATA_IN] AWS=3.3kt AWA=0° Batt=100% Temp=0°C
[2026-06-06T10:19:39.114] [WARNING] [calypso-direct] [TIMING] Large gap: 390ms (expected ~125ms at 8Hz) AWS=3.3kt
[2026-06-06T10:19:39.115] [DEBUG] [calypso-direct] [DATA_IN] AWS=3.3kt AWA=0° Batt=100% Temp=0°C
[2026-06-06T10:19:39.310] [DEBUG] [calypso-direct] [DATA_IN] AWS=3.3kt AWA=1° Batt=100% Temp=0°C
[2026-06-06T10:19:39.504] [DEBUG] [calypso-direct] [DATA_IN] AWS=3.3kt AWA=3° Batt=100% Temp=0°C
[2026-06-06T10:19:39.895] [WARNING] [calypso-direct] [TIMING] Large gap: 391ms (expected ~125ms at 8Hz) AWS=3.3kt
[2026-06-06T10:19:39.896] [DEBUG] [calypso-direct] [DATA_IN] AWS=3.3kt AWA=5° Batt=100% Temp=0°C
[2026-06-06T10:19:40.089] [DEBUG] [calypso-direct] [DATA_IN] AWS=3.3kt AWA=5° Batt=100% Temp=0°C
[2026-06-06T10:19:40.284] [DEBUG] [calypso-direct] [DATA_IN] AWS=3.3kt AWA=5° Batt=100% Temp=0°C
[2026-06-06T10:19:40.673] [WARNING] [calypso-direct] [TIMING] Large gap: 389ms (expected ~125ms at 8Hz) AWS=3.3kt
[2026-06-06T10:19:40.675] [DEBUG] [calypso-direct] [DATA_IN] AWS=3.3kt AWA=5° Batt=100% Temp=0°C
[2026-06-06T10:19:40.868] [DEBUG] [calypso-direct] [DATA_IN] AWS=3.7kt AWA=3° Batt=100% Temp=0°C
[2026-06-06T10:19:41.063] [DEBUG] [calypso-direct] [DATA_IN] AWS=3.7kt AWA=2° Batt=100% Temp=0°C
[2026-06-06T10:19:41.258] [DEBUG] [calypso-direct] [DATA_IN] AWS=3.7kt AWA=2° Batt=100% Temp=0°C
[2026-06-06T10:19:41.648] [WARNING] [calypso-direct] [TIMING] Large gap: 390ms (expected ~125ms at 8Hz) AWS=3.7kt
[2026-06-06T10:19:41.649] [DEBUG] [calypso-direct] [DATA_IN] AWS=3.7kt AWA=2° Batt=100% Temp=0°C
[2026-06-06T10:19:42.233] [WARNING] [calypso-direct] [TIMING] Large gap: 585ms (expected ~125ms at 8Hz) AWS=3.1kt
[2026-06-06T10:19:42.234] [DEBUG] [calypso-direct] [DATA_IN] AWS=3.1kt AWA=2° Batt=100% Temp=0°C
[2026-06-06T10:19:42.234] [DEBUG] [calypso-direct] [DATA_IN] AWS=3.1kt AWA=6° Batt=100% Temp=0°C
[2026-06-06T10:19:42.236] [DEBUG] [calypso-direct] [DATA_IN] AWS=3.1kt AWA=6° Batt=100% Temp=0°C
[2026-06-06T10:19:42.626] [WARNING] [calypso-direct] [TIMING] Large gap: 389ms (expected ~125ms at 8Hz) AWS=3.1kt
[2026-06-06T10:19:42.626] [DEBUG] [calypso-direct] [DATA_IN] AWS=3.1kt AWA=8° Batt=100% Temp=0°C
[2026-06-06T10:19:42.818] [DEBUG] [calypso-direct] [DATA_IN] AWS=3.1kt AWA=6° Batt=100% Temp=0°C
[2026-06-06T10:19:43.013] [DEBUG] [calypso-direct] [DATA_IN] AWS=3.1kt AWA=4° Batt=100% Temp=0°C
[2026-06-06T10:19:43.598] [WARNING] [calypso-direct] [TIMING] Large gap: 585ms (expected ~125ms at 8Hz) AWS=3.1kt
[2026-06-06T10:19:43.599] [DEBUG] [calypso-direct] [DATA_IN] AWS=3.1kt AWA=4° Batt=100% Temp=0°C
[2026-06-06T10:19:43.795] [DEBUG] [calypso-direct] [DATA_IN] AWS=2.9kt AWA=8° Batt=100% Temp=0°C
[2026-06-06T10:19:43.796] [DEBUG] [calypso-direct] [DATA_IN] AWS=3.5kt AWA=4° Batt=100% Temp=0°C
[2026-06-06T10:19:43.988] [DEBUG] [calypso-direct] [DATA_IN] AWS=3.3kt AWA=6° Batt=100% Temp=0°C
[2026-06-06T10:19:44.379] [WARNING] [calypso-direct] [TIMING] Large gap: 391ms (expected ~125ms at 8Hz) AWS=3.3kt
[2026-06-06T10:19:44.379] [DEBUG] [calypso-direct] [DATA_IN] AWS=3.3kt AWA=6° Batt=100% Temp=0°C
[2026-06-06T10:19:44.573] [DEBUG] [calypso-direct] [DATA_IN] AWS=3.3kt AWA=1° Batt=100% Temp=0°C
[2026-06-06T10:19:45.158] [WARNING] [calypso-direct] [TIMING] Large gap: 585ms (expected ~125ms at 8Hz) AWS=3.5kt
[2026-06-06T10:19:45.158] [INFO] [calypso-direct] [RATE_1MIN] 239 pkts/min (expected 480 at 8Hz) max_gap=1170ms gaps_>250ms=80
[2026-06-06T10:19:45.158] [DEBUG] [calypso-direct] [DATA_IN] AWS=3.5kt AWA=6° Batt=100% Temp=0°C
[2026-06-06T10:19:45.161] [DEBUG] [calypso-direct] [DATA_IN] AWS=3.5kt AWA=1° Batt=100% Temp=0°C
[2026-06-06T10:19:45.353] [DEBUG] [calypso-direct] [DATA_IN] AWS=3.7kt AWA=354° Batt=100% Temp=0°C
[2026-06-06T10:19:45.550] [DEBUG] [calypso-direct] [DATA_IN] AWS=3.7kt AWA=354° Batt=100% Temp=0°C
[2026-06-06T10:19:45.744] [DEBUG] [calypso-direct] [DATA_IN] AWS=3.7kt AWA=354° Batt=100% Temp=0°C
[2026-06-06T10:19:46.524] [WARNING] [calypso-direct] [TIMING] Large gap: 779ms (expected ~125ms at 8Hz) AWS=3.7kt
[2026-06-06T10:19:46.525] [DEBUG] [calypso-direct] [DATA_IN] AWS=3.7kt AWA=354° Batt=100% Temp=0°C
[2026-06-06T10:19:46.527] [DEBUG] [calypso-direct] [DATA_IN] AWS=3.7kt AWA=354° Batt=100% Temp=0°C
[2026-06-06T10:19:46.527] [DEBUG] [calypso-direct] [DATA_IN] AWS=3.7kt AWA=358° Batt=100% Temp=0°C
[2026-06-06T10:19:46.913] [WARNING] [calypso-direct] [TIMING] Large gap: 386ms (expected ~125ms at 8Hz) AWS=3.7kt
[2026-06-06T10:19:46.914] [DEBUG] [calypso-direct] [DATA_IN] AWS=3.7kt AWA=358° Batt=100% Temp=0°C
[2026-06-06T10:19:47.108] [DEBUG] [calypso-direct] [DATA_IN] AWS=3.5kt AWA=358° Batt=100% Temp=0°C
[2026-06-06T10:19:47.303] [DEBUG] [calypso-direct] [DATA_IN] AWS=3.5kt AWA=358° Batt=100% Temp=0°C
[2026-06-06T10:19:47.498] [DEBUG] [calypso-direct] [DATA_IN] AWS=3.5kt AWA=358° Batt=100% Temp=0°C
[2026-06-06T10:19:48.083] [WARNING] [calypso-direct] [TIMING] Large gap: 585ms (expected ~125ms at 8Hz) AWS=3.7kt
[2026-06-06T10:19:48.083] [DEBUG] [calypso-direct] [DATA_IN] AWS=3.7kt AWA=352° Batt=100% Temp=0°C
[2026-06-06T10:19:48.084] [DEBUG] [calypso-direct] [DATA_IN] AWS=3.7kt AWA=352° Batt=100% Temp=0°C
[2026-06-06T10:19:48.278] [DEBUG] [calypso-direct] [DATA_IN] AWS=3.7kt AWA=352° Batt=100% Temp=0°C
[2026-06-06T10:19:48.473] [DEBUG] [calypso-direct] [DATA_IN] AWS=3.7kt AWA=352° Batt=100% Temp=0°C
[2026-06-06T10:19:48.863] [WARNING] [calypso-direct] [TIMING] Large gap: 390ms (expected ~125ms at 8Hz) AWS=3.7kt
[2026-06-06T10:19:48.864] [DEBUG] [calypso-direct] [DATA_IN] AWS=3.7kt AWA=3° Batt=100% Temp=0°C
[2026-06-06T10:19:49.448] [WARNING] [calypso-direct] [TIMING] Large gap: 584ms (expected ~125ms at 8Hz) AWS=3.7kt
[2026-06-06T10:19:49.448] [DEBUG] [calypso-direct] [DATA_IN] AWS=3.7kt AWA=3° Batt=100% Temp=0°C
[2026-06-06T10:19:49.449] [DEBUG] [calypso-direct] [DATA_IN] AWS=3.7kt AWA=3° Batt=100% Temp=0°C
[2026-06-06T10:19:49.838] [WARNING] [calypso-direct] [TIMING] Large gap: 389ms (expected ~125ms at 8Hz) AWS=3.7kt
[2026-06-06T10:19:49.839] [DEBUG] [calypso-direct] [DATA_IN] AWS=3.7kt AWA=348° Batt=100% Temp=0°C
[2026-06-06T10:19:49.839] [DEBUG] [calypso-direct] [DATA_IN] AWS=3.9kt AWA=348° Batt=100% Temp=0°C
[2026-06-06T10:19:50.033] [DEBUG] [calypso-direct] [DATA_IN] AWS=3.7kt AWA=348° Batt=100% Temp=0°C
[2026-06-06T10:19:50.228] [DEBUG] [calypso-direct] [DATA_IN] AWS=3.7kt AWA=352° Batt=100% Temp=0°C
[2026-06-06T10:19:50.817] [WARNING] [calypso-direct] [TIMING] Large gap: 589ms (expected ~125ms at 8Hz) AWS=3.5kt
[2026-06-06T10:19:50.818] [DEBUG] [calypso-direct] [DATA_IN] AWS=3.5kt AWA=352° Batt=100% Temp=0°C
[2026-06-06T10:19:50.819] [DEBUG] [calypso-direct] [DATA_IN] AWS=3.7kt AWA=352° Batt=100% Temp=0°C
[2026-06-06T10:19:51.011] [DEBUG] [calypso-direct] [DATA_IN] AWS=3.7kt AWA=352° Batt=100% Temp=0°C
[2026-06-06T10:19:51.398] [WARNING] [calypso-direct] [TIMING] Large gap: 387ms (expected ~125ms at 8Hz) AWS=3.7kt
[2026-06-06T10:19:51.399] [DEBUG] [calypso-direct] [DATA_IN] AWS=3.7kt AWA=352° Batt=100% Temp=0°C
[2026-06-06T10:19:51.593] [DEBUG] [calypso-direct] [DATA_IN] AWS=3.7kt AWA=4° Batt=100% Temp=0°C
[2026-06-06T10:19:51.788] [DEBUG] [calypso-direct] [DATA_IN] AWS=3.7kt AWA=4° Batt=100% Temp=0°C
[2026-06-06T10:19:52.373] [WARNING] [calypso-direct] [TIMING] Large gap: 585ms (expected ~125ms at 8Hz) AWS=3.5kt
[2026-06-06T10:19:52.374] [DEBUG] [calypso-direct] [DATA_IN] AWS=3.5kt AWA=4° Batt=100% Temp=0°C
[2026-06-06T10:19:52.375] [DEBUG] [calypso-direct] [DATA_IN] AWS=3.5kt AWA=4° Batt=100% Temp=0°C
[2026-06-06T10:19:52.763] [WARNING] [calypso-direct] [TIMING] Large gap: 388ms (expected ~125ms at 8Hz) AWS=3.5kt
[2026-06-06T10:19:52.763] [DEBUG] [calypso-direct] [DATA_IN] AWS=3.5kt AWA=4° Batt=100% Temp=0°C
[2026-06-06T10:19:52.765] [DEBUG] [calypso-direct] [DATA_IN] AWS=3.5kt AWA=2° Batt=100% Temp=0°C
[2026-06-06T10:19:53.153] [WARNING] [calypso-direct] [TIMING] Large gap: 388ms (expected ~125ms at 8Hz) AWS=3.9kt
[2026-06-06T10:19:53.154] [DEBUG] [calypso-direct] [DATA_IN] AWS=3.9kt AWA=2° Batt=100% Temp=0°C
[2026-06-06T10:19:53.738] [WARNING] [calypso-direct] [TIMING] Large gap: 585ms (expected ~125ms at 8Hz) AWS=3.9kt
[2026-06-06T10:19:53.740] [DEBUG] [calypso-direct] [DATA_IN] AWS=3.9kt AWA=2° Batt=100% Temp=0°C
[2026-06-06T10:19:53.741] [DEBUG] [calypso-direct] [DATA_IN] AWS=3.7kt AWA=4° Batt=100% Temp=0°C
[2026-06-06T10:19:53.742] [DEBUG] [calypso-direct] [DATA_IN] AWS=3.7kt AWA=4° Batt=100% Temp=0°C
[2026-06-06T10:19:54.128] [WARNING] [calypso-direct] [TIMING] Large gap: 386ms (expected ~125ms at 8Hz) AWS=3.7kt
[2026-06-06T10:19:54.128] [DEBUG] [calypso-direct] [DATA_IN] AWS=3.7kt AWA=6° Batt=100% Temp=0°C
[2026-06-06T10:19:54.323] [DEBUG] [calypso-direct] [DATA_IN] AWS=3.7kt AWA=6° Batt=100% Temp=0°C
[2026-06-06T10:19:54.518] [DEBUG] [calypso-direct] [DATA_IN] AWS=3.7kt AWA=5° Batt=100% Temp=0°C
[2026-06-06T10:19:55.298] [WARNING] [calypso-direct] [TIMING] Large gap: 780ms (expected ~125ms at 8Hz) AWS=3.9kt
[2026-06-06T10:19:55.298] [DEBUG] [calypso-direct] [DATA_IN] AWS=3.9kt AWA=5° Batt=100% Temp=0°C
[2026-06-06T10:19:55.299] [DEBUG] [calypso-direct] [DATA_IN] AWS=3.9kt AWA=5° Batt=100% Temp=0°C
[2026-06-06T10:19:55.301] [DEBUG] [calypso-direct] [DATA_IN] AWS=3.7kt AWA=3° Batt=100% Temp=0°C
[2026-06-06T10:19:55.493] [DEBUG] [calypso-direct] [DATA_IN] AWS=3.7kt AWA=3° Batt=100% Temp=0°C
[2026-06-06T10:19:55.883] [WARNING] [calypso-direct] [TIMING] Large gap: 390ms (expected ~125ms at 8Hz) AWS=3.7kt
[2026-06-06T10:19:55.883] [DEBUG] [calypso-direct] [DATA_IN] AWS=3.7kt AWA=4° Batt=100% Temp=0°C
[2026-06-06T10:19:56.080] [DEBUG] [calypso-direct] [DATA_IN] AWS=3.7kt AWA=3° Batt=100% Temp=0°C
[2026-06-06T10:19:56.469] [WARNING] [calypso-direct] [TIMING] Large gap: 389ms (expected ~125ms at 8Hz) AWS=3.9kt
[2026-06-06T10:19:56.470] [DEBUG] [calypso-direct] [DATA_IN] AWS=3.9kt AWA=3° Batt=100% Temp=0°C
[2026-06-06T10:19:56.859] [WARNING] [calypso-direct] [TIMING] Large gap: 390ms (expected ~125ms at 8Hz) AWS=3.9kt
[2026-06-06T10:19:56.859] [DEBUG] [calypso-direct] [DATA_IN] AWS=3.9kt AWA=3° Batt=100% Temp=0°C
[2026-06-06T10:19:56.863] [DEBUG] [calypso-direct] [DATA_IN] AWS=3.9kt AWA=3° Batt=100% Temp=0°C
[2026-06-06T10:19:57.444] [WARNING] [calypso-direct] [TIMING] Large gap: 581ms (expected ~125ms at 8Hz) AWS=3.9kt
[2026-06-06T10:19:57.445] [DEBUG] [calypso-direct] [DATA_IN] AWS=3.9kt AWA=2° Batt=100% Temp=0°C
[2026-06-06T10:19:57.447] [DEBUG] [calypso-direct] [DATA_IN] AWS=3.9kt AWA=0° Batt=100% Temp=0°C
[2026-06-06T10:19:57.640] [DEBUG] [calypso-direct] [DATA_IN] AWS=3.7kt AWA=358° Batt=100% Temp=0°C
[2026-06-06T10:19:58.030] [WARNING] [calypso-direct] [TIMING] Large gap: 390ms (expected ~125ms at 8Hz) AWS=3.9kt
[2026-06-06T10:19:58.033] [DEBUG] [calypso-direct] [DATA_IN] AWS=3.9kt AWA=351° Batt=100% Temp=0°C
[2026-06-06T10:19:58.035] [DEBUG] [calypso-direct] [DATA_IN] AWS=3.7kt AWA=351° Batt=100% Temp=0°C
[2026-06-06T10:19:58.225] [DEBUG] [calypso-direct] [DATA_IN] AWS=3.7kt AWA=351° Batt=100% Temp=0°C
[2026-06-06T10:19:58.613] [WARNING] [calypso-direct] [TIMING] Large gap: 388ms (expected ~125ms at 8Hz) AWS=3.7kt
[2026-06-06T10:19:58.613] [DEBUG] [calypso-direct] [DATA_IN] AWS=3.7kt AWA=351° Batt=100% Temp=0°C
[2026-06-06T10:19:58.808] [DEBUG] [calypso-direct] [DATA_IN] AWS=3.5kt AWA=6° Batt=100% Temp=0°C
[2026-06-06T10:19:59.003] [DEBUG] [calypso-direct] [DATA_IN] AWS=3.5kt AWA=6° Batt=100% Temp=0°C
[2026-06-06T10:19:59.588] [WARNING] [calypso-direct] [TIMING] Large gap: 585ms (expected ~125ms at 8Hz) AWS=3.5kt
[2026-06-06T10:19:59.588] [DEBUG] [calypso-direct] [DATA_IN] AWS=3.5kt AWA=6° Batt=100% Temp=0°C
[2026-06-06T10:19:59.589] [DEBUG] [calypso-direct] [DATA_IN] AWS=3.5kt AWA=0° Batt=100% Temp=0°C
[2026-06-06T10:19:59.978] [WARNING] [calypso-direct] [TIMING] Large gap: 389ms (expected ~125ms at 8Hz) AWS=3.7kt
[2026-06-06T10:19:59.978] [DEBUG] [calypso-direct] [DATA_IN] AWS=3.7kt AWA=0° Batt=100% Temp=0°C
[2026-06-06T10:19:59.979] [DEBUG] [calypso-direct] [DATA_IN] AWS=3.7kt AWA=0° Batt=100% Temp=0°C
[2026-06-06T10:20:00.564] [WARNING] [calypso-direct] [TIMING] Large gap: 585ms (expected ~125ms at 8Hz) AWS=3.7kt
[2026-06-06T10:20:00.564] [DEBUG] [calypso-direct] [DATA_IN] AWS=3.7kt AWA=348° Batt=100% Temp=0°C
[2026-06-06T10:20:00.564] [DEBUG] [calypso-direct] [DATA_IN] AWS=3.7kt AWA=348° Batt=100% Temp=0°C
[2026-06-06T10:20:00.953] [WARNING] [calypso-direct] [TIMING] Large gap: 389ms (expected ~125ms at 8Hz) AWS=3.7kt
[2026-06-06T10:20:00.954] [DEBUG] [calypso-direct] [DATA_IN] AWS=3.7kt AWA=348° Batt=100% Temp=0°C
[2026-06-06T10:20:01.147] [DEBUG] [calypso-direct] [DATA_IN] AWS=3.7kt AWA=348° Batt=100% Temp=0°C
[2026-06-06T10:20:01.343] [DEBUG] [calypso-direct] [DATA_IN] AWS=3.7kt AWA=348° Batt=100% Temp=0°C
[2026-06-06T10:20:01.538] [DEBUG] [calypso-direct] [DATA_IN] AWS=3.7kt AWA=334° Batt=100% Temp=0°C
[2026-06-06T10:20:01.733] [DEBUG] [calypso-direct] [DATA_IN] AWS=3.3kt AWA=334° Batt=100% Temp=0°C
[2026-06-06T10:20:02.318] [WARNING] [calypso-direct] [TIMING] Large gap: 585ms (expected ~125ms at 8Hz) AWS=3.3kt
[2026-06-06T10:20:02.318] [DEBUG] [calypso-direct] [DATA_IN] AWS=3.3kt AWA=334° Batt=100% Temp=0°C
[2026-06-06T10:20:02.319] [DEBUG] [calypso-direct] [DATA_IN] AWS=3.5kt AWA=334° Batt=100% Temp=0°C
[2026-06-06T10:20:02.514] [DEBUG] [calypso-direct] [DATA_IN] AWS=3.7kt AWA=333° Batt=100% Temp=0°C
[2026-06-06T10:20:02.903] [WARNING] [calypso-direct] [TIMING] Large gap: 389ms (expected ~125ms at 8Hz) AWS=3.7kt
[2026-06-06T10:20:02.903] [DEBUG] [calypso-direct] [DATA_IN] AWS=3.7kt AWA=339° Batt=100% Temp=0°C
[2026-06-06T10:20:03.098] [DEBUG] [calypso-direct] [DATA_IN] AWS=3.7kt AWA=339° Batt=100% Temp=0°C
[2026-06-06T10:20:03.293] [DEBUG] [calypso-direct] [DATA_IN] AWS=3.7kt AWA=339° Batt=100% Temp=0°C
[2026-06-06T10:20:03.489] [DEBUG] [calypso-direct] [DATA_IN] AWS=3.7kt AWA=339° Batt=100% Temp=0°C
[2026-06-06T10:20:03.879] [WARNING] [calypso-direct] [TIMING] Large gap: 391ms (expected ~125ms at 8Hz) AWS=3.7kt
[2026-06-06T10:20:03.880] [DEBUG] [calypso-direct] [DATA_IN] AWS=3.7kt AWA=339° Batt=100% Temp=0°C
[2026-06-06T10:20:04.074] [DEBUG] [calypso-direct] [DATA_IN] AWS=3.7kt AWA=347° Batt=100% Temp=0°C
[2026-06-06T10:20:04.270] [DEBUG] [calypso-direct] [DATA_IN] AWS=3.9kt AWA=347° Batt=100% Temp=0°C
[2026-06-06T10:20:04.661] [WARNING] [calypso-direct] [TIMING] Large gap: 391ms (expected ~125ms at 8Hz) AWS=3.5kt
[2026-06-06T10:20:04.662] [DEBUG] [calypso-direct] [DATA_IN] AWS=3.5kt AWA=348° Batt=100% Temp=0°C
[2026-06-06T10:20:05.243] [WARNING] [calypso-direct] [TIMING] Large gap: 582ms (expected ~125ms at 8Hz) AWS=3.9kt
[2026-06-06T10:20:05.243] [DEBUG] [calypso-direct] [DATA_IN] AWS=3.9kt AWA=348° Batt=100% Temp=0°C
[2026-06-06T10:20:05.245] [DEBUG] [calypso-direct] [DATA_IN] AWS=4.1kt AWA=348° Batt=100% Temp=0°C
[2026-06-06T10:20:05.247] [DEBUG] [calypso-direct] [DATA_IN] AWS=4.1kt AWA=354° Batt=100% Temp=0°C
[2026-06-06T10:20:05.633] [WARNING] [calypso-direct] [TIMING] Large gap: 386ms (expected ~125ms at 8Hz) AWS=3.5kt
[2026-06-06T10:20:05.633] [DEBUG] [calypso-direct] [DATA_IN] AWS=3.5kt AWA=354° Batt=100% Temp=0°C
[2026-06-06T10:20:05.828] [DEBUG] [calypso-direct] [DATA_IN] AWS=4.3kt AWA=354° Batt=100% Temp=0°C
[2026-06-06T10:20:06.023] [DEBUG] [calypso-direct] [DATA_IN] AWS=4.3kt AWA=354° Batt=100% Temp=0°C
[2026-06-06T10:20:06.608] [WARNING] [calypso-direct] [TIMING] Large gap: 585ms (expected ~125ms at 8Hz) AWS=4.3kt
[2026-06-06T10:20:06.609] [DEBUG] [calypso-direct] [DATA_IN] AWS=4.3kt AWA=354° Batt=100% Temp=0°C
[2026-06-06T10:20:06.611] [DEBUG] [calypso-direct] [DATA_IN] AWS=4.7kt AWA=332° Batt=100% Temp=0°C
[2026-06-06T10:20:06.803] [DEBUG] [calypso-direct] [DATA_IN] AWS=4.9kt AWA=332° Batt=100% Temp=0°C
[2026-06-06T10:20:06.998] [DEBUG] [calypso-direct] [DATA_IN] AWS=5.1kt AWA=330° Batt=100% Temp=0°C
[2026-06-06T10:20:07.583] [WARNING] [calypso-direct] [TIMING] Large gap: 585ms (expected ~125ms at 8Hz) AWS=5.2kt
[2026-06-06T10:20:07.583] [DEBUG] [calypso-direct] [DATA_IN] AWS=5.2kt AWA=330° Batt=100% Temp=0°C
[2026-06-06T10:20:07.585] [DEBUG] [calypso-direct] [DATA_IN] AWS=5.2kt AWA=330° Batt=100% Temp=0°C
[2026-06-06T10:20:07.779] [DEBUG] [calypso-direct] [DATA_IN] AWS=5.1kt AWA=332° Batt=100% Temp=0°C
[2026-06-06T10:20:08.168] [WARNING] [calypso-direct] [TIMING] Large gap: 389ms (expected ~125ms at 8Hz) AWS=5.1kt
[2026-06-06T10:20:08.168] [DEBUG] [calypso-direct] [DATA_IN] AWS=5.1kt AWA=331° Batt=100% Temp=0°C
[2026-06-06T10:20:08.558] [WARNING] [calypso-direct] [TIMING] Large gap: 390ms (expected ~125ms at 8Hz) AWS=5.1kt
[2026-06-06T10:20:08.558] [DEBUG] [calypso-direct] [DATA_IN] AWS=5.1kt AWA=330° Batt=100% Temp=0°C
[2026-06-06T10:20:08.559] [DEBUG] [calypso-direct] [DATA_IN] AWS=4.9kt AWA=330° Batt=100% Temp=0°C
[2026-06-06T10:20:08.752] [DEBUG] [calypso-direct] [DATA_IN] AWS=4.7kt AWA=330° Batt=100% Temp=0°C
[2026-06-06T10:20:09.143] [WARNING] [calypso-direct] [TIMING] Large gap: 390ms (expected ~125ms at 8Hz) AWS=4.7kt
[2026-06-06T10:20:09.143] [DEBUG] [calypso-direct] [DATA_IN] AWS=4.7kt AWA=327° Batt=100% Temp=0°C
[2026-06-06T10:20:09.728] [WARNING] [calypso-direct] [TIMING] Large gap: 585ms (expected ~125ms at 8Hz) AWS=4.5kt
[2026-06-06T10:20:09.729] [DEBUG] [calypso-direct] [DATA_IN] AWS=4.5kt AWA=327° Batt=100% Temp=0°C
[2026-06-06T10:20:09.730] [DEBUG] [calypso-direct] [DATA_IN] AWS=4.5kt AWA=327° Batt=100% Temp=0°C
[2026-06-06T10:20:09.732] [DEBUG] [calypso-direct] [DATA_IN] AWS=4.5kt AWA=327° Batt=100% Temp=0°C
[2026-06-06T10:20:10.118] [WARNING] [calypso-direct] [TIMING] Large gap: 386ms (expected ~125ms at 8Hz) AWS=4.5kt
[2026-06-06T10:20:10.119] [DEBUG] [calypso-direct] [DATA_IN] AWS=4.5kt AWA=329° Batt=100% Temp=0°C
[2026-06-06T10:20:10.313] [DEBUG] [calypso-direct] [DATA_IN] AWS=4.3kt AWA=336° Batt=100% Temp=0°C
[2026-06-06T10:20:10.901] [WARNING] [calypso-direct] [TIMING] Large gap: 588ms (expected ~125ms at 8Hz) AWS=4.1kt
[2026-06-06T10:20:10.902] [DEBUG] [calypso-direct] [DATA_IN] AWS=4.1kt AWA=336° Batt=100% Temp=0°C
[2026-06-06T10:20:11.094] [DEBUG] [calypso-direct] [DATA_IN] AWS=4.1kt AWA=336° Batt=100% Temp=0°C
[2026-06-06T10:20:11.095] [DEBUG] [calypso-direct] [DATA_IN] AWS=4.1kt AWA=336° Batt=100% Temp=0°C
[2026-06-06T10:20:11.485] [WARNING] [calypso-direct] [TIMING] Large gap: 390ms (expected ~125ms at 8Hz) AWS=4.1kt
[2026-06-06T10:20:11.490] [DEBUG] [calypso-direct] [DATA_IN] AWS=4.1kt AWA=336° Batt=100% Temp=0°C
[2026-06-06T10:20:11.491] [DEBUG] [calypso-direct] [DATA_IN] AWS=4.1kt AWA=333° Batt=100% Temp=0°C
[2026-06-06T10:20:11.875] [WARNING] [calypso-direct] [TIMING] Large gap: 384ms (expected ~125ms at 8Hz) AWS=4.1kt
[2026-06-06T10:20:11.876] [DEBUG] [calypso-direct] [DATA_IN] AWS=4.1kt AWA=333° Batt=100% Temp=0°C
[2026-06-06T10:20:12.070] [DEBUG] [calypso-direct] [DATA_IN] AWS=4.1kt AWA=333° Batt=100% Temp=0°C
[2026-06-06T10:20:12.458] [WARNING] [calypso-direct] [TIMING] Large gap: 388ms (expected ~125ms at 8Hz) AWS=4.1kt
[2026-06-06T10:20:12.458] [DEBUG] [calypso-direct] [DATA_IN] AWS=4.1kt AWA=333° Batt=100% Temp=0°C
[2026-06-06T10:20:12.653] [DEBUG] [calypso-direct] [DATA_IN] AWS=4.3kt AWA=333° Batt=100% Temp=0°C
[2026-06-06T10:20:12.848] [DEBUG] [calypso-direct] [DATA_IN] AWS=4.3kt AWA=333° Batt=100% Temp=0°C
[2026-06-06T10:20:13.043] [DEBUG] [calypso-direct] [DATA_IN] AWS=4.1kt AWA=333° Batt=100% Temp=0°C
[2026-06-06T10:20:13.433] [WARNING] [calypso-direct] [TIMING] Large gap: 390ms (expected ~125ms at 8Hz) AWS=4.1kt
[2026-06-06T10:20:13.433] [DEBUG] [calypso-direct] [DATA_IN] AWS=4.1kt AWA=333° Batt=100% Temp=0°C
[2026-06-06T10:20:14.018] [WARNING] [calypso-direct] [TIMING] Large gap: 585ms (expected ~125ms at 8Hz) AWS=3.9kt
[2026-06-06T10:20:14.019] [DEBUG] [calypso-direct] [DATA_IN] AWS=3.9kt AWA=334° Batt=100% Temp=0°C
[2026-06-06T10:20:14.021] [DEBUG] [calypso-direct] [DATA_IN] AWS=3.7kt AWA=334° Batt=100% Temp=0°C
[2026-06-06T10:20:14.022] [DEBUG] [calypso-direct] [DATA_IN] AWS=3.3kt AWA=356° Batt=100% Temp=0°C
[2026-06-06T10:20:14.408] [WARNING] [calypso-direct] [TIMING] Large gap: 386ms (expected ~125ms at 8Hz) AWS=3.1kt
[2026-06-06T10:20:14.408] [DEBUG] [calypso-direct] [DATA_IN] AWS=3.1kt AWA=356° Batt=100% Temp=0°C
[2026-06-06T10:20:14.603] [DEBUG] [calypso-direct] [DATA_IN] AWS=3.1kt AWA=357° Batt=100% Temp=0°C
[2026-06-06T10:20:14.993] [WARNING] [calypso-direct] [TIMING] Large gap: 390ms (expected ~125ms at 8Hz) AWS=3.1kt
[2026-06-06T10:20:14.993] [DEBUG] [calypso-direct] [DATA_IN] AWS=3.1kt AWA=357° Batt=100% Temp=0°C
[2026-06-06T10:20:14.994] [DEBUG] [calypso-direct] [DATA_IN] AWS=2.9kt AWA=357° Batt=100% Temp=0°C
[2026-06-06T10:20:15.382] [WARNING] [calypso-direct] [TIMING] Large gap: 388ms (expected ~125ms at 8Hz) AWS=2.9kt
[2026-06-06T10:20:15.383] [DEBUG] [calypso-direct] [DATA_IN] AWS=2.9kt AWA=1° Batt=100% Temp=0°C
[2026-06-06T10:20:15.579] [DEBUG] [calypso-direct] [DATA_IN] AWS=2.7kt AWA=1° Batt=100% Temp=0°C
[2026-06-06T10:20:15.773] [DEBUG] [calypso-direct] [DATA_IN] AWS=2.9kt AWA=1° Batt=100% Temp=0°C
[2026-06-06T10:20:16.163] [WARNING] [calypso-direct] [TIMING] Large gap: 390ms (expected ~125ms at 8Hz) AWS=2.7kt
[2026-06-06T10:20:16.163] [DEBUG] [calypso-direct] [DATA_IN] AWS=2.7kt AWA=15° Batt=100% Temp=0°C
[2026-06-06T10:20:16.357] [DEBUG] [calypso-direct] [DATA_IN] AWS=2.5kt AWA=15° Batt=100% Temp=0°C
[2026-06-06T10:20:16.748] [WARNING] [calypso-direct] [TIMING] Large gap: 390ms (expected ~125ms at 8Hz) AWS=2.5kt
[2026-06-06T10:20:16.748] [DEBUG] [calypso-direct] [DATA_IN] AWS=2.5kt AWA=353° Batt=100% Temp=0°C
[2026-06-06T10:20:16.750] [DEBUG] [calypso-direct] [DATA_IN] AWS=2.5kt AWA=353° Batt=100% Temp=0°C
[2026-06-06T10:20:17.138] [WARNING] [calypso-direct] [TIMING] Large gap: 388ms (expected ~125ms at 8Hz) AWS=2.5kt
[2026-06-06T10:20:17.139] [DEBUG] [calypso-direct] [DATA_IN] AWS=2.5kt AWA=353° Batt=100% Temp=0°C
[2026-06-06T10:20:17.334] [DEBUG] [calypso-direct] [DATA_IN] AWS=2.5kt AWA=353° Batt=100% Temp=0°C
[2026-06-06T10:20:17.723] [WARNING] [calypso-direct] [TIMING] Large gap: 389ms (expected ~125ms at 8Hz) AWS=2.7kt
[2026-06-06T10:20:17.723] [DEBUG] [calypso-direct] [DATA_IN] AWS=2.7kt AWA=353° Batt=100% Temp=0°C
[2026-06-06T10:20:17.724] [DEBUG] [calypso-direct] [DATA_IN] AWS=3.1kt AWA=343° Batt=100% Temp=0°C
[2026-06-06T10:20:18.308] [WARNING] [calypso-direct] [TIMING] Large gap: 584ms (expected ~125ms at 8Hz) AWS=3.3kt
[2026-06-06T10:20:18.309] [DEBUG] [calypso-direct] [DATA_IN] AWS=3.3kt AWA=342° Batt=100% Temp=0°C
[2026-06-06T10:20:18.310] [DEBUG] [calypso-direct] [DATA_IN] AWS=3.5kt AWA=342° Batt=100% Temp=0°C
[2026-06-06T10:20:18.502] [DEBUG] [calypso-direct] [DATA_IN] AWS=3.9kt AWA=342° Batt=100% Temp=0°C
[2026-06-06T10:20:18.893] [WARNING] [calypso-direct] [TIMING] Large gap: 391ms (expected ~125ms at 8Hz) AWS=3.9kt
[2026-06-06T10:20:18.893] [DEBUG] [calypso-direct] [DATA_IN] AWS=3.9kt AWA=342° Batt=100% Temp=0°C
[2026-06-06T10:20:19.088] [DEBUG] [calypso-direct] [DATA_IN] AWS=3.9kt AWA=335° Batt=100% Temp=0°C
[2026-06-06T10:20:19.283] [DEBUG] [calypso-direct] [DATA_IN] AWS=3.9kt AWA=335° Batt=100% Temp=0°C
[2026-06-06T10:20:19.673] [WARNING] [calypso-direct] [TIMING] Large gap: 390ms (expected ~125ms at 8Hz) AWS=3.7kt
[2026-06-06T10:20:19.673] [DEBUG] [calypso-direct] [DATA_IN] AWS=3.7kt AWA=335° Batt=100% Temp=0°C
[2026-06-06T10:20:19.867] [DEBUG] [calypso-direct] [DATA_IN] AWS=3.7kt AWA=336° Batt=100% Temp=0°C
[2026-06-06T10:20:20.063] [DEBUG] [calypso-direct] [DATA_IN] AWS=3.7kt AWA=336° Batt=100% Temp=0°C
[2026-06-06T10:20:20.258] [DEBUG] [calypso-direct] [DATA_IN] AWS=3.3kt AWA=350° Batt=100% Temp=0°C
[2026-06-06T10:20:21.232] [WARNING] [calypso-direct] [TIMING] Large gap: 975ms (expected ~125ms at 8Hz) AWS=3.3kt
[2026-06-06T10:20:21.234] [DEBUG] [calypso-direct] [DATA_IN] AWS=3.3kt AWA=350° Batt=100% Temp=0°C
[2026-06-06T10:20:21.234] [DEBUG] [calypso-direct] [DATA_IN] AWS=3.1kt AWA=350° Batt=100% Temp=0°C
[2026-06-06T10:20:21.236] [DEBUG] [calypso-direct] [DATA_IN] AWS=2.9kt AWA=350° Batt=100% Temp=0°C
[2026-06-06T10:20:21.237] [DEBUG] [calypso-direct] [DATA_IN] AWS=2.9kt AWA=350° Batt=100% Temp=0°C
[2026-06-06T10:20:21.622] [WARNING] [calypso-direct] [TIMING] Large gap: 385ms (expected ~125ms at 8Hz) AWS=2.9kt
[2026-06-06T10:20:21.623] [DEBUG] [calypso-direct] [DATA_IN] AWS=2.9kt AWA=3° Batt=100% Temp=0°C
[2026-06-06T10:20:21.818] [DEBUG] [calypso-direct] [DATA_IN] AWS=3.1kt AWA=3° Batt=100% Temp=0°C
[2026-06-06T10:20:22.012] [DEBUG] [calypso-direct] [DATA_IN] AWS=3.1kt AWA=3° Batt=100% Temp=0°C
[2026-06-06T10:20:22.598] [WARNING] [calypso-direct] [TIMING] Large gap: 586ms (expected ~125ms at 8Hz) AWS=3.1kt
[2026-06-06T10:20:22.598] [DEBUG] [calypso-direct] [DATA_IN] AWS=3.1kt AWA=3° Batt=100% Temp=0°C
[2026-06-06T10:20:22.600] [DEBUG] [calypso-direct] [DATA_IN] AWS=3.3kt AWA=3° Batt=100% Temp=0°C
[2026-06-06T10:20:22.793] [DEBUG] [calypso-direct] [DATA_IN] AWS=3.3kt AWA=341° Batt=100% Temp=0°C
[2026-06-06T10:20:22.989] [DEBUG] [calypso-direct] [DATA_IN] AWS=3.3kt AWA=341° Batt=100% Temp=0°C
[2026-06-06T10:20:23.379] [WARNING] [calypso-direct] [TIMING] Large gap: 390ms (expected ~125ms at 8Hz) AWS=3.3kt
[2026-06-06T10:20:23.379] [DEBUG] [calypso-direct] [DATA_IN] AWS=3.3kt AWA=340° Batt=100% Temp=0°C
[2026-06-06T10:20:23.573] [DEBUG] [calypso-direct] [DATA_IN] AWS=2.9kt AWA=340° Batt=100% Temp=0°C
[2026-06-06T10:20:23.968] [WARNING] [calypso-direct] [TIMING] Large gap: 395ms (expected ~125ms at 8Hz) AWS=2.9kt
[2026-06-06T10:20:23.969] [DEBUG] [calypso-direct] [DATA_IN] AWS=2.9kt AWA=341° Batt=100% Temp=0°C
[2026-06-06T10:20:24.162] [DEBUG] [calypso-direct] [DATA_IN] AWS=2.9kt AWA=327° Batt=100% Temp=0°C
[2026-06-06T10:20:24.354] [DEBUG] [calypso-direct] [DATA_IN] AWS=2.9kt AWA=327° Batt=100% Temp=0°C
[2026-06-06T10:20:24.549] [DEBUG] [calypso-direct] [DATA_IN] AWS=2.9kt AWA=327° Batt=100% Temp=0°C
[2026-06-06T10:20:25.524] [WARNING] [calypso-direct] [TIMING] Large gap: 974ms (expected ~125ms at 8Hz) AWS=3.1kt
[2026-06-06T10:20:25.524] [DEBUG] [calypso-direct] [DATA_IN] AWS=3.1kt AWA=325° Batt=100% Temp=0°C
[2026-06-06T10:20:25.528] [DEBUG] [calypso-direct] [DATA_IN] AWS=3.3kt AWA=325° Batt=100% Temp=0°C
[2026-06-06T10:20:25.530] [DEBUG] [calypso-direct] [DATA_IN] AWS=3.1kt AWA=328° Batt=100% Temp=0°C
[2026-06-06T10:20:25.533] [DEBUG] [calypso-direct] [DATA_IN] AWS=3.3kt AWA=328° Batt=100% Temp=0°C
[2026-06-06T10:20:25.913] [WARNING] [calypso-direct] [TIMING] Large gap: 379ms (expected ~125ms at 8Hz) AWS=3.3kt
[2026-06-06T10:20:25.913] [DEBUG] [calypso-direct] [DATA_IN] AWS=3.3kt AWA=328° Batt=100% Temp=0°C
[2026-06-06T10:20:26.107] [DEBUG] [calypso-direct] [DATA_IN] AWS=3.3kt AWA=328° Batt=100% Temp=0°C
[2026-06-06T10:20:26.303] [DEBUG] [calypso-direct] [DATA_IN] AWS=3.5kt AWA=328° Batt=100% Temp=0°C
[2026-06-06T10:20:26.888] [WARNING] [calypso-direct] [TIMING] Large gap: 585ms (expected ~125ms at 8Hz) AWS=3.5kt
[2026-06-06T10:20:26.888] [DEBUG] [calypso-direct] [DATA_IN] AWS=3.5kt AWA=340° Batt=100% Temp=0°C
[2026-06-06T10:20:27.083] [DEBUG] [calypso-direct] [DATA_IN] AWS=3.1kt AWA=340° Batt=100% Temp=0°C
[2026-06-06T10:20:27.085] [DEBUG] [calypso-direct] [DATA_IN] AWS=2.9kt AWA=340° Batt=100% Temp=0°C
[2026-06-06T10:20:27.279] [DEBUG] [calypso-direct] [DATA_IN] AWS=2.9kt AWA=341° Batt=100% Temp=0°C
[2026-06-06T10:20:27.473] [DEBUG] [calypso-direct] [DATA_IN] AWS=2.7kt AWA=341° Batt=100% Temp=0°C
[2026-06-06T10:20:27.862] [WARNING] [calypso-direct] [TIMING] Large gap: 389ms (expected ~125ms at 8Hz) AWS=2.7kt
[2026-06-06T10:20:27.863] [DEBUG] [calypso-direct] [DATA_IN] AWS=2.7kt AWA=329° Batt=100% Temp=0°C
[2026-06-06T10:20:28.252] [WARNING] [calypso-direct] [TIMING] Large gap: 390ms (expected ~125ms at 8Hz) AWS=2.9kt
[2026-06-06T10:20:28.253] [DEBUG] [calypso-direct] [DATA_IN] AWS=2.9kt AWA=329° Batt=100% Temp=0°C
[2026-06-06T10:20:28.447] [DEBUG] [calypso-direct] [DATA_IN] AWS=3.7kt AWA=329° Batt=100% Temp=0°C
[2026-06-06T10:20:28.643] [DEBUG] [calypso-direct] [DATA_IN] AWS=3.9kt AWA=328° Batt=100% Temp=0°C
[2026-06-06T10:20:28.838] [DEBUG] [calypso-direct] [DATA_IN] AWS=3.9kt AWA=325° Batt=100% Temp=0°C
[2026-06-06T10:20:29.228] [WARNING] [calypso-direct] [TIMING] Large gap: 390ms (expected ~125ms at 8Hz) AWS=4.5kt
[2026-06-06T10:20:29.229] [DEBUG] [calypso-direct] [DATA_IN] AWS=4.5kt AWA=320° Batt=100% Temp=0°C
[2026-06-06T10:20:29.230] [DEBUG] [calypso-direct] [DATA_IN] AWS=4.5kt AWA=320° Batt=100% Temp=0°C
[2026-06-06T10:20:29.813] [WARNING] [calypso-direct] [TIMING] Large gap: 583ms (expected ~125ms at 8Hz) AWS=4.5kt
[2026-06-06T10:20:29.813] [DEBUG] [calypso-direct] [DATA_IN] AWS=4.5kt AWA=320° Batt=100% Temp=0°C
[2026-06-06T10:20:30.203] [WARNING] [calypso-direct] [TIMING] Large gap: 390ms (expected ~125ms at 8Hz) AWS=4.5kt
[2026-06-06T10:20:30.203] [DEBUG] [calypso-direct] [DATA_IN] AWS=4.5kt AWA=321° Batt=100% Temp=0°C
[2026-06-06T10:20:30.205] [DEBUG] [calypso-direct] [DATA_IN] AWS=4.3kt AWA=321° Batt=100% Temp=0°C
[2026-06-06T10:20:30.398] [DEBUG] [calypso-direct] [DATA_IN] AWS=4.3kt AWA=325° Batt=100% Temp=0°C
[2026-06-06T10:20:30.592] [DEBUG] [calypso-direct] [DATA_IN] AWS=4.3kt AWA=325° Batt=100% Temp=0°C
[2026-06-06T10:20:30.789] [DEBUG] [calypso-direct] [DATA_IN] AWS=4.5kt AWA=325° Batt=100% Temp=0°C
[2026-06-06T10:20:30.983] [DEBUG] [calypso-direct] [DATA_IN] AWS=4.5kt AWA=323° Batt=100% Temp=0°C
[2026-06-06T10:20:31.373] [WARNING] [calypso-direct] [TIMING] Large gap: 390ms (expected ~125ms at 8Hz) AWS=4.7kt
[2026-06-06T10:20:31.374] [DEBUG] [calypso-direct] [DATA_IN] AWS=4.7kt AWA=321° Batt=100% Temp=0°C
[2026-06-06T10:20:31.567] [DEBUG] [calypso-direct] [DATA_IN] AWS=4.7kt AWA=321° Batt=100% Temp=0°C
[2026-06-06T10:20:31.762] [DEBUG] [calypso-direct] [DATA_IN] AWS=4.7kt AWA=321° Batt=100% Temp=0°C
[2026-06-06T10:20:32.152] [WARNING] [calypso-direct] [TIMING] Large gap: 390ms (expected ~125ms at 8Hz) AWS=4.3kt
[2026-06-06T10:20:32.153] [DEBUG] [calypso-direct] [DATA_IN] AWS=4.3kt AWA=321° Batt=100% Temp=0°C
[2026-06-06T10:20:32.542] [WARNING] [calypso-direct] [TIMING] Large gap: 390ms (expected ~125ms at 8Hz) AWS=4.1kt
[2026-06-06T10:20:32.543] [DEBUG] [calypso-direct] [DATA_IN] AWS=4.1kt AWA=325° Batt=100% Temp=0°C
[2026-06-06T10:20:32.544] [DEBUG] [calypso-direct] [DATA_IN] AWS=4.1kt AWA=326° Batt=100% Temp=0°C
[2026-06-06T10:20:32.737] [DEBUG] [calypso-direct] [DATA_IN] AWS=4.3kt AWA=322° Batt=100% Temp=0°C
[2026-06-06T10:20:33.127] [WARNING] [calypso-direct] [TIMING] Large gap: 390ms (expected ~125ms at 8Hz) AWS=4.5kt
[2026-06-06T10:20:33.128] [DEBUG] [calypso-direct] [DATA_IN] AWS=4.5kt AWA=322° Batt=100% Temp=0°C
[2026-06-06T10:20:33.322] [DEBUG] [calypso-direct] [DATA_IN] AWS=4.7kt AWA=322° Batt=100% Temp=0°C
[2026-06-06T10:20:33.517] [DEBUG] [calypso-direct] [DATA_IN] AWS=5.1kt AWA=320° Batt=100% Temp=0°C
[2026-06-06T10:20:34.102] [WARNING] [calypso-direct] [TIMING] Large gap: 585ms (expected ~125ms at 8Hz) AWS=5.2kt
[2026-06-06T10:20:34.103] [DEBUG] [calypso-direct] [DATA_IN] AWS=5.2kt AWA=320° Batt=100% Temp=0°C
[2026-06-06T10:20:34.105] [DEBUG] [calypso-direct] [DATA_IN] AWS=6.0kt AWA=315° Batt=100% Temp=0°C
[2026-06-06T10:20:34.297] [DEBUG] [calypso-direct] [DATA_IN] AWS=6.2kt AWA=316° Batt=100% Temp=0°C
[2026-06-06T10:20:34.492] [DEBUG] [calypso-direct] [DATA_IN] AWS=6.2kt AWA=316° Batt=100% Temp=0°C
[2026-06-06T10:20:34.882] [WARNING] [calypso-direct] [TIMING] Large gap: 390ms (expected ~125ms at 8Hz) AWS=6.2kt
[2026-06-06T10:20:34.883] [DEBUG] [calypso-direct] [DATA_IN] AWS=6.2kt AWA=316° Batt=100% Temp=0°C
[2026-06-06T10:20:35.467] [WARNING] [calypso-direct] [TIMING] Large gap: 585ms (expected ~125ms at 8Hz) AWS=6.2kt
[2026-06-06T10:20:35.467] [DEBUG] [calypso-direct] [DATA_IN] AWS=6.2kt AWA=315° Batt=100% Temp=0°C
[2026-06-06T10:20:35.470] [DEBUG] [calypso-direct] [DATA_IN] AWS=6.2kt AWA=315° Batt=100% Temp=0°C
[2026-06-06T10:20:35.662] [DEBUG] [calypso-direct] [DATA_IN] AWS=6.2kt AWA=315° Batt=100% Temp=0°C
[2026-06-06T10:20:36.054] [WARNING] [calypso-direct] [TIMING] Large gap: 391ms (expected ~125ms at 8Hz) AWS=6.2kt
[2026-06-06T10:20:36.054] [DEBUG] [calypso-direct] [DATA_IN] AWS=6.2kt AWA=315° Batt=100% Temp=0°C
[2026-06-06T10:20:36.057] [DEBUG] [calypso-direct] [DATA_IN] AWS=6.2kt AWA=315° Batt=100% Temp=0°C
[2026-06-06T10:20:36.249] [DEBUG] [calypso-direct] [DATA_IN] AWS=5.8kt AWA=315° Batt=100% Temp=0°C
[2026-06-06T10:20:37.030] [WARNING] [calypso-direct] [TIMING] Large gap: 781ms (expected ~125ms at 8Hz) AWS=5.8kt
[2026-06-06T10:20:37.030] [DEBUG] [calypso-direct] [DATA_IN] AWS=5.8kt AWA=317° Batt=100% Temp=0°C
[2026-06-06T10:20:37.034] [DEBUG] [calypso-direct] [DATA_IN] AWS=5.8kt AWA=317° Batt=100% Temp=0°C
[2026-06-06T10:20:37.035] [DEBUG] [calypso-direct] [DATA_IN] AWS=6.2kt AWA=317° Batt=100% Temp=0°C
[2026-06-06T10:20:37.223] [DEBUG] [calypso-direct] [DATA_IN] AWS=6.2kt AWA=317° Batt=100% Temp=0°C
[2026-06-06T10:20:37.614] [WARNING] [calypso-direct] [TIMING] Large gap: 391ms (expected ~125ms at 8Hz) AWS=6.2kt
[2026-06-06T10:20:37.615] [DEBUG] [calypso-direct] [DATA_IN] AWS=6.2kt AWA=315° Batt=100% Temp=0°C
[2026-06-06T10:20:38.003] [WARNING] [calypso-direct] [TIMING] Large gap: 389ms (expected ~125ms at 8Hz) AWS=6.2kt
[2026-06-06T10:20:38.004] [DEBUG] [calypso-direct] [DATA_IN] AWS=6.2kt AWA=312° Batt=100% Temp=0°C
[2026-06-06T10:20:38.007] [DEBUG] [calypso-direct] [DATA_IN] AWS=6.0kt AWA=312° Batt=100% Temp=0°C
[2026-06-06T10:20:38.393] [WARNING] [calypso-direct] [TIMING] Large gap: 386ms (expected ~125ms at 8Hz) AWS=6.0kt
[2026-06-06T10:20:38.394] [DEBUG] [calypso-direct] [DATA_IN] AWS=6.0kt AWA=312° Batt=100% Temp=0°C
[2026-06-06T10:20:38.587] [DEBUG] [calypso-direct] [DATA_IN] AWS=6.0kt AWA=311° Batt=100% Temp=0°C
[2026-06-06T10:20:38.977] [WARNING] [calypso-direct] [TIMING] Large gap: 390ms (expected ~125ms at 8Hz) AWS=6.0kt
[2026-06-06T10:20:38.978] [DEBUG] [calypso-direct] [DATA_IN] AWS=6.0kt AWA=311° Batt=100% Temp=0°C
[2026-06-06T10:20:38.979] [DEBUG] [calypso-direct] [DATA_IN] AWS=6.0kt AWA=310° Batt=100% Temp=0°C
[2026-06-06T10:20:39.367] [WARNING] [calypso-direct] [TIMING] Large gap: 389ms (expected ~125ms at 8Hz) AWS=6.0kt
[2026-06-06T10:20:39.368] [DEBUG] [calypso-direct] [DATA_IN] AWS=6.0kt AWA=310° Batt=100% Temp=0°C
[2026-06-06T10:20:39.757] [WARNING] [calypso-direct] [TIMING] Large gap: 390ms (expected ~125ms at 8Hz) AWS=6.0kt
[2026-06-06T10:20:39.758] [DEBUG] [calypso-direct] [DATA_IN] AWS=6.0kt AWA=310° Batt=100% Temp=0°C
[2026-06-06T10:20:39.952] [DEBUG] [calypso-direct] [DATA_IN] AWS=6.0kt AWA=310° Batt=100% Temp=0°C
[2026-06-06T10:20:40.147] [DEBUG] [calypso-direct] [DATA_IN] AWS=5.8kt AWA=310° Batt=100% Temp=0°C
[2026-06-06T10:20:40.342] [DEBUG] [calypso-direct] [DATA_IN] AWS=5.8kt AWA=319° Batt=100% Temp=0°C
[2026-06-06T10:20:40.537] [DEBUG] [calypso-direct] [DATA_IN] AWS=5.6kt AWA=320° Batt=100% Temp=0°C
[2026-06-06T10:20:40.732] [DEBUG] [calypso-direct] [DATA_IN] AWS=5.6kt AWA=320° Batt=100% Temp=0°C
[2026-06-06T10:20:41.318] [WARNING] [calypso-direct] [TIMING] Large gap: 585ms (expected ~125ms at 8Hz) AWS=5.6kt
[2026-06-06T10:20:41.318] [DEBUG] [calypso-direct] [DATA_IN] AWS=5.6kt AWA=320° Batt=100% Temp=0°C
[2026-06-06T10:20:41.319] [DEBUG] [calypso-direct] [DATA_IN] AWS=5.6kt AWA=317° Batt=100% Temp=0°C
[2026-06-06T10:20:41.512] [DEBUG] [calypso-direct] [DATA_IN] AWS=5.6kt AWA=306° Batt=100% Temp=0°C
[2026-06-06T10:20:41.902] [WARNING] [calypso-direct] [TIMING] Large gap: 390ms (expected ~125ms at 8Hz) AWS=5.6kt
[2026-06-06T10:20:41.903] [DEBUG] [calypso-direct] [DATA_IN] AWS=5.6kt AWA=306° Batt=100% Temp=0°C
[2026-06-06T10:20:42.097] [DEBUG] [calypso-direct] [DATA_IN] AWS=5.6kt AWA=306° Batt=100% Temp=0°C
[2026-06-06T10:20:42.292] [DEBUG] [calypso-direct] [DATA_IN] AWS=5.6kt AWA=306° Batt=100% Temp=0°C
[2026-06-06T10:20:42.682] [WARNING] [calypso-direct] [TIMING] Large gap: 390ms (expected ~125ms at 8Hz) AWS=5.6kt
[2026-06-06T10:20:42.683] [DEBUG] [calypso-direct] [DATA_IN] AWS=5.6kt AWA=305° Batt=100% Temp=0°C
[2026-06-06T10:20:42.877] [DEBUG] [calypso-direct] [DATA_IN] AWS=5.6kt AWA=305° Batt=100% Temp=0°C
[2026-06-06T10:20:43.072] [DEBUG] [calypso-direct] [DATA_IN] AWS=5.4kt AWA=305° Batt=100% Temp=0°C
[2026-06-06T10:20:43.267] [DEBUG] [calypso-direct] [DATA_IN] AWS=5.4kt AWA=305° Batt=100% Temp=0°C
[2026-06-06T10:20:43.660] [WARNING] [calypso-direct] [TIMING] Large gap: 393ms (expected ~125ms at 8Hz) AWS=5.4kt
[2026-06-06T10:20:43.660] [DEBUG] [calypso-direct] [DATA_IN] AWS=5.4kt AWA=305° Batt=100% Temp=0°C
[2026-06-06T10:20:44.243] [WARNING] [calypso-direct] [TIMING] Large gap: 584ms (expected ~125ms at 8Hz) AWS=5.4kt
[2026-06-06T10:20:44.244] [DEBUG] [calypso-direct] [DATA_IN] AWS=5.4kt AWA=305° Batt=100% Temp=0°C
[2026-06-06T10:20:44.247] [DEBUG] [calypso-direct] [DATA_IN] AWS=5.4kt AWA=305° Batt=100% Temp=0°C
[2026-06-06T10:20:44.251] [DEBUG] [calypso-direct] [DATA_IN] AWS=5.4kt AWA=304° Batt=100% Temp=0°C
[2026-06-06T10:20:44.634] [WARNING] [calypso-direct] [TIMING] Large gap: 383ms (expected ~125ms at 8Hz) AWS=5.4kt
[2026-06-06T10:20:44.634] [DEBUG] [calypso-direct] [DATA_IN] AWS=5.4kt AWA=304° Batt=100% Temp=0°C
[2026-06-06T10:20:44.828] [DEBUG] [calypso-direct] [DATA_IN] AWS=5.4kt AWA=303° Batt=100% Temp=0°C
[2026-06-06T10:20:45.024] [DEBUG] [calypso-direct] [DATA_IN] AWS=5.4kt AWA=301° Batt=100% Temp=0°C
[2026-06-06T10:20:45.608] [WARNING] [calypso-direct] [TIMING] Large gap: 584ms (expected ~125ms at 8Hz) AWS=5.6kt
[2026-06-06T10:20:45.609] [INFO] [calypso-direct] [RATE_1MIN] 242 pkts/min (expected 480 at 8Hz) max_gap=975ms gaps_>250ms=88
[2026-06-06T10:20:45.609] [DEBUG] [calypso-direct] [DATA_IN] AWS=5.6kt AWA=299° Batt=100% Temp=0°C
[2026-06-06T10:20:45.614] [DEBUG] [calypso-direct] [DATA_IN] AWS=5.6kt AWA=299° Batt=100% Temp=0°C
[2026-06-06T10:20:45.803] [DEBUG] [calypso-direct] [DATA_IN] AWS=5.6kt AWA=299° Batt=100% Temp=0°C
[2026-06-06T10:20:45.998] [DEBUG] [calypso-direct] [DATA_IN] AWS=5.6kt AWA=299° Batt=100% Temp=0°C
[2026-06-06T10:20:46.388] [WARNING] [calypso-direct] [TIMING] Large gap: 390ms (expected ~125ms at 8Hz) AWS=5.4kt
[2026-06-06T10:20:46.389] [DEBUG] [calypso-direct] [DATA_IN] AWS=5.4kt AWA=301° Batt=100% Temp=0°C
[2026-06-06T10:20:46.584] [DEBUG] [calypso-direct] [DATA_IN] AWS=5.4kt AWA=309° Batt=100% Temp=0°C
[2026-06-06T10:20:46.972] [WARNING] [calypso-direct] [TIMING] Large gap: 388ms (expected ~125ms at 8Hz) AWS=5.4kt
[2026-06-06T10:20:46.973] [DEBUG] [calypso-direct] [DATA_IN] AWS=5.4kt AWA=310° Batt=100% Temp=0°C
[2026-06-06T10:20:47.167] [DEBUG] [calypso-direct] [DATA_IN] AWS=5.6kt AWA=314° Batt=100% Temp=0°C
[2026-06-06T10:20:47.363] [DEBUG] [calypso-direct] [DATA_IN] AWS=5.8kt AWA=314° Batt=100% Temp=0°C
[2026-06-06T10:20:47.557] [DEBUG] [calypso-direct] [DATA_IN] AWS=5.8kt AWA=314° Batt=100% Temp=0°C
[2026-06-06T10:20:47.753] [DEBUG] [calypso-direct] [DATA_IN] AWS=5.8kt AWA=313° Batt=100% Temp=0°C
[2026-06-06T10:20:48.143] [WARNING] [calypso-direct] [TIMING] Large gap: 390ms (expected ~125ms at 8Hz) AWS=5.8kt
[2026-06-06T10:20:48.143] [DEBUG] [calypso-direct] [DATA_IN] AWS=5.8kt AWA=313° Batt=100% Temp=0°C
[2026-06-06T10:20:48.533] [WARNING] [calypso-direct] [TIMING] Large gap: 390ms (expected ~125ms at 8Hz) AWS=6.0kt
[2026-06-06T10:20:48.533] [DEBUG] [calypso-direct] [DATA_IN] AWS=6.0kt AWA=312° Batt=100% Temp=0°C
[2026-06-06T10:20:48.534] [DEBUG] [calypso-direct] [DATA_IN] AWS=6.0kt AWA=310° Batt=100% Temp=0°C
[2026-06-06T10:20:48.727] [DEBUG] [calypso-direct] [DATA_IN] AWS=6.0kt AWA=310° Batt=100% Temp=0°C
[2026-06-06T10:20:49.117] [WARNING] [calypso-direct] [TIMING] Large gap: 390ms (expected ~125ms at 8Hz) AWS=6.0kt
[2026-06-06T10:20:49.117] [DEBUG] [calypso-direct] [DATA_IN] AWS=6.0kt AWA=305° Batt=100% Temp=0°C
[2026-06-06T10:20:49.312] [DEBUG] [calypso-direct] [DATA_IN] AWS=5.8kt AWA=305° Batt=100% Temp=0°C
[2026-06-06T10:20:49.508] [DEBUG] [calypso-direct] [DATA_IN] AWS=5.6kt AWA=305° Batt=100% Temp=0°C
[2026-06-06T10:20:49.897] [WARNING] [calypso-direct] [TIMING] Large gap: 389ms (expected ~125ms at 8Hz) AWS=5.4kt
[2026-06-06T10:20:49.897] [DEBUG] [calypso-direct] [DATA_IN] AWS=5.4kt AWA=305° Batt=100% Temp=0°C
[2026-06-06T10:20:50.092] [DEBUG] [calypso-direct] [DATA_IN] AWS=5.4kt AWA=304° Batt=100% Temp=0°C
[2026-06-06T10:20:50.287] [DEBUG] [calypso-direct] [DATA_IN] AWS=5.2kt AWA=301° Batt=100% Temp=0°C
[2026-06-06T10:20:50.482] [DEBUG] [calypso-direct] [DATA_IN] AWS=5.2kt AWA=301° Batt=100% Temp=0°C
[2026-06-06T10:20:50.872] [WARNING] [calypso-direct] [TIMING] Large gap: 390ms (expected ~125ms at 8Hz) AWS=5.2kt
[2026-06-06T10:20:50.872] [DEBUG] [calypso-direct] [DATA_IN] AWS=5.2kt AWA=300° Batt=100% Temp=0°C
[2026-06-06T10:20:51.458] [WARNING] [calypso-direct] [TIMING] Large gap: 586ms (expected ~125ms at 8Hz) AWS=5.4kt
[2026-06-06T10:20:51.458] [DEBUG] [calypso-direct] [DATA_IN] AWS=5.4kt AWA=300° Batt=100% Temp=0°C
[2026-06-06T10:20:51.459] [DEBUG] [calypso-direct] [DATA_IN] AWS=5.4kt AWA=300° Batt=100% Temp=0°C
[2026-06-06T10:20:51.652] [DEBUG] [calypso-direct] [DATA_IN] AWS=5.4kt AWA=302° Batt=100% Temp=0°C
[2026-06-06T10:20:51.849] [DEBUG] [calypso-direct] [DATA_IN] AWS=5.6kt AWA=303° Batt=100% Temp=0°C
[2026-06-06T10:20:52.042] [DEBUG] [calypso-direct] [DATA_IN] AWS=5.6kt AWA=307° Batt=100% Temp=0°C
[2026-06-06T10:20:52.237] [DEBUG] [calypso-direct] [DATA_IN] AWS=5.6kt AWA=307° Batt=100% Temp=0°C
[2026-06-06T10:20:52.627] [WARNING] [calypso-direct] [TIMING] Large gap: 390ms (expected ~125ms at 8Hz) AWS=5.6kt
[2026-06-06T10:20:52.628] [DEBUG] [calypso-direct] [DATA_IN] AWS=5.6kt AWA=310° Batt=100% Temp=0°C
[2026-06-06T10:20:52.822] [DEBUG] [calypso-direct] [DATA_IN] AWS=5.8kt AWA=313° Batt=100% Temp=0°C
[2026-06-06T10:20:53.017] [DEBUG] [calypso-direct] [DATA_IN] AWS=5.6kt AWA=313° Batt=100% Temp=0°C
[2026-06-06T10:20:53.407] [WARNING] [calypso-direct] [TIMING] Large gap: 390ms (expected ~125ms at 8Hz) AWS=5.8kt
[2026-06-06T10:20:53.407] [DEBUG] [calypso-direct] [DATA_IN] AWS=5.8kt AWA=313° Batt=100% Temp=0°C
[2026-06-06T10:20:54.382] [WARNING] [calypso-direct] [TIMING] Large gap: 975ms (expected ~125ms at 8Hz) AWS=5.8kt
[2026-06-06T10:20:54.382] [DEBUG] [calypso-direct] [DATA_IN] AWS=5.8kt AWA=313° Batt=100% Temp=0°C
[2026-06-06T10:20:54.384] [DEBUG] [calypso-direct] [DATA_IN] AWS=6.0kt AWA=312° Batt=100% Temp=0°C
[2026-06-06T10:20:54.387] [DEBUG] [calypso-direct] [DATA_IN] AWS=5.8kt AWA=313° Batt=100% Temp=0°C
[2026-06-06T10:20:54.389] [DEBUG] [calypso-direct] [DATA_IN] AWS=6.0kt AWA=313° Batt=100% Temp=0°C
[2026-06-06T10:20:54.577] [DEBUG] [calypso-direct] [DATA_IN] AWS=6.0kt AWA=313° Batt=100% Temp=0°C
[2026-06-06T10:20:54.772] [DEBUG] [calypso-direct] [DATA_IN] AWS=6.2kt AWA=313° Batt=100% Temp=0°C
[2026-06-06T10:20:55.162] [WARNING] [calypso-direct] [TIMING] Large gap: 390ms (expected ~125ms at 8Hz) AWS=6.0kt
[2026-06-06T10:20:55.163] [DEBUG] [calypso-direct] [DATA_IN] AWS=6.0kt AWA=313° Batt=100% Temp=0°C
[2026-06-06T10:20:55.357] [DEBUG] [calypso-direct] [DATA_IN] AWS=6.0kt AWA=310° Batt=100% Temp=0°C
[2026-06-06T10:20:55.748] [WARNING] [calypso-direct] [TIMING] Large gap: 391ms (expected ~125ms at 8Hz) AWS=6.0kt
[2026-06-06T10:20:55.748] [DEBUG] [calypso-direct] [DATA_IN] AWS=6.0kt AWA=310° Batt=100% Temp=0°C
[2026-06-06T10:20:55.749] [DEBUG] [calypso-direct] [DATA_IN] AWS=6.0kt AWA=310° Batt=100% Temp=0°C
[2026-06-06T10:20:56.332] [WARNING] [calypso-direct] [TIMING] Large gap: 583ms (expected ~125ms at 8Hz) AWS=6.0kt
[2026-06-06T10:20:56.332] [DEBUG] [calypso-direct] [DATA_IN] AWS=6.0kt AWA=310° Batt=100% Temp=0°C
[2026-06-06T10:20:56.333] [DEBUG] [calypso-direct] [DATA_IN] AWS=6.0kt AWA=310° Batt=100% Temp=0°C
[2026-06-06T10:20:56.527] [DEBUG] [calypso-direct] [DATA_IN] AWS=6.0kt AWA=311° Batt=100% Temp=0°C
[2026-06-06T10:20:56.722] [DEBUG] [calypso-direct] [DATA_IN] AWS=6.0kt AWA=312° Batt=100% Temp=0°C
[2026-06-06T10:20:57.113] [WARNING] [calypso-direct] [TIMING] Large gap: 391ms (expected ~125ms at 8Hz) AWS=5.8kt
[2026-06-06T10:20:57.113] [DEBUG] [calypso-direct] [DATA_IN] AWS=5.8kt AWA=313° Batt=100% Temp=0°C
[2026-06-06T10:20:57.308] [DEBUG] [calypso-direct] [DATA_IN] AWS=5.6kt AWA=313° Batt=100% Temp=0°C
[2026-06-06T10:20:57.698] [WARNING] [calypso-direct] [TIMING] Large gap: 390ms (expected ~125ms at 8Hz) AWS=5.6kt
[2026-06-06T10:20:57.699] [DEBUG] [calypso-direct] [DATA_IN] AWS=5.6kt AWA=313° Batt=100% Temp=0°C
[2026-06-06T10:20:57.894] [DEBUG] [calypso-direct] [DATA_IN] AWS=5.6kt AWA=316° Batt=100% Temp=0°C
[2026-06-06T10:20:58.089] [DEBUG] [calypso-direct] [DATA_IN] AWS=5.4kt AWA=316° Batt=100% Temp=0°C
[2026-06-06T10:20:58.672] [WARNING] [calypso-direct] [TIMING] Large gap: 583ms (expected ~125ms at 8Hz) AWS=5.4kt
[2026-06-06T10:20:58.672] [DEBUG] [calypso-direct] [DATA_IN] AWS=5.4kt AWA=316° Batt=100% Temp=0°C
[2026-06-06T10:20:58.674] [DEBUG] [calypso-direct] [DATA_IN] AWS=5.6kt AWA=316° Batt=100% Temp=0°C
[2026-06-06T10:20:59.062] [WARNING] [calypso-direct] [TIMING] Large gap: 388ms (expected ~125ms at 8Hz) AWS=5.6kt
[2026-06-06T10:20:59.062] [DEBUG] [calypso-direct] [DATA_IN] AWS=5.6kt AWA=316° Batt=100% Temp=0°C
[2026-06-06T10:20:59.064] [DEBUG] [calypso-direct] [DATA_IN] AWS=5.6kt AWA=314° Batt=100% Temp=0°C
[2026-06-06T10:20:59.259] [DEBUG] [calypso-direct] [DATA_IN] AWS=5.6kt AWA=314° Batt=100% Temp=0°C
[2026-06-06T10:20:59.647] [WARNING] [calypso-direct] [TIMING] Large gap: 388ms (expected ~125ms at 8Hz) AWS=5.2kt
[2026-06-06T10:20:59.648] [DEBUG] [calypso-direct] [DATA_IN] AWS=5.2kt AWA=314° Batt=100% Temp=0°C
[2026-06-06T10:21:00.038] [WARNING] [calypso-direct] [TIMING] Large gap: 391ms (expected ~125ms at 8Hz) AWS=4.9kt
[2026-06-06T10:21:00.039] [DEBUG] [calypso-direct] [DATA_IN] AWS=4.9kt AWA=314° Batt=100% Temp=0°C
[2026-06-06T10:21:00.040] [DEBUG] [calypso-direct] [DATA_IN] AWS=4.9kt AWA=314° Batt=100% Temp=0°C
[2026-06-06T10:21:00.233] [DEBUG] [calypso-direct] [DATA_IN] AWS=4.7kt AWA=326° Batt=100% Temp=0°C
[2026-06-06T10:21:00.622] [WARNING] [calypso-direct] [TIMING] Large gap: 390ms (expected ~125ms at 8Hz) AWS=4.7kt
[2026-06-06T10:21:00.622] [DEBUG] [calypso-direct] [DATA_IN] AWS=4.7kt AWA=326° Batt=100% Temp=0°C
[2026-06-06T10:21:00.817] [DEBUG] [calypso-direct] [DATA_IN] AWS=4.7kt AWA=326° Batt=100% Temp=0°C
[2026-06-06T10:21:01.402] [WARNING] [calypso-direct] [TIMING] Large gap: 584ms (expected ~125ms at 8Hz) AWS=4.7kt
[2026-06-06T10:21:01.402] [DEBUG] [calypso-direct] [DATA_IN] AWS=4.7kt AWA=326° Batt=100% Temp=0°C
[2026-06-06T10:21:01.404] [DEBUG] [calypso-direct] [DATA_IN] AWS=5.1kt AWA=325° Batt=100% Temp=0°C
[2026-06-06T10:21:01.598] [DEBUG] [calypso-direct] [DATA_IN] AWS=5.1kt AWA=319° Batt=100% Temp=0°C
[2026-06-06T10:21:01.792] [DEBUG] [calypso-direct] [DATA_IN] AWS=4.7kt AWA=319° Batt=100% Temp=0°C
[2026-06-06T10:21:01.987] [DEBUG] [calypso-direct] [DATA_IN] AWS=5.1kt AWA=319° Batt=100% Temp=0°C
[2026-06-06T10:21:02.378] [WARNING] [calypso-direct] [TIMING] Large gap: 391ms (expected ~125ms at 8Hz) AWS=4.7kt
[2026-06-06T10:21:02.378] [DEBUG] [calypso-direct] [DATA_IN] AWS=4.7kt AWA=319° Batt=100% Temp=0°C
[2026-06-06T10:21:02.572] [DEBUG] [calypso-direct] [DATA_IN] AWS=4.7kt AWA=315° Batt=100% Temp=0°C
[2026-06-06T10:21:02.962] [WARNING] [calypso-direct] [TIMING] Large gap: 390ms (expected ~125ms at 8Hz) AWS=4.7kt
[2026-06-06T10:21:02.962] [DEBUG] [calypso-direct] [DATA_IN] AWS=4.7kt AWA=314° Batt=100% Temp=0°C
[2026-06-06T10:21:03.157] [DEBUG] [calypso-direct] [DATA_IN] AWS=4.7kt AWA=314° Batt=100% Temp=0°C
[2026-06-06T10:21:03.356] [DEBUG] [calypso-direct] [DATA_IN] AWS=4.7kt AWA=314° Batt=100% Temp=0°C
[2026-06-06T10:21:03.549] [DEBUG] [calypso-direct] [DATA_IN] AWS=4.5kt AWA=316° Batt=100% Temp=0°C
[2026-06-06T10:21:03.937] [WARNING] [calypso-direct] [TIMING] Large gap: 388ms (expected ~125ms at 8Hz) AWS=4.5kt
[2026-06-06T10:21:03.938] [DEBUG] [calypso-direct] [DATA_IN] AWS=4.5kt AWA=316° Batt=100% Temp=0°C
[2026-06-06T10:21:04.522] [WARNING] [calypso-direct] [TIMING] Large gap: 585ms (expected ~125ms at 8Hz) AWS=4.5kt
[2026-06-06T10:21:04.522] [DEBUG] [calypso-direct] [DATA_IN] AWS=4.5kt AWA=319° Batt=100% Temp=0°C
[2026-06-06T10:21:04.523] [DEBUG] [calypso-direct] [DATA_IN] AWS=4.5kt AWA=317° Batt=100% Temp=0°C
[2026-06-06T10:21:04.525] [DEBUG] [calypso-direct] [DATA_IN] AWS=4.5kt AWA=317° Batt=100% Temp=0°C
[2026-06-06T10:21:04.912] [WARNING] [calypso-direct] [TIMING] Large gap: 387ms (expected ~125ms at 8Hz) AWS=4.7kt
[2026-06-06T10:21:04.912] [DEBUG] [calypso-direct] [DATA_IN] AWS=4.7kt AWA=314° Batt=100% Temp=0°C
[2026-06-06T10:21:05.107] [DEBUG] [calypso-direct] [DATA_IN] AWS=4.9kt AWA=314° Batt=100% Temp=0°C
[2026-06-06T10:21:05.302] [DEBUG] [calypso-direct] [DATA_IN] AWS=5.1kt AWA=308° Batt=100% Temp=0°C
[2026-06-06T10:21:05.887] [WARNING] [calypso-direct] [TIMING] Large gap: 585ms (expected ~125ms at 8Hz) AWS=5.1kt
[2026-06-06T10:21:05.887] [DEBUG] [calypso-direct] [DATA_IN] AWS=5.1kt AWA=308° Batt=100% Temp=0°C
[2026-06-06T10:21:05.888] [DEBUG] [calypso-direct] [DATA_IN] AWS=5.1kt AWA=306° Batt=100% Temp=0°C
[2026-06-06T10:21:06.082] [DEBUG] [calypso-direct] [DATA_IN] AWS=5.2kt AWA=306° Batt=100% Temp=0°C
[2026-06-06T10:21:06.277] [DEBUG] [calypso-direct] [DATA_IN] AWS=5.2kt AWA=305° Batt=100% Temp=0°C
[2026-06-06T10:21:06.472] [DEBUG] [calypso-direct] [DATA_IN] AWS=5.2kt AWA=304° Batt=100% Temp=0°C
[2026-06-06T10:21:06.862] [WARNING] [calypso-direct] [TIMING] Large gap: 390ms (expected ~125ms at 8Hz) AWS=5.2kt
[2026-06-06T10:21:06.863] [DEBUG] [calypso-direct] [DATA_IN] AWS=5.2kt AWA=304° Batt=100% Temp=0°C
[2026-06-06T10:21:07.252] [WARNING] [calypso-direct] [TIMING] Large gap: 390ms (expected ~125ms at 8Hz) AWS=5.2kt
[2026-06-06T10:21:07.254] [DEBUG] [calypso-direct] [DATA_IN] AWS=5.2kt AWA=304° Batt=100% Temp=0°C
[2026-06-06T10:21:07.255] [DEBUG] [calypso-direct] [DATA_IN] AWS=5.2kt AWA=305° Batt=100% Temp=0°C
[2026-06-06T10:21:07.642] [WARNING] [calypso-direct] [TIMING] Large gap: 387ms (expected ~125ms at 8Hz) AWS=5.2kt
[2026-06-06T10:21:07.642] [DEBUG] [calypso-direct] [DATA_IN] AWS=5.2kt AWA=305° Batt=100% Temp=0°C
[2026-06-06T10:21:07.837] [DEBUG] [calypso-direct] [DATA_IN] AWS=5.2kt AWA=305° Batt=100% Temp=0°C
[2026-06-06T10:21:08.032] [DEBUG] [calypso-direct] [DATA_IN] AWS=5.2kt AWA=305° Batt=100% Temp=0°C
[2026-06-06T10:21:08.227] [DEBUG] [calypso-direct] [DATA_IN] AWS=5.2kt AWA=305° Batt=100% Temp=0°C
[2026-06-06T10:21:08.813] [WARNING] [calypso-direct] [TIMING] Large gap: 586ms (expected ~125ms at 8Hz) AWS=5.2kt
[2026-06-06T10:21:08.813] [DEBUG] [calypso-direct] [DATA_IN] AWS=5.2kt AWA=304° Batt=100% Temp=0°C
[2026-06-06T10:21:08.816] [DEBUG] [calypso-direct] [DATA_IN] AWS=5.4kt AWA=304° Batt=100% Temp=0°C
[2026-06-06T10:21:09.008] [DEBUG] [calypso-direct] [DATA_IN] AWS=5.2kt AWA=300° Batt=100% Temp=0°C
[2026-06-06T10:21:09.398] [WARNING] [calypso-direct] [TIMING] Large gap: 390ms (expected ~125ms at 8Hz) AWS=5.4kt
[2026-06-06T10:21:09.401] [DEBUG] [calypso-direct] [DATA_IN] AWS=5.4kt AWA=300° Batt=100% Temp=0°C
[2026-06-06T10:21:09.594] [DEBUG] [calypso-direct] [DATA_IN] AWS=5.2kt AWA=300° Batt=100% Temp=0°C
[2026-06-06T10:21:09.788] [DEBUG] [calypso-direct] [DATA_IN] AWS=5.2kt AWA=299° Batt=100% Temp=0°C
[2026-06-06T10:21:10.178] [WARNING] [calypso-direct] [TIMING] Large gap: 391ms (expected ~125ms at 8Hz) AWS=5.2kt
[2026-06-06T10:21:10.179] [DEBUG] [calypso-direct] [DATA_IN] AWS=5.2kt AWA=299° Batt=100% Temp=0°C
[2026-06-06T10:21:10.376] [DEBUG] [calypso-direct] [DATA_IN] AWS=5.2kt AWA=299° Batt=100% Temp=0°C
[2026-06-06T10:21:10.569] [DEBUG] [calypso-direct] [DATA_IN] AWS=5.2kt AWA=298° Batt=100% Temp=0°C
[2026-06-06T10:21:10.764] [DEBUG] [calypso-direct] [DATA_IN] AWS=5.2kt AWA=297° Batt=100% Temp=0°C
[2026-06-06T10:21:11.152] [WARNING] [calypso-direct] [TIMING] Large gap: 388ms (expected ~125ms at 8Hz) AWS=5.2kt
[2026-06-06T10:21:11.153] [DEBUG] [calypso-direct] [DATA_IN] AWS=5.2kt AWA=297° Batt=100% Temp=0°C
[2026-06-06T10:21:11.542] [WARNING] [calypso-direct] [TIMING] Large gap: 390ms (expected ~125ms at 8Hz) AWS=5.2kt
[2026-06-06T10:21:11.543] [DEBUG] [calypso-direct] [DATA_IN] AWS=5.2kt AWA=297° Batt=100% Temp=0°C
[2026-06-06T10:21:11.737] [DEBUG] [calypso-direct] [DATA_IN] AWS=5.2kt AWA=299° Batt=100% Temp=0°C
[2026-06-06T10:21:11.738] [DEBUG] [calypso-direct] [DATA_IN] AWS=5.2kt AWA=299° Batt=100% Temp=0°C
[2026-06-06T10:21:12.127] [WARNING] [calypso-direct] [TIMING] Large gap: 389ms (expected ~125ms at 8Hz) AWS=5.2kt
[2026-06-06T10:21:12.127] [DEBUG] [calypso-direct] [DATA_IN] AWS=5.2kt AWA=299° Batt=100% Temp=0°C
[2026-06-06T10:21:12.517] [WARNING] [calypso-direct] [TIMING] Large gap: 390ms (expected ~125ms at 8Hz) AWS=5.2kt
[2026-06-06T10:21:12.517] [DEBUG] [calypso-direct] [DATA_IN] AWS=5.2kt AWA=297° Batt=100% Temp=0°C
[2026-06-06T10:21:12.518] [DEBUG] [calypso-direct] [DATA_IN] AWS=5.2kt AWA=297° Batt=100% Temp=0°C
[2026-06-06T10:21:13.102] [WARNING] [calypso-direct] [TIMING] Large gap: 584ms (expected ~125ms at 8Hz) AWS=5.2kt
[2026-06-06T10:21:13.102] [DEBUG] [calypso-direct] [DATA_IN] AWS=5.2kt AWA=297° Batt=100% Temp=0°C
[2026-06-06T10:21:13.104] [DEBUG] [calypso-direct] [DATA_IN] AWS=5.1kt AWA=298° Batt=100% Temp=0°C
[2026-06-06T10:21:13.297] [DEBUG] [calypso-direct] [DATA_IN] AWS=5.1kt AWA=298° Batt=100% Temp=0°C
[2026-06-06T10:21:13.492] [DEBUG] [calypso-direct] [DATA_IN] AWS=4.9kt AWA=298° Batt=100% Temp=0°C
[2026-06-06T10:21:14.467] [WARNING] [calypso-direct] [TIMING] Large gap: 975ms (expected ~125ms at 8Hz) AWS=4.9kt
[2026-06-06T10:21:14.467] [DEBUG] [calypso-direct] [DATA_IN] AWS=4.9kt AWA=298° Batt=100% Temp=0°C
[2026-06-06T10:21:14.469] [DEBUG] [calypso-direct] [DATA_IN] AWS=4.9kt AWA=298° Batt=100% Temp=0°C
[2026-06-06T10:21:14.471] [DEBUG] [calypso-direct] [DATA_IN] AWS=5.1kt AWA=298° Batt=100% Temp=0°C
[2026-06-06T10:21:14.662] [DEBUG] [calypso-direct] [DATA_IN] AWS=5.1kt AWA=298° Batt=100% Temp=0°C
[2026-06-06T10:21:15.052] [WARNING] [calypso-direct] [TIMING] Large gap: 390ms (expected ~125ms at 8Hz) AWS=5.1kt
[2026-06-06T10:21:15.053] [DEBUG] [calypso-direct] [DATA_IN] AWS=5.1kt AWA=298° Batt=100% Temp=0°C
[2026-06-06T10:21:15.054] [DEBUG] [calypso-direct] [DATA_IN] AWS=5.1kt AWA=298° Batt=100% Temp=0°C
[2026-06-06T10:21:15.442] [WARNING] [calypso-direct] [TIMING] Large gap: 388ms (expected ~125ms at 8Hz) AWS=4.9kt
[2026-06-06T10:21:15.442] [DEBUG] [calypso-direct] [DATA_IN] AWS=4.9kt AWA=301° Batt=100% Temp=0°C
[2026-06-06T10:21:15.833] [WARNING] [calypso-direct] [TIMING] Large gap: 391ms (expected ~125ms at 8Hz) AWS=4.7kt
[2026-06-06T10:21:15.833] [DEBUG] [calypso-direct] [DATA_IN] AWS=4.7kt AWA=301° Batt=100% Temp=0°C
[2026-06-06T10:21:16.028] [DEBUG] [calypso-direct] [DATA_IN] AWS=4.7kt AWA=301° Batt=100% Temp=0°C
[2026-06-06T10:21:16.031] [DEBUG] [calypso-direct] [DATA_IN] AWS=4.7kt AWA=301° Batt=100% Temp=0°C
[2026-06-06T10:21:16.418] [WARNING] [calypso-direct] [TIMING] Large gap: 387ms (expected ~125ms at 8Hz) AWS=4.7kt
[2026-06-06T10:21:16.419] [DEBUG] [calypso-direct] [DATA_IN] AWS=4.7kt AWA=301° Batt=100% Temp=0°C
[2026-06-06T10:21:16.614] [DEBUG] [calypso-direct] [DATA_IN] AWS=4.7kt AWA=298° Batt=100% Temp=0°C
[2026-06-06T10:21:16.808] [DEBUG] [calypso-direct] [DATA_IN] AWS=4.7kt AWA=298° Batt=100% Temp=0°C
[2026-06-06T10:21:17.006] [DEBUG] [calypso-direct] [DATA_IN] AWS=4.7kt AWA=297° Batt=100% Temp=0°C
[2026-06-06T10:21:17.391] [WARNING] [calypso-direct] [TIMING] Large gap: 385ms (expected ~125ms at 8Hz) AWS=4.7kt
[2026-06-06T10:21:17.392] [DEBUG] [calypso-direct] [DATA_IN] AWS=4.7kt AWA=297° Batt=100% Temp=0°C
[2026-06-06T10:21:17.587] [DEBUG] [calypso-direct] [DATA_IN] AWS=4.9kt AWA=297° Batt=100% Temp=0°C
[2026-06-06T10:21:17.782] [DEBUG] [calypso-direct] [DATA_IN] AWS=4.9kt AWA=297° Batt=100% Temp=0°C
[2026-06-06T10:21:17.977] [DEBUG] [calypso-direct] [DATA_IN] AWS=4.9kt AWA=297° Batt=100% Temp=0°C
[2026-06-06T10:21:18.367] [WARNING] [calypso-direct] [TIMING] Large gap: 391ms (expected ~125ms at 8Hz) AWS=4.9kt
[2026-06-06T10:21:18.368] [DEBUG] [calypso-direct] [DATA_IN] AWS=4.9kt AWA=297° Batt=100% Temp=0°C
[2026-06-06T10:21:18.951] [WARNING] [calypso-direct] [TIMING] Large gap: 584ms (expected ~125ms at 8Hz) AWS=4.9kt
[2026-06-06T10:21:18.952] [DEBUG] [calypso-direct] [DATA_IN] AWS=4.9kt AWA=296° Batt=100% Temp=0°C
[2026-06-06T10:21:18.954] [DEBUG] [calypso-direct] [DATA_IN] AWS=4.9kt AWA=296° Batt=100% Temp=0°C
[2026-06-06T10:21:19.148] [DEBUG] [calypso-direct] [DATA_IN] AWS=5.1kt AWA=296° Batt=100% Temp=0°C
[2026-06-06T10:21:19.342] [DEBUG] [calypso-direct] [DATA_IN] AWS=5.1kt AWA=297° Batt=100% Temp=0°C
[2026-06-06T10:21:19.732] [WARNING] [calypso-direct] [TIMING] Large gap: 390ms (expected ~125ms at 8Hz) AWS=5.1kt
[2026-06-06T10:21:19.733] [DEBUG] [calypso-direct] [DATA_IN] AWS=5.1kt AWA=297° Batt=100% Temp=0°C
[2026-06-06T10:21:19.733] [DEBUG] [calypso-direct] [DATA_IN] AWS=4.9kt AWA=297° Batt=100% Temp=0°C
[2026-06-06T10:21:20.317] [WARNING] [calypso-direct] [TIMING] Large gap: 584ms (expected ~125ms at 8Hz) AWS=4.5kt
[2026-06-06T10:21:20.317] [DEBUG] [calypso-direct] [DATA_IN] AWS=4.5kt AWA=297° Batt=100% Temp=0°C
[2026-06-06T10:21:20.318] [DEBUG] [calypso-direct] [DATA_IN] AWS=4.5kt AWA=297° Batt=100% Temp=0°C
[2026-06-06T10:21:20.512] [DEBUG] [calypso-direct] [DATA_IN] AWS=4.5kt AWA=297° Batt=100% Temp=0°C
[2026-06-06T10:21:20.902] [WARNING] [calypso-direct] [TIMING] Large gap: 390ms (expected ~125ms at 8Hz) AWS=4.7kt
[2026-06-06T10:21:20.902] [DEBUG] [calypso-direct] [DATA_IN] AWS=4.7kt AWA=297° Batt=100% Temp=0°C
[2026-06-06T10:21:21.097] [DEBUG] [calypso-direct] [DATA_IN] AWS=4.7kt AWA=297° Batt=100% Temp=0°C
[2026-06-06T10:21:21.292] [DEBUG] [calypso-direct] [DATA_IN] AWS=4.7kt AWA=297° Batt=100% Temp=0°C
[2026-06-06T10:21:21.682] [WARNING] [calypso-direct] [TIMING] Large gap: 390ms (expected ~125ms at 8Hz) AWS=4.5kt
[2026-06-06T10:21:21.682] [DEBUG] [calypso-direct] [DATA_IN] AWS=4.5kt AWA=297° Batt=100% Temp=0°C
[2026-06-06T10:21:21.876] [DEBUG] [calypso-direct] [DATA_IN] AWS=4.5kt AWA=297° Batt=100% Temp=0°C
[2026-06-06T10:21:22.072] [DEBUG] [calypso-direct] [DATA_IN] AWS=4.5kt AWA=297° Batt=100% Temp=0°C
[2026-06-06T10:21:22.269] [DEBUG] [calypso-direct] [DATA_IN] AWS=4.3kt AWA=296° Batt=100% Temp=0°C
[2026-06-06T10:21:22.657] [WARNING] [calypso-direct] [TIMING] Large gap: 388ms (expected ~125ms at 8Hz) AWS=4.1kt
[2026-06-06T10:21:22.658] [DEBUG] [calypso-direct] [DATA_IN] AWS=4.1kt AWA=295° Batt=100% Temp=0°C
[2026-06-06T10:21:23.242] [WARNING] [calypso-direct] [TIMING] Large gap: 585ms (expected ~125ms at 8Hz) AWS=4.1kt
[2026-06-06T10:21:23.242] [DEBUG] [calypso-direct] [DATA_IN] AWS=4.1kt AWA=296° Batt=100% Temp=0°C
[2026-06-06T10:21:23.243] [DEBUG] [calypso-direct] [DATA_IN] AWS=4.1kt AWA=296° Batt=100% Temp=0°C
[2026-06-06T10:21:23.246] [DEBUG] [calypso-direct] [DATA_IN] AWS=4.3kt AWA=296° Batt=100% Temp=0°C
[2026-06-06T10:21:23.632] [WARNING] [calypso-direct] [TIMING] Large gap: 386ms (expected ~125ms at 8Hz) AWS=4.3kt
[2026-06-06T10:21:23.632] [DEBUG] [calypso-direct] [DATA_IN] AWS=4.3kt AWA=297° Batt=100% Temp=0°C
[2026-06-06T10:21:24.022] [WARNING] [calypso-direct] [TIMING] Large gap: 390ms (expected ~125ms at 8Hz) AWS=4.5kt
[2026-06-06T10:21:24.022] [DEBUG] [calypso-direct] [DATA_IN] AWS=4.5kt AWA=297° Batt=100% Temp=0°C
[2026-06-06T10:21:24.023] [DEBUG] [calypso-direct] [DATA_IN] AWS=4.3kt AWA=298° Batt=100% Temp=0°C
[2026-06-06T10:21:24.802] [WARNING] [calypso-direct] [TIMING] Large gap: 779ms (expected ~125ms at 8Hz) AWS=4.3kt
[2026-06-06T10:21:24.802] [DEBUG] [calypso-direct] [DATA_IN] AWS=4.3kt AWA=298° Batt=100% Temp=0°C
[2026-06-06T10:21:24.803] [DEBUG] [calypso-direct] [DATA_IN] AWS=4.3kt AWA=298° Batt=100% Temp=0°C
[2026-06-06T10:21:24.806] [DEBUG] [calypso-direct] [DATA_IN] AWS=4.3kt AWA=298° Batt=100% Temp=0°C
[2026-06-06T10:21:24.997] [DEBUG] [calypso-direct] [DATA_IN] AWS=4.3kt AWA=298° Batt=100% Temp=0°C
[2026-06-06T10:21:25.389] [WARNING] [calypso-direct] [TIMING] Large gap: 392ms (expected ~125ms at 8Hz) AWS=4.3kt
[2026-06-06T10:21:25.389] [DEBUG] [calypso-direct] [DATA_IN] AWS=4.3kt AWA=298° Batt=100% Temp=0°C
[2026-06-06T10:21:25.581] [DEBUG] [calypso-direct] [DATA_IN] AWS=4.3kt AWA=298° Batt=100% Temp=0°C
[2026-06-06T10:21:25.971] [WARNING] [calypso-direct] [TIMING] Large gap: 390ms (expected ~125ms at 8Hz) AWS=4.3kt
[2026-06-06T10:21:25.972] [DEBUG] [calypso-direct] [DATA_IN] AWS=4.3kt AWA=298° Batt=100% Temp=0°C
[2026-06-06T10:21:26.166] [DEBUG] [calypso-direct] [DATA_IN] AWS=4.3kt AWA=299° Batt=100% Temp=0°C
[2026-06-06T10:21:26.362] [DEBUG] [calypso-direct] [DATA_IN] AWS=4.3kt AWA=299° Batt=100% Temp=0°C
[2026-06-06T10:21:26.556] [DEBUG] [calypso-direct] [DATA_IN] AWS=4.5kt AWA=297° Batt=100% Temp=0°C
[2026-06-06T10:21:26.751] [DEBUG] [calypso-direct] [DATA_IN] AWS=4.5kt AWA=297° Batt=100% Temp=0°C
[2026-06-06T10:21:27.536] [WARNING] [calypso-direct] [TIMING] Large gap: 784ms (expected ~125ms at 8Hz) AWS=4.5kt
[2026-06-06T10:21:27.537] [DEBUG] [calypso-direct] [DATA_IN] AWS=4.5kt AWA=297° Batt=100% Temp=0°C
[2026-06-06T10:21:27.541] [DEBUG] [calypso-direct] [DATA_IN] AWS=4.5kt AWA=297° Batt=100% Temp=0°C
[2026-06-06T10:21:27.546] [DEBUG] [calypso-direct] [DATA_IN] AWS=4.5kt AWA=297° Batt=100% Temp=0°C
[2026-06-06T10:21:27.727] [DEBUG] [calypso-direct] [DATA_IN] AWS=4.3kt AWA=298° Batt=100% Temp=0°C
[2026-06-06T10:21:28.116] [WARNING] [calypso-direct] [TIMING] Large gap: 390ms (expected ~125ms at 8Hz) AWS=4.3kt
[2026-06-06T10:21:28.117] [DEBUG] [calypso-direct] [DATA_IN] AWS=4.3kt AWA=298° Batt=100% Temp=0°C
[2026-06-06T10:21:28.311] [DEBUG] [calypso-direct] [DATA_IN] AWS=4.3kt AWA=299° Batt=100% Temp=0°C
[2026-06-06T10:21:28.507] [DEBUG] [calypso-direct] [DATA_IN] AWS=4.3kt AWA=299° Batt=100% Temp=0°C
[2026-06-06T10:21:29.093] [WARNING] [calypso-direct] [TIMING] Large gap: 586ms (expected ~125ms at 8Hz) AWS=4.3kt
[2026-06-06T10:21:29.094] [DEBUG] [calypso-direct] [DATA_IN] AWS=4.3kt AWA=299° Batt=100% Temp=0°C
[2026-06-06T10:21:29.095] [DEBUG] [calypso-direct] [DATA_IN] AWS=4.3kt AWA=299° Batt=100% Temp=0°C
[2026-06-06T10:21:29.286] [DEBUG] [calypso-direct] [DATA_IN] AWS=4.3kt AWA=299° Batt=100% Temp=0°C
[2026-06-06T10:21:29.482] [DEBUG] [calypso-direct] [DATA_IN] AWS=4.5kt AWA=299° Batt=100% Temp=0°C
[2026-06-06T10:21:29.872] [WARNING] [calypso-direct] [TIMING] Large gap: 391ms (expected ~125ms at 8Hz) AWS=4.5kt
[2026-06-06T10:21:29.873] [DEBUG] [calypso-direct] [DATA_IN] AWS=4.5kt AWA=299° Batt=100% Temp=0°C
[2026-06-06T10:21:30.652] [WARNING] [calypso-direct] [TIMING] Large gap: 780ms (expected ~125ms at 8Hz) AWS=4.7kt
[2026-06-06T10:21:30.652] [DEBUG] [calypso-direct] [DATA_IN] AWS=4.7kt AWA=299° Batt=100% Temp=0°C
[2026-06-06T10:21:30.654] [DEBUG] [calypso-direct] [DATA_IN] AWS=4.7kt AWA=300° Batt=100% Temp=0°C
[2026-06-06T10:21:30.655] [DEBUG] [calypso-direct] [DATA_IN] AWS=4.7kt AWA=301° Batt=100% Temp=0°C
[2026-06-06T10:21:30.846] [DEBUG] [calypso-direct] [DATA_IN] AWS=4.5kt AWA=303° Batt=100% Temp=0°C
[2026-06-06T10:21:31.041] [DEBUG] [calypso-direct] [DATA_IN] AWS=4.5kt AWA=303° Batt=100% Temp=0°C
[2026-06-06T10:21:31.236] [DEBUG] [calypso-direct] [DATA_IN] AWS=4.5kt AWA=304° Batt=100% Temp=0°C
[2026-06-06T10:21:31.822] [WARNING] [calypso-direct] [TIMING] Large gap: 585ms (expected ~125ms at 8Hz) AWS=4.3kt
[2026-06-06T10:21:31.822] [DEBUG] [calypso-direct] [DATA_IN] AWS=4.3kt AWA=308° Batt=100% Temp=0°C
[2026-06-06T10:21:32.017] [DEBUG] [calypso-direct] [DATA_IN] AWS=4.5kt AWA=309° Batt=100% Temp=0°C
[2026-06-06T10:21:32.018] [DEBUG] [calypso-direct] [DATA_IN] AWS=4.5kt AWA=309° Batt=100% Temp=0°C
[2026-06-06T10:21:32.407] [WARNING] [calypso-direct] [TIMING] Large gap: 389ms (expected ~125ms at 8Hz) AWS=4.3kt
[2026-06-06T10:21:32.407] [DEBUG] [calypso-direct] [DATA_IN] AWS=4.3kt AWA=309° Batt=100% Temp=0°C
[2026-06-06T10:21:32.604] [DEBUG] [calypso-direct] [DATA_IN] AWS=4.3kt AWA=308° Batt=100% Temp=0°C
[2026-06-06T10:21:32.798] [DEBUG] [calypso-direct] [DATA_IN] AWS=4.3kt AWA=306° Batt=100% Temp=0°C
[2026-06-06T10:21:33.382] [WARNING] [calypso-direct] [TIMING] Large gap: 585ms (expected ~125ms at 8Hz) AWS=4.3kt
[2026-06-06T10:21:33.383] [DEBUG] [calypso-direct] [DATA_IN] AWS=4.3kt AWA=306° Batt=100% Temp=0°C
[2026-06-06T10:21:33.387] [DEBUG] [calypso-direct] [DATA_IN] AWS=4.3kt AWA=306° Batt=100% Temp=0°C
[2026-06-06T10:21:33.580] [DEBUG] [calypso-direct] [DATA_IN] AWS=4.3kt AWA=308° Batt=100% Temp=0°C
[2026-06-06T10:21:33.773] [DEBUG] [calypso-direct] [DATA_IN] AWS=4.3kt AWA=308° Batt=100% Temp=0°C
[2026-06-06T10:21:34.164] [WARNING] [calypso-direct] [TIMING] Large gap: 391ms (expected ~125ms at 8Hz) AWS=3.9kt
[2026-06-06T10:21:34.166] [DEBUG] [calypso-direct] [DATA_IN] AWS=3.9kt AWA=310° Batt=100% Temp=0°C
[2026-06-06T10:21:34.553] [WARNING] [calypso-direct] [TIMING] Large gap: 389ms (expected ~125ms at 8Hz) AWS=3.9kt
[2026-06-06T10:21:34.553] [DEBUG] [calypso-direct] [DATA_IN] AWS=3.9kt AWA=310° Batt=100% Temp=0°C
[2026-06-06T10:21:34.556] [DEBUG] [calypso-direct] [DATA_IN] AWS=3.9kt AWA=310° Batt=100% Temp=0°C
[2026-06-06T10:21:34.943] [WARNING] [calypso-direct] [TIMING] Large gap: 387ms (expected ~125ms at 8Hz) AWS=3.9kt
[2026-06-06T10:21:34.944] [DEBUG] [calypso-direct] [DATA_IN] AWS=3.9kt AWA=310° Batt=100% Temp=0°C
[2026-06-06T10:21:35.136] [DEBUG] [calypso-direct] [DATA_IN] AWS=3.9kt AWA=311° Batt=100% Temp=0°C
[2026-06-06T10:21:35.331] [DEBUG] [calypso-direct] [DATA_IN] AWS=3.9kt AWA=312° Batt=100% Temp=0°C
[2026-06-06T10:21:35.527] [DEBUG] [calypso-direct] [DATA_IN] AWS=4.3kt AWA=312° Batt=100% Temp=0°C
[2026-06-06T10:21:36.111] [WARNING] [calypso-direct] [TIMING] Large gap: 585ms (expected ~125ms at 8Hz) AWS=4.3kt
[2026-06-06T10:21:36.112] [DEBUG] [calypso-direct] [DATA_IN] AWS=4.3kt AWA=311° Batt=100% Temp=0°C
[2026-06-06T10:21:36.114] [DEBUG] [calypso-direct] [DATA_IN] AWS=4.3kt AWA=311° Batt=100% Temp=0°C
[2026-06-06T10:21:36.306] [DEBUG] [calypso-direct] [DATA_IN] AWS=4.5kt AWA=309° Batt=100% Temp=0°C
[2026-06-06T10:21:36.501] [DEBUG] [calypso-direct] [DATA_IN] AWS=4.5kt AWA=304° Batt=100% Temp=0°C
[2026-06-06T10:21:37.086] [WARNING] [calypso-direct] [TIMING] Large gap: 585ms (expected ~125ms at 8Hz) AWS=4.5kt
[2026-06-06T10:21:37.087] [DEBUG] [calypso-direct] [DATA_IN] AWS=4.5kt AWA=302° Batt=100% Temp=0°C
[2026-06-06T10:21:37.089] [DEBUG] [calypso-direct] [DATA_IN] AWS=4.5kt AWA=301° Batt=100% Temp=0°C
[2026-06-06T10:21:37.671] [WARNING] [calypso-direct] [TIMING] Large gap: 582ms (expected ~125ms at 8Hz) AWS=4.7kt
[2026-06-06T10:21:37.672] [DEBUG] [calypso-direct] [DATA_IN] AWS=4.7kt AWA=301° Batt=100% Temp=0°C
[2026-06-06T10:21:37.672] [DEBUG] [calypso-direct] [DATA_IN] AWS=4.5kt AWA=301° Batt=100% Temp=0°C
[2026-06-06T10:21:37.866] [DEBUG] [calypso-direct] [DATA_IN] AWS=4.5kt AWA=301° Batt=100% Temp=0°C
[2026-06-06T10:21:38.062] [DEBUG] [calypso-direct] [DATA_IN] AWS=4.5kt AWA=301° Batt=100% Temp=0°C
[2026-06-06T10:21:38.257] [DEBUG] [calypso-direct] [DATA_IN] AWS=4.5kt AWA=302° Batt=100% Temp=0°C
[2026-06-06T10:21:39.037] [WARNING] [calypso-direct] [TIMING] Large gap: 781ms (expected ~125ms at 8Hz) AWS=4.5kt
[2026-06-06T10:21:39.039] [DEBUG] [calypso-direct] [DATA_IN] AWS=4.5kt AWA=302° Batt=100% Temp=0°C
[2026-06-06T10:21:39.040] [DEBUG] [calypso-direct] [DATA_IN] AWS=4.5kt AWA=301° Batt=100% Temp=0°C
[2026-06-06T10:21:39.041] [DEBUG] [calypso-direct] [DATA_IN] AWS=4.7kt AWA=303° Batt=100% Temp=0°C
[2026-06-06T10:21:39.232] [DEBUG] [calypso-direct] [DATA_IN] AWS=4.7kt AWA=303° Batt=100% Temp=0°C
[2026-06-06T10:21:39.622] [WARNING] [calypso-direct] [TIMING] Large gap: 390ms (expected ~125ms at 8Hz) AWS=4.7kt
[2026-06-06T10:21:39.622] [DEBUG] [calypso-direct] [DATA_IN] AWS=4.7kt AWA=304° Batt=100% Temp=0°C
[2026-06-06T10:21:40.013] [WARNING] [calypso-direct] [TIMING] Large gap: 391ms (expected ~125ms at 8Hz) AWS=4.7kt
[2026-06-06T10:21:40.016] [DEBUG] [calypso-direct] [DATA_IN] AWS=4.7kt AWA=304° Batt=100% Temp=0°C
[2026-06-06T10:21:40.018] [DEBUG] [calypso-direct] [DATA_IN] AWS=4.7kt AWA=304° Batt=100% Temp=0°C
[2026-06-06T10:21:40.598] [WARNING] [calypso-direct] [TIMING] Large gap: 579ms (expected ~125ms at 8Hz) AWS=4.7kt
[2026-06-06T10:21:40.599] [DEBUG] [calypso-direct] [DATA_IN] AWS=4.7kt AWA=303° Batt=100% Temp=0°C
[2026-06-06T10:21:40.600] [DEBUG] [calypso-direct] [DATA_IN] AWS=4.7kt AWA=304° Batt=100% Temp=0°C
[2026-06-06T10:21:40.988] [WARNING] [calypso-direct] [TIMING] Large gap: 387ms (expected ~125ms at 8Hz) AWS=4.7kt
[2026-06-06T10:21:40.988] [DEBUG] [calypso-direct] [DATA_IN] AWS=4.7kt AWA=304° Batt=100% Temp=0°C
[2026-06-06T10:21:40.992] [DEBUG] [calypso-direct] [DATA_IN] AWS=4.7kt AWA=304° Batt=100% Temp=0°C
[2026-06-06T10:21:41.376] [WARNING] [calypso-direct] [TIMING] Large gap: 385ms (expected ~125ms at 8Hz) AWS=4.7kt
[2026-06-06T10:21:41.378] [DEBUG] [calypso-direct] [DATA_IN] AWS=4.7kt AWA=305° Batt=100% Temp=0°C
[2026-06-06T10:21:41.961] [WARNING] [calypso-direct] [TIMING] Large gap: 585ms (expected ~125ms at 8Hz) AWS=4.7kt
[2026-06-06T10:21:41.962] [DEBUG] [calypso-direct] [DATA_IN] AWS=4.7kt AWA=307° Batt=100% Temp=0°C
[2026-06-06T10:21:41.963] [DEBUG] [calypso-direct] [DATA_IN] AWS=4.7kt AWA=307° Batt=100% Temp=0°C
[2026-06-06T10:21:42.156] [DEBUG] [calypso-direct] [DATA_IN] AWS=4.5kt AWA=306° Batt=100% Temp=0°C
[2026-06-06T10:21:42.355] [DEBUG] [calypso-direct] [DATA_IN] AWS=4.3kt AWA=307° Batt=100% Temp=0°C
[2026-06-06T10:21:42.547] [DEBUG] [calypso-direct] [DATA_IN] AWS=4.3kt AWA=307° Batt=100% Temp=0°C
[2026-06-06T10:21:42.742] [DEBUG] [calypso-direct] [DATA_IN] AWS=4.1kt AWA=307° Batt=100% Temp=0°C
[2026-06-06T10:21:43.327] [WARNING] [calypso-direct] [TIMING] Large gap: 585ms (expected ~125ms at 8Hz) AWS=4.1kt
[2026-06-06T10:21:43.327] [DEBUG] [calypso-direct] [DATA_IN] AWS=4.1kt AWA=307° Batt=100% Temp=0°C
[2026-06-06T10:21:43.329] [DEBUG] [calypso-direct] [DATA_IN] AWS=4.1kt AWA=307° Batt=100% Temp=0°C
[2026-06-06T10:21:43.522] [DEBUG] [calypso-direct] [DATA_IN] AWS=4.1kt AWA=306° Batt=100% Temp=0°C
[2026-06-06T10:21:43.912] [WARNING] [calypso-direct] [TIMING] Large gap: 390ms (expected ~125ms at 8Hz) AWS=4.1kt
[2026-06-06T10:21:43.912] [DEBUG] [calypso-direct] [DATA_IN] AWS=4.1kt AWA=306° Batt=100% Temp=0°C
[2026-06-06T10:21:44.302] [WARNING] [calypso-direct] [TIMING] Large gap: 390ms (expected ~125ms at 8Hz) AWS=4.1kt
[2026-06-06T10:21:44.302] [DEBUG] [calypso-direct] [DATA_IN] AWS=4.1kt AWA=304° Batt=100% Temp=0°C
[2026-06-06T10:21:44.303] [DEBUG] [calypso-direct] [DATA_IN] AWS=4.1kt AWA=304° Batt=100% Temp=0°C
[2026-06-06T10:21:44.886] [WARNING] [calypso-direct] [TIMING] Large gap: 583ms (expected ~125ms at 8Hz) AWS=4.1kt
[2026-06-06T10:21:44.887] [DEBUG] [calypso-direct] [DATA_IN] AWS=4.1kt AWA=304° Batt=100% Temp=0°C
[2026-06-06T10:21:44.888] [DEBUG] [calypso-direct] [DATA_IN] AWS=4.1kt AWA=304° Batt=100% Temp=0°C
[2026-06-06T10:21:45.081] [DEBUG] [calypso-direct] [DATA_IN] AWS=4.1kt AWA=304° Batt=100% Temp=0°C
[2026-06-06T10:21:45.276] [DEBUG] [calypso-direct] [DATA_IN] AWS=4.1kt AWA=304° Batt=100% Temp=0°C
[2026-06-06T10:21:45.666] [WARNING] [calypso-direct] [TIMING] Large gap: 390ms (expected ~125ms at 8Hz) AWS=4.1kt
[2026-06-06T10:21:45.667] [INFO] [calypso-direct] [RATE_1MIN] 241 pkts/min (expected 480 at 8Hz) max_gap=975ms gaps_>250ms=84
[2026-06-06T10:21:45.667] [DEBUG] [calypso-direct] [DATA_IN] AWS=4.1kt AWA=304° Batt=100% Temp=0°C
[2026-06-06T10:21:45.862] [DEBUG] [calypso-direct] [DATA_IN] AWS=4.1kt AWA=304° Batt=100% Temp=0°C
[2026-06-06T10:21:46.252] [WARNING] [calypso-direct] [TIMING] Large gap: 390ms (expected ~125ms at 8Hz) AWS=4.1kt
[2026-06-06T10:21:46.252] [DEBUG] [calypso-direct] [DATA_IN] AWS=4.1kt AWA=305° Batt=100% Temp=0°C
[2026-06-06T10:21:46.253] [DEBUG] [calypso-direct] [DATA_IN] AWS=4.1kt AWA=305° Batt=100% Temp=0°C
[2026-06-06T10:21:46.642] [WARNING] [calypso-direct] [TIMING] Large gap: 389ms (expected ~125ms at 8Hz) AWS=4.1kt
[2026-06-06T10:21:46.642] [DEBUG] [calypso-direct] [DATA_IN] AWS=4.1kt AWA=304° Batt=100% Temp=0°C
[2026-06-06T10:21:46.838] [DEBUG] [calypso-direct] [DATA_IN] AWS=4.1kt AWA=303° Batt=100% Temp=0°C
[2026-06-06T10:21:47.032] [DEBUG] [calypso-direct] [DATA_IN] AWS=4.3kt AWA=303° Batt=100% Temp=0°C
[2026-06-06T10:21:47.228] [DEBUG] [calypso-direct] [DATA_IN] AWS=4.3kt AWA=303° Batt=100% Temp=0°C
[2026-06-06T10:21:47.618] [WARNING] [calypso-direct] [TIMING] Large gap: 390ms (expected ~125ms at 8Hz) AWS=4.3kt
[2026-06-06T10:21:47.618] [DEBUG] [calypso-direct] [DATA_IN] AWS=4.3kt AWA=303° Batt=100% Temp=0°C
[2026-06-06T10:21:47.811] [DEBUG] [calypso-direct] [DATA_IN] AWS=4.3kt AWA=305° Batt=100% Temp=0°C
[2026-06-06T10:21:48.006] [DEBUG] [calypso-direct] [DATA_IN] AWS=4.3kt AWA=305° Batt=100% Temp=0°C
[2026-06-06T10:21:48.597] [WARNING] [calypso-direct] [TIMING] Large gap: 591ms (expected ~125ms at 8Hz) AWS=4.3kt
[2026-06-06T10:21:48.598] [DEBUG] [calypso-direct] [DATA_IN] AWS=4.3kt AWA=305° Batt=100% Temp=0°C
[2026-06-06T10:21:48.599] [DEBUG] [calypso-direct] [DATA_IN] AWS=4.5kt AWA=305° Batt=100% Temp=0°C
[2026-06-06T10:21:49.176] [WARNING] [calypso-direct] [TIMING] Large gap: 577ms (expected ~125ms at 8Hz) AWS=4.5kt
[2026-06-06T10:21:49.176] [DEBUG] [calypso-direct] [DATA_IN] AWS=4.5kt AWA=305° Batt=100% Temp=0°C
[2026-06-06T10:21:49.178] [DEBUG] [calypso-direct] [DATA_IN] AWS=4.5kt AWA=304° Batt=100% Temp=0°C
[2026-06-06T10:21:49.371] [DEBUG] [calypso-direct] [DATA_IN] AWS=4.5kt AWA=304° Batt=100% Temp=0°C
[2026-06-06T10:21:49.566] [DEBUG] [calypso-direct] [DATA_IN] AWS=4.5kt AWA=303° Batt=100% Temp=0°C
[2026-06-06T10:21:49.762] [DEBUG] [calypso-direct] [DATA_IN] AWS=4.5kt AWA=304° Batt=100% Temp=0°C
[2026-06-06T10:21:50.151] [WARNING] [calypso-direct] [TIMING] Large gap: 389ms (expected ~125ms at 8Hz) AWS=4.5kt
[2026-06-06T10:21:50.152] [DEBUG] [calypso-direct] [DATA_IN] AWS=4.5kt AWA=304° Batt=100% Temp=0°C
[2026-06-06T10:21:50.541] [WARNING] [calypso-direct] [TIMING] Large gap: 390ms (expected ~125ms at 8Hz) AWS=4.5kt
[2026-06-06T10:21:50.542] [DEBUG] [calypso-direct] [DATA_IN] AWS=4.5kt AWA=307° Batt=100% Temp=0°C
[2026-06-06T10:21:50.544] [DEBUG] [calypso-direct] [DATA_IN] AWS=4.5kt AWA=308° Batt=100% Temp=0°C
[2026-06-06T10:21:50.736] [DEBUG] [calypso-direct] [DATA_IN] AWS=4.5kt AWA=308° Batt=100% Temp=0°C
[2026-06-06T10:21:51.126] [WARNING] [calypso-direct] [TIMING] Large gap: 390ms (expected ~125ms at 8Hz) AWS=4.5kt
[2026-06-06T10:21:51.127] [DEBUG] [calypso-direct] [DATA_IN] AWS=4.5kt AWA=308° Batt=100% Temp=0°C
[2026-06-06T10:21:51.321] [DEBUG] [calypso-direct] [DATA_IN] AWS=4.7kt AWA=308° Batt=100% Temp=0°C
[2026-06-06T10:21:51.516] [DEBUG] [calypso-direct] [DATA_IN] AWS=4.7kt AWA=309° Batt=100% Temp=0°C
[2026-06-06T10:21:51.906] [WARNING] [calypso-direct] [TIMING] Large gap: 390ms (expected ~125ms at 8Hz) AWS=4.7kt
[2026-06-06T10:21:51.908] [DEBUG] [calypso-direct] [DATA_IN] AWS=4.7kt AWA=309° Batt=100% Temp=0°C
[2026-06-06T10:21:52.101] [DEBUG] [calypso-direct] [DATA_IN] AWS=4.9kt AWA=309° Batt=100% Temp=0°C
[2026-06-06T10:21:52.296] [DEBUG] [calypso-direct] [DATA_IN] AWS=4.9kt AWA=310° Batt=100% Temp=0°C
[2026-06-06T10:21:52.491] [DEBUG] [calypso-direct] [DATA_IN] AWS=4.9kt AWA=311° Batt=100% Temp=0°C
[2026-06-06T10:21:52.883] [WARNING] [calypso-direct] [TIMING] Large gap: 391ms (expected ~125ms at 8Hz) AWS=4.9kt
[2026-06-06T10:21:52.883] [DEBUG] [calypso-direct] [DATA_IN] AWS=4.9kt AWA=312° Batt=100% Temp=0°C
[2026-06-06T10:21:53.468] [WARNING] [calypso-direct] [TIMING] Large gap: 585ms (expected ~125ms at 8Hz) AWS=4.9kt
[2026-06-06T10:21:53.468] [DEBUG] [calypso-direct] [DATA_IN] AWS=4.9kt AWA=312° Batt=100% Temp=0°C
[2026-06-06T10:21:53.472] [DEBUG] [calypso-direct] [DATA_IN] AWS=4.9kt AWA=312° Batt=100% Temp=0°C
[2026-06-06T10:21:53.664] [DEBUG] [calypso-direct] [DATA_IN] AWS=4.9kt AWA=311° Batt=100% Temp=0°C
[2026-06-06T10:21:53.858] [DEBUG] [calypso-direct] [DATA_IN] AWS=4.5kt AWA=311° Batt=100% Temp=0°C
[2026-06-06T10:21:54.051] [DEBUG] [calypso-direct] [DATA_IN] AWS=4.5kt AWA=308° Batt=100% Temp=0°C
[2026-06-06T10:21:54.246] [DEBUG] [calypso-direct] [DATA_IN] AWS=4.5kt AWA=308° Batt=100% Temp=0°C
[2026-06-06T10:21:54.831] [WARNING] [calypso-direct] [TIMING] Large gap: 585ms (expected ~125ms at 8Hz) AWS=4.7kt
[2026-06-06T10:21:54.832] [DEBUG] [calypso-direct] [DATA_IN] AWS=4.7kt AWA=307° Batt=100% Temp=0°C
[2026-06-06T10:21:54.833] [DEBUG] [calypso-direct] [DATA_IN] AWS=5.1kt AWA=308° Batt=100% Temp=0°C
[2026-06-06T10:21:55.026] [DEBUG] [calypso-direct] [DATA_IN] AWS=5.2kt AWA=308° Batt=100% Temp=0°C
[2026-06-06T10:21:55.416] [WARNING] [calypso-direct] [TIMING] Large gap: 390ms (expected ~125ms at 8Hz) AWS=5.2kt
[2026-06-06T10:21:55.417] [DEBUG] [calypso-direct] [DATA_IN] AWS=5.2kt AWA=310° Batt=100% Temp=0°C
[2026-06-06T10:21:55.807] [WARNING] [calypso-direct] [TIMING] Large gap: 391ms (expected ~125ms at 8Hz) AWS=5.1kt
[2026-06-06T10:21:55.808] [DEBUG] [calypso-direct] [DATA_IN] AWS=5.1kt AWA=311° Batt=100% Temp=0°C
[2026-06-06T10:21:55.808] [DEBUG] [calypso-direct] [DATA_IN] AWS=4.9kt AWA=311° Batt=100% Temp=0°C
[2026-06-06T10:21:56.392] [WARNING] [calypso-direct] [TIMING] Large gap: 584ms (expected ~125ms at 8Hz) AWS=4.9kt
[2026-06-06T10:21:56.393] [DEBUG] [calypso-direct] [DATA_IN] AWS=4.9kt AWA=311° Batt=100% Temp=0°C
[2026-06-06T10:21:56.393] [DEBUG] [calypso-direct] [DATA_IN] AWS=4.7kt AWA=311° Batt=100% Temp=0°C
[2026-06-06T10:21:56.586] [DEBUG] [calypso-direct] [DATA_IN] AWS=4.9kt AWA=311° Batt=100% Temp=0°C
[2026-06-06T10:21:56.781] [DEBUG] [calypso-direct] [DATA_IN] AWS=4.7kt AWA=312° Batt=100% Temp=0°C
[2026-06-06T10:21:56.976] [DEBUG] [calypso-direct] [DATA_IN] AWS=4.9kt AWA=311° Batt=100% Temp=0°C
[2026-06-06T10:21:57.366] [WARNING] [calypso-direct] [TIMING] Large gap: 390ms (expected ~125ms at 8Hz) AWS=4.9kt
[2026-06-06T10:21:57.366] [DEBUG] [calypso-direct] [DATA_IN] AWS=4.9kt AWA=311° Batt=100% Temp=0°C
[2026-06-06T10:21:57.757] [WARNING] [calypso-direct] [TIMING] Large gap: 391ms (expected ~125ms at 8Hz) AWS=4.9kt
[2026-06-06T10:21:57.758] [DEBUG] [calypso-direct] [DATA_IN] AWS=4.9kt AWA=312° Batt=100% Temp=0°C
[2026-06-06T10:21:57.758] [DEBUG] [calypso-direct] [DATA_IN] AWS=4.9kt AWA=314° Batt=100% Temp=0°C
[2026-06-06T10:21:58.146] [WARNING] [calypso-direct] [TIMING] Large gap: 388ms (expected ~125ms at 8Hz) AWS=4.9kt
[2026-06-06T10:21:58.147] [DEBUG] [calypso-direct] [DATA_IN] AWS=4.9kt AWA=315° Batt=100% Temp=0°C
[2026-06-06T10:21:58.341] [DEBUG] [calypso-direct] [DATA_IN] AWS=4.9kt AWA=317° Batt=100% Temp=0°C
[2026-06-06T10:21:59.316] [WARNING] [calypso-direct] [TIMING] Large gap: 975ms (expected ~125ms at 8Hz) AWS=4.9kt
[2026-06-06T10:21:59.316] [DEBUG] [calypso-direct] [DATA_IN] AWS=4.9kt AWA=317° Batt=100% Temp=0°C
[2026-06-06T10:21:59.511] [DEBUG] [calypso-direct] [DATA_IN] AWS=4.7kt AWA=317° Batt=100% Temp=0°C
[2026-06-06T10:21:59.514] [DEBUG] [calypso-direct] [DATA_IN] AWS=4.9kt AWA=320° Batt=100% Temp=0°C
[2026-06-06T10:21:59.515] [DEBUG] [calypso-direct] [DATA_IN] AWS=4.9kt AWA=320° Batt=100% Temp=0°C
[2026-06-06T10:21:59.706] [DEBUG] [calypso-direct] [DATA_IN] AWS=4.5kt AWA=320° Batt=100% Temp=0°C
[2026-06-06T10:21:59.901] [DEBUG] [calypso-direct] [DATA_IN] AWS=4.3kt AWA=320° Batt=100% Temp=0°C
[2026-06-06T10:22:00.099] [DEBUG] [calypso-direct] [DATA_IN] AWS=4.3kt AWA=320° Batt=100% Temp=0°C
[2026-06-06T10:22:00.681] [WARNING] [calypso-direct] [TIMING] Large gap: 582ms (expected ~125ms at 8Hz) AWS=4.1kt
[2026-06-06T10:22:00.683] [DEBUG] [calypso-direct] [DATA_IN] AWS=4.1kt AWA=320° Batt=100% Temp=0°C
[2026-06-06T10:22:00.684] [DEBUG] [calypso-direct] [DATA_IN] AWS=3.9kt AWA=320° Batt=100% Temp=0°C
[2026-06-06T10:22:00.876] [DEBUG] [calypso-direct] [DATA_IN] AWS=3.7kt AWA=320° Batt=100% Temp=0°C
[2026-06-06T10:22:01.071] [DEBUG] [calypso-direct] [DATA_IN] AWS=3.7kt AWA=321° Batt=100% Temp=0°C
[2026-06-06T10:22:01.267] [DEBUG] [calypso-direct] [DATA_IN] AWS=3.7kt AWA=323° Batt=100% Temp=0°C
[2026-06-06T10:22:01.656] [WARNING] [calypso-direct] [TIMING] Large gap: 390ms (expected ~125ms at 8Hz) AWS=3.7kt
[2026-06-06T10:22:01.657] [DEBUG] [calypso-direct] [DATA_IN] AWS=3.7kt AWA=329° Batt=100% Temp=0°C
[2026-06-06T10:22:02.046] [WARNING] [calypso-direct] [TIMING] Large gap: 390ms (expected ~125ms at 8Hz) AWS=3.7kt
[2026-06-06T10:22:02.047] [DEBUG] [calypso-direct] [DATA_IN] AWS=3.7kt AWA=329° Batt=100% Temp=0°C
[2026-06-06T10:22:02.048] [DEBUG] [calypso-direct] [DATA_IN] AWS=3.7kt AWA=329° Batt=100% Temp=0°C
[2026-06-06T10:22:02.242] [DEBUG] [calypso-direct] [DATA_IN] AWS=3.5kt AWA=329° Batt=100% Temp=0°C
[2026-06-06T10:22:02.631] [WARNING] [calypso-direct] [TIMING] Large gap: 390ms (expected ~125ms at 8Hz) AWS=3.5kt
[2026-06-06T10:22:02.632] [DEBUG] [calypso-direct] [DATA_IN] AWS=3.5kt AWA=328° Batt=100% Temp=0°C
[2026-06-06T10:22:03.021] [WARNING] [calypso-direct] [TIMING] Large gap: 390ms (expected ~125ms at 8Hz) AWS=3.5kt
[2026-06-06T10:22:03.021] [DEBUG] [calypso-direct] [DATA_IN] AWS=3.5kt AWA=324° Batt=100% Temp=0°C
[2026-06-06T10:22:03.022] [DEBUG] [calypso-direct] [DATA_IN] AWS=3.1kt AWA=324° Batt=100% Temp=0°C
[2026-06-06T10:22:03.606] [WARNING] [calypso-direct] [TIMING] Large gap: 584ms (expected ~125ms at 8Hz) AWS=3.1kt
[2026-06-06T10:22:03.606] [DEBUG] [calypso-direct] [DATA_IN] AWS=3.1kt AWA=324° Batt=100% Temp=0°C
[2026-06-06T10:22:03.609] [DEBUG] [calypso-direct] [DATA_IN] AWS=2.9kt AWA=324° Batt=100% Temp=0°C
[2026-06-06T10:22:03.802] [DEBUG] [calypso-direct] [DATA_IN] AWS=2.9kt AWA=324° Batt=100% Temp=0°C
[2026-06-06T10:22:03.996] [DEBUG] [calypso-direct] [DATA_IN] AWS=2.9kt AWA=326° Batt=100% Temp=0°C
[2026-06-06T10:22:04.387] [WARNING] [calypso-direct] [TIMING] Large gap: 390ms (expected ~125ms at 8Hz) AWS=2.9kt
[2026-06-06T10:22:04.387] [DEBUG] [calypso-direct] [DATA_IN] AWS=2.9kt AWA=326° Batt=100% Temp=0°C
[2026-06-06T10:22:04.581] [DEBUG] [calypso-direct] [DATA_IN] AWS=2.9kt AWA=326° Batt=100% Temp=0°C
[2026-06-06T10:22:04.971] [WARNING] [calypso-direct] [TIMING] Large gap: 390ms (expected ~125ms at 8Hz) AWS=3.1kt
[2026-06-06T10:22:04.972] [DEBUG] [calypso-direct] [DATA_IN] AWS=3.1kt AWA=325° Batt=100% Temp=0°C
[2026-06-06T10:22:05.166] [DEBUG] [calypso-direct] [DATA_IN] AWS=2.9kt AWA=325° Batt=100% Temp=0°C
[2026-06-06T10:22:05.362] [DEBUG] [calypso-direct] [DATA_IN] AWS=2.9kt AWA=323° Batt=100% Temp=0°C
[2026-06-06T10:22:05.556] [DEBUG] [calypso-direct] [DATA_IN] AWS=3.1kt AWA=323° Batt=100% Temp=0°C
[2026-06-06T10:22:05.751] [DEBUG] [calypso-direct] [DATA_IN] AWS=2.9kt AWA=323° Batt=100% Temp=0°C
[2026-06-06T10:22:06.531] [WARNING] [calypso-direct] [TIMING] Large gap: 780ms (expected ~125ms at 8Hz) AWS=2.9kt
[2026-06-06T10:22:06.532] [DEBUG] [calypso-direct] [DATA_IN] AWS=2.9kt AWA=323° Batt=100% Temp=0°C
[2026-06-06T10:22:06.533] [DEBUG] [calypso-direct] [DATA_IN] AWS=3.1kt AWA=323° Batt=100% Temp=0°C
[2026-06-06T10:22:06.535] [DEBUG] [calypso-direct] [DATA_IN] AWS=3.3kt AWA=322° Batt=100% Temp=0°C
[2026-06-06T10:22:06.726] [DEBUG] [calypso-direct] [DATA_IN] AWS=3.3kt AWA=322° Batt=100% Temp=0°C
[2026-06-06T10:22:07.117] [WARNING] [calypso-direct] [TIMING] Large gap: 391ms (expected ~125ms at 8Hz) AWS=3.7kt
[2026-06-06T10:22:07.117] [DEBUG] [calypso-direct] [DATA_IN] AWS=3.7kt AWA=323° Batt=100% Temp=0°C
[2026-06-06T10:22:07.312] [DEBUG] [calypso-direct] [DATA_IN] AWS=3.7kt AWA=323° Batt=100% Temp=0°C
[2026-06-06T10:22:07.506] [DEBUG] [calypso-direct] [DATA_IN] AWS=3.7kt AWA=323° Batt=100% Temp=0°C
[2026-06-06T10:22:07.896] [WARNING] [calypso-direct] [TIMING] Large gap: 390ms (expected ~125ms at 8Hz) AWS=3.7kt
[2026-06-06T10:22:07.896] [DEBUG] [calypso-direct] [DATA_IN] AWS=3.7kt AWA=325° Batt=100% Temp=0°C
[2026-06-06T10:22:08.091] [DEBUG] [calypso-direct] [DATA_IN] AWS=3.7kt AWA=325° Batt=100% Temp=0°C
[2026-06-06T10:22:08.286] [DEBUG] [calypso-direct] [DATA_IN] AWS=3.7kt AWA=325° Batt=100% Temp=0°C
[2026-06-06T10:22:08.481] [DEBUG] [calypso-direct] [DATA_IN] AWS=4.1kt AWA=324° Batt=100% Temp=0°C
[2026-06-06T10:22:08.871] [WARNING] [calypso-direct] [TIMING] Large gap: 390ms (expected ~125ms at 8Hz) AWS=4.1kt
[2026-06-06T10:22:08.871] [DEBUG] [calypso-direct] [DATA_IN] AWS=4.1kt AWA=324° Batt=100% Temp=0°C
[2026-06-06T10:22:09.261] [WARNING] [calypso-direct] [TIMING] Large gap: 390ms (expected ~125ms at 8Hz) AWS=4.1kt
[2026-06-06T10:22:09.261] [DEBUG] [calypso-direct] [DATA_IN] AWS=4.1kt AWA=336° Batt=100% Temp=0°C
[2026-06-06T10:22:09.262] [DEBUG] [calypso-direct] [DATA_IN] AWS=4.1kt AWA=336° Batt=100% Temp=0°C
[2026-06-06T10:22:09.651] [WARNING] [calypso-direct] [TIMING] Large gap: 389ms (expected ~125ms at 8Hz) AWS=3.5kt
[2026-06-06T10:22:09.652] [DEBUG] [calypso-direct] [DATA_IN] AWS=3.5kt AWA=336° Batt=100% Temp=0°C
[2026-06-06T10:22:09.848] [DEBUG] [calypso-direct] [DATA_IN] AWS=3.3kt AWA=338° Batt=100% Temp=0°C
[2026-06-06T10:22:10.042] [DEBUG] [calypso-direct] [DATA_IN] AWS=3.3kt AWA=338° Batt=100% Temp=0°C
[2026-06-06T10:22:10.238] [DEBUG] [calypso-direct] [DATA_IN] AWS=3.5kt AWA=326° Batt=100% Temp=0°C
[2026-06-06T10:22:10.821] [WARNING] [calypso-direct] [TIMING] Large gap: 584ms (expected ~125ms at 8Hz) AWS=3.5kt
[2026-06-06T10:22:10.822] [DEBUG] [calypso-direct] [DATA_IN] AWS=3.5kt AWA=325° Batt=100% Temp=0°C
[2026-06-06T10:22:10.824] [DEBUG] [calypso-direct] [DATA_IN] AWS=3.9kt AWA=325° Batt=100% Temp=0°C
[2026-06-06T10:22:11.016] [DEBUG] [calypso-direct] [DATA_IN] AWS=4.3kt AWA=323° Batt=100% Temp=0°C
[2026-06-06T10:22:11.406] [WARNING] [calypso-direct] [TIMING] Large gap: 390ms (expected ~125ms at 8Hz) AWS=4.7kt
[2026-06-06T10:22:11.406] [DEBUG] [calypso-direct] [DATA_IN] AWS=4.7kt AWA=322° Batt=100% Temp=0°C
[2026-06-06T10:22:11.601] [DEBUG] [calypso-direct] [DATA_IN] AWS=4.7kt AWA=316° Batt=100% Temp=0°C
[2026-06-06T10:22:11.796] [DEBUG] [calypso-direct] [DATA_IN] AWS=4.7kt AWA=317° Batt=100% Temp=0°C
[2026-06-06T10:22:12.381] [WARNING] [calypso-direct] [TIMING] Large gap: 585ms (expected ~125ms at 8Hz) AWS=3.5kt
[2026-06-06T10:22:12.381] [DEBUG] [calypso-direct] [DATA_IN] AWS=3.5kt AWA=317° Batt=100% Temp=0°C
[2026-06-06T10:22:12.383] [DEBUG] [calypso-direct] [DATA_IN] AWS=3.5kt AWA=319° Batt=100% Temp=0°C
[2026-06-06T10:22:12.576] [DEBUG] [calypso-direct] [DATA_IN] AWS=3.1kt AWA=320° Batt=100% Temp=0°C
[2026-06-06T10:22:12.771] [DEBUG] [calypso-direct] [DATA_IN] AWS=2.9kt AWA=324° Batt=100% Temp=0°C
[2026-06-06T10:22:13.161] [WARNING] [calypso-direct] [TIMING] Large gap: 390ms (expected ~125ms at 8Hz) AWS=2.9kt
[2026-06-06T10:22:13.161] [DEBUG] [calypso-direct] [DATA_IN] AWS=2.9kt AWA=325° Batt=100% Temp=0°C
[2026-06-06T10:22:13.746] [WARNING] [calypso-direct] [TIMING] Large gap: 585ms (expected ~125ms at 8Hz) AWS=2.9kt
[2026-06-06T10:22:13.746] [DEBUG] [calypso-direct] [DATA_IN] AWS=2.9kt AWA=325° Batt=100% Temp=0°C
[2026-06-06T10:22:13.750] [DEBUG] [calypso-direct] [DATA_IN] AWS=3.5kt AWA=323° Batt=100% Temp=0°C
[2026-06-06T10:22:13.750] [DEBUG] [calypso-direct] [DATA_IN] AWS=3.5kt AWA=323° Batt=100% Temp=0°C
[2026-06-06T10:22:14.136] [WARNING] [calypso-direct] [TIMING] Large gap: 385ms (expected ~125ms at 8Hz) AWS=3.5kt
[2026-06-06T10:22:14.136] [DEBUG] [calypso-direct] [DATA_IN] AWS=3.5kt AWA=324° Batt=100% Temp=0°C
[2026-06-06T10:22:14.331] [DEBUG] [calypso-direct] [DATA_IN] AWS=3.5kt AWA=323° Batt=100% Temp=0°C
[2026-06-06T10:22:14.526] [DEBUG] [calypso-direct] [DATA_IN] AWS=3.5kt AWA=324° Batt=100% Temp=0°C
[2026-06-06T10:22:15.111] [WARNING] [calypso-direct] [TIMING] Large gap: 585ms (expected ~125ms at 8Hz) AWS=3.5kt
[2026-06-06T10:22:15.112] [DEBUG] [calypso-direct] [DATA_IN] AWS=3.5kt AWA=323° Batt=100% Temp=0°C
[2026-06-06T10:22:15.114] [DEBUG] [calypso-direct] [DATA_IN] AWS=3.5kt AWA=323° Batt=100% Temp=0°C
[2026-06-06T10:22:15.306] [DEBUG] [calypso-direct] [DATA_IN] AWS=4.3kt AWA=315° Batt=100% Temp=0°C
[2026-06-06T10:22:15.501] [DEBUG] [calypso-direct] [DATA_IN] AWS=4.3kt AWA=315° Batt=100% Temp=0°C
[2026-06-06T10:22:16.281] [WARNING] [calypso-direct] [TIMING] Large gap: 780ms (expected ~125ms at 8Hz) AWS=4.3kt
[2026-06-06T10:22:16.282] [DEBUG] [calypso-direct] [DATA_IN] AWS=4.3kt AWA=315° Batt=100% Temp=0°C
[2026-06-06T10:22:16.476] [DEBUG] [calypso-direct] [DATA_IN] AWS=3.1kt AWA=317° Batt=100% Temp=0°C
[2026-06-06T10:22:16.478] [DEBUG] [calypso-direct] [DATA_IN] AWS=2.7kt AWA=317° Batt=100% Temp=0°C
[2026-06-06T10:22:16.480] [DEBUG] [calypso-direct] [DATA_IN] AWS=2.5kt AWA=340° Batt=100% Temp=0°C
[2026-06-06T10:22:17.061] [WARNING] [calypso-direct] [TIMING] Large gap: 580ms (expected ~125ms at 8Hz) AWS=2.5kt
[2026-06-06T10:22:17.062] [DEBUG] [calypso-direct] [DATA_IN] AWS=2.5kt AWA=340° Batt=100% Temp=0°C
[2026-06-06T10:22:17.063] [DEBUG] [calypso-direct] [DATA_IN] AWS=2.5kt AWA=340° Batt=100% Temp=0°C
[2026-06-06T10:22:17.451] [WARNING] [calypso-direct] [TIMING] Large gap: 388ms (expected ~125ms at 8Hz) AWS=2.5kt
[2026-06-06T10:22:17.451] [DEBUG] [calypso-direct] [DATA_IN] AWS=2.5kt AWA=341° Batt=100% Temp=0°C
[2026-06-06T10:22:17.646] [DEBUG] [calypso-direct] [DATA_IN] AWS=2.5kt AWA=341° Batt=100% Temp=0°C
[2026-06-06T10:22:18.036] [WARNING] [calypso-direct] [TIMING] Large gap: 390ms (expected ~125ms at 8Hz) AWS=3.1kt
[2026-06-06T10:22:18.037] [DEBUG] [calypso-direct] [DATA_IN] AWS=3.1kt AWA=348° Batt=100% Temp=0°C
[2026-06-06T10:22:18.039] [DEBUG] [calypso-direct] [DATA_IN] AWS=3.1kt AWA=348° Batt=100% Temp=0°C
[2026-06-06T10:22:18.231] [DEBUG] [calypso-direct] [DATA_IN] AWS=3.1kt AWA=348° Batt=100% Temp=0°C
[2026-06-06T10:22:18.621] [WARNING] [calypso-direct] [TIMING] Large gap: 390ms (expected ~125ms at 8Hz) AWS=3.1kt
[2026-06-06T10:22:18.621] [DEBUG] [calypso-direct] [DATA_IN] AWS=3.1kt AWA=348° Batt=100% Temp=0°C
[2026-06-06T10:22:18.816] [DEBUG] [calypso-direct] [DATA_IN] AWS=3.1kt AWA=348° Batt=100% Temp=0°C
[2026-06-06T10:22:19.011] [DEBUG] [calypso-direct] [DATA_IN] AWS=2.9kt AWA=331° Batt=100% Temp=0°C
[2026-06-06T10:22:19.402] [WARNING] [calypso-direct] [TIMING] Large gap: 390ms (expected ~125ms at 8Hz) AWS=2.9kt
[2026-06-06T10:22:19.402] [DEBUG] [calypso-direct] [DATA_IN] AWS=2.9kt AWA=330° Batt=100% Temp=0°C
[2026-06-06T10:22:19.596] [DEBUG] [calypso-direct] [DATA_IN] AWS=2.5kt AWA=329° Batt=100% Temp=0°C
[2026-06-06T10:22:19.791] [DEBUG] [calypso-direct] [DATA_IN] AWS=2.5kt AWA=329° Batt=100% Temp=0°C
[2026-06-06T10:22:19.986] [DEBUG] [calypso-direct] [DATA_IN] AWS=2.5kt AWA=329° Batt=100% Temp=0°C
[2026-06-06T10:22:20.376] [WARNING] [calypso-direct] [TIMING] Large gap: 390ms (expected ~125ms at 8Hz) AWS=2.5kt
[2026-06-06T10:22:20.376] [DEBUG] [calypso-direct] [DATA_IN] AWS=2.5kt AWA=329° Batt=100% Temp=0°C
[2026-06-06T10:22:20.962] [WARNING] [calypso-direct] [TIMING] Large gap: 586ms (expected ~125ms at 8Hz) AWS=2.5kt
[2026-06-06T10:22:20.963] [DEBUG] [calypso-direct] [DATA_IN] AWS=2.5kt AWA=329° Batt=100% Temp=0°C
[2026-06-06T10:22:20.964] [DEBUG] [calypso-direct] [DATA_IN] AWS=2.7kt AWA=328° Batt=100% Temp=0°C
[2026-06-06T10:22:21.157] [DEBUG] [calypso-direct] [DATA_IN] AWS=2.7kt AWA=327° Batt=100% Temp=0°C
[2026-06-06T10:22:21.352] [DEBUG] [calypso-direct] [DATA_IN] AWS=2.7kt AWA=327° Batt=100% Temp=0°C
[2026-06-06T10:22:21.547] [DEBUG] [calypso-direct] [DATA_IN] AWS=2.1kt AWA=345° Batt=100% Temp=0°C
[2026-06-06T10:22:21.742] [DEBUG] [calypso-direct] [DATA_IN] AWS=2.1kt AWA=345° Batt=100% Temp=0°C
[2026-06-06T10:22:22.522] [WARNING] [calypso-direct] [TIMING] Large gap: 780ms (expected ~125ms at 8Hz) AWS=2.1kt
[2026-06-06T10:22:22.523] [DEBUG] [calypso-direct] [DATA_IN] AWS=2.1kt AWA=346° Batt=100% Temp=0°C
[2026-06-06T10:22:22.524] [DEBUG] [calypso-direct] [DATA_IN] AWS=2.1kt AWA=347° Batt=100% Temp=0°C
[2026-06-06T10:22:22.527] [DEBUG] [calypso-direct] [DATA_IN] AWS=2.5kt AWA=347° Batt=100% Temp=0°C
[2026-06-06T10:22:22.912] [WARNING] [calypso-direct] [TIMING] Large gap: 385ms (expected ~125ms at 8Hz) AWS=2.9kt
[2026-06-06T10:22:22.913] [DEBUG] [calypso-direct] [DATA_IN] AWS=2.9kt AWA=346° Batt=100% Temp=0°C
[2026-06-06T10:22:23.108] [DEBUG] [calypso-direct] [DATA_IN] AWS=3.1kt AWA=346° Batt=100% Temp=0°C
[2026-06-06T10:22:23.301] [DEBUG] [calypso-direct] [DATA_IN] AWS=3.1kt AWA=346° Batt=100% Temp=0°C
[2026-06-06T10:22:23.691] [WARNING] [calypso-direct] [TIMING] Large gap: 390ms (expected ~125ms at 8Hz) AWS=3.1kt
[2026-06-06T10:22:23.691] [DEBUG] [calypso-direct] [DATA_IN] AWS=3.1kt AWA=346° Batt=100% Temp=0°C
[2026-06-06T10:22:23.886] [DEBUG] [calypso-direct] [DATA_IN] AWS=2.9kt AWA=346° Batt=100% Temp=0°C
[2026-06-06T10:22:24.081] [DEBUG] [calypso-direct] [DATA_IN] AWS=3.1kt AWA=332° Batt=100% Temp=0°C
[2026-06-06T10:22:24.278] [DEBUG] [calypso-direct] [DATA_IN] AWS=3.1kt AWA=331° Batt=100% Temp=0°C
[2026-06-06T10:22:24.666] [WARNING] [calypso-direct] [TIMING] Large gap: 388ms (expected ~125ms at 8Hz) AWS=3.1kt
[2026-06-06T10:22:24.666] [DEBUG] [calypso-direct] [DATA_IN] AWS=3.1kt AWA=331° Batt=100% Temp=0°C
[2026-06-06T10:22:25.056] [WARNING] [calypso-direct] [TIMING] Large gap: 390ms (expected ~125ms at 8Hz) AWS=2.9kt
[2026-06-06T10:22:25.056] [DEBUG] [calypso-direct] [DATA_IN] AWS=2.9kt AWA=331° Batt=100% Temp=0°C
[2026-06-06T10:22:25.057] [DEBUG] [calypso-direct] [DATA_IN] AWS=2.9kt AWA=332° Batt=100% Temp=0°C
[2026-06-06T10:22:25.255] [DEBUG] [calypso-direct] [DATA_IN] AWS=2.9kt AWA=331° Batt=100% Temp=0°C
[2026-06-06T10:22:25.641] [WARNING] [calypso-direct] [TIMING] Large gap: 386ms (expected ~125ms at 8Hz) AWS=2.9kt
[2026-06-06T10:22:25.641] [DEBUG] [calypso-direct] [DATA_IN] AWS=2.9kt AWA=332° Batt=100% Temp=0°C
[2026-06-06T10:22:25.836] [DEBUG] [calypso-direct] [DATA_IN] AWS=3.1kt AWA=332° Batt=100% Temp=0°C
[2026-06-06T10:22:26.031] [DEBUG] [calypso-direct] [DATA_IN] AWS=3.1kt AWA=332° Batt=100% Temp=0°C
[2026-06-06T10:22:26.616] [WARNING] [calypso-direct] [TIMING] Large gap: 585ms (expected ~125ms at 8Hz) AWS=3.1kt
[2026-06-06T10:22:26.616] [DEBUG] [calypso-direct] [DATA_IN] AWS=3.1kt AWA=333° Batt=100% Temp=0°C
[2026-06-06T10:22:26.618] [DEBUG] [calypso-direct] [DATA_IN] AWS=3.1kt AWA=339° Batt=100% Temp=0°C
[2026-06-06T10:22:26.811] [DEBUG] [calypso-direct] [DATA_IN] AWS=3.3kt AWA=339° Batt=100% Temp=0°C
[2026-06-06T10:22:27.006] [DEBUG] [calypso-direct] [DATA_IN] AWS=3.3kt AWA=339° Batt=100% Temp=0°C
[2026-06-06T10:22:27.980] [WARNING] [calypso-direct] [TIMING] Large gap: 975ms (expected ~125ms at 8Hz) AWS=3.3kt
[2026-06-06T10:22:27.982] [DEBUG] [calypso-direct] [DATA_IN] AWS=3.3kt AWA=338° Batt=100% Temp=0°C
[2026-06-06T10:22:28.176] [DEBUG] [calypso-direct] [DATA_IN] AWS=2.9kt AWA=336° Batt=100% Temp=0°C
[2026-06-06T10:22:28.178] [DEBUG] [calypso-direct] [DATA_IN] AWS=2.9kt AWA=325° Batt=100% Temp=0°C
[2026-06-06T10:22:28.179] [DEBUG] [calypso-direct] [DATA_IN] AWS=2.1kt AWA=325° Batt=100% Temp=0°C
[2026-06-06T10:22:28.376] [DEBUG] [calypso-direct] [DATA_IN] AWS=2.1kt AWA=327° Batt=100% Temp=0°C
[2026-06-06T10:22:28.566] [DEBUG] [calypso-direct] [DATA_IN] AWS=2.5kt AWA=328° Batt=100% Temp=0°C
[2026-06-06T10:22:28.761] [DEBUG] [calypso-direct] [DATA_IN] AWS=2.7kt AWA=328° Batt=100% Temp=0°C
[2026-06-06T10:22:29.150] [WARNING] [calypso-direct] [TIMING] Large gap: 389ms (expected ~125ms at 8Hz) AWS=2.7kt
[2026-06-06T10:22:29.151] [DEBUG] [calypso-direct] [DATA_IN] AWS=2.7kt AWA=352° Batt=100% Temp=0°C
[2026-06-06T10:22:29.541] [WARNING] [calypso-direct] [TIMING] Large gap: 390ms (expected ~125ms at 8Hz) AWS=2.7kt
[2026-06-06T10:22:29.541] [DEBUG] [calypso-direct] [DATA_IN] AWS=2.7kt AWA=352° Batt=100% Temp=0°C
[2026-06-06T10:22:29.736] [DEBUG] [calypso-direct] [DATA_IN] AWS=2.9kt AWA=352° Batt=100% Temp=0°C
[2026-06-06T10:22:29.737] [DEBUG] [calypso-direct] [DATA_IN] AWS=2.9kt AWA=352° Batt=100% Temp=0°C
[2026-06-06T10:22:30.126] [WARNING] [calypso-direct] [TIMING] Large gap: 389ms (expected ~125ms at 8Hz) AWS=2.9kt
[2026-06-06T10:22:30.126] [DEBUG] [calypso-direct] [DATA_IN] AWS=2.9kt AWA=352° Batt=100% Temp=0°C
[2026-06-06T10:22:30.321] [DEBUG] [calypso-direct] [DATA_IN] AWS=2.7kt AWA=1° Batt=100% Temp=0°C
[2026-06-06T10:22:30.516] [DEBUG] [calypso-direct] [DATA_IN] AWS=2.7kt AWA=1° Batt=100% Temp=0°C
[2026-06-06T10:22:30.906] [WARNING] [calypso-direct] [TIMING] Large gap: 390ms (expected ~125ms at 8Hz) AWS=2.5kt
[2026-06-06T10:22:30.906] [DEBUG] [calypso-direct] [DATA_IN] AWS=2.5kt AWA=1° Batt=100% Temp=0°C
[2026-06-06T10:22:31.101] [DEBUG] [calypso-direct] [DATA_IN] AWS=2.5kt AWA=1° Batt=100% Temp=0°C
[2026-06-06T10:22:31.492] [WARNING] [calypso-direct] [TIMING] Large gap: 391ms (expected ~125ms at 8Hz) AWS=2.7kt
[2026-06-06T10:22:31.492] [DEBUG] [calypso-direct] [DATA_IN] AWS=2.7kt AWA=1° Batt=100% Temp=0°C
[2026-06-06T10:22:31.493] [DEBUG] [calypso-direct] [DATA_IN] AWS=2.7kt AWA=340° Batt=100% Temp=0°C
[2026-06-06T10:22:31.881] [WARNING] [calypso-direct] [TIMING] Large gap: 388ms (expected ~125ms at 8Hz) AWS=2.9kt
[2026-06-06T10:22:31.882] [DEBUG] [calypso-direct] [DATA_IN] AWS=2.9kt AWA=340° Batt=100% Temp=0°C
[2026-06-06T10:22:32.076] [DEBUG] [calypso-direct] [DATA_IN] AWS=3.1kt AWA=340° Batt=100% Temp=0°C
[2026-06-06T10:22:32.466] [WARNING] [calypso-direct] [TIMING] Large gap: 390ms (expected ~125ms at 8Hz) AWS=2.9kt
[2026-06-06T10:22:32.466] [DEBUG] [calypso-direct] [DATA_IN] AWS=2.9kt AWA=340° Batt=100% Temp=0°C
[2026-06-06T10:22:32.856] [WARNING] [calypso-direct] [TIMING] Large gap: 391ms (expected ~125ms at 8Hz) AWS=3.1kt
[2026-06-06T10:22:32.857] [DEBUG] [calypso-direct] [DATA_IN] AWS=3.1kt AWA=340° Batt=100% Temp=0°C
[2026-06-06T10:22:32.857] [DEBUG] [calypso-direct] [DATA_IN] AWS=3.1kt AWA=344° Batt=100% Temp=0°C
[2026-06-06T10:22:33.051] [DEBUG] [calypso-direct] [DATA_IN] AWS=3.5kt AWA=344° Batt=100% Temp=0°C
[2026-06-06T10:22:33.246] [DEBUG] [calypso-direct] [DATA_IN] AWS=3.5kt AWA=344° Batt=100% Temp=0°C
[2026-06-06T10:22:33.831] [WARNING] [calypso-direct] [TIMING] Large gap: 585ms (expected ~125ms at 8Hz) AWS=3.5kt
[2026-06-06T10:22:33.831] [DEBUG] [calypso-direct] [DATA_IN] AWS=3.5kt AWA=344° Batt=100% Temp=0°C
[2026-06-06T10:22:33.833] [DEBUG] [calypso-direct] [DATA_IN] AWS=3.5kt AWA=344° Batt=100% Temp=0°C
[2026-06-06T10:22:34.026] [DEBUG] [calypso-direct] [DATA_IN] AWS=3.5kt AWA=346° Batt=100% Temp=0°C
[2026-06-06T10:22:34.416] [WARNING] [calypso-direct] [TIMING] Large gap: 390ms (expected ~125ms at 8Hz) AWS=3.5kt
[2026-06-06T10:22:34.416] [DEBUG] [calypso-direct] [DATA_IN] AWS=3.5kt AWA=346° Batt=100% Temp=0°C
[2026-06-06T10:22:34.611] [DEBUG] [calypso-direct] [DATA_IN] AWS=3.3kt AWA=346° Batt=100% Temp=0°C
[2026-06-06T10:22:34.805] [DEBUG] [calypso-direct] [DATA_IN] AWS=3.3kt AWA=346° Batt=100% Temp=0°C
[2026-06-06T10:22:35.390] [WARNING] [calypso-direct] [TIMING] Large gap: 585ms (expected ~125ms at 8Hz) AWS=3.3kt
[2026-06-06T10:22:35.391] [DEBUG] [calypso-direct] [DATA_IN] AWS=3.3kt AWA=346° Batt=100% Temp=0°C
[2026-06-06T10:22:35.392] [DEBUG] [calypso-direct] [DATA_IN] AWS=2.9kt AWA=11° Batt=100% Temp=0°C
[2026-06-06T10:22:35.586] [DEBUG] [calypso-direct] [DATA_IN] AWS=2.9kt AWA=10° Batt=100% Temp=0°C
[2026-06-06T10:22:35.781] [DEBUG] [calypso-direct] [DATA_IN] AWS=2.9kt AWA=10° Batt=100% Temp=0°C
[2026-06-06T10:22:36.171] [WARNING] [calypso-direct] [TIMING] Large gap: 390ms (expected ~125ms at 8Hz) AWS=2.9kt
[2026-06-06T10:22:36.171] [DEBUG] [calypso-direct] [DATA_IN] AWS=2.9kt AWA=10° Batt=100% Temp=0°C
[2026-06-06T10:22:36.756] [WARNING] [calypso-direct] [TIMING] Large gap: 586ms (expected ~125ms at 8Hz) AWS=2.9kt
[2026-06-06T10:22:36.757] [DEBUG] [calypso-direct] [DATA_IN] AWS=2.9kt AWA=10° Batt=100% Temp=0°C
[2026-06-06T10:22:36.758] [DEBUG] [calypso-direct] [DATA_IN] AWS=3.1kt AWA=334° Batt=100% Temp=0°C
[2026-06-06T10:22:36.759] [DEBUG] [calypso-direct] [DATA_IN] AWS=3.1kt AWA=334° Batt=100% Temp=0°C
[2026-06-06T10:22:37.146] [WARNING] [calypso-direct] [TIMING] Large gap: 388ms (expected ~125ms at 8Hz) AWS=3.5kt
[2026-06-06T10:22:37.147] [DEBUG] [calypso-direct] [DATA_IN] AWS=3.5kt AWA=334° Batt=100% Temp=0°C
[2026-06-06T10:22:37.341] [DEBUG] [calypso-direct] [DATA_IN] AWS=3.5kt AWA=333° Batt=100% Temp=0°C
[2026-06-06T10:22:37.536] [DEBUG] [calypso-direct] [DATA_IN] AWS=3.5kt AWA=333° Batt=100% Temp=0°C
[2026-06-06T10:22:37.731] [DEBUG] [calypso-direct] [DATA_IN] AWS=3.5kt AWA=347° Batt=100% Temp=0°C
[2026-06-06T10:22:38.316] [WARNING] [calypso-direct] [TIMING] Large gap: 585ms (expected ~125ms at 8Hz) AWS=3.5kt
[2026-06-06T10:22:38.316] [DEBUG] [calypso-direct] [DATA_IN] AWS=3.5kt AWA=347° Batt=100% Temp=0°C
[2026-06-06T10:22:38.318] [DEBUG] [calypso-direct] [DATA_IN] AWS=3.1kt AWA=347° Batt=100% Temp=0°C
[2026-06-06T10:22:38.511] [DEBUG] [calypso-direct] [DATA_IN] AWS=2.9kt AWA=347° Batt=100% Temp=0°C
[2026-06-06T10:22:39.098] [WARNING] [calypso-direct] [TIMING] Large gap: 587ms (expected ~125ms at 8Hz) AWS=2.9kt
[2026-06-06T10:22:39.100] [DEBUG] [calypso-direct] [DATA_IN] AWS=2.9kt AWA=347° Batt=100% Temp=0°C
[2026-06-06T10:22:39.102] [DEBUG] [calypso-direct] [DATA_IN] AWS=2.7kt AWA=344° Batt=100% Temp=0°C
[2026-06-06T10:22:39.292] [DEBUG] [calypso-direct] [DATA_IN] AWS=2.7kt AWA=344° Batt=100% Temp=0°C
[2026-06-06T10:22:39.487] [DEBUG] [calypso-direct] [DATA_IN] AWS=2.9kt AWA=344° Batt=100% Temp=0°C
[2026-06-06T10:22:39.878] [WARNING] [calypso-direct] [TIMING] Large gap: 391ms (expected ~125ms at 8Hz) AWS=3.1kt
[2026-06-06T10:22:39.879] [DEBUG] [calypso-direct] [DATA_IN] AWS=3.1kt AWA=344° Batt=100% Temp=0°C
[2026-06-06T10:22:40.071] [DEBUG] [calypso-direct] [DATA_IN] AWS=3.1kt AWA=344° Batt=100% Temp=0°C
[2026-06-06T10:22:40.267] [DEBUG] [calypso-direct] [DATA_IN] AWS=3.7kt AWA=3° Batt=100% Temp=0°C
[2026-06-06T10:22:40.657] [WARNING] [calypso-direct] [TIMING] Large gap: 390ms (expected ~125ms at 8Hz) AWS=3.7kt
[2026-06-06T10:22:40.657] [DEBUG] [calypso-direct] [DATA_IN] AWS=3.7kt AWA=3° Batt=100% Temp=0°C
[2026-06-06T10:22:41.046] [WARNING] [calypso-direct] [TIMING] Large gap: 389ms (expected ~125ms at 8Hz) AWS=3.7kt
[2026-06-06T10:22:41.047] [DEBUG] [calypso-direct] [DATA_IN] AWS=3.7kt AWA=3° Batt=100% Temp=0°C
[2026-06-06T10:22:41.048] [DEBUG] [calypso-direct] [DATA_IN] AWS=3.7kt AWA=3° Batt=100% Temp=0°C
[2026-06-06T10:22:41.242] [DEBUG] [calypso-direct] [DATA_IN] AWS=3.7kt AWA=3° Batt=100% Temp=0°C
[2026-06-06T10:22:41.632] [WARNING] [calypso-direct] [TIMING] Large gap: 389ms (expected ~125ms at 8Hz) AWS=3.7kt
[2026-06-06T10:22:41.632] [DEBUG] [calypso-direct] [DATA_IN] AWS=3.7kt AWA=346° Batt=100% Temp=0°C
[2026-06-06T10:22:41.827] [DEBUG] [calypso-direct] [DATA_IN] AWS=3.7kt AWA=346° Batt=100% Temp=0°C
[2026-06-06T10:22:42.022] [DEBUG] [calypso-direct] [DATA_IN] AWS=3.7kt AWA=345° Batt=100% Temp=0°C
[2026-06-06T10:22:42.606] [WARNING] [calypso-direct] [TIMING] Large gap: 584ms (expected ~125ms at 8Hz) AWS=3.7kt
[2026-06-06T10:22:42.607] [DEBUG] [calypso-direct] [DATA_IN] AWS=3.7kt AWA=346° Batt=100% Temp=0°C
[2026-06-06T10:22:42.608] [DEBUG] [calypso-direct] [DATA_IN] AWS=3.7kt AWA=346° Batt=100% Temp=0°C
[2026-06-06T10:22:42.995] [WARNING] [calypso-direct] [TIMING] Large gap: 387ms (expected ~125ms at 8Hz) AWS=3.5kt
[2026-06-06T10:22:42.996] [DEBUG] [calypso-direct] [DATA_IN] AWS=3.5kt AWA=343° Batt=100% Temp=0°C
[2026-06-06T10:22:42.997] [DEBUG] [calypso-direct] [DATA_IN] AWS=3.5kt AWA=343° Batt=100% Temp=0°C
[2026-06-06T10:22:43.385] [WARNING] [calypso-direct] [TIMING] Large gap: 389ms (expected ~125ms at 8Hz) AWS=3.7kt
[2026-06-06T10:22:43.386] [DEBUG] [calypso-direct] [DATA_IN] AWS=3.7kt AWA=343° Batt=100% Temp=0°C
[2026-06-06T10:22:43.580] [DEBUG] [calypso-direct] [DATA_IN] AWS=3.7kt AWA=343° Batt=100% Temp=0°C
[2026-06-06T10:22:43.971] [WARNING] [calypso-direct] [TIMING] Large gap: 390ms (expected ~125ms at 8Hz) AWS=3.7kt
[2026-06-06T10:22:43.971] [DEBUG] [calypso-direct] [DATA_IN] AWS=3.7kt AWA=343° Batt=100% Temp=0°C
[2026-06-06T10:22:44.167] [DEBUG] [calypso-direct] [DATA_IN] AWS=4.1kt AWA=349° Batt=100% Temp=0°C
[2026-06-06T10:22:44.360] [DEBUG] [calypso-direct] [DATA_IN] AWS=4.1kt AWA=349° Batt=100% Temp=0°C
[2026-06-06T10:22:44.556] [DEBUG] [calypso-direct] [DATA_IN] AWS=4.3kt AWA=349° Batt=100% Temp=0°C
[2026-06-06T10:22:44.751] [DEBUG] [calypso-direct] [DATA_IN] AWS=4.3kt AWA=349° Batt=100% Temp=0°C
[2026-06-06T10:22:45.336] [WARNING] [calypso-direct] [TIMING] Large gap: 585ms (expected ~125ms at 8Hz) AWS=4.3kt
[2026-06-06T10:22:45.336] [DEBUG] [calypso-direct] [DATA_IN] AWS=4.3kt AWA=349° Batt=100% Temp=0°C
[2026-06-06T10:22:45.339] [DEBUG] [calypso-direct] [DATA_IN] AWS=4.1kt AWA=339° Batt=100% Temp=0°C
[2026-06-06T10:22:45.530] [DEBUG] [calypso-direct] [DATA_IN] AWS=3.9kt AWA=339° Batt=100% Temp=0°C
[2026-06-06T10:22:45.921] [WARNING] [calypso-direct] [TIMING] Large gap: 390ms (expected ~125ms at 8Hz) AWS=3.7kt
[2026-06-06T10:22:45.921] [INFO] [calypso-direct] [RATE_1MIN] 241 pkts/min (expected 480 at 8Hz) max_gap=975ms gaps_>250ms=82
[2026-06-06T10:22:45.921] [DEBUG] [calypso-direct] [DATA_IN] AWS=3.7kt AWA=339° Batt=100% Temp=0°C
[2026-06-06T10:22:46.116] [DEBUG] [calypso-direct] [DATA_IN] AWS=3.7kt AWA=339° Batt=100% Temp=0°C
[2026-06-06T10:22:46.311] [DEBUG] [calypso-direct] [DATA_IN] AWS=3.7kt AWA=339° Batt=100% Temp=0°C
[2026-06-06T10:22:46.895] [WARNING] [calypso-direct] [TIMING] Large gap: 585ms (expected ~125ms at 8Hz) AWS=3.7kt
[2026-06-06T10:22:46.896] [DEBUG] [calypso-direct] [DATA_IN] AWS=3.7kt AWA=350° Batt=100% Temp=0°C
[2026-06-06T10:22:46.897] [DEBUG] [calypso-direct] [DATA_IN] AWS=4.1kt AWA=350° Batt=100% Temp=0°C
[2026-06-06T10:22:47.091] [DEBUG] [calypso-direct] [DATA_IN] AWS=4.1kt AWA=350° Batt=100% Temp=0°C
[2026-06-06T10:22:47.288] [DEBUG] [calypso-direct] [DATA_IN] AWS=4.1kt AWA=350° Batt=100% Temp=0°C
[2026-06-06T10:22:47.482] [DEBUG] [calypso-direct] [DATA_IN] AWS=4.1kt AWA=350° Batt=100% Temp=0°C
[2026-06-06T10:22:47.871] [WARNING] [calypso-direct] [TIMING] Large gap: 390ms (expected ~125ms at 8Hz) AWS=3.7kt
[2026-06-06T10:22:47.872] [DEBUG] [calypso-direct] [DATA_IN] AWS=3.7kt AWA=340° Batt=100% Temp=0°C
[2026-06-06T10:22:48.262] [WARNING] [calypso-direct] [TIMING] Large gap: 390ms (expected ~125ms at 8Hz) AWS=3.7kt
[2026-06-06T10:22:48.262] [DEBUG] [calypso-direct] [DATA_IN] AWS=3.7kt AWA=340° Batt=100% Temp=0°C
[2026-06-06T10:22:48.456] [DEBUG] [calypso-direct] [DATA_IN] AWS=3.7kt AWA=340° Batt=100% Temp=0°C
[2026-06-06T10:22:48.651] [DEBUG] [calypso-direct] [DATA_IN] AWS=3.7kt AWA=340° Batt=100% Temp=0°C
[2026-06-06T10:22:48.846] [DEBUG] [calypso-direct] [DATA_IN] AWS=4.1kt AWA=340° Batt=100% Temp=0°C
[2026-06-06T10:22:49.041] [DEBUG] [calypso-direct] [DATA_IN] AWS=4.5kt AWA=348° Batt=100% Temp=0°C
[2026-06-06T10:22:49.431] [WARNING] [calypso-direct] [TIMING] Large gap: 390ms (expected ~125ms at 8Hz) AWS=4.5kt
[2026-06-06T10:22:49.432] [DEBUG] [calypso-direct] [DATA_IN] AWS=4.5kt AWA=348° Batt=100% Temp=0°C
[2026-06-06T10:22:49.821] [WARNING] [calypso-direct] [TIMING] Large gap: 390ms (expected ~125ms at 8Hz) AWS=4.5kt
[2026-06-06T10:22:49.822] [DEBUG] [calypso-direct] [DATA_IN] AWS=4.5kt AWA=348° Batt=100% Temp=0°C
[2026-06-06T10:22:50.210] [WARNING] [calypso-direct] [TIMING] Large gap: 390ms (expected ~125ms at 8Hz) AWS=4.1kt
[2026-06-06T10:22:50.211] [DEBUG] [calypso-direct] [DATA_IN] AWS=4.1kt AWA=348° Batt=100% Temp=0°C
[2026-06-06T10:22:50.405] [DEBUG] [calypso-direct] [DATA_IN] AWS=4.1kt AWA=348° Batt=100% Temp=0°C
[2026-06-06T10:22:50.600] [DEBUG] [calypso-direct] [DATA_IN] AWS=4.1kt AWA=353° Batt=100% Temp=0°C
[2026-06-06T10:22:51.185] [WARNING] [calypso-direct] [TIMING] Large gap: 585ms (expected ~125ms at 8Hz) AWS=4.1kt
[2026-06-06T10:22:51.186] [DEBUG] [calypso-direct] [DATA_IN] AWS=4.1kt AWA=353° Batt=100% Temp=0°C
[2026-06-06T10:22:51.187] [DEBUG] [calypso-direct] [DATA_IN] AWS=4.1kt AWA=353° Batt=100% Temp=0°C
[2026-06-06T10:22:51.380] [DEBUG] [calypso-direct] [DATA_IN] AWS=4.1kt AWA=0° Batt=100% Temp=0°C
[2026-06-06T10:22:51.576] [DEBUG] [calypso-direct] [DATA_IN] AWS=4.1kt AWA=0° Batt=100% Temp=0°C
[2026-06-06T10:22:51.770] [DEBUG] [calypso-direct] [DATA_IN] AWS=3.9kt AWA=3° Batt=100% Temp=0°C
[2026-06-06T10:22:52.161] [WARNING] [calypso-direct] [TIMING] Large gap: 390ms (expected ~125ms at 8Hz) AWS=3.9kt
[2026-06-06T10:22:52.162] [DEBUG] [calypso-direct] [DATA_IN] AWS=3.9kt AWA=3° Batt=100% Temp=0°C
[2026-06-06T10:22:52.550] [WARNING] [calypso-direct] [TIMING] Large gap: 390ms (expected ~125ms at 8Hz) AWS=4.1kt
[2026-06-06T10:22:52.551] [DEBUG] [calypso-direct] [DATA_IN] AWS=4.1kt AWA=3° Batt=100% Temp=0°C
[2026-06-06T10:22:52.553] [DEBUG] [calypso-direct] [DATA_IN] AWS=4.5kt AWA=3° Batt=100% Temp=0°C
[2026-06-06T10:22:52.746] [DEBUG] [calypso-direct] [DATA_IN] AWS=5.1kt AWA=3° Batt=100% Temp=0°C
[2026-06-06T10:22:53.135] [WARNING] [calypso-direct] [TIMING] Large gap: 390ms (expected ~125ms at 8Hz) AWS=5.1kt
[2026-06-06T10:22:53.136] [DEBUG] [calypso-direct] [DATA_IN] AWS=5.1kt AWA=2° Batt=100% Temp=0°C
[2026-06-06T10:22:53.330] [DEBUG] [calypso-direct] [DATA_IN] AWS=5.1kt AWA=2° Batt=100% Temp=0°C
[2026-06-06T10:22:53.720] [WARNING] [calypso-direct] [TIMING] Large gap: 390ms (expected ~125ms at 8Hz) AWS=5.1kt
[2026-06-06T10:22:53.721] [DEBUG] [calypso-direct] [DATA_IN] AWS=5.1kt AWA=353° Batt=100% Temp=0°C
[2026-06-06T10:22:54.110] [WARNING] [calypso-direct] [TIMING] Large gap: 390ms (expected ~125ms at 8Hz) AWS=5.1kt
[2026-06-06T10:22:54.111] [DEBUG] [calypso-direct] [DATA_IN] AWS=5.1kt AWA=353° Batt=100% Temp=0°C
[2026-06-06T10:22:54.111] [DEBUG] [calypso-direct] [DATA_IN] AWS=5.1kt AWA=353° Batt=100% Temp=0°C
[2026-06-06T10:22:54.305] [DEBUG] [calypso-direct] [DATA_IN] AWS=5.1kt AWA=3° Batt=100% Temp=0°C
[2026-06-06T10:22:54.500] [DEBUG] [calypso-direct] [DATA_IN] AWS=5.1kt AWA=3° Batt=100% Temp=0°C
[2026-06-06T10:22:55.475] [WARNING] [calypso-direct] [TIMING] Large gap: 975ms (expected ~125ms at 8Hz) AWS=5.1kt
[2026-06-06T10:22:55.478] [DEBUG] [calypso-direct] [DATA_IN] AWS=5.1kt AWA=3° Batt=100% Temp=0°C
[2026-06-06T10:22:55.480] [DEBUG] [calypso-direct] [DATA_IN] AWS=5.1kt AWA=3° Batt=100% Temp=0°C
[2026-06-06T10:22:55.481] [DEBUG] [calypso-direct] [DATA_IN] AWS=4.9kt AWA=3° Batt=100% Temp=0°C
[2026-06-06T10:22:55.671] [DEBUG] [calypso-direct] [DATA_IN] AWS=4.7kt AWA=346° Batt=100% Temp=0°C
[2026-06-06T10:22:55.866] [DEBUG] [calypso-direct] [DATA_IN] AWS=4.7kt AWA=346° Batt=100% Temp=0°C
[2026-06-06T10:22:56.060] [DEBUG] [calypso-direct] [DATA_IN] AWS=4.5kt AWA=346° Batt=100% Temp=0°C
[2026-06-06T10:22:56.255] [DEBUG] [calypso-direct] [DATA_IN] AWS=4.1kt AWA=346° Batt=100% Temp=0°C
[2026-06-06T10:22:56.840] [WARNING] [calypso-direct] [TIMING] Large gap: 585ms (expected ~125ms at 8Hz) AWS=4.1kt
[2026-06-06T10:22:56.841] [DEBUG] [calypso-direct] [DATA_IN] AWS=4.1kt AWA=346° Batt=100% Temp=0°C
[2026-06-06T10:22:57.036] [DEBUG] [calypso-direct] [DATA_IN] AWS=4.3kt AWA=346° Batt=100% Temp=0°C
[2026-06-06T10:22:57.037] [DEBUG] [calypso-direct] [DATA_IN] AWS=4.3kt AWA=346° Batt=100% Temp=0°C
[2026-06-06T10:22:57.230] [DEBUG] [calypso-direct] [DATA_IN] AWS=4.3kt AWA=346° Batt=100% Temp=0°C
[2026-06-06T10:22:57.620] [WARNING] [calypso-direct] [TIMING] Large gap: 390ms (expected ~125ms at 8Hz) AWS=4.3kt
[2026-06-06T10:22:57.621] [DEBUG] [calypso-direct] [DATA_IN] AWS=4.3kt AWA=0° Batt=100% Temp=0°C
[2026-06-06T10:22:57.815] [DEBUG] [calypso-direct] [DATA_IN] AWS=4.3kt AWA=3° Batt=100% Temp=0°C
[2026-06-06T10:22:58.400] [WARNING] [calypso-direct] [TIMING] Large gap: 585ms (expected ~125ms at 8Hz) AWS=4.3kt
[2026-06-06T10:22:58.401] [DEBUG] [calypso-direct] [DATA_IN] AWS=4.3kt AWA=3° Batt=100% Temp=0°C
[2026-06-06T10:22:58.794] [WARNING] [calypso-direct] [TIMING] Large gap: 394ms (expected ~125ms at 8Hz) AWS=4.3kt
[2026-06-06T10:22:58.794] [DEBUG] [calypso-direct] [DATA_IN] AWS=4.3kt AWA=0° Batt=100% Temp=0°C
[2026-06-06T10:22:58.798] [DEBUG] [calypso-direct] [DATA_IN] AWS=4.3kt AWA=0° Batt=100% Temp=0°C
[2026-06-06T10:22:58.800] [DEBUG] [calypso-direct] [DATA_IN] AWS=4.3kt AWA=350° Batt=100% Temp=0°C
[2026-06-06T10:22:58.986] [DEBUG] [calypso-direct] [DATA_IN] AWS=3.9kt AWA=350° Batt=100% Temp=0°C
[2026-06-06T10:22:59.375] [WARNING] [calypso-direct] [TIMING] Large gap: 390ms (expected ~125ms at 8Hz) AWS=3.7kt
[2026-06-06T10:22:59.376] [DEBUG] [calypso-direct] [DATA_IN] AWS=3.7kt AWA=356° Batt=100% Temp=0°C
[2026-06-06T10:22:59.765] [WARNING] [calypso-direct] [TIMING] Large gap: 390ms (expected ~125ms at 8Hz) AWS=3.7kt
[2026-06-06T10:22:59.766] [DEBUG] [calypso-direct] [DATA_IN] AWS=3.7kt AWA=356° Batt=100% Temp=0°C
[2026-06-06T10:22:59.767] [DEBUG] [calypso-direct] [DATA_IN] AWS=3.9kt AWA=356° Batt=100% Temp=0°C
[2026-06-06T10:23:00.155] [WARNING] [calypso-direct] [TIMING] Large gap: 389ms (expected ~125ms at 8Hz) AWS=3.7kt
[2026-06-06T10:23:00.156] [DEBUG] [calypso-direct] [DATA_IN] AWS=3.7kt AWA=356° Batt=100% Temp=0°C
[2026-06-06T10:23:00.351] [DEBUG] [calypso-direct] [DATA_IN] AWS=3.9kt AWA=356° Batt=100% Temp=0°C
[2026-06-06T10:23:00.741] [WARNING] [calypso-direct] [TIMING] Large gap: 390ms (expected ~125ms at 8Hz) AWS=3.9kt
[2026-06-06T10:23:00.742] [DEBUG] [calypso-direct] [DATA_IN] AWS=3.9kt AWA=351° Batt=100% Temp=0°C
[2026-06-06T10:23:00.743] [DEBUG] [calypso-direct] [DATA_IN] AWS=3.7kt AWA=351° Batt=100% Temp=0°C
[2026-06-06T10:23:01.326] [WARNING] [calypso-direct] [TIMING] Large gap: 582ms (expected ~125ms at 8Hz) AWS=3.5kt
[2026-06-06T10:23:01.327] [DEBUG] [calypso-direct] [DATA_IN] AWS=3.5kt AWA=351° Batt=100% Temp=0°C
[2026-06-06T10:23:01.328] [DEBUG] [calypso-direct] [DATA_IN] AWS=3.5kt AWA=351° Batt=100% Temp=0°C
[2026-06-06T10:23:01.520] [DEBUG] [calypso-direct] [DATA_IN] AWS=3.5kt AWA=351° Batt=100% Temp=0°C
[2026-06-06T10:23:01.910] [WARNING] [calypso-direct] [TIMING] Large gap: 390ms (expected ~125ms at 8Hz) AWS=3.7kt
[2026-06-06T10:23:01.911] [DEBUG] [calypso-direct] [DATA_IN] AWS=3.7kt AWA=353° Batt=100% Temp=0°C
[2026-06-06T10:23:02.105] [DEBUG] [calypso-direct] [DATA_IN] AWS=3.7kt AWA=353° Batt=100% Temp=0°C
[2026-06-06T10:23:02.300] [DEBUG] [calypso-direct] [DATA_IN] AWS=3.9kt AWA=353° Batt=100% Temp=0°C
[2026-06-06T10:23:02.690] [WARNING] [calypso-direct] [TIMING] Large gap: 390ms (expected ~125ms at 8Hz) AWS=3.9kt
[2026-06-06T10:23:02.692] [DEBUG] [calypso-direct] [DATA_IN] AWS=3.9kt AWA=353° Batt=100% Temp=0°C
[2026-06-06T10:23:02.886] [DEBUG] [calypso-direct] [DATA_IN] AWS=3.7kt AWA=353° Batt=100% Temp=0°C
[2026-06-06T10:23:03.275] [WARNING] [calypso-direct] [TIMING] Large gap: 389ms (expected ~125ms at 8Hz) AWS=3.7kt
[2026-06-06T10:23:03.277] [DEBUG] [calypso-direct] [DATA_IN] AWS=3.7kt AWA=342° Batt=100% Temp=0°C
[2026-06-06T10:23:03.278] [DEBUG] [calypso-direct] [DATA_IN] AWS=3.7kt AWA=342° Batt=100% Temp=0°C
[2026-06-06T10:23:03.665] [WARNING] [calypso-direct] [TIMING] Large gap: 387ms (expected ~125ms at 8Hz) AWS=3.5kt
[2026-06-06T10:23:03.666] [DEBUG] [calypso-direct] [DATA_IN] AWS=3.5kt AWA=342° Batt=100% Temp=0°C
[2026-06-06T10:23:04.057] [WARNING] [calypso-direct] [TIMING] Large gap: 392ms (expected ~125ms at 8Hz) AWS=3.5kt
[2026-06-06T10:23:04.059] [DEBUG] [calypso-direct] [DATA_IN] AWS=3.5kt AWA=342° Batt=100% Temp=0°C
[2026-06-06T10:23:04.251] [DEBUG] [calypso-direct] [DATA_IN] AWS=3.7kt AWA=342° Batt=100% Temp=0°C
[2026-06-06T10:23:04.252] [DEBUG] [calypso-direct] [DATA_IN] AWS=3.9kt AWA=347° Batt=100% Temp=0°C
[2026-06-06T10:23:04.642] [WARNING] [calypso-direct] [TIMING] Large gap: 389ms (expected ~125ms at 8Hz) AWS=3.9kt
[2026-06-06T10:23:04.643] [DEBUG] [calypso-direct] [DATA_IN] AWS=3.9kt AWA=347° Batt=100% Temp=0°C
[2026-06-06T10:23:05.032] [WARNING] [calypso-direct] [TIMING] Large gap: 390ms (expected ~125ms at 8Hz) AWS=3.9kt
[2026-06-06T10:23:05.034] [DEBUG] [calypso-direct] [DATA_IN] AWS=3.9kt AWA=347° Batt=100% Temp=0°C
[2026-06-06T10:23:05.036] [DEBUG] [calypso-direct] [DATA_IN] AWS=4.1kt AWA=347° Batt=100% Temp=0°C
[2026-06-06T10:23:05.616] [WARNING] [calypso-direct] [TIMING] Large gap: 581ms (expected ~125ms at 8Hz) AWS=4.1kt
[2026-06-06T10:23:05.617] [DEBUG] [calypso-direct] [DATA_IN] AWS=4.1kt AWA=347° Batt=100% Temp=0°C
[2026-06-06T10:23:05.618] [DEBUG] [calypso-direct] [DATA_IN] AWS=4.1kt AWA=352° Batt=100% Temp=0°C
[2026-06-06T10:23:05.810] [DEBUG] [calypso-direct] [DATA_IN] AWS=4.3kt AWA=352° Batt=100% Temp=0°C
[2026-06-06T10:23:06.006] [DEBUG] [calypso-direct] [DATA_IN] AWS=4.3kt AWA=352° Batt=100% Temp=0°C
[2026-06-06T10:23:06.395] [WARNING] [calypso-direct] [TIMING] Large gap: 390ms (expected ~125ms at 8Hz) AWS=4.5kt
[2026-06-06T10:23:06.396] [DEBUG] [calypso-direct] [DATA_IN] AWS=4.5kt AWA=352° Batt=100% Temp=0°C
[2026-06-06T10:23:06.590] [DEBUG] [calypso-direct] [DATA_IN] AWS=4.3kt AWA=352° Batt=100% Temp=0°C
[2026-06-06T10:23:06.980] [WARNING] [calypso-direct] [TIMING] Large gap: 390ms (expected ~125ms at 8Hz) AWS=4.3kt
[2026-06-06T10:23:06.980] [DEBUG] [calypso-direct] [DATA_IN] AWS=4.3kt AWA=6° Batt=100% Temp=0°C
[2026-06-06T10:23:06.983] [DEBUG] [calypso-direct] [DATA_IN] AWS=4.3kt AWA=6° Batt=100% Temp=0°C
[2026-06-06T10:23:07.565] [WARNING] [calypso-direct] [TIMING] Large gap: 582ms (expected ~125ms at 8Hz) AWS=4.3kt
[2026-06-06T10:23:07.567] [DEBUG] [calypso-direct] [DATA_IN] AWS=4.3kt AWA=6° Batt=100% Temp=0°C
[2026-06-06T10:23:07.569] [DEBUG] [calypso-direct] [DATA_IN] AWS=4.3kt AWA=6° Batt=100% Temp=0°C
[2026-06-06T10:23:07.760] [DEBUG] [calypso-direct] [DATA_IN] AWS=4.3kt AWA=6° Batt=100% Temp=0°C
[2026-06-06T10:23:08.540] [WARNING] [calypso-direct] [TIMING] Large gap: 780ms (expected ~125ms at 8Hz) AWS=4.3kt
[2026-06-06T10:23:08.541] [DEBUG] [calypso-direct] [DATA_IN] AWS=4.3kt AWA=8° Batt=100% Temp=0°C
[2026-06-06T10:23:08.543] [DEBUG] [calypso-direct] [DATA_IN] AWS=4.3kt AWA=8° Batt=100% Temp=0°C
[2026-06-06T10:23:08.544] [DEBUG] [calypso-direct] [DATA_IN] AWS=4.3kt AWA=8° Batt=100% Temp=0°C
[2026-06-06T10:23:08.735] [DEBUG] [calypso-direct] [DATA_IN] AWS=4.3kt AWA=8° Batt=100% Temp=0°C
[2026-06-06T10:23:09.126] [WARNING] [calypso-direct] [TIMING] Large gap: 391ms (expected ~125ms at 8Hz) AWS=4.9kt
[2026-06-06T10:23:09.126] [DEBUG] [calypso-direct] [DATA_IN] AWS=4.9kt AWA=8° Batt=100% Temp=0°C
[2026-06-06T10:23:09.322] [DEBUG] [calypso-direct] [DATA_IN] AWS=4.9kt AWA=350° Batt=100% Temp=0°C
[2026-06-06T10:23:09.515] [DEBUG] [calypso-direct] [DATA_IN] AWS=4.9kt AWA=350° Batt=100% Temp=0°C
[2026-06-06T10:23:09.905] [WARNING] [calypso-direct] [TIMING] Large gap: 390ms (expected ~125ms at 8Hz) AWS=4.3kt
[2026-06-06T10:23:09.906] [DEBUG] [calypso-direct] [DATA_IN] AWS=4.3kt AWA=349° Batt=100% Temp=0°C
[2026-06-06T10:23:10.100] [DEBUG] [calypso-direct] [DATA_IN] AWS=4.3kt AWA=349° Batt=100% Temp=0°C
[2026-06-06T10:23:10.296] [DEBUG] [calypso-direct] [DATA_IN] AWS=4.3kt AWA=349° Batt=100% Temp=0°C
[2026-06-06T10:23:10.490] [DEBUG] [calypso-direct] [DATA_IN] AWS=4.3kt AWA=356° Batt=100% Temp=0°C
[2026-06-06T10:23:10.880] [WARNING] [calypso-direct] [TIMING] Large gap: 390ms (expected ~125ms at 8Hz) AWS=4.3kt
[2026-06-06T10:23:10.881] [DEBUG] [calypso-direct] [DATA_IN] AWS=4.3kt AWA=356° Batt=100% Temp=0°C
[2026-06-06T10:23:11.270] [WARNING] [calypso-direct] [TIMING] Large gap: 390ms (expected ~125ms at 8Hz) AWS=4.3kt
[2026-06-06T10:23:11.271] [DEBUG] [calypso-direct] [DATA_IN] AWS=4.3kt AWA=1° Batt=100% Temp=0°C
[2026-06-06T10:23:11.465] [DEBUG] [calypso-direct] [DATA_IN] AWS=4.3kt AWA=356° Batt=100% Temp=0°C
[2026-06-06T10:23:11.661] [DEBUG] [calypso-direct] [DATA_IN] AWS=4.3kt AWA=0° Batt=100% Temp=0°C
[2026-06-06T10:23:11.855] [DEBUG] [calypso-direct] [DATA_IN] AWS=4.5kt AWA=1° Batt=100% Temp=0°C
[2026-06-06T10:23:12.051] [DEBUG] [calypso-direct] [DATA_IN] AWS=4.5kt AWA=0° Batt=100% Temp=0°C
[2026-06-06T10:23:12.245] [DEBUG] [calypso-direct] [DATA_IN] AWS=4.5kt AWA=0° Batt=100% Temp=0°C
[2026-06-06T10:23:12.830] [WARNING] [calypso-direct] [TIMING] Large gap: 585ms (expected ~125ms at 8Hz) AWS=4.5kt
[2026-06-06T10:23:12.831] [DEBUG] [calypso-direct] [DATA_IN] AWS=4.5kt AWA=3° Batt=100% Temp=0°C
[2026-06-06T10:23:12.832] [DEBUG] [calypso-direct] [DATA_IN] AWS=4.5kt AWA=3° Batt=100% Temp=0°C
[2026-06-06T10:23:13.025] [DEBUG] [calypso-direct] [DATA_IN] AWS=4.5kt AWA=356° Batt=100% Temp=0°C
[2026-06-06T10:23:13.415] [WARNING] [calypso-direct] [TIMING] Large gap: 390ms (expected ~125ms at 8Hz) AWS=4.5kt
[2026-06-06T10:23:13.415] [DEBUG] [calypso-direct] [DATA_IN] AWS=4.5kt AWA=356° Batt=100% Temp=0°C
[2026-06-06T10:23:13.611] [DEBUG] [calypso-direct] [DATA_IN] AWS=4.7kt AWA=356° Batt=100% Temp=0°C
[2026-06-06T10:23:13.805] [DEBUG] [calypso-direct] [DATA_IN] AWS=4.7kt AWA=356° Batt=100% Temp=0°C
[2026-06-06T10:23:14.195] [WARNING] [calypso-direct] [TIMING] Large gap: 390ms (expected ~125ms at 8Hz) AWS=4.5kt
[2026-06-06T10:23:14.196] [DEBUG] [calypso-direct] [DATA_IN] AWS=4.5kt AWA=356° Batt=100% Temp=0°C
[2026-06-06T10:23:14.390] [DEBUG] [calypso-direct] [DATA_IN] AWS=4.5kt AWA=0° Batt=100% Temp=0°C
[2026-06-06T10:23:14.586] [DEBUG] [calypso-direct] [DATA_IN] AWS=4.5kt AWA=0° Batt=100% Temp=0°C
[2026-06-06T10:23:14.780] [DEBUG] [calypso-direct] [DATA_IN] AWS=4.3kt AWA=0° Batt=100% Temp=0°C
[2026-06-06T10:23:15.170] [WARNING] [calypso-direct] [TIMING] Large gap: 390ms (expected ~125ms at 8Hz) AWS=4.1kt
[2026-06-06T10:23:15.171] [DEBUG] [calypso-direct] [DATA_IN] AWS=4.1kt AWA=2° Batt=100% Temp=0°C
[2026-06-06T10:23:15.755] [WARNING] [calypso-direct] [TIMING] Large gap: 585ms (expected ~125ms at 8Hz) AWS=4.1kt
[2026-06-06T10:23:15.758] [DEBUG] [calypso-direct] [DATA_IN] AWS=4.1kt AWA=2° Batt=100% Temp=0°C
[2026-06-06T10:23:15.759] [DEBUG] [calypso-direct] [DATA_IN] AWS=4.3kt AWA=4° Batt=100% Temp=0°C
[2026-06-06T10:23:15.759] [DEBUG] [calypso-direct] [DATA_IN] AWS=4.3kt AWA=3° Batt=100% Temp=0°C
[2026-06-06T10:23:16.146] [WARNING] [calypso-direct] [TIMING] Large gap: 386ms (expected ~125ms at 8Hz) AWS=4.1kt
[2026-06-06T10:23:16.146] [DEBUG] [calypso-direct] [DATA_IN] AWS=4.1kt AWA=4° Batt=100% Temp=0°C
[2026-06-06T10:23:16.340] [DEBUG] [calypso-direct] [DATA_IN] AWS=4.1kt AWA=3° Batt=100% Temp=0°C
[2026-06-06T10:23:16.535] [DEBUG] [calypso-direct] [DATA_IN] AWS=4.1kt AWA=3° Batt=100% Temp=0°C
[2026-06-06T10:23:17.120] [WARNING] [calypso-direct] [TIMING] Large gap: 585ms (expected ~125ms at 8Hz) AWS=3.9kt
[2026-06-06T10:23:17.121] [DEBUG] [calypso-direct] [DATA_IN] AWS=3.9kt AWA=3° Batt=100% Temp=0°C
[2026-06-06T10:23:17.122] [DEBUG] [calypso-direct] [DATA_IN] AWS=3.9kt AWA=1° Batt=100% Temp=0°C
[2026-06-06T10:23:17.315] [DEBUG] [calypso-direct] [DATA_IN] AWS=3.9kt AWA=1° Batt=100% Temp=0°C
[2026-06-06T10:23:17.510] [DEBUG] [calypso-direct] [DATA_IN] AWS=4.1kt AWA=6° Batt=100% Temp=0°C
[2026-06-06T10:23:18.486] [WARNING] [calypso-direct] [TIMING] Large gap: 975ms (expected ~125ms at 8Hz) AWS=4.5kt
[2026-06-06T10:23:18.486] [DEBUG] [calypso-direct] [DATA_IN] AWS=4.5kt AWA=6° Batt=100% Temp=0°C
[2026-06-06T10:23:18.488] [DEBUG] [calypso-direct] [DATA_IN] AWS=4.5kt AWA=5° Batt=100% Temp=0°C
[2026-06-06T10:23:18.489] [DEBUG] [calypso-direct] [DATA_IN] AWS=4.5kt AWA=5° Batt=100% Temp=0°C
[2026-06-06T10:23:18.680] [DEBUG] [calypso-direct] [DATA_IN] AWS=4.3kt AWA=4° Batt=100% Temp=0°C
[2026-06-06T10:23:19.070] [WARNING] [calypso-direct] [TIMING] Large gap: 390ms (expected ~125ms at 8Hz) AWS=4.1kt
[2026-06-06T10:23:19.072] [DEBUG] [calypso-direct] [DATA_IN] AWS=4.1kt AWA=0° Batt=100% Temp=0°C
[2026-06-06T10:23:19.265] [DEBUG] [calypso-direct] [DATA_IN] AWS=4.1kt AWA=4° Batt=100% Temp=0°C
[2026-06-06T10:23:19.655] [WARNING] [calypso-direct] [TIMING] Large gap: 390ms (expected ~125ms at 8Hz) AWS=4.3kt
[2026-06-06T10:23:19.656] [DEBUG] [calypso-direct] [DATA_IN] AWS=4.3kt AWA=353° Batt=100% Temp=0°C
[2026-06-06T10:23:20.045] [WARNING] [calypso-direct] [TIMING] Large gap: 390ms (expected ~125ms at 8Hz) AWS=4.5kt
[2026-06-06T10:23:20.046] [DEBUG] [calypso-direct] [DATA_IN] AWS=4.5kt AWA=353° Batt=100% Temp=0°C
[2026-06-06T10:23:20.047] [DEBUG] [calypso-direct] [DATA_IN] AWS=4.5kt AWA=353° Batt=100% Temp=0°C
[2026-06-06T10:23:20.240] [DEBUG] [calypso-direct] [DATA_IN] AWS=4.7kt AWA=353° Batt=100% Temp=0°C
[2026-06-06T10:23:20.630] [WARNING] [calypso-direct] [TIMING] Large gap: 390ms (expected ~125ms at 8Hz) AWS=4.7kt
[2026-06-06T10:23:20.630] [DEBUG] [calypso-direct] [DATA_IN] AWS=4.7kt AWA=353° Batt=100% Temp=0°C
[2026-06-06T10:23:20.826] [DEBUG] [calypso-direct] [DATA_IN] AWS=4.9kt AWA=356° Batt=100% Temp=0°C
[2026-06-06T10:23:21.020] [DEBUG] [calypso-direct] [DATA_IN] AWS=4.9kt AWA=356° Batt=100% Temp=0°C
[2026-06-06T10:23:21.410] [WARNING] [calypso-direct] [TIMING] Large gap: 390ms (expected ~125ms at 8Hz) AWS=4.9kt
[2026-06-06T10:23:21.412] [DEBUG] [calypso-direct] [DATA_IN] AWS=4.9kt AWA=356° Batt=100% Temp=0°C
[2026-06-06T10:23:21.605] [DEBUG] [calypso-direct] [DATA_IN] AWS=4.7kt AWA=356° Batt=100% Temp=0°C
[2026-06-06T10:23:21.800] [DEBUG] [calypso-direct] [DATA_IN] AWS=4.7kt AWA=356° Batt=100% Temp=0°C
[2026-06-06T10:23:21.995] [DEBUG] [calypso-direct] [DATA_IN] AWS=4.7kt AWA=350° Batt=100% Temp=0°C
[2026-06-06T10:23:22.385] [WARNING] [calypso-direct] [TIMING] Large gap: 390ms (expected ~125ms at 8Hz) AWS=4.7kt
[2026-06-06T10:23:22.387] [DEBUG] [calypso-direct] [DATA_IN] AWS=4.7kt AWA=350° Batt=100% Temp=0°C
[2026-06-06T10:23:22.580] [DEBUG] [calypso-direct] [DATA_IN] AWS=4.9kt AWA=350° Batt=100% Temp=0°C
[2026-06-06T10:23:22.971] [WARNING] [calypso-direct] [TIMING] Large gap: 391ms (expected ~125ms at 8Hz) AWS=4.9kt
[2026-06-06T10:23:22.971] [DEBUG] [calypso-direct] [DATA_IN] AWS=4.9kt AWA=350° Batt=100% Temp=0°C
[2026-06-06T10:23:23.360] [WARNING] [calypso-direct] [TIMING] Large gap: 389ms (expected ~125ms at 8Hz) AWS=4.9kt
[2026-06-06T10:23:23.362] [DEBUG] [calypso-direct] [DATA_IN] AWS=4.9kt AWA=350° Batt=100% Temp=0°C
[2026-06-06T10:23:23.363] [DEBUG] [calypso-direct] [DATA_IN] AWS=4.9kt AWA=354° Batt=100% Temp=0°C
[2026-06-06T10:23:23.555] [DEBUG] [calypso-direct] [DATA_IN] AWS=4.9kt AWA=354° Batt=100% Temp=0°C
[2026-06-06T10:23:23.750] [DEBUG] [calypso-direct] [DATA_IN] AWS=4.9kt AWA=354° Batt=100% Temp=0°C
[2026-06-06T10:23:24.335] [WARNING] [calypso-direct] [TIMING] Large gap: 585ms (expected ~125ms at 8Hz) AWS=4.9kt
[2026-06-06T10:23:24.336] [DEBUG] [calypso-direct] [DATA_IN] AWS=4.9kt AWA=354° Batt=100% Temp=0°C
[2026-06-06T10:23:24.337] [DEBUG] [calypso-direct] [DATA_IN] AWS=4.9kt AWA=354° Batt=100% Temp=0°C
[2026-06-06T10:23:24.530] [DEBUG] [calypso-direct] [DATA_IN] AWS=4.7kt AWA=345° Batt=100% Temp=0°C
[2026-06-06T10:23:24.920] [WARNING] [calypso-direct] [TIMING] Large gap: 390ms (expected ~125ms at 8Hz) AWS=4.9kt
[2026-06-06T10:23:24.920] [DEBUG] [calypso-direct] [DATA_IN] AWS=4.9kt AWA=344° Batt=100% Temp=0°C
[2026-06-06T10:23:25.115] [DEBUG] [calypso-direct] [DATA_IN] AWS=4.7kt AWA=344° Batt=100% Temp=0°C
[2026-06-06T10:23:25.310] [DEBUG] [calypso-direct] [DATA_IN] AWS=4.7kt AWA=344° Batt=100% Temp=0°C
[2026-06-06T10:23:25.895] [WARNING] [calypso-direct] [TIMING] Large gap: 585ms (expected ~125ms at 8Hz) AWS=4.5kt
[2026-06-06T10:23:25.895] [DEBUG] [calypso-direct] [DATA_IN] AWS=4.5kt AWA=345° Batt=100% Temp=0°C
[2026-06-06T10:23:25.897] [DEBUG] [calypso-direct] [DATA_IN] AWS=4.7kt AWA=338° Batt=100% Temp=0°C
[2026-06-06T10:23:26.092] [DEBUG] [calypso-direct] [DATA_IN] AWS=4.7kt AWA=338° Batt=100% Temp=0°C
[2026-06-06T10:23:26.285] [DEBUG] [calypso-direct] [DATA_IN] AWS=4.5kt AWA=338° Batt=100% Temp=0°C
[2026-06-06T10:23:26.480] [DEBUG] [calypso-direct] [DATA_IN] AWS=4.5kt AWA=338° Batt=100% Temp=0°C
[2026-06-06T10:23:26.870] [WARNING] [calypso-direct] [TIMING] Large gap: 390ms (expected ~125ms at 8Hz) AWS=4.3kt
[2026-06-06T10:23:26.870] [DEBUG] [calypso-direct] [DATA_IN] AWS=4.3kt AWA=338° Batt=100% Temp=0°C
[2026-06-06T10:23:27.260] [WARNING] [calypso-direct] [TIMING] Large gap: 390ms (expected ~125ms at 8Hz) AWS=4.3kt
[2026-06-06T10:23:27.260] [DEBUG] [calypso-direct] [DATA_IN] AWS=4.3kt AWA=338° Batt=100% Temp=0°C
[2026-06-06T10:23:27.261] [DEBUG] [calypso-direct] [DATA_IN] AWS=4.1kt AWA=338° Batt=100% Temp=0°C
[2026-06-06T10:23:27.650] [WARNING] [calypso-direct] [TIMING] Large gap: 389ms (expected ~125ms at 8Hz) AWS=3.9kt
[2026-06-06T10:23:27.651] [DEBUG] [calypso-direct] [DATA_IN] AWS=3.9kt AWA=338° Batt=100% Temp=0°C
[2026-06-06T10:23:27.846] [DEBUG] [calypso-direct] [DATA_IN] AWS=3.9kt AWA=338° Batt=100% Temp=0°C
[2026-06-06T10:23:28.040] [DEBUG] [calypso-direct] [DATA_IN] AWS=3.9kt AWA=338° Batt=100% Temp=0°C
[2026-06-06T10:23:28.625] [WARNING] [calypso-direct] [TIMING] Large gap: 585ms (expected ~125ms at 8Hz) AWS=3.9kt
[2026-06-06T10:23:28.625] [DEBUG] [calypso-direct] [DATA_IN] AWS=3.9kt AWA=352° Batt=100% Temp=0°C
[2026-06-06T10:23:28.820] [DEBUG] [calypso-direct] [DATA_IN] AWS=3.7kt AWA=352° Batt=100% Temp=0°C
[2026-06-06T10:23:28.821] [DEBUG] [calypso-direct] [DATA_IN] AWS=3.9kt AWA=352° Batt=100% Temp=0°C
[2026-06-06T10:23:29.015] [DEBUG] [calypso-direct] [DATA_IN] AWS=4.1kt AWA=352° Batt=100% Temp=0°C
[2026-06-06T10:23:29.405] [WARNING] [calypso-direct] [TIMING] Large gap: 390ms (expected ~125ms at 8Hz) AWS=4.3kt
[2026-06-06T10:23:29.406] [DEBUG] [calypso-direct] [DATA_IN] AWS=4.3kt AWA=352° Batt=100% Temp=0°C
[2026-06-06T10:23:29.600] [DEBUG] [calypso-direct] [DATA_IN] AWS=4.5kt AWA=346° Batt=100% Temp=0°C
[2026-06-06T10:23:29.795] [DEBUG] [calypso-direct] [DATA_IN] AWS=4.7kt AWA=346° Batt=100% Temp=0°C
[2026-06-06T10:23:30.185] [WARNING] [calypso-direct] [TIMING] Large gap: 390ms (expected ~125ms at 8Hz) AWS=4.9kt
[2026-06-06T10:23:30.186] [DEBUG] [calypso-direct] [DATA_IN] AWS=4.9kt AWA=346° Batt=100% Temp=0°C
[2026-06-06T10:23:30.380] [DEBUG] [calypso-direct] [DATA_IN] AWS=4.7kt AWA=346° Batt=100% Temp=0°C
[2026-06-06T10:23:30.576] [DEBUG] [calypso-direct] [DATA_IN] AWS=4.5kt AWA=346° Batt=100% Temp=0°C
[2026-06-06T10:23:30.770] [DEBUG] [calypso-direct] [DATA_IN] AWS=4.7kt AWA=341° Batt=100% Temp=0°C
[2026-06-06T10:23:31.552] [WARNING] [calypso-direct] [TIMING] Large gap: 782ms (expected ~125ms at 8Hz) AWS=4.5kt
[2026-06-06T10:23:31.552] [DEBUG] [calypso-direct] [DATA_IN] AWS=4.5kt AWA=341° Batt=100% Temp=0°C
[2026-06-06T10:23:31.554] [DEBUG] [calypso-direct] [DATA_IN] AWS=4.5kt AWA=341° Batt=100% Temp=0°C
[2026-06-06T10:23:31.554] [DEBUG] [calypso-direct] [DATA_IN] AWS=4.5kt AWA=341° Batt=100% Temp=0°C
[2026-06-06T10:23:31.745] [DEBUG] [calypso-direct] [DATA_IN] AWS=4.7kt AWA=341° Batt=100% Temp=0°C
[2026-06-06T10:23:32.135] [WARNING] [calypso-direct] [TIMING] Large gap: 390ms (expected ~125ms at 8Hz) AWS=4.1kt
[2026-06-06T10:23:32.135] [DEBUG] [calypso-direct] [DATA_IN] AWS=4.1kt AWA=339° Batt=100% Temp=0°C
[2026-06-06T10:23:32.916] [WARNING] [calypso-direct] [TIMING] Large gap: 781ms (expected ~125ms at 8Hz) AWS=4.1kt
[2026-06-06T10:23:32.917] [DEBUG] [calypso-direct] [DATA_IN] AWS=4.1kt AWA=339° Batt=100% Temp=0°C
[2026-06-06T10:23:32.918] [DEBUG] [calypso-direct] [DATA_IN] AWS=4.1kt AWA=339° Batt=100% Temp=0°C
[2026-06-06T10:23:32.919] [DEBUG] [calypso-direct] [DATA_IN] AWS=4.5kt AWA=339° Batt=100% Temp=0°C
[2026-06-06T10:23:33.110] [DEBUG] [calypso-direct] [DATA_IN] AWS=4.5kt AWA=339° Batt=100% Temp=0°C
[2026-06-06T10:23:33.305] [DEBUG] [calypso-direct] [DATA_IN] AWS=4.5kt AWA=340° Batt=100% Temp=0°C
[2026-06-06T10:23:33.500] [DEBUG] [calypso-direct] [DATA_IN] AWS=4.5kt AWA=340° Batt=100% Temp=0°C
[2026-06-06T10:23:33.890] [WARNING] [calypso-direct] [TIMING] Large gap: 390ms (expected ~125ms at 8Hz) AWS=4.5kt
[2026-06-06T10:23:33.890] [DEBUG] [calypso-direct] [DATA_IN] AWS=4.5kt AWA=339° Batt=100% Temp=0°C
[2026-06-06T10:23:34.085] [DEBUG] [calypso-direct] [DATA_IN] AWS=4.3kt AWA=339° Batt=100% Temp=0°C
[2026-06-06T10:23:34.476] [WARNING] [calypso-direct] [TIMING] Large gap: 391ms (expected ~125ms at 8Hz) AWS=4.3kt
[2026-06-06T10:23:34.476] [DEBUG] [calypso-direct] [DATA_IN] AWS=4.3kt AWA=339° Batt=100% Temp=0°C
[2026-06-06T10:23:34.670] [DEBUG] [calypso-direct] [DATA_IN] AWS=4.5kt AWA=336° Batt=100% Temp=0°C
[2026-06-06T10:23:34.865] [DEBUG] [calypso-direct] [DATA_IN] AWS=4.5kt AWA=336° Batt=100% Temp=0°C
[2026-06-06T10:23:35.255] [WARNING] [calypso-direct] [TIMING] Large gap: 390ms (expected ~125ms at 8Hz) AWS=4.3kt
[2026-06-06T10:23:35.255] [DEBUG] [calypso-direct] [DATA_IN] AWS=4.3kt AWA=336° Batt=100% Temp=0°C
[2026-06-06T10:23:35.257] [DEBUG] [calypso-direct] [DATA_IN] AWS=4.1kt AWA=336° Batt=100% Temp=0°C
[2026-06-06T10:23:35.840] [WARNING] [calypso-direct] [TIMING] Large gap: 583ms (expected ~125ms at 8Hz) AWS=4.1kt
[2026-06-06T10:23:35.840] [DEBUG] [calypso-direct] [DATA_IN] AWS=4.1kt AWA=335° Batt=100% Temp=0°C
[2026-06-06T10:23:36.035] [DEBUG] [calypso-direct] [DATA_IN] AWS=3.9kt AWA=336° Batt=100% Temp=0°C
[2026-06-06T10:23:36.037] [DEBUG] [calypso-direct] [DATA_IN] AWS=4.1kt AWA=336° Batt=100% Temp=0°C
[2026-06-06T10:23:36.230] [DEBUG] [calypso-direct] [DATA_IN] AWS=4.1kt AWA=336° Batt=100% Temp=0°C
[2026-06-06T10:23:36.230] [INFO] [calypso-direct] [HEARTBEAT] packets=1197 last_data=0s ago l1_fails=0
[2026-06-06T10:23:36.621] [WARNING] [calypso-direct] [TIMING] Large gap: 391ms (expected ~125ms at 8Hz) AWS=4.1kt
[2026-06-06T10:23:36.621] [DEBUG] [calypso-direct] [DATA_IN] AWS=4.1kt AWA=336° Batt=100% Temp=0°C
[2026-06-06T10:23:36.815] [DEBUG] [calypso-direct] [DATA_IN] AWS=4.1kt AWA=336° Batt=100% Temp=0°C
[2026-06-06T10:23:37.400] [WARNING] [calypso-direct] [TIMING] Large gap: 585ms (expected ~125ms at 8Hz) AWS=4.3kt
[2026-06-06T10:23:37.400] [DEBUG] [calypso-direct] [DATA_IN] AWS=4.3kt AWA=334° Batt=100% Temp=0°C
[2026-06-06T10:23:37.402] [DEBUG] [calypso-direct] [DATA_IN] AWS=4.3kt AWA=334° Batt=100% Temp=0°C
[2026-06-06T10:23:37.595] [DEBUG] [calypso-direct] [DATA_IN] AWS=3.9kt AWA=334° Batt=100% Temp=0°C
[2026-06-06T10:23:37.790] [DEBUG] [calypso-direct] [DATA_IN] AWS=4.3kt AWA=334° Batt=100% Temp=0°C
[2026-06-06T10:23:37.985] [DEBUG] [calypso-direct] [DATA_IN] AWS=4.5kt AWA=334° Batt=100% Temp=0°C
[2026-06-06T10:23:38.375] [WARNING] [calypso-direct] [TIMING] Large gap: 390ms (expected ~125ms at 8Hz) AWS=4.5kt
[2026-06-06T10:23:38.375] [DEBUG] [calypso-direct] [DATA_IN] AWS=4.5kt AWA=333° Batt=100% Temp=0°C
[2026-06-06T10:23:38.765] [WARNING] [calypso-direct] [TIMING] Large gap: 390ms (expected ~125ms at 8Hz) AWS=4.5kt
[2026-06-06T10:23:38.765] [DEBUG] [calypso-direct] [DATA_IN] AWS=4.5kt AWA=333° Batt=100% Temp=0°C
[2026-06-06T10:23:38.767] [DEBUG] [calypso-direct] [DATA_IN] AWS=4.5kt AWA=333° Batt=100% Temp=0°C
[2026-06-06T10:23:39.155] [WARNING] [calypso-direct] [TIMING] Large gap: 388ms (expected ~125ms at 8Hz) AWS=4.3kt
[2026-06-06T10:23:39.155] [DEBUG] [calypso-direct] [DATA_IN] AWS=4.3kt AWA=332° Batt=100% Temp=0°C
[2026-06-06T10:23:39.350] [DEBUG] [calypso-direct] [DATA_IN] AWS=4.3kt AWA=332° Batt=100% Temp=0°C
[2026-06-06T10:23:39.545] [DEBUG] [calypso-direct] [DATA_IN] AWS=4.1kt AWA=342° Batt=100% Temp=0°C
[2026-06-06T10:23:39.740] [DEBUG] [calypso-direct] [DATA_IN] AWS=4.1kt AWA=342° Batt=100% Temp=0°C
[2026-06-06T10:23:40.325] [WARNING] [calypso-direct] [TIMING] Large gap: 585ms (expected ~125ms at 8Hz) AWS=4.1kt
[2026-06-06T10:23:40.325] [DEBUG] [calypso-direct] [DATA_IN] AWS=4.1kt AWA=341° Batt=100% Temp=0°C
[2026-06-06T10:23:40.326] [DEBUG] [calypso-direct] [DATA_IN] AWS=4.1kt AWA=341° Batt=100% Temp=0°C
[2026-06-06T10:23:40.520] [DEBUG] [calypso-direct] [DATA_IN] AWS=3.9kt AWA=341° Batt=100% Temp=0°C
[2026-06-06T10:23:40.910] [WARNING] [calypso-direct] [TIMING] Large gap: 390ms (expected ~125ms at 8Hz) AWS=3.9kt
[2026-06-06T10:23:40.910] [DEBUG] [calypso-direct] [DATA_IN] AWS=3.9kt AWA=334° Batt=100% Temp=0°C
[2026-06-06T10:23:41.105] [DEBUG] [calypso-direct] [DATA_IN] AWS=4.1kt AWA=334° Batt=100% Temp=0°C
[2026-06-06T10:23:41.300] [DEBUG] [calypso-direct] [DATA_IN] AWS=4.1kt AWA=333° Batt=100% Temp=0°C
[2026-06-06T10:23:41.692] [WARNING] [calypso-direct] [TIMING] Large gap: 392ms (expected ~125ms at 8Hz) AWS=3.9kt
[2026-06-06T10:23:41.692] [DEBUG] [calypso-direct] [DATA_IN] AWS=3.9kt AWA=333° Batt=100% Temp=0°C
[2026-06-06T10:23:41.886] [DEBUG] [calypso-direct] [DATA_IN] AWS=3.7kt AWA=333° Batt=100% Temp=0°C
[2026-06-06T10:23:42.080] [DEBUG] [calypso-direct] [DATA_IN] AWS=3.7kt AWA=341° Batt=100% Temp=0°C
[2026-06-06T10:23:42.275] [DEBUG] [calypso-direct] [DATA_IN] AWS=3.7kt AWA=341° Batt=100% Temp=0°C
[2026-06-06T10:23:43.250] [WARNING] [calypso-direct] [TIMING] Large gap: 975ms (expected ~125ms at 8Hz) AWS=3.7kt
[2026-06-06T10:23:43.250] [DEBUG] [calypso-direct] [DATA_IN] AWS=3.7kt AWA=341° Batt=100% Temp=0°C
[2026-06-06T10:23:43.251] [DEBUG] [calypso-direct] [DATA_IN] AWS=3.7kt AWA=341° Batt=100% Temp=0°C
[2026-06-06T10:23:43.253] [DEBUG] [calypso-direct] [DATA_IN] AWS=3.7kt AWA=341° Batt=100% Temp=0°C
[2026-06-06T10:23:43.444] [DEBUG] [calypso-direct] [DATA_IN] AWS=3.5kt AWA=10° Batt=100% Temp=0°C
[2026-06-06T10:23:43.640] [DEBUG] [calypso-direct] [DATA_IN] AWS=3.5kt AWA=10° Batt=100% Temp=0°C
[2026-06-06T10:23:43.835] [DEBUG] [calypso-direct] [DATA_IN] AWS=3.5kt AWA=10° Batt=100% Temp=0°C
[2026-06-06T10:23:44.030] [DEBUG] [calypso-direct] [DATA_IN] AWS=3.7kt AWA=10° Batt=100% Temp=0°C
[2026-06-06T10:23:44.615] [WARNING] [calypso-direct] [TIMING] Large gap: 584ms (expected ~125ms at 8Hz) AWS=3.9kt
[2026-06-06T10:23:44.615] [DEBUG] [calypso-direct] [DATA_IN] AWS=3.9kt AWA=10° Batt=100% Temp=0°C
[2026-06-06T10:23:44.616] [DEBUG] [calypso-direct] [DATA_IN] AWS=4.1kt AWA=337° Batt=100% Temp=0°C
[2026-06-06T10:23:44.810] [DEBUG] [calypso-direct] [DATA_IN] AWS=4.1kt AWA=337° Batt=100% Temp=0°C
[2026-06-06T10:23:45.005] [DEBUG] [calypso-direct] [DATA_IN] AWS=3.9kt AWA=337° Batt=100% Temp=0°C
[2026-06-06T10:23:45.395] [WARNING] [calypso-direct] [TIMING] Large gap: 390ms (expected ~125ms at 8Hz) AWS=3.7kt
[2026-06-06T10:23:45.395] [DEBUG] [calypso-direct] [DATA_IN] AWS=3.7kt AWA=337° Batt=100% Temp=0°C
[2026-06-06T10:23:45.980] [WARNING] [calypso-direct] [TIMING] Large gap: 585ms (expected ~125ms at 8Hz) AWS=3.5kt
[2026-06-06T10:23:45.980] [INFO] [calypso-direct] [RATE_1MIN] 237 pkts/min (expected 480 at 8Hz) max_gap=975ms gaps_>250ms=82
[2026-06-06T10:23:45.980] [DEBUG] [calypso-direct] [DATA_IN] AWS=3.5kt AWA=337° Batt=100% Temp=0°C
[2026-06-06T10:23:45.981] [DEBUG] [calypso-direct] [DATA_IN] AWS=3.1kt AWA=350° Batt=100% Temp=0°C
[2026-06-06T10:23:46.175] [DEBUG] [calypso-direct] [DATA_IN] AWS=3.1kt AWA=350° Batt=100% Temp=0°C
[2026-06-06T10:23:46.370] [DEBUG] [calypso-direct] [DATA_IN] AWS=3.1kt AWA=350° Batt=100% Temp=0°C
[2026-06-06T10:23:46.566] [DEBUG] [calypso-direct] [DATA_IN] AWS=3.3kt AWA=350° Batt=100% Temp=0°C
[2026-06-06T10:23:46.960] [WARNING] [calypso-direct] [TIMING] Large gap: 394ms (expected ~125ms at 8Hz) AWS=3.3kt
[2026-06-06T10:23:46.961] [DEBUG] [calypso-direct] [DATA_IN] AWS=3.3kt AWA=350° Batt=100% Temp=0°C
[2026-06-06T10:23:47.539] [WARNING] [calypso-direct] [TIMING] Large gap: 579ms (expected ~125ms at 8Hz) AWS=3.3kt
[2026-06-06T10:23:47.540] [DEBUG] [calypso-direct] [DATA_IN] AWS=3.3kt AWA=335° Batt=100% Temp=0°C
[2026-06-06T10:23:47.543] [DEBUG] [calypso-direct] [DATA_IN] AWS=3.9kt AWA=335° Batt=100% Temp=0°C
[2026-06-06T10:23:47.545] [DEBUG] [calypso-direct] [DATA_IN] AWS=3.9kt AWA=334° Batt=100% Temp=0°C
[2026-06-06T10:23:47.735] [DEBUG] [calypso-direct] [DATA_IN] AWS=3.9kt AWA=334° Batt=100% Temp=0°C
[2026-06-06T10:23:48.125] [WARNING] [calypso-direct] [TIMING] Large gap: 390ms (expected ~125ms at 8Hz) AWS=3.3kt
[2026-06-06T10:23:48.125] [DEBUG] [calypso-direct] [DATA_IN] AWS=3.3kt AWA=334° Batt=100% Temp=0°C
[2026-06-06T10:23:48.320] [DEBUG] [calypso-direct] [DATA_IN] AWS=3.5kt AWA=343° Batt=100% Temp=0°C
[2026-06-06T10:23:48.515] [DEBUG] [calypso-direct] [DATA_IN] AWS=3.1kt AWA=343° Batt=100% Temp=0°C
[2026-06-06T10:23:48.904] [WARNING] [calypso-direct] [TIMING] Large gap: 390ms (expected ~125ms at 8Hz) AWS=3.1kt
[2026-06-06T10:23:48.905] [DEBUG] [calypso-direct] [DATA_IN] AWS=3.1kt AWA=343° Batt=100% Temp=0°C
[2026-06-06T10:23:49.100] [DEBUG] [calypso-direct] [DATA_IN] AWS=3.5kt AWA=343° Batt=100% Temp=0°C
[2026-06-06T10:23:49.295] [DEBUG] [calypso-direct] [DATA_IN] AWS=3.5kt AWA=343° Batt=100% Temp=0°C
[2026-06-06T10:23:49.490] [DEBUG] [calypso-direct] [DATA_IN] AWS=3.3kt AWA=343° Batt=100% Temp=0°C
[2026-06-06T10:23:49.879] [WARNING] [calypso-direct] [TIMING] Large gap: 390ms (expected ~125ms at 8Hz) AWS=3.5kt
[2026-06-06T10:23:49.880] [DEBUG] [calypso-direct] [DATA_IN] AWS=3.5kt AWA=343° Batt=100% Temp=0°C
[2026-06-06T10:23:50.270] [WARNING] [calypso-direct] [TIMING] Large gap: 391ms (expected ~125ms at 8Hz) AWS=3.5kt
[2026-06-06T10:23:50.271] [DEBUG] [calypso-direct] [DATA_IN] AWS=3.5kt AWA=342° Batt=100% Temp=0°C
[2026-06-06T10:23:50.272] [DEBUG] [calypso-direct] [DATA_IN] AWS=3.3kt AWA=342° Batt=100% Temp=0°C
[2026-06-06T10:23:50.660] [WARNING] [calypso-direct] [TIMING] Large gap: 389ms (expected ~125ms at 8Hz) AWS=3.3kt
[2026-06-06T10:23:50.661] [DEBUG] [calypso-direct] [DATA_IN] AWS=3.3kt AWA=342° Batt=100% Temp=0°C
[2026-06-06T10:23:50.854] [DEBUG] [calypso-direct] [DATA_IN] AWS=3.3kt AWA=343° Batt=100% Temp=0°C
[2026-06-06T10:23:51.050] [DEBUG] [calypso-direct] [DATA_IN] AWS=2.9kt AWA=343° Batt=100% Temp=0°C
[2026-06-06T10:23:51.245] [DEBUG] [calypso-direct] [DATA_IN] AWS=2.9kt AWA=343° Batt=100% Temp=0°C
[2026-06-06T10:23:51.831] [WARNING] [calypso-direct] [TIMING] Large gap: 587ms (expected ~125ms at 8Hz) AWS=2.9kt
[2026-06-06T10:23:51.832] [DEBUG] [calypso-direct] [DATA_IN] AWS=2.9kt AWA=342° Batt=100% Temp=0°C
[2026-06-06T10:23:51.833] [DEBUG] [calypso-direct] [DATA_IN] AWS=3.1kt AWA=342° Batt=100% Temp=0°C
[2026-06-06T10:23:52.026] [DEBUG] [calypso-direct] [DATA_IN] AWS=3.5kt AWA=328° Batt=100% Temp=0°C
[2026-06-06T10:23:52.415] [WARNING] [calypso-direct] [TIMING] Large gap: 389ms (expected ~125ms at 8Hz) AWS=3.5kt
[2026-06-06T10:23:52.415] [DEBUG] [calypso-direct] [DATA_IN] AWS=3.5kt AWA=328° Batt=100% Temp=0°C
[2026-06-06T10:23:52.610] [DEBUG] [calypso-direct] [DATA_IN] AWS=3.3kt AWA=328° Batt=100% Temp=0°C
[2026-06-06T10:23:52.805] [DEBUG] [calypso-direct] [DATA_IN] AWS=3.5kt AWA=328° Batt=100% Temp=0°C
[2026-06-06T10:23:53.195] [WARNING] [calypso-direct] [TIMING] Large gap: 390ms (expected ~125ms at 8Hz) AWS=3.3kt
[2026-06-06T10:23:53.196] [DEBUG] [calypso-direct] [DATA_IN] AWS=3.3kt AWA=327° Batt=100% Temp=0°C
[2026-06-06T10:23:53.391] [DEBUG] [calypso-direct] [DATA_IN] AWS=3.3kt AWA=331° Batt=100% Temp=0°C
[2026-06-06T10:23:53.584] [DEBUG] [calypso-direct] [DATA_IN] AWS=3.3kt AWA=330° Batt=100% Temp=0°C
[2026-06-06T10:23:53.779] [DEBUG] [calypso-direct] [DATA_IN] AWS=3.5kt AWA=330° Batt=100% Temp=0°C
[2026-06-06T10:23:54.169] [WARNING] [calypso-direct] [TIMING] Large gap: 390ms (expected ~125ms at 8Hz) AWS=3.5kt
[2026-06-06T10:23:54.170] [DEBUG] [calypso-direct] [DATA_IN] AWS=3.5kt AWA=330° Batt=100% Temp=0°C
[2026-06-06T10:23:54.755] [WARNING] [calypso-direct] [TIMING] Large gap: 586ms (expected ~125ms at 8Hz) AWS=3.5kt
[2026-06-06T10:23:54.756] [DEBUG] [calypso-direct] [DATA_IN] AWS=3.5kt AWA=330° Batt=100% Temp=0°C
[2026-06-06T10:23:54.757] [DEBUG] [calypso-direct] [DATA_IN] AWS=3.5kt AWA=325° Batt=100% Temp=0°C
[2026-06-06T10:23:54.758] [DEBUG] [calypso-direct] [DATA_IN] AWS=3.5kt AWA=325° Batt=100% Temp=0°C
[2026-06-06T10:23:55.144] [WARNING] [calypso-direct] [TIMING] Large gap: 387ms (expected ~125ms at 8Hz) AWS=3.5kt
[2026-06-06T10:23:55.145] [DEBUG] [calypso-direct] [DATA_IN] AWS=3.5kt AWA=325° Batt=100% Temp=0°C
[2026-06-06T10:23:55.340] [DEBUG] [calypso-direct] [DATA_IN] AWS=3.5kt AWA=325° Batt=100% Temp=0°C
[2026-06-06T10:23:55.535] [DEBUG] [calypso-direct] [DATA_IN] AWS=3.5kt AWA=325° Batt=100% Temp=0°C
[2026-06-06T10:23:56.121] [WARNING] [calypso-direct] [TIMING] Large gap: 586ms (expected ~125ms at 8Hz) AWS=3.5kt
[2026-06-06T10:23:56.121] [DEBUG] [calypso-direct] [DATA_IN] AWS=3.5kt AWA=326° Batt=100% Temp=0°C
[2026-06-06T10:23:56.122] [DEBUG] [calypso-direct] [DATA_IN] AWS=3.3kt AWA=327° Batt=100% Temp=0°C
[2026-06-06T10:23:56.315] [DEBUG] [calypso-direct] [DATA_IN] AWS=3.5kt AWA=326° Batt=100% Temp=0°C
[2026-06-06T10:23:56.510] [DEBUG] [calypso-direct] [DATA_IN] AWS=3.5kt AWA=325° Batt=100% Temp=0°C
[2026-06-06T10:23:57.095] [WARNING] [calypso-direct] [TIMING] Large gap: 586ms (expected ~125ms at 8Hz) AWS=3.5kt
[2026-06-06T10:23:57.097] [DEBUG] [calypso-direct] [DATA_IN] AWS=3.5kt AWA=326° Batt=100% Temp=0°C
[2026-06-06T10:23:57.098] [DEBUG] [calypso-direct] [DATA_IN] AWS=3.9kt AWA=326° Batt=100% Temp=0°C
[2026-06-06T10:23:57.680] [WARNING] [calypso-direct] [TIMING] Large gap: 582ms (expected ~125ms at 8Hz) AWS=3.9kt
[2026-06-06T10:23:57.680] [DEBUG] [calypso-direct] [DATA_IN] AWS=3.9kt AWA=324° Batt=100% Temp=0°C
[2026-06-06T10:23:57.682] [DEBUG] [calypso-direct] [DATA_IN] AWS=3.9kt AWA=325° Batt=100% Temp=0°C
[2026-06-06T10:23:58.070] [WARNING] [calypso-direct] [TIMING] Large gap: 387ms (expected ~125ms at 8Hz) AWS=3.7kt
[2026-06-06T10:23:58.070] [DEBUG] [calypso-direct] [DATA_IN] AWS=3.7kt AWA=325° Batt=100% Temp=0°C
[2026-06-06T10:23:58.074] [DEBUG] [calypso-direct] [DATA_IN] AWS=3.7kt AWA=325° Batt=100% Temp=0°C
[2026-06-06T10:23:58.264] [DEBUG] [calypso-direct] [DATA_IN] AWS=3.7kt AWA=318° Batt=100% Temp=0°C
[2026-06-06T10:23:59.045] [WARNING] [calypso-direct] [TIMING] Large gap: 780ms (expected ~125ms at 8Hz) AWS=3.7kt
[2026-06-06T10:23:59.045] [DEBUG] [calypso-direct] [DATA_IN] AWS=3.7kt AWA=319° Batt=100% Temp=0°C
[2026-06-06T10:23:59.048] [DEBUG] [calypso-direct] [DATA_IN] AWS=3.7kt AWA=319° Batt=100% Temp=0°C
[2026-06-06T10:23:59.049] [DEBUG] [calypso-direct] [DATA_IN] AWS=3.5kt AWA=319° Batt=100% Temp=0°C
[2026-06-06T10:23:59.240] [DEBUG] [calypso-direct] [DATA_IN] AWS=2.7kt AWA=320° Batt=100% Temp=0°C
[2026-06-06T10:23:59.630] [WARNING] [calypso-direct] [TIMING] Large gap: 390ms (expected ~125ms at 8Hz) AWS=2.3kt
[2026-06-06T10:23:59.630] [DEBUG] [calypso-direct] [DATA_IN] AWS=2.3kt AWA=344° Batt=100% Temp=0°C
[2026-06-06T10:23:59.825] [DEBUG] [calypso-direct] [DATA_IN] AWS=2.3kt AWA=344° Batt=100% Temp=0°C
[2026-06-06T10:24:00.410] [WARNING] [calypso-direct] [TIMING] Large gap: 585ms (expected ~125ms at 8Hz) AWS=2.5kt
[2026-06-06T10:24:00.410] [DEBUG] [calypso-direct] [DATA_IN] AWS=2.5kt AWA=345° Batt=100% Temp=0°C
[2026-06-06T10:24:00.412] [DEBUG] [calypso-direct] [DATA_IN] AWS=2.7kt AWA=345° Batt=100% Temp=0°C
[2026-06-06T10:24:00.604] [DEBUG] [calypso-direct] [DATA_IN] AWS=3.1kt AWA=345° Batt=100% Temp=0°C
[2026-06-06T10:24:00.799] [DEBUG] [calypso-direct] [DATA_IN] AWS=3.1kt AWA=325° Batt=100% Temp=0°C
[2026-06-06T10:24:00.995] [DEBUG] [calypso-direct] [DATA_IN] AWS=3.1kt AWA=323° Batt=100% Temp=0°C
[2026-06-06T10:24:01.774] [WARNING] [calypso-direct] [TIMING] Large gap: 780ms (expected ~125ms at 8Hz) AWS=2.7kt
[2026-06-06T10:24:01.775] [DEBUG] [calypso-direct] [DATA_IN] AWS=2.7kt AWA=322° Batt=100% Temp=0°C
[2026-06-06T10:24:01.778] [DEBUG] [calypso-direct] [DATA_IN] AWS=2.7kt AWA=322° Batt=100% Temp=0°C
[2026-06-06T10:24:01.779] [DEBUG] [calypso-direct] [DATA_IN] AWS=2.7kt AWA=322° Batt=100% Temp=0°C
[2026-06-06T10:24:02.165] [WARNING] [calypso-direct] [TIMING] Large gap: 386ms (expected ~125ms at 8Hz) AWS=2.7kt
[2026-06-06T10:24:02.165] [DEBUG] [calypso-direct] [DATA_IN] AWS=2.7kt AWA=323° Batt=100% Temp=0°C
[2026-06-06T10:24:02.360] [DEBUG] [calypso-direct] [DATA_IN] AWS=2.7kt AWA=323° Batt=100% Temp=0°C
[2026-06-06T10:24:02.555] [DEBUG] [calypso-direct] [DATA_IN] AWS=2.7kt AWA=324° Batt=100% Temp=0°C
[2026-06-06T10:24:02.750] [DEBUG] [calypso-direct] [DATA_IN] AWS=2.7kt AWA=324° Batt=100% Temp=0°C
[2026-06-06T10:24:03.335] [WARNING] [calypso-direct] [TIMING] Large gap: 585ms (expected ~125ms at 8Hz) AWS=2.7kt
[2026-06-06T10:24:03.335] [DEBUG] [calypso-direct] [DATA_IN] AWS=2.7kt AWA=325° Batt=100% Temp=0°C
[2026-06-06T10:24:03.338] [DEBUG] [calypso-direct] [DATA_IN] AWS=2.7kt AWA=324° Batt=100% Temp=0°C
[2026-06-06T10:24:03.530] [DEBUG] [calypso-direct] [DATA_IN] AWS=2.9kt AWA=323° Batt=100% Temp=0°C
[2026-06-06T10:24:03.919] [WARNING] [calypso-direct] [TIMING] Large gap: 390ms (expected ~125ms at 8Hz) AWS=2.9kt
[2026-06-06T10:24:03.920] [DEBUG] [calypso-direct] [DATA_IN] AWS=2.9kt AWA=322° Batt=100% Temp=0°C
[2026-06-06T10:24:04.114] [DEBUG] [calypso-direct] [DATA_IN] AWS=2.9kt AWA=322° Batt=100% Temp=0°C
[2026-06-06T10:24:04.309] [DEBUG] [calypso-direct] [DATA_IN] AWS=2.7kt AWA=322° Batt=100% Temp=0°C
[2026-06-06T10:24:04.700] [WARNING] [calypso-direct] [TIMING] Large gap: 390ms (expected ~125ms at 8Hz) AWS=2.7kt
[2026-06-06T10:24:04.702] [DEBUG] [calypso-direct] [DATA_IN] AWS=2.7kt AWA=345° Batt=100% Temp=0°C
[2026-06-06T10:24:04.894] [DEBUG] [calypso-direct] [DATA_IN] AWS=2.5kt AWA=345° Batt=100% Temp=0°C
[2026-06-06T10:24:05.090] [DEBUG] [calypso-direct] [DATA_IN] AWS=2.5kt AWA=345° Batt=100% Temp=0°C
[2026-06-06T10:24:05.285] [DEBUG] [calypso-direct] [DATA_IN] AWS=2.5kt AWA=345° Batt=100% Temp=0°C
[2026-06-06T10:24:05.479] [DEBUG] [calypso-direct] [DATA_IN] AWS=2.5kt AWA=345° Batt=100% Temp=0°C
[2026-06-06T10:24:05.869] [WARNING] [calypso-direct] [TIMING] Large gap: 390ms (expected ~125ms at 8Hz) AWS=3.1kt
[2026-06-06T10:24:05.870] [DEBUG] [calypso-direct] [DATA_IN] AWS=3.1kt AWA=322° Batt=100% Temp=0°C
[2026-06-06T10:24:06.259] [WARNING] [calypso-direct] [TIMING] Large gap: 390ms (expected ~125ms at 8Hz) AWS=3.5kt
[2026-06-06T10:24:06.260] [DEBUG] [calypso-direct] [DATA_IN] AWS=3.5kt AWA=322° Batt=100% Temp=0°C
[2026-06-06T10:24:06.262] [DEBUG] [calypso-direct] [DATA_IN] AWS=3.5kt AWA=320° Batt=100% Temp=0°C
[2026-06-06T10:24:06.650] [WARNING] [calypso-direct] [TIMING] Large gap: 388ms (expected ~125ms at 8Hz) AWS=3.9kt
[2026-06-06T10:24:06.650] [DEBUG] [calypso-direct] [DATA_IN] AWS=3.9kt AWA=318° Batt=100% Temp=0°C
[2026-06-06T10:24:06.847] [DEBUG] [calypso-direct] [DATA_IN] AWS=4.3kt AWA=318° Batt=100% Temp=0°C
[2026-06-06T10:24:07.039] [DEBUG] [calypso-direct] [DATA_IN] AWS=4.3kt AWA=321° Batt=100% Temp=0°C
[2026-06-06T10:24:07.234] [DEBUG] [calypso-direct] [DATA_IN] AWS=3.9kt AWA=321° Batt=100% Temp=0°C
[2026-06-06T10:24:07.624] [WARNING] [calypso-direct] [TIMING] Large gap: 390ms (expected ~125ms at 8Hz) AWS=3.7kt
[2026-06-06T10:24:07.625] [DEBUG] [calypso-direct] [DATA_IN] AWS=3.7kt AWA=321° Batt=100% Temp=0°C
[2026-06-06T10:24:07.822] [DEBUG] [calypso-direct] [DATA_IN] AWS=3.7kt AWA=321° Batt=100% Temp=0°C
[2026-06-06T10:24:08.015] [DEBUG] [calypso-direct] [DATA_IN] AWS=3.5kt AWA=321° Batt=100% Temp=0°C
[2026-06-06T10:24:08.405] [WARNING] [calypso-direct] [TIMING] Large gap: 390ms (expected ~125ms at 8Hz) AWS=3.3kt
[2026-06-06T10:24:08.406] [DEBUG] [calypso-direct] [DATA_IN] AWS=3.3kt AWA=321° Batt=100% Temp=0°C
[2026-06-06T10:24:08.601] [DEBUG] [calypso-direct] [DATA_IN] AWS=3.5kt AWA=320° Batt=100% Temp=0°C
[2026-06-06T10:24:08.990] [WARNING] [calypso-direct] [TIMING] Large gap: 389ms (expected ~125ms at 8Hz) AWS=3.7kt
[2026-06-06T10:24:08.991] [DEBUG] [calypso-direct] [DATA_IN] AWS=3.7kt AWA=320° Batt=100% Temp=0°C
[2026-06-06T10:24:08.994] [DEBUG] [calypso-direct] [DATA_IN] AWS=3.7kt AWA=320° Batt=100% Temp=0°C
[2026-06-06T10:24:09.380] [WARNING] [calypso-direct] [TIMING] Large gap: 386ms (expected ~125ms at 8Hz) AWS=3.9kt
[2026-06-06T10:24:09.382] [DEBUG] [calypso-direct] [DATA_IN] AWS=3.9kt AWA=320° Batt=100% Temp=0°C
[2026-06-06T10:24:09.576] [DEBUG] [calypso-direct] [DATA_IN] AWS=3.9kt AWA=322° Batt=100% Temp=0°C
[2026-06-06T10:24:09.771] [DEBUG] [calypso-direct] [DATA_IN] AWS=3.9kt AWA=322° Batt=100% Temp=0°C
[2026-06-06T10:24:10.549] [WARNING] [calypso-direct] [TIMING] Large gap: 779ms (expected ~125ms at 8Hz) AWS=2.7kt
[2026-06-06T10:24:10.550] [DEBUG] [calypso-direct] [DATA_IN] AWS=2.7kt AWA=324° Batt=100% Temp=0°C
[2026-06-06T10:24:10.551] [DEBUG] [calypso-direct] [DATA_IN] AWS=2.7kt AWA=324° Batt=100% Temp=0°C
[2026-06-06T10:24:10.554] [DEBUG] [calypso-direct] [DATA_IN] AWS=2.3kt AWA=325° Batt=100% Temp=0°C
[2026-06-06T10:24:10.744] [DEBUG] [calypso-direct] [DATA_IN] AWS=2.1kt AWA=330° Batt=100% Temp=0°C
[2026-06-06T10:24:11.135] [WARNING] [calypso-direct] [TIMING] Large gap: 391ms (expected ~125ms at 8Hz) AWS=2.1kt
[2026-06-06T10:24:11.135] [DEBUG] [calypso-direct] [DATA_IN] AWS=2.1kt AWA=331° Batt=100% Temp=0°C
[2026-06-06T10:24:11.525] [WARNING] [calypso-direct] [TIMING] Large gap: 390ms (expected ~125ms at 8Hz) AWS=2.1kt
[2026-06-06T10:24:11.525] [DEBUG] [calypso-direct] [DATA_IN] AWS=2.1kt AWA=331° Batt=100% Temp=0°C
[2026-06-06T10:24:11.914] [WARNING] [calypso-direct] [TIMING] Large gap: 390ms (expected ~125ms at 8Hz) AWS=2.5kt
[2026-06-06T10:24:11.915] [DEBUG] [calypso-direct] [DATA_IN] AWS=2.5kt AWA=330° Batt=100% Temp=0°C
[2026-06-06T10:24:12.109] [DEBUG] [calypso-direct] [DATA_IN] AWS=2.5kt AWA=330° Batt=100% Temp=0°C
[2026-06-06T10:24:12.113] [DEBUG] [calypso-direct] [DATA_IN] AWS=2.5kt AWA=337° Batt=100% Temp=0°C
[2026-06-06T10:24:12.304] [DEBUG] [calypso-direct] [DATA_IN] AWS=2.5kt AWA=334° Batt=100% Temp=0°C
[2026-06-06T10:24:12.499] [DEBUG] [calypso-direct] [DATA_IN] AWS=2.5kt AWA=337° Batt=100% Temp=0°C
[2026-06-06T10:24:12.890] [WARNING] [calypso-direct] [TIMING] Large gap: 391ms (expected ~125ms at 8Hz) AWS=3.1kt
[2026-06-06T10:24:12.890] [DEBUG] [calypso-direct] [DATA_IN] AWS=3.1kt AWA=337° Batt=100% Temp=0°C
[2026-06-06T10:24:13.474] [WARNING] [calypso-direct] [TIMING] Large gap: 584ms (expected ~125ms at 8Hz) AWS=3.1kt
[2026-06-06T10:24:13.474] [DEBUG] [calypso-direct] [DATA_IN] AWS=3.1kt AWA=335° Batt=100% Temp=0°C
[2026-06-06T10:24:13.478] [DEBUG] [calypso-direct] [DATA_IN] AWS=3.3kt AWA=322° Batt=100% Temp=0°C
[2026-06-06T10:24:13.669] [DEBUG] [calypso-direct] [DATA_IN] AWS=3.3kt AWA=322° Batt=100% Temp=0°C
[2026-06-06T10:24:13.864] [DEBUG] [calypso-direct] [DATA_IN] AWS=3.1kt AWA=321° Batt=100% Temp=0°C
[2026-06-06T10:24:14.059] [DEBUG] [calypso-direct] [DATA_IN] AWS=2.7kt AWA=321° Batt=100% Temp=0°C
[2026-06-06T10:24:14.255] [DEBUG] [calypso-direct] [DATA_IN] AWS=3.3kt AWA=321° Batt=100% Temp=0°C
[2026-06-06T10:24:14.839] [WARNING] [calypso-direct] [TIMING] Large gap: 584ms (expected ~125ms at 8Hz) AWS=3.9kt
[2026-06-06T10:24:14.840] [DEBUG] [calypso-direct] [DATA_IN] AWS=3.9kt AWA=322° Batt=100% Temp=0°C
[2026-06-06T10:24:14.841] [DEBUG] [calypso-direct] [DATA_IN] AWS=3.7kt AWA=323° Batt=100% Temp=0°C
[2026-06-06T10:24:15.034] [DEBUG] [calypso-direct] [DATA_IN] AWS=3.7kt AWA=323° Batt=100% Temp=0°C
[2026-06-06T10:24:15.230] [DEBUG] [calypso-direct] [DATA_IN] AWS=3.7kt AWA=323° Batt=100% Temp=0°C
[2026-06-06T10:24:15.619] [WARNING] [calypso-direct] [TIMING] Large gap: 389ms (expected ~125ms at 8Hz) AWS=3.1kt
[2026-06-06T10:24:15.620] [DEBUG] [calypso-direct] [DATA_IN] AWS=3.1kt AWA=322° Batt=100% Temp=0°C
[2026-06-06T10:24:16.399] [WARNING] [calypso-direct] [TIMING] Large gap: 780ms (expected ~125ms at 8Hz) AWS=3.1kt
[2026-06-06T10:24:16.400] [DEBUG] [calypso-direct] [DATA_IN] AWS=3.1kt AWA=327° Batt=100% Temp=0°C
[2026-06-06T10:24:16.401] [DEBUG] [calypso-direct] [DATA_IN] AWS=3.1kt AWA=326° Batt=100% Temp=0°C
[2026-06-06T10:24:16.403] [DEBUG] [calypso-direct] [DATA_IN] AWS=3.1kt AWA=327° Batt=100% Temp=0°C
[2026-06-06T10:24:16.790] [WARNING] [calypso-direct] [TIMING] Large gap: 387ms (expected ~125ms at 8Hz) AWS=2.9kt
[2026-06-06T10:24:16.790] [DEBUG] [calypso-direct] [DATA_IN] AWS=2.9kt AWA=326° Batt=100% Temp=0°C
[2026-06-06T10:24:16.791] [DEBUG] [calypso-direct] [DATA_IN] AWS=2.9kt AWA=326° Batt=100% Temp=0°C
[2026-06-06T10:24:16.985] [DEBUG] [calypso-direct] [DATA_IN] AWS=2.9kt AWA=321° Batt=100% Temp=0°C
[2026-06-06T10:24:17.765] [WARNING] [calypso-direct] [TIMING] Large gap: 780ms (expected ~125ms at 8Hz) AWS=2.9kt
[2026-06-06T10:24:17.765] [DEBUG] [calypso-direct] [DATA_IN] AWS=2.9kt AWA=320° Batt=100% Temp=0°C
[2026-06-06T10:24:17.767] [DEBUG] [calypso-direct] [DATA_IN] AWS=2.9kt AWA=320° Batt=100% Temp=0°C
[2026-06-06T10:24:17.768] [DEBUG] [calypso-direct] [DATA_IN] AWS=3.1kt AWA=320° Batt=100% Temp=0°C
[2026-06-06T10:24:18.154] [WARNING] [calypso-direct] [TIMING] Large gap: 386ms (expected ~125ms at 8Hz) AWS=3.3kt
[2026-06-06T10:24:18.155] [DEBUG] [calypso-direct] [DATA_IN] AWS=3.3kt AWA=320° Batt=100% Temp=0°C
[2026-06-06T10:24:18.349] [DEBUG] [calypso-direct] [DATA_IN] AWS=3.5kt AWA=318° Batt=100% Temp=0°C
[2026-06-06T10:24:18.544] [DEBUG] [calypso-direct] [DATA_IN] AWS=3.5kt AWA=319° Batt=100% Temp=0°C
[2026-06-06T10:24:19.130] [WARNING] [calypso-direct] [TIMING] Large gap: 586ms (expected ~125ms at 8Hz) AWS=3.5kt
[2026-06-06T10:24:19.130] [DEBUG] [calypso-direct] [DATA_IN] AWS=3.5kt AWA=319° Batt=100% Temp=0°C
[2026-06-06T10:24:19.131] [DEBUG] [calypso-direct] [DATA_IN] AWS=3.7kt AWA=319° Batt=100% Temp=0°C
[2026-06-06T10:24:19.324] [DEBUG] [calypso-direct] [DATA_IN] AWS=3.5kt AWA=320° Batt=100% Temp=0°C
[2026-06-06T10:24:19.519] [DEBUG] [calypso-direct] [DATA_IN] AWS=3.5kt AWA=321° Batt=100% Temp=0°C
[2026-06-06T10:24:19.909] [WARNING] [calypso-direct] [TIMING] Large gap: 390ms (expected ~125ms at 8Hz) AWS=3.5kt
[2026-06-06T10:24:19.909] [DEBUG] [calypso-direct] [DATA_IN] AWS=3.5kt AWA=321° Batt=100% Temp=0°C
[2026-06-06T10:24:20.104] [DEBUG] [calypso-direct] [DATA_IN] AWS=3.3kt AWA=321° Batt=100% Temp=0°C
[2026-06-06T10:24:20.689] [WARNING] [calypso-direct] [TIMING] Large gap: 585ms (expected ~125ms at 8Hz) AWS=3.3kt
[2026-06-06T10:24:20.690] [DEBUG] [calypso-direct] [DATA_IN] AWS=3.3kt AWA=321° Batt=100% Temp=0°C
[2026-06-06T10:24:20.884] [DEBUG] [calypso-direct] [DATA_IN] AWS=2.9kt AWA=322° Batt=100% Temp=0°C
[2026-06-06T10:24:20.886] [DEBUG] [calypso-direct] [DATA_IN] AWS=2.9kt AWA=319° Batt=100% Temp=0°C
[2026-06-06T10:24:21.079] [DEBUG] [calypso-direct] [DATA_IN] AWS=3.3kt AWA=318° Batt=100% Temp=0°C
[2026-06-06T10:24:21.274] [DEBUG] [calypso-direct] [DATA_IN] AWS=3.3kt AWA=318° Batt=100% Temp=0°C
[2026-06-06T10:24:21.664] [WARNING] [calypso-direct] [TIMING] Large gap: 390ms (expected ~125ms at 8Hz) AWS=3.3kt
[2026-06-06T10:24:21.665] [DEBUG] [calypso-direct] [DATA_IN] AWS=3.3kt AWA=318° Batt=100% Temp=0°C
[2026-06-06T10:24:22.054] [WARNING] [calypso-direct] [TIMING] Large gap: 390ms (expected ~125ms at 8Hz) AWS=3.3kt
[2026-06-06T10:24:22.056] [DEBUG] [calypso-direct] [DATA_IN] AWS=3.3kt AWA=318° Batt=100% Temp=0°C
[2026-06-06T10:24:22.057] [DEBUG] [calypso-direct] [DATA_IN] AWS=3.3kt AWA=321° Batt=100% Temp=0°C
[2026-06-06T10:24:22.249] [DEBUG] [calypso-direct] [DATA_IN] AWS=3.3kt AWA=320° Batt=100% Temp=0°C
[2026-06-06T10:24:22.643] [WARNING] [calypso-direct] [TIMING] Large gap: 394ms (expected ~125ms at 8Hz) AWS=3.9kt
[2026-06-06T10:24:22.644] [DEBUG] [calypso-direct] [DATA_IN] AWS=3.9kt AWA=319° Batt=100% Temp=0°C
[2026-06-06T10:24:23.224] [WARNING] [calypso-direct] [TIMING] Large gap: 581ms (expected ~125ms at 8Hz) AWS=3.9kt
[2026-06-06T10:24:23.224] [DEBUG] [calypso-direct] [DATA_IN] AWS=3.9kt AWA=319° Batt=100% Temp=0°C
[2026-06-06T10:24:23.614] [WARNING] [calypso-direct] [TIMING] Large gap: 390ms (expected ~125ms at 8Hz) AWS=3.9kt
[2026-06-06T10:24:23.616] [DEBUG] [calypso-direct] [DATA_IN] AWS=3.9kt AWA=319° Batt=100% Temp=0°C
[2026-06-06T10:24:23.617] [DEBUG] [calypso-direct] [DATA_IN] AWS=3.9kt AWA=321° Batt=100% Temp=0°C
[2026-06-06T10:24:23.618] [DEBUG] [calypso-direct] [DATA_IN] AWS=3.3kt AWA=321° Batt=100% Temp=0°C
[2026-06-06T10:24:23.809] [DEBUG] [calypso-direct] [DATA_IN] AWS=3.3kt AWA=323° Batt=100% Temp=0°C
[2026-06-06T10:24:24.004] [DEBUG] [calypso-direct] [DATA_IN] AWS=3.3kt AWA=323° Batt=100% Temp=0°C
[2026-06-06T10:24:24.395] [WARNING] [calypso-direct] [TIMING] Large gap: 390ms (expected ~125ms at 8Hz) AWS=3.3kt
[2026-06-06T10:24:24.395] [DEBUG] [calypso-direct] [DATA_IN] AWS=3.3kt AWA=323° Batt=100% Temp=0°C
[2026-06-06T10:24:24.590] [DEBUG] [calypso-direct] [DATA_IN] AWS=3.3kt AWA=328° Batt=100% Temp=0°C
[2026-06-06T10:24:24.979] [WARNING] [calypso-direct] [TIMING] Large gap: 390ms (expected ~125ms at 8Hz) AWS=3.3kt
[2026-06-06T10:24:24.979] [DEBUG] [calypso-direct] [DATA_IN] AWS=3.3kt AWA=328° Batt=100% Temp=0°C
[2026-06-06T10:24:25.174] [DEBUG] [calypso-direct] [DATA_IN] AWS=3.3kt AWA=328° Batt=100% Temp=0°C
[2026-06-06T10:24:25.369] [DEBUG] [calypso-direct] [DATA_IN] AWS=2.7kt AWA=328° Batt=100% Temp=0°C
[2026-06-06T10:24:25.566] [DEBUG] [calypso-direct] [DATA_IN] AWS=2.7kt AWA=328° Batt=100% Temp=0°C
[2026-06-06T10:24:25.760] [DEBUG] [calypso-direct] [DATA_IN] AWS=2.7kt AWA=324° Batt=100% Temp=0°C
[2026-06-06T10:24:26.345] [WARNING] [calypso-direct] [TIMING] Large gap: 585ms (expected ~125ms at 8Hz) AWS=3.1kt
[2026-06-06T10:24:26.346] [DEBUG] [calypso-direct] [DATA_IN] AWS=3.1kt AWA=324° Batt=100% Temp=0°C
[2026-06-06T10:24:26.349] [DEBUG] [calypso-direct] [DATA_IN] AWS=3.1kt AWA=323° Batt=100% Temp=0°C
[2026-06-06T10:24:26.541] [DEBUG] [calypso-direct] [DATA_IN] AWS=3.1kt AWA=323° Batt=100% Temp=0°C
[2026-06-06T10:24:26.930] [WARNING] [calypso-direct] [TIMING] Large gap: 389ms (expected ~125ms at 8Hz) AWS=2.9kt
[2026-06-06T10:24:26.930] [DEBUG] [calypso-direct] [DATA_IN] AWS=2.9kt AWA=324° Batt=100% Temp=0°C
[2026-06-06T10:24:27.125] [DEBUG] [calypso-direct] [DATA_IN] AWS=2.5kt AWA=321° Batt=100% Temp=0°C
[2026-06-06T10:24:27.321] [DEBUG] [calypso-direct] [DATA_IN] AWS=2.5kt AWA=322° Batt=100% Temp=0°C
[2026-06-06T10:24:27.904] [WARNING] [calypso-direct] [TIMING] Large gap: 583ms (expected ~125ms at 8Hz) AWS=2.5kt
[2026-06-06T10:24:27.905] [DEBUG] [calypso-direct] [DATA_IN] AWS=2.5kt AWA=322° Batt=100% Temp=0°C
[2026-06-06T10:24:27.906] [DEBUG] [calypso-direct] [DATA_IN] AWS=2.9kt AWA=323° Batt=100% Temp=0°C
[2026-06-06T10:24:28.100] [DEBUG] [calypso-direct] [DATA_IN] AWS=3.3kt AWA=322° Batt=100% Temp=0°C
[2026-06-06T10:24:28.294] [DEBUG] [calypso-direct] [DATA_IN] AWS=3.3kt AWA=333° Batt=100% Temp=0°C
[2026-06-06T10:24:28.489] [DEBUG] [calypso-direct] [DATA_IN] AWS=3.3kt AWA=334° Batt=100% Temp=0°C
[2026-06-06T10:24:28.879] [WARNING] [calypso-direct] [TIMING] Large gap: 390ms (expected ~125ms at 8Hz) AWS=3.3kt
[2026-06-06T10:24:28.879] [DEBUG] [calypso-direct] [DATA_IN] AWS=3.3kt AWA=333° Batt=100% Temp=0°C
[2026-06-06T10:24:29.465] [WARNING] [calypso-direct] [TIMING] Large gap: 586ms (expected ~125ms at 8Hz) AWS=3.3kt
[2026-06-06T10:24:29.465] [DEBUG] [calypso-direct] [DATA_IN] AWS=3.3kt AWA=333° Batt=100% Temp=0°C
[2026-06-06T10:24:29.467] [DEBUG] [calypso-direct] [DATA_IN] AWS=3.7kt AWA=334° Batt=100% Temp=0°C
[2026-06-06T10:24:29.659] [DEBUG] [calypso-direct] [DATA_IN] AWS=3.7kt AWA=323° Batt=100% Temp=0°C
[2026-06-06T10:24:29.854] [DEBUG] [calypso-direct] [DATA_IN] AWS=3.9kt AWA=322° Batt=100% Temp=0°C
[2026-06-06T10:24:30.049] [DEBUG] [calypso-direct] [DATA_IN] AWS=3.9kt AWA=321° Batt=100% Temp=0°C
[2026-06-06T10:24:30.244] [DEBUG] [calypso-direct] [DATA_IN] AWS=3.9kt AWA=321° Batt=100% Temp=0°C
[2026-06-06T10:24:30.829] [WARNING] [calypso-direct] [TIMING] Large gap: 585ms (expected ~125ms at 8Hz) AWS=4.1kt
[2026-06-06T10:24:30.830] [DEBUG] [calypso-direct] [DATA_IN] AWS=4.1kt AWA=321° Batt=100% Temp=0°C
[2026-06-06T10:24:30.831] [DEBUG] [calypso-direct] [DATA_IN] AWS=4.1kt AWA=328° Batt=100% Temp=0°C
[2026-06-06T10:24:31.025] [DEBUG] [calypso-direct] [DATA_IN] AWS=3.9kt AWA=331° Batt=100% Temp=0°C
[2026-06-06T10:24:31.414] [WARNING] [calypso-direct] [TIMING] Large gap: 389ms (expected ~125ms at 8Hz) AWS=3.7kt
[2026-06-06T10:24:31.414] [DEBUG] [calypso-direct] [DATA_IN] AWS=3.7kt AWA=331° Batt=100% Temp=0°C
[2026-06-06T10:24:31.609] [DEBUG] [calypso-direct] [DATA_IN] AWS=3.7kt AWA=331° Batt=100% Temp=0°C
[2026-06-06T10:24:31.804] [DEBUG] [calypso-direct] [DATA_IN] AWS=3.1kt AWA=331° Batt=100% Temp=0°C
[2026-06-06T10:24:32.194] [WARNING] [calypso-direct] [TIMING] Large gap: 390ms (expected ~125ms at 8Hz) AWS=2.9kt
[2026-06-06T10:24:32.194] [DEBUG] [calypso-direct] [DATA_IN] AWS=2.9kt AWA=325° Batt=100% Temp=0°C
[2026-06-06T10:24:32.389] [DEBUG] [calypso-direct] [DATA_IN] AWS=2.7kt AWA=324° Batt=100% Temp=0°C
[2026-06-06T10:24:32.586] [DEBUG] [calypso-direct] [DATA_IN] AWS=2.7kt AWA=324° Batt=100% Temp=0°C
[2026-06-06T10:24:32.781] [DEBUG] [calypso-direct] [DATA_IN] AWS=2.7kt AWA=325° Batt=100% Temp=0°C
[2026-06-06T10:24:33.170] [WARNING] [calypso-direct] [TIMING] Large gap: 388ms (expected ~125ms at 8Hz) AWS=3.1kt
[2026-06-06T10:24:33.170] [DEBUG] [calypso-direct] [DATA_IN] AWS=3.1kt AWA=324° Batt=100% Temp=0°C
[2026-06-06T10:24:33.560] [WARNING] [calypso-direct] [TIMING] Large gap: 391ms (expected ~125ms at 8Hz) AWS=3.1kt
[2026-06-06T10:24:33.561] [DEBUG] [calypso-direct] [DATA_IN] AWS=3.1kt AWA=330° Batt=100% Temp=0°C
[2026-06-06T10:24:33.756] [DEBUG] [calypso-direct] [DATA_IN] AWS=3.1kt AWA=331° Batt=100% Temp=0°C
[2026-06-06T10:24:33.759] [DEBUG] [calypso-direct] [DATA_IN] AWS=3.1kt AWA=331° Batt=100% Temp=0°C
[2026-06-06T10:24:34.145] [WARNING] [calypso-direct] [TIMING] Large gap: 386ms (expected ~125ms at 8Hz) AWS=3.5kt
[2026-06-06T10:24:34.146] [DEBUG] [calypso-direct] [DATA_IN] AWS=3.5kt AWA=332° Batt=100% Temp=0°C
[2026-06-06T10:24:34.340] [DEBUG] [calypso-direct] [DATA_IN] AWS=3.5kt AWA=332° Batt=100% Temp=0°C
[2026-06-06T10:24:34.534] [DEBUG] [calypso-direct] [DATA_IN] AWS=3.5kt AWA=324° Batt=100% Temp=0°C
[2026-06-06T10:24:34.730] [DEBUG] [calypso-direct] [DATA_IN] AWS=3.5kt AWA=324° Batt=100% Temp=0°C
[2026-06-06T10:24:35.122] [WARNING] [calypso-direct] [TIMING] Large gap: 392ms (expected ~125ms at 8Hz) AWS=3.7kt
[2026-06-06T10:24:35.123] [DEBUG] [calypso-direct] [DATA_IN] AWS=3.7kt AWA=323° Batt=100% Temp=0°C
[2026-06-06T10:24:35.314] [DEBUG] [calypso-direct] [DATA_IN] AWS=3.5kt AWA=321° Batt=100% Temp=0°C
[2026-06-06T10:24:35.509] [DEBUG] [calypso-direct] [DATA_IN] AWS=3.5kt AWA=321° Batt=100% Temp=0°C
[2026-06-06T10:24:35.899] [WARNING] [calypso-direct] [TIMING] Large gap: 390ms (expected ~125ms at 8Hz) AWS=3.5kt
[2026-06-06T10:24:35.899] [DEBUG] [calypso-direct] [DATA_IN] AWS=3.5kt AWA=324° Batt=100% Temp=0°C
[2026-06-06T10:24:36.094] [DEBUG] [calypso-direct] [DATA_IN] AWS=3.9kt AWA=324° Batt=100% Temp=0°C
[2026-06-06T10:24:36.485] [WARNING] [calypso-direct] [TIMING] Large gap: 391ms (expected ~125ms at 8Hz) AWS=3.5kt
[2026-06-06T10:24:36.486] [DEBUG] [calypso-direct] [DATA_IN] AWS=3.5kt AWA=325° Batt=100% Temp=0°C
[2026-06-06T10:24:36.487] [DEBUG] [calypso-direct] [DATA_IN] AWS=3.7kt AWA=325° Batt=100% Temp=0°C
[2026-06-06T10:24:36.874] [WARNING] [calypso-direct] [TIMING] Large gap: 387ms (expected ~125ms at 8Hz) AWS=3.7kt
[2026-06-06T10:24:36.874] [DEBUG] [calypso-direct] [DATA_IN] AWS=3.7kt AWA=325° Batt=100% Temp=0°C
[2026-06-06T10:24:37.069] [DEBUG] [calypso-direct] [DATA_IN] AWS=3.5kt AWA=337° Batt=100% Temp=0°C
[2026-06-06T10:24:37.264] [DEBUG] [calypso-direct] [DATA_IN] AWS=3.5kt AWA=337° Batt=100% Temp=0°C
[2026-06-06T10:24:38.044] [WARNING] [calypso-direct] [TIMING] Large gap: 780ms (expected ~125ms at 8Hz) AWS=3.3kt
[2026-06-06T10:24:38.044] [DEBUG] [calypso-direct] [DATA_IN] AWS=3.3kt AWA=337° Batt=100% Temp=0°C
[2026-06-06T10:24:38.047] [DEBUG] [calypso-direct] [DATA_IN] AWS=2.7kt AWA=338° Batt=100% Temp=0°C
[2026-06-06T10:24:38.048] [DEBUG] [calypso-direct] [DATA_IN] AWS=3.1kt AWA=337° Batt=100% Temp=0°C
[2026-06-06T10:24:38.239] [DEBUG] [calypso-direct] [DATA_IN] AWS=3.1kt AWA=330° Batt=100% Temp=0°C
[2026-06-06T10:24:38.629] [WARNING] [calypso-direct] [TIMING] Large gap: 390ms (expected ~125ms at 8Hz) AWS=2.9kt
[2026-06-06T10:24:38.629] [DEBUG] [calypso-direct] [DATA_IN] AWS=2.9kt AWA=330° Batt=100% Temp=0°C
[2026-06-06T10:24:38.824] [DEBUG] [calypso-direct] [DATA_IN] AWS=2.9kt AWA=330° Batt=100% Temp=0°C
[2026-06-06T10:24:39.019] [DEBUG] [calypso-direct] [DATA_IN] AWS=2.9kt AWA=330° Batt=100% Temp=0°C
[2026-06-06T10:24:39.410] [WARNING] [calypso-direct] [TIMING] Large gap: 391ms (expected ~125ms at 8Hz) AWS=2.5kt
[2026-06-06T10:24:39.411] [DEBUG] [calypso-direct] [DATA_IN] AWS=2.5kt AWA=330° Batt=100% Temp=0°C
[2026-06-06T10:24:39.604] [DEBUG] [calypso-direct] [DATA_IN] AWS=2.9kt AWA=329° Batt=100% Temp=0°C
[2026-06-06T10:24:39.799] [DEBUG] [calypso-direct] [DATA_IN] AWS=3.3kt AWA=329° Batt=100% Temp=0°C
[2026-06-06T10:24:39.994] [DEBUG] [calypso-direct] [DATA_IN] AWS=3.5kt AWA=329° Batt=100% Temp=0°C
[2026-06-06T10:24:40.384] [WARNING] [calypso-direct] [TIMING] Large gap: 389ms (expected ~125ms at 8Hz) AWS=3.5kt
[2026-06-06T10:24:40.386] [DEBUG] [calypso-direct] [DATA_IN] AWS=3.5kt AWA=329° Batt=100% Temp=0°C
[2026-06-06T10:24:40.969] [WARNING] [calypso-direct] [TIMING] Large gap: 585ms (expected ~125ms at 8Hz) AWS=3.5kt
[2026-06-06T10:24:40.969] [DEBUG] [calypso-direct] [DATA_IN] AWS=3.5kt AWA=330° Batt=100% Temp=0°C
[2026-06-06T10:24:40.971] [DEBUG] [calypso-direct] [DATA_IN] AWS=3.5kt AWA=334° Batt=100% Temp=0°C
[2026-06-06T10:24:41.164] [DEBUG] [calypso-direct] [DATA_IN] AWS=3.3kt AWA=334° Batt=100% Temp=0°C
[2026-06-06T10:24:41.361] [DEBUG] [calypso-direct] [DATA_IN] AWS=2.9kt AWA=334° Batt=100% Temp=0°C
[2026-06-06T10:24:41.749] [WARNING] [calypso-direct] [TIMING] Large gap: 388ms (expected ~125ms at 8Hz) AWS=3.3kt
[2026-06-06T10:24:41.752] [DEBUG] [calypso-direct] [DATA_IN] AWS=3.3kt AWA=333° Batt=100% Temp=0°C
[2026-06-06T10:24:41.752] [DEBUG] [calypso-direct] [DATA_IN] AWS=3.3kt AWA=333° Batt=100% Temp=0°C
[2026-06-06T10:24:42.139] [WARNING] [calypso-direct] [TIMING] Large gap: 386ms (expected ~125ms at 8Hz) AWS=3.3kt
[2026-06-06T10:24:42.140] [DEBUG] [calypso-direct] [DATA_IN] AWS=3.3kt AWA=339° Batt=100% Temp=0°C
[2026-06-06T10:24:42.334] [DEBUG] [calypso-direct] [DATA_IN] AWS=3.3kt AWA=339° Batt=100% Temp=0°C
[2026-06-06T10:24:42.529] [DEBUG] [calypso-direct] [DATA_IN] AWS=3.3kt AWA=339° Batt=100% Temp=0°C
[2026-06-06T10:24:42.919] [WARNING] [calypso-direct] [TIMING] Large gap: 389ms (expected ~125ms at 8Hz) AWS=3.3kt
[2026-06-06T10:24:42.919] [DEBUG] [calypso-direct] [DATA_IN] AWS=3.3kt AWA=339° Batt=100% Temp=0°C
[2026-06-06T10:24:43.114] [DEBUG] [calypso-direct] [DATA_IN] AWS=3.3kt AWA=339° Batt=100% Temp=0°C
[2026-06-06T10:24:43.309] [DEBUG] [calypso-direct] [DATA_IN] AWS=3.1kt AWA=6° Batt=100% Temp=0°C
[2026-06-06T10:24:43.699] [WARNING] [calypso-direct] [TIMING] Large gap: 390ms (expected ~125ms at 8Hz) AWS=3.1kt
[2026-06-06T10:24:43.699] [DEBUG] [calypso-direct] [DATA_IN] AWS=3.1kt AWA=6° Batt=100% Temp=0°C
[2026-06-06T10:24:43.894] [DEBUG] [calypso-direct] [DATA_IN] AWS=3.3kt AWA=5° Batt=100% Temp=0°C
[2026-06-06T10:24:44.089] [DEBUG] [calypso-direct] [DATA_IN] AWS=3.7kt AWA=5° Batt=100% Temp=0°C
[2026-06-06T10:24:44.284] [DEBUG] [calypso-direct] [DATA_IN] AWS=3.7kt AWA=5° Batt=100% Temp=0°C
[2026-06-06T10:24:44.480] [DEBUG] [calypso-direct] [DATA_IN] AWS=3.7kt AWA=349° Batt=100% Temp=0°C
[2026-06-06T10:24:45.065] [WARNING] [calypso-direct] [TIMING] Large gap: 585ms (expected ~125ms at 8Hz) AWS=3.5kt
[2026-06-06T10:24:45.066] [DEBUG] [calypso-direct] [DATA_IN] AWS=3.5kt AWA=349° Batt=100% Temp=0°C
[2026-06-06T10:24:45.456] [WARNING] [calypso-direct] [TIMING] Large gap: 391ms (expected ~125ms at 8Hz) AWS=3.1kt
[2026-06-06T10:24:45.457] [DEBUG] [calypso-direct] [DATA_IN] AWS=3.1kt AWA=349° Batt=100% Temp=0°C
[2026-06-06T10:24:45.459] [DEBUG] [calypso-direct] [DATA_IN] AWS=3.1kt AWA=349° Batt=100% Temp=0°C
[2026-06-06T10:24:45.649] [DEBUG] [calypso-direct] [DATA_IN] AWS=3.1kt AWA=349° Batt=100% Temp=0°C
[2026-06-06T10:24:45.844] [DEBUG] [calypso-direct] [DATA_IN] AWS=3.1kt AWA=347° Batt=100% Temp=0°C
[2026-06-06T10:24:46.039] [INFO] [calypso-direct] [RATE_1MIN] 242 pkts/min (expected 480 at 8Hz) max_gap=780ms gaps_>250ms=80
[2026-06-06T10:24:46.039] [DEBUG] [calypso-direct] [DATA_IN] AWS=3.1kt AWA=347° Batt=100% Temp=0°C
[2026-06-06T10:24:46.624] [WARNING] [calypso-direct] [TIMING] Large gap: 586ms (expected ~125ms at 8Hz) AWS=3.3kt
[2026-06-06T10:24:46.625] [DEBUG] [calypso-direct] [DATA_IN] AWS=3.3kt AWA=347° Batt=100% Temp=0°C
[2026-06-06T10:24:46.626] [DEBUG] [calypso-direct] [DATA_IN] AWS=3.3kt AWA=347° Batt=100% Temp=0°C
[2026-06-06T10:24:46.819] [DEBUG] [calypso-direct] [DATA_IN] AWS=3.5kt AWA=347° Batt=100% Temp=0°C
[2026-06-06T10:24:47.014] [DEBUG] [calypso-direct] [DATA_IN] AWS=3.5kt AWA=343° Batt=100% Temp=0°C
[2026-06-06T10:24:47.404] [WARNING] [calypso-direct] [TIMING] Large gap: 390ms (expected ~125ms at 8Hz) AWS=3.5kt
[2026-06-06T10:24:47.404] [DEBUG] [calypso-direct] [DATA_IN] AWS=3.5kt AWA=343° Batt=100% Temp=0°C
[2026-06-06T10:24:47.599] [DEBUG] [calypso-direct] [DATA_IN] AWS=4.1kt AWA=343° Batt=100% Temp=0°C
[2026-06-06T10:24:48.185] [WARNING] [calypso-direct] [TIMING] Large gap: 586ms (expected ~125ms at 8Hz) AWS=4.1kt
[2026-06-06T10:24:48.186] [DEBUG] [calypso-direct] [DATA_IN] AWS=4.1kt AWA=343° Batt=100% Temp=0°C
[2026-06-06T10:24:48.187] [DEBUG] [calypso-direct] [DATA_IN] AWS=4.1kt AWA=343° Batt=100% Temp=0°C
[2026-06-06T10:24:48.379] [DEBUG] [calypso-direct] [DATA_IN] AWS=3.5kt AWA=358° Batt=100% Temp=0°C
[2026-06-06T10:24:48.574] [DEBUG] [calypso-direct] [DATA_IN] AWS=3.5kt AWA=358° Batt=100% Temp=0°C
[2026-06-06T10:24:48.964] [WARNING] [calypso-direct] [TIMING] Large gap: 390ms (expected ~125ms at 8Hz) AWS=3.5kt
[2026-06-06T10:24:48.964] [DEBUG] [calypso-direct] [DATA_IN] AWS=3.5kt AWA=358° Batt=100% Temp=0°C
[2026-06-06T10:24:49.159] [DEBUG] [calypso-direct] [DATA_IN] AWS=3.7kt AWA=358° Batt=100% Temp=0°C
[2026-06-06T10:24:49.549] [WARNING] [calypso-direct] [TIMING] Large gap: 390ms (expected ~125ms at 8Hz) AWS=3.7kt
[2026-06-06T10:24:49.549] [DEBUG] [calypso-direct] [DATA_IN] AWS=3.7kt AWA=358° Batt=100% Temp=0°C
[2026-06-06T10:24:49.552] [DEBUG] [calypso-direct] [DATA_IN] AWS=3.9kt AWA=340° Batt=100% Temp=0°C
[2026-06-06T10:24:49.744] [DEBUG] [calypso-direct] [DATA_IN] AWS=4.1kt AWA=340° Batt=100% Temp=0°C
[2026-06-06T10:24:50.134] [WARNING] [calypso-direct] [TIMING] Large gap: 390ms (expected ~125ms at 8Hz) AWS=4.1kt
[2026-06-06T10:24:50.134] [DEBUG] [calypso-direct] [DATA_IN] AWS=4.1kt AWA=339° Batt=100% Temp=0°C
[2026-06-06T10:24:50.329] [DEBUG] [calypso-direct] [DATA_IN] AWS=4.1kt AWA=340° Batt=100% Temp=0°C
[2026-06-06T10:24:50.524] [DEBUG] [calypso-direct] [DATA_IN] AWS=4.1kt AWA=340° Batt=100% Temp=0°C
[2026-06-06T10:24:50.914] [WARNING] [calypso-direct] [TIMING] Large gap: 391ms (expected ~125ms at 8Hz) AWS=4.1kt
[2026-06-06T10:24:50.916] [DEBUG] [calypso-direct] [DATA_IN] AWS=4.1kt AWA=355° Batt=100% Temp=0°C
[2026-06-06T10:24:51.110] [DEBUG] [calypso-direct] [DATA_IN] AWS=4.1kt AWA=0° Batt=100% Temp=0°C
[2026-06-06T10:24:51.306] [DEBUG] [calypso-direct] [DATA_IN] AWS=4.1kt AWA=0° Batt=100% Temp=0°C
[2026-06-06T10:24:51.500] [DEBUG] [calypso-direct] [DATA_IN] AWS=4.1kt AWA=355° Batt=100% Temp=0°C
[2026-06-06T10:24:51.890] [WARNING] [calypso-direct] [TIMING] Large gap: 389ms (expected ~125ms at 8Hz) AWS=4.1kt
[2026-06-06T10:24:51.890] [DEBUG] [calypso-direct] [DATA_IN] AWS=4.1kt AWA=355° Batt=100% Temp=0°C
[2026-06-06T10:24:52.474] [WARNING] [calypso-direct] [TIMING] Large gap: 584ms (expected ~125ms at 8Hz) AWS=4.1kt
[2026-06-06T10:24:52.474] [DEBUG] [calypso-direct] [DATA_IN] AWS=4.1kt AWA=343° Batt=100% Temp=0°C
[2026-06-06T10:24:52.475] [DEBUG] [calypso-direct] [DATA_IN] AWS=4.1kt AWA=343° Batt=100% Temp=0°C
[2026-06-06T10:24:52.669] [DEBUG] [calypso-direct] [DATA_IN] AWS=3.9kt AWA=343° Batt=100% Temp=0°C
[2026-06-06T10:24:52.864] [DEBUG] [calypso-direct] [DATA_IN] AWS=4.1kt AWA=343° Batt=100% Temp=0°C
[2026-06-06T10:24:53.059] [DEBUG] [calypso-direct] [DATA_IN] AWS=3.9kt AWA=343° Batt=100% Temp=0°C
[2026-06-06T10:24:53.254] [DEBUG] [calypso-direct] [DATA_IN] AWS=4.1kt AWA=342° Batt=100% Temp=0°C
[2026-06-06T10:24:53.839] [WARNING] [calypso-direct] [TIMING] Large gap: 585ms (expected ~125ms at 8Hz) AWS=4.3kt
[2026-06-06T10:24:53.839] [DEBUG] [calypso-direct] [DATA_IN] AWS=4.3kt AWA=342° Batt=100% Temp=0°C
[2026-06-06T10:24:53.840] [DEBUG] [calypso-direct] [DATA_IN] AWS=4.3kt AWA=342° Batt=100% Temp=0°C
[2026-06-06T10:24:54.034] [DEBUG] [calypso-direct] [DATA_IN] AWS=4.3kt AWA=342° Batt=100% Temp=0°C
[2026-06-06T10:24:54.229] [DEBUG] [calypso-direct] [DATA_IN] AWS=4.3kt AWA=342° Batt=100% Temp=0°C
[2026-06-06T10:24:54.619] [WARNING] [calypso-direct] [TIMING] Large gap: 389ms (expected ~125ms at 8Hz) AWS=4.3kt
[2026-06-06T10:24:54.619] [DEBUG] [calypso-direct] [DATA_IN] AWS=4.3kt AWA=335° Batt=100% Temp=0°C
[2026-06-06T10:24:54.814] [DEBUG] [calypso-direct] [DATA_IN] AWS=4.3kt AWA=335° Batt=100% Temp=0°C
[2026-06-06T10:24:55.399] [WARNING] [calypso-direct] [TIMING] Large gap: 585ms (expected ~125ms at 8Hz) AWS=4.1kt
[2026-06-06T10:24:55.399] [DEBUG] [calypso-direct] [DATA_IN] AWS=4.1kt AWA=335° Batt=100% Temp=0°C
[2026-06-06T10:24:55.400] [DEBUG] [calypso-direct] [DATA_IN] AWS=4.1kt AWA=335° Batt=100% Temp=0°C
[2026-06-06T10:24:55.594] [DEBUG] [calypso-direct] [DATA_IN] AWS=4.1kt AWA=336° Batt=100% Temp=0°C
[2026-06-06T10:24:55.789] [DEBUG] [calypso-direct] [DATA_IN] AWS=3.9kt AWA=339° Batt=100% Temp=0°C
[2026-06-06T10:24:56.179] [WARNING] [calypso-direct] [TIMING] Large gap: 390ms (expected ~125ms at 8Hz) AWS=4.1kt
[2026-06-06T10:24:56.179] [DEBUG] [calypso-direct] [DATA_IN] AWS=4.1kt AWA=339° Batt=100% Temp=0°C
[2026-06-06T10:24:56.764] [WARNING] [calypso-direct] [TIMING] Large gap: 585ms (expected ~125ms at 8Hz) AWS=4.1kt
[2026-06-06T10:24:56.764] [DEBUG] [calypso-direct] [DATA_IN] AWS=4.1kt AWA=340° Batt=100% Temp=0°C
[2026-06-06T10:24:56.768] [DEBUG] [calypso-direct] [DATA_IN] AWS=4.1kt AWA=340° Batt=100% Temp=0°C
[2026-06-06T10:24:56.768] [DEBUG] [calypso-direct] [DATA_IN] AWS=4.1kt AWA=340° Batt=100% Temp=0°C
[2026-06-06T10:24:57.156] [WARNING] [calypso-direct] [TIMING] Large gap: 387ms (expected ~125ms at 8Hz) AWS=4.1kt
[2026-06-06T10:24:57.156] [DEBUG] [calypso-direct] [DATA_IN] AWS=4.1kt AWA=335° Batt=100% Temp=0°C
[2026-06-06T10:24:57.349] [DEBUG] [calypso-direct] [DATA_IN] AWS=4.1kt AWA=335° Batt=100% Temp=0°C
[2026-06-06T10:24:57.543] [DEBUG] [calypso-direct] [DATA_IN] AWS=4.1kt AWA=334° Batt=100% Temp=0°C
[2026-06-06T10:24:57.739] [DEBUG] [calypso-direct] [DATA_IN] AWS=4.1kt AWA=334° Batt=100% Temp=0°C
[2026-06-06T10:24:58.129] [WARNING] [calypso-direct] [TIMING] Large gap: 390ms (expected ~125ms at 8Hz) AWS=4.1kt
[2026-06-06T10:24:58.129] [DEBUG] [calypso-direct] [DATA_IN] AWS=4.1kt AWA=334° Batt=100% Temp=0°C
[2026-06-06T10:24:58.330] [DEBUG] [calypso-direct] [DATA_IN] AWS=3.9kt AWA=336° Batt=100% Temp=0°C
[2026-06-06T10:24:58.519] [DEBUG] [calypso-direct] [DATA_IN] AWS=4.1kt AWA=336° Batt=100% Temp=0°C
[2026-06-06T10:24:58.909] [WARNING] [calypso-direct] [TIMING] Large gap: 389ms (expected ~125ms at 8Hz) AWS=3.9kt
[2026-06-06T10:24:58.909] [DEBUG] [calypso-direct] [DATA_IN] AWS=3.9kt AWA=336° Batt=100% Temp=0°C
[2026-06-06T10:24:59.104] [DEBUG] [calypso-direct] [DATA_IN] AWS=3.9kt AWA=336° Batt=100% Temp=0°C
[2026-06-06T10:24:59.494] [WARNING] [calypso-direct] [TIMING] Large gap: 390ms (expected ~125ms at 8Hz) AWS=4.1kt
[2026-06-06T10:24:59.494] [DEBUG] [calypso-direct] [DATA_IN] AWS=4.1kt AWA=336° Batt=100% Temp=0°C
[2026-06-06T10:24:59.689] [DEBUG] [calypso-direct] [DATA_IN] AWS=4.3kt AWA=331° Batt=100% Temp=0°C
[2026-06-06T10:24:59.884] [DEBUG] [calypso-direct] [DATA_IN] AWS=4.1kt AWA=331° Batt=100% Temp=0°C
[2026-06-06T10:25:00.080] [DEBUG] [calypso-direct] [DATA_IN] AWS=4.1kt AWA=330° Batt=100% Temp=0°C
[2026-06-06T10:25:00.274] [DEBUG] [calypso-direct] [DATA_IN] AWS=4.1kt AWA=330° Batt=100% Temp=0°C
[2026-06-06T10:25:00.664] [WARNING] [calypso-direct] [TIMING] Large gap: 390ms (expected ~125ms at 8Hz) AWS=4.1kt
[2026-06-06T10:25:00.664] [DEBUG] [calypso-direct] [DATA_IN] AWS=4.1kt AWA=330° Batt=100% Temp=0°C
[2026-06-06T10:25:01.054] [WARNING] [calypso-direct] [TIMING] Large gap: 390ms (expected ~125ms at 8Hz) AWS=4.1kt
[2026-06-06T10:25:01.055] [DEBUG] [calypso-direct] [DATA_IN] AWS=4.1kt AWA=333° Batt=100% Temp=0°C
[2026-06-06T10:25:01.056] [DEBUG] [calypso-direct] [DATA_IN] AWS=3.9kt AWA=333° Batt=100% Temp=0°C
[2026-06-06T10:25:01.249] [DEBUG] [calypso-direct] [DATA_IN] AWS=3.9kt AWA=333° Batt=100% Temp=0°C
[2026-06-06T10:25:01.638] [WARNING] [calypso-direct] [TIMING] Large gap: 390ms (expected ~125ms at 8Hz) AWS=3.9kt
[2026-06-06T10:25:01.639] [DEBUG] [calypso-direct] [DATA_IN] AWS=3.9kt AWA=333° Batt=100% Temp=0°C
[2026-06-06T10:25:01.834] [DEBUG] [calypso-direct] [DATA_IN] AWS=3.7kt AWA=333° Batt=100% Temp=0°C
[2026-06-06T10:25:02.029] [DEBUG] [calypso-direct] [DATA_IN] AWS=3.9kt AWA=336° Batt=100% Temp=0°C
[2026-06-06T10:25:02.420] [WARNING] [calypso-direct] [TIMING] Large gap: 391ms (expected ~125ms at 8Hz) AWS=3.9kt
[2026-06-06T10:25:02.421] [DEBUG] [calypso-direct] [DATA_IN] AWS=3.9kt AWA=336° Batt=100% Temp=0°C
[2026-06-06T10:25:02.614] [DEBUG] [calypso-direct] [DATA_IN] AWS=3.5kt AWA=336° Batt=100% Temp=0°C
[2026-06-06T10:25:02.809] [DEBUG] [calypso-direct] [DATA_IN] AWS=3.5kt AWA=337° Batt=100% Temp=0°C
[2026-06-06T10:25:03.004] [DEBUG] [calypso-direct] [DATA_IN] AWS=3.5kt AWA=337° Batt=100% Temp=0°C
[2026-06-06T10:25:03.394] [WARNING] [calypso-direct] [TIMING] Large gap: 390ms (expected ~125ms at 8Hz) AWS=3.5kt
[2026-06-06T10:25:03.394] [DEBUG] [calypso-direct] [DATA_IN] AWS=3.5kt AWA=340° Batt=100% Temp=0°C
[2026-06-06T10:25:03.979] [WARNING] [calypso-direct] [TIMING] Large gap: 585ms (expected ~125ms at 8Hz) AWS=3.5kt
[2026-06-06T10:25:03.979] [DEBUG] [calypso-direct] [DATA_IN] AWS=3.5kt AWA=340° Batt=100% Temp=0°C
[2026-06-06T10:25:04.174] [DEBUG] [calypso-direct] [DATA_IN] AWS=3.5kt AWA=340° Batt=100% Temp=0°C
[2026-06-06T10:25:04.176] [DEBUG] [calypso-direct] [DATA_IN] AWS=3.5kt AWA=340° Batt=100% Temp=0°C
[2026-06-06T10:25:04.369] [DEBUG] [calypso-direct] [DATA_IN] AWS=3.7kt AWA=339° Batt=100% Temp=0°C
[2026-06-06T10:25:04.564] [DEBUG] [calypso-direct] [DATA_IN] AWS=3.7kt AWA=348° Batt=100% Temp=0°C
[2026-06-06T10:25:04.759] [DEBUG] [calypso-direct] [DATA_IN] AWS=3.7kt AWA=349° Batt=100% Temp=0°C
[2026-06-06T10:25:05.343] [WARNING] [calypso-direct] [TIMING] Large gap: 585ms (expected ~125ms at 8Hz) AWS=3.7kt
[2026-06-06T10:25:05.344] [DEBUG] [calypso-direct] [DATA_IN] AWS=3.7kt AWA=349° Batt=100% Temp=0°C
[2026-06-06T10:25:05.345] [DEBUG] [calypso-direct] [DATA_IN] AWS=3.5kt AWA=349° Batt=100% Temp=0°C
[2026-06-06T10:25:05.538] [DEBUG] [calypso-direct] [DATA_IN] AWS=3.5kt AWA=349° Batt=100% Temp=0°C
[2026-06-06T10:25:05.734] [DEBUG] [calypso-direct] [DATA_IN] AWS=3.5kt AWA=341° Batt=100% Temp=0°C
[2026-06-06T10:25:06.124] [WARNING] [calypso-direct] [TIMING] Large gap: 390ms (expected ~125ms at 8Hz) AWS=3.5kt
[2026-06-06T10:25:06.124] [DEBUG] [calypso-direct] [DATA_IN] AWS=3.5kt AWA=341° Batt=100% Temp=0°C
[2026-06-06T10:25:06.319] [DEBUG] [calypso-direct] [DATA_IN] AWS=3.5kt AWA=341° Batt=100% Temp=0°C
[2026-06-06T10:25:06.903] [WARNING] [calypso-direct] [TIMING] Large gap: 584ms (expected ~125ms at 8Hz) AWS=3.5kt
[2026-06-06T10:25:06.904] [DEBUG] [calypso-direct] [DATA_IN] AWS=3.5kt AWA=341° Batt=100% Temp=0°C
[2026-06-06T10:25:06.905] [DEBUG] [calypso-direct] [DATA_IN] AWS=3.3kt AWA=341° Batt=100% Temp=0°C
[2026-06-06T10:25:07.098] [DEBUG] [calypso-direct] [DATA_IN] AWS=3.3kt AWA=353° Batt=100% Temp=0°C
[2026-06-06T10:25:07.294] [DEBUG] [calypso-direct] [DATA_IN] AWS=3.3kt AWA=353° Batt=100% Temp=0°C
[2026-06-06T10:25:07.488] [DEBUG] [calypso-direct] [DATA_IN] AWS=3.3kt AWA=353° Batt=100% Temp=0°C
[2026-06-06T10:25:08.270] [WARNING] [calypso-direct] [TIMING] Large gap: 781ms (expected ~125ms at 8Hz) AWS=3.3kt
[2026-06-06T10:25:08.270] [DEBUG] [calypso-direct] [DATA_IN] AWS=3.3kt AWA=353° Batt=100% Temp=0°C
[2026-06-06T10:25:08.272] [DEBUG] [calypso-direct] [DATA_IN] AWS=3.5kt AWA=353° Batt=100% Temp=0°C
[2026-06-06T10:25:08.465] [DEBUG] [calypso-direct] [DATA_IN] AWS=3.5kt AWA=356° Batt=100% Temp=0°C
[2026-06-06T10:25:08.660] [DEBUG] [calypso-direct] [DATA_IN] AWS=3.5kt AWA=356° Batt=100% Temp=0°C
[2026-06-06T10:25:08.855] [DEBUG] [calypso-direct] [DATA_IN] AWS=3.5kt AWA=356° Batt=100% Temp=0°C
[2026-06-06T10:25:09.049] [DEBUG] [calypso-direct] [DATA_IN] AWS=3.5kt AWA=356° Batt=100% Temp=0°C
[2026-06-06T10:25:09.829] [WARNING] [calypso-direct] [TIMING] Large gap: 780ms (expected ~125ms at 8Hz) AWS=3.5kt
[2026-06-06T10:25:09.833] [DEBUG] [calypso-direct] [DATA_IN] AWS=3.5kt AWA=356° Batt=100% Temp=0°C
[2026-06-06T10:25:09.836] [DEBUG] [calypso-direct] [DATA_IN] AWS=3.5kt AWA=350° Batt=100% Temp=0°C
[2026-06-06T10:25:09.837] [DEBUG] [calypso-direct] [DATA_IN] AWS=3.7kt AWA=350° Batt=100% Temp=0°C
[2026-06-06T10:25:10.023] [DEBUG] [calypso-direct] [DATA_IN] AWS=3.7kt AWA=350° Batt=100% Temp=0°C
[2026-06-06T10:25:10.413] [WARNING] [calypso-direct] [TIMING] Large gap: 390ms (expected ~125ms at 8Hz) AWS=3.9kt
[2026-06-06T10:25:10.414] [DEBUG] [calypso-direct] [DATA_IN] AWS=3.9kt AWA=350° Batt=100% Temp=0°C
[2026-06-06T10:25:10.608] [DEBUG] [calypso-direct] [DATA_IN] AWS=3.9kt AWA=350° Batt=100% Temp=0°C
[2026-06-06T10:25:10.803] [DEBUG] [calypso-direct] [DATA_IN] AWS=3.9kt AWA=342° Batt=100% Temp=0°C
[2026-06-06T10:25:11.194] [WARNING] [calypso-direct] [TIMING] Large gap: 390ms (expected ~125ms at 8Hz) AWS=3.9kt
[2026-06-06T10:25:11.194] [DEBUG] [calypso-direct] [DATA_IN] AWS=3.9kt AWA=342° Batt=100% Temp=0°C
[2026-06-06T10:25:11.389] [DEBUG] [calypso-direct] [DATA_IN] AWS=3.9kt AWA=342° Batt=100% Temp=0°C
[2026-06-06T10:25:11.583] [DEBUG] [calypso-direct] [DATA_IN] AWS=3.7kt AWA=342° Batt=100% Temp=0°C
[2026-06-06T10:25:11.778] [DEBUG] [calypso-direct] [DATA_IN] AWS=3.7kt AWA=342° Batt=100% Temp=0°C
[2026-06-06T10:25:12.559] [WARNING] [calypso-direct] [TIMING] Large gap: 781ms (expected ~125ms at 8Hz) AWS=3.7kt
[2026-06-06T10:25:12.559] [DEBUG] [calypso-direct] [DATA_IN] AWS=3.7kt AWA=353° Batt=100% Temp=0°C
[2026-06-06T10:25:12.562] [DEBUG] [calypso-direct] [DATA_IN] AWS=3.7kt AWA=353° Batt=100% Temp=0°C
[2026-06-06T10:25:12.563] [DEBUG] [calypso-direct] [DATA_IN] AWS=3.7kt AWA=353° Batt=100% Temp=0°C
[2026-06-06T10:25:12.753] [DEBUG] [calypso-direct] [DATA_IN] AWS=3.7kt AWA=353° Batt=100% Temp=0°C
[2026-06-06T10:25:13.144] [WARNING] [calypso-direct] [TIMING] Large gap: 390ms (expected ~125ms at 8Hz) AWS=3.7kt
[2026-06-06T10:25:13.144] [DEBUG] [calypso-direct] [DATA_IN] AWS=3.7kt AWA=353° Batt=100% Temp=0°C
[2026-06-06T10:25:13.338] [DEBUG] [calypso-direct] [DATA_IN] AWS=3.7kt AWA=352° Batt=100% Temp=0°C
[2026-06-06T10:25:13.533] [DEBUG] [calypso-direct] [DATA_IN] AWS=3.9kt AWA=352° Batt=100% Temp=0°C
[2026-06-06T10:25:13.728] [DEBUG] [calypso-direct] [DATA_IN] AWS=3.9kt AWA=352° Batt=100% Temp=0°C
[2026-06-06T10:25:14.119] [WARNING] [calypso-direct] [TIMING] Large gap: 391ms (expected ~125ms at 8Hz) AWS=3.9kt
[2026-06-06T10:25:14.119] [DEBUG] [calypso-direct] [DATA_IN] AWS=3.9kt AWA=352° Batt=100% Temp=0°C
[2026-06-06T10:25:14.313] [DEBUG] [calypso-direct] [DATA_IN] AWS=3.9kt AWA=352° Batt=100% Temp=0°C
[2026-06-06T10:25:14.508] [DEBUG] [calypso-direct] [DATA_IN] AWS=3.7kt AWA=8° Batt=100% Temp=0°C
[2026-06-06T10:25:14.898] [WARNING] [calypso-direct] [TIMING] Large gap: 390ms (expected ~125ms at 8Hz) AWS=3.7kt
[2026-06-06T10:25:14.899] [DEBUG] [calypso-direct] [DATA_IN] AWS=3.7kt AWA=8° Batt=100% Temp=0°C
[2026-06-06T10:25:15.096] [DEBUG] [calypso-direct] [DATA_IN] AWS=3.7kt AWA=8° Batt=100% Temp=0°C
[2026-06-06T10:25:15.679] [WARNING] [calypso-direct] [TIMING] Large gap: 584ms (expected ~125ms at 8Hz) AWS=3.7kt
[2026-06-06T10:25:15.679] [DEBUG] [calypso-direct] [DATA_IN] AWS=3.7kt AWA=3° Batt=100% Temp=0°C
[2026-06-06T10:25:15.682] [DEBUG] [calypso-direct] [DATA_IN] AWS=3.7kt AWA=4° Batt=100% Temp=0°C
[2026-06-06T10:25:15.873] [DEBUG] [calypso-direct] [DATA_IN] AWS=3.5kt AWA=3° Batt=100% Temp=0°C
[2026-06-06T10:25:16.068] [DEBUG] [calypso-direct] [DATA_IN] AWS=3.3kt AWA=4° Batt=100% Temp=0°C
[2026-06-06T10:25:16.458] [WARNING] [calypso-direct] [TIMING] Large gap: 390ms (expected ~125ms at 8Hz) AWS=3.3kt
[2026-06-06T10:25:16.459] [DEBUG] [calypso-direct] [DATA_IN] AWS=3.3kt AWA=4° Batt=100% Temp=0°C
[2026-06-06T10:25:16.848] [WARNING] [calypso-direct] [TIMING] Large gap: 390ms (expected ~125ms at 8Hz) AWS=3.3kt
[2026-06-06T10:25:16.849] [DEBUG] [calypso-direct] [DATA_IN] AWS=3.3kt AWA=2° Batt=100% Temp=0°C
[2026-06-06T10:25:17.043] [DEBUG] [calypso-direct] [DATA_IN] AWS=3.3kt AWA=2° Batt=100% Temp=0°C
[2026-06-06T10:25:17.046] [DEBUG] [calypso-direct] [DATA_IN] AWS=3.3kt AWA=355° Batt=100% Temp=0°C
[2026-06-06T10:25:17.433] [WARNING] [calypso-direct] [TIMING] Large gap: 387ms (expected ~125ms at 8Hz) AWS=3.5kt
[2026-06-06T10:25:17.434] [DEBUG] [calypso-direct] [DATA_IN] AWS=3.5kt AWA=355° Batt=100% Temp=0°C
[2026-06-06T10:25:17.629] [DEBUG] [calypso-direct] [DATA_IN] AWS=3.5kt AWA=355° Batt=100% Temp=0°C
[2026-06-06T10:25:17.823] [DEBUG] [calypso-direct] [DATA_IN] AWS=3.7kt AWA=355° Batt=100% Temp=0°C
[2026-06-06T10:25:18.018] [DEBUG] [calypso-direct] [DATA_IN] AWS=3.7kt AWA=355° Batt=100% Temp=0°C
[2026-06-06T10:25:18.604] [WARNING] [calypso-direct] [TIMING] Large gap: 585ms (expected ~125ms at 8Hz) AWS=3.7kt
[2026-06-06T10:25:18.604] [DEBUG] [calypso-direct] [DATA_IN] AWS=3.7kt AWA=351° Batt=100% Temp=0°C
[2026-06-06T10:25:18.605] [DEBUG] [calypso-direct] [DATA_IN] AWS=3.7kt AWA=351° Batt=100% Temp=0°C
[2026-06-06T10:25:18.800] [DEBUG] [calypso-direct] [DATA_IN] AWS=3.7kt AWA=351° Batt=100% Temp=0°C
[2026-06-06T10:25:18.994] [DEBUG] [calypso-direct] [DATA_IN] AWS=3.7kt AWA=351° Batt=100% Temp=0°C
[2026-06-06T10:25:19.969] [WARNING] [calypso-direct] [TIMING] Large gap: 975ms (expected ~125ms at 8Hz) AWS=3.9kt
[2026-06-06T10:25:19.970] [DEBUG] [calypso-direct] [DATA_IN] AWS=3.9kt AWA=351° Batt=100% Temp=0°C
[2026-06-06T10:25:19.971] [DEBUG] [calypso-direct] [DATA_IN] AWS=3.9kt AWA=343° Batt=100% Temp=0°C
[2026-06-06T10:25:19.972] [DEBUG] [calypso-direct] [DATA_IN] AWS=3.9kt AWA=343° Batt=100% Temp=0°C
[2026-06-06T10:25:20.164] [DEBUG] [calypso-direct] [DATA_IN] AWS=3.9kt AWA=343° Batt=100% Temp=0°C
[2026-06-06T10:25:20.360] [DEBUG] [calypso-direct] [DATA_IN] AWS=3.7kt AWA=343° Batt=100% Temp=0°C
[2026-06-06T10:25:21.139] [WARNING] [calypso-direct] [TIMING] Large gap: 780ms (expected ~125ms at 8Hz) AWS=3.7kt
[2026-06-06T10:25:21.140] [DEBUG] [calypso-direct] [DATA_IN] AWS=3.7kt AWA=343° Batt=100% Temp=0°C
[2026-06-06T10:25:21.142] [DEBUG] [calypso-direct] [DATA_IN] AWS=3.7kt AWA=338° Batt=100% Temp=0°C
[2026-06-06T10:25:21.144] [DEBUG] [calypso-direct] [DATA_IN] AWS=3.7kt AWA=338° Batt=100% Temp=0°C
[2026-06-06T10:25:21.335] [DEBUG] [calypso-direct] [DATA_IN] AWS=3.7kt AWA=338° Batt=100% Temp=0°C
[2026-06-06T10:25:21.529] [DEBUG] [calypso-direct] [DATA_IN] AWS=3.7kt AWA=338° Batt=100% Temp=0°C
[2026-06-06T10:25:21.920] [WARNING] [calypso-direct] [TIMING] Large gap: 391ms (expected ~125ms at 8Hz) AWS=3.7kt
[2026-06-06T10:25:21.920] [DEBUG] [calypso-direct] [DATA_IN] AWS=3.7kt AWA=338° Batt=100% Temp=0°C
[2026-06-06T10:25:22.114] [DEBUG] [calypso-direct] [DATA_IN] AWS=3.7kt AWA=345° Batt=100% Temp=0°C
[2026-06-06T10:25:22.310] [DEBUG] [calypso-direct] [DATA_IN] AWS=3.7kt AWA=345° Batt=100% Temp=0°C
[2026-06-06T10:25:22.698] [WARNING] [calypso-direct] [TIMING] Large gap: 388ms (expected ~125ms at 8Hz) AWS=3.7kt
[2026-06-06T10:25:22.699] [DEBUG] [calypso-direct] [DATA_IN] AWS=3.7kt AWA=345° Batt=100% Temp=0°C
[2026-06-06T10:25:22.894] [DEBUG] [calypso-direct] [DATA_IN] AWS=3.9kt AWA=345° Batt=100% Temp=0°C
[2026-06-06T10:25:23.089] [DEBUG] [calypso-direct] [DATA_IN] AWS=3.9kt AWA=345° Batt=100% Temp=0°C
[2026-06-06T10:25:23.283] [DEBUG] [calypso-direct] [DATA_IN] AWS=3.7kt AWA=344° Batt=100% Temp=0°C
[2026-06-06T10:25:23.478] [DEBUG] [calypso-direct] [DATA_IN] AWS=3.5kt AWA=344° Batt=100% Temp=0°C
[2026-06-06T10:25:24.063] [WARNING] [calypso-direct] [TIMING] Large gap: 585ms (expected ~125ms at 8Hz) AWS=3.5kt
[2026-06-06T10:25:24.064] [DEBUG] [calypso-direct] [DATA_IN] AWS=3.5kt AWA=344° Batt=100% Temp=0°C
[2026-06-06T10:25:24.065] [DEBUG] [calypso-direct] [DATA_IN] AWS=3.5kt AWA=344° Batt=100% Temp=0°C
[2026-06-06T10:25:24.259] [DEBUG] [calypso-direct] [DATA_IN] AWS=4.1kt AWA=344° Batt=100% Temp=0°C
[2026-06-06T10:25:24.649] [WARNING] [calypso-direct] [TIMING] Large gap: 390ms (expected ~125ms at 8Hz) AWS=4.3kt
[2026-06-06T10:25:24.649] [DEBUG] [calypso-direct] [DATA_IN] AWS=4.3kt AWA=338° Batt=100% Temp=0°C
[2026-06-06T10:25:24.844] [DEBUG] [calypso-direct] [DATA_IN] AWS=4.3kt AWA=338° Batt=100% Temp=0°C
[2026-06-06T10:25:25.038] [DEBUG] [calypso-direct] [DATA_IN] AWS=4.1kt AWA=338° Batt=100% Temp=0°C
[2026-06-06T10:25:25.234] [DEBUG] [calypso-direct] [DATA_IN] AWS=4.1kt AWA=338° Batt=100% Temp=0°C
[2026-06-06T10:25:25.624] [WARNING] [calypso-direct] [TIMING] Large gap: 390ms (expected ~125ms at 8Hz) AWS=4.1kt
[2026-06-06T10:25:25.624] [DEBUG] [calypso-direct] [DATA_IN] AWS=4.1kt AWA=338° Batt=100% Temp=0°C
[2026-06-06T10:25:26.014] [WARNING] [calypso-direct] [TIMING] Large gap: 390ms (expected ~125ms at 8Hz) AWS=4.1kt
[2026-06-06T10:25:26.014] [DEBUG] [calypso-direct] [DATA_IN] AWS=4.1kt AWA=340° Batt=100% Temp=0°C
[2026-06-06T10:25:26.016] [DEBUG] [calypso-direct] [DATA_IN] AWS=4.1kt AWA=340° Batt=100% Temp=0°C
[2026-06-06T10:25:26.404] [WARNING] [calypso-direct] [TIMING] Large gap: 388ms (expected ~125ms at 8Hz) AWS=4.1kt
[2026-06-06T10:25:26.404] [DEBUG] [calypso-direct] [DATA_IN] AWS=4.1kt AWA=340° Batt=100% Temp=0°C
[2026-06-06T10:25:26.598] [DEBUG] [calypso-direct] [DATA_IN] AWS=4.1kt AWA=340° Batt=100% Temp=0°C
[2026-06-06T10:25:26.988] [WARNING] [calypso-direct] [TIMING] Large gap: 390ms (expected ~125ms at 8Hz) AWS=4.1kt
[2026-06-06T10:25:26.989] [DEBUG] [calypso-direct] [DATA_IN] AWS=4.1kt AWA=340° Batt=100% Temp=0°C
[2026-06-06T10:25:26.990] [DEBUG] [calypso-direct] [DATA_IN] AWS=3.7kt AWA=342° Batt=100% Temp=0°C
[2026-06-06T10:25:27.378] [WARNING] [calypso-direct] [TIMING] Large gap: 388ms (expected ~125ms at 8Hz) AWS=3.5kt
[2026-06-06T10:25:27.379] [DEBUG] [calypso-direct] [DATA_IN] AWS=3.5kt AWA=342° Batt=100% Temp=0°C
[2026-06-06T10:25:27.574] [DEBUG] [calypso-direct] [DATA_IN] AWS=3.5kt AWA=342° Batt=100% Temp=0°C
[2026-06-06T10:25:27.963] [WARNING] [calypso-direct] [TIMING] Large gap: 389ms (expected ~125ms at 8Hz) AWS=3.1kt
[2026-06-06T10:25:27.963] [DEBUG] [calypso-direct] [DATA_IN] AWS=3.1kt AWA=342° Batt=100% Temp=0°C
[2026-06-06T10:25:28.549] [WARNING] [calypso-direct] [TIMING] Large gap: 586ms (expected ~125ms at 8Hz) AWS=3.1kt
[2026-06-06T10:25:28.549] [DEBUG] [calypso-direct] [DATA_IN] AWS=3.1kt AWA=341° Batt=100% Temp=0°C
[2026-06-06T10:25:28.552] [DEBUG] [calypso-direct] [DATA_IN] AWS=3.5kt AWA=345° Batt=100% Temp=0°C
[2026-06-06T10:25:28.552] [DEBUG] [calypso-direct] [DATA_IN] AWS=3.5kt AWA=345° Batt=100% Temp=0°C
[2026-06-06T10:25:28.743] [DEBUG] [calypso-direct] [DATA_IN] AWS=3.5kt AWA=345° Batt=100% Temp=0°C
[2026-06-06T10:25:29.133] [WARNING] [calypso-direct] [TIMING] Large gap: 390ms (expected ~125ms at 8Hz) AWS=3.5kt
[2026-06-06T10:25:29.134] [DEBUG] [calypso-direct] [DATA_IN] AWS=3.5kt AWA=345° Batt=100% Temp=0°C
[2026-06-06T10:25:29.329] [DEBUG] [calypso-direct] [DATA_IN] AWS=3.5kt AWA=345° Batt=100% Temp=0°C
[2026-06-06T10:25:29.523] [DEBUG] [calypso-direct] [DATA_IN] AWS=3.5kt AWA=349° Batt=100% Temp=0°C
[2026-06-06T10:25:29.913] [WARNING] [calypso-direct] [TIMING] Large gap: 390ms (expected ~125ms at 8Hz) AWS=3.5kt
[2026-06-06T10:25:29.914] [DEBUG] [calypso-direct] [DATA_IN] AWS=3.5kt AWA=349° Batt=100% Temp=0°C
[2026-06-06T10:25:30.108] [DEBUG] [calypso-direct] [DATA_IN] AWS=3.7kt AWA=349° Batt=100% Temp=0°C
[2026-06-06T10:25:30.305] [DEBUG] [calypso-direct] [DATA_IN] AWS=3.7kt AWA=349° Batt=100% Temp=0°C
[2026-06-06T10:25:30.498] [DEBUG] [calypso-direct] [DATA_IN] AWS=3.5kt AWA=349° Batt=100% Temp=0°C
[2026-06-06T10:25:30.888] [WARNING] [calypso-direct] [TIMING] Large gap: 390ms (expected ~125ms at 8Hz) AWS=3.9kt
[2026-06-06T10:25:30.889] [DEBUG] [calypso-direct] [DATA_IN] AWS=3.9kt AWA=343° Batt=100% Temp=0°C
[2026-06-06T10:25:31.278] [WARNING] [calypso-direct] [TIMING] Large gap: 390ms (expected ~125ms at 8Hz) AWS=3.5kt
[2026-06-06T10:25:31.279] [DEBUG] [calypso-direct] [DATA_IN] AWS=3.5kt AWA=343° Batt=100% Temp=0°C
[2026-06-06T10:25:31.279] [DEBUG] [calypso-direct] [DATA_IN] AWS=3.5kt AWA=343° Batt=100% Temp=0°C
[2026-06-06T10:25:31.668] [WARNING] [calypso-direct] [TIMING] Large gap: 389ms (expected ~125ms at 8Hz) AWS=3.5kt
[2026-06-06T10:25:31.668] [DEBUG] [calypso-direct] [DATA_IN] AWS=3.5kt AWA=343° Batt=100% Temp=0°C
[2026-06-06T10:25:31.863] [DEBUG] [calypso-direct] [DATA_IN] AWS=3.5kt AWA=343° Batt=100% Temp=0°C
[2026-06-06T10:25:32.058] [DEBUG] [calypso-direct] [DATA_IN] AWS=3.5kt AWA=356° Batt=100% Temp=0°C
[2026-06-06T10:25:32.253] [DEBUG] [calypso-direct] [DATA_IN] AWS=4.1kt AWA=356° Batt=100% Temp=0°C
[2026-06-06T10:25:32.643] [WARNING] [calypso-direct] [TIMING] Large gap: 390ms (expected ~125ms at 8Hz) AWS=4.1kt
[2026-06-06T10:25:32.644] [DEBUG] [calypso-direct] [DATA_IN] AWS=4.1kt AWA=356° Batt=100% Temp=0°C
[2026-06-06T10:25:32.840] [DEBUG] [calypso-direct] [DATA_IN] AWS=4.3kt AWA=356° Batt=100% Temp=0°C
[2026-06-06T10:25:33.035] [DEBUG] [calypso-direct] [DATA_IN] AWS=4.1kt AWA=356° Batt=100% Temp=0°C
[2026-06-06T10:25:33.230] [DEBUG] [calypso-direct] [DATA_IN] AWS=4.3kt AWA=341° Batt=100% Temp=0°C
[2026-06-06T10:25:33.619] [WARNING] [calypso-direct] [TIMING] Large gap: 389ms (expected ~125ms at 8Hz) AWS=4.1kt
[2026-06-06T10:25:33.620] [DEBUG] [calypso-direct] [DATA_IN] AWS=4.1kt AWA=341° Batt=100% Temp=0°C
[2026-06-06T10:25:33.814] [DEBUG] [calypso-direct] [DATA_IN] AWS=4.1kt AWA=2° Batt=100% Temp=0°C
[2026-06-06T10:25:34.203] [WARNING] [calypso-direct] [TIMING] Large gap: 389ms (expected ~125ms at 8Hz) AWS=4.1kt
[2026-06-06T10:25:34.203] [DEBUG] [calypso-direct] [DATA_IN] AWS=4.1kt AWA=341° Batt=100% Temp=0°C
[2026-06-06T10:25:34.398] [DEBUG] [calypso-direct] [DATA_IN] AWS=4.1kt AWA=341° Batt=100% Temp=0°C
[2026-06-06T10:25:34.593] [DEBUG] [calypso-direct] [DATA_IN] AWS=4.1kt AWA=347° Batt=100% Temp=0°C
[2026-06-06T10:25:34.788] [DEBUG] [calypso-direct] [DATA_IN] AWS=4.1kt AWA=347° Batt=100% Temp=0°C
[2026-06-06T10:25:34.983] [DEBUG] [calypso-direct] [DATA_IN] AWS=4.1kt AWA=347° Batt=100% Temp=0°C
[2026-06-06T10:25:35.763] [WARNING] [calypso-direct] [TIMING] Large gap: 780ms (expected ~125ms at 8Hz) AWS=4.3kt
[2026-06-06T10:25:35.764] [DEBUG] [calypso-direct] [DATA_IN] AWS=4.3kt AWA=347° Batt=100% Temp=0°C
[2026-06-06T10:25:35.764] [DEBUG] [calypso-direct] [DATA_IN] AWS=4.1kt AWA=346° Batt=100% Temp=0°C
[2026-06-06T10:25:35.766] [DEBUG] [calypso-direct] [DATA_IN] AWS=4.1kt AWA=351° Batt=100% Temp=0°C
[2026-06-06T10:25:36.153] [WARNING] [calypso-direct] [TIMING] Large gap: 387ms (expected ~125ms at 8Hz) AWS=4.1kt
[2026-06-06T10:25:36.154] [DEBUG] [calypso-direct] [DATA_IN] AWS=4.1kt AWA=351° Batt=100% Temp=0°C
[2026-06-06T10:25:36.348] [DEBUG] [calypso-direct] [DATA_IN] AWS=4.3kt AWA=351° Batt=100% Temp=0°C
[2026-06-06T10:25:36.543] [DEBUG] [calypso-direct] [DATA_IN] AWS=4.3kt AWA=351° Batt=100% Temp=0°C
[2026-06-06T10:25:36.738] [DEBUG] [calypso-direct] [DATA_IN] AWS=4.5kt AWA=351° Batt=100% Temp=0°C
[2026-06-06T10:25:37.128] [WARNING] [calypso-direct] [TIMING] Large gap: 390ms (expected ~125ms at 8Hz) AWS=4.5kt
[2026-06-06T10:25:37.129] [DEBUG] [calypso-direct] [DATA_IN] AWS=4.5kt AWA=354° Batt=100% Temp=0°C
[2026-06-06T10:25:37.323] [DEBUG] [calypso-direct] [DATA_IN] AWS=4.5kt AWA=354° Batt=100% Temp=0°C
[2026-06-06T10:25:37.518] [DEBUG] [calypso-direct] [DATA_IN] AWS=4.5kt AWA=354° Batt=100% Temp=0°C
[2026-06-06T10:25:37.908] [WARNING] [calypso-direct] [TIMING] Large gap: 390ms (expected ~125ms at 8Hz) AWS=4.5kt
[2026-06-06T10:25:37.908] [DEBUG] [calypso-direct] [DATA_IN] AWS=4.5kt AWA=354° Batt=100% Temp=0°C
[2026-06-06T10:25:38.103] [DEBUG] [calypso-direct] [DATA_IN] AWS=4.5kt AWA=354° Batt=100% Temp=0°C
[2026-06-06T10:25:38.688] [WARNING] [calypso-direct] [TIMING] Large gap: 585ms (expected ~125ms at 8Hz) AWS=4.5kt
[2026-06-06T10:25:38.688] [DEBUG] [calypso-direct] [DATA_IN] AWS=4.5kt AWA=342° Batt=100% Temp=0°C
[2026-06-06T10:25:38.689] [DEBUG] [calypso-direct] [DATA_IN] AWS=4.5kt AWA=342° Batt=100% Temp=0°C
[2026-06-06T10:25:38.883] [DEBUG] [calypso-direct] [DATA_IN] AWS=4.5kt AWA=342° Batt=100% Temp=0°C
[2026-06-06T10:25:39.078] [DEBUG] [calypso-direct] [DATA_IN] AWS=4.5kt AWA=342° Batt=100% Temp=0°C
[2026-06-06T10:25:39.274] [DEBUG] [calypso-direct] [DATA_IN] AWS=4.5kt AWA=342° Batt=100% Temp=0°C
[2026-06-06T10:25:40.053] [WARNING] [calypso-direct] [TIMING] Large gap: 779ms (expected ~125ms at 8Hz) AWS=4.5kt
[2026-06-06T10:25:40.054] [DEBUG] [calypso-direct] [DATA_IN] AWS=4.5kt AWA=346° Batt=100% Temp=0°C
[2026-06-06T10:25:40.055] [DEBUG] [calypso-direct] [DATA_IN] AWS=4.5kt AWA=346° Batt=100% Temp=0°C
[2026-06-06T10:25:40.057] [DEBUG] [calypso-direct] [DATA_IN] AWS=4.5kt AWA=346° Batt=100% Temp=0°C
[2026-06-06T10:25:40.248] [DEBUG] [calypso-direct] [DATA_IN] AWS=4.5kt AWA=346° Batt=100% Temp=0°C
[2026-06-06T10:25:40.638] [WARNING] [calypso-direct] [TIMING] Large gap: 390ms (expected ~125ms at 8Hz) AWS=4.5kt
[2026-06-06T10:25:40.638] [DEBUG] [calypso-direct] [DATA_IN] AWS=4.5kt AWA=346° Batt=100% Temp=0°C
[2026-06-06T10:25:40.833] [DEBUG] [calypso-direct] [DATA_IN] AWS=4.5kt AWA=355° Batt=100% Temp=0°C
[2026-06-06T10:25:41.028] [DEBUG] [calypso-direct] [DATA_IN] AWS=4.3kt AWA=355° Batt=100% Temp=0°C
[2026-06-06T10:25:41.418] [WARNING] [calypso-direct] [TIMING] Large gap: 390ms (expected ~125ms at 8Hz) AWS=4.1kt
[2026-06-06T10:25:41.419] [DEBUG] [calypso-direct] [DATA_IN] AWS=4.1kt AWA=355° Batt=100% Temp=0°C
[2026-06-06T10:25:41.613] [DEBUG] [calypso-direct] [DATA_IN] AWS=4.1kt AWA=355° Batt=100% Temp=0°C
[2026-06-06T10:25:41.809] [DEBUG] [calypso-direct] [DATA_IN] AWS=4.1kt AWA=355° Batt=100% Temp=0°C
[2026-06-06T10:25:42.005] [DEBUG] [calypso-direct] [DATA_IN] AWS=4.1kt AWA=341° Batt=100% Temp=0°C
[2026-06-06T10:25:42.393] [WARNING] [calypso-direct] [TIMING] Large gap: 389ms (expected ~125ms at 8Hz) AWS=4.3kt
[2026-06-06T10:25:42.394] [DEBUG] [calypso-direct] [DATA_IN] AWS=4.3kt AWA=340° Batt=100% Temp=0°C
[2026-06-06T10:25:42.978] [WARNING] [calypso-direct] [TIMING] Large gap: 585ms (expected ~125ms at 8Hz) AWS=4.5kt
[2026-06-06T10:25:42.979] [DEBUG] [calypso-direct] [DATA_IN] AWS=4.5kt AWA=340° Batt=100% Temp=0°C
[2026-06-06T10:25:42.980] [DEBUG] [calypso-direct] [DATA_IN] AWS=4.7kt AWA=340° Batt=100% Temp=0°C
[2026-06-06T10:25:42.983] [DEBUG] [calypso-direct] [DATA_IN] AWS=4.7kt AWA=340° Batt=100% Temp=0°C
[2026-06-06T10:25:43.368] [WARNING] [calypso-direct] [TIMING] Large gap: 385ms (expected ~125ms at 8Hz) AWS=4.5kt
[2026-06-06T10:25:43.368] [DEBUG] [calypso-direct] [DATA_IN] AWS=4.5kt AWA=5° Batt=100% Temp=0°C
[2026-06-06T10:25:43.564] [DEBUG] [calypso-direct] [DATA_IN] AWS=4.5kt AWA=5° Batt=100% Temp=0°C
[2026-06-06T10:25:43.758] [DEBUG] [calypso-direct] [DATA_IN] AWS=4.3kt AWA=5° Batt=100% Temp=0°C
[2026-06-06T10:25:44.345] [WARNING] [calypso-direct] [TIMING] Large gap: 587ms (expected ~125ms at 8Hz) AWS=4.3kt
[2026-06-06T10:25:44.346] [DEBUG] [calypso-direct] [DATA_IN] AWS=4.3kt AWA=5° Batt=100% Temp=0°C
[2026-06-06T10:25:44.350] [DEBUG] [calypso-direct] [DATA_IN] AWS=4.3kt AWA=5° Batt=100% Temp=0°C
[2026-06-06T10:25:44.541] [DEBUG] [calypso-direct] [DATA_IN] AWS=4.3kt AWA=355° Batt=100% Temp=0°C
[2026-06-06T10:25:44.735] [DEBUG] [calypso-direct] [DATA_IN] AWS=4.3kt AWA=355° Batt=100% Temp=0°C
[2026-06-06T10:25:45.125] [WARNING] [calypso-direct] [TIMING] Large gap: 390ms (expected ~125ms at 8Hz) AWS=4.3kt
[2026-06-06T10:25:45.126] [DEBUG] [calypso-direct] [DATA_IN] AWS=4.3kt AWA=355° Batt=100% Temp=0°C
[2026-06-06T10:25:45.319] [DEBUG] [calypso-direct] [DATA_IN] AWS=4.3kt AWA=355° Batt=100% Temp=0°C
[2026-06-06T10:25:45.906] [WARNING] [calypso-direct] [TIMING] Large gap: 587ms (expected ~125ms at 8Hz) AWS=4.3kt
[2026-06-06T10:25:45.907] [DEBUG] [calypso-direct] [DATA_IN] AWS=4.3kt AWA=355° Batt=100% Temp=0°C
[2026-06-06T10:25:45.908] [DEBUG] [calypso-direct] [DATA_IN] AWS=4.5kt AWA=346° Batt=100% Temp=0°C
[2026-06-06T10:25:46.294] [WARNING] [calypso-direct] [TIMING] Large gap: 386ms (expected ~125ms at 8Hz) AWS=4.5kt
[2026-06-06T10:25:46.294] [INFO] [calypso-direct] [RATE_1MIN] 240 pkts/min (expected 480 at 8Hz) max_gap=975ms gaps_>250ms=76
[2026-06-06T10:25:46.294] [DEBUG] [calypso-direct] [DATA_IN] AWS=4.5kt AWA=346° Batt=100% Temp=0°C
[2026-06-06T10:25:46.295] [DEBUG] [calypso-direct] [DATA_IN] AWS=4.7kt AWA=346° Batt=100% Temp=0°C
[2026-06-06T10:25:46.488] [DEBUG] [calypso-direct] [DATA_IN] AWS=4.5kt AWA=346° Batt=100% Temp=0°C
[2026-06-06T10:25:47.268] [WARNING] [calypso-direct] [TIMING] Large gap: 780ms (expected ~125ms at 8Hz) AWS=4.7kt
[2026-06-06T10:25:47.268] [DEBUG] [calypso-direct] [DATA_IN] AWS=4.7kt AWA=346° Batt=100% Temp=0°C
[2026-06-06T10:25:47.269] [DEBUG] [calypso-direct] [DATA_IN] AWS=4.3kt AWA=347° Batt=100% Temp=0°C
[2026-06-06T10:25:47.272] [DEBUG] [calypso-direct] [DATA_IN] AWS=4.3kt AWA=347° Batt=100% Temp=0°C
[2026-06-06T10:25:47.658] [WARNING] [calypso-direct] [TIMING] Large gap: 386ms (expected ~125ms at 8Hz) AWS=4.3kt
[2026-06-06T10:25:47.658] [DEBUG] [calypso-direct] [DATA_IN] AWS=4.3kt AWA=347° Batt=100% Temp=0°C
[2026-06-06T10:25:47.853] [DEBUG] [calypso-direct] [DATA_IN] AWS=4.3kt AWA=347° Batt=100% Temp=0°C
[2026-06-06T10:25:48.048] [DEBUG] [calypso-direct] [DATA_IN] AWS=3.9kt AWA=347° Batt=100% Temp=0°C
[2026-06-06T10:25:48.243] [DEBUG] [calypso-direct] [DATA_IN] AWS=3.9kt AWA=343° Batt=100% Temp=0°C
[2026-06-06T10:25:48.633] [WARNING] [calypso-direct] [TIMING] Large gap: 390ms (expected ~125ms at 8Hz) AWS=3.9kt
[2026-06-06T10:25:48.634] [DEBUG] [calypso-direct] [DATA_IN] AWS=3.9kt AWA=343° Batt=100% Temp=0°C
[2026-06-06T10:25:48.828] [DEBUG] [calypso-direct] [DATA_IN] AWS=3.9kt AWA=343° Batt=100% Temp=0°C
[2026-06-06T10:25:49.024] [DEBUG] [calypso-direct] [DATA_IN] AWS=3.9kt AWA=343° Batt=100% Temp=0°C
[2026-06-06T10:25:49.413] [WARNING] [calypso-direct] [TIMING] Large gap: 388ms (expected ~125ms at 8Hz) AWS=3.5kt
[2026-06-06T10:25:49.413] [DEBUG] [calypso-direct] [DATA_IN] AWS=3.5kt AWA=343° Batt=100% Temp=0°C
[2026-06-06T10:25:49.608] [DEBUG] [calypso-direct] [DATA_IN] AWS=3.5kt AWA=343° Batt=100% Temp=0°C
[2026-06-06T10:25:50.193] [WARNING] [calypso-direct] [TIMING] Large gap: 586ms (expected ~125ms at 8Hz) AWS=3.5kt
[2026-06-06T10:25:50.194] [DEBUG] [calypso-direct] [DATA_IN] AWS=3.5kt AWA=343° Batt=100% Temp=0°C
[2026-06-06T10:25:50.388] [DEBUG] [calypso-direct] [DATA_IN] AWS=3.5kt AWA=343° Batt=100% Temp=0°C
[2026-06-06T10:25:50.390] [DEBUG] [calypso-direct] [DATA_IN] AWS=3.3kt AWA=343° Batt=100% Temp=0°C
[2026-06-06T10:25:50.583] [DEBUG] [calypso-direct] [DATA_IN] AWS=3.3kt AWA=343° Batt=100% Temp=0°C
[2026-06-06T10:25:50.781] [DEBUG] [calypso-direct] [DATA_IN] AWS=3.3kt AWA=345° Batt=100% Temp=0°C
[2026-06-06T10:25:51.559] [WARNING] [calypso-direct] [TIMING] Large gap: 777ms (expected ~125ms at 8Hz) AWS=3.3kt
[2026-06-06T10:25:51.559] [DEBUG] [calypso-direct] [DATA_IN] AWS=3.3kt AWA=345° Batt=100% Temp=0°C
[2026-06-06T10:25:51.561] [DEBUG] [calypso-direct] [DATA_IN] AWS=3.9kt AWA=345° Batt=100% Temp=0°C
[2026-06-06T10:25:51.565] [DEBUG] [calypso-direct] [DATA_IN] AWS=3.9kt AWA=344° Batt=100% Temp=0°C
[2026-06-06T10:25:51.754] [DEBUG] [calypso-direct] [DATA_IN] AWS=3.9kt AWA=344° Batt=100% Temp=0°C
[2026-06-06T10:25:52.143] [WARNING] [calypso-direct] [TIMING] Large gap: 389ms (expected ~125ms at 8Hz) AWS=3.7kt
[2026-06-06T10:25:52.143] [DEBUG] [calypso-direct] [DATA_IN] AWS=3.7kt AWA=331° Batt=100% Temp=0°C
[2026-06-06T10:25:52.338] [DEBUG] [calypso-direct] [DATA_IN] AWS=3.5kt AWA=331° Batt=100% Temp=0°C
[2026-06-06T10:25:52.533] [DEBUG] [calypso-direct] [DATA_IN] AWS=3.3kt AWA=331° Batt=100% Temp=0°C
[2026-06-06T10:25:52.923] [WARNING] [calypso-direct] [TIMING] Large gap: 390ms (expected ~125ms at 8Hz) AWS=3.3kt
[2026-06-06T10:25:52.923] [DEBUG] [calypso-direct] [DATA_IN] AWS=3.3kt AWA=331° Batt=100% Temp=0°C
[2026-06-06T10:25:53.118] [DEBUG] [calypso-direct] [DATA_IN] AWS=3.3kt AWA=332° Batt=100% Temp=0°C
[2026-06-06T10:25:53.313] [DEBUG] [calypso-direct] [DATA_IN] AWS=3.5kt AWA=339° Batt=100% Temp=0°C
[2026-06-06T10:25:53.508] [DEBUG] [calypso-direct] [DATA_IN] AWS=3.5kt AWA=339° Batt=100% Temp=0°C
[2026-06-06T10:25:53.898] [WARNING] [calypso-direct] [TIMING] Large gap: 391ms (expected ~125ms at 8Hz) AWS=3.7kt
[2026-06-06T10:25:53.899] [DEBUG] [calypso-direct] [DATA_IN] AWS=3.7kt AWA=339° Batt=100% Temp=0°C
[2026-06-06T10:25:54.483] [WARNING] [calypso-direct] [TIMING] Large gap: 585ms (expected ~125ms at 8Hz) AWS=3.7kt
[2026-06-06T10:25:54.484] [DEBUG] [calypso-direct] [DATA_IN] AWS=3.7kt AWA=339° Batt=100% Temp=0°C
[2026-06-06T10:25:54.484] [DEBUG] [calypso-direct] [DATA_IN] AWS=3.7kt AWA=338° Batt=100% Temp=0°C
[2026-06-06T10:25:54.488] [DEBUG] [calypso-direct] [DATA_IN] AWS=3.7kt AWA=341° Batt=100% Temp=0°C
[2026-06-06T10:25:54.873] [WARNING] [calypso-direct] [TIMING] Large gap: 385ms (expected ~125ms at 8Hz) AWS=3.7kt
[2026-06-06T10:25:54.875] [DEBUG] [calypso-direct] [DATA_IN] AWS=3.7kt AWA=342° Batt=100% Temp=0°C
[2026-06-06T10:25:55.074] [DEBUG] [calypso-direct] [DATA_IN] AWS=3.3kt AWA=342° Batt=100% Temp=0°C
[2026-06-06T10:25:55.263] [DEBUG] [calypso-direct] [DATA_IN] AWS=3.3kt AWA=342° Batt=100% Temp=0°C
[2026-06-06T10:25:55.848] [WARNING] [calypso-direct] [TIMING] Large gap: 585ms (expected ~125ms at 8Hz) AWS=3.3kt
[2026-06-06T10:25:55.848] [DEBUG] [calypso-direct] [DATA_IN] AWS=3.3kt AWA=342° Batt=100% Temp=0°C
[2026-06-06T10:25:55.851] [DEBUG] [calypso-direct] [DATA_IN] AWS=3.5kt AWA=334° Batt=100% Temp=0°C
[2026-06-06T10:25:56.043] [DEBUG] [calypso-direct] [DATA_IN] AWS=4.1kt AWA=334° Batt=100% Temp=0°C
[2026-06-06T10:25:56.238] [DEBUG] [calypso-direct] [DATA_IN] AWS=4.1kt AWA=334° Batt=100% Temp=0°C
[2026-06-06T10:25:56.628] [WARNING] [calypso-direct] [TIMING] Large gap: 390ms (expected ~125ms at 8Hz) AWS=4.1kt
[2026-06-06T10:25:56.628] [DEBUG] [calypso-direct] [DATA_IN] AWS=4.1kt AWA=333° Batt=100% Temp=0°C
[2026-06-06T10:25:56.823] [DEBUG] [calypso-direct] [DATA_IN] AWS=3.7kt AWA=333° Batt=100% Temp=0°C
[2026-06-06T10:25:57.408] [WARNING] [calypso-direct] [TIMING] Large gap: 585ms (expected ~125ms at 8Hz) AWS=4.1kt
[2026-06-06T10:25:57.409] [DEBUG] [calypso-direct] [DATA_IN] AWS=4.1kt AWA=328° Batt=100% Temp=0°C
[2026-06-06T10:25:57.409] [DEBUG] [calypso-direct] [DATA_IN] AWS=3.7kt AWA=327° Batt=100% Temp=0°C
[2026-06-06T10:25:57.603] [DEBUG] [calypso-direct] [DATA_IN] AWS=3.5kt AWA=327° Batt=100% Temp=0°C
[2026-06-06T10:25:57.798] [DEBUG] [calypso-direct] [DATA_IN] AWS=3.5kt AWA=328° Batt=100% Temp=0°C
[2026-06-06T10:25:57.993] [DEBUG] [calypso-direct] [DATA_IN] AWS=3.5kt AWA=328° Batt=100% Temp=0°C
[2026-06-06T10:25:58.383] [WARNING] [calypso-direct] [TIMING] Large gap: 390ms (expected ~125ms at 8Hz) AWS=3.5kt
[2026-06-06T10:25:58.383] [DEBUG] [calypso-direct] [DATA_IN] AWS=3.5kt AWA=328° Batt=100% Temp=0°C
[2026-06-06T10:25:58.773] [WARNING] [calypso-direct] [TIMING] Large gap: 390ms (expected ~125ms at 8Hz) AWS=3.5kt
[2026-06-06T10:25:58.773] [DEBUG] [calypso-direct] [DATA_IN] AWS=3.5kt AWA=329° Batt=100% Temp=0°C
[2026-06-06T10:25:58.774] [DEBUG] [calypso-direct] [DATA_IN] AWS=3.5kt AWA=328° Batt=100% Temp=0°C
[2026-06-06T10:25:59.163] [WARNING] [calypso-direct] [TIMING] Large gap: 389ms (expected ~125ms at 8Hz) AWS=3.5kt
[2026-06-06T10:25:59.163] [DEBUG] [calypso-direct] [DATA_IN] AWS=3.5kt AWA=328° Batt=100% Temp=0°C
[2026-06-06T10:25:59.358] [DEBUG] [calypso-direct] [DATA_IN] AWS=3.5kt AWA=327° Batt=100% Temp=0°C
[2026-06-06T10:25:59.553] [DEBUG] [calypso-direct] [DATA_IN] AWS=3.5kt AWA=329° Batt=100% Temp=0°C
[2026-06-06T10:25:59.748] [DEBUG] [calypso-direct] [DATA_IN] AWS=3.7kt AWA=329° Batt=100% Temp=0°C
[2026-06-06T10:26:00.138] [WARNING] [calypso-direct] [TIMING] Large gap: 390ms (expected ~125ms at 8Hz) AWS=3.7kt
[2026-06-06T10:26:00.138] [DEBUG] [calypso-direct] [DATA_IN] AWS=3.7kt AWA=329° Batt=100% Temp=0°C
[2026-06-06T10:26:00.333] [DEBUG] [calypso-direct] [DATA_IN] AWS=4.3kt AWA=329° Batt=100% Temp=0°C
[2026-06-06T10:26:00.528] [DEBUG] [calypso-direct] [DATA_IN] AWS=4.3kt AWA=329° Batt=100% Temp=0°C
[2026-06-06T10:26:00.918] [WARNING] [calypso-direct] [TIMING] Large gap: 391ms (expected ~125ms at 8Hz) AWS=4.3kt
[2026-06-06T10:26:00.919] [DEBUG] [calypso-direct] [DATA_IN] AWS=4.3kt AWA=335° Batt=100% Temp=0°C
[2026-06-06T10:26:01.113] [DEBUG] [calypso-direct] [DATA_IN] AWS=4.3kt AWA=334° Batt=100% Temp=0°C
[2026-06-06T10:26:01.698] [WARNING] [calypso-direct] [TIMING] Large gap: 585ms (expected ~125ms at 8Hz) AWS=3.5kt
[2026-06-06T10:26:01.699] [DEBUG] [calypso-direct] [DATA_IN] AWS=3.5kt AWA=335° Batt=100% Temp=0°C
[2026-06-06T10:26:01.700] [DEBUG] [calypso-direct] [DATA_IN] AWS=3.5kt AWA=335° Batt=100% Temp=0°C
[2026-06-06T10:26:01.893] [DEBUG] [calypso-direct] [DATA_IN] AWS=3.1kt AWA=335° Batt=100% Temp=0°C
[2026-06-06T10:26:02.088] [DEBUG] [calypso-direct] [DATA_IN] AWS=3.1kt AWA=336° Batt=100% Temp=0°C
[2026-06-06T10:26:02.284] [DEBUG] [calypso-direct] [DATA_IN] AWS=2.9kt AWA=336° Batt=100% Temp=0°C
[2026-06-06T10:26:02.478] [DEBUG] [calypso-direct] [DATA_IN] AWS=2.9kt AWA=336° Batt=100% Temp=0°C
[2026-06-06T10:26:03.064] [WARNING] [calypso-direct] [TIMING] Large gap: 586ms (expected ~125ms at 8Hz) AWS=2.9kt
[2026-06-06T10:26:03.068] [DEBUG] [calypso-direct] [DATA_IN] AWS=2.9kt AWA=335° Batt=100% Temp=0°C
[2026-06-06T10:26:03.070] [DEBUG] [calypso-direct] [DATA_IN] AWS=2.9kt AWA=335° Batt=100% Temp=0°C
[2026-06-06T10:26:03.259] [DEBUG] [calypso-direct] [DATA_IN] AWS=2.9kt AWA=323° Batt=100% Temp=0°C
[2026-06-06T10:26:03.648] [WARNING] [calypso-direct] [TIMING] Large gap: 389ms (expected ~125ms at 8Hz) AWS=2.9kt
[2026-06-06T10:26:03.648] [DEBUG] [calypso-direct] [DATA_IN] AWS=2.9kt AWA=322° Batt=100% Temp=0°C
[2026-06-06T10:26:03.843] [DEBUG] [calypso-direct] [DATA_IN] AWS=2.9kt AWA=322° Batt=100% Temp=0°C
[2026-06-06T10:26:04.038] [DEBUG] [calypso-direct] [DATA_IN] AWS=2.9kt AWA=321° Batt=100% Temp=0°C
[2026-06-06T10:26:04.428] [WARNING] [calypso-direct] [TIMING] Large gap: 390ms (expected ~125ms at 8Hz) AWS=2.9kt
[2026-06-06T10:26:04.428] [DEBUG] [calypso-direct] [DATA_IN] AWS=2.9kt AWA=321° Batt=100% Temp=0°C
[2026-06-06T10:26:04.623] [DEBUG] [calypso-direct] [DATA_IN] AWS=2.9kt AWA=319° Batt=100% Temp=0°C
[2026-06-06T10:26:04.818] [DEBUG] [calypso-direct] [DATA_IN] AWS=3.1kt AWA=319° Batt=100% Temp=0°C
[2026-06-06T10:26:05.013] [DEBUG] [calypso-direct] [DATA_IN] AWS=3.5kt AWA=318° Batt=100% Temp=0°C
[2026-06-06T10:26:05.403] [WARNING] [calypso-direct] [TIMING] Large gap: 390ms (expected ~125ms at 8Hz) AWS=3.9kt
[2026-06-06T10:26:05.403] [DEBUG] [calypso-direct] [DATA_IN] AWS=3.9kt AWA=318° Batt=100% Temp=0°C
[2026-06-06T10:26:05.988] [WARNING] [calypso-direct] [TIMING] Large gap: 585ms (expected ~125ms at 8Hz) AWS=3.9kt
[2026-06-06T10:26:05.989] [DEBUG] [calypso-direct] [DATA_IN] AWS=3.9kt AWA=318° Batt=100% Temp=0°C
[2026-06-06T10:26:05.990] [DEBUG] [calypso-direct] [DATA_IN] AWS=3.7kt AWA=319° Batt=100% Temp=0°C
[2026-06-06T10:26:05.992] [DEBUG] [calypso-direct] [DATA_IN] AWS=3.7kt AWA=319° Batt=100% Temp=0°C
[2026-06-06T10:26:06.378] [WARNING] [calypso-direct] [TIMING] Large gap: 386ms (expected ~125ms at 8Hz) AWS=3.7kt
[2026-06-06T10:26:06.378] [DEBUG] [calypso-direct] [DATA_IN] AWS=3.7kt AWA=320° Batt=100% Temp=0°C
[2026-06-06T10:26:06.574] [DEBUG] [calypso-direct] [DATA_IN] AWS=3.7kt AWA=320° Batt=100% Temp=0°C
[2026-06-06T10:26:06.768] [DEBUG] [calypso-direct] [DATA_IN] AWS=3.7kt AWA=320° Batt=100% Temp=0°C
[2026-06-06T10:26:07.355] [WARNING] [calypso-direct] [TIMING] Large gap: 585ms (expected ~125ms at 8Hz) AWS=3.7kt
[2026-06-06T10:26:07.355] [DEBUG] [calypso-direct] [DATA_IN] AWS=3.7kt AWA=320° Batt=100% Temp=0°C
[2026-06-06T10:26:07.356] [DEBUG] [calypso-direct] [DATA_IN] AWS=4.1kt AWA=320° Batt=100% Temp=0°C
[2026-06-06T10:26:07.548] [DEBUG] [calypso-direct] [DATA_IN] AWS=3.7kt AWA=321° Batt=100% Temp=0°C
[2026-06-06T10:26:07.743] [DEBUG] [calypso-direct] [DATA_IN] AWS=3.7kt AWA=321° Batt=100% Temp=0°C
[2026-06-06T10:26:08.328] [WARNING] [calypso-direct] [TIMING] Large gap: 584ms (expected ~125ms at 8Hz) AWS=3.7kt
[2026-06-06T10:26:08.328] [DEBUG] [calypso-direct] [DATA_IN] AWS=3.7kt AWA=321° Batt=100% Temp=0°C
[2026-06-06T10:26:08.330] [DEBUG] [calypso-direct] [DATA_IN] AWS=3.3kt AWA=321° Batt=100% Temp=0°C
[2026-06-06T10:26:08.913] [WARNING] [calypso-direct] [TIMING] Large gap: 582ms (expected ~125ms at 8Hz) AWS=3.3kt
[2026-06-06T10:26:08.913] [DEBUG] [calypso-direct] [DATA_IN] AWS=3.3kt AWA=323° Batt=100% Temp=0°C
[2026-06-06T10:26:08.915] [DEBUG] [calypso-direct] [DATA_IN] AWS=3.3kt AWA=321° Batt=100% Temp=0°C
[2026-06-06T10:26:09.108] [DEBUG] [calypso-direct] [DATA_IN] AWS=4.1kt AWA=320° Batt=100% Temp=0°C
[2026-06-06T10:26:09.303] [DEBUG] [calypso-direct] [DATA_IN] AWS=4.1kt AWA=321° Batt=100% Temp=0°C
[2026-06-06T10:26:09.498] [DEBUG] [calypso-direct] [DATA_IN] AWS=4.1kt AWA=323° Batt=100% Temp=0°C
[2026-06-06T10:26:09.887] [WARNING] [calypso-direct] [TIMING] Large gap: 390ms (expected ~125ms at 8Hz) AWS=3.5kt
[2026-06-06T10:26:09.888] [DEBUG] [calypso-direct] [DATA_IN] AWS=3.5kt AWA=323° Batt=100% Temp=0°C
[2026-06-06T10:26:10.278] [WARNING] [calypso-direct] [TIMING] Large gap: 390ms (expected ~125ms at 8Hz) AWS=3.1kt
[2026-06-06T10:26:10.278] [DEBUG] [calypso-direct] [DATA_IN] AWS=3.1kt AWA=323° Batt=100% Temp=0°C
[2026-06-06T10:26:10.279] [DEBUG] [calypso-direct] [DATA_IN] AWS=3.1kt AWA=323° Batt=100% Temp=0°C
[2026-06-06T10:26:10.667] [WARNING] [calypso-direct] [TIMING] Large gap: 389ms (expected ~125ms at 8Hz) AWS=3.3kt
[2026-06-06T10:26:10.668] [DEBUG] [calypso-direct] [DATA_IN] AWS=3.3kt AWA=323° Batt=100% Temp=0°C
[2026-06-06T10:26:10.863] [DEBUG] [calypso-direct] [DATA_IN] AWS=3.3kt AWA=323° Batt=100% Temp=0°C
[2026-06-06T10:26:11.253] [WARNING] [calypso-direct] [TIMING] Large gap: 390ms (expected ~125ms at 8Hz) AWS=2.9kt
[2026-06-06T10:26:11.254] [DEBUG] [calypso-direct] [DATA_IN] AWS=2.9kt AWA=323° Batt=100% Temp=0°C
[2026-06-06T10:26:11.843] [WARNING] [calypso-direct] [TIMING] Large gap: 590ms (expected ~125ms at 8Hz) AWS=3.3kt
[2026-06-06T10:26:11.843] [DEBUG] [calypso-direct] [DATA_IN] AWS=3.3kt AWA=323° Batt=100% Temp=0°C
[2026-06-06T10:26:11.844] [DEBUG] [calypso-direct] [DATA_IN] AWS=3.5kt AWA=323° Batt=100% Temp=0°C
[2026-06-06T10:26:11.847] [DEBUG] [calypso-direct] [DATA_IN] AWS=3.5kt AWA=322° Batt=100% Temp=0°C
[2026-06-06T10:26:12.033] [DEBUG] [calypso-direct] [DATA_IN] AWS=3.5kt AWA=319° Batt=100% Temp=0°C
[2026-06-06T10:26:12.228] [DEBUG] [calypso-direct] [DATA_IN] AWS=3.7kt AWA=319° Batt=100% Temp=0°C
[2026-06-06T10:26:12.618] [WARNING] [calypso-direct] [TIMING] Large gap: 390ms (expected ~125ms at 8Hz) AWS=3.7kt
[2026-06-06T10:26:12.619] [DEBUG] [calypso-direct] [DATA_IN] AWS=3.7kt AWA=319° Batt=100% Temp=0°C
[2026-06-06T10:26:12.812] [DEBUG] [calypso-direct] [DATA_IN] AWS=3.7kt AWA=319° Batt=100% Temp=0°C
[2026-06-06T10:26:13.203] [WARNING] [calypso-direct] [TIMING] Large gap: 390ms (expected ~125ms at 8Hz) AWS=3.5kt
[2026-06-06T10:26:13.203] [DEBUG] [calypso-direct] [DATA_IN] AWS=3.5kt AWA=319° Batt=100% Temp=0°C
[2026-06-06T10:26:13.398] [DEBUG] [calypso-direct] [DATA_IN] AWS=3.5kt AWA=323° Batt=100% Temp=0°C
[2026-06-06T10:26:13.593] [DEBUG] [calypso-direct] [DATA_IN] AWS=3.5kt AWA=323° Batt=100% Temp=0°C
[2026-06-06T10:26:13.789] [DEBUG] [calypso-direct] [DATA_IN] AWS=3.5kt AWA=323° Batt=100% Temp=0°C
[2026-06-06T10:26:14.178] [WARNING] [calypso-direct] [TIMING] Large gap: 389ms (expected ~125ms at 8Hz) AWS=3.5kt
[2026-06-06T10:26:14.178] [DEBUG] [calypso-direct] [DATA_IN] AWS=3.5kt AWA=323° Batt=100% Temp=0°C
[2026-06-06T10:26:14.567] [WARNING] [calypso-direct] [TIMING] Large gap: 390ms (expected ~125ms at 8Hz) AWS=3.5kt
[2026-06-06T10:26:14.568] [DEBUG] [calypso-direct] [DATA_IN] AWS=3.5kt AWA=323° Batt=100% Temp=0°C
[2026-06-06T10:26:14.569] [DEBUG] [calypso-direct] [DATA_IN] AWS=3.7kt AWA=319° Batt=100% Temp=0°C
[2026-06-06T10:26:14.763] [DEBUG] [calypso-direct] [DATA_IN] AWS=3.7kt AWA=321° Batt=100% Temp=0°C
[2026-06-06T10:26:15.152] [WARNING] [calypso-direct] [TIMING] Large gap: 390ms (expected ~125ms at 8Hz) AWS=3.9kt
[2026-06-06T10:26:15.153] [DEBUG] [calypso-direct] [DATA_IN] AWS=3.9kt AWA=321° Batt=100% Temp=0°C
[2026-06-06T10:26:15.542] [WARNING] [calypso-direct] [TIMING] Large gap: 390ms (expected ~125ms at 8Hz) AWS=4.3kt
[2026-06-06T10:26:15.543] [DEBUG] [calypso-direct] [DATA_IN] AWS=4.3kt AWA=319° Batt=100% Temp=0°C
[2026-06-06T10:26:15.544] [DEBUG] [calypso-direct] [DATA_IN] AWS=4.5kt AWA=319° Batt=100% Temp=0°C
[2026-06-06T10:26:15.737] [DEBUG] [calypso-direct] [DATA_IN] AWS=4.3kt AWA=321° Batt=100% Temp=0°C
[2026-06-06T10:26:16.128] [WARNING] [calypso-direct] [TIMING] Large gap: 391ms (expected ~125ms at 8Hz) AWS=4.1kt
[2026-06-06T10:26:16.128] [DEBUG] [calypso-direct] [DATA_IN] AWS=4.1kt AWA=321° Batt=100% Temp=0°C
[2026-06-06T10:26:16.517] [WARNING] [calypso-direct] [TIMING] Large gap: 389ms (expected ~125ms at 8Hz) AWS=4.1kt
[2026-06-06T10:26:16.518] [DEBUG] [calypso-direct] [DATA_IN] AWS=4.1kt AWA=321° Batt=100% Temp=0°C
[2026-06-06T10:26:16.519] [DEBUG] [calypso-direct] [DATA_IN] AWS=4.1kt AWA=321° Batt=100% Temp=0°C
[2026-06-06T10:26:16.908] [WARNING] [calypso-direct] [TIMING] Large gap: 389ms (expected ~125ms at 8Hz) AWS=4.1kt
[2026-06-06T10:26:16.909] [DEBUG] [calypso-direct] [DATA_IN] AWS=4.1kt AWA=321° Batt=100% Temp=0°C
[2026-06-06T10:26:17.103] [DEBUG] [calypso-direct] [DATA_IN] AWS=4.7kt AWA=320° Batt=100% Temp=0°C
[2026-06-06T10:26:17.493] [WARNING] [calypso-direct] [TIMING] Large gap: 390ms (expected ~125ms at 8Hz) AWS=5.2kt
[2026-06-06T10:26:17.495] [DEBUG] [calypso-direct] [DATA_IN] AWS=5.2kt AWA=320° Batt=100% Temp=0°C
[2026-06-06T10:26:17.495] [DEBUG] [calypso-direct] [DATA_IN] AWS=5.4kt AWA=320° Batt=100% Temp=0°C
[2026-06-06T10:26:17.883] [WARNING] [calypso-direct] [TIMING] Large gap: 387ms (expected ~125ms at 8Hz) AWS=5.4kt
[2026-06-06T10:26:17.883] [DEBUG] [calypso-direct] [DATA_IN] AWS=5.4kt AWA=318° Batt=100% Temp=0°C
[2026-06-06T10:26:18.078] [DEBUG] [calypso-direct] [DATA_IN] AWS=5.4kt AWA=318° Batt=100% Temp=0°C
[2026-06-06T10:26:18.273] [DEBUG] [calypso-direct] [DATA_IN] AWS=5.4kt AWA=317° Batt=100% Temp=0°C
[2026-06-06T10:26:19.055] [WARNING] [calypso-direct] [TIMING] Large gap: 782ms (expected ~125ms at 8Hz) AWS=5.4kt
[2026-06-06T10:26:19.059] [DEBUG] [calypso-direct] [DATA_IN] AWS=5.4kt AWA=317° Batt=100% Temp=0°C
[2026-06-06T10:26:19.060] [DEBUG] [calypso-direct] [DATA_IN] AWS=5.2kt AWA=318° Batt=100% Temp=0°C
[2026-06-06T10:26:19.061] [DEBUG] [calypso-direct] [DATA_IN] AWS=4.7kt AWA=318° Batt=100% Temp=0°C
[2026-06-06T10:26:19.248] [DEBUG] [calypso-direct] [DATA_IN] AWS=4.7kt AWA=318° Batt=100% Temp=0°C
[2026-06-06T10:26:19.837] [WARNING] [calypso-direct] [TIMING] Large gap: 589ms (expected ~125ms at 8Hz) AWS=4.5kt
[2026-06-06T10:26:19.838] [DEBUG] [calypso-direct] [DATA_IN] AWS=4.5kt AWA=316° Batt=100% Temp=0°C
[2026-06-06T10:26:19.839] [DEBUG] [calypso-direct] [DATA_IN] AWS=4.5kt AWA=317° Batt=100% Temp=0°C
[2026-06-06T10:26:20.417] [WARNING] [calypso-direct] [TIMING] Large gap: 578ms (expected ~125ms at 8Hz) AWS=4.5kt
[2026-06-06T10:26:20.419] [DEBUG] [calypso-direct] [DATA_IN] AWS=4.5kt AWA=317° Batt=100% Temp=0°C
[2026-06-06T10:26:20.421] [DEBUG] [calypso-direct] [DATA_IN] AWS=4.5kt AWA=316° Batt=100% Temp=0°C
[2026-06-06T10:26:20.613] [DEBUG] [calypso-direct] [DATA_IN] AWS=4.5kt AWA=316° Batt=100% Temp=0°C
[2026-06-06T10:26:20.808] [DEBUG] [calypso-direct] [DATA_IN] AWS=4.7kt AWA=323° Batt=100% Temp=0°C
[2026-06-06T10:26:21.003] [DEBUG] [calypso-direct] [DATA_IN] AWS=4.9kt AWA=321° Batt=100% Temp=0°C
[2026-06-06T10:26:21.393] [WARNING] [calypso-direct] [TIMING] Large gap: 390ms (expected ~125ms at 8Hz) AWS=4.9kt
[2026-06-06T10:26:21.393] [DEBUG] [calypso-direct] [DATA_IN] AWS=4.9kt AWA=322° Batt=100% Temp=0°C
[2026-06-06T10:26:21.978] [WARNING] [calypso-direct] [TIMING] Large gap: 585ms (expected ~125ms at 8Hz) AWS=4.9kt
[2026-06-06T10:26:21.978] [DEBUG] [calypso-direct] [DATA_IN] AWS=4.9kt AWA=322° Batt=100% Temp=0°C
[2026-06-06T10:26:21.980] [DEBUG] [calypso-direct] [DATA_IN] AWS=4.9kt AWA=322° Batt=100% Temp=0°C
[2026-06-06T10:26:21.981] [DEBUG] [calypso-direct] [DATA_IN] AWS=4.9kt AWA=323° Batt=100% Temp=0°C
[2026-06-06T10:26:22.368] [WARNING] [calypso-direct] [TIMING] Large gap: 387ms (expected ~125ms at 8Hz) AWS=4.5kt
[2026-06-06T10:26:22.368] [DEBUG] [calypso-direct] [DATA_IN] AWS=4.5kt AWA=324° Batt=100% Temp=0°C
[2026-06-06T10:26:22.758] [WARNING] [calypso-direct] [TIMING] Large gap: 390ms (expected ~125ms at 8Hz) AWS=4.5kt
[2026-06-06T10:26:22.758] [DEBUG] [calypso-direct] [DATA_IN] AWS=4.5kt AWA=324° Batt=100% Temp=0°C
[2026-06-06T10:26:22.759] [DEBUG] [calypso-direct] [DATA_IN] AWS=3.9kt AWA=325° Batt=100% Temp=0°C
[2026-06-06T10:26:23.345] [WARNING] [calypso-direct] [TIMING] Large gap: 586ms (expected ~125ms at 8Hz) AWS=3.7kt
[2026-06-06T10:26:23.346] [DEBUG] [calypso-direct] [DATA_IN] AWS=3.7kt AWA=327° Batt=100% Temp=0°C
[2026-06-06T10:26:23.347] [DEBUG] [calypso-direct] [DATA_IN] AWS=3.5kt AWA=328° Batt=100% Temp=0°C
[2026-06-06T10:26:23.732] [WARNING] [calypso-direct] [TIMING] Large gap: 386ms (expected ~125ms at 8Hz) AWS=3.5kt
[2026-06-06T10:26:23.733] [DEBUG] [calypso-direct] [DATA_IN] AWS=3.5kt AWA=327° Batt=100% Temp=0°C
[2026-06-06T10:26:23.927] [DEBUG] [calypso-direct] [DATA_IN] AWS=3.5kt AWA=328° Batt=100% Temp=0°C
[2026-06-06T10:26:24.124] [DEBUG] [calypso-direct] [DATA_IN] AWS=3.5kt AWA=328° Batt=100% Temp=0°C
[2026-06-06T10:26:24.317] [DEBUG] [calypso-direct] [DATA_IN] AWS=3.5kt AWA=327° Batt=100% Temp=0°C
[2026-06-06T10:26:24.708] [WARNING] [calypso-direct] [TIMING] Large gap: 390ms (expected ~125ms at 8Hz) AWS=3.5kt
[2026-06-06T10:26:24.708] [DEBUG] [calypso-direct] [DATA_IN] AWS=3.5kt AWA=323° Batt=100% Temp=0°C
[2026-06-06T10:26:24.903] [DEBUG] [calypso-direct] [DATA_IN] AWS=3.5kt AWA=323° Batt=100% Temp=0°C
[2026-06-06T10:26:25.098] [DEBUG] [calypso-direct] [DATA_IN] AWS=3.5kt AWA=323° Batt=100% Temp=0°C
[2026-06-06T10:26:25.294] [DEBUG] [calypso-direct] [DATA_IN] AWS=3.5kt AWA=323° Batt=100% Temp=0°C
[2026-06-06T10:26:25.492] [DEBUG] [calypso-direct] [DATA_IN] AWS=3.5kt AWA=323° Batt=100% Temp=0°C
[2026-06-06T10:26:26.268] [WARNING] [calypso-direct] [TIMING] Large gap: 776ms (expected ~125ms at 8Hz) AWS=3.5kt
[2026-06-06T10:26:26.268] [DEBUG] [calypso-direct] [DATA_IN] AWS=3.5kt AWA=324° Batt=100% Temp=0°C
[2026-06-06T10:26:26.271] [DEBUG] [calypso-direct] [DATA_IN] AWS=3.7kt AWA=324° Batt=100% Temp=0°C
[2026-06-06T10:26:26.272] [DEBUG] [calypso-direct] [DATA_IN] AWS=3.5kt AWA=325° Batt=100% Temp=0°C
[2026-06-06T10:26:26.658] [WARNING] [calypso-direct] [TIMING] Large gap: 386ms (expected ~125ms at 8Hz) AWS=3.5kt
[2026-06-06T10:26:26.658] [DEBUG] [calypso-direct] [DATA_IN] AWS=3.5kt AWA=326° Batt=100% Temp=0°C
[2026-06-06T10:26:26.854] [DEBUG] [calypso-direct] [DATA_IN] AWS=3.3kt AWA=327° Batt=100% Temp=0°C
[2026-06-06T10:26:27.048] [DEBUG] [calypso-direct] [DATA_IN] AWS=3.3kt AWA=325° Batt=100% Temp=0°C
[2026-06-06T10:26:27.242] [DEBUG] [calypso-direct] [DATA_IN] AWS=3.3kt AWA=325° Batt=100% Temp=0°C
[2026-06-06T10:26:27.634] [WARNING] [calypso-direct] [TIMING] Large gap: 391ms (expected ~125ms at 8Hz) AWS=3.3kt
[2026-06-06T10:26:27.635] [DEBUG] [calypso-direct] [DATA_IN] AWS=3.3kt AWA=324° Batt=100% Temp=0°C
[2026-06-06T10:26:27.828] [DEBUG] [calypso-direct] [DATA_IN] AWS=3.3kt AWA=324° Batt=100% Temp=0°C
[2026-06-06T10:26:28.023] [DEBUG] [calypso-direct] [DATA_IN] AWS=3.3kt AWA=324° Batt=100% Temp=0°C
[2026-06-06T10:26:28.413] [WARNING] [calypso-direct] [TIMING] Large gap: 390ms (expected ~125ms at 8Hz) AWS=3.3kt
[2026-06-06T10:26:28.413] [DEBUG] [calypso-direct] [DATA_IN] AWS=3.3kt AWA=324° Batt=100% Temp=0°C
[2026-06-06T10:26:28.607] [DEBUG] [calypso-direct] [DATA_IN] AWS=3.3kt AWA=321° Batt=100% Temp=0°C
[2026-06-06T10:26:28.998] [WARNING] [calypso-direct] [TIMING] Large gap: 390ms (expected ~125ms at 8Hz) AWS=3.3kt
[2026-06-06T10:26:28.998] [DEBUG] [calypso-direct] [DATA_IN] AWS=3.3kt AWA=321° Batt=100% Temp=0°C
[2026-06-06T10:26:29.192] [DEBUG] [calypso-direct] [DATA_IN] AWS=3.1kt AWA=322° Batt=100% Temp=0°C
[2026-06-06T10:26:29.387] [DEBUG] [calypso-direct] [DATA_IN] AWS=3.3kt AWA=321° Batt=100% Temp=0°C
[2026-06-06T10:26:29.582] [DEBUG] [calypso-direct] [DATA_IN] AWS=3.7kt AWA=320° Batt=100% Temp=0°C
[2026-06-06T10:26:29.972] [WARNING] [calypso-direct] [TIMING] Large gap: 390ms (expected ~125ms at 8Hz) AWS=3.3kt
[2026-06-06T10:26:29.973] [DEBUG] [calypso-direct] [DATA_IN] AWS=3.3kt AWA=320° Batt=100% Temp=0°C
[2026-06-06T10:26:30.558] [WARNING] [calypso-direct] [TIMING] Large gap: 585ms (expected ~125ms at 8Hz) AWS=3.3kt
[2026-06-06T10:26:30.558] [DEBUG] [calypso-direct] [DATA_IN] AWS=3.3kt AWA=319° Batt=100% Temp=0°C
[2026-06-06T10:26:30.559] [DEBUG] [calypso-direct] [DATA_IN] AWS=3.3kt AWA=319° Batt=100% Temp=0°C
[2026-06-06T10:26:30.561] [DEBUG] [calypso-direct] [DATA_IN] AWS=3.3kt AWA=319° Batt=100% Temp=0°C
[2026-06-06T10:26:30.756] [DEBUG] [calypso-direct] [DATA_IN] AWS=3.3kt AWA=316° Batt=100% Temp=0°C
[2026-06-06T10:26:31.143] [WARNING] [calypso-direct] [TIMING] Large gap: 387ms (expected ~125ms at 8Hz) AWS=3.7kt
[2026-06-06T10:26:31.143] [DEBUG] [calypso-direct] [DATA_IN] AWS=3.7kt AWA=316° Batt=100% Temp=0°C
[2026-06-06T10:26:31.338] [DEBUG] [calypso-direct] [DATA_IN] AWS=3.7kt AWA=316° Batt=100% Temp=0°C
[2026-06-06T10:26:31.533] [DEBUG] [calypso-direct] [DATA_IN] AWS=3.9kt AWA=314° Batt=100% Temp=0°C
[2026-06-06T10:26:31.922] [WARNING] [calypso-direct] [TIMING] Large gap: 390ms (expected ~125ms at 8Hz) AWS=3.9kt
[2026-06-06T10:26:31.923] [DEBUG] [calypso-direct] [DATA_IN] AWS=3.9kt AWA=314° Batt=100% Temp=0°C
[2026-06-06T10:26:32.117] [DEBUG] [calypso-direct] [DATA_IN] AWS=4.1kt AWA=314° Batt=100% Temp=0°C
[2026-06-06T10:26:32.312] [DEBUG] [calypso-direct] [DATA_IN] AWS=4.3kt AWA=314° Batt=100% Temp=0°C
[2026-06-06T10:26:32.507] [DEBUG] [calypso-direct] [DATA_IN] AWS=4.7kt AWA=315° Batt=100% Temp=0°C
[2026-06-06T10:26:32.897] [WARNING] [calypso-direct] [TIMING] Large gap: 390ms (expected ~125ms at 8Hz) AWS=4.7kt
[2026-06-06T10:26:32.898] [DEBUG] [calypso-direct] [DATA_IN] AWS=4.7kt AWA=315° Batt=100% Temp=0°C
[2026-06-06T10:26:33.482] [WARNING] [calypso-direct] [TIMING] Large gap: 585ms (expected ~125ms at 8Hz) AWS=4.7kt
[2026-06-06T10:26:33.483] [DEBUG] [calypso-direct] [DATA_IN] AWS=4.7kt AWA=315° Batt=100% Temp=0°C
[2026-06-06T10:26:33.483] [DEBUG] [calypso-direct] [DATA_IN] AWS=4.3kt AWA=318° Batt=100% Temp=0°C
[2026-06-06T10:26:33.486] [DEBUG] [calypso-direct] [DATA_IN] AWS=4.3kt AWA=318° Batt=100% Temp=0°C
[2026-06-06T10:26:33.872] [WARNING] [calypso-direct] [TIMING] Large gap: 386ms (expected ~125ms at 8Hz) AWS=4.1kt
[2026-06-06T10:26:33.873] [DEBUG] [calypso-direct] [DATA_IN] AWS=4.1kt AWA=318° Batt=100% Temp=0°C
[2026-06-06T10:26:34.067] [DEBUG] [calypso-direct] [DATA_IN] AWS=3.9kt AWA=319° Batt=100% Temp=0°C
[2026-06-06T10:26:34.263] [DEBUG] [calypso-direct] [DATA_IN] AWS=3.7kt AWA=320° Batt=100% Temp=0°C
[2026-06-06T10:26:34.847] [WARNING] [calypso-direct] [TIMING] Large gap: 585ms (expected ~125ms at 8Hz) AWS=3.5kt
[2026-06-06T10:26:34.848] [DEBUG] [calypso-direct] [DATA_IN] AWS=3.5kt AWA=325° Batt=100% Temp=0°C
[2026-06-06T10:26:34.849] [DEBUG] [calypso-direct] [DATA_IN] AWS=3.5kt AWA=325° Batt=100% Temp=0°C
[2026-06-06T10:26:35.042] [DEBUG] [calypso-direct] [DATA_IN] AWS=3.5kt AWA=324° Batt=100% Temp=0°C
[2026-06-06T10:26:35.238] [DEBUG] [calypso-direct] [DATA_IN] AWS=4.5kt AWA=323° Batt=100% Temp=0°C
[2026-06-06T10:26:35.627] [WARNING] [calypso-direct] [TIMING] Large gap: 390ms (expected ~125ms at 8Hz) AWS=4.7kt
[2026-06-06T10:26:35.627] [DEBUG] [calypso-direct] [DATA_IN] AWS=4.7kt AWA=323° Batt=100% Temp=0°C
[2026-06-06T10:26:35.823] [DEBUG] [calypso-direct] [DATA_IN] AWS=5.1kt AWA=315° Batt=100% Temp=0°C
[2026-06-06T10:26:36.213] [WARNING] [calypso-direct] [TIMING] Large gap: 389ms (expected ~125ms at 8Hz) AWS=5.1kt
[2026-06-06T10:26:36.213] [DEBUG] [calypso-direct] [DATA_IN] AWS=5.1kt AWA=315° Batt=100% Temp=0°C
[2026-06-06T10:26:36.602] [WARNING] [calypso-direct] [TIMING] Large gap: 389ms (expected ~125ms at 8Hz) AWS=5.1kt
[2026-06-06T10:26:36.603] [DEBUG] [calypso-direct] [DATA_IN] AWS=5.1kt AWA=315° Batt=100% Temp=0°C
[2026-06-06T10:26:36.604] [DEBUG] [calypso-direct] [DATA_IN] AWS=5.1kt AWA=315° Batt=100% Temp=0°C
[2026-06-06T10:26:36.797] [DEBUG] [calypso-direct] [DATA_IN] AWS=4.9kt AWA=315° Batt=100% Temp=0°C
[2026-06-06T10:26:36.992] [DEBUG] [calypso-direct] [DATA_IN] AWS=4.9kt AWA=316° Batt=100% Temp=0°C
[2026-06-06T10:26:37.772] [WARNING] [calypso-direct] [TIMING] Large gap: 780ms (expected ~125ms at 8Hz) AWS=4.7kt
[2026-06-06T10:26:37.773] [DEBUG] [calypso-direct] [DATA_IN] AWS=4.7kt AWA=316° Batt=100% Temp=0°C
[2026-06-06T10:26:37.775] [DEBUG] [calypso-direct] [DATA_IN] AWS=4.5kt AWA=316° Batt=100% Temp=0°C
[2026-06-06T10:26:37.776] [DEBUG] [calypso-direct] [DATA_IN] AWS=3.3kt AWA=316° Batt=100% Temp=0°C
[2026-06-06T10:26:38.163] [WARNING] [calypso-direct] [TIMING] Large gap: 387ms (expected ~125ms at 8Hz) AWS=3.3kt
[2026-06-06T10:26:38.164] [DEBUG] [calypso-direct] [DATA_IN] AWS=3.3kt AWA=316° Batt=100% Temp=0°C
[2026-06-06T10:26:38.357] [DEBUG] [calypso-direct] [DATA_IN] AWS=3.3kt AWA=316° Batt=100% Temp=0°C
[2026-06-06T10:26:38.552] [DEBUG] [calypso-direct] [DATA_IN] AWS=3.3kt AWA=315° Batt=100% Temp=0°C
[2026-06-06T10:26:39.137] [WARNING] [calypso-direct] [TIMING] Large gap: 585ms (expected ~125ms at 8Hz) AWS=3.5kt
[2026-06-06T10:26:39.138] [DEBUG] [calypso-direct] [DATA_IN] AWS=3.5kt AWA=315° Batt=100% Temp=0°C
[2026-06-06T10:26:39.139] [DEBUG] [calypso-direct] [DATA_IN] AWS=3.7kt AWA=314° Batt=100% Temp=0°C
[2026-06-06T10:26:39.332] [DEBUG] [calypso-direct] [DATA_IN] AWS=3.7kt AWA=314° Batt=100% Temp=0°C
[2026-06-06T10:26:39.527] [DEBUG] [calypso-direct] [DATA_IN] AWS=4.9kt AWA=312° Batt=100% Temp=0°C
[2026-06-06T10:26:40.112] [WARNING] [calypso-direct] [TIMING] Large gap: 585ms (expected ~125ms at 8Hz) AWS=5.1kt
[2026-06-06T10:26:40.113] [DEBUG] [calypso-direct] [DATA_IN] AWS=5.1kt AWA=312° Batt=100% Temp=0°C
[2026-06-06T10:26:40.115] [DEBUG] [calypso-direct] [DATA_IN] AWS=5.2kt AWA=312° Batt=100% Temp=0°C
[2026-06-06T10:26:40.698] [WARNING] [calypso-direct] [TIMING] Large gap: 583ms (expected ~125ms at 8Hz) AWS=5.2kt
[2026-06-06T10:26:40.698] [DEBUG] [calypso-direct] [DATA_IN] AWS=5.2kt AWA=313° Batt=100% Temp=0°C
[2026-06-06T10:26:40.699] [DEBUG] [calypso-direct] [DATA_IN] AWS=5.2kt AWA=315° Batt=100% Temp=0°C
[2026-06-06T10:26:40.892] [DEBUG] [calypso-direct] [DATA_IN] AWS=4.9kt AWA=320° Batt=100% Temp=0°C
[2026-06-06T10:26:41.088] [DEBUG] [calypso-direct] [DATA_IN] AWS=4.3kt AWA=321° Batt=100% Temp=0°C
[2026-06-06T10:26:41.283] [DEBUG] [calypso-direct] [DATA_IN] AWS=4.3kt AWA=321° Batt=100% Temp=0°C
[2026-06-06T10:26:41.478] [DEBUG] [calypso-direct] [DATA_IN] AWS=4.3kt AWA=320° Batt=100% Temp=0°C
[2026-06-06T10:26:42.065] [WARNING] [calypso-direct] [TIMING] Large gap: 587ms (expected ~125ms at 8Hz) AWS=3.9kt
[2026-06-06T10:26:42.067] [DEBUG] [calypso-direct] [DATA_IN] AWS=3.9kt AWA=321° Batt=100% Temp=0°C
[2026-06-06T10:26:42.069] [DEBUG] [calypso-direct] [DATA_IN] AWS=3.9kt AWA=324° Batt=100% Temp=0°C
[2026-06-06T10:26:42.259] [DEBUG] [calypso-direct] [DATA_IN] AWS=3.9kt AWA=323° Batt=100% Temp=0°C
[2026-06-06T10:26:42.648] [WARNING] [calypso-direct] [TIMING] Large gap: 389ms (expected ~125ms at 8Hz) AWS=4.7kt
[2026-06-06T10:26:42.649] [DEBUG] [calypso-direct] [DATA_IN] AWS=4.7kt AWA=323° Batt=100% Temp=0°C
[2026-06-06T10:26:42.844] [DEBUG] [calypso-direct] [DATA_IN] AWS=5.1kt AWA=321° Batt=100% Temp=0°C
[2026-06-06T10:26:43.622] [WARNING] [calypso-direct] [TIMING] Large gap: 779ms (expected ~125ms at 8Hz) AWS=5.4kt
[2026-06-06T10:26:43.623] [DEBUG] [calypso-direct] [DATA_IN] AWS=5.4kt AWA=320° Batt=100% Temp=0°C
[2026-06-06T10:26:43.624] [DEBUG] [calypso-direct] [DATA_IN] AWS=5.4kt AWA=311° Batt=100% Temp=0°C
[2026-06-06T10:26:43.625] [DEBUG] [calypso-direct] [DATA_IN] AWS=5.6kt AWA=311° Batt=100% Temp=0°C
[2026-06-06T10:26:43.819] [DEBUG] [calypso-direct] [DATA_IN] AWS=5.6kt AWA=310° Batt=100% Temp=0°C
[2026-06-06T10:26:44.012] [DEBUG] [calypso-direct] [DATA_IN] AWS=5.6kt AWA=311° Batt=100% Temp=0°C
[2026-06-06T10:26:44.403] [WARNING] [calypso-direct] [TIMING] Large gap: 390ms (expected ~125ms at 8Hz) AWS=5.6kt
[2026-06-06T10:26:44.403] [DEBUG] [calypso-direct] [DATA_IN] AWS=5.6kt AWA=311° Batt=100% Temp=0°C
[2026-06-06T10:26:44.987] [WARNING] [calypso-direct] [TIMING] Large gap: 584ms (expected ~125ms at 8Hz) AWS=4.9kt
[2026-06-06T10:26:44.987] [DEBUG] [calypso-direct] [DATA_IN] AWS=4.9kt AWA=318° Batt=100% Temp=0°C
[2026-06-06T10:26:44.991] [DEBUG] [calypso-direct] [DATA_IN] AWS=4.3kt AWA=319° Batt=100% Temp=0°C
[2026-06-06T10:26:44.991] [DEBUG] [calypso-direct] [DATA_IN] AWS=3.9kt AWA=319° Batt=100% Temp=0°C
[2026-06-06T10:26:45.377] [WARNING] [calypso-direct] [TIMING] Large gap: 386ms (expected ~125ms at 8Hz) AWS=3.9kt
[2026-06-06T10:26:45.378] [DEBUG] [calypso-direct] [DATA_IN] AWS=3.9kt AWA=319° Batt=100% Temp=0°C
[2026-06-06T10:26:45.573] [DEBUG] [calypso-direct] [DATA_IN] AWS=3.9kt AWA=320° Batt=100% Temp=0°C
[2026-06-06T10:26:46.352] [WARNING] [calypso-direct] [TIMING] Large gap: 779ms (expected ~125ms at 8Hz) AWS=3.9kt
[2026-06-06T10:26:46.352] [INFO] [calypso-direct] [RATE_1MIN] 239 pkts/min (expected 480 at 8Hz) max_gap=782ms gaps_>250ms=83
[2026-06-06T10:26:46.353] [DEBUG] [calypso-direct] [DATA_IN] AWS=3.9kt AWA=320° Batt=100% Temp=0°C
[2026-06-06T10:26:46.355] [DEBUG] [calypso-direct] [DATA_IN] AWS=3.9kt AWA=320° Batt=100% Temp=0°C
[2026-06-06T10:26:46.356] [DEBUG] [calypso-direct] [DATA_IN] AWS=4.3kt AWA=320° Batt=100% Temp=0°C
[2026-06-06T10:26:46.550] [DEBUG] [calypso-direct] [DATA_IN] AWS=4.7kt AWA=320° Batt=100% Temp=0°C
[2026-06-06T10:26:46.742] [DEBUG] [calypso-direct] [DATA_IN] AWS=5.4kt AWA=318° Batt=100% Temp=0°C
[2026-06-06T10:26:47.132] [WARNING] [calypso-direct] [TIMING] Large gap: 390ms (expected ~125ms at 8Hz) AWS=5.4kt
[2026-06-06T10:26:47.133] [DEBUG] [calypso-direct] [DATA_IN] AWS=5.4kt AWA=316° Batt=100% Temp=0°C
[2026-06-06T10:26:47.327] [DEBUG] [calypso-direct] [DATA_IN] AWS=5.4kt AWA=315° Batt=100% Temp=0°C
[2026-06-06T10:26:47.912] [WARNING] [calypso-direct] [TIMING] Large gap: 586ms (expected ~125ms at 8Hz) AWS=5.4kt
[2026-06-06T10:26:47.913] [DEBUG] [calypso-direct] [DATA_IN] AWS=5.4kt AWA=315° Batt=100% Temp=0°C
[2026-06-06T10:26:47.914] [DEBUG] [calypso-direct] [DATA_IN] AWS=5.4kt AWA=315° Batt=100% Temp=0°C
[2026-06-06T10:26:48.107] [DEBUG] [calypso-direct] [DATA_IN] AWS=5.1kt AWA=316° Batt=100% Temp=0°C
[2026-06-06T10:26:48.302] [DEBUG] [calypso-direct] [DATA_IN] AWS=4.9kt AWA=315° Batt=100% Temp=0°C
[2026-06-06T10:26:48.497] [DEBUG] [calypso-direct] [DATA_IN] AWS=4.9kt AWA=315° Batt=100% Temp=0°C
[2026-06-06T10:26:49.277] [WARNING] [calypso-direct] [TIMING] Large gap: 780ms (expected ~125ms at 8Hz) AWS=4.9kt
[2026-06-06T10:26:49.278] [DEBUG] [calypso-direct] [DATA_IN] AWS=4.9kt AWA=315° Batt=100% Temp=0°C
[2026-06-06T10:26:49.279] [DEBUG] [calypso-direct] [DATA_IN] AWS=4.9kt AWA=316° Batt=100% Temp=0°C
[2026-06-06T10:26:49.280] [DEBUG] [calypso-direct] [DATA_IN] AWS=5.1kt AWA=315° Batt=100% Temp=0°C
[2026-06-06T10:26:49.667] [WARNING] [calypso-direct] [TIMING] Large gap: 387ms (expected ~125ms at 8Hz) AWS=5.2kt
[2026-06-06T10:26:49.667] [DEBUG] [calypso-direct] [DATA_IN] AWS=5.2kt AWA=314° Batt=100% Temp=0°C
[2026-06-06T10:26:49.862] [DEBUG] [calypso-direct] [DATA_IN] AWS=5.4kt AWA=315° Batt=100% Temp=0°C
[2026-06-06T10:26:50.252] [WARNING] [calypso-direct] [TIMING] Large gap: 390ms (expected ~125ms at 8Hz) AWS=5.4kt
[2026-06-06T10:26:50.252] [DEBUG] [calypso-direct] [DATA_IN] AWS=5.4kt AWA=314° Batt=100% Temp=0°C
[2026-06-06T10:26:50.254] [DEBUG] [calypso-direct] [DATA_IN] AWS=5.4kt AWA=314° Batt=100% Temp=0°C
[2026-06-06T10:26:50.839] [WARNING] [calypso-direct] [TIMING] Large gap: 585ms (expected ~125ms at 8Hz) AWS=5.6kt
[2026-06-06T10:26:50.839] [DEBUG] [calypso-direct] [DATA_IN] AWS=5.6kt AWA=314° Batt=100% Temp=0°C
[2026-06-06T10:26:50.840] [DEBUG] [calypso-direct] [DATA_IN] AWS=5.6kt AWA=314° Batt=100% Temp=0°C
[2026-06-06T10:26:51.032] [DEBUG] [calypso-direct] [DATA_IN] AWS=5.6kt AWA=314° Batt=100% Temp=0°C
[2026-06-06T10:26:51.227] [DEBUG] [calypso-direct] [DATA_IN] AWS=5.4kt AWA=314° Batt=100% Temp=0°C
[2026-06-06T10:26:51.617] [WARNING] [calypso-direct] [TIMING] Large gap: 390ms (expected ~125ms at 8Hz) AWS=5.4kt
[2026-06-06T10:26:51.617] [DEBUG] [calypso-direct] [DATA_IN] AWS=5.4kt AWA=314° Batt=100% Temp=0°C
[2026-06-06T10:26:52.202] [WARNING] [calypso-direct] [TIMING] Large gap: 585ms (expected ~125ms at 8Hz) AWS=5.1kt
[2026-06-06T10:26:52.202] [DEBUG] [calypso-direct] [DATA_IN] AWS=5.1kt AWA=315° Batt=100% Temp=0°C
[2026-06-06T10:26:52.204] [DEBUG] [calypso-direct] [DATA_IN] AWS=5.1kt AWA=322° Batt=100% Temp=0°C
[2026-06-06T10:26:52.397] [DEBUG] [calypso-direct] [DATA_IN] AWS=4.9kt AWA=323° Batt=100% Temp=0°C
[2026-06-06T10:26:52.592] [DEBUG] [calypso-direct] [DATA_IN] AWS=5.1kt AWA=323° Batt=100% Temp=0°C
[2026-06-06T10:26:52.787] [DEBUG] [calypso-direct] [DATA_IN] AWS=4.5kt AWA=324° Batt=100% Temp=0°C
[2026-06-06T10:26:53.567] [WARNING] [calypso-direct] [TIMING] Large gap: 780ms (expected ~125ms at 8Hz) AWS=4.5kt
[2026-06-06T10:26:53.568] [DEBUG] [calypso-direct] [DATA_IN] AWS=4.5kt AWA=324° Batt=100% Temp=0°C
[2026-06-06T10:26:53.569] [DEBUG] [calypso-direct] [DATA_IN] AWS=5.4kt AWA=316° Batt=100% Temp=0°C
[2026-06-06T10:26:53.571] [DEBUG] [calypso-direct] [DATA_IN] AWS=5.4kt AWA=316° Batt=100% Temp=0°C
[2026-06-06T10:26:53.763] [DEBUG] [calypso-direct] [DATA_IN] AWS=5.4kt AWA=316° Batt=100% Temp=0°C
[2026-06-06T10:26:54.152] [WARNING] [calypso-direct] [TIMING] Large gap: 389ms (expected ~125ms at 8Hz) AWS=5.6kt
[2026-06-06T10:26:54.153] [DEBUG] [calypso-direct] [DATA_IN] AWS=5.6kt AWA=314° Batt=100% Temp=0°C
[2026-06-06T10:26:55.127] [WARNING] [calypso-direct] [TIMING] Large gap: 975ms (expected ~125ms at 8Hz) AWS=5.6kt
[2026-06-06T10:26:55.129] [DEBUG] [calypso-direct] [DATA_IN] AWS=5.6kt AWA=314° Batt=100% Temp=0°C
[2026-06-06T10:26:55.131] [DEBUG] [calypso-direct] [DATA_IN] AWS=5.6kt AWA=313° Batt=100% Temp=0°C
[2026-06-06T10:26:55.132] [DEBUG] [calypso-direct] [DATA_IN] AWS=5.4kt AWA=314° Batt=100% Temp=0°C
[2026-06-06T10:26:55.323] [DEBUG] [calypso-direct] [DATA_IN] AWS=5.4kt AWA=314° Batt=100% Temp=0°C
[2026-06-06T10:26:55.325] [DEBUG] [calypso-direct] [DATA_IN] AWS=5.2kt AWA=314° Batt=100% Temp=0°C
[2026-06-06T10:26:55.518] [DEBUG] [calypso-direct] [DATA_IN] AWS=4.9kt AWA=314° Batt=100% Temp=0°C
[2026-06-06T10:26:55.907] [WARNING] [calypso-direct] [TIMING] Large gap: 389ms (expected ~125ms at 8Hz) AWS=4.7kt
[2026-06-06T10:26:55.907] [DEBUG] [calypso-direct] [DATA_IN] AWS=4.7kt AWA=320° Batt=100% Temp=0°C
[2026-06-06T10:26:56.492] [WARNING] [calypso-direct] [TIMING] Large gap: 585ms (expected ~125ms at 8Hz) AWS=4.7kt
[2026-06-06T10:26:56.492] [DEBUG] [calypso-direct] [DATA_IN] AWS=4.7kt AWA=320° Batt=100% Temp=0°C
[2026-06-06T10:26:56.496] [DEBUG] [calypso-direct] [DATA_IN] AWS=4.7kt AWA=320° Batt=100% Temp=0°C
[2026-06-06T10:26:56.497] [DEBUG] [calypso-direct] [DATA_IN] AWS=5.4kt AWA=320° Batt=100% Temp=0°C
[2026-06-06T10:26:56.882] [WARNING] [calypso-direct] [TIMING] Large gap: 385ms (expected ~125ms at 8Hz) AWS=5.4kt
[2026-06-06T10:26:56.883] [DEBUG] [calypso-direct] [DATA_IN] AWS=5.4kt AWA=318° Batt=100% Temp=0°C
[2026-06-06T10:26:57.077] [DEBUG] [calypso-direct] [DATA_IN] AWS=5.8kt AWA=307° Batt=100% Temp=0°C
[2026-06-06T10:26:57.272] [DEBUG] [calypso-direct] [DATA_IN] AWS=6.0kt AWA=307° Batt=100% Temp=0°C
[2026-06-06T10:26:57.857] [WARNING] [calypso-direct] [TIMING] Large gap: 585ms (expected ~125ms at 8Hz) AWS=6.0kt
[2026-06-06T10:26:57.858] [DEBUG] [calypso-direct] [DATA_IN] AWS=6.0kt AWA=307° Batt=100% Temp=0°C
[2026-06-06T10:26:58.052] [DEBUG] [calypso-direct] [DATA_IN] AWS=6.0kt AWA=307° Batt=100% Temp=0°C
[2026-06-06T10:26:58.247] [DEBUG] [calypso-direct] [DATA_IN] AWS=5.8kt AWA=308° Batt=100% Temp=0°C
[2026-06-06T10:26:58.248] [DEBUG] [calypso-direct] [DATA_IN] AWS=5.8kt AWA=310° Batt=100% Temp=0°C
[2026-06-06T10:26:58.637] [WARNING] [calypso-direct] [TIMING] Large gap: 388ms (expected ~125ms at 8Hz) AWS=5.6kt
[2026-06-06T10:26:58.637] [DEBUG] [calypso-direct] [DATA_IN] AWS=5.6kt AWA=310° Batt=100% Temp=0°C
[2026-06-06T10:26:58.832] [DEBUG] [calypso-direct] [DATA_IN] AWS=5.4kt AWA=310° Batt=100% Temp=0°C
[2026-06-06T10:26:59.418] [WARNING] [calypso-direct] [TIMING] Large gap: 586ms (expected ~125ms at 8Hz) AWS=5.1kt
[2026-06-06T10:26:59.418] [DEBUG] [calypso-direct] [DATA_IN] AWS=5.1kt AWA=311° Batt=100% Temp=0°C
[2026-06-06T10:26:59.419] [DEBUG] [calypso-direct] [DATA_IN] AWS=5.1kt AWA=311° Batt=100% Temp=0°C
[2026-06-06T10:26:59.808] [WARNING] [calypso-direct] [TIMING] Large gap: 389ms (expected ~125ms at 8Hz) AWS=5.1kt
[2026-06-06T10:26:59.808] [DEBUG] [calypso-direct] [DATA_IN] AWS=5.1kt AWA=312° Batt=100% Temp=0°C
[2026-06-06T10:26:59.809] [DEBUG] [calypso-direct] [DATA_IN] AWS=5.2kt AWA=312° Batt=100% Temp=0°C
[2026-06-06T10:27:00.003] [DEBUG] [calypso-direct] [DATA_IN] AWS=5.2kt AWA=311° Batt=100% Temp=0°C
[2026-06-06T10:27:00.392] [WARNING] [calypso-direct] [TIMING] Large gap: 389ms (expected ~125ms at 8Hz) AWS=5.4kt
[2026-06-06T10:27:00.393] [DEBUG] [calypso-direct] [DATA_IN] AWS=5.4kt AWA=310° Batt=100% Temp=0°C
[2026-06-06T10:27:00.782] [WARNING] [calypso-direct] [TIMING] Large gap: 390ms (expected ~125ms at 8Hz) AWS=5.8kt
[2026-06-06T10:27:00.782] [DEBUG] [calypso-direct] [DATA_IN] AWS=5.8kt AWA=310° Batt=100% Temp=0°C
[2026-06-06T10:27:00.783] [DEBUG] [calypso-direct] [DATA_IN] AWS=6.0kt AWA=305° Batt=100% Temp=0°C
[2026-06-06T10:27:00.977] [DEBUG] [calypso-direct] [DATA_IN] AWS=6.0kt AWA=304° Batt=100% Temp=0°C
[2026-06-06T10:27:01.367] [WARNING] [calypso-direct] [TIMING] Large gap: 390ms (expected ~125ms at 8Hz) AWS=6.0kt
[2026-06-06T10:27:01.367] [DEBUG] [calypso-direct] [DATA_IN] AWS=6.0kt AWA=304° Batt=100% Temp=0°C
[2026-06-06T10:27:01.562] [DEBUG] [calypso-direct] [DATA_IN] AWS=6.0kt AWA=304° Batt=100% Temp=0°C
[2026-06-06T10:27:02.147] [WARNING] [calypso-direct] [TIMING] Large gap: 585ms (expected ~125ms at 8Hz) AWS=5.6kt
[2026-06-06T10:27:02.147] [DEBUG] [calypso-direct] [DATA_IN] AWS=5.6kt AWA=304° Batt=100% Temp=0°C
[2026-06-06T10:27:02.148] [DEBUG] [calypso-direct] [DATA_IN] AWS=5.2kt AWA=308° Batt=100% Temp=0°C
[2026-06-06T10:27:02.342] [DEBUG] [calypso-direct] [DATA_IN] AWS=5.1kt AWA=311° Batt=100% Temp=0°C
[2026-06-06T10:27:02.537] [DEBUG] [calypso-direct] [DATA_IN] AWS=4.9kt AWA=313° Batt=100% Temp=0°C
[2026-06-06T10:27:02.732] [DEBUG] [calypso-direct] [DATA_IN] AWS=4.9kt AWA=313° Batt=100% Temp=0°C
[2026-06-06T10:27:03.122] [WARNING] [calypso-direct] [TIMING] Large gap: 390ms (expected ~125ms at 8Hz) AWS=4.9kt
[2026-06-06T10:27:03.122] [DEBUG] [calypso-direct] [DATA_IN] AWS=4.9kt AWA=313° Batt=100% Temp=0°C
[2026-06-06T10:27:03.707] [WARNING] [calypso-direct] [TIMING] Large gap: 585ms (expected ~125ms at 8Hz) AWS=5.1kt
[2026-06-06T10:27:03.707] [DEBUG] [calypso-direct] [DATA_IN] AWS=5.1kt AWA=314° Batt=100% Temp=0°C
[2026-06-06T10:27:03.708] [DEBUG] [calypso-direct] [DATA_IN] AWS=5.4kt AWA=314° Batt=100% Temp=0°C
[2026-06-06T10:27:03.902] [DEBUG] [calypso-direct] [DATA_IN] AWS=5.4kt AWA=312° Batt=100% Temp=0°C
[2026-06-06T10:27:04.097] [DEBUG] [calypso-direct] [DATA_IN] AWS=5.6kt AWA=310° Batt=100% Temp=0°C
[2026-06-06T10:27:04.293] [DEBUG] [calypso-direct] [DATA_IN] AWS=6.0kt AWA=308° Batt=100% Temp=0°C
[2026-06-06T10:27:04.488] [DEBUG] [calypso-direct] [DATA_IN] AWS=6.0kt AWA=305° Batt=100% Temp=0°C
[2026-06-06T10:27:05.073] [WARNING] [calypso-direct] [TIMING] Large gap: 585ms (expected ~125ms at 8Hz) AWS=6.0kt
[2026-06-06T10:27:05.074] [DEBUG] [calypso-direct] [DATA_IN] AWS=6.0kt AWA=304° Batt=100% Temp=0°C
[2026-06-06T10:27:05.077] [DEBUG] [calypso-direct] [DATA_IN] AWS=5.6kt AWA=304° Batt=100% Temp=0°C
[2026-06-06T10:27:05.268] [DEBUG] [calypso-direct] [DATA_IN] AWS=5.4kt AWA=305° Batt=100% Temp=0°C
[2026-06-06T10:27:05.657] [WARNING] [calypso-direct] [TIMING] Large gap: 389ms (expected ~125ms at 8Hz) AWS=5.4kt
[2026-06-06T10:27:05.657] [DEBUG] [calypso-direct] [DATA_IN] AWS=5.4kt AWA=308° Batt=100% Temp=0°C
[2026-06-06T10:27:05.852] [DEBUG] [calypso-direct] [DATA_IN] AWS=5.1kt AWA=313° Batt=100% Temp=0°C
[2026-06-06T10:27:06.047] [DEBUG] [calypso-direct] [DATA_IN] AWS=4.7kt AWA=317° Batt=100% Temp=0°C
[2026-06-06T10:27:06.632] [WARNING] [calypso-direct] [TIMING] Large gap: 586ms (expected ~125ms at 8Hz) AWS=4.7kt
[2026-06-06T10:27:06.633] [DEBUG] [calypso-direct] [DATA_IN] AWS=4.7kt AWA=317° Batt=100% Temp=0°C
[2026-06-06T10:27:06.636] [DEBUG] [calypso-direct] [DATA_IN] AWS=4.7kt AWA=317° Batt=100% Temp=0°C
[2026-06-06T10:27:06.827] [DEBUG] [calypso-direct] [DATA_IN] AWS=4.7kt AWA=317° Batt=100% Temp=0°C
[2026-06-06T10:27:07.022] [DEBUG] [calypso-direct] [DATA_IN] AWS=5.6kt AWA=312° Batt=100% Temp=0°C
[2026-06-06T10:27:07.412] [WARNING] [calypso-direct] [TIMING] Large gap: 390ms (expected ~125ms at 8Hz) AWS=5.6kt
[2026-06-06T10:27:07.412] [DEBUG] [calypso-direct] [DATA_IN] AWS=5.6kt AWA=310° Batt=100% Temp=0°C
[2026-06-06T10:27:07.997] [WARNING] [calypso-direct] [TIMING] Large gap: 585ms (expected ~125ms at 8Hz) AWS=5.8kt
[2026-06-06T10:27:07.998] [DEBUG] [calypso-direct] [DATA_IN] AWS=5.8kt AWA=307° Batt=100% Temp=0°C
[2026-06-06T10:27:08.192] [DEBUG] [calypso-direct] [DATA_IN] AWS=5.8kt AWA=306° Batt=100% Temp=0°C
[2026-06-06T10:27:08.194] [DEBUG] [calypso-direct] [DATA_IN] AWS=5.8kt AWA=306° Batt=100% Temp=0°C
[2026-06-06T10:27:08.387] [DEBUG] [calypso-direct] [DATA_IN] AWS=5.8kt AWA=306° Batt=100% Temp=0°C
[2026-06-06T10:27:08.582] [DEBUG] [calypso-direct] [DATA_IN] AWS=5.8kt AWA=306° Batt=100% Temp=0°C
[2026-06-06T10:27:08.972] [WARNING] [calypso-direct] [TIMING] Large gap: 390ms (expected ~125ms at 8Hz) AWS=5.4kt
[2026-06-06T10:27:08.972] [DEBUG] [calypso-direct] [DATA_IN] AWS=5.4kt AWA=306° Batt=100% Temp=0°C
[2026-06-06T10:27:09.557] [WARNING] [calypso-direct] [TIMING] Large gap: 585ms (expected ~125ms at 8Hz) AWS=5.2kt
[2026-06-06T10:27:09.558] [DEBUG] [calypso-direct] [DATA_IN] AWS=5.2kt AWA=308° Batt=100% Temp=0°C
[2026-06-06T10:27:09.559] [DEBUG] [calypso-direct] [DATA_IN] AWS=5.1kt AWA=309° Batt=100% Temp=0°C
[2026-06-06T10:27:09.562] [DEBUG] [calypso-direct] [DATA_IN] AWS=5.1kt AWA=312° Batt=100% Temp=0°C
[2026-06-06T10:27:09.947] [WARNING] [calypso-direct] [TIMING] Large gap: 385ms (expected ~125ms at 8Hz) AWS=5.1kt
[2026-06-06T10:27:09.947] [DEBUG] [calypso-direct] [DATA_IN] AWS=5.1kt AWA=312° Batt=100% Temp=0°C
[2026-06-06T10:27:10.338] [WARNING] [calypso-direct] [TIMING] Large gap: 391ms (expected ~125ms at 8Hz) AWS=5.1kt
[2026-06-06T10:27:10.339] [DEBUG] [calypso-direct] [DATA_IN] AWS=5.1kt AWA=312° Batt=100% Temp=0°C
[2026-06-06T10:27:10.728] [WARNING] [calypso-direct] [TIMING] Large gap: 390ms (expected ~125ms at 8Hz) AWS=5.1kt
[2026-06-06T10:27:10.729] [DEBUG] [calypso-direct] [DATA_IN] AWS=5.1kt AWA=312° Batt=100% Temp=0°C
[2026-06-06T10:27:10.734] [DEBUG] [calypso-direct] [DATA_IN] AWS=5.2kt AWA=311° Batt=100% Temp=0°C
[2026-06-06T10:27:10.735] [DEBUG] [calypso-direct] [DATA_IN] AWS=5.6kt AWA=307° Batt=100% Temp=0°C
[2026-06-06T10:27:11.117] [WARNING] [calypso-direct] [TIMING] Large gap: 382ms (expected ~125ms at 8Hz) AWS=5.8kt
[2026-06-06T10:27:11.117] [DEBUG] [calypso-direct] [DATA_IN] AWS=5.8kt AWA=306° Batt=100% Temp=0°C
[2026-06-06T10:27:11.314] [DEBUG] [calypso-direct] [DATA_IN] AWS=5.8kt AWA=305° Batt=100% Temp=0°C
[2026-06-06T10:27:11.507] [DEBUG] [calypso-direct] [DATA_IN] AWS=5.8kt AWA=305° Batt=100% Temp=0°C
[2026-06-06T10:27:11.897] [WARNING] [calypso-direct] [TIMING] Large gap: 390ms (expected ~125ms at 8Hz) AWS=5.4kt
[2026-06-06T10:27:11.897] [DEBUG] [calypso-direct] [DATA_IN] AWS=5.4kt AWA=305° Batt=100% Temp=0°C
[2026-06-06T10:27:12.287] [WARNING] [calypso-direct] [TIMING] Large gap: 390ms (expected ~125ms at 8Hz) AWS=5.2kt
[2026-06-06T10:27:12.287] [DEBUG] [calypso-direct] [DATA_IN] AWS=5.2kt AWA=309° Batt=100% Temp=0°C
[2026-06-06T10:27:12.484] [DEBUG] [calypso-direct] [DATA_IN] AWS=5.1kt AWA=309° Batt=100% Temp=0°C
[2026-06-06T10:27:12.484] [DEBUG] [calypso-direct] [DATA_IN] AWS=4.9kt AWA=311° Batt=100% Temp=0°C
[2026-06-06T10:27:12.872] [WARNING] [calypso-direct] [TIMING] Large gap: 388ms (expected ~125ms at 8Hz) AWS=4.9kt
[2026-06-06T10:27:12.873] [DEBUG] [calypso-direct] [DATA_IN] AWS=4.9kt AWA=312° Batt=100% Temp=0°C
[2026-06-06T10:27:13.652] [WARNING] [calypso-direct] [TIMING] Large gap: 780ms (expected ~125ms at 8Hz) AWS=4.9kt
[2026-06-06T10:27:13.652] [DEBUG] [calypso-direct] [DATA_IN] AWS=4.9kt AWA=314° Batt=100% Temp=0°C
[2026-06-06T10:27:13.847] [DEBUG] [calypso-direct] [DATA_IN] AWS=4.9kt AWA=316° Batt=100% Temp=0°C
[2026-06-06T10:27:13.849] [DEBUG] [calypso-direct] [DATA_IN] AWS=4.9kt AWA=316° Batt=100% Temp=0°C
[2026-06-06T10:27:13.851] [DEBUG] [calypso-direct] [DATA_IN] AWS=5.2kt AWA=316° Batt=100% Temp=0°C
[2026-06-06T10:27:14.042] [DEBUG] [calypso-direct] [DATA_IN] AWS=5.6kt AWA=314° Batt=100% Temp=0°C
[2026-06-06T10:27:14.237] [DEBUG] [calypso-direct] [DATA_IN] AWS=5.6kt AWA=312° Batt=100% Temp=0°C
[2026-06-06T10:27:14.627] [WARNING] [calypso-direct] [TIMING] Large gap: 390ms (expected ~125ms at 8Hz) AWS=5.8kt
[2026-06-06T10:27:14.627] [DEBUG] [calypso-direct] [DATA_IN] AWS=5.8kt AWA=307° Batt=100% Temp=0°C
[2026-06-06T10:27:14.822] [DEBUG] [calypso-direct] [DATA_IN] AWS=6.0kt AWA=306° Batt=100% Temp=0°C
[2026-06-06T10:27:15.212] [WARNING] [calypso-direct] [TIMING] Large gap: 391ms (expected ~125ms at 8Hz) AWS=6.0kt
[2026-06-06T10:27:15.212] [DEBUG] [calypso-direct] [DATA_IN] AWS=6.0kt AWA=306° Batt=100% Temp=0°C
[2026-06-06T10:27:15.407] [DEBUG] [calypso-direct] [DATA_IN] AWS=6.0kt AWA=306° Batt=100% Temp=0°C
[2026-06-06T10:27:15.602] [DEBUG] [calypso-direct] [DATA_IN] AWS=5.8kt AWA=307° Batt=100% Temp=0°C
[2026-06-06T10:27:15.797] [DEBUG] [calypso-direct] [DATA_IN] AWS=5.6kt AWA=317° Batt=100% Temp=0°C
[2026-06-06T10:27:16.188] [WARNING] [calypso-direct] [TIMING] Large gap: 391ms (expected ~125ms at 8Hz) AWS=5.1kt
[2026-06-06T10:27:16.189] [DEBUG] [calypso-direct] [DATA_IN] AWS=5.1kt AWA=318° Batt=100% Temp=0°C
[2026-06-06T10:27:16.580] [WARNING] [calypso-direct] [TIMING] Large gap: 392ms (expected ~125ms at 8Hz) AWS=5.1kt
[2026-06-06T10:27:16.580] [DEBUG] [calypso-direct] [DATA_IN] AWS=5.1kt AWA=318° Batt=100% Temp=0°C
[2026-06-06T10:27:16.774] [DEBUG] [calypso-direct] [DATA_IN] AWS=5.1kt AWA=318° Batt=100% Temp=0°C
[2026-06-06T10:27:16.776] [DEBUG] [calypso-direct] [DATA_IN] AWS=5.2kt AWA=318° Batt=100% Temp=0°C
[2026-06-06T10:27:17.162] [WARNING] [calypso-direct] [TIMING] Large gap: 387ms (expected ~125ms at 8Hz) AWS=5.4kt
[2026-06-06T10:27:17.163] [DEBUG] [calypso-direct] [DATA_IN] AWS=5.4kt AWA=306° Batt=100% Temp=0°C
[2026-06-06T10:27:17.358] [DEBUG] [calypso-direct] [DATA_IN] AWS=6.0kt AWA=305° Batt=100% Temp=0°C
[2026-06-06T10:27:17.553] [DEBUG] [calypso-direct] [DATA_IN] AWS=6.2kt AWA=304° Batt=100% Temp=0°C
[2026-06-06T10:27:17.748] [DEBUG] [calypso-direct] [DATA_IN] AWS=6.2kt AWA=303° Batt=100% Temp=0°C
[2026-06-06T10:27:18.137] [WARNING] [calypso-direct] [TIMING] Large gap: 388ms (expected ~125ms at 8Hz) AWS=6.0kt
[2026-06-06T10:27:18.137] [DEBUG] [calypso-direct] [DATA_IN] AWS=6.0kt AWA=303° Batt=100% Temp=0°C
[2026-06-06T10:27:18.332] [DEBUG] [calypso-direct] [DATA_IN] AWS=6.0kt AWA=304° Batt=100% Temp=0°C
[2026-06-06T10:27:18.527] [DEBUG] [calypso-direct] [DATA_IN] AWS=5.8kt AWA=307° Batt=100% Temp=0°C
[2026-06-06T10:27:18.916] [WARNING] [calypso-direct] [TIMING] Large gap: 390ms (expected ~125ms at 8Hz) AWS=5.6kt
[2026-06-06T10:27:18.917] [DEBUG] [calypso-direct] [DATA_IN] AWS=5.6kt AWA=308° Batt=100% Temp=0°C
[2026-06-06T10:27:19.112] [DEBUG] [calypso-direct] [DATA_IN] AWS=5.4kt AWA=308° Batt=100% Temp=0°C
[2026-06-06T10:27:19.502] [WARNING] [calypso-direct] [TIMING] Large gap: 390ms (expected ~125ms at 8Hz) AWS=5.1kt
[2026-06-06T10:27:19.502] [DEBUG] [calypso-direct] [DATA_IN] AWS=5.1kt AWA=310° Batt=100% Temp=0°C
[2026-06-06T10:27:19.503] [DEBUG] [calypso-direct] [DATA_IN] AWS=5.1kt AWA=312° Batt=100% Temp=0°C
[2026-06-06T10:27:20.087] [WARNING] [calypso-direct] [TIMING] Large gap: 584ms (expected ~125ms at 8Hz) AWS=5.1kt
[2026-06-06T10:27:20.087] [DEBUG] [calypso-direct] [DATA_IN] AWS=5.1kt AWA=312° Batt=100% Temp=0°C
[2026-06-06T10:27:20.090] [DEBUG] [calypso-direct] [DATA_IN] AWS=5.1kt AWA=312° Batt=100% Temp=0°C
[2026-06-06T10:27:21.062] [WARNING] [calypso-direct] [TIMING] Large gap: 972ms (expected ~125ms at 8Hz) AWS=5.2kt
[2026-06-06T10:27:21.062] [DEBUG] [calypso-direct] [DATA_IN] AWS=5.2kt AWA=311° Batt=100% Temp=0°C
[2026-06-06T10:27:21.065] [DEBUG] [calypso-direct] [DATA_IN] AWS=5.4kt AWA=311° Batt=100% Temp=0°C
[2026-06-06T10:27:21.067] [DEBUG] [calypso-direct] [DATA_IN] AWS=5.6kt AWA=306° Batt=100% Temp=0°C
[2026-06-06T10:27:21.069] [DEBUG] [calypso-direct] [DATA_IN] AWS=5.8kt AWA=305° Batt=100% Temp=0°C
[2026-06-06T10:27:21.257] [DEBUG] [calypso-direct] [DATA_IN] AWS=6.0kt AWA=304° Batt=100% Temp=0°C
[2026-06-06T10:27:21.647] [WARNING] [calypso-direct] [TIMING] Large gap: 390ms (expected ~125ms at 8Hz) AWS=6.0kt
[2026-06-06T10:27:21.647] [DEBUG] [calypso-direct] [DATA_IN] AWS=6.0kt AWA=304° Batt=100% Temp=0°C
[2026-06-06T10:27:21.842] [DEBUG] [calypso-direct] [DATA_IN] AWS=6.0kt AWA=304° Batt=100% Temp=0°C
[2026-06-06T10:27:22.036] [DEBUG] [calypso-direct] [DATA_IN] AWS=6.0kt AWA=306° Batt=100% Temp=0°C
[2026-06-06T10:27:22.427] [WARNING] [calypso-direct] [TIMING] Large gap: 390ms (expected ~125ms at 8Hz) AWS=6.0kt
[2026-06-06T10:27:22.427] [DEBUG] [calypso-direct] [DATA_IN] AWS=6.0kt AWA=306° Batt=100% Temp=0°C
[2026-06-06T10:27:22.622] [DEBUG] [calypso-direct] [DATA_IN] AWS=6.0kt AWA=307° Batt=100% Temp=0°C
[2026-06-06T10:27:22.816] [DEBUG] [calypso-direct] [DATA_IN] AWS=5.8kt AWA=310° Batt=100% Temp=0°C
[2026-06-06T10:27:23.011] [DEBUG] [calypso-direct] [DATA_IN] AWS=5.2kt AWA=311° Batt=100% Temp=0°C
[2026-06-06T10:27:23.792] [WARNING] [calypso-direct] [TIMING] Large gap: 780ms (expected ~125ms at 8Hz) AWS=5.2kt
[2026-06-06T10:27:23.792] [DEBUG] [calypso-direct] [DATA_IN] AWS=5.2kt AWA=320° Batt=100% Temp=0°C
[2026-06-06T10:27:23.793] [DEBUG] [calypso-direct] [DATA_IN] AWS=5.2kt AWA=320° Batt=100% Temp=0°C
[2026-06-06T10:27:23.987] [DEBUG] [calypso-direct] [DATA_IN] AWS=5.2kt AWA=320° Batt=100% Temp=0°C
[2026-06-06T10:27:23.989] [DEBUG] [calypso-direct] [DATA_IN] AWS=5.2kt AWA=319° Batt=100% Temp=0°C
[2026-06-06T10:27:24.378] [WARNING] [calypso-direct] [TIMING] Large gap: 389ms (expected ~125ms at 8Hz) AWS=5.8kt
[2026-06-06T10:27:24.379] [DEBUG] [calypso-direct] [DATA_IN] AWS=5.8kt AWA=319° Batt=100% Temp=0°C
[2026-06-06T10:27:24.572] [DEBUG] [calypso-direct] [DATA_IN] AWS=5.8kt AWA=309° Batt=100% Temp=0°C
[2026-06-06T10:27:24.767] [DEBUG] [calypso-direct] [DATA_IN] AWS=5.8kt AWA=308° Batt=100% Temp=0°C
[2026-06-06T10:27:25.352] [WARNING] [calypso-direct] [TIMING] Large gap: 585ms (expected ~125ms at 8Hz) AWS=5.8kt
[2026-06-06T10:27:25.354] [DEBUG] [calypso-direct] [DATA_IN] AWS=5.8kt AWA=306° Batt=100% Temp=0°C
[2026-06-06T10:27:25.355] [DEBUG] [calypso-direct] [DATA_IN] AWS=5.8kt AWA=306° Batt=100% Temp=0°C
[2026-06-06T10:27:25.547] [DEBUG] [calypso-direct] [DATA_IN] AWS=5.6kt AWA=306° Batt=100% Temp=0°C
[2026-06-06T10:27:25.742] [DEBUG] [calypso-direct] [DATA_IN] AWS=5.4kt AWA=309° Batt=100% Temp=0°C
[2026-06-06T10:27:26.132] [WARNING] [calypso-direct] [TIMING] Large gap: 390ms (expected ~125ms at 8Hz) AWS=5.4kt
[2026-06-06T10:27:26.132] [DEBUG] [calypso-direct] [DATA_IN] AWS=5.4kt AWA=311° Batt=100% Temp=0°C
[2026-06-06T10:27:26.327] [DEBUG] [calypso-direct] [DATA_IN] AWS=5.2kt AWA=312° Batt=100% Temp=0°C
[2026-06-06T10:27:26.717] [WARNING] [calypso-direct] [TIMING] Large gap: 390ms (expected ~125ms at 8Hz) AWS=5.2kt
[2026-06-06T10:27:26.717] [DEBUG] [calypso-direct] [DATA_IN] AWS=5.2kt AWA=312° Batt=100% Temp=0°C
[2026-06-06T10:27:26.912] [DEBUG] [calypso-direct] [DATA_IN] AWS=5.2kt AWA=312° Batt=100% Temp=0°C
[2026-06-06T10:27:27.107] [DEBUG] [calypso-direct] [DATA_IN] AWS=5.4kt AWA=309° Batt=100% Temp=0°C
[2026-06-06T10:27:27.302] [DEBUG] [calypso-direct] [DATA_IN] AWS=5.4kt AWA=306° Batt=100% Temp=0°C
[2026-06-06T10:27:27.500] [DEBUG] [calypso-direct] [DATA_IN] AWS=5.6kt AWA=306° Batt=100% Temp=0°C
[2026-06-06T10:27:28.277] [WARNING] [calypso-direct] [TIMING] Large gap: 777ms (expected ~125ms at 8Hz) AWS=6.0kt
[2026-06-06T10:27:28.277] [DEBUG] [calypso-direct] [DATA_IN] AWS=6.0kt AWA=305° Batt=100% Temp=0°C
[2026-06-06T10:27:28.280] [DEBUG] [calypso-direct] [DATA_IN] AWS=6.0kt AWA=305° Batt=100% Temp=0°C
[2026-06-06T10:27:28.281] [DEBUG] [calypso-direct] [DATA_IN] AWS=6.0kt AWA=306° Batt=100% Temp=0°C
[2026-06-06T10:27:28.667] [WARNING] [calypso-direct] [TIMING] Large gap: 386ms (expected ~125ms at 8Hz) AWS=6.0kt
[2026-06-06T10:27:28.668] [DEBUG] [calypso-direct] [DATA_IN] AWS=6.0kt AWA=306° Batt=100% Temp=0°C
[2026-06-06T10:27:28.863] [DEBUG] [calypso-direct] [DATA_IN] AWS=6.0kt AWA=307° Batt=100% Temp=0°C
[2026-06-06T10:27:29.059] [DEBUG] [calypso-direct] [DATA_IN] AWS=5.8kt AWA=309° Batt=100% Temp=0°C
[2026-06-06T10:27:29.251] [DEBUG] [calypso-direct] [DATA_IN] AWS=5.8kt AWA=309° Batt=100% Temp=0°C
[2026-06-06T10:27:29.643] [WARNING] [calypso-direct] [TIMING] Large gap: 392ms (expected ~125ms at 8Hz) AWS=5.6kt
[2026-06-06T10:27:29.644] [DEBUG] [calypso-direct] [DATA_IN] AWS=5.6kt AWA=314° Batt=100% Temp=0°C
[2026-06-06T10:27:29.836] [DEBUG] [calypso-direct] [DATA_IN] AWS=5.2kt AWA=316° Batt=100% Temp=0°C
[2026-06-06T10:27:30.032] [DEBUG] [calypso-direct] [DATA_IN] AWS=4.9kt AWA=316° Batt=100% Temp=0°C
[2026-06-06T10:27:30.227] [DEBUG] [calypso-direct] [DATA_IN] AWS=4.9kt AWA=317° Batt=100% Temp=0°C
[2026-06-06T10:27:31.202] [WARNING] [calypso-direct] [TIMING] Large gap: 975ms (expected ~125ms at 8Hz) AWS=5.1kt
[2026-06-06T10:27:31.202] [DEBUG] [calypso-direct] [DATA_IN] AWS=5.1kt AWA=317° Batt=100% Temp=0°C
[2026-06-06T10:27:31.203] [DEBUG] [calypso-direct] [DATA_IN] AWS=5.1kt AWA=317° Batt=100% Temp=0°C
[2026-06-06T10:27:31.204] [DEBUG] [calypso-direct] [DATA_IN] AWS=5.1kt AWA=317° Batt=100% Temp=0°C
[2026-06-06T10:27:31.397] [DEBUG] [calypso-direct] [DATA_IN] AWS=5.2kt AWA=315° Batt=100% Temp=0°C
[2026-06-06T10:27:31.593] [DEBUG] [calypso-direct] [DATA_IN] AWS=5.2kt AWA=315° Batt=100% Temp=0°C
[2026-06-06T10:27:31.787] [DEBUG] [calypso-direct] [DATA_IN] AWS=5.2kt AWA=315° Batt=100% Temp=0°C
[2026-06-06T10:27:31.982] [DEBUG] [calypso-direct] [DATA_IN] AWS=4.5kt AWA=318° Batt=100% Temp=0°C
[2026-06-06T10:27:32.568] [WARNING] [calypso-direct] [TIMING] Large gap: 586ms (expected ~125ms at 8Hz) AWS=3.9kt
[2026-06-06T10:27:32.568] [DEBUG] [calypso-direct] [DATA_IN] AWS=3.9kt AWA=319° Batt=100% Temp=0°C
[2026-06-06T10:27:32.568] [DEBUG] [calypso-direct] [DATA_IN] AWS=3.1kt AWA=320° Batt=100% Temp=0°C
[2026-06-06T10:27:32.762] [DEBUG] [calypso-direct] [DATA_IN] AWS=3.1kt AWA=320° Batt=100% Temp=0°C
[2026-06-06T10:27:33.152] [WARNING] [calypso-direct] [TIMING] Large gap: 390ms (expected ~125ms at 8Hz) AWS=3.1kt
[2026-06-06T10:27:33.153] [DEBUG] [calypso-direct] [DATA_IN] AWS=3.1kt AWA=320° Batt=100% Temp=0°C
[2026-06-06T10:27:33.542] [WARNING] [calypso-direct] [TIMING] Large gap: 390ms (expected ~125ms at 8Hz) AWS=3.7kt
[2026-06-06T10:27:33.544] [DEBUG] [calypso-direct] [DATA_IN] AWS=3.7kt AWA=309° Batt=100% Temp=0°C
[2026-06-06T10:27:33.545] [DEBUG] [calypso-direct] [DATA_IN] AWS=3.7kt AWA=309° Batt=100% Temp=0°C
[2026-06-06T10:27:34.128] [WARNING] [calypso-direct] [TIMING] Large gap: 583ms (expected ~125ms at 8Hz) AWS=4.1kt
[2026-06-06T10:27:34.128] [DEBUG] [calypso-direct] [DATA_IN] AWS=4.1kt AWA=309° Batt=100% Temp=0°C
[2026-06-06T10:27:34.134] [DEBUG] [calypso-direct] [DATA_IN] AWS=4.1kt AWA=309° Batt=100% Temp=0°C
[2026-06-06T10:27:34.322] [DEBUG] [calypso-direct] [DATA_IN] AWS=4.3kt AWA=309° Batt=100% Temp=0°C
[2026-06-06T10:27:34.519] [DEBUG] [calypso-direct] [DATA_IN] AWS=4.3kt AWA=315° Batt=100% Temp=0°C
[2026-06-06T10:27:34.906] [WARNING] [calypso-direct] [TIMING] Large gap: 388ms (expected ~125ms at 8Hz) AWS=4.3kt
[2026-06-06T10:27:34.907] [DEBUG] [calypso-direct] [DATA_IN] AWS=4.3kt AWA=315° Batt=100% Temp=0°C
[2026-06-06T10:27:35.686] [WARNING] [calypso-direct] [TIMING] Large gap: 780ms (expected ~125ms at 8Hz) AWS=4.3kt
[2026-06-06T10:27:35.687] [DEBUG] [calypso-direct] [DATA_IN] AWS=4.3kt AWA=315° Batt=100% Temp=0°C
[2026-06-06T10:27:35.690] [DEBUG] [calypso-direct] [DATA_IN] AWS=4.3kt AWA=315° Batt=100% Temp=0°C
[2026-06-06T10:27:35.691] [DEBUG] [calypso-direct] [DATA_IN] AWS=4.1kt AWA=315° Batt=100% Temp=0°C
[2026-06-06T10:27:35.882] [DEBUG] [calypso-direct] [DATA_IN] AWS=4.1kt AWA=320° Batt=100% Temp=0°C
[2026-06-06T10:27:36.076] [DEBUG] [calypso-direct] [DATA_IN] AWS=4.1kt AWA=320° Batt=100% Temp=0°C
[2026-06-06T10:27:36.271] [DEBUG] [calypso-direct] [DATA_IN] AWS=4.1kt AWA=320° Batt=100% Temp=0°C
[2026-06-06T10:27:36.857] [WARNING] [calypso-direct] [TIMING] Large gap: 586ms (expected ~125ms at 8Hz) AWS=4.1kt
[2026-06-06T10:27:36.857] [DEBUG] [calypso-direct] [DATA_IN] AWS=4.1kt AWA=320° Batt=100% Temp=0°C
[2026-06-06T10:27:36.860] [DEBUG] [calypso-direct] [DATA_IN] AWS=4.7kt AWA=319° Batt=100% Temp=0°C
[2026-06-06T10:27:37.051] [DEBUG] [calypso-direct] [DATA_IN] AWS=4.7kt AWA=316° Batt=100% Temp=0°C
[2026-06-06T10:27:37.247] [DEBUG] [calypso-direct] [DATA_IN] AWS=4.7kt AWA=316° Batt=100% Temp=0°C
[2026-06-06T10:27:37.637] [WARNING] [calypso-direct] [TIMING] Large gap: 390ms (expected ~125ms at 8Hz) AWS=4.3kt
[2026-06-06T10:27:37.638] [DEBUG] [calypso-direct] [DATA_IN] AWS=4.3kt AWA=316° Batt=100% Temp=0°C
[2026-06-06T10:27:37.832] [DEBUG] [calypso-direct] [DATA_IN] AWS=4.3kt AWA=316° Batt=100% Temp=0°C
[2026-06-06T10:27:38.417] [WARNING] [calypso-direct] [TIMING] Large gap: 584ms (expected ~125ms at 8Hz) AWS=4.3kt
[2026-06-06T10:27:38.417] [DEBUG] [calypso-direct] [DATA_IN] AWS=4.3kt AWA=317° Batt=100% Temp=0°C
[2026-06-06T10:27:38.418] [DEBUG] [calypso-direct] [DATA_IN] AWS=4.5kt AWA=317° Batt=100% Temp=0°C
[2026-06-06T10:27:38.612] [DEBUG] [calypso-direct] [DATA_IN] AWS=4.5kt AWA=317° Batt=100% Temp=0°C
[2026-06-06T10:27:38.807] [DEBUG] [calypso-direct] [DATA_IN] AWS=4.5kt AWA=318° Batt=100% Temp=0°C
[2026-06-06T10:27:39.196] [WARNING] [calypso-direct] [TIMING] Large gap: 389ms (expected ~125ms at 8Hz) AWS=4.1kt
[2026-06-06T10:27:39.197] [DEBUG] [calypso-direct] [DATA_IN] AWS=4.1kt AWA=317° Batt=100% Temp=0°C
[2026-06-06T10:27:39.785] [WARNING] [calypso-direct] [TIMING] Large gap: 588ms (expected ~125ms at 8Hz) AWS=4.1kt
[2026-06-06T10:27:39.785] [DEBUG] [calypso-direct] [DATA_IN] AWS=4.1kt AWA=318° Batt=100% Temp=0°C
[2026-06-06T10:27:39.787] [DEBUG] [calypso-direct] [DATA_IN] AWS=4.1kt AWA=321° Batt=100% Temp=0°C
[2026-06-06T10:27:39.788] [DEBUG] [calypso-direct] [DATA_IN] AWS=4.3kt AWA=321° Batt=100% Temp=0°C
[2026-06-06T10:27:40.172] [WARNING] [calypso-direct] [TIMING] Large gap: 383ms (expected ~125ms at 8Hz) AWS=4.3kt
[2026-06-06T10:27:40.172] [DEBUG] [calypso-direct] [DATA_IN] AWS=4.3kt AWA=320° Batt=100% Temp=0°C
[2026-06-06T10:27:40.366] [DEBUG] [calypso-direct] [DATA_IN] AWS=4.3kt AWA=320° Batt=100% Temp=0°C
[2026-06-06T10:27:41.342] [WARNING] [calypso-direct] [TIMING] Large gap: 976ms (expected ~125ms at 8Hz) AWS=4.3kt
[2026-06-06T10:27:41.343] [DEBUG] [calypso-direct] [DATA_IN] AWS=4.3kt AWA=319° Batt=100% Temp=0°C
[2026-06-06T10:27:41.344] [DEBUG] [calypso-direct] [DATA_IN] AWS=4.3kt AWA=319° Batt=100% Temp=0°C
[2026-06-06T10:27:41.346] [DEBUG] [calypso-direct] [DATA_IN] AWS=4.3kt AWA=319° Batt=100% Temp=0°C
[2026-06-06T10:27:41.347] [DEBUG] [calypso-direct] [DATA_IN] AWS=4.3kt AWA=318° Batt=100% Temp=0°C
[2026-06-06T10:27:41.536] [DEBUG] [calypso-direct] [DATA_IN] AWS=4.3kt AWA=318° Batt=100% Temp=0°C
[2026-06-06T10:27:41.732] [DEBUG] [calypso-direct] [DATA_IN] AWS=4.1kt AWA=320° Batt=100% Temp=0°C
[2026-06-06T10:27:42.122] [WARNING] [calypso-direct] [TIMING] Large gap: 390ms (expected ~125ms at 8Hz) AWS=4.3kt
[2026-06-06T10:27:42.122] [DEBUG] [calypso-direct] [DATA_IN] AWS=4.3kt AWA=320° Batt=100% Temp=0°C
[2026-06-06T10:27:42.706] [WARNING] [calypso-direct] [TIMING] Large gap: 584ms (expected ~125ms at 8Hz) AWS=4.1kt
[2026-06-06T10:27:42.707] [DEBUG] [calypso-direct] [DATA_IN] AWS=4.1kt AWA=320° Batt=100% Temp=0°C
[2026-06-06T10:27:42.707] [DEBUG] [calypso-direct] [DATA_IN] AWS=3.9kt AWA=320° Batt=100% Temp=0°C
[2026-06-06T10:27:42.902] [DEBUG] [calypso-direct] [DATA_IN] AWS=3.7kt AWA=320° Batt=100% Temp=0°C
[2026-06-06T10:27:43.098] [DEBUG] [calypso-direct] [DATA_IN] AWS=3.7kt AWA=320° Batt=100% Temp=0°C
[2026-06-06T10:27:43.291] [DEBUG] [calypso-direct] [DATA_IN] AWS=3.7kt AWA=316° Batt=100% Temp=0°C
[2026-06-06T10:27:43.486] [DEBUG] [calypso-direct] [DATA_IN] AWS=3.7kt AWA=316° Batt=100% Temp=0°C
[2026-06-06T10:27:44.072] [WARNING] [calypso-direct] [TIMING] Large gap: 585ms (expected ~125ms at 8Hz) AWS=3.7kt
[2026-06-06T10:27:44.072] [DEBUG] [calypso-direct] [DATA_IN] AWS=3.7kt AWA=316° Batt=100% Temp=0°C
[2026-06-06T10:27:44.073] [DEBUG] [calypso-direct] [DATA_IN] AWS=3.7kt AWA=317° Batt=100% Temp=0°C
[2026-06-06T10:27:44.267] [DEBUG] [calypso-direct] [DATA_IN] AWS=3.5kt AWA=317° Batt=100% Temp=0°C
[2026-06-06T10:27:44.657] [WARNING] [calypso-direct] [TIMING] Large gap: 390ms (expected ~125ms at 8Hz) AWS=3.5kt
[2026-06-06T10:27:44.657] [DEBUG] [calypso-direct] [DATA_IN] AWS=3.5kt AWA=337° Batt=100% Temp=0°C
[2026-06-06T10:27:45.046] [WARNING] [calypso-direct] [TIMING] Large gap: 389ms (expected ~125ms at 8Hz) AWS=3.5kt
[2026-06-06T10:27:45.047] [DEBUG] [calypso-direct] [DATA_IN] AWS=3.5kt AWA=338° Batt=100% Temp=0°C
[2026-06-06T10:27:45.049] [DEBUG] [calypso-direct] [DATA_IN] AWS=3.5kt AWA=338° Batt=100% Temp=0°C
[2026-06-06T10:27:45.827] [WARNING] [calypso-direct] [TIMING] Large gap: 778ms (expected ~125ms at 8Hz) AWS=3.5kt
[2026-06-06T10:27:45.827] [DEBUG] [calypso-direct] [DATA_IN] AWS=3.5kt AWA=337° Batt=100% Temp=0°C
[2026-06-06T10:27:45.830] [DEBUG] [calypso-direct] [DATA_IN] AWS=3.7kt AWA=337° Batt=100% Temp=0°C
[2026-06-06T10:27:45.831] [DEBUG] [calypso-direct] [DATA_IN] AWS=3.9kt AWA=316° Batt=100% Temp=0°C
[2026-06-06T10:27:46.021] [DEBUG] [calypso-direct] [DATA_IN] AWS=3.9kt AWA=316° Batt=100% Temp=0°C
[2026-06-06T10:27:46.412] [WARNING] [calypso-direct] [TIMING] Large gap: 390ms (expected ~125ms at 8Hz) AWS=3.9kt
[2026-06-06T10:27:46.412] [INFO] [calypso-direct] [RATE_1MIN] 242 pkts/min (expected 480 at 8Hz) max_gap=976ms gaps_>250ms=80
[2026-06-06T10:27:46.412] [DEBUG] [calypso-direct] [DATA_IN] AWS=3.9kt AWA=316° Batt=100% Temp=0°C
[2026-06-06T10:27:46.996] [WARNING] [calypso-direct] [TIMING] Large gap: 585ms (expected ~125ms at 8Hz) AWS=3.9kt
[2026-06-06T10:27:46.997] [DEBUG] [calypso-direct] [DATA_IN] AWS=3.9kt AWA=316° Batt=100% Temp=0°C
[2026-06-06T10:27:46.998] [DEBUG] [calypso-direct] [DATA_IN] AWS=3.9kt AWA=316° Batt=100% Temp=0°C
[2026-06-06T10:27:47.191] [DEBUG] [calypso-direct] [DATA_IN] AWS=3.7kt AWA=318° Batt=100% Temp=0°C
[2026-06-06T10:27:47.386] [DEBUG] [calypso-direct] [DATA_IN] AWS=3.5kt AWA=318° Batt=100% Temp=0°C
[2026-06-06T10:27:47.581] [DEBUG] [calypso-direct] [DATA_IN] AWS=3.3kt AWA=319° Batt=100% Temp=0°C
[2026-06-06T10:27:47.776] [DEBUG] [calypso-direct] [DATA_IN] AWS=3.3kt AWA=319° Batt=100% Temp=0°C
[2026-06-06T10:27:48.361] [WARNING] [calypso-direct] [TIMING] Large gap: 585ms (expected ~125ms at 8Hz) AWS=3.1kt
[2026-06-06T10:27:48.362] [DEBUG] [calypso-direct] [DATA_IN] AWS=3.1kt AWA=319° Batt=100% Temp=0°C
[2026-06-06T10:27:48.363] [DEBUG] [calypso-direct] [DATA_IN] AWS=2.9kt AWA=324° Batt=100% Temp=0°C
[2026-06-06T10:27:48.557] [DEBUG] [calypso-direct] [DATA_IN] AWS=2.9kt AWA=324° Batt=100% Temp=0°C
[2026-06-06T10:27:48.946] [WARNING] [calypso-direct] [TIMING] Large gap: 390ms (expected ~125ms at 8Hz) AWS=2.9kt
[2026-06-06T10:27:48.947] [DEBUG] [calypso-direct] [DATA_IN] AWS=2.9kt AWA=324° Batt=100% Temp=0°C
[2026-06-06T10:27:49.141] [DEBUG] [calypso-direct] [DATA_IN] AWS=2.9kt AWA=324° Batt=100% Temp=0°C
[2026-06-06T10:27:49.337] [DEBUG] [calypso-direct] [DATA_IN] AWS=3.5kt AWA=324° Batt=100% Temp=0°C
[2026-06-06T10:27:49.922] [WARNING] [calypso-direct] [TIMING] Large gap: 585ms (expected ~125ms at 8Hz) AWS=3.7kt
[2026-06-06T10:27:49.922] [DEBUG] [calypso-direct] [DATA_IN] AWS=3.7kt AWA=325° Batt=100% Temp=0°C
[2026-06-06T10:27:49.923] [DEBUG] [calypso-direct] [DATA_IN] AWS=3.9kt AWA=324° Batt=100% Temp=0°C
[2026-06-06T10:27:50.116] [DEBUG] [calypso-direct] [DATA_IN] AWS=3.7kt AWA=325° Batt=100% Temp=0°C
[2026-06-06T10:27:50.507] [WARNING] [calypso-direct] [TIMING] Large gap: 391ms (expected ~125ms at 8Hz) AWS=3.5kt
[2026-06-06T10:27:50.508] [DEBUG] [calypso-direct] [DATA_IN] AWS=3.5kt AWA=325° Batt=100% Temp=0°C
[2026-06-06T10:27:50.509] [DEBUG] [calypso-direct] [DATA_IN] AWS=3.3kt AWA=325° Batt=100% Temp=0°C
[2026-06-06T10:27:51.286] [WARNING] [calypso-direct] [TIMING] Large gap: 777ms (expected ~125ms at 8Hz) AWS=3.3kt
[2026-06-06T10:27:51.287] [DEBUG] [calypso-direct] [DATA_IN] AWS=3.3kt AWA=346° Batt=100% Temp=0°C
[2026-06-06T10:27:51.481] [DEBUG] [calypso-direct] [DATA_IN] AWS=3.1kt AWA=348° Batt=100% Temp=0°C
[2026-06-06T10:27:51.483] [DEBUG] [calypso-direct] [DATA_IN] AWS=2.9kt AWA=348° Batt=100% Temp=0°C
[2026-06-06T10:27:51.484] [DEBUG] [calypso-direct] [DATA_IN] AWS=2.9kt AWA=348° Batt=100% Temp=0°C
[2026-06-06T10:27:51.872] [WARNING] [calypso-direct] [TIMING] Large gap: 387ms (expected ~125ms at 8Hz) AWS=3.3kt
[2026-06-06T10:27:51.872] [DEBUG] [calypso-direct] [DATA_IN] AWS=3.3kt AWA=347° Batt=100% Temp=0°C
[2026-06-06T10:27:52.262] [WARNING] [calypso-direct] [TIMING] Large gap: 390ms (expected ~125ms at 8Hz) AWS=2.9kt
[2026-06-06T10:27:52.262] [DEBUG] [calypso-direct] [DATA_IN] AWS=2.9kt AWA=329° Batt=100% Temp=0°C
[2026-06-06T10:27:52.263] [DEBUG] [calypso-direct] [DATA_IN] AWS=3.3kt AWA=328° Batt=100% Temp=0°C
[2026-06-06T10:27:52.846] [WARNING] [calypso-direct] [TIMING] Large gap: 584ms (expected ~125ms at 8Hz) AWS=3.3kt
[2026-06-06T10:27:52.847] [DEBUG] [calypso-direct] [DATA_IN] AWS=3.3kt AWA=329° Batt=100% Temp=0°C
[2026-06-06T10:27:53.042] [DEBUG] [calypso-direct] [DATA_IN] AWS=3.3kt AWA=327° Batt=100% Temp=0°C
[2026-06-06T10:27:53.042] [DEBUG] [calypso-direct] [DATA_IN] AWS=2.9kt AWA=327° Batt=100% Temp=0°C
[2026-06-06T10:27:53.236] [DEBUG] [calypso-direct] [DATA_IN] AWS=3.1kt AWA=322° Batt=100% Temp=0°C
[2026-06-06T10:27:53.821] [WARNING] [calypso-direct] [TIMING] Large gap: 585ms (expected ~125ms at 8Hz) AWS=2.9kt
[2026-06-06T10:27:53.822] [DEBUG] [calypso-direct] [DATA_IN] AWS=2.9kt AWA=325° Batt=100% Temp=0°C
[2026-06-06T10:27:54.212] [WARNING] [calypso-direct] [TIMING] Large gap: 390ms (expected ~125ms at 8Hz) AWS=2.3kt
[2026-06-06T10:27:54.212] [DEBUG] [calypso-direct] [DATA_IN] AWS=2.3kt AWA=326° Batt=100% Temp=0°C
[2026-06-06T10:27:54.406] [DEBUG] [calypso-direct] [DATA_IN] AWS=2.5kt AWA=326° Batt=100% Temp=0°C
[2026-06-06T10:27:54.602] [DEBUG] [calypso-direct] [DATA_IN] AWS=2.5kt AWA=326° Batt=100% Temp=0°C
[2026-06-06T10:27:54.796] [DEBUG] [calypso-direct] [DATA_IN] AWS=2.5kt AWA=330° Batt=100% Temp=0°C
[2026-06-06T10:27:54.991] [DEBUG] [calypso-direct] [DATA_IN] AWS=2.5kt AWA=329° Batt=100% Temp=0°C
[2026-06-06T10:27:55.381] [WARNING] [calypso-direct] [TIMING] Large gap: 390ms (expected ~125ms at 8Hz) AWS=2.5kt
[2026-06-06T10:27:55.382] [DEBUG] [calypso-direct] [DATA_IN] AWS=2.5kt AWA=329° Batt=100% Temp=0°C
[2026-06-06T10:27:55.773] [WARNING] [calypso-direct] [TIMING] Large gap: 391ms (expected ~125ms at 8Hz) AWS=2.5kt
[2026-06-06T10:27:55.773] [DEBUG] [calypso-direct] [DATA_IN] AWS=2.5kt AWA=329° Batt=100% Temp=0°C
[2026-06-06T10:27:55.775] [DEBUG] [calypso-direct] [DATA_IN] AWS=2.1kt AWA=329° Batt=100% Temp=0°C
[2026-06-06T10:27:56.162] [WARNING] [calypso-direct] [TIMING] Large gap: 388ms (expected ~125ms at 8Hz) AWS=2.1kt
[2026-06-06T10:27:56.163] [DEBUG] [calypso-direct] [DATA_IN] AWS=2.1kt AWA=341° Batt=100% Temp=0°C
[2026-06-06T10:27:56.357] [DEBUG] [calypso-direct] [DATA_IN] AWS=2.1kt AWA=341° Batt=100% Temp=0°C
[2026-06-06T10:27:56.553] [DEBUG] [calypso-direct] [DATA_IN] AWS=2.1kt AWA=341° Batt=100% Temp=0°C
[2026-06-06T10:27:57.137] [WARNING] [calypso-direct] [TIMING] Large gap: 584ms (expected ~125ms at 8Hz) AWS=2.5kt
[2026-06-06T10:27:57.138] [DEBUG] [calypso-direct] [DATA_IN] AWS=2.5kt AWA=341° Batt=100% Temp=0°C
[2026-06-06T10:27:57.138] [DEBUG] [calypso-direct] [DATA_IN] AWS=2.5kt AWA=341° Batt=100% Temp=0°C
[2026-06-06T10:27:57.331] [DEBUG] [calypso-direct] [DATA_IN] AWS=2.5kt AWA=338° Batt=100% Temp=0°C
[2026-06-06T10:27:57.526] [DEBUG] [calypso-direct] [DATA_IN] AWS=2.5kt AWA=338° Batt=100% Temp=0°C
[2026-06-06T10:27:57.916] [WARNING] [calypso-direct] [TIMING] Large gap: 390ms (expected ~125ms at 8Hz) AWS=2.5kt
[2026-06-06T10:27:57.916] [DEBUG] [calypso-direct] [DATA_IN] AWS=2.5kt AWA=338° Batt=100% Temp=0°C
[2026-06-06T10:27:58.501] [WARNING] [calypso-direct] [TIMING] Large gap: 585ms (expected ~125ms at 8Hz) AWS=2.3kt
[2026-06-06T10:27:58.502] [DEBUG] [calypso-direct] [DATA_IN] AWS=2.3kt AWA=338° Batt=100% Temp=0°C
[2026-06-06T10:27:58.503] [DEBUG] [calypso-direct] [DATA_IN] AWS=2.3kt AWA=338° Batt=100% Temp=0°C
[2026-06-06T10:27:58.504] [DEBUG] [calypso-direct] [DATA_IN] AWS=2.3kt AWA=328° Batt=100% Temp=0°C
[2026-06-06T10:27:59.086] [WARNING] [calypso-direct] [TIMING] Large gap: 583ms (expected ~125ms at 8Hz) AWS=2.3kt
[2026-06-06T10:27:59.087] [DEBUG] [calypso-direct] [DATA_IN] AWS=2.3kt AWA=329° Batt=100% Temp=0°C
[2026-06-06T10:27:59.087] [DEBUG] [calypso-direct] [DATA_IN] AWS=2.3kt AWA=327° Batt=100% Temp=0°C
[2026-06-06T10:27:59.281] [DEBUG] [calypso-direct] [DATA_IN] AWS=3.1kt AWA=326° Batt=100% Temp=0°C
[2026-06-06T10:27:59.866] [WARNING] [calypso-direct] [TIMING] Large gap: 585ms (expected ~125ms at 8Hz) AWS=3.3kt
[2026-06-06T10:27:59.867] [DEBUG] [calypso-direct] [DATA_IN] AWS=3.3kt AWA=326° Batt=100% Temp=0°C
[2026-06-06T10:27:59.867] [DEBUG] [calypso-direct] [DATA_IN] AWS=3.9kt AWA=328° Batt=100% Temp=0°C
[2026-06-06T10:28:00.061] [DEBUG] [calypso-direct] [DATA_IN] AWS=3.9kt AWA=328° Batt=100% Temp=0°C
[2026-06-06T10:28:00.256] [DEBUG] [calypso-direct] [DATA_IN] AWS=3.9kt AWA=328° Batt=100% Temp=0°C
[2026-06-06T10:28:00.646] [WARNING] [calypso-direct] [TIMING] Large gap: 390ms (expected ~125ms at 8Hz) AWS=3.7kt
[2026-06-06T10:28:00.646] [DEBUG] [calypso-direct] [DATA_IN] AWS=3.7kt AWA=328° Batt=100% Temp=0°C
[2026-06-06T10:28:00.841] [DEBUG] [calypso-direct] [DATA_IN] AWS=3.5kt AWA=328° Batt=100% Temp=0°C
[2026-06-06T10:28:01.036] [DEBUG] [calypso-direct] [DATA_IN] AWS=3.1kt AWA=333° Batt=100% Temp=0°C
[2026-06-06T10:28:01.426] [WARNING] [calypso-direct] [TIMING] Large gap: 390ms (expected ~125ms at 8Hz) AWS=2.9kt
[2026-06-06T10:28:01.427] [DEBUG] [calypso-direct] [DATA_IN] AWS=2.9kt AWA=333° Batt=100% Temp=0°C
[2026-06-06T10:28:01.622] [DEBUG] [calypso-direct] [DATA_IN] AWS=2.9kt AWA=333° Batt=100% Temp=0°C
[2026-06-06T10:28:01.816] [DEBUG] [calypso-direct] [DATA_IN] AWS=2.9kt AWA=333° Batt=100% Temp=0°C
[2026-06-06T10:28:02.012] [DEBUG] [calypso-direct] [DATA_IN] AWS=3.5kt AWA=333° Batt=100% Temp=0°C
[2026-06-06T10:28:02.793] [WARNING] [calypso-direct] [TIMING] Large gap: 780ms (expected ~125ms at 8Hz) AWS=3.5kt
[2026-06-06T10:28:02.793] [DEBUG] [calypso-direct] [DATA_IN] AWS=3.5kt AWA=335° Batt=100% Temp=0°C
[2026-06-06T10:28:02.794] [DEBUG] [calypso-direct] [DATA_IN] AWS=3.5kt AWA=336° Batt=100% Temp=0°C
[2026-06-06T10:28:02.795] [DEBUG] [calypso-direct] [DATA_IN] AWS=3.5kt AWA=336° Batt=100% Temp=0°C
[2026-06-06T10:28:02.987] [DEBUG] [calypso-direct] [DATA_IN] AWS=3.5kt AWA=335° Batt=100% Temp=0°C
[2026-06-06T10:28:03.571] [WARNING] [calypso-direct] [TIMING] Large gap: 585ms (expected ~125ms at 8Hz) AWS=3.3kt
[2026-06-06T10:28:03.571] [DEBUG] [calypso-direct] [DATA_IN] AWS=3.3kt AWA=334° Batt=100% Temp=0°C
[2026-06-06T10:28:03.766] [DEBUG] [calypso-direct] [DATA_IN] AWS=3.3kt AWA=324° Batt=100% Temp=0°C
[2026-06-06T10:28:04.351] [WARNING] [calypso-direct] [TIMING] Large gap: 585ms (expected ~125ms at 8Hz) AWS=3.1kt
[2026-06-06T10:28:04.352] [DEBUG] [calypso-direct] [DATA_IN] AWS=3.1kt AWA=324° Batt=100% Temp=0°C
[2026-06-06T10:28:04.546] [DEBUG] [calypso-direct] [DATA_IN] AWS=2.7kt AWA=324° Batt=100% Temp=0°C
[2026-06-06T10:28:04.548] [DEBUG] [calypso-direct] [DATA_IN] AWS=2.7kt AWA=327° Batt=100% Temp=0°C
[2026-06-06T10:28:04.741] [DEBUG] [calypso-direct] [DATA_IN] AWS=2.7kt AWA=327° Batt=100% Temp=0°C
[2026-06-06T10:28:05.131] [WARNING] [calypso-direct] [TIMING] Large gap: 390ms (expected ~125ms at 8Hz) AWS=2.5kt
[2026-06-06T10:28:05.132] [DEBUG] [calypso-direct] [DATA_IN] AWS=2.5kt AWA=331° Batt=100% Temp=0°C
[2026-06-06T10:28:05.326] [DEBUG] [calypso-direct] [DATA_IN] AWS=2.7kt AWA=331° Batt=100% Temp=0°C
[2026-06-06T10:28:05.716] [WARNING] [calypso-direct] [TIMING] Large gap: 390ms (expected ~125ms at 8Hz) AWS=2.7kt
[2026-06-06T10:28:05.717] [DEBUG] [calypso-direct] [DATA_IN] AWS=2.7kt AWA=330° Batt=100% Temp=0°C
[2026-06-06T10:28:05.911] [DEBUG] [calypso-direct] [DATA_IN] AWS=3.3kt AWA=330° Batt=100% Temp=0°C
[2026-06-06T10:28:06.107] [DEBUG] [calypso-direct] [DATA_IN] AWS=3.3kt AWA=329° Batt=100% Temp=0°C
[2026-06-06T10:28:06.301] [DEBUG] [calypso-direct] [DATA_IN] AWS=3.7kt AWA=336° Batt=100% Temp=0°C
[2026-06-06T10:28:06.691] [WARNING] [calypso-direct] [TIMING] Large gap: 390ms (expected ~125ms at 8Hz) AWS=3.3kt
[2026-06-06T10:28:06.692] [DEBUG] [calypso-direct] [DATA_IN] AWS=3.3kt AWA=336° Batt=100% Temp=0°C
[2026-06-06T10:28:07.276] [WARNING] [calypso-direct] [TIMING] Large gap: 585ms (expected ~125ms at 8Hz) AWS=3.3kt
[2026-06-06T10:28:07.277] [DEBUG] [calypso-direct] [DATA_IN] AWS=3.3kt AWA=336° Batt=100% Temp=0°C
[2026-06-06T10:28:07.279] [DEBUG] [calypso-direct] [DATA_IN] AWS=3.3kt AWA=336° Batt=100% Temp=0°C
[2026-06-06T10:28:07.282] [DEBUG] [calypso-direct] [DATA_IN] AWS=3.3kt AWA=336° Batt=100% Temp=0°C
[2026-06-06T10:28:07.668] [WARNING] [calypso-direct] [TIMING] Large gap: 386ms (expected ~125ms at 8Hz) AWS=3.3kt
[2026-06-06T10:28:07.669] [DEBUG] [calypso-direct] [DATA_IN] AWS=3.3kt AWA=333° Batt=100% Temp=0°C
[2026-06-06T10:28:07.864] [DEBUG] [calypso-direct] [DATA_IN] AWS=2.7kt AWA=333° Batt=100% Temp=0°C
[2026-06-06T10:28:08.059] [DEBUG] [calypso-direct] [DATA_IN] AWS=2.7kt AWA=334° Batt=100% Temp=0°C
[2026-06-06T10:28:08.643] [WARNING] [calypso-direct] [TIMING] Large gap: 585ms (expected ~125ms at 8Hz) AWS=3.3kt
[2026-06-06T10:28:08.644] [DEBUG] [calypso-direct] [DATA_IN] AWS=3.3kt AWA=334° Batt=100% Temp=0°C
[2026-06-06T10:28:08.647] [DEBUG] [calypso-direct] [DATA_IN] AWS=3.3kt AWA=334° Batt=100% Temp=0°C
[2026-06-06T10:28:08.838] [DEBUG] [calypso-direct] [DATA_IN] AWS=2.9kt AWA=326° Batt=100% Temp=0°C
[2026-06-06T10:28:09.032] [DEBUG] [calypso-direct] [DATA_IN] AWS=3.5kt AWA=325° Batt=100% Temp=0°C
[2026-06-06T10:28:09.422] [WARNING] [calypso-direct] [TIMING] Large gap: 390ms (expected ~125ms at 8Hz) AWS=3.5kt
[2026-06-06T10:28:09.422] [DEBUG] [calypso-direct] [DATA_IN] AWS=3.5kt AWA=325° Batt=100% Temp=0°C
[2026-06-06T10:28:09.617] [DEBUG] [calypso-direct] [DATA_IN] AWS=3.5kt AWA=326° Batt=100% Temp=0°C
[2026-06-06T10:28:10.008] [WARNING] [calypso-direct] [TIMING] Large gap: 391ms (expected ~125ms at 8Hz) AWS=2.9kt
[2026-06-06T10:28:10.009] [DEBUG] [calypso-direct] [DATA_IN] AWS=2.9kt AWA=327° Batt=100% Temp=0°C
[2026-06-06T10:28:10.202] [DEBUG] [calypso-direct] [DATA_IN] AWS=2.7kt AWA=331° Batt=100% Temp=0°C
[2026-06-06T10:28:10.397] [DEBUG] [calypso-direct] [DATA_IN] AWS=2.5kt AWA=332° Batt=100% Temp=0°C
[2026-06-06T10:28:10.591] [DEBUG] [calypso-direct] [DATA_IN] AWS=2.3kt AWA=332° Batt=100% Temp=0°C
[2026-06-06T10:28:10.786] [DEBUG] [calypso-direct] [DATA_IN] AWS=2.5kt AWA=332° Batt=100% Temp=0°C
[2026-06-06T10:28:10.981] [DEBUG] [calypso-direct] [DATA_IN] AWS=2.5kt AWA=332° Batt=100% Temp=0°C
[2026-06-06T10:28:11.371] [WARNING] [calypso-direct] [TIMING] Large gap: 391ms (expected ~125ms at 8Hz) AWS=2.9kt
[2026-06-06T10:28:11.372] [DEBUG] [calypso-direct] [DATA_IN] AWS=2.9kt AWA=347° Batt=100% Temp=0°C
[2026-06-06T10:28:11.566] [DEBUG] [calypso-direct] [DATA_IN] AWS=3.1kt AWA=347° Batt=100% Temp=0°C
[2026-06-06T10:28:11.761] [DEBUG] [calypso-direct] [DATA_IN] AWS=3.3kt AWA=347° Batt=100% Temp=0°C
[2026-06-06T10:28:12.151] [WARNING] [calypso-direct] [TIMING] Large gap: 389ms (expected ~125ms at 8Hz) AWS=3.1kt
[2026-06-06T10:28:12.151] [DEBUG] [calypso-direct] [DATA_IN] AWS=3.1kt AWA=347° Batt=100% Temp=0°C
[2026-06-06T10:28:12.346] [DEBUG] [calypso-direct] [DATA_IN] AWS=3.1kt AWA=347° Batt=100% Temp=0°C
[2026-06-06T10:28:12.736] [WARNING] [calypso-direct] [TIMING] Large gap: 390ms (expected ~125ms at 8Hz) AWS=3.1kt
[2026-06-06T10:28:12.737] [DEBUG] [calypso-direct] [DATA_IN] AWS=3.1kt AWA=333° Batt=100% Temp=0°C
[2026-06-06T10:28:12.738] [DEBUG] [calypso-direct] [DATA_IN] AWS=3.1kt AWA=332° Batt=100% Temp=0°C
[2026-06-06T10:28:13.126] [WARNING] [calypso-direct] [TIMING] Large gap: 388ms (expected ~125ms at 8Hz) AWS=3.1kt
[2026-06-06T10:28:13.126] [DEBUG] [calypso-direct] [DATA_IN] AWS=3.1kt AWA=331° Batt=100% Temp=0°C
[2026-06-06T10:28:13.321] [DEBUG] [calypso-direct] [DATA_IN] AWS=3.9kt AWA=331° Batt=100% Temp=0°C
[2026-06-06T10:28:13.517] [DEBUG] [calypso-direct] [DATA_IN] AWS=3.9kt AWA=331° Batt=100% Temp=0°C
[2026-06-06T10:28:13.906] [WARNING] [calypso-direct] [TIMING] Large gap: 389ms (expected ~125ms at 8Hz) AWS=3.9kt
[2026-06-06T10:28:13.907] [DEBUG] [calypso-direct] [DATA_IN] AWS=3.9kt AWA=325° Batt=100% Temp=0°C
[2026-06-06T10:28:14.296] [WARNING] [calypso-direct] [TIMING] Large gap: 390ms (expected ~125ms at 8Hz) AWS=4.1kt
[2026-06-06T10:28:14.296] [DEBUG] [calypso-direct] [DATA_IN] AWS=4.1kt AWA=325° Batt=100% Temp=0°C
[2026-06-06T10:28:14.298] [DEBUG] [calypso-direct] [DATA_IN] AWS=3.7kt AWA=325° Batt=100% Temp=0°C
[2026-06-06T10:28:14.491] [DEBUG] [calypso-direct] [DATA_IN] AWS=3.7kt AWA=327° Batt=100% Temp=0°C
[2026-06-06T10:28:14.881] [WARNING] [calypso-direct] [TIMING] Large gap: 390ms (expected ~125ms at 8Hz) AWS=3.5kt
[2026-06-06T10:28:14.882] [DEBUG] [calypso-direct] [DATA_IN] AWS=3.5kt AWA=327° Batt=100% Temp=0°C
[2026-06-06T10:28:15.271] [WARNING] [calypso-direct] [TIMING] Large gap: 390ms (expected ~125ms at 8Hz) AWS=3.5kt
[2026-06-06T10:28:15.272] [DEBUG] [calypso-direct] [DATA_IN] AWS=3.5kt AWA=338° Batt=100% Temp=0°C
[2026-06-06T10:28:15.274] [DEBUG] [calypso-direct] [DATA_IN] AWS=3.1kt AWA=338° Batt=100% Temp=0°C
[2026-06-06T10:28:15.858] [WARNING] [calypso-direct] [TIMING] Large gap: 584ms (expected ~125ms at 8Hz) AWS=3.1kt
[2026-06-06T10:28:15.860] [DEBUG] [calypso-direct] [DATA_IN] AWS=3.1kt AWA=338° Batt=100% Temp=0°C
[2026-06-06T10:28:15.861] [DEBUG] [calypso-direct] [DATA_IN] AWS=3.1kt AWA=338° Batt=100% Temp=0°C
[2026-06-06T10:28:16.053] [DEBUG] [calypso-direct] [DATA_IN] AWS=3.1kt AWA=337° Batt=100% Temp=0°C
[2026-06-06T10:28:16.444] [WARNING] [calypso-direct] [TIMING] Large gap: 391ms (expected ~125ms at 8Hz) AWS=3.1kt
[2026-06-06T10:28:16.445] [DEBUG] [calypso-direct] [DATA_IN] AWS=3.1kt AWA=334° Batt=100% Temp=0°C
[2026-06-06T10:28:16.642] [DEBUG] [calypso-direct] [DATA_IN] AWS=2.9kt AWA=334° Batt=100% Temp=0°C
[2026-06-06T10:28:16.831] [DEBUG] [calypso-direct] [DATA_IN] AWS=2.9kt AWA=335° Batt=100% Temp=0°C
[2026-06-06T10:28:17.221] [WARNING] [calypso-direct] [TIMING] Large gap: 390ms (expected ~125ms at 8Hz) AWS=2.9kt
[2026-06-06T10:28:17.221] [DEBUG] [calypso-direct] [DATA_IN] AWS=2.9kt AWA=335° Batt=100% Temp=0°C
[2026-06-06T10:28:17.416] [DEBUG] [calypso-direct] [DATA_IN] AWS=2.5kt AWA=335° Batt=100% Temp=0°C
[2026-06-06T10:28:17.611] [DEBUG] [calypso-direct] [DATA_IN] AWS=2.3kt AWA=337° Batt=100% Temp=0°C
[2026-06-06T10:28:17.806] [DEBUG] [calypso-direct] [DATA_IN] AWS=2.3kt AWA=337° Batt=100% Temp=0°C
[2026-06-06T10:28:18.001] [DEBUG] [calypso-direct] [DATA_IN] AWS=2.3kt AWA=337° Batt=100% Temp=0°C
[2026-06-06T10:28:18.391] [WARNING] [calypso-direct] [TIMING] Large gap: 390ms (expected ~125ms at 8Hz) AWS=2.1kt
[2026-06-06T10:28:18.391] [DEBUG] [calypso-direct] [DATA_IN] AWS=2.1kt AWA=338° Batt=100% Temp=0°C
[2026-06-06T10:28:18.781] [WARNING] [calypso-direct] [TIMING] Large gap: 390ms (expected ~125ms at 8Hz) AWS=2.3kt
[2026-06-06T10:28:18.783] [DEBUG] [calypso-direct] [DATA_IN] AWS=2.3kt AWA=338° Batt=100% Temp=0°C
[2026-06-06T10:28:18.784] [DEBUG] [calypso-direct] [DATA_IN] AWS=2.3kt AWA=331° Batt=100% Temp=0°C
[2026-06-06T10:28:19.171] [WARNING] [calypso-direct] [TIMING] Large gap: 387ms (expected ~125ms at 8Hz) AWS=2.3kt
[2026-06-06T10:28:19.171] [DEBUG] [calypso-direct] [DATA_IN] AWS=2.3kt AWA=329° Batt=100% Temp=0°C
[2026-06-06T10:28:19.366] [DEBUG] [calypso-direct] [DATA_IN] AWS=2.1kt AWA=329° Batt=100% Temp=0°C
[2026-06-06T10:28:19.561] [DEBUG] [calypso-direct] [DATA_IN] AWS=1.9kt AWA=329° Batt=100% Temp=0°C
[2026-06-06T10:28:19.758] [DEBUG] [calypso-direct] [DATA_IN] AWS=1.9kt AWA=329° Batt=100% Temp=0°C
[2026-06-06T10:28:20.146] [WARNING] [calypso-direct] [TIMING] Large gap: 388ms (expected ~125ms at 8Hz) AWS=1.7kt
[2026-06-06T10:28:20.146] [DEBUG] [calypso-direct] [DATA_IN] AWS=1.7kt AWA=329° Batt=100% Temp=0°C
[2026-06-06T10:28:20.341] [DEBUG] [calypso-direct] [DATA_IN] AWS=1.7kt AWA=329° Batt=100% Temp=0°C
[2026-06-06T10:28:20.536] [DEBUG] [calypso-direct] [DATA_IN] AWS=1.7kt AWA=329° Batt=100% Temp=0°C
[2026-06-06T10:28:20.731] [DEBUG] [calypso-direct] [DATA_IN] AWS=1.7kt AWA=329° Batt=100% Temp=0°C
[2026-06-06T10:28:21.121] [WARNING] [calypso-direct] [TIMING] Large gap: 390ms (expected ~125ms at 8Hz) AWS=1.7kt
[2026-06-06T10:28:21.121] [DEBUG] [calypso-direct] [DATA_IN] AWS=1.7kt AWA=329° Batt=100% Temp=0°C
[2026-06-06T10:28:21.511] [WARNING] [calypso-direct] [TIMING] Large gap: 390ms (expected ~125ms at 8Hz) AWS=1.7kt
[2026-06-06T10:28:21.511] [DEBUG] [calypso-direct] [DATA_IN] AWS=1.7kt AWA=329° Batt=100% Temp=0°C
[2026-06-06T10:28:21.706] [DEBUG] [calypso-direct] [DATA_IN] AWS=2.1kt AWA=341° Batt=100% Temp=0°C
[2026-06-06T10:28:21.903] [DEBUG] [calypso-direct] [DATA_IN] AWS=2.1kt AWA=341° Batt=100% Temp=0°C
[2026-06-06T10:28:22.097] [DEBUG] [calypso-direct] [DATA_IN] AWS=2.1kt AWA=341° Batt=100% Temp=0°C
[2026-06-06T10:28:22.292] [DEBUG] [calypso-direct] [DATA_IN] AWS=1.6kt AWA=341° Batt=100% Temp=0°C
[2026-06-06T10:28:22.488] [DEBUG] [calypso-direct] [DATA_IN] AWS=1.6kt AWA=341° Batt=100% Temp=0°C
[2026-06-06T10:28:23.071] [WARNING] [calypso-direct] [TIMING] Large gap: 582ms (expected ~125ms at 8Hz) AWS=1.6kt
[2026-06-06T10:28:23.071] [DEBUG] [calypso-direct] [DATA_IN] AWS=1.6kt AWA=341° Batt=100% Temp=0°C
[2026-06-06T10:28:23.266] [DEBUG] [calypso-direct] [DATA_IN] AWS=2.1kt AWA=339° Batt=100% Temp=0°C
[2026-06-06T10:28:23.656] [WARNING] [calypso-direct] [TIMING] Large gap: 390ms (expected ~125ms at 8Hz) AWS=2.1kt
[2026-06-06T10:28:23.656] [DEBUG] [calypso-direct] [DATA_IN] AWS=2.1kt AWA=339° Batt=100% Temp=0°C
[2026-06-06T10:28:23.851] [DEBUG] [calypso-direct] [DATA_IN] AWS=2.5kt AWA=339° Batt=100% Temp=0°C
[2026-06-06T10:28:24.046] [DEBUG] [calypso-direct] [DATA_IN] AWS=2.5kt AWA=345° Batt=100% Temp=0°C
[2026-06-06T10:28:24.436] [WARNING] [calypso-direct] [TIMING] Large gap: 390ms (expected ~125ms at 8Hz) AWS=2.5kt
[2026-06-06T10:28:24.436] [DEBUG] [calypso-direct] [DATA_IN] AWS=2.5kt AWA=345° Batt=100% Temp=0°C
[2026-06-06T10:28:24.631] [DEBUG] [calypso-direct] [DATA_IN] AWS=2.9kt AWA=345° Batt=100% Temp=0°C
[2026-06-06T10:28:24.826] [DEBUG] [calypso-direct] [DATA_IN] AWS=2.9kt AWA=345° Batt=100% Temp=0°C
[2026-06-06T10:28:25.021] [DEBUG] [calypso-direct] [DATA_IN] AWS=2.9kt AWA=345° Batt=100% Temp=0°C
[2026-06-06T10:28:25.411] [WARNING] [calypso-direct] [TIMING] Large gap: 390ms (expected ~125ms at 8Hz) AWS=2.9kt
[2026-06-06T10:28:25.412] [DEBUG] [calypso-direct] [DATA_IN] AWS=2.9kt AWA=340° Batt=100% Temp=0°C
[2026-06-06T10:28:25.606] [DEBUG] [calypso-direct] [DATA_IN] AWS=2.9kt AWA=340° Batt=100% Temp=0°C
[2026-06-06T10:28:25.801] [DEBUG] [calypso-direct] [DATA_IN] AWS=2.9kt AWA=340° Batt=100% Temp=0°C
[2026-06-06T10:28:25.996] [DEBUG] [calypso-direct] [DATA_IN] AWS=2.9kt AWA=340° Batt=100% Temp=0°C
[2026-06-06T10:28:26.386] [WARNING] [calypso-direct] [TIMING] Large gap: 390ms (expected ~125ms at 8Hz) AWS=2.9kt
[2026-06-06T10:28:26.386] [DEBUG] [calypso-direct] [DATA_IN] AWS=2.9kt AWA=340° Batt=100% Temp=0°C
[2026-06-06T10:28:26.581] [DEBUG] [calypso-direct] [DATA_IN] AWS=2.9kt AWA=322° Batt=100% Temp=0°C
[2026-06-06T10:28:26.776] [DEBUG] [calypso-direct] [DATA_IN] AWS=2.9kt AWA=322° Batt=100% Temp=0°C
[2026-06-06T10:28:27.361] [WARNING] [calypso-direct] [TIMING] Large gap: 585ms (expected ~125ms at 8Hz) AWS=3.1kt
[2026-06-06T10:28:27.361] [DEBUG] [calypso-direct] [DATA_IN] AWS=3.1kt AWA=322° Batt=100% Temp=0°C
[2026-06-06T10:28:27.556] [DEBUG] [calypso-direct] [DATA_IN] AWS=2.9kt AWA=322° Batt=100% Temp=0°C
[2026-06-06T10:28:27.557] [DEBUG] [calypso-direct] [DATA_IN] AWS=2.9kt AWA=321° Batt=100% Temp=0°C
[2026-06-06T10:28:27.751] [DEBUG] [calypso-direct] [DATA_IN] AWS=2.9kt AWA=328° Batt=100% Temp=0°C
[2026-06-06T10:28:28.143] [WARNING] [calypso-direct] [TIMING] Large gap: 392ms (expected ~125ms at 8Hz) AWS=3.1kt
[2026-06-06T10:28:28.143] [DEBUG] [calypso-direct] [DATA_IN] AWS=3.1kt AWA=329° Batt=100% Temp=0°C
[2026-06-06T10:28:28.337] [DEBUG] [calypso-direct] [DATA_IN] AWS=3.1kt AWA=329° Batt=100% Temp=0°C
[2026-06-06T10:28:28.924] [WARNING] [calypso-direct] [TIMING] Large gap: 587ms (expected ~125ms at 8Hz) AWS=3.1kt
[2026-06-06T10:28:28.925] [DEBUG] [calypso-direct] [DATA_IN] AWS=3.1kt AWA=329° Batt=100% Temp=0°C
[2026-06-06T10:28:28.928] [DEBUG] [calypso-direct] [DATA_IN] AWS=3.1kt AWA=330° Batt=100% Temp=0°C
[2026-06-06T10:28:29.312] [WARNING] [calypso-direct] [TIMING] Large gap: 384ms (expected ~125ms at 8Hz) AWS=3.1kt
[2026-06-06T10:28:29.314] [DEBUG] [calypso-direct] [DATA_IN] AWS=3.1kt AWA=351° Batt=100% Temp=0°C
[2026-06-06T10:28:29.315] [DEBUG] [calypso-direct] [DATA_IN] AWS=3.1kt AWA=351° Batt=100% Temp=0°C
[2026-06-06T10:28:29.506] [DEBUG] [calypso-direct] [DATA_IN] AWS=2.9kt AWA=351° Batt=100% Temp=0°C
[2026-06-06T10:28:29.896] [WARNING] [calypso-direct] [TIMING] Large gap: 390ms (expected ~125ms at 8Hz) AWS=2.9kt
[2026-06-06T10:28:29.896] [DEBUG] [calypso-direct] [DATA_IN] AWS=2.9kt AWA=351° Batt=100% Temp=0°C
[2026-06-06T10:28:30.287] [WARNING] [calypso-direct] [TIMING] Large gap: 391ms (expected ~125ms at 8Hz) AWS=2.9kt
[2026-06-06T10:28:30.288] [DEBUG] [calypso-direct] [DATA_IN] AWS=2.9kt AWA=351° Batt=100% Temp=0°C
[2026-06-06T10:28:30.289] [DEBUG] [calypso-direct] [DATA_IN] AWS=2.9kt AWA=335° Batt=100% Temp=0°C
[2026-06-06T10:28:30.481] [DEBUG] [calypso-direct] [DATA_IN] AWS=2.9kt AWA=335° Batt=100% Temp=0°C
[2026-06-06T10:28:30.871] [WARNING] [calypso-direct] [TIMING] Large gap: 390ms (expected ~125ms at 8Hz) AWS=3.1kt
[2026-06-06T10:28:30.871] [DEBUG] [calypso-direct] [DATA_IN] AWS=3.1kt AWA=335° Batt=100% Temp=0°C
[2026-06-06T10:28:31.066] [DEBUG] [calypso-direct] [DATA_IN] AWS=3.1kt AWA=334° Batt=100% Temp=0°C
[2026-06-06T10:28:31.261] [DEBUG] [calypso-direct] [DATA_IN] AWS=2.9kt AWA=334° Batt=100% Temp=0°C
[2026-06-06T10:28:31.846] [WARNING] [calypso-direct] [TIMING] Large gap: 585ms (expected ~125ms at 8Hz) AWS=2.9kt
[2026-06-06T10:28:31.846] [DEBUG] [calypso-direct] [DATA_IN] AWS=2.9kt AWA=339° Batt=100% Temp=0°C
[2026-06-06T10:28:31.847] [DEBUG] [calypso-direct] [DATA_IN] AWS=2.9kt AWA=339° Batt=100% Temp=0°C
[2026-06-06T10:28:32.041] [DEBUG] [calypso-direct] [DATA_IN] AWS=2.9kt AWA=339° Batt=100% Temp=0°C
[2026-06-06T10:28:32.235] [DEBUG] [calypso-direct] [DATA_IN] AWS=2.9kt AWA=340° Batt=100% Temp=0°C
[2026-06-06T10:28:32.626] [WARNING] [calypso-direct] [TIMING] Large gap: 390ms (expected ~125ms at 8Hz) AWS=2.7kt
[2026-06-06T10:28:32.626] [DEBUG] [calypso-direct] [DATA_IN] AWS=2.7kt AWA=3° Batt=100% Temp=0°C
[2026-06-06T10:28:33.016] [WARNING] [calypso-direct] [TIMING] Large gap: 390ms (expected ~125ms at 8Hz) AWS=2.7kt
[2026-06-06T10:28:33.016] [DEBUG] [calypso-direct] [DATA_IN] AWS=2.7kt AWA=3° Batt=100% Temp=0°C
[2026-06-06T10:28:33.017] [DEBUG] [calypso-direct] [DATA_IN] AWS=2.5kt AWA=337° Batt=100% Temp=0°C
[2026-06-06T10:28:33.407] [WARNING] [calypso-direct] [TIMING] Large gap: 390ms (expected ~125ms at 8Hz) AWS=2.5kt
[2026-06-06T10:28:33.408] [DEBUG] [calypso-direct] [DATA_IN] AWS=2.5kt AWA=337° Batt=100% Temp=0°C
[2026-06-06T10:28:33.601] [DEBUG] [calypso-direct] [DATA_IN] AWS=2.5kt AWA=337° Batt=100% Temp=0°C
[2026-06-06T10:28:33.796] [DEBUG] [calypso-direct] [DATA_IN] AWS=2.3kt AWA=337° Batt=100% Temp=0°C
[2026-06-06T10:28:33.991] [DEBUG] [calypso-direct] [DATA_IN] AWS=2.3kt AWA=346° Batt=100% Temp=0°C
[2026-06-06T10:28:34.771] [WARNING] [calypso-direct] [TIMING] Large gap: 780ms (expected ~125ms at 8Hz) AWS=2.3kt
[2026-06-06T10:28:34.771] [DEBUG] [calypso-direct] [DATA_IN] AWS=2.3kt AWA=346° Batt=100% Temp=0°C
[2026-06-06T10:28:34.773] [DEBUG] [calypso-direct] [DATA_IN] AWS=2.3kt AWA=346° Batt=100% Temp=0°C
[2026-06-06T10:28:34.776] [DEBUG] [calypso-direct] [DATA_IN] AWS=2.3kt AWA=346° Batt=100% Temp=0°C
[2026-06-06T10:28:35.160] [WARNING] [calypso-direct] [TIMING] Large gap: 385ms (expected ~125ms at 8Hz) AWS=2.7kt
[2026-06-06T10:28:35.161] [DEBUG] [calypso-direct] [DATA_IN] AWS=2.7kt AWA=346° Batt=100% Temp=0°C
[2026-06-06T10:28:35.355] [DEBUG] [calypso-direct] [DATA_IN] AWS=3.1kt AWA=341° Batt=100% Temp=0°C
[2026-06-06T10:28:36.136] [WARNING] [calypso-direct] [TIMING] Large gap: 781ms (expected ~125ms at 8Hz) AWS=3.1kt
[2026-06-06T10:28:36.137] [DEBUG] [calypso-direct] [DATA_IN] AWS=3.1kt AWA=341° Batt=100% Temp=0°C
[2026-06-06T10:28:36.137] [DEBUG] [calypso-direct] [DATA_IN] AWS=3.1kt AWA=341° Batt=100% Temp=0°C
[2026-06-06T10:28:36.138] [DEBUG] [calypso-direct] [DATA_IN] AWS=3.1kt AWA=342° Batt=100% Temp=0°C
[2026-06-06T10:28:36.331] [DEBUG] [calypso-direct] [DATA_IN] AWS=3.1kt AWA=342° Batt=100% Temp=0°C
[2026-06-06T10:28:36.331] [INFO] [calypso-direct] [HEARTBEAT] packets=1197 last_data=0s ago l1_fails=0
[2026-06-06T10:28:36.526] [DEBUG] [calypso-direct] [DATA_IN] AWS=3.5kt AWA=350° Batt=100% Temp=0°C
[2026-06-06T10:28:36.915] [WARNING] [calypso-direct] [TIMING] Large gap: 390ms (expected ~125ms at 8Hz) AWS=4.1kt
[2026-06-06T10:28:36.916] [DEBUG] [calypso-direct] [DATA_IN] AWS=4.1kt AWA=350° Batt=100% Temp=0°C
[2026-06-06T10:28:37.111] [DEBUG] [calypso-direct] [DATA_IN] AWS=4.1kt AWA=350° Batt=100% Temp=0°C
[2026-06-06T10:28:37.500] [WARNING] [calypso-direct] [TIMING] Large gap: 390ms (expected ~125ms at 8Hz) AWS=4.1kt
[2026-06-06T10:28:37.502] [DEBUG] [calypso-direct] [DATA_IN] AWS=4.1kt AWA=350° Batt=100% Temp=0°C
[2026-06-06T10:28:37.503] [DEBUG] [calypso-direct] [DATA_IN] AWS=4.1kt AWA=350° Batt=100% Temp=0°C
[2026-06-06T10:28:37.891] [WARNING] [calypso-direct] [TIMING] Large gap: 387ms (expected ~125ms at 8Hz) AWS=3.5kt
[2026-06-06T10:28:37.891] [DEBUG] [calypso-direct] [DATA_IN] AWS=3.5kt AWA=347° Batt=100% Temp=0°C
[2026-06-06T10:28:38.086] [DEBUG] [calypso-direct] [DATA_IN] AWS=3.5kt AWA=347° Batt=100% Temp=0°C
[2026-06-06T10:28:38.280] [DEBUG] [calypso-direct] [DATA_IN] AWS=3.5kt AWA=348° Batt=100% Temp=0°C
[2026-06-06T10:28:39.061] [WARNING] [calypso-direct] [TIMING] Large gap: 780ms (expected ~125ms at 8Hz) AWS=3.5kt
[2026-06-06T10:28:39.062] [DEBUG] [calypso-direct] [DATA_IN] AWS=3.5kt AWA=348° Batt=100% Temp=0°C
[2026-06-06T10:28:39.063] [DEBUG] [calypso-direct] [DATA_IN] AWS=3.5kt AWA=348° Batt=100% Temp=0°C
[2026-06-06T10:28:39.064] [DEBUG] [calypso-direct] [DATA_IN] AWS=3.5kt AWA=3° Batt=100% Temp=0°C
[2026-06-06T10:28:39.255] [DEBUG] [calypso-direct] [DATA_IN] AWS=3.5kt AWA=3° Batt=100% Temp=0°C
[2026-06-06T10:28:39.647] [WARNING] [calypso-direct] [TIMING] Large gap: 392ms (expected ~125ms at 8Hz) AWS=3.5kt
[2026-06-06T10:28:39.648] [DEBUG] [calypso-direct] [DATA_IN] AWS=3.5kt AWA=3° Batt=100% Temp=0°C
[2026-06-06T10:28:40.426] [WARNING] [calypso-direct] [TIMING] Large gap: 778ms (expected ~125ms at 8Hz) AWS=2.9kt
[2026-06-06T10:28:40.427] [DEBUG] [calypso-direct] [DATA_IN] AWS=2.9kt AWA=3° Batt=100% Temp=0°C
[2026-06-06T10:28:40.427] [DEBUG] [calypso-direct] [DATA_IN] AWS=2.9kt AWA=3° Batt=100% Temp=0°C
[2026-06-06T10:28:40.431] [DEBUG] [calypso-direct] [DATA_IN] AWS=2.9kt AWA=355° Batt=100% Temp=0°C
[2026-06-06T10:28:40.621] [DEBUG] [calypso-direct] [DATA_IN] AWS=2.7kt AWA=355° Batt=100% Temp=0°C
[2026-06-06T10:28:40.817] [DEBUG] [calypso-direct] [DATA_IN] AWS=2.7kt AWA=355° Batt=100% Temp=0°C
[2026-06-06T10:28:41.011] [DEBUG] [calypso-direct] [DATA_IN] AWS=2.7kt AWA=355° Batt=100% Temp=0°C
[2026-06-06T10:28:41.400] [WARNING] [calypso-direct] [TIMING] Large gap: 390ms (expected ~125ms at 8Hz) AWS=2.7kt
[2026-06-06T10:28:41.401] [DEBUG] [calypso-direct] [DATA_IN] AWS=2.7kt AWA=355° Batt=100% Temp=0°C
[2026-06-06T10:28:41.986] [WARNING] [calypso-direct] [TIMING] Large gap: 586ms (expected ~125ms at 8Hz) AWS=2.7kt
[2026-06-06T10:28:41.987] [DEBUG] [calypso-direct] [DATA_IN] AWS=2.7kt AWA=354° Batt=100% Temp=0°C
[2026-06-06T10:28:41.988] [DEBUG] [calypso-direct] [DATA_IN] AWS=2.7kt AWA=354° Batt=100% Temp=0°C
[2026-06-06T10:28:41.989] [DEBUG] [calypso-direct] [DATA_IN] AWS=2.7kt AWA=354° Batt=100% Temp=0°C
[2026-06-06T10:28:42.375] [WARNING] [calypso-direct] [TIMING] Large gap: 386ms (expected ~125ms at 8Hz) AWS=2.9kt
[2026-06-06T10:28:42.376] [DEBUG] [calypso-direct] [DATA_IN] AWS=2.9kt AWA=354° Batt=100% Temp=0°C
[2026-06-06T10:28:42.571] [DEBUG] [calypso-direct] [DATA_IN] AWS=2.9kt AWA=354° Batt=100% Temp=0°C
[2026-06-06T10:28:42.765] [DEBUG] [calypso-direct] [DATA_IN] AWS=2.5kt AWA=4° Batt=100% Temp=0°C
[2026-06-06T10:28:43.156] [WARNING] [calypso-direct] [TIMING] Large gap: 391ms (expected ~125ms at 8Hz) AWS=2.5kt
[2026-06-06T10:28:43.157] [DEBUG] [calypso-direct] [DATA_IN] AWS=2.5kt AWA=4° Batt=100% Temp=0°C
[2026-06-06T10:28:43.350] [DEBUG] [calypso-direct] [DATA_IN] AWS=2.9kt AWA=4° Batt=100% Temp=0°C
[2026-06-06T10:28:43.740] [WARNING] [calypso-direct] [TIMING] Large gap: 390ms (expected ~125ms at 8Hz) AWS=3.1kt
[2026-06-06T10:28:43.741] [DEBUG] [calypso-direct] [DATA_IN] AWS=3.1kt AWA=4° Batt=100% Temp=0°C
[2026-06-06T10:28:43.742] [DEBUG] [calypso-direct] [DATA_IN] AWS=3.1kt AWA=4° Batt=100% Temp=0°C
[2026-06-06T10:28:44.130] [WARNING] [calypso-direct] [TIMING] Large gap: 389ms (expected ~125ms at 8Hz) AWS=3.1kt
[2026-06-06T10:28:44.131] [DEBUG] [calypso-direct] [DATA_IN] AWS=3.1kt AWA=3° Batt=100% Temp=0°C
[2026-06-06T10:28:44.325] [DEBUG] [calypso-direct] [DATA_IN] AWS=3.1kt AWA=3° Batt=100% Temp=0°C
[2026-06-06T10:28:44.715] [WARNING] [calypso-direct] [TIMING] Large gap: 390ms (expected ~125ms at 8Hz) AWS=3.1kt
[2026-06-06T10:28:44.716] [DEBUG] [calypso-direct] [DATA_IN] AWS=3.1kt AWA=3° Batt=100% Temp=0°C
[2026-06-06T10:28:44.916] [DEBUG] [calypso-direct] [DATA_IN] AWS=2.9kt AWA=3° Batt=100% Temp=0°C
[2026-06-06T10:28:45.106] [DEBUG] [calypso-direct] [DATA_IN] AWS=3.1kt AWA=3° Batt=100% Temp=0°C
[2026-06-06T10:28:45.300] [DEBUG] [calypso-direct] [DATA_IN] AWS=3.1kt AWA=352° Batt=100% Temp=0°C
[2026-06-06T10:28:45.495] [DEBUG] [calypso-direct] [DATA_IN] AWS=3.1kt AWA=353° Batt=100% Temp=0°C
[2026-06-06T10:28:46.275] [WARNING] [calypso-direct] [TIMING] Large gap: 780ms (expected ~125ms at 8Hz) AWS=3.3kt
[2026-06-06T10:28:46.276] [DEBUG] [calypso-direct] [DATA_IN] AWS=3.3kt AWA=353° Batt=100% Temp=0°C
[2026-06-06T10:28:46.277] [DEBUG] [calypso-direct] [DATA_IN] AWS=3.3kt AWA=353° Batt=100% Temp=0°C
[2026-06-06T10:28:46.279] [DEBUG] [calypso-direct] [DATA_IN] AWS=3.3kt AWA=353° Batt=100% Temp=0°C
[2026-06-06T10:28:46.666] [WARNING] [calypso-direct] [TIMING] Large gap: 387ms (expected ~125ms at 8Hz) AWS=3.3kt
[2026-06-06T10:28:46.666] [INFO] [calypso-direct] [RATE_1MIN] 238 pkts/min (expected 480 at 8Hz) max_gap=781ms gaps_>250ms=83
[2026-06-06T10:28:46.666] [DEBUG] [calypso-direct] [DATA_IN] AWS=3.3kt AWA=344° Batt=100% Temp=0°C
[2026-06-06T10:28:46.861] [DEBUG] [calypso-direct] [DATA_IN] AWS=3.3kt AWA=344° Batt=100% Temp=0°C
[2026-06-06T10:28:47.055] [DEBUG] [calypso-direct] [DATA_IN] AWS=3.3kt AWA=344° Batt=100% Temp=0°C
[2026-06-06T10:28:47.641] [WARNING] [calypso-direct] [TIMING] Large gap: 585ms (expected ~125ms at 8Hz) AWS=3.1kt
[2026-06-06T10:28:47.641] [DEBUG] [calypso-direct] [DATA_IN] AWS=3.1kt AWA=344° Batt=100% Temp=0°C
[2026-06-06T10:28:47.642] [DEBUG] [calypso-direct] [DATA_IN] AWS=2.9kt AWA=344° Batt=100% Temp=0°C
[2026-06-06T10:28:47.836] [DEBUG] [calypso-direct] [DATA_IN] AWS=2.3kt AWA=352° Batt=100% Temp=0°C
[2026-06-06T10:28:48.031] [DEBUG] [calypso-direct] [DATA_IN] AWS=2.3kt AWA=352° Batt=100% Temp=0°C
[2026-06-06T10:28:48.421] [WARNING] [calypso-direct] [TIMING] Large gap: 389ms (expected ~125ms at 8Hz) AWS=2.3kt
[2026-06-06T10:28:48.421] [DEBUG] [calypso-direct] [DATA_IN] AWS=2.3kt AWA=352° Batt=100% Temp=0°C
[2026-06-06T10:28:48.616] [DEBUG] [calypso-direct] [DATA_IN] AWS=2.7kt AWA=352° Batt=100% Temp=0°C
[2026-06-06T10:28:49.005] [WARNING] [calypso-direct] [TIMING] Large gap: 390ms (expected ~125ms at 8Hz) AWS=2.7kt
[2026-06-06T10:28:49.007] [DEBUG] [calypso-direct] [DATA_IN] AWS=2.7kt AWA=352° Batt=100% Temp=0°C
[2026-06-06T10:28:49.008] [DEBUG] [calypso-direct] [DATA_IN] AWS=2.7kt AWA=355° Batt=100% Temp=0°C
[2026-06-06T10:28:49.395] [WARNING] [calypso-direct] [TIMING] Large gap: 387ms (expected ~125ms at 8Hz) AWS=2.7kt
[2026-06-06T10:28:49.397] [DEBUG] [calypso-direct] [DATA_IN] AWS=2.7kt AWA=355° Batt=100% Temp=0°C
[2026-06-06T10:28:49.590] [DEBUG] [calypso-direct] [DATA_IN] AWS=2.7kt AWA=355° Batt=100% Temp=0°C
[2026-06-06T10:28:49.786] [DEBUG] [calypso-direct] [DATA_IN] AWS=2.7kt AWA=355° Batt=100% Temp=0°C
[2026-06-06T10:28:49.981] [DEBUG] [calypso-direct] [DATA_IN] AWS=2.7kt AWA=355° Batt=100% Temp=0°C
[2026-06-06T10:28:50.371] [WARNING] [calypso-direct] [TIMING] Large gap: 390ms (expected ~125ms at 8Hz) AWS=2.7kt
[2026-06-06T10:28:50.372] [DEBUG] [calypso-direct] [DATA_IN] AWS=2.7kt AWA=348° Batt=100% Temp=0°C
[2026-06-06T10:28:50.567] [DEBUG] [calypso-direct] [DATA_IN] AWS=2.7kt AWA=348° Batt=100% Temp=0°C
[2026-06-06T10:28:50.762] [DEBUG] [calypso-direct] [DATA_IN] AWS=2.9kt AWA=348° Batt=100% Temp=0°C
[2026-06-06T10:28:51.152] [WARNING] [calypso-direct] [TIMING] Large gap: 391ms (expected ~125ms at 8Hz) AWS=2.7kt
[2026-06-06T10:28:51.153] [DEBUG] [calypso-direct] [DATA_IN] AWS=2.7kt AWA=348° Batt=100% Temp=0°C
[2026-06-06T10:28:51.346] [DEBUG] [calypso-direct] [DATA_IN] AWS=2.9kt AWA=347° Batt=100% Temp=0°C
[2026-06-06T10:28:51.542] [DEBUG] [calypso-direct] [DATA_IN] AWS=2.9kt AWA=329° Batt=100% Temp=0°C
[2026-06-06T10:28:51.932] [WARNING] [calypso-direct] [TIMING] Large gap: 390ms (expected ~125ms at 8Hz) AWS=3.3kt
[2026-06-06T10:28:51.932] [DEBUG] [calypso-direct] [DATA_IN] AWS=3.3kt AWA=328° Batt=100% Temp=0°C
[2026-06-06T10:28:52.127] [DEBUG] [calypso-direct] [DATA_IN] AWS=3.3kt AWA=328° Batt=100% Temp=0°C
[2026-06-06T10:28:52.324] [DEBUG] [calypso-direct] [DATA_IN] AWS=3.3kt AWA=327° Batt=100% Temp=0°C
[2026-06-06T10:28:52.515] [DEBUG] [calypso-direct] [DATA_IN] AWS=3.7kt AWA=326° Batt=100% Temp=0°C
[2026-06-06T10:28:52.906] [WARNING] [calypso-direct] [TIMING] Large gap: 391ms (expected ~125ms at 8Hz) AWS=3.7kt
[2026-06-06T10:28:52.906] [DEBUG] [calypso-direct] [DATA_IN] AWS=3.7kt AWA=325° Batt=100% Temp=0°C
[2026-06-06T10:28:53.296] [WARNING] [calypso-direct] [TIMING] Large gap: 390ms (expected ~125ms at 8Hz) AWS=3.7kt
[2026-06-06T10:28:53.296] [DEBUG] [calypso-direct] [DATA_IN] AWS=3.7kt AWA=325° Batt=100% Temp=0°C
[2026-06-06T10:28:53.297] [DEBUG] [calypso-direct] [DATA_IN] AWS=3.7kt AWA=325° Batt=100% Temp=0°C
[2026-06-06T10:28:53.490] [DEBUG] [calypso-direct] [DATA_IN] AWS=3.9kt AWA=325° Batt=100% Temp=0°C
[2026-06-06T10:28:53.881] [WARNING] [calypso-direct] [TIMING] Large gap: 390ms (expected ~125ms at 8Hz) AWS=4.1kt
[2026-06-06T10:28:53.881] [DEBUG] [calypso-direct] [DATA_IN] AWS=4.1kt AWA=325° Batt=100% Temp=0°C
[2026-06-06T10:28:54.075] [DEBUG] [calypso-direct] [DATA_IN] AWS=4.7kt AWA=322° Batt=100% Temp=0°C
[2026-06-06T10:28:54.270] [DEBUG] [calypso-direct] [DATA_IN] AWS=4.7kt AWA=321° Batt=100% Temp=0°C
[2026-06-06T10:28:54.855] [WARNING] [calypso-direct] [TIMING] Large gap: 585ms (expected ~125ms at 8Hz) AWS=4.7kt
[2026-06-06T10:28:54.856] [DEBUG] [calypso-direct] [DATA_IN] AWS=4.7kt AWA=322° Batt=100% Temp=0°C
[2026-06-06T10:28:55.050] [DEBUG] [calypso-direct] [DATA_IN] AWS=4.7kt AWA=321° Batt=100% Temp=0°C
[2026-06-06T10:28:55.051] [DEBUG] [calypso-direct] [DATA_IN] AWS=4.3kt AWA=321° Batt=100% Temp=0°C
[2026-06-06T10:28:55.245] [DEBUG] [calypso-direct] [DATA_IN] AWS=4.3kt AWA=323° Batt=100% Temp=0°C
[2026-06-06T10:28:55.635] [WARNING] [calypso-direct] [TIMING] Large gap: 390ms (expected ~125ms at 8Hz) AWS=4.3kt
[2026-06-06T10:28:55.637] [DEBUG] [calypso-direct] [DATA_IN] AWS=4.3kt AWA=324° Batt=100% Temp=0°C
[2026-06-06T10:28:55.831] [DEBUG] [calypso-direct] [DATA_IN] AWS=4.3kt AWA=324° Batt=100% Temp=0°C
[2026-06-06T10:28:56.221] [WARNING] [calypso-direct] [TIMING] Large gap: 390ms (expected ~125ms at 8Hz) AWS=4.3kt
[2026-06-06T10:28:56.221] [DEBUG] [calypso-direct] [DATA_IN] AWS=4.3kt AWA=324° Batt=100% Temp=0°C
[2026-06-06T10:28:56.416] [DEBUG] [calypso-direct] [DATA_IN] AWS=4.3kt AWA=325° Batt=100% Temp=0°C
[2026-06-06T10:28:56.611] [DEBUG] [calypso-direct] [DATA_IN] AWS=4.3kt AWA=325° Batt=100% Temp=0°C
[2026-06-06T10:28:56.806] [DEBUG] [calypso-direct] [DATA_IN] AWS=4.5kt AWA=325° Batt=100% Temp=0°C
[2026-06-06T10:28:57.000] [DEBUG] [calypso-direct] [DATA_IN] AWS=4.7kt AWA=324° Batt=100% Temp=0°C
[2026-06-06T10:28:57.587] [WARNING] [calypso-direct] [TIMING] Large gap: 587ms (expected ~125ms at 8Hz) AWS=5.2kt
[2026-06-06T10:28:57.588] [DEBUG] [calypso-direct] [DATA_IN] AWS=5.2kt AWA=323° Batt=100% Temp=0°C
[2026-06-06T10:28:57.591] [DEBUG] [calypso-direct] [DATA_IN] AWS=5.6kt AWA=323° Batt=100% Temp=0°C
[2026-06-06T10:28:57.780] [DEBUG] [calypso-direct] [DATA_IN] AWS=5.6kt AWA=323° Batt=100% Temp=0°C
[2026-06-06T10:28:58.170] [WARNING] [calypso-direct] [TIMING] Large gap: 390ms (expected ~125ms at 8Hz) AWS=5.6kt
[2026-06-06T10:28:58.171] [DEBUG] [calypso-direct] [DATA_IN] AWS=5.6kt AWA=323° Batt=100% Temp=0°C
[2026-06-06T10:28:58.366] [DEBUG] [calypso-direct] [DATA_IN] AWS=5.4kt AWA=323° Batt=100% Temp=0°C
[2026-06-06T10:28:58.563] [DEBUG] [calypso-direct] [DATA_IN] AWS=5.4kt AWA=322° Batt=100% Temp=0°C
[2026-06-06T10:28:59.145] [WARNING] [calypso-direct] [TIMING] Large gap: 583ms (expected ~125ms at 8Hz) AWS=5.2kt
[2026-06-06T10:28:59.146] [DEBUG] [calypso-direct] [DATA_IN] AWS=5.2kt AWA=322° Batt=100% Temp=0°C
[2026-06-06T10:28:59.147] [DEBUG] [calypso-direct] [DATA_IN] AWS=5.2kt AWA=322° Batt=100% Temp=0°C
[2026-06-06T10:28:59.340] [DEBUG] [calypso-direct] [DATA_IN] AWS=5.2kt AWA=323° Batt=100% Temp=0°C
[2026-06-06T10:28:59.535] [DEBUG] [calypso-direct] [DATA_IN] AWS=5.2kt AWA=323° Batt=100% Temp=0°C
[2026-06-06T10:28:59.730] [DEBUG] [calypso-direct] [DATA_IN] AWS=5.2kt AWA=323° Batt=100% Temp=0°C
[2026-06-06T10:29:00.120] [WARNING] [calypso-direct] [TIMING] Large gap: 390ms (expected ~125ms at 8Hz) AWS=5.6kt
[2026-06-06T10:29:00.121] [DEBUG] [calypso-direct] [DATA_IN] AWS=5.6kt AWA=323° Batt=100% Temp=0°C
[2026-06-06T10:29:00.510] [WARNING] [calypso-direct] [TIMING] Large gap: 390ms (expected ~125ms at 8Hz) AWS=6.0kt
[2026-06-06T10:29:00.511] [DEBUG] [calypso-direct] [DATA_IN] AWS=6.0kt AWA=323° Batt=100% Temp=0°C
[2026-06-06T10:29:00.705] [DEBUG] [calypso-direct] [DATA_IN] AWS=6.4kt AWA=323° Batt=100% Temp=0°C
[2026-06-06T10:29:00.900] [DEBUG] [calypso-direct] [DATA_IN] AWS=6.4kt AWA=322° Batt=100% Temp=0°C
[2026-06-06T10:29:01.096] [DEBUG] [calypso-direct] [DATA_IN] AWS=6.4kt AWA=322° Batt=100% Temp=0°C
[2026-06-06T10:29:01.485] [WARNING] [calypso-direct] [TIMING] Large gap: 389ms (expected ~125ms at 8Hz) AWS=6.2kt
[2026-06-06T10:29:01.487] [DEBUG] [calypso-direct] [DATA_IN] AWS=6.2kt AWA=322° Batt=100% Temp=0°C
[2026-06-06T10:29:01.488] [DEBUG] [calypso-direct] [DATA_IN] AWS=6.2kt AWA=316° Batt=100% Temp=0°C
[2026-06-06T10:29:02.071] [WARNING] [calypso-direct] [TIMING] Large gap: 583ms (expected ~125ms at 8Hz) AWS=6.0kt
[2026-06-06T10:29:02.071] [DEBUG] [calypso-direct] [DATA_IN] AWS=6.0kt AWA=315° Batt=100% Temp=0°C
[2026-06-06T10:29:02.072] [DEBUG] [calypso-direct] [DATA_IN] AWS=6.0kt AWA=315° Batt=100% Temp=0°C
[2026-06-06T10:29:02.265] [DEBUG] [calypso-direct] [DATA_IN] AWS=6.0kt AWA=315° Batt=100% Temp=0°C
[2026-06-06T10:29:02.657] [WARNING] [calypso-direct] [TIMING] Large gap: 392ms (expected ~125ms at 8Hz) AWS=6.0kt
[2026-06-06T10:29:02.658] [DEBUG] [calypso-direct] [DATA_IN] AWS=6.0kt AWA=315° Batt=100% Temp=0°C
[2026-06-06T10:29:02.851] [DEBUG] [calypso-direct] [DATA_IN] AWS=5.8kt AWA=319° Batt=100% Temp=0°C
[2026-06-06T10:29:03.046] [DEBUG] [calypso-direct] [DATA_IN] AWS=5.6kt AWA=319° Batt=100% Temp=0°C
[2026-06-06T10:29:03.436] [WARNING] [calypso-direct] [TIMING] Large gap: 390ms (expected ~125ms at 8Hz) AWS=5.6kt
[2026-06-06T10:29:03.436] [DEBUG] [calypso-direct] [DATA_IN] AWS=5.6kt AWA=319° Batt=100% Temp=0°C
[2026-06-06T10:29:03.630] [DEBUG] [calypso-direct] [DATA_IN] AWS=5.6kt AWA=320° Batt=100% Temp=0°C
[2026-06-06T10:29:03.827] [DEBUG] [calypso-direct] [DATA_IN] AWS=5.8kt AWA=320° Batt=100% Temp=0°C
[2026-06-06T10:29:04.020] [DEBUG] [calypso-direct] [DATA_IN] AWS=5.8kt AWA=320° Batt=100% Temp=0°C
[2026-06-06T10:29:04.411] [WARNING] [calypso-direct] [TIMING] Large gap: 390ms (expected ~125ms at 8Hz) AWS=6.0kt
[2026-06-06T10:29:04.411] [DEBUG] [calypso-direct] [DATA_IN] AWS=6.0kt AWA=320° Batt=100% Temp=0°C
[2026-06-06T10:29:04.803] [WARNING] [calypso-direct] [TIMING] Large gap: 392ms (expected ~125ms at 8Hz) AWS=6.0kt
[2026-06-06T10:29:04.803] [DEBUG] [calypso-direct] [DATA_IN] AWS=6.0kt AWA=320° Batt=100% Temp=0°C
[2026-06-06T10:29:04.804] [DEBUG] [calypso-direct] [DATA_IN] AWS=6.0kt AWA=318° Batt=100% Temp=0°C
[2026-06-06T10:29:04.995] [DEBUG] [calypso-direct] [DATA_IN] AWS=5.6kt AWA=318° Batt=100% Temp=0°C
[2026-06-06T10:29:05.385] [WARNING] [calypso-direct] [TIMING] Large gap: 390ms (expected ~125ms at 8Hz) AWS=5.6kt
[2026-06-06T10:29:05.386] [DEBUG] [calypso-direct] [DATA_IN] AWS=5.6kt AWA=319° Batt=100% Temp=0°C
[2026-06-06T10:29:05.581] [DEBUG] [calypso-direct] [DATA_IN] AWS=5.6kt AWA=318° Batt=100% Temp=0°C
[2026-06-06T10:29:05.776] [DEBUG] [calypso-direct] [DATA_IN] AWS=5.6kt AWA=318° Batt=100% Temp=0°C
[2026-06-06T10:29:06.360] [WARNING] [calypso-direct] [TIMING] Large gap: 584ms (expected ~125ms at 8Hz) AWS=5.6kt
[2026-06-06T10:29:06.361] [DEBUG] [calypso-direct] [DATA_IN] AWS=5.6kt AWA=318° Batt=100% Temp=0°C
[2026-06-06T10:29:06.555] [DEBUG] [calypso-direct] [DATA_IN] AWS=6.0kt AWA=318° Batt=100% Temp=0°C
[2026-06-06T10:29:06.557] [DEBUG] [calypso-direct] [DATA_IN] AWS=6.0kt AWA=311° Batt=100% Temp=0°C
[2026-06-06T10:29:06.750] [DEBUG] [calypso-direct] [DATA_IN] AWS=6.0kt AWA=312° Batt=100% Temp=0°C
[2026-06-06T10:29:07.140] [WARNING] [calypso-direct] [TIMING] Large gap: 390ms (expected ~125ms at 8Hz) AWS=6.0kt
[2026-06-06T10:29:07.141] [DEBUG] [calypso-direct] [DATA_IN] AWS=6.0kt AWA=313° Batt=100% Temp=0°C
[2026-06-06T10:29:07.922] [WARNING] [calypso-direct] [TIMING] Large gap: 782ms (expected ~125ms at 8Hz) AWS=5.6kt
[2026-06-06T10:29:07.923] [DEBUG] [calypso-direct] [DATA_IN] AWS=5.6kt AWA=313° Batt=100% Temp=0°C
[2026-06-06T10:29:07.925] [DEBUG] [calypso-direct] [DATA_IN] AWS=5.4kt AWA=313° Batt=100% Temp=0°C
[2026-06-06T10:29:07.929] [DEBUG] [calypso-direct] [DATA_IN] AWS=5.4kt AWA=316° Batt=100% Temp=0°C
[2026-06-06T10:29:08.311] [WARNING] [calypso-direct] [TIMING] Large gap: 382ms (expected ~125ms at 8Hz) AWS=5.4kt
[2026-06-06T10:29:08.312] [DEBUG] [calypso-direct] [DATA_IN] AWS=5.4kt AWA=316° Batt=100% Temp=0°C
[2026-06-06T10:29:08.313] [DEBUG] [calypso-direct] [DATA_IN] AWS=5.8kt AWA=316° Batt=100% Temp=0°C
[2026-06-06T10:29:08.505] [DEBUG] [calypso-direct] [DATA_IN] AWS=5.8kt AWA=317° Batt=100% Temp=0°C
[2026-06-06T10:29:09.675] [WARNING] [calypso-direct] [TIMING] Large gap: 1170ms (expected ~125ms at 8Hz) AWS=5.8kt
[2026-06-06T10:29:09.676] [DEBUG] [calypso-direct] [DATA_IN] AWS=5.8kt AWA=316° Batt=100% Temp=0°C
[2026-06-06T10:29:09.678] [DEBUG] [calypso-direct] [DATA_IN] AWS=5.8kt AWA=317° Batt=100% Temp=0°C
[2026-06-06T10:29:09.680] [DEBUG] [calypso-direct] [DATA_IN] AWS=5.8kt AWA=319° Batt=100% Temp=0°C
[2026-06-06T10:29:09.682] [DEBUG] [calypso-direct] [DATA_IN] AWS=5.2kt AWA=319° Batt=100% Temp=0°C
[2026-06-06T10:29:09.870] [DEBUG] [calypso-direct] [DATA_IN] AWS=4.9kt AWA=319° Batt=100% Temp=0°C
[2026-06-06T10:29:10.066] [DEBUG] [calypso-direct] [DATA_IN] AWS=4.9kt AWA=319° Batt=100% Temp=0°C
[2026-06-06T10:29:10.260] [DEBUG] [calypso-direct] [DATA_IN] AWS=4.9kt AWA=318° Batt=100% Temp=0°C
[2026-06-06T10:29:10.650] [WARNING] [calypso-direct] [TIMING] Large gap: 390ms (expected ~125ms at 8Hz) AWS=5.2kt
[2026-06-06T10:29:10.650] [DEBUG] [calypso-direct] [DATA_IN] AWS=5.2kt AWA=317° Batt=100% Temp=0°C
[2026-06-06T10:29:10.845] [DEBUG] [calypso-direct] [DATA_IN] AWS=5.6kt AWA=316° Batt=100% Temp=0°C
[2026-06-06T10:29:11.040] [DEBUG] [calypso-direct] [DATA_IN] AWS=6.0kt AWA=316° Batt=100% Temp=0°C
[2026-06-06T10:29:11.235] [DEBUG] [calypso-direct] [DATA_IN] AWS=6.0kt AWA=315° Batt=100% Temp=0°C
[2026-06-06T10:29:11.625] [WARNING] [calypso-direct] [TIMING] Large gap: 390ms (expected ~125ms at 8Hz) AWS=6.0kt
[2026-06-06T10:29:11.626] [DEBUG] [calypso-direct] [DATA_IN] AWS=6.0kt AWA=314° Batt=100% Temp=0°C
[2026-06-06T10:29:12.015] [WARNING] [calypso-direct] [TIMING] Large gap: 390ms (expected ~125ms at 8Hz) AWS=5.8kt
[2026-06-06T10:29:12.017] [DEBUG] [calypso-direct] [DATA_IN] AWS=5.8kt AWA=314° Batt=100% Temp=0°C
[2026-06-06T10:29:12.018] [DEBUG] [calypso-direct] [DATA_IN] AWS=5.8kt AWA=314° Batt=100% Temp=0°C
[2026-06-06T10:29:12.405] [WARNING] [calypso-direct] [TIMING] Large gap: 387ms (expected ~125ms at 8Hz) AWS=5.8kt
[2026-06-06T10:29:12.405] [DEBUG] [calypso-direct] [DATA_IN] AWS=5.8kt AWA=314° Batt=100% Temp=0°C
[2026-06-06T10:29:12.600] [DEBUG] [calypso-direct] [DATA_IN] AWS=5.8kt AWA=314° Batt=100% Temp=0°C
[2026-06-06T10:29:12.795] [DEBUG] [calypso-direct] [DATA_IN] AWS=5.8kt AWA=313° Batt=100% Temp=0°C
[2026-06-06T10:29:12.990] [DEBUG] [calypso-direct] [DATA_IN] AWS=5.8kt AWA=313° Batt=100% Temp=0°C
[2026-06-06T10:29:13.575] [WARNING] [calypso-direct] [TIMING] Large gap: 585ms (expected ~125ms at 8Hz) AWS=5.8kt
[2026-06-06T10:29:13.576] [DEBUG] [calypso-direct] [DATA_IN] AWS=5.8kt AWA=313° Batt=100% Temp=0°C
[2026-06-06T10:29:13.576] [DEBUG] [calypso-direct] [DATA_IN] AWS=5.8kt AWA=314° Batt=100% Temp=0°C
[2026-06-06T10:29:13.770] [DEBUG] [calypso-direct] [DATA_IN] AWS=5.8kt AWA=313° Batt=100% Temp=0°C
[2026-06-06T10:29:14.160] [WARNING] [calypso-direct] [TIMING] Large gap: 390ms (expected ~125ms at 8Hz) AWS=5.8kt
[2026-06-06T10:29:14.160] [DEBUG] [calypso-direct] [DATA_IN] AWS=5.8kt AWA=313° Batt=100% Temp=0°C
[2026-06-06T10:29:14.550] [WARNING] [calypso-direct] [TIMING] Large gap: 390ms (expected ~125ms at 8Hz) AWS=6.0kt
[2026-06-06T10:29:14.550] [DEBUG] [calypso-direct] [DATA_IN] AWS=6.0kt AWA=313° Batt=100% Temp=0°C
[2026-06-06T10:29:14.940] [WARNING] [calypso-direct] [TIMING] Large gap: 390ms (expected ~125ms at 8Hz) AWS=6.0kt
[2026-06-06T10:29:14.940] [DEBUG] [calypso-direct] [DATA_IN] AWS=6.0kt AWA=313° Batt=100% Temp=0°C
[2026-06-06T10:29:15.135] [DEBUG] [calypso-direct] [DATA_IN] AWS=6.2kt AWA=312° Batt=100% Temp=0°C
[2026-06-06T10:29:15.137] [DEBUG] [calypso-direct] [DATA_IN] AWS=6.4kt AWA=312° Batt=100% Temp=0°C
[2026-06-06T10:29:15.525] [WARNING] [calypso-direct] [TIMING] Large gap: 388ms (expected ~125ms at 8Hz) AWS=6.6kt
[2026-06-06T10:29:15.526] [DEBUG] [calypso-direct] [DATA_IN] AWS=6.6kt AWA=311° Batt=100% Temp=0°C
[2026-06-06T10:29:15.528] [DEBUG] [calypso-direct] [DATA_IN] AWS=6.6kt AWA=311° Batt=100% Temp=0°C
[2026-06-06T10:29:15.917] [WARNING] [calypso-direct] [TIMING] Large gap: 389ms (expected ~125ms at 8Hz) AWS=6.6kt
[2026-06-06T10:29:15.917] [DEBUG] [calypso-direct] [DATA_IN] AWS=6.6kt AWA=311° Batt=100% Temp=0°C
[2026-06-06T10:29:16.110] [DEBUG] [calypso-direct] [DATA_IN] AWS=6.6kt AWA=311° Batt=100% Temp=0°C
[2026-06-06T10:29:16.500] [WARNING] [calypso-direct] [TIMING] Large gap: 390ms (expected ~125ms at 8Hz) AWS=6.0kt
[2026-06-06T10:29:16.501] [DEBUG] [calypso-direct] [DATA_IN] AWS=6.0kt AWA=312° Batt=100% Temp=0°C
[2026-06-06T10:29:16.502] [DEBUG] [calypso-direct] [DATA_IN] AWS=6.0kt AWA=319° Batt=100% Temp=0°C
[2026-06-06T10:29:16.890] [WARNING] [calypso-direct] [TIMING] Large gap: 388ms (expected ~125ms at 8Hz) AWS=6.0kt
[2026-06-06T10:29:16.891] [DEBUG] [calypso-direct] [DATA_IN] AWS=6.0kt AWA=319° Batt=100% Temp=0°C
[2026-06-06T10:29:17.085] [DEBUG] [calypso-direct] [DATA_IN] AWS=5.8kt AWA=319° Batt=100% Temp=0°C
[2026-06-06T10:29:17.280] [DEBUG] [calypso-direct] [DATA_IN] AWS=5.4kt AWA=319° Batt=100% Temp=0°C
[2026-06-06T10:29:17.865] [WARNING] [calypso-direct] [TIMING] Large gap: 585ms (expected ~125ms at 8Hz) AWS=5.8kt
[2026-06-06T10:29:17.865] [DEBUG] [calypso-direct] [DATA_IN] AWS=5.8kt AWA=317° Batt=100% Temp=0°C
[2026-06-06T10:29:17.867] [DEBUG] [calypso-direct] [DATA_IN] AWS=5.6kt AWA=315° Batt=100% Temp=0°C
[2026-06-06T10:29:18.060] [DEBUG] [calypso-direct] [DATA_IN] AWS=5.4kt AWA=315° Batt=100% Temp=0°C
[2026-06-06T10:29:18.255] [DEBUG] [calypso-direct] [DATA_IN] AWS=5.4kt AWA=315° Batt=100% Temp=0°C
[2026-06-06T10:29:18.841] [WARNING] [calypso-direct] [TIMING] Large gap: 586ms (expected ~125ms at 8Hz) AWS=5.4kt
[2026-06-06T10:29:18.842] [DEBUG] [calypso-direct] [DATA_IN] AWS=5.4kt AWA=315° Batt=100% Temp=0°C
[2026-06-06T10:29:18.844] [DEBUG] [calypso-direct] [DATA_IN] AWS=5.4kt AWA=316° Batt=100% Temp=0°C
[2026-06-06T10:29:19.231] [WARNING] [calypso-direct] [TIMING] Large gap: 387ms (expected ~125ms at 8Hz) AWS=5.4kt
[2026-06-06T10:29:19.232] [DEBUG] [calypso-direct] [DATA_IN] AWS=5.4kt AWA=316° Batt=100% Temp=0°C
[2026-06-06T10:29:19.234] [DEBUG] [calypso-direct] [DATA_IN] AWS=6.0kt AWA=316° Batt=100% Temp=0°C
[2026-06-06T10:29:19.620] [WARNING] [calypso-direct] [TIMING] Large gap: 386ms (expected ~125ms at 8Hz) AWS=6.0kt
[2026-06-06T10:29:19.620] [DEBUG] [calypso-direct] [DATA_IN] AWS=6.0kt AWA=316° Batt=100% Temp=0°C
[2026-06-06T10:29:19.816] [DEBUG] [calypso-direct] [DATA_IN] AWS=6.0kt AWA=316° Batt=100% Temp=0°C
[2026-06-06T10:29:20.010] [DEBUG] [calypso-direct] [DATA_IN] AWS=5.4kt AWA=316° Batt=100% Temp=0°C
[2026-06-06T10:29:20.400] [WARNING] [calypso-direct] [TIMING] Large gap: 390ms (expected ~125ms at 8Hz) AWS=5.4kt
[2026-06-06T10:29:20.400] [DEBUG] [calypso-direct] [DATA_IN] AWS=5.4kt AWA=318° Batt=100% Temp=0°C
[2026-06-06T10:29:20.790] [WARNING] [calypso-direct] [TIMING] Large gap: 391ms (expected ~125ms at 8Hz) AWS=5.4kt
[2026-06-06T10:29:20.791] [DEBUG] [calypso-direct] [DATA_IN] AWS=5.4kt AWA=318° Batt=100% Temp=0°C
[2026-06-06T10:29:20.792] [DEBUG] [calypso-direct] [DATA_IN] AWS=5.4kt AWA=318° Batt=100% Temp=0°C
[2026-06-06T10:29:20.985] [DEBUG] [calypso-direct] [DATA_IN] AWS=5.8kt AWA=314° Batt=100% Temp=0°C
[2026-06-06T10:29:21.375] [WARNING] [calypso-direct] [TIMING] Large gap: 390ms (expected ~125ms at 8Hz) AWS=6.2kt
[2026-06-06T10:29:21.375] [DEBUG] [calypso-direct] [DATA_IN] AWS=6.2kt AWA=314° Batt=100% Temp=0°C
[2026-06-06T10:29:21.571] [DEBUG] [calypso-direct] [DATA_IN] AWS=6.4kt AWA=311° Batt=100% Temp=0°C
[2026-06-06T10:29:22.155] [WARNING] [calypso-direct] [TIMING] Large gap: 584ms (expected ~125ms at 8Hz) AWS=6.4kt
[2026-06-06T10:29:22.155] [DEBUG] [calypso-direct] [DATA_IN] AWS=6.4kt AWA=311° Batt=100% Temp=0°C
[2026-06-06T10:29:22.350] [DEBUG] [calypso-direct] [DATA_IN] AWS=6.4kt AWA=313° Batt=100% Temp=0°C
[2026-06-06T10:29:22.352] [DEBUG] [calypso-direct] [DATA_IN] AWS=6.2kt AWA=313° Batt=100% Temp=0°C
[2026-06-06T10:29:22.545] [DEBUG] [calypso-direct] [DATA_IN] AWS=6.2kt AWA=313° Batt=100% Temp=0°C
[2026-06-06T10:29:22.740] [DEBUG] [calypso-direct] [DATA_IN] AWS=6.2kt AWA=313° Batt=100% Temp=0°C
[2026-06-06T10:29:23.130] [WARNING] [calypso-direct] [TIMING] Large gap: 390ms (expected ~125ms at 8Hz) AWS=5.8kt
[2026-06-06T10:29:23.131] [DEBUG] [calypso-direct] [DATA_IN] AWS=5.8kt AWA=313° Batt=100% Temp=0°C
[2026-06-06T10:29:23.716] [WARNING] [calypso-direct] [TIMING] Large gap: 586ms (expected ~125ms at 8Hz) AWS=5.4kt
[2026-06-06T10:29:23.720] [DEBUG] [calypso-direct] [DATA_IN] AWS=5.4kt AWA=313° Batt=100% Temp=0°C
[2026-06-06T10:29:23.721] [DEBUG] [calypso-direct] [DATA_IN] AWS=5.1kt AWA=315° Batt=100% Temp=0°C
[2026-06-06T10:29:23.910] [DEBUG] [calypso-direct] [DATA_IN] AWS=4.9kt AWA=315° Batt=100% Temp=0°C
[2026-06-06T10:29:24.105] [DEBUG] [calypso-direct] [DATA_IN] AWS=4.9kt AWA=315° Batt=100% Temp=0°C
[2026-06-06T10:29:24.300] [DEBUG] [calypso-direct] [DATA_IN] AWS=4.7kt AWA=315° Batt=100% Temp=0°C
[2026-06-06T10:29:24.495] [DEBUG] [calypso-direct] [DATA_IN] AWS=4.7kt AWA=315° Batt=100% Temp=0°C
[2026-06-06T10:29:25.081] [WARNING] [calypso-direct] [TIMING] Large gap: 586ms (expected ~125ms at 8Hz) AWS=4.7kt
[2026-06-06T10:29:25.081] [DEBUG] [calypso-direct] [DATA_IN] AWS=4.7kt AWA=314° Batt=100% Temp=0°C
[2026-06-06T10:29:25.083] [DEBUG] [calypso-direct] [DATA_IN] AWS=4.7kt AWA=314° Batt=100% Temp=0°C
[2026-06-06T10:29:25.276] [DEBUG] [calypso-direct] [DATA_IN] AWS=4.9kt AWA=318° Batt=100% Temp=0°C
[2026-06-06T10:29:25.665] [WARNING] [calypso-direct] [TIMING] Large gap: 389ms (expected ~125ms at 8Hz) AWS=5.2kt
[2026-06-06T10:29:25.667] [DEBUG] [calypso-direct] [DATA_IN] AWS=5.2kt AWA=317° Batt=100% Temp=0°C
[2026-06-06T10:29:25.860] [DEBUG] [calypso-direct] [DATA_IN] AWS=5.4kt AWA=317° Batt=100% Temp=0°C
[2026-06-06T10:29:26.055] [DEBUG] [calypso-direct] [DATA_IN] AWS=5.4kt AWA=317° Batt=100% Temp=0°C
[2026-06-06T10:29:26.640] [WARNING] [calypso-direct] [TIMING] Large gap: 585ms (expected ~125ms at 8Hz) AWS=5.2kt
[2026-06-06T10:29:26.640] [DEBUG] [calypso-direct] [DATA_IN] AWS=5.2kt AWA=318° Batt=100% Temp=0°C
[2026-06-06T10:29:26.641] [DEBUG] [calypso-direct] [DATA_IN] AWS=5.2kt AWA=324° Batt=100% Temp=0°C
[2026-06-06T10:29:26.835] [DEBUG] [calypso-direct] [DATA_IN] AWS=5.2kt AWA=324° Batt=100% Temp=0°C
[2026-06-06T10:29:27.030] [DEBUG] [calypso-direct] [DATA_IN] AWS=5.1kt AWA=324° Batt=100% Temp=0°C
[2026-06-06T10:29:27.420] [WARNING] [calypso-direct] [TIMING] Large gap: 390ms (expected ~125ms at 8Hz) AWS=5.1kt
[2026-06-06T10:29:27.421] [DEBUG] [calypso-direct] [DATA_IN] AWS=5.1kt AWA=323° Batt=100% Temp=0°C
[2026-06-06T10:29:28.005] [WARNING] [calypso-direct] [TIMING] Large gap: 585ms (expected ~125ms at 8Hz) AWS=5.1kt
[2026-06-06T10:29:28.007] [DEBUG] [calypso-direct] [DATA_IN] AWS=5.1kt AWA=323° Batt=100% Temp=0°C
[2026-06-06T10:29:28.008] [DEBUG] [calypso-direct] [DATA_IN] AWS=5.1kt AWA=316° Batt=100% Temp=0°C
[2026-06-06T10:29:28.009] [DEBUG] [calypso-direct] [DATA_IN] AWS=5.1kt AWA=315° Batt=100% Temp=0°C
[2026-06-06T10:29:28.395] [WARNING] [calypso-direct] [TIMING] Large gap: 387ms (expected ~125ms at 8Hz) AWS=5.1kt
[2026-06-06T10:29:28.396] [DEBUG] [calypso-direct] [DATA_IN] AWS=5.1kt AWA=315° Batt=100% Temp=0°C
[2026-06-06T10:29:28.590] [DEBUG] [calypso-direct] [DATA_IN] AWS=5.1kt AWA=315° Batt=100% Temp=0°C
[2026-06-06T10:29:28.785] [DEBUG] [calypso-direct] [DATA_IN] AWS=5.6kt AWA=315° Batt=100% Temp=0°C
[2026-06-06T10:29:28.980] [DEBUG] [calypso-direct] [DATA_IN] AWS=5.6kt AWA=320° Batt=100% Temp=0°C
[2026-06-06T10:29:29.370] [WARNING] [calypso-direct] [TIMING] Large gap: 390ms (expected ~125ms at 8Hz) AWS=5.6kt
[2026-06-06T10:29:29.371] [DEBUG] [calypso-direct] [DATA_IN] AWS=5.6kt AWA=322° Batt=100% Temp=0°C
[2026-06-06T10:29:29.565] [DEBUG] [calypso-direct] [DATA_IN] AWS=5.1kt AWA=322° Batt=100% Temp=0°C
[2026-06-06T10:29:29.760] [DEBUG] [calypso-direct] [DATA_IN] AWS=5.1kt AWA=323° Batt=100% Temp=0°C
[2026-06-06T10:29:30.151] [WARNING] [calypso-direct] [TIMING] Large gap: 391ms (expected ~125ms at 8Hz) AWS=4.9kt
[2026-06-06T10:29:30.151] [DEBUG] [calypso-direct] [DATA_IN] AWS=4.9kt AWA=323° Batt=100% Temp=0°C
[2026-06-06T10:29:30.346] [DEBUG] [calypso-direct] [DATA_IN] AWS=4.9kt AWA=318° Batt=100% Temp=0°C
[2026-06-06T10:29:30.931] [WARNING] [calypso-direct] [TIMING] Large gap: 585ms (expected ~125ms at 8Hz) AWS=4.7kt
[2026-06-06T10:29:30.932] [DEBUG] [calypso-direct] [DATA_IN] AWS=4.7kt AWA=317° Batt=100% Temp=0°C
[2026-06-06T10:29:30.936] [DEBUG] [calypso-direct] [DATA_IN] AWS=4.7kt AWA=317° Batt=100% Temp=0°C
[2026-06-06T10:29:31.126] [DEBUG] [calypso-direct] [DATA_IN] AWS=4.3kt AWA=317° Batt=100% Temp=0°C
[2026-06-06T10:29:31.322] [DEBUG] [calypso-direct] [DATA_IN] AWS=3.7kt AWA=318° Batt=100% Temp=0°C
[2026-06-06T10:29:31.518] [DEBUG] [calypso-direct] [DATA_IN] AWS=3.7kt AWA=328° Batt=100% Temp=0°C
[2026-06-06T10:29:32.296] [WARNING] [calypso-direct] [TIMING] Large gap: 778ms (expected ~125ms at 8Hz) AWS=3.7kt
[2026-06-06T10:29:32.296] [DEBUG] [calypso-direct] [DATA_IN] AWS=3.7kt AWA=328° Batt=100% Temp=0°C
[2026-06-06T10:29:32.300] [DEBUG] [calypso-direct] [DATA_IN] AWS=3.9kt AWA=327° Batt=100% Temp=0°C
[2026-06-06T10:29:32.301] [DEBUG] [calypso-direct] [DATA_IN] AWS=4.1kt AWA=327° Batt=100% Temp=0°C
[2026-06-06T10:29:32.491] [DEBUG] [calypso-direct] [DATA_IN] AWS=4.5kt AWA=325° Batt=100% Temp=0°C
[2026-06-06T10:29:32.881] [WARNING] [calypso-direct] [TIMING] Large gap: 390ms (expected ~125ms at 8Hz) AWS=4.5kt
[2026-06-06T10:29:32.883] [DEBUG] [calypso-direct] [DATA_IN] AWS=4.5kt AWA=318° Batt=100% Temp=0°C
[2026-06-06T10:29:33.856] [WARNING] [calypso-direct] [TIMING] Large gap: 975ms (expected ~125ms at 8Hz) AWS=4.7kt
[2026-06-06T10:29:33.857] [DEBUG] [calypso-direct] [DATA_IN] AWS=4.7kt AWA=317° Batt=100% Temp=0°C
[2026-06-06T10:29:33.860] [DEBUG] [calypso-direct] [DATA_IN] AWS=4.7kt AWA=317° Batt=100% Temp=0°C
[2026-06-06T10:29:33.862] [DEBUG] [calypso-direct] [DATA_IN] AWS=4.7kt AWA=317° Batt=100% Temp=0°C
[2026-06-06T10:29:33.866] [DEBUG] [calypso-direct] [DATA_IN] AWS=4.7kt AWA=319° Batt=100% Temp=0°C
[2026-06-06T10:29:34.051] [DEBUG] [calypso-direct] [DATA_IN] AWS=4.3kt AWA=320° Batt=100% Temp=0°C
[2026-06-06T10:29:34.246] [DEBUG] [calypso-direct] [DATA_IN] AWS=4.3kt AWA=320° Batt=100% Temp=0°C
[2026-06-06T10:29:34.636] [WARNING] [calypso-direct] [TIMING] Large gap: 390ms (expected ~125ms at 8Hz) AWS=4.3kt
[2026-06-06T10:29:34.637] [DEBUG] [calypso-direct] [DATA_IN] AWS=4.3kt AWA=320° Batt=100% Temp=0°C
[2026-06-06T10:29:35.222] [WARNING] [calypso-direct] [TIMING] Large gap: 586ms (expected ~125ms at 8Hz) AWS=4.3kt
[2026-06-06T10:29:35.224] [DEBUG] [calypso-direct] [DATA_IN] AWS=4.3kt AWA=320° Batt=100% Temp=0°C
[2026-06-06T10:29:35.226] [DEBUG] [calypso-direct] [DATA_IN] AWS=4.3kt AWA=320° Batt=100% Temp=0°C
[2026-06-06T10:29:35.415] [DEBUG] [calypso-direct] [DATA_IN] AWS=4.5kt AWA=320° Batt=100% Temp=0°C
[2026-06-06T10:29:35.610] [DEBUG] [calypso-direct] [DATA_IN] AWS=4.5kt AWA=320° Batt=100% Temp=0°C
[2026-06-06T10:29:35.805] [DEBUG] [calypso-direct] [DATA_IN] AWS=4.5kt AWA=320° Batt=100% Temp=0°C
[2026-06-06T10:29:36.000] [DEBUG] [calypso-direct] [DATA_IN] AWS=4.7kt AWA=320° Batt=100% Temp=0°C
[2026-06-06T10:29:36.780] [WARNING] [calypso-direct] [TIMING] Large gap: 781ms (expected ~125ms at 8Hz) AWS=4.7kt
[2026-06-06T10:29:36.781] [DEBUG] [calypso-direct] [DATA_IN] AWS=4.7kt AWA=320° Batt=100% Temp=0°C
[2026-06-06T10:29:36.782] [DEBUG] [calypso-direct] [DATA_IN] AWS=5.1kt AWA=315° Batt=100% Temp=0°C
[2026-06-06T10:29:36.785] [DEBUG] [calypso-direct] [DATA_IN] AWS=5.2kt AWA=314° Batt=100% Temp=0°C
[2026-06-06T10:29:37.170] [WARNING] [calypso-direct] [TIMING] Large gap: 385ms (expected ~125ms at 8Hz) AWS=5.2kt
[2026-06-06T10:29:37.170] [DEBUG] [calypso-direct] [DATA_IN] AWS=5.2kt AWA=314° Batt=100% Temp=0°C
[2026-06-06T10:29:37.365] [DEBUG] [calypso-direct] [DATA_IN] AWS=5.1kt AWA=315° Batt=100% Temp=0°C
[2026-06-06T10:29:37.560] [DEBUG] [calypso-direct] [DATA_IN] AWS=4.7kt AWA=315° Batt=100% Temp=0°C
[2026-06-06T10:29:38.145] [WARNING] [calypso-direct] [TIMING] Large gap: 585ms (expected ~125ms at 8Hz) AWS=3.9kt
[2026-06-06T10:29:38.145] [DEBUG] [calypso-direct] [DATA_IN] AWS=3.9kt AWA=315° Batt=100% Temp=0°C
[2026-06-06T10:29:38.146] [DEBUG] [calypso-direct] [DATA_IN] AWS=3.9kt AWA=315° Batt=100% Temp=0°C
[2026-06-06T10:29:38.340] [DEBUG] [calypso-direct] [DATA_IN] AWS=3.7kt AWA=315° Batt=100% Temp=0°C
[2026-06-06T10:29:38.535] [DEBUG] [calypso-direct] [DATA_IN] AWS=3.9kt AWA=315° Batt=100% Temp=0°C
[2026-06-06T10:29:38.730] [DEBUG] [calypso-direct] [DATA_IN] AWS=3.9kt AWA=315° Batt=100% Temp=0°C
[2026-06-06T10:29:39.120] [WARNING] [calypso-direct] [TIMING] Large gap: 390ms (expected ~125ms at 8Hz) AWS=4.1kt
[2026-06-06T10:29:39.120] [DEBUG] [calypso-direct] [DATA_IN] AWS=4.1kt AWA=329° Batt=100% Temp=0°C
[2026-06-06T10:29:39.705] [WARNING] [calypso-direct] [TIMING] Large gap: 585ms (expected ~125ms at 8Hz) AWS=4.1kt
[2026-06-06T10:29:39.706] [DEBUG] [calypso-direct] [DATA_IN] AWS=4.1kt AWA=331° Batt=100% Temp=0°C
[2026-06-06T10:29:39.707] [DEBUG] [calypso-direct] [DATA_IN] AWS=4.1kt AWA=331° Batt=100% Temp=0°C
[2026-06-06T10:29:39.900] [DEBUG] [calypso-direct] [DATA_IN] AWS=4.3kt AWA=332° Batt=100% Temp=0°C
[2026-06-06T10:29:40.095] [DEBUG] [calypso-direct] [DATA_IN] AWS=4.5kt AWA=331° Batt=100% Temp=0°C
[2026-06-06T10:29:40.291] [DEBUG] [calypso-direct] [DATA_IN] AWS=4.5kt AWA=320° Batt=100% Temp=0°C
[2026-06-06T10:29:40.486] [DEBUG] [calypso-direct] [DATA_IN] AWS=4.7kt AWA=320° Batt=100% Temp=0°C
[2026-06-06T10:29:41.072] [WARNING] [calypso-direct] [TIMING] Large gap: 586ms (expected ~125ms at 8Hz) AWS=4.7kt
[2026-06-06T10:29:41.073] [DEBUG] [calypso-direct] [DATA_IN] AWS=4.7kt AWA=320° Batt=100% Temp=0°C
[2026-06-06T10:29:41.075] [DEBUG] [calypso-direct] [DATA_IN] AWS=4.1kt AWA=320° Batt=100% Temp=0°C
[2026-06-06T10:29:41.267] [DEBUG] [calypso-direct] [DATA_IN] AWS=4.1kt AWA=321° Batt=100% Temp=0°C
[2026-06-06T10:29:41.657] [WARNING] [calypso-direct] [TIMING] Large gap: 390ms (expected ~125ms at 8Hz) AWS=3.9kt
[2026-06-06T10:29:41.657] [DEBUG] [calypso-direct] [DATA_IN] AWS=3.9kt AWA=339° Batt=100% Temp=0°C
[2026-06-06T10:29:41.850] [DEBUG] [calypso-direct] [DATA_IN] AWS=3.5kt AWA=341° Batt=100% Temp=0°C
[2026-06-06T10:29:42.045] [DEBUG] [calypso-direct] [DATA_IN] AWS=3.5kt AWA=341° Batt=100% Temp=0°C
[2026-06-06T10:29:42.435] [WARNING] [calypso-direct] [TIMING] Large gap: 390ms (expected ~125ms at 8Hz) AWS=3.5kt
[2026-06-06T10:29:42.435] [DEBUG] [calypso-direct] [DATA_IN] AWS=3.5kt AWA=341° Batt=100% Temp=0°C
[2026-06-06T10:29:42.630] [DEBUG] [calypso-direct] [DATA_IN] AWS=3.5kt AWA=341° Batt=100% Temp=0°C
[2026-06-06T10:29:42.825] [DEBUG] [calypso-direct] [DATA_IN] AWS=2.9kt AWA=325° Batt=100% Temp=0°C
[2026-06-06T10:29:43.020] [DEBUG] [calypso-direct] [DATA_IN] AWS=3.5kt AWA=325° Batt=100% Temp=0°C
[2026-06-06T10:29:43.410] [WARNING] [calypso-direct] [TIMING] Large gap: 390ms (expected ~125ms at 8Hz) AWS=2.9kt
[2026-06-06T10:29:43.410] [DEBUG] [calypso-direct] [DATA_IN] AWS=2.9kt AWA=321° Batt=100% Temp=0°C
[2026-06-06T10:29:43.800] [WARNING] [calypso-direct] [TIMING] Large gap: 390ms (expected ~125ms at 8Hz) AWS=2.9kt
[2026-06-06T10:29:43.800] [DEBUG] [calypso-direct] [DATA_IN] AWS=2.9kt AWA=321° Batt=100% Temp=0°C
[2026-06-06T10:29:43.801] [DEBUG] [calypso-direct] [DATA_IN] AWS=2.9kt AWA=321° Batt=100% Temp=0°C
[2026-06-06T10:29:43.995] [DEBUG] [calypso-direct] [DATA_IN] AWS=3.5kt AWA=318° Batt=100% Temp=0°C
[2026-06-06T10:29:44.385] [WARNING] [calypso-direct] [TIMING] Large gap: 390ms (expected ~125ms at 8Hz) AWS=3.3kt
[2026-06-06T10:29:44.385] [DEBUG] [calypso-direct] [DATA_IN] AWS=3.3kt AWA=318° Batt=100% Temp=0°C
[2026-06-06T10:29:44.580] [DEBUG] [calypso-direct] [DATA_IN] AWS=3.5kt AWA=318° Batt=100% Temp=0°C
[2026-06-06T10:29:44.775] [DEBUG] [calypso-direct] [DATA_IN] AWS=3.5kt AWA=318° Batt=100% Temp=0°C
[2026-06-06T10:29:45.360] [WARNING] [calypso-direct] [TIMING] Large gap: 585ms (expected ~125ms at 8Hz) AWS=3.3kt
[2026-06-06T10:29:45.363] [DEBUG] [calypso-direct] [DATA_IN] AWS=3.3kt AWA=318° Batt=100% Temp=0°C
[2026-06-06T10:29:45.363] [DEBUG] [calypso-direct] [DATA_IN] AWS=2.7kt AWA=340° Batt=100% Temp=0°C
[2026-06-06T10:29:45.555] [DEBUG] [calypso-direct] [DATA_IN] AWS=2.7kt AWA=340° Batt=100% Temp=0°C
[2026-06-06T10:29:45.945] [WARNING] [calypso-direct] [TIMING] Large gap: 390ms (expected ~125ms at 8Hz) AWS=2.7kt
[2026-06-06T10:29:45.945] [DEBUG] [calypso-direct] [DATA_IN] AWS=2.7kt AWA=340° Batt=100% Temp=0°C
[2026-06-06T10:29:46.140] [DEBUG] [calypso-direct] [DATA_IN] AWS=2.7kt AWA=340° Batt=100% Temp=0°C
[2026-06-06T10:29:46.335] [DEBUG] [calypso-direct] [DATA_IN] AWS=3.1kt AWA=338° Batt=100% Temp=0°C
[2026-06-06T10:29:46.726] [WARNING] [calypso-direct] [TIMING] Large gap: 391ms (expected ~125ms at 8Hz) AWS=3.5kt
[2026-06-06T10:29:46.729] [INFO] [calypso-direct] [RATE_1MIN] 240 pkts/min (expected 480 at 8Hz) max_gap=1170ms gaps_>250ms=80
[2026-06-06T10:29:46.730] [DEBUG] [calypso-direct] [DATA_IN] AWS=3.5kt AWA=327° Batt=100% Temp=0°C
[2026-06-06T10:29:46.920] [DEBUG] [calypso-direct] [DATA_IN] AWS=4.1kt AWA=326° Batt=100% Temp=0°C
[2026-06-06T10:29:47.117] [DEBUG] [calypso-direct] [DATA_IN] AWS=4.3kt AWA=327° Batt=100% Temp=0°C
[2026-06-06T10:29:47.311] [DEBUG] [calypso-direct] [DATA_IN] AWS=4.3kt AWA=327° Batt=100% Temp=0°C
[2026-06-06T10:29:47.506] [DEBUG] [calypso-direct] [DATA_IN] AWS=4.5kt AWA=327° Batt=100% Temp=0°C
[2026-06-06T10:29:48.091] [WARNING] [calypso-direct] [TIMING] Large gap: 585ms (expected ~125ms at 8Hz) AWS=4.5kt
[2026-06-06T10:29:48.093] [DEBUG] [calypso-direct] [DATA_IN] AWS=4.5kt AWA=327° Batt=100% Temp=0°C
[2026-06-06T10:29:48.095] [DEBUG] [calypso-direct] [DATA_IN] AWS=4.5kt AWA=327° Batt=100% Temp=0°C
[2026-06-06T10:29:48.288] [DEBUG] [calypso-direct] [DATA_IN] AWS=4.5kt AWA=327° Batt=100% Temp=0°C
[2026-06-06T10:29:48.481] [DEBUG] [calypso-direct] [DATA_IN] AWS=4.1kt AWA=327° Batt=100% Temp=0°C
[2026-06-06T10:29:48.871] [WARNING] [calypso-direct] [TIMING] Large gap: 390ms (expected ~125ms at 8Hz) AWS=3.7kt
[2026-06-06T10:29:48.872] [DEBUG] [calypso-direct] [DATA_IN] AWS=3.7kt AWA=327° Batt=100% Temp=0°C
[2026-06-06T10:29:49.064] [DEBUG] [calypso-direct] [DATA_IN] AWS=3.5kt AWA=334° Batt=100% Temp=0°C
[2026-06-06T10:29:49.650] [WARNING] [calypso-direct] [TIMING] Large gap: 585ms (expected ~125ms at 8Hz) AWS=3.5kt
[2026-06-06T10:29:49.650] [DEBUG] [calypso-direct] [DATA_IN] AWS=3.5kt AWA=335° Batt=100% Temp=0°C
[2026-06-06T10:29:49.652] [DEBUG] [calypso-direct] [DATA_IN] AWS=3.1kt AWA=335° Batt=100% Temp=0°C
[2026-06-06T10:29:49.845] [DEBUG] [calypso-direct] [DATA_IN] AWS=2.7kt AWA=336° Batt=100% Temp=0°C
[2026-06-06T10:29:50.040] [DEBUG] [calypso-direct] [DATA_IN] AWS=2.7kt AWA=337° Batt=100% Temp=0°C
[2026-06-06T10:29:50.235] [DEBUG] [calypso-direct] [DATA_IN] AWS=3.1kt AWA=344° Batt=100% Temp=0°C
[2026-06-06T10:29:51.210] [WARNING] [calypso-direct] [TIMING] Large gap: 975ms (expected ~125ms at 8Hz) AWS=3.9kt
[2026-06-06T10:29:51.210] [DEBUG] [calypso-direct] [DATA_IN] AWS=3.9kt AWA=344° Batt=100% Temp=0°C
[2026-06-06T10:29:51.211] [DEBUG] [calypso-direct] [DATA_IN] AWS=3.9kt AWA=345° Batt=100% Temp=0°C
[2026-06-06T10:29:51.212] [DEBUG] [calypso-direct] [DATA_IN] AWS=4.1kt AWA=345° Batt=100% Temp=0°C
[2026-06-06T10:29:51.601] [WARNING] [calypso-direct] [TIMING] Large gap: 388ms (expected ~125ms at 8Hz) AWS=3.9kt
[2026-06-06T10:29:51.602] [DEBUG] [calypso-direct] [DATA_IN] AWS=3.9kt AWA=345° Batt=100% Temp=0°C
[2026-06-06T10:29:51.602] [DEBUG] [calypso-direct] [DATA_IN] AWS=3.9kt AWA=350° Batt=100% Temp=0°C
[2026-06-06T10:29:51.794] [DEBUG] [calypso-direct] [DATA_IN] AWS=3.1kt AWA=350° Batt=100% Temp=0°C
[2026-06-06T10:29:51.989] [DEBUG] [calypso-direct] [DATA_IN] AWS=3.1kt AWA=350° Batt=100% Temp=0°C
[2026-06-06T10:29:52.379] [WARNING] [calypso-direct] [TIMING] Large gap: 390ms (expected ~125ms at 8Hz) AWS=2.9kt
[2026-06-06T10:29:52.380] [DEBUG] [calypso-direct] [DATA_IN] AWS=2.9kt AWA=350° Batt=100% Temp=0°C
[2026-06-06T10:29:52.575] [DEBUG] [calypso-direct] [DATA_IN] AWS=2.9kt AWA=350° Batt=100% Temp=0°C
[2026-06-06T10:29:52.770] [DEBUG] [calypso-direct] [DATA_IN] AWS=3.1kt AWA=346° Batt=100% Temp=0°C
[2026-06-06T10:29:53.550] [WARNING] [calypso-direct] [TIMING] Large gap: 780ms (expected ~125ms at 8Hz) AWS=3.5kt
[2026-06-06T10:29:53.550] [DEBUG] [calypso-direct] [DATA_IN] AWS=3.5kt AWA=346° Batt=100% Temp=0°C
[2026-06-06T10:29:53.551] [DEBUG] [calypso-direct] [DATA_IN] AWS=4.1kt AWA=346° Batt=100% Temp=0°C
[2026-06-06T10:29:53.940] [WARNING] [calypso-direct] [TIMING] Large gap: 389ms (expected ~125ms at 8Hz) AWS=4.1kt
[2026-06-06T10:29:53.940] [DEBUG] [calypso-direct] [DATA_IN] AWS=4.1kt AWA=346° Batt=100% Temp=0°C
[2026-06-06T10:29:53.941] [DEBUG] [calypso-direct] [DATA_IN] AWS=4.1kt AWA=346° Batt=100% Temp=0°C
[2026-06-06T10:29:54.140] [DEBUG] [calypso-direct] [DATA_IN] AWS=3.9kt AWA=336° Batt=100% Temp=0°C
[2026-06-06T10:29:54.330] [DEBUG] [calypso-direct] [DATA_IN] AWS=3.7kt AWA=336° Batt=100% Temp=0°C
[2026-06-06T10:29:54.525] [DEBUG] [calypso-direct] [DATA_IN] AWS=3.1kt AWA=336° Batt=100% Temp=0°C
[2026-06-06T10:29:54.915] [WARNING] [calypso-direct] [TIMING] Large gap: 390ms (expected ~125ms at 8Hz) AWS=2.7kt
[2026-06-06T10:29:54.915] [DEBUG] [calypso-direct] [DATA_IN] AWS=2.7kt AWA=336° Batt=100% Temp=0°C
[2026-06-06T10:29:55.500] [WARNING] [calypso-direct] [TIMING] Large gap: 585ms (expected ~125ms at 8Hz) AWS=1.9kt
[2026-06-06T10:29:55.500] [DEBUG] [calypso-direct] [DATA_IN] AWS=1.9kt AWA=336° Batt=100% Temp=0°C
[2026-06-06T10:29:55.502] [DEBUG] [calypso-direct] [DATA_IN] AWS=1.9kt AWA=342° Batt=100% Temp=0°C
[2026-06-06T10:29:55.504] [DEBUG] [calypso-direct] [DATA_IN] AWS=2.5kt AWA=341° Batt=100% Temp=0°C
[2026-06-06T10:29:55.890] [WARNING] [calypso-direct] [TIMING] Large gap: 386ms (expected ~125ms at 8Hz) AWS=2.5kt
[2026-06-06T10:29:55.890] [DEBUG] [calypso-direct] [DATA_IN] AWS=2.5kt AWA=341° Batt=100% Temp=0°C
[2026-06-06T10:29:56.282] [WARNING] [calypso-direct] [TIMING] Large gap: 392ms (expected ~125ms at 8Hz) AWS=2.7kt
[2026-06-06T10:29:56.282] [DEBUG] [calypso-direct] [DATA_IN] AWS=2.7kt AWA=341° Batt=100% Temp=0°C
[2026-06-06T10:29:56.283] [DEBUG] [calypso-direct] [DATA_IN] AWS=2.7kt AWA=341° Batt=100% Temp=0°C
[2026-06-06T10:29:56.867] [WARNING] [calypso-direct] [TIMING] Large gap: 584ms (expected ~125ms at 8Hz) AWS=2.7kt
[2026-06-06T10:29:56.867] [DEBUG] [calypso-direct] [DATA_IN] AWS=2.7kt AWA=324° Batt=100% Temp=0°C
[2026-06-06T10:29:56.870] [DEBUG] [calypso-direct] [DATA_IN] AWS=3.1kt AWA=324° Batt=100% Temp=0°C
[2026-06-06T10:29:57.059] [DEBUG] [calypso-direct] [DATA_IN] AWS=3.5kt AWA=324° Batt=100% Temp=0°C
[2026-06-06T10:29:57.256] [DEBUG] [calypso-direct] [DATA_IN] AWS=3.5kt AWA=324° Batt=100% Temp=0°C
[2026-06-06T10:29:57.645] [WARNING] [calypso-direct] [TIMING] Large gap: 389ms (expected ~125ms at 8Hz) AWS=3.7kt
[2026-06-06T10:29:57.646] [DEBUG] [calypso-direct] [DATA_IN] AWS=3.7kt AWA=323° Batt=100% Temp=0°C
[2026-06-06T10:29:57.839] [DEBUG] [calypso-direct] [DATA_IN] AWS=3.7kt AWA=322° Batt=100% Temp=0°C
[2026-06-06T10:29:58.425] [WARNING] [calypso-direct] [TIMING] Large gap: 585ms (expected ~125ms at 8Hz) AWS=3.9kt
[2026-06-06T10:29:58.427] [DEBUG] [calypso-direct] [DATA_IN] AWS=3.9kt AWA=323° Batt=100% Temp=0°C
[2026-06-06T10:29:58.428] [DEBUG] [calypso-direct] [DATA_IN] AWS=3.7kt AWA=323° Batt=100% Temp=0°C
[2026-06-06T10:29:58.620] [DEBUG] [calypso-direct] [DATA_IN] AWS=3.9kt AWA=324° Batt=100% Temp=0°C
[2026-06-06T10:29:58.815] [DEBUG] [calypso-direct] [DATA_IN] AWS=3.9kt AWA=324° Batt=100% Temp=0°C
[2026-06-06T10:29:59.010] [DEBUG] [calypso-direct] [DATA_IN] AWS=3.7kt AWA=333° Batt=100% Temp=0°C
[2026-06-06T10:29:59.790] [WARNING] [calypso-direct] [TIMING] Large gap: 780ms (expected ~125ms at 8Hz) AWS=3.7kt
[2026-06-06T10:29:59.790] [DEBUG] [calypso-direct] [DATA_IN] AWS=3.7kt AWA=333° Batt=100% Temp=0°C
[2026-06-06T10:29:59.793] [DEBUG] [calypso-direct] [DATA_IN] AWS=3.5kt AWA=333° Batt=100% Temp=0°C
[2026-06-06T10:29:59.794] [DEBUG] [calypso-direct] [DATA_IN] AWS=3.5kt AWA=333° Batt=100% Temp=0°C
[2026-06-06T10:29:59.985] [DEBUG] [calypso-direct] [DATA_IN] AWS=3.5kt AWA=333° Batt=100% Temp=0°C
[2026-06-06T10:30:00.375] [WARNING] [calypso-direct] [TIMING] Large gap: 390ms (expected ~125ms at 8Hz) AWS=3.5kt
[2026-06-06T10:30:00.375] [DEBUG] [calypso-direct] [DATA_IN] AWS=3.5kt AWA=330° Batt=100% Temp=0°C
[2026-06-06T10:30:00.569] [DEBUG] [calypso-direct] [DATA_IN] AWS=3.5kt AWA=330° Batt=100% Temp=0°C
[2026-06-06T10:30:00.765] [DEBUG] [calypso-direct] [DATA_IN] AWS=3.5kt AWA=330° Batt=100% Temp=0°C
[2026-06-06T10:30:01.155] [WARNING] [calypso-direct] [TIMING] Large gap: 390ms (expected ~125ms at 8Hz) AWS=3.7kt
[2026-06-06T10:30:01.155] [DEBUG] [calypso-direct] [DATA_IN] AWS=3.7kt AWA=329° Batt=100% Temp=0°C
[2026-06-06T10:30:01.350] [DEBUG] [calypso-direct] [DATA_IN] AWS=3.1kt AWA=329° Batt=100% Temp=0°C
[2026-06-06T10:30:01.544] [DEBUG] [calypso-direct] [DATA_IN] AWS=3.1kt AWA=337° Batt=100% Temp=0°C
[2026-06-06T10:30:01.739] [DEBUG] [calypso-direct] [DATA_IN] AWS=3.3kt AWA=337° Batt=100% Temp=0°C
[2026-06-06T10:30:02.129] [WARNING] [calypso-direct] [TIMING] Large gap: 390ms (expected ~125ms at 8Hz) AWS=3.9kt
[2026-06-06T10:30:02.130] [DEBUG] [calypso-direct] [DATA_IN] AWS=3.9kt AWA=338° Batt=100% Temp=0°C
[2026-06-06T10:30:02.324] [DEBUG] [calypso-direct] [DATA_IN] AWS=3.9kt AWA=339° Batt=100% Temp=0°C
[2026-06-06T10:30:02.519] [DEBUG] [calypso-direct] [DATA_IN] AWS=3.9kt AWA=339° Batt=100% Temp=0°C
[2026-06-06T10:30:03.104] [WARNING] [calypso-direct] [TIMING] Large gap: 585ms (expected ~125ms at 8Hz) AWS=3.7kt
[2026-06-06T10:30:03.105] [DEBUG] [calypso-direct] [DATA_IN] AWS=3.7kt AWA=353° Batt=100% Temp=0°C
[2026-06-06T10:30:03.107] [DEBUG] [calypso-direct] [DATA_IN] AWS=3.7kt AWA=353° Batt=100% Temp=0°C
[2026-06-06T10:30:03.495] [WARNING] [calypso-direct] [TIMING] Large gap: 388ms (expected ~125ms at 8Hz) AWS=3.7kt
[2026-06-06T10:30:03.495] [DEBUG] [calypso-direct] [DATA_IN] AWS=3.7kt AWA=353° Batt=100% Temp=0°C
[2026-06-06T10:30:03.498] [DEBUG] [calypso-direct] [DATA_IN] AWS=3.5kt AWA=353° Batt=100% Temp=0°C
[2026-06-06T10:30:04.080] [WARNING] [calypso-direct] [TIMING] Large gap: 582ms (expected ~125ms at 8Hz) AWS=3.7kt
[2026-06-06T10:30:04.080] [DEBUG] [calypso-direct] [DATA_IN] AWS=3.7kt AWA=353° Batt=100% Temp=0°C
[2026-06-06T10:30:04.274] [DEBUG] [calypso-direct] [DATA_IN] AWS=3.5kt AWA=355° Batt=100% Temp=0°C
[2026-06-06T10:30:04.276] [DEBUG] [calypso-direct] [DATA_IN] AWS=3.5kt AWA=355° Batt=100% Temp=0°C
[2026-06-06T10:30:04.665] [WARNING] [calypso-direct] [TIMING] Large gap: 389ms (expected ~125ms at 8Hz) AWS=4.1kt
[2026-06-06T10:30:04.666] [DEBUG] [calypso-direct] [DATA_IN] AWS=4.1kt AWA=355° Batt=100% Temp=0°C
[2026-06-06T10:30:04.862] [DEBUG] [calypso-direct] [DATA_IN] AWS=4.3kt AWA=355° Batt=100% Temp=0°C
[2026-06-06T10:30:05.448] [WARNING] [calypso-direct] [TIMING] Large gap: 586ms (expected ~125ms at 8Hz) AWS=4.3kt
[2026-06-06T10:30:05.448] [DEBUG] [calypso-direct] [DATA_IN] AWS=4.3kt AWA=355° Batt=100% Temp=0°C
[2026-06-06T10:30:05.642] [DEBUG] [calypso-direct] [DATA_IN] AWS=4.3kt AWA=3° Batt=100% Temp=0°C
[2026-06-06T10:30:05.646] [DEBUG] [calypso-direct] [DATA_IN] AWS=4.3kt AWA=3° Batt=100% Temp=0°C
[2026-06-06T10:30:05.835] [DEBUG] [calypso-direct] [DATA_IN] AWS=4.3kt AWA=3° Batt=100% Temp=0°C
[2026-06-06T10:30:06.031] [DEBUG] [calypso-direct] [DATA_IN] AWS=4.3kt AWA=3° Batt=100% Temp=0°C
[2026-06-06T10:30:06.420] [WARNING] [calypso-direct] [TIMING] Large gap: 389ms (expected ~125ms at 8Hz) AWS=4.3kt
[2026-06-06T10:30:06.420] [DEBUG] [calypso-direct] [DATA_IN] AWS=4.3kt AWA=3° Batt=100% Temp=0°C
[2026-06-06T10:30:06.809] [WARNING] [calypso-direct] [TIMING] Large gap: 389ms (expected ~125ms at 8Hz) AWS=4.7kt
[2026-06-06T10:30:06.810] [DEBUG] [calypso-direct] [DATA_IN] AWS=4.7kt AWA=357° Batt=100% Temp=0°C
[2026-06-06T10:30:07.005] [DEBUG] [calypso-direct] [DATA_IN] AWS=4.9kt AWA=4° Batt=100% Temp=0°C
[2026-06-06T10:30:07.199] [DEBUG] [calypso-direct] [DATA_IN] AWS=5.1kt AWA=1° Batt=100% Temp=0°C
[2026-06-06T10:30:07.395] [DEBUG] [calypso-direct] [DATA_IN] AWS=4.9kt AWA=1° Batt=100% Temp=0°C
[2026-06-06T10:30:07.590] [DEBUG] [calypso-direct] [DATA_IN] AWS=4.9kt AWA=357° Batt=100% Temp=0°C
[2026-06-06T10:30:07.785] [DEBUG] [calypso-direct] [DATA_IN] AWS=4.7kt AWA=353° Batt=100% Temp=0°C
[2026-06-06T10:30:08.370] [WARNING] [calypso-direct] [TIMING] Large gap: 585ms (expected ~125ms at 8Hz) AWS=4.3kt
[2026-06-06T10:30:08.371] [DEBUG] [calypso-direct] [DATA_IN] AWS=4.3kt AWA=353° Batt=100% Temp=0°C
[2026-06-06T10:30:08.371] [DEBUG] [calypso-direct] [DATA_IN] AWS=4.3kt AWA=353° Batt=100% Temp=0°C
[2026-06-06T10:30:08.564] [DEBUG] [calypso-direct] [DATA_IN] AWS=4.3kt AWA=0° Batt=100% Temp=0°C
[2026-06-06T10:30:08.762] [DEBUG] [calypso-direct] [DATA_IN] AWS=4.7kt AWA=3° Batt=100% Temp=0°C
[2026-06-06T10:30:09.149] [WARNING] [calypso-direct] [TIMING] Large gap: 387ms (expected ~125ms at 8Hz) AWS=4.7kt
[2026-06-06T10:30:09.150] [DEBUG] [calypso-direct] [DATA_IN] AWS=4.7kt AWA=3° Batt=100% Temp=0°C
[2026-06-06T10:30:09.344] [DEBUG] [calypso-direct] [DATA_IN] AWS=4.7kt AWA=3° Batt=100% Temp=0°C
[2026-06-06T10:30:09.734] [WARNING] [calypso-direct] [TIMING] Large gap: 390ms (expected ~125ms at 8Hz) AWS=4.5kt
[2026-06-06T10:30:09.735] [DEBUG] [calypso-direct] [DATA_IN] AWS=4.5kt AWA=353° Batt=100% Temp=0°C
[2026-06-06T10:30:09.930] [DEBUG] [calypso-direct] [DATA_IN] AWS=4.5kt AWA=353° Batt=100% Temp=0°C
[2026-06-06T10:30:10.124] [DEBUG] [calypso-direct] [DATA_IN] AWS=3.5kt AWA=353° Batt=100% Temp=0°C
[2026-06-06T10:30:10.320] [DEBUG] [calypso-direct] [DATA_IN] AWS=3.5kt AWA=0° Batt=100% Temp=0°C
[2026-06-06T10:30:10.515] [DEBUG] [calypso-direct] [DATA_IN] AWS=3.5kt AWA=0° Batt=100% Temp=0°C
[2026-06-06T10:30:10.908] [WARNING] [calypso-direct] [TIMING] Large gap: 393ms (expected ~125ms at 8Hz) AWS=3.5kt
[2026-06-06T10:30:10.909] [DEBUG] [calypso-direct] [DATA_IN] AWS=3.5kt AWA=0° Batt=100% Temp=0°C
[2026-06-06T10:30:11.294] [WARNING] [calypso-direct] [TIMING] Large gap: 387ms (expected ~125ms at 8Hz) AWS=3.7kt
[2026-06-06T10:30:11.295] [DEBUG] [calypso-direct] [DATA_IN] AWS=3.7kt AWA=0° Batt=100% Temp=0°C
[2026-06-06T10:30:11.296] [DEBUG] [calypso-direct] [DATA_IN] AWS=3.9kt AWA=0° Batt=100% Temp=0°C
[2026-06-06T10:30:11.489] [DEBUG] [calypso-direct] [DATA_IN] AWS=3.9kt AWA=348° Batt=100% Temp=0°C
[2026-06-06T10:30:11.879] [WARNING] [calypso-direct] [TIMING] Large gap: 390ms (expected ~125ms at 8Hz) AWS=3.7kt
[2026-06-06T10:30:11.880] [DEBUG] [calypso-direct] [DATA_IN] AWS=3.7kt AWA=348° Batt=100% Temp=0°C
[2026-06-06T10:30:12.075] [DEBUG] [calypso-direct] [DATA_IN] AWS=3.7kt AWA=348° Batt=100% Temp=0°C
[2026-06-06T10:30:12.659] [WARNING] [calypso-direct] [TIMING] Large gap: 584ms (expected ~125ms at 8Hz) AWS=3.7kt
[2026-06-06T10:30:12.660] [DEBUG] [calypso-direct] [DATA_IN] AWS=3.7kt AWA=348° Batt=100% Temp=0°C
[2026-06-06T10:30:12.662] [DEBUG] [calypso-direct] [DATA_IN] AWS=3.5kt AWA=348° Batt=100% Temp=0°C
[2026-06-06T10:30:12.854] [DEBUG] [calypso-direct] [DATA_IN] AWS=3.5kt AWA=354° Batt=100% Temp=0°C
[2026-06-06T10:30:13.049] [DEBUG] [calypso-direct] [DATA_IN] AWS=3.5kt AWA=354° Batt=100% Temp=0°C
[2026-06-06T10:30:13.244] [DEBUG] [calypso-direct] [DATA_IN] AWS=3.5kt AWA=354° Batt=100% Temp=0°C
[2026-06-06T10:30:13.634] [WARNING] [calypso-direct] [TIMING] Large gap: 390ms (expected ~125ms at 8Hz) AWS=4.1kt
[2026-06-06T10:30:13.636] [DEBUG] [calypso-direct] [DATA_IN] AWS=4.1kt AWA=354° Batt=100% Temp=0°C
[2026-06-06T10:30:14.025] [WARNING] [calypso-direct] [TIMING] Large gap: 391ms (expected ~125ms at 8Hz) AWS=4.7kt
[2026-06-06T10:30:14.027] [DEBUG] [calypso-direct] [DATA_IN] AWS=4.7kt AWA=354° Batt=100% Temp=0°C
[2026-06-06T10:30:14.028] [DEBUG] [calypso-direct] [DATA_IN] AWS=4.9kt AWA=3° Batt=100% Temp=0°C
[2026-06-06T10:30:14.609] [WARNING] [calypso-direct] [TIMING] Large gap: 581ms (expected ~125ms at 8Hz) AWS=4.9kt
[2026-06-06T10:30:14.610] [DEBUG] [calypso-direct] [DATA_IN] AWS=4.9kt AWA=3° Batt=100% Temp=0°C
[2026-06-06T10:30:14.611] [DEBUG] [calypso-direct] [DATA_IN] AWS=4.9kt AWA=3° Batt=100% Temp=0°C
[2026-06-06T10:30:14.804] [DEBUG] [calypso-direct] [DATA_IN] AWS=4.5kt AWA=3° Batt=100% Temp=0°C
[2026-06-06T10:30:14.999] [DEBUG] [calypso-direct] [DATA_IN] AWS=4.5kt AWA=4° Batt=100% Temp=0°C
[2026-06-06T10:30:15.584] [WARNING] [calypso-direct] [TIMING] Large gap: 585ms (expected ~125ms at 8Hz) AWS=4.5kt
[2026-06-06T10:30:15.585] [DEBUG] [calypso-direct] [DATA_IN] AWS=4.5kt AWA=0° Batt=100% Temp=0°C
[2026-06-06T10:30:15.587] [DEBUG] [calypso-direct] [DATA_IN] AWS=4.5kt AWA=0° Batt=100% Temp=0°C
[2026-06-06T10:30:15.779] [DEBUG] [calypso-direct] [DATA_IN] AWS=4.9kt AWA=2° Batt=100% Temp=0°C
[2026-06-06T10:30:16.170] [WARNING] [calypso-direct] [TIMING] Large gap: 391ms (expected ~125ms at 8Hz) AWS=5.1kt
[2026-06-06T10:30:16.171] [DEBUG] [calypso-direct] [DATA_IN] AWS=5.1kt AWA=1° Batt=100% Temp=0°C
[2026-06-06T10:30:16.364] [DEBUG] [calypso-direct] [DATA_IN] AWS=5.1kt AWA=2° Batt=100% Temp=0°C
[2026-06-06T10:30:16.559] [DEBUG] [calypso-direct] [DATA_IN] AWS=4.9kt AWA=2° Batt=100% Temp=0°C
[2026-06-06T10:30:16.949] [WARNING] [calypso-direct] [TIMING] Large gap: 390ms (expected ~125ms at 8Hz) AWS=4.5kt
[2026-06-06T10:30:16.950] [DEBUG] [calypso-direct] [DATA_IN] AWS=4.5kt AWA=3° Batt=100% Temp=0°C
[2026-06-06T10:30:17.144] [DEBUG] [calypso-direct] [DATA_IN] AWS=4.1kt AWA=1° Batt=100% Temp=0°C
[2026-06-06T10:30:17.339] [DEBUG] [calypso-direct] [DATA_IN] AWS=3.7kt AWA=356° Batt=100% Temp=0°C
[2026-06-06T10:30:17.534] [DEBUG] [calypso-direct] [DATA_IN] AWS=3.7kt AWA=356° Batt=100% Temp=0°C
[2026-06-06T10:30:17.729] [DEBUG] [calypso-direct] [DATA_IN] AWS=3.5kt AWA=353° Batt=100% Temp=0°C
[2026-06-06T10:30:18.509] [WARNING] [calypso-direct] [TIMING] Large gap: 780ms (expected ~125ms at 8Hz) AWS=3.5kt
[2026-06-06T10:30:18.510] [DEBUG] [calypso-direct] [DATA_IN] AWS=3.5kt AWA=353° Batt=100% Temp=0°C
[2026-06-06T10:30:18.705] [DEBUG] [calypso-direct] [DATA_IN] AWS=3.5kt AWA=353° Batt=100% Temp=0°C
[2026-06-06T10:30:18.706] [DEBUG] [calypso-direct] [DATA_IN] AWS=3.5kt AWA=2° Batt=100% Temp=0°C
[2026-06-06T10:30:18.900] [DEBUG] [calypso-direct] [DATA_IN] AWS=3.7kt AWA=2° Batt=100% Temp=0°C
[2026-06-06T10:30:19.094] [DEBUG] [calypso-direct] [DATA_IN] AWS=3.7kt AWA=3° Batt=100% Temp=0°C
[2026-06-06T10:30:19.290] [DEBUG] [calypso-direct] [DATA_IN] AWS=3.9kt AWA=7° Batt=100% Temp=0°C
[2026-06-06T10:30:19.485] [DEBUG] [calypso-direct] [DATA_IN] AWS=4.1kt AWA=2° Batt=100% Temp=0°C
[2026-06-06T10:30:19.874] [WARNING] [calypso-direct] [TIMING] Large gap: 390ms (expected ~125ms at 8Hz) AWS=4.1kt
[2026-06-06T10:30:19.875] [DEBUG] [calypso-direct] [DATA_IN] AWS=4.1kt AWA=1° Batt=100% Temp=0°C
[2026-06-06T10:30:20.069] [DEBUG] [calypso-direct] [DATA_IN] AWS=4.1kt AWA=7° Batt=100% Temp=0°C
[2026-06-06T10:30:20.459] [WARNING] [calypso-direct] [TIMING] Large gap: 390ms (expected ~125ms at 8Hz) AWS=4.3kt
[2026-06-06T10:30:20.459] [DEBUG] [calypso-direct] [DATA_IN] AWS=4.3kt AWA=1° Batt=100% Temp=0°C
[2026-06-06T10:30:20.654] [DEBUG] [calypso-direct] [DATA_IN] AWS=4.1kt AWA=1° Batt=100% Temp=0°C
[2026-06-06T10:30:20.849] [DEBUG] [calypso-direct] [DATA_IN] AWS=3.9kt AWA=1° Batt=100% Temp=0°C
[2026-06-06T10:30:21.434] [WARNING] [calypso-direct] [TIMING] Large gap: 585ms (expected ~125ms at 8Hz) AWS=3.9kt
[2026-06-06T10:30:21.436] [DEBUG] [calypso-direct] [DATA_IN] AWS=3.9kt AWA=1° Batt=100% Temp=0°C
[2026-06-06T10:30:21.437] [DEBUG] [calypso-direct] [DATA_IN] AWS=3.9kt AWA=1° Batt=100% Temp=0°C
[2026-06-06T10:30:21.629] [DEBUG] [calypso-direct] [DATA_IN] AWS=3.9kt AWA=348° Batt=100% Temp=0°C
[2026-06-06T10:30:21.824] [DEBUG] [calypso-direct] [DATA_IN] AWS=3.9kt AWA=348° Batt=100% Temp=0°C
[2026-06-06T10:30:22.019] [DEBUG] [calypso-direct] [DATA_IN] AWS=3.9kt AWA=348° Batt=100% Temp=0°C
[2026-06-06T10:30:22.409] [WARNING] [calypso-direct] [TIMING] Large gap: 390ms (expected ~125ms at 8Hz) AWS=4.1kt
[2026-06-06T10:30:22.410] [DEBUG] [calypso-direct] [DATA_IN] AWS=4.1kt AWA=348° Batt=100% Temp=0°C
[2026-06-06T10:30:22.800] [WARNING] [calypso-direct] [TIMING] Large gap: 390ms (expected ~125ms at 8Hz) AWS=3.9kt
[2026-06-06T10:30:22.800] [DEBUG] [calypso-direct] [DATA_IN] AWS=3.9kt AWA=348° Batt=100% Temp=0°C
[2026-06-06T10:30:22.994] [DEBUG] [calypso-direct] [DATA_IN] AWS=3.7kt AWA=345° Batt=100% Temp=0°C
[2026-06-06T10:30:22.996] [DEBUG] [calypso-direct] [DATA_IN] AWS=3.7kt AWA=345° Batt=100% Temp=0°C
[2026-06-06T10:30:23.384] [WARNING] [calypso-direct] [TIMING] Large gap: 389ms (expected ~125ms at 8Hz) AWS=3.9kt
[2026-06-06T10:30:23.386] [DEBUG] [calypso-direct] [DATA_IN] AWS=3.9kt AWA=345° Batt=100% Temp=0°C
[2026-06-06T10:30:23.579] [DEBUG] [calypso-direct] [DATA_IN] AWS=3.9kt AWA=345° Batt=100% Temp=0°C
[2026-06-06T10:30:23.775] [DEBUG] [calypso-direct] [DATA_IN] AWS=4.1kt AWA=345° Batt=100% Temp=0°C
[2026-06-06T10:30:24.164] [WARNING] [calypso-direct] [TIMING] Large gap: 390ms (expected ~125ms at 8Hz) AWS=4.1kt
[2026-06-06T10:30:24.164] [DEBUG] [calypso-direct] [DATA_IN] AWS=4.1kt AWA=355° Batt=100% Temp=0°C
[2026-06-06T10:30:24.359] [DEBUG] [calypso-direct] [DATA_IN] AWS=3.9kt AWA=355° Batt=100% Temp=0°C
[2026-06-06T10:30:24.554] [DEBUG] [calypso-direct] [DATA_IN] AWS=4.1kt AWA=355° Batt=100% Temp=0°C
[2026-06-06T10:30:24.749] [DEBUG] [calypso-direct] [DATA_IN] AWS=4.3kt AWA=355° Batt=100% Temp=0°C
[2026-06-06T10:30:25.139] [WARNING] [calypso-direct] [TIMING] Large gap: 390ms (expected ~125ms at 8Hz) AWS=4.3kt
[2026-06-06T10:30:25.139] [DEBUG] [calypso-direct] [DATA_IN] AWS=4.3kt AWA=355° Batt=100% Temp=0°C
[2026-06-06T10:30:25.334] [DEBUG] [calypso-direct] [DATA_IN] AWS=4.3kt AWA=349° Batt=100% Temp=0°C
[2026-06-06T10:30:25.724] [WARNING] [calypso-direct] [TIMING] Large gap: 390ms (expected ~125ms at 8Hz) AWS=4.3kt
[2026-06-06T10:30:25.725] [DEBUG] [calypso-direct] [DATA_IN] AWS=4.3kt AWA=349° Batt=100% Temp=0°C
[2026-06-06T10:30:25.919] [DEBUG] [calypso-direct] [DATA_IN] AWS=4.7kt AWA=349° Batt=100% Temp=0°C
[2026-06-06T10:30:26.114] [DEBUG] [calypso-direct] [DATA_IN] AWS=4.7kt AWA=349° Batt=100% Temp=0°C
[2026-06-06T10:30:26.309] [DEBUG] [calypso-direct] [DATA_IN] AWS=4.9kt AWA=349° Batt=100% Temp=0°C
[2026-06-06T10:30:26.505] [DEBUG] [calypso-direct] [DATA_IN] AWS=4.7kt AWA=1° Batt=100% Temp=0°C
[2026-06-06T10:30:27.090] [WARNING] [calypso-direct] [TIMING] Large gap: 584ms (expected ~125ms at 8Hz) AWS=4.7kt
[2026-06-06T10:30:27.090] [DEBUG] [calypso-direct] [DATA_IN] AWS=4.7kt AWA=0° Batt=100% Temp=0°C
[2026-06-06T10:30:27.284] [DEBUG] [calypso-direct] [DATA_IN] AWS=4.5kt AWA=0° Batt=100% Temp=0°C
[2026-06-06T10:30:27.286] [DEBUG] [calypso-direct] [DATA_IN] AWS=4.3kt AWA=12° Batt=100% Temp=0°C
[2026-06-06T10:30:27.675] [WARNING] [calypso-direct] [TIMING] Large gap: 389ms (expected ~125ms at 8Hz) AWS=4.3kt
[2026-06-06T10:30:27.676] [DEBUG] [calypso-direct] [DATA_IN] AWS=4.3kt AWA=12° Batt=100% Temp=0°C
[2026-06-06T10:30:27.869] [DEBUG] [calypso-direct] [DATA_IN] AWS=4.3kt AWA=354° Batt=100% Temp=0°C
[2026-06-06T10:30:28.064] [DEBUG] [calypso-direct] [DATA_IN] AWS=4.7kt AWA=354° Batt=100% Temp=0°C
[2026-06-06T10:30:28.259] [DEBUG] [calypso-direct] [DATA_IN] AWS=4.7kt AWA=354° Batt=100% Temp=0°C
[2026-06-06T10:30:28.650] [WARNING] [calypso-direct] [TIMING] Large gap: 391ms (expected ~125ms at 8Hz) AWS=4.7kt
[2026-06-06T10:30:28.650] [DEBUG] [calypso-direct] [DATA_IN] AWS=4.7kt AWA=354° Batt=100% Temp=0°C
[2026-06-06T10:30:28.844] [DEBUG] [calypso-direct] [DATA_IN] AWS=4.7kt AWA=354° Batt=100% Temp=0°C
[2026-06-06T10:30:29.039] [DEBUG] [calypso-direct] [DATA_IN] AWS=4.7kt AWA=2° Batt=100% Temp=0°C
[2026-06-06T10:30:29.234] [DEBUG] [calypso-direct] [DATA_IN] AWS=4.7kt AWA=2° Batt=100% Temp=0°C
[2026-06-06T10:30:30.014] [WARNING] [calypso-direct] [TIMING] Large gap: 780ms (expected ~125ms at 8Hz) AWS=4.7kt
[2026-06-06T10:30:30.015] [DEBUG] [calypso-direct] [DATA_IN] AWS=4.7kt AWA=1° Batt=100% Temp=0°C
[2026-06-06T10:30:30.017] [DEBUG] [calypso-direct] [DATA_IN] AWS=4.7kt AWA=2° Batt=100% Temp=0°C
[2026-06-06T10:30:30.209] [DEBUG] [calypso-direct] [DATA_IN] AWS=4.9kt AWA=2° Batt=100% Temp=0°C
[2026-06-06T10:30:30.404] [DEBUG] [calypso-direct] [DATA_IN] AWS=4.9kt AWA=2° Batt=100% Temp=0°C
[2026-06-06T10:30:30.600] [DEBUG] [calypso-direct] [DATA_IN] AWS=4.9kt AWA=2° Batt=100% Temp=0°C
[2026-06-06T10:30:30.795] [DEBUG] [calypso-direct] [DATA_IN] AWS=4.7kt AWA=2° Batt=100% Temp=0°C
[2026-06-06T10:30:30.989] [DEBUG] [calypso-direct] [DATA_IN] AWS=4.7kt AWA=1° Batt=100% Temp=0°C
[2026-06-06T10:30:31.574] [WARNING] [calypso-direct] [TIMING] Large gap: 585ms (expected ~125ms at 8Hz) AWS=4.7kt
[2026-06-06T10:30:31.574] [DEBUG] [calypso-direct] [DATA_IN] AWS=4.7kt AWA=1° Batt=100% Temp=0°C
[2026-06-06T10:30:31.577] [DEBUG] [calypso-direct] [DATA_IN] AWS=4.9kt AWA=349° Batt=100% Temp=0°C
[2026-06-06T10:30:31.772] [DEBUG] [calypso-direct] [DATA_IN] AWS=4.9kt AWA=349° Batt=100% Temp=0°C
[2026-06-06T10:30:32.355] [WARNING] [calypso-direct] [TIMING] Large gap: 584ms (expected ~125ms at 8Hz) AWS=4.9kt
[2026-06-06T10:30:32.356] [DEBUG] [calypso-direct] [DATA_IN] AWS=4.9kt AWA=349° Batt=100% Temp=0°C
[2026-06-06T10:30:32.359] [DEBUG] [calypso-direct] [DATA_IN] AWS=4.9kt AWA=349° Batt=100% Temp=0°C
[2026-06-06T10:30:32.551] [DEBUG] [calypso-direct] [DATA_IN] AWS=4.9kt AWA=349° Batt=100% Temp=0°C
[2026-06-06T10:30:32.939] [WARNING] [calypso-direct] [TIMING] Large gap: 389ms (expected ~125ms at 8Hz) AWS=4.7kt
[2026-06-06T10:30:32.940] [DEBUG] [calypso-direct] [DATA_IN] AWS=4.7kt AWA=3° Batt=100% Temp=0°C
[2026-06-06T10:30:33.134] [DEBUG] [calypso-direct] [DATA_IN] AWS=4.5kt AWA=3° Batt=100% Temp=0°C
[2026-06-06T10:30:33.329] [DEBUG] [calypso-direct] [DATA_IN] AWS=4.5kt AWA=3° Batt=100% Temp=0°C
[2026-06-06T10:30:33.524] [DEBUG] [calypso-direct] [DATA_IN] AWS=4.5kt AWA=0° Batt=100% Temp=0°C
[2026-06-06T10:30:33.916] [WARNING] [calypso-direct] [TIMING] Large gap: 392ms (expected ~125ms at 8Hz) AWS=4.5kt
[2026-06-06T10:30:33.916] [DEBUG] [calypso-direct] [DATA_IN] AWS=4.5kt AWA=3° Batt=100% Temp=0°C
[2026-06-06T10:30:34.499] [WARNING] [calypso-direct] [TIMING] Large gap: 583ms (expected ~125ms at 8Hz) AWS=4.5kt
[2026-06-06T10:30:34.500] [DEBUG] [calypso-direct] [DATA_IN] AWS=4.5kt AWA=352° Batt=100% Temp=0°C
[2026-06-06T10:30:34.502] [DEBUG] [calypso-direct] [DATA_IN] AWS=4.5kt AWA=352° Batt=100% Temp=0°C
[2026-06-06T10:30:34.503] [DEBUG] [calypso-direct] [DATA_IN] AWS=4.5kt AWA=352° Batt=100% Temp=0°C
[2026-06-06T10:30:34.889] [WARNING] [calypso-direct] [TIMING] Large gap: 386ms (expected ~125ms at 8Hz) AWS=4.7kt
[2026-06-06T10:30:34.889] [DEBUG] [calypso-direct] [DATA_IN] AWS=4.7kt AWA=351° Batt=100% Temp=0°C
[2026-06-06T10:30:35.084] [DEBUG] [calypso-direct] [DATA_IN] AWS=4.7kt AWA=352° Batt=100% Temp=0°C
[2026-06-06T10:30:35.279] [DEBUG] [calypso-direct] [DATA_IN] AWS=4.7kt AWA=355° Batt=100% Temp=0°C
[2026-06-06T10:30:35.864] [WARNING] [calypso-direct] [TIMING] Large gap: 585ms (expected ~125ms at 8Hz) AWS=4.5kt
[2026-06-06T10:30:35.865] [DEBUG] [calypso-direct] [DATA_IN] AWS=4.5kt AWA=355° Batt=100% Temp=0°C
[2026-06-06T10:30:35.866] [DEBUG] [calypso-direct] [DATA_IN] AWS=4.5kt AWA=355° Batt=100% Temp=0°C
[2026-06-06T10:30:36.059] [DEBUG] [calypso-direct] [DATA_IN] AWS=4.3kt AWA=355° Batt=100% Temp=0°C
[2026-06-06T10:30:36.254] [DEBUG] [calypso-direct] [DATA_IN] AWS=4.5kt AWA=355° Batt=100% Temp=0°C
[2026-06-06T10:30:36.644] [WARNING] [calypso-direct] [TIMING] Large gap: 390ms (expected ~125ms at 8Hz) AWS=4.5kt
[2026-06-06T10:30:36.645] [DEBUG] [calypso-direct] [DATA_IN] AWS=4.5kt AWA=345° Batt=100% Temp=0°C
[2026-06-06T10:30:36.839] [DEBUG] [calypso-direct] [DATA_IN] AWS=4.5kt AWA=345° Batt=100% Temp=0°C
[2026-06-06T10:30:37.229] [WARNING] [calypso-direct] [TIMING] Large gap: 390ms (expected ~125ms at 8Hz) AWS=4.5kt
[2026-06-06T10:30:37.230] [DEBUG] [calypso-direct] [DATA_IN] AWS=4.5kt AWA=345° Batt=100% Temp=0°C
[2026-06-06T10:30:37.424] [DEBUG] [calypso-direct] [DATA_IN] AWS=4.9kt AWA=345° Batt=100% Temp=0°C
[2026-06-06T10:30:37.814] [WARNING] [calypso-direct] [TIMING] Large gap: 390ms (expected ~125ms at 8Hz) AWS=4.5kt
[2026-06-06T10:30:37.814] [DEBUG] [calypso-direct] [DATA_IN] AWS=4.5kt AWA=345° Batt=100% Temp=0°C
[2026-06-06T10:30:37.815] [DEBUG] [calypso-direct] [DATA_IN] AWS=4.5kt AWA=349° Batt=100% Temp=0°C
[2026-06-06T10:30:38.010] [DEBUG] [calypso-direct] [DATA_IN] AWS=4.5kt AWA=349° Batt=100% Temp=0°C
[2026-06-06T10:30:38.789] [WARNING] [calypso-direct] [TIMING] Large gap: 779ms (expected ~125ms at 8Hz) AWS=4.5kt
[2026-06-06T10:30:38.789] [DEBUG] [calypso-direct] [DATA_IN] AWS=4.5kt AWA=349° Batt=100% Temp=0°C
[2026-06-06T10:30:38.791] [DEBUG] [calypso-direct] [DATA_IN] AWS=4.1kt AWA=349° Batt=100% Temp=0°C
[2026-06-06T10:30:38.793] [DEBUG] [calypso-direct] [DATA_IN] AWS=4.5kt AWA=349° Batt=100% Temp=0°C
[2026-06-06T10:30:38.984] [DEBUG] [calypso-direct] [DATA_IN] AWS=4.5kt AWA=344° Batt=100% Temp=0°C
[2026-06-06T10:30:39.571] [WARNING] [calypso-direct] [TIMING] Large gap: 587ms (expected ~125ms at 8Hz) AWS=4.1kt
[2026-06-06T10:30:39.572] [DEBUG] [calypso-direct] [DATA_IN] AWS=4.1kt AWA=344° Batt=100% Temp=0°C
[2026-06-06T10:30:39.573] [DEBUG] [calypso-direct] [DATA_IN] AWS=4.7kt AWA=344° Batt=100% Temp=0°C
[2026-06-06T10:30:39.764] [DEBUG] [calypso-direct] [DATA_IN] AWS=4.7kt AWA=344° Batt=100% Temp=0°C
[2026-06-06T10:30:40.155] [WARNING] [calypso-direct] [TIMING] Large gap: 391ms (expected ~125ms at 8Hz) AWS=4.7kt
[2026-06-06T10:30:40.155] [DEBUG] [calypso-direct] [DATA_IN] AWS=4.7kt AWA=344° Batt=100% Temp=0°C
[2026-06-06T10:30:40.349] [DEBUG] [calypso-direct] [DATA_IN] AWS=4.7kt AWA=349° Batt=100% Temp=0°C
[2026-06-06T10:30:40.544] [DEBUG] [calypso-direct] [DATA_IN] AWS=4.7kt AWA=349° Batt=100% Temp=0°C
[2026-06-06T10:30:40.739] [DEBUG] [calypso-direct] [DATA_IN] AWS=4.5kt AWA=350° Batt=100% Temp=0°C
[2026-06-06T10:30:41.129] [WARNING] [calypso-direct] [TIMING] Large gap: 390ms (expected ~125ms at 8Hz) AWS=4.5kt
[2026-06-06T10:30:41.130] [DEBUG] [calypso-direct] [DATA_IN] AWS=4.5kt AWA=349° Batt=100% Temp=0°C
[2026-06-06T10:30:41.519] [WARNING] [calypso-direct] [TIMING] Large gap: 390ms (expected ~125ms at 8Hz) AWS=4.5kt
[2026-06-06T10:30:41.519] [DEBUG] [calypso-direct] [DATA_IN] AWS=4.5kt AWA=349° Batt=100% Temp=0°C
[2026-06-06T10:30:41.714] [DEBUG] [calypso-direct] [DATA_IN] AWS=4.5kt AWA=347° Batt=100% Temp=0°C
[2026-06-06T10:30:42.104] [WARNING] [calypso-direct] [TIMING] Large gap: 390ms (expected ~125ms at 8Hz) AWS=4.5kt
[2026-06-06T10:30:42.104] [DEBUG] [calypso-direct] [DATA_IN] AWS=4.5kt AWA=347° Batt=100% Temp=0°C
[2026-06-06T10:30:42.106] [DEBUG] [calypso-direct] [DATA_IN] AWS=4.5kt AWA=347° Batt=100% Temp=0°C
[2026-06-06T10:30:42.299] [DEBUG] [calypso-direct] [DATA_IN] AWS=4.1kt AWA=347° Batt=100% Temp=0°C
[2026-06-06T10:30:42.494] [DEBUG] [calypso-direct] [DATA_IN] AWS=4.1kt AWA=347° Batt=100% Temp=0°C
[2026-06-06T10:30:43.079] [WARNING] [calypso-direct] [TIMING] Large gap: 585ms (expected ~125ms at 8Hz) AWS=4.7kt
[2026-06-06T10:30:43.080] [DEBUG] [calypso-direct] [DATA_IN] AWS=4.7kt AWA=358° Batt=100% Temp=0°C
[2026-06-06T10:30:43.081] [DEBUG] [calypso-direct] [DATA_IN] AWS=4.1kt AWA=358° Batt=100% Temp=0°C
[2026-06-06T10:30:43.275] [DEBUG] [calypso-direct] [DATA_IN] AWS=4.1kt AWA=358° Batt=100% Temp=0°C
[2026-06-06T10:30:43.664] [WARNING] [calypso-direct] [TIMING] Large gap: 389ms (expected ~125ms at 8Hz) AWS=4.3kt
[2026-06-06T10:30:43.664] [DEBUG] [calypso-direct] [DATA_IN] AWS=4.3kt AWA=358° Batt=100% Temp=0°C
[2026-06-06T10:30:43.859] [DEBUG] [calypso-direct] [DATA_IN] AWS=4.5kt AWA=358° Batt=100% Temp=0°C
[2026-06-06T10:30:44.054] [DEBUG] [calypso-direct] [DATA_IN] AWS=4.3kt AWA=349° Batt=100% Temp=0°C
[2026-06-06T10:30:44.639] [WARNING] [calypso-direct] [TIMING] Large gap: 585ms (expected ~125ms at 8Hz) AWS=4.3kt
[2026-06-06T10:30:44.639] [DEBUG] [calypso-direct] [DATA_IN] AWS=4.3kt AWA=349° Batt=100% Temp=0°C
[2026-06-06T10:30:44.640] [DEBUG] [calypso-direct] [DATA_IN] AWS=4.3kt AWA=349° Batt=100% Temp=0°C
[2026-06-06T10:30:44.834] [DEBUG] [calypso-direct] [DATA_IN] AWS=4.3kt AWA=349° Batt=100% Temp=0°C
[2026-06-06T10:30:45.029] [DEBUG] [calypso-direct] [DATA_IN] AWS=4.3kt AWA=349° Batt=100% Temp=0°C
[2026-06-06T10:30:45.419] [WARNING] [calypso-direct] [TIMING] Large gap: 390ms (expected ~125ms at 8Hz) AWS=4.3kt
[2026-06-06T10:30:45.419] [DEBUG] [calypso-direct] [DATA_IN] AWS=4.3kt AWA=356° Batt=100% Temp=0°C
[2026-06-06T10:30:45.809] [WARNING] [calypso-direct] [TIMING] Large gap: 390ms (expected ~125ms at 8Hz) AWS=4.3kt
[2026-06-06T10:30:45.809] [DEBUG] [calypso-direct] [DATA_IN] AWS=4.3kt AWA=356° Batt=100% Temp=0°C
[2026-06-06T10:30:45.810] [DEBUG] [calypso-direct] [DATA_IN] AWS=4.5kt AWA=356° Batt=100% Temp=0°C
[2026-06-06T10:30:46.004] [DEBUG] [calypso-direct] [DATA_IN] AWS=4.5kt AWA=356° Batt=100% Temp=0°C
[2026-06-06T10:30:46.394] [WARNING] [calypso-direct] [TIMING] Large gap: 390ms (expected ~125ms at 8Hz) AWS=4.3kt
[2026-06-06T10:30:46.394] [DEBUG] [calypso-direct] [DATA_IN] AWS=4.3kt AWA=356° Batt=100% Temp=0°C
[2026-06-06T10:30:46.589] [DEBUG] [calypso-direct] [DATA_IN] AWS=4.5kt AWA=352° Batt=100% Temp=0°C
[2026-06-06T10:30:46.784] [INFO] [calypso-direct] [RATE_1MIN] 241 pkts/min (expected 480 at 8Hz) max_gap=975ms gaps_>250ms=75
[2026-06-06T10:30:46.784] [DEBUG] [calypso-direct] [DATA_IN] AWS=4.5kt AWA=352° Batt=100% Temp=0°C
[2026-06-06T10:30:46.979] [DEBUG] [calypso-direct] [DATA_IN] AWS=4.7kt AWA=352° Batt=100% Temp=0°C
[2026-06-06T10:30:47.369] [WARNING] [calypso-direct] [TIMING] Large gap: 390ms (expected ~125ms at 8Hz) AWS=4.7kt
[2026-06-06T10:30:47.369] [DEBUG] [calypso-direct] [DATA_IN] AWS=4.7kt AWA=352° Batt=100% Temp=0°C
[2026-06-06T10:30:47.564] [DEBUG] [calypso-direct] [DATA_IN] AWS=4.7kt AWA=352° Batt=100% Temp=0°C
[2026-06-06T10:30:47.759] [DEBUG] [calypso-direct] [DATA_IN] AWS=4.5kt AWA=355° Batt=100% Temp=0°C
[2026-06-06T10:30:48.149] [WARNING] [calypso-direct] [TIMING] Large gap: 390ms (expected ~125ms at 8Hz) AWS=4.5kt
[2026-06-06T10:30:48.149] [DEBUG] [calypso-direct] [DATA_IN] AWS=4.5kt AWA=355° Batt=100% Temp=0°C
[2026-06-06T10:30:48.929] [WARNING] [calypso-direct] [TIMING] Large gap: 780ms (expected ~125ms at 8Hz) AWS=4.5kt
[2026-06-06T10:30:48.929] [DEBUG] [calypso-direct] [DATA_IN] AWS=4.5kt AWA=355° Batt=100% Temp=0°C
[2026-06-06T10:30:48.930] [DEBUG] [calypso-direct] [DATA_IN] AWS=4.5kt AWA=355° Batt=100% Temp=0°C
[2026-06-06T10:30:48.931] [DEBUG] [calypso-direct] [DATA_IN] AWS=4.3kt AWA=355° Batt=100% Temp=0°C
[2026-06-06T10:30:49.124] [DEBUG] [calypso-direct] [DATA_IN] AWS=4.1kt AWA=346° Batt=100% Temp=0°C
[2026-06-06T10:30:49.319] [DEBUG] [calypso-direct] [DATA_IN] AWS=4.1kt AWA=346° Batt=100% Temp=0°C
[2026-06-06T10:30:49.514] [DEBUG] [calypso-direct] [DATA_IN] AWS=4.1kt AWA=346° Batt=100% Temp=0°C
[2026-06-06T10:30:50.294] [WARNING] [calypso-direct] [TIMING] Large gap: 780ms (expected ~125ms at 8Hz) AWS=4.1kt
[2026-06-06T10:30:50.294] [DEBUG] [calypso-direct] [DATA_IN] AWS=4.1kt AWA=346° Batt=100% Temp=0°C
[2026-06-06T10:30:50.295] [DEBUG] [calypso-direct] [DATA_IN] AWS=3.9kt AWA=346° Batt=100% Temp=0°C
[2026-06-06T10:30:50.296] [DEBUG] [calypso-direct] [DATA_IN] AWS=3.9kt AWA=2° Batt=100% Temp=0°C
[2026-06-06T10:30:50.489] [DEBUG] [calypso-direct] [DATA_IN] AWS=3.9kt AWA=2° Batt=100% Temp=0°C
[2026-06-06T10:30:50.879] [WARNING] [calypso-direct] [TIMING] Large gap: 390ms (expected ~125ms at 8Hz) AWS=3.9kt
[2026-06-06T10:30:50.879] [DEBUG] [calypso-direct] [DATA_IN] AWS=3.9kt AWA=2° Batt=100% Temp=0°C
[2026-06-06T10:30:51.074] [DEBUG] [calypso-direct] [DATA_IN] AWS=3.9kt AWA=2° Batt=100% Temp=0°C
[2026-06-06T10:30:51.269] [DEBUG] [calypso-direct] [DATA_IN] AWS=3.9kt AWA=2° Batt=100% Temp=0°C
[2026-06-06T10:30:51.661] [WARNING] [calypso-direct] [TIMING] Large gap: 392ms (expected ~125ms at 8Hz) AWS=3.9kt
[2026-06-06T10:30:51.661] [DEBUG] [calypso-direct] [DATA_IN] AWS=3.9kt AWA=0° Batt=100% Temp=0°C
[2026-06-06T10:30:51.854] [DEBUG] [calypso-direct] [DATA_IN] AWS=4.1kt AWA=0° Batt=100% Temp=0°C
[2026-06-06T10:30:52.049] [DEBUG] [calypso-direct] [DATA_IN] AWS=4.1kt AWA=0° Batt=100% Temp=0°C
[2026-06-06T10:30:52.244] [DEBUG] [calypso-direct] [DATA_IN] AWS=4.1kt AWA=0° Batt=100% Temp=0°C
[2026-06-06T10:30:52.634] [WARNING] [calypso-direct] [TIMING] Large gap: 390ms (expected ~125ms at 8Hz) AWS=4.1kt
[2026-06-06T10:30:52.635] [DEBUG] [calypso-direct] [DATA_IN] AWS=4.1kt AWA=0° Batt=100% Temp=0°C
[2026-06-06T10:30:53.219] [WARNING] [calypso-direct] [TIMING] Large gap: 585ms (expected ~125ms at 8Hz) AWS=4.5kt
[2026-06-06T10:30:53.219] [DEBUG] [calypso-direct] [DATA_IN] AWS=4.5kt AWA=331° Batt=100% Temp=0°C
[2026-06-06T10:30:53.220] [DEBUG] [calypso-direct] [DATA_IN] AWS=4.3kt AWA=329° Batt=100% Temp=0°C
[2026-06-06T10:30:53.414] [DEBUG] [calypso-direct] [DATA_IN] AWS=4.3kt AWA=329° Batt=100% Temp=0°C
[2026-06-06T10:30:53.609] [DEBUG] [calypso-direct] [DATA_IN] AWS=4.3kt AWA=329° Batt=100% Temp=0°C
[2026-06-06T10:30:53.807] [DEBUG] [calypso-direct] [DATA_IN] AWS=4.3kt AWA=329° Batt=100% Temp=0°C
[2026-06-06T10:30:54.000] [DEBUG] [calypso-direct] [DATA_IN] AWS=4.3kt AWA=330° Batt=100% Temp=0°C
[2026-06-06T10:30:54.586] [WARNING] [calypso-direct] [TIMING] Large gap: 586ms (expected ~125ms at 8Hz) AWS=4.5kt
[2026-06-06T10:30:54.586] [DEBUG] [calypso-direct] [DATA_IN] AWS=4.5kt AWA=330° Batt=100% Temp=0°C
[2026-06-06T10:30:54.590] [DEBUG] [calypso-direct] [DATA_IN] AWS=4.5kt AWA=330° Batt=100% Temp=0°C
[2026-06-06T10:30:54.781] [DEBUG] [calypso-direct] [DATA_IN] AWS=4.9kt AWA=330° Batt=100% Temp=0°C
[2026-06-06T10:30:55.365] [WARNING] [calypso-direct] [TIMING] Large gap: 585ms (expected ~125ms at 8Hz) AWS=4.9kt
[2026-06-06T10:30:55.366] [DEBUG] [calypso-direct] [DATA_IN] AWS=4.9kt AWA=330° Batt=100% Temp=0°C
[2026-06-06T10:30:55.370] [DEBUG] [calypso-direct] [DATA_IN] AWS=5.4kt AWA=329° Batt=100% Temp=0°C
[2026-06-06T10:30:55.952] [WARNING] [calypso-direct] [TIMING] Large gap: 582ms (expected ~125ms at 8Hz) AWS=5.4kt
[2026-06-06T10:30:55.953] [DEBUG] [calypso-direct] [DATA_IN] AWS=5.4kt AWA=329° Batt=100% Temp=0°C
[2026-06-06T10:30:56.145] [DEBUG] [calypso-direct] [DATA_IN] AWS=5.4kt AWA=329° Batt=100% Temp=0°C
[2026-06-06T10:30:56.146] [DEBUG] [calypso-direct] [DATA_IN] AWS=4.1kt AWA=329° Batt=100% Temp=0°C
[2026-06-06T10:30:56.339] [DEBUG] [calypso-direct] [DATA_IN] AWS=4.1kt AWA=331° Batt=100% Temp=0°C
[2026-06-06T10:30:56.534] [DEBUG] [calypso-direct] [DATA_IN] AWS=4.1kt AWA=353° Batt=100% Temp=0°C
[2026-06-06T10:30:56.729] [DEBUG] [calypso-direct] [DATA_IN] AWS=4.1kt AWA=353° Batt=100% Temp=0°C
[2026-06-06T10:30:57.510] [WARNING] [calypso-direct] [TIMING] Large gap: 781ms (expected ~125ms at 8Hz) AWS=4.1kt
[2026-06-06T10:30:57.510] [DEBUG] [calypso-direct] [DATA_IN] AWS=4.1kt AWA=353° Batt=100% Temp=0°C
[2026-06-06T10:30:57.511] [DEBUG] [calypso-direct] [DATA_IN] AWS=4.3kt AWA=353° Batt=100% Temp=0°C
[2026-06-06T10:30:57.513] [DEBUG] [calypso-direct] [DATA_IN] AWS=4.5kt AWA=353° Batt=100% Temp=0°C
[2026-06-06T10:30:57.899] [WARNING] [calypso-direct] [TIMING] Large gap: 386ms (expected ~125ms at 8Hz) AWS=4.7kt
[2026-06-06T10:30:57.899] [DEBUG] [calypso-direct] [DATA_IN] AWS=4.7kt AWA=352° Batt=100% Temp=0°C
[2026-06-06T10:30:58.094] [DEBUG] [calypso-direct] [DATA_IN] AWS=4.7kt AWA=352° Batt=100% Temp=0°C
[2026-06-06T10:30:58.289] [DEBUG] [calypso-direct] [DATA_IN] AWS=4.7kt AWA=352° Batt=100% Temp=0°C
[2026-06-06T10:30:58.484] [DEBUG] [calypso-direct] [DATA_IN] AWS=4.7kt AWA=352° Batt=100% Temp=0°C
[2026-06-06T10:30:58.875] [WARNING] [calypso-direct] [TIMING] Large gap: 391ms (expected ~125ms at 8Hz) AWS=4.7kt
[2026-06-06T10:30:58.875] [DEBUG] [calypso-direct] [DATA_IN] AWS=4.7kt AWA=352° Batt=100% Temp=0°C
[2026-06-06T10:30:59.069] [DEBUG] [calypso-direct] [DATA_IN] AWS=4.7kt AWA=1° Batt=100% Temp=0°C
[2026-06-06T10:30:59.264] [DEBUG] [calypso-direct] [DATA_IN] AWS=5.1kt AWA=0° Batt=100% Temp=0°C
[2026-06-06T10:30:59.654] [WARNING] [calypso-direct] [TIMING] Large gap: 391ms (expected ~125ms at 8Hz) AWS=5.1kt
[2026-06-06T10:30:59.655] [DEBUG] [calypso-direct] [DATA_IN] AWS=5.1kt AWA=1° Batt=100% Temp=0°C
[2026-06-06T10:30:59.849] [DEBUG] [calypso-direct] [DATA_IN] AWS=5.2kt AWA=2° Batt=100% Temp=0°C
[2026-06-06T10:31:00.629] [WARNING] [calypso-direct] [TIMING] Large gap: 780ms (expected ~125ms at 8Hz) AWS=5.2kt
[2026-06-06T10:31:00.630] [DEBUG] [calypso-direct] [DATA_IN] AWS=5.2kt AWA=3° Batt=100% Temp=0°C
[2026-06-06T10:31:00.630] [DEBUG] [calypso-direct] [DATA_IN] AWS=5.1kt AWA=3° Batt=100% Temp=0°C
[2026-06-06T10:31:00.634] [DEBUG] [calypso-direct] [DATA_IN] AWS=4.9kt AWA=4° Batt=100% Temp=0°C
[2026-06-06T10:31:00.823] [DEBUG] [calypso-direct] [DATA_IN] AWS=5.1kt AWA=3° Batt=100% Temp=0°C
[2026-06-06T10:31:01.021] [DEBUG] [calypso-direct] [DATA_IN] AWS=5.1kt AWA=3° Batt=100% Temp=0°C
[2026-06-06T10:31:01.800] [WARNING] [calypso-direct] [TIMING] Large gap: 779ms (expected ~125ms at 8Hz) AWS=4.7kt
[2026-06-06T10:31:01.800] [DEBUG] [calypso-direct] [DATA_IN] AWS=4.7kt AWA=6° Batt=100% Temp=0°C
[2026-06-06T10:31:01.803] [DEBUG] [calypso-direct] [DATA_IN] AWS=4.7kt AWA=7° Batt=100% Temp=0°C
[2026-06-06T10:31:02.191] [WARNING] [calypso-direct] [TIMING] Large gap: 388ms (expected ~125ms at 8Hz) AWS=4.7kt
[2026-06-06T10:31:02.192] [DEBUG] [calypso-direct] [DATA_IN] AWS=4.7kt AWA=7° Batt=100% Temp=0°C
[2026-06-06T10:31:02.384] [DEBUG] [calypso-direct] [DATA_IN] AWS=4.7kt AWA=7° Batt=100% Temp=0°C
[2026-06-06T10:31:02.385] [DEBUG] [calypso-direct] [DATA_IN] AWS=4.5kt AWA=0° Batt=100% Temp=0°C
[2026-06-06T10:31:02.579] [DEBUG] [calypso-direct] [DATA_IN] AWS=4.5kt AWA=0° Batt=100% Temp=0°C
[2026-06-06T10:31:02.774] [DEBUG] [calypso-direct] [DATA_IN] AWS=4.3kt AWA=347° Batt=100% Temp=0°C
[2026-06-06T10:31:03.163] [WARNING] [calypso-direct] [TIMING] Large gap: 390ms (expected ~125ms at 8Hz) AWS=4.3kt
[2026-06-06T10:31:03.164] [DEBUG] [calypso-direct] [DATA_IN] AWS=4.3kt AWA=347° Batt=100% Temp=0°C
[2026-06-06T10:31:03.359] [DEBUG] [calypso-direct] [DATA_IN] AWS=4.3kt AWA=3° Batt=100% Temp=0°C
[2026-06-06T10:31:03.748] [WARNING] [calypso-direct] [TIMING] Large gap: 390ms (expected ~125ms at 8Hz) AWS=4.3kt
[2026-06-06T10:31:03.749] [DEBUG] [calypso-direct] [DATA_IN] AWS=4.3kt AWA=3° Batt=100% Temp=0°C
[2026-06-06T10:31:03.750] [DEBUG] [calypso-direct] [DATA_IN] AWS=4.9kt AWA=2° Batt=100% Temp=0°C
[2026-06-06T10:31:04.139] [WARNING] [calypso-direct] [TIMING] Large gap: 388ms (expected ~125ms at 8Hz) AWS=4.9kt
[2026-06-06T10:31:04.139] [DEBUG] [calypso-direct] [DATA_IN] AWS=4.9kt AWA=3° Batt=100% Temp=0°C
[2026-06-06T10:31:04.723] [WARNING] [calypso-direct] [TIMING] Large gap: 585ms (expected ~125ms at 8Hz) AWS=4.9kt
[2026-06-06T10:31:04.724] [DEBUG] [calypso-direct] [DATA_IN] AWS=4.9kt AWA=2° Batt=100% Temp=0°C
[2026-06-06T10:31:04.726] [DEBUG] [calypso-direct] [DATA_IN] AWS=4.7kt AWA=1° Batt=100% Temp=0°C
[2026-06-06T10:31:04.919] [DEBUG] [calypso-direct] [DATA_IN] AWS=4.7kt AWA=4° Batt=100% Temp=0°C
[2026-06-06T10:31:05.114] [DEBUG] [calypso-direct] [DATA_IN] AWS=4.5kt AWA=4° Batt=100% Temp=0°C
[2026-06-06T10:31:05.309] [DEBUG] [calypso-direct] [DATA_IN] AWS=4.5kt AWA=6° Batt=100% Temp=0°C
[2026-06-06T10:31:05.503] [DEBUG] [calypso-direct] [DATA_IN] AWS=4.5kt AWA=6° Batt=100% Temp=0°C
[2026-06-06T10:31:06.089] [WARNING] [calypso-direct] [TIMING] Large gap: 585ms (expected ~125ms at 8Hz) AWS=4.5kt
[2026-06-06T10:31:06.091] [DEBUG] [calypso-direct] [DATA_IN] AWS=4.5kt AWA=6° Batt=100% Temp=0°C
[2026-06-06T10:31:06.092] [DEBUG] [calypso-direct] [DATA_IN] AWS=4.5kt AWA=6° Batt=100% Temp=0°C
[2026-06-06T10:31:06.283] [DEBUG] [calypso-direct] [DATA_IN] AWS=4.7kt AWA=6° Batt=100% Temp=0°C
[2026-06-06T10:31:06.479] [DEBUG] [calypso-direct] [DATA_IN] AWS=4.7kt AWA=7° Batt=100% Temp=0°C
[2026-06-06T10:31:07.648] [WARNING] [calypso-direct] [TIMING] Large gap: 1170ms (expected ~125ms at 8Hz) AWS=4.7kt
[2026-06-06T10:31:07.649] [DEBUG] [calypso-direct] [DATA_IN] AWS=4.7kt AWA=7° Batt=100% Temp=0°C
[2026-06-06T10:31:07.651] [DEBUG] [calypso-direct] [DATA_IN] AWS=4.5kt AWA=7° Batt=100% Temp=0°C
[2026-06-06T10:31:07.653] [DEBUG] [calypso-direct] [DATA_IN] AWS=4.7kt AWA=4° Batt=100% Temp=0°C
[2026-06-06T10:31:07.654] [DEBUG] [calypso-direct] [DATA_IN] AWS=4.5kt AWA=6° Batt=100% Temp=0°C
[2026-06-06T10:31:07.844] [DEBUG] [calypso-direct] [DATA_IN] AWS=4.5kt AWA=4° Batt=100% Temp=0°C
[2026-06-06T10:31:08.040] [DEBUG] [calypso-direct] [DATA_IN] AWS=4.5kt AWA=350° Batt=100% Temp=0°C
[2026-06-06T10:31:08.234] [DEBUG] [calypso-direct] [DATA_IN] AWS=4.5kt AWA=350° Batt=100% Temp=0°C
[2026-06-06T10:31:08.623] [WARNING] [calypso-direct] [TIMING] Large gap: 390ms (expected ~125ms at 8Hz) AWS=4.5kt
[2026-06-06T10:31:08.624] [DEBUG] [calypso-direct] [DATA_IN] AWS=4.5kt AWA=350° Batt=100% Temp=0°C
[2026-06-06T10:31:09.014] [WARNING] [calypso-direct] [TIMING] Large gap: 390ms (expected ~125ms at 8Hz) AWS=4.7kt
[2026-06-06T10:31:09.014] [DEBUG] [calypso-direct] [DATA_IN] AWS=4.7kt AWA=350° Batt=100% Temp=0°C
[2026-06-06T10:31:09.018] [DEBUG] [calypso-direct] [DATA_IN] AWS=4.7kt AWA=354° Batt=100% Temp=0°C
[2026-06-06T10:31:09.404] [WARNING] [calypso-direct] [TIMING] Large gap: 386ms (expected ~125ms at 8Hz) AWS=4.7kt
[2026-06-06T10:31:09.404] [DEBUG] [calypso-direct] [DATA_IN] AWS=4.7kt AWA=354° Batt=100% Temp=0°C
[2026-06-06T10:31:09.603] [DEBUG] [calypso-direct] [DATA_IN] AWS=4.3kt AWA=354° Batt=100% Temp=0°C
[2026-06-06T10:31:09.793] [DEBUG] [calypso-direct] [DATA_IN] AWS=4.3kt AWA=354° Batt=100% Temp=0°C
[2026-06-06T10:31:09.988] [DEBUG] [calypso-direct] [DATA_IN] AWS=3.9kt AWA=354° Batt=100% Temp=0°C
[2026-06-06T10:31:10.378] [WARNING] [calypso-direct] [TIMING] Large gap: 390ms (expected ~125ms at 8Hz) AWS=3.9kt
[2026-06-06T10:31:10.379] [DEBUG] [calypso-direct] [DATA_IN] AWS=3.9kt AWA=353° Batt=100% Temp=0°C
[2026-06-06T10:31:10.574] [DEBUG] [calypso-direct] [DATA_IN] AWS=3.7kt AWA=353° Batt=100% Temp=0°C
[2026-06-06T10:31:10.769] [DEBUG] [calypso-direct] [DATA_IN] AWS=3.9kt AWA=353° Batt=100% Temp=0°C
[2026-06-06T10:31:11.159] [WARNING] [calypso-direct] [TIMING] Large gap: 389ms (expected ~125ms at 8Hz) AWS=3.7kt
[2026-06-06T10:31:11.159] [DEBUG] [calypso-direct] [DATA_IN] AWS=3.7kt AWA=353° Batt=100% Temp=0°C
[2026-06-06T10:31:11.354] [DEBUG] [calypso-direct] [DATA_IN] AWS=3.3kt AWA=353° Batt=100% Temp=0°C
[2026-06-06T10:31:11.548] [DEBUG] [calypso-direct] [DATA_IN] AWS=3.7kt AWA=345° Batt=100% Temp=0°C
[2026-06-06T10:31:11.939] [WARNING] [calypso-direct] [TIMING] Large gap: 390ms (expected ~125ms at 8Hz) AWS=3.9kt
[2026-06-06T10:31:11.939] [DEBUG] [calypso-direct] [DATA_IN] AWS=3.9kt AWA=345° Batt=100% Temp=0°C
[2026-06-06T10:31:12.134] [DEBUG] [calypso-direct] [DATA_IN] AWS=3.5kt AWA=345° Batt=100% Temp=0°C
[2026-06-06T10:31:12.329] [DEBUG] [calypso-direct] [DATA_IN] AWS=4.3kt AWA=345° Batt=100% Temp=0°C
[2026-06-06T10:31:12.524] [DEBUG] [calypso-direct] [DATA_IN] AWS=4.3kt AWA=345° Batt=100% Temp=0°C
[2026-06-06T10:31:12.913] [WARNING] [calypso-direct] [TIMING] Large gap: 390ms (expected ~125ms at 8Hz) AWS=4.5kt
[2026-06-06T10:31:12.914] [DEBUG] [calypso-direct] [DATA_IN] AWS=4.5kt AWA=350° Batt=100% Temp=0°C
[2026-06-06T10:31:13.303] [WARNING] [calypso-direct] [TIMING] Large gap: 390ms (expected ~125ms at 8Hz) AWS=4.3kt
[2026-06-06T10:31:13.304] [DEBUG] [calypso-direct] [DATA_IN] AWS=4.3kt AWA=350° Batt=100% Temp=0°C
[2026-06-06T10:31:13.306] [DEBUG] [calypso-direct] [DATA_IN] AWS=4.3kt AWA=350° Batt=100% Temp=0°C
[2026-06-06T10:31:13.498] [DEBUG] [calypso-direct] [DATA_IN] AWS=4.5kt AWA=350° Batt=100% Temp=0°C
[2026-06-06T10:31:13.888] [WARNING] [calypso-direct] [TIMING] Large gap: 390ms (expected ~125ms at 8Hz) AWS=4.1kt
[2026-06-06T10:31:13.889] [DEBUG] [calypso-direct] [DATA_IN] AWS=4.1kt AWA=350° Batt=100% Temp=0°C
[2026-06-06T10:31:14.083] [DEBUG] [calypso-direct] [DATA_IN] AWS=4.1kt AWA=5° Batt=100% Temp=0°C
[2026-06-06T10:31:14.278] [DEBUG] [calypso-direct] [DATA_IN] AWS=4.1kt AWA=5° Batt=100% Temp=0°C
[2026-06-06T10:31:14.668] [WARNING] [calypso-direct] [TIMING] Large gap: 390ms (expected ~125ms at 8Hz) AWS=3.9kt
[2026-06-06T10:31:14.669] [DEBUG] [calypso-direct] [DATA_IN] AWS=3.9kt AWA=5° Batt=100% Temp=0°C
[2026-06-06T10:31:14.863] [DEBUG] [calypso-direct] [DATA_IN] AWS=3.9kt AWA=1° Batt=100% Temp=0°C
[2026-06-06T10:31:15.058] [DEBUG] [calypso-direct] [DATA_IN] AWS=4.3kt AWA=1° Batt=100% Temp=0°C
[2026-06-06T10:31:15.253] [DEBUG] [calypso-direct] [DATA_IN] AWS=4.5kt AWA=354° Batt=100% Temp=0°C
[2026-06-06T10:31:15.643] [WARNING] [calypso-direct] [TIMING] Large gap: 390ms (expected ~125ms at 8Hz) AWS=4.3kt
[2026-06-06T10:31:15.644] [DEBUG] [calypso-direct] [DATA_IN] AWS=4.3kt AWA=354° Batt=100% Temp=0°C
[2026-06-06T10:31:15.839] [DEBUG] [calypso-direct] [DATA_IN] AWS=4.3kt AWA=354° Batt=100% Temp=0°C
[2026-06-06T10:31:16.229] [WARNING] [calypso-direct] [TIMING] Large gap: 390ms (expected ~125ms at 8Hz) AWS=4.3kt
[2026-06-06T10:31:16.229] [DEBUG] [calypso-direct] [DATA_IN] AWS=4.3kt AWA=354° Batt=100% Temp=0°C
[2026-06-06T10:31:16.423] [DEBUG] [calypso-direct] [DATA_IN] AWS=4.1kt AWA=354° Batt=100% Temp=0°C
[2026-06-06T10:31:16.618] [DEBUG] [calypso-direct] [DATA_IN] AWS=4.1kt AWA=1° Batt=100% Temp=0°C
[2026-06-06T10:31:16.814] [DEBUG] [calypso-direct] [DATA_IN] AWS=4.1kt AWA=1° Batt=100% Temp=0°C
[2026-06-06T10:31:17.009] [DEBUG] [calypso-direct] [DATA_IN] AWS=4.1kt AWA=1° Batt=100% Temp=0°C
[2026-06-06T10:31:17.594] [WARNING] [calypso-direct] [TIMING] Large gap: 585ms (expected ~125ms at 8Hz) AWS=4.5kt
[2026-06-06T10:31:17.594] [DEBUG] [calypso-direct] [DATA_IN] AWS=4.5kt AWA=1° Batt=100% Temp=0°C
[2026-06-06T10:31:17.790] [DEBUG] [calypso-direct] [DATA_IN] AWS=4.5kt AWA=1° Batt=100% Temp=0°C
[2026-06-06T10:31:17.792] [DEBUG] [calypso-direct] [DATA_IN] AWS=4.7kt AWA=355° Batt=100% Temp=0°C
[2026-06-06T10:31:17.985] [DEBUG] [calypso-direct] [DATA_IN] AWS=4.7kt AWA=355° Batt=100% Temp=0°C
[2026-06-06T10:31:18.375] [WARNING] [calypso-direct] [TIMING] Large gap: 390ms (expected ~125ms at 8Hz) AWS=4.5kt
[2026-06-06T10:31:18.377] [DEBUG] [calypso-direct] [DATA_IN] AWS=4.5kt AWA=355° Batt=100% Temp=0°C
[2026-06-06T10:31:18.570] [DEBUG] [calypso-direct] [DATA_IN] AWS=4.5kt AWA=355° Batt=100% Temp=0°C
[2026-06-06T10:31:18.765] [DEBUG] [calypso-direct] [DATA_IN] AWS=4.5kt AWA=355° Batt=100% Temp=0°C
[2026-06-06T10:31:19.154] [WARNING] [calypso-direct] [TIMING] Large gap: 390ms (expected ~125ms at 8Hz) AWS=4.3kt
[2026-06-06T10:31:19.155] [DEBUG] [calypso-direct] [DATA_IN] AWS=4.3kt AWA=2° Batt=100% Temp=0°C
[2026-06-06T10:31:19.350] [DEBUG] [calypso-direct] [DATA_IN] AWS=4.3kt AWA=4° Batt=100% Temp=0°C
[2026-06-06T10:31:19.545] [DEBUG] [calypso-direct] [DATA_IN] AWS=4.3kt AWA=4° Batt=100% Temp=0°C
[2026-06-06T10:31:19.740] [DEBUG] [calypso-direct] [DATA_IN] AWS=4.3kt AWA=5° Batt=100% Temp=0°C
[2026-06-06T10:31:20.129] [WARNING] [calypso-direct] [TIMING] Large gap: 389ms (expected ~125ms at 8Hz) AWS=4.3kt
[2026-06-06T10:31:20.131] [DEBUG] [calypso-direct] [DATA_IN] AWS=4.3kt AWA=5° Batt=100% Temp=0°C
[2026-06-06T10:31:20.519] [WARNING] [calypso-direct] [TIMING] Large gap: 390ms (expected ~125ms at 8Hz) AWS=3.9kt
[2026-06-06T10:31:20.519] [DEBUG] [calypso-direct] [DATA_IN] AWS=3.9kt AWA=5° Batt=100% Temp=0°C
[2026-06-06T10:31:20.522] [DEBUG] [calypso-direct] [DATA_IN] AWS=3.9kt AWA=1° Batt=100% Temp=0°C
[2026-06-06T10:31:20.908] [WARNING] [calypso-direct] [TIMING] Large gap: 387ms (expected ~125ms at 8Hz) AWS=3.9kt
[2026-06-06T10:31:20.909] [DEBUG] [calypso-direct] [DATA_IN] AWS=3.9kt AWA=1° Batt=100% Temp=0°C
[2026-06-06T10:31:21.104] [DEBUG] [calypso-direct] [DATA_IN] AWS=3.9kt AWA=1° Batt=100% Temp=0°C
[2026-06-06T10:31:21.493] [WARNING] [calypso-direct] [TIMING] Large gap: 389ms (expected ~125ms at 8Hz) AWS=4.1kt
[2026-06-06T10:31:21.494] [DEBUG] [calypso-direct] [DATA_IN] AWS=4.1kt AWA=1° Batt=100% Temp=0°C
[2026-06-06T10:31:22.079] [WARNING] [calypso-direct] [TIMING] Large gap: 586ms (expected ~125ms at 8Hz) AWS=4.1kt
[2026-06-06T10:31:22.080] [DEBUG] [calypso-direct] [DATA_IN] AWS=4.1kt AWA=3° Batt=100% Temp=0°C
[2026-06-06T10:31:22.081] [DEBUG] [calypso-direct] [DATA_IN] AWS=4.5kt AWA=6° Batt=100% Temp=0°C
[2026-06-06T10:31:22.083] [DEBUG] [calypso-direct] [DATA_IN] AWS=4.5kt AWA=8° Batt=100% Temp=0°C
[2026-06-06T10:31:22.274] [DEBUG] [calypso-direct] [DATA_IN] AWS=4.7kt AWA=8° Batt=100% Temp=0°C
[2026-06-06T10:31:22.667] [WARNING] [calypso-direct] [TIMING] Large gap: 393ms (expected ~125ms at 8Hz) AWS=4.7kt
[2026-06-06T10:31:22.667] [DEBUG] [calypso-direct] [DATA_IN] AWS=4.7kt AWA=10° Batt=100% Temp=0°C
[2026-06-06T10:31:22.858] [DEBUG] [calypso-direct] [DATA_IN] AWS=4.5kt AWA=10° Batt=100% Temp=0°C
[2026-06-06T10:31:23.053] [DEBUG] [calypso-direct] [DATA_IN] AWS=4.3kt AWA=13° Batt=100% Temp=0°C
[2026-06-06T10:31:23.443] [WARNING] [calypso-direct] [TIMING] Large gap: 390ms (expected ~125ms at 8Hz) AWS=4.3kt
[2026-06-06T10:31:23.445] [DEBUG] [calypso-direct] [DATA_IN] AWS=4.3kt AWA=13° Batt=100% Temp=0°C
[2026-06-06T10:31:23.638] [DEBUG] [calypso-direct] [DATA_IN] AWS=4.3kt AWA=11° Batt=100% Temp=0°C
[2026-06-06T10:31:23.834] [DEBUG] [calypso-direct] [DATA_IN] AWS=4.3kt AWA=11° Batt=100% Temp=0°C
[2026-06-06T10:31:24.028] [DEBUG] [calypso-direct] [DATA_IN] AWS=4.3kt AWA=11° Batt=100% Temp=0°C
[2026-06-06T10:31:24.418] [WARNING] [calypso-direct] [TIMING] Large gap: 390ms (expected ~125ms at 8Hz) AWS=4.7kt
[2026-06-06T10:31:24.419] [DEBUG] [calypso-direct] [DATA_IN] AWS=4.7kt AWA=11° Batt=100% Temp=0°C
[2026-06-06T10:31:24.808] [WARNING] [calypso-direct] [TIMING] Large gap: 390ms (expected ~125ms at 8Hz) AWS=4.7kt
[2026-06-06T10:31:24.809] [DEBUG] [calypso-direct] [DATA_IN] AWS=4.7kt AWA=8° Batt=100% Temp=0°C
[2026-06-06T10:31:25.003] [DEBUG] [calypso-direct] [DATA_IN] AWS=4.7kt AWA=12° Batt=100% Temp=0°C
[2026-06-06T10:31:25.006] [DEBUG] [calypso-direct] [DATA_IN] AWS=4.7kt AWA=12° Batt=100% Temp=0°C
[2026-06-06T10:31:25.396] [WARNING] [calypso-direct] [TIMING] Large gap: 390ms (expected ~125ms at 8Hz) AWS=4.7kt
[2026-06-06T10:31:25.396] [DEBUG] [calypso-direct] [DATA_IN] AWS=4.7kt AWA=14° Batt=100% Temp=0°C
[2026-06-06T10:31:25.589] [DEBUG] [calypso-direct] [DATA_IN] AWS=4.7kt AWA=14° Batt=100% Temp=0°C
[2026-06-06T10:31:25.784] [DEBUG] [calypso-direct] [DATA_IN] AWS=4.7kt AWA=15° Batt=100% Temp=0°C
[2026-06-06T10:31:26.369] [WARNING] [calypso-direct] [TIMING] Large gap: 585ms (expected ~125ms at 8Hz) AWS=4.7kt
[2026-06-06T10:31:26.371] [DEBUG] [calypso-direct] [DATA_IN] AWS=4.7kt AWA=14° Batt=100% Temp=0°C
[2026-06-06T10:31:26.372] [DEBUG] [calypso-direct] [DATA_IN] AWS=4.7kt AWA=14° Batt=100% Temp=0°C
[2026-06-06T10:31:26.760] [WARNING] [calypso-direct] [TIMING] Large gap: 389ms (expected ~125ms at 8Hz) AWS=4.7kt
[2026-06-06T10:31:26.761] [DEBUG] [calypso-direct] [DATA_IN] AWS=4.7kt AWA=10° Batt=100% Temp=0°C
[2026-06-06T10:31:26.761] [DEBUG] [calypso-direct] [DATA_IN] AWS=4.5kt AWA=10° Batt=100% Temp=0°C
[2026-06-06T10:31:27.148] [WARNING] [calypso-direct] [TIMING] Large gap: 387ms (expected ~125ms at 8Hz) AWS=4.3kt
[2026-06-06T10:31:27.149] [DEBUG] [calypso-direct] [DATA_IN] AWS=4.3kt AWA=10° Batt=100% Temp=0°C
[2026-06-06T10:31:27.734] [WARNING] [calypso-direct] [TIMING] Large gap: 585ms (expected ~125ms at 8Hz) AWS=4.3kt
[2026-06-06T10:31:27.734] [DEBUG] [calypso-direct] [DATA_IN] AWS=4.3kt AWA=9° Batt=100% Temp=0°C
[2026-06-06T10:31:27.735] [DEBUG] [calypso-direct] [DATA_IN] AWS=4.3kt AWA=9° Batt=100% Temp=0°C
[2026-06-06T10:31:27.739] [DEBUG] [calypso-direct] [DATA_IN] AWS=4.3kt AWA=10° Batt=100% Temp=0°C
[2026-06-06T10:31:28.126] [WARNING] [calypso-direct] [TIMING] Large gap: 387ms (expected ~125ms at 8Hz) AWS=4.5kt
[2026-06-06T10:31:28.126] [DEBUG] [calypso-direct] [DATA_IN] AWS=4.5kt AWA=10° Batt=100% Temp=0°C
[2026-06-06T10:31:28.318] [DEBUG] [calypso-direct] [DATA_IN] AWS=4.5kt AWA=10° Batt=100% Temp=0°C
[2026-06-06T10:31:28.514] [DEBUG] [calypso-direct] [DATA_IN] AWS=4.7kt AWA=11° Batt=100% Temp=0°C
[2026-06-06T10:31:29.294] [WARNING] [calypso-direct] [TIMING] Large gap: 781ms (expected ~125ms at 8Hz) AWS=4.7kt
[2026-06-06T10:31:29.296] [DEBUG] [calypso-direct] [DATA_IN] AWS=4.7kt AWA=12° Batt=100% Temp=0°C
[2026-06-06T10:31:29.297] [DEBUG] [calypso-direct] [DATA_IN] AWS=4.5kt AWA=12° Batt=100% Temp=0°C
[2026-06-06T10:31:29.299] [DEBUG] [calypso-direct] [DATA_IN] AWS=4.7kt AWA=12° Batt=100% Temp=0°C
[2026-06-06T10:31:29.489] [DEBUG] [calypso-direct] [DATA_IN] AWS=4.7kt AWA=12° Batt=100% Temp=0°C
[2026-06-06T10:31:29.879] [WARNING] [calypso-direct] [TIMING] Large gap: 390ms (expected ~125ms at 8Hz) AWS=4.7kt
[2026-06-06T10:31:29.879] [DEBUG] [calypso-direct] [DATA_IN] AWS=4.7kt AWA=8° Batt=100% Temp=0°C
[2026-06-06T10:31:30.073] [DEBUG] [calypso-direct] [DATA_IN] AWS=4.7kt AWA=7° Batt=100% Temp=0°C
[2026-06-06T10:31:30.268] [DEBUG] [calypso-direct] [DATA_IN] AWS=4.7kt AWA=7° Batt=100% Temp=0°C
[2026-06-06T10:31:30.659] [WARNING] [calypso-direct] [TIMING] Large gap: 391ms (expected ~125ms at 8Hz) AWS=4.5kt
[2026-06-06T10:31:30.659] [DEBUG] [calypso-direct] [DATA_IN] AWS=4.5kt AWA=7° Batt=100% Temp=0°C
[2026-06-06T10:31:30.855] [DEBUG] [calypso-direct] [DATA_IN] AWS=4.3kt AWA=7° Batt=100% Temp=0°C
[2026-06-06T10:31:31.050] [DEBUG] [calypso-direct] [DATA_IN] AWS=4.3kt AWA=7° Batt=100% Temp=0°C
[2026-06-06T10:31:31.245] [DEBUG] [calypso-direct] [DATA_IN] AWS=4.3kt AWA=7° Batt=100% Temp=0°C
[2026-06-06T10:31:31.635] [WARNING] [calypso-direct] [TIMING] Large gap: 390ms (expected ~125ms at 8Hz) AWS=4.3kt
[2026-06-06T10:31:31.635] [DEBUG] [calypso-direct] [DATA_IN] AWS=4.3kt AWA=8° Batt=100% Temp=0°C
[2026-06-06T10:31:32.023] [WARNING] [calypso-direct] [TIMING] Large gap: 389ms (expected ~125ms at 8Hz) AWS=4.5kt
[2026-06-06T10:31:32.024] [DEBUG] [calypso-direct] [DATA_IN] AWS=4.5kt AWA=8° Batt=100% Temp=0°C
[2026-06-06T10:31:32.218] [DEBUG] [calypso-direct] [DATA_IN] AWS=4.7kt AWA=8° Batt=100% Temp=0°C
[2026-06-06T10:31:32.413] [DEBUG] [calypso-direct] [DATA_IN] AWS=5.1kt AWA=11° Batt=100% Temp=0°C
[2026-06-06T10:31:32.610] [DEBUG] [calypso-direct] [DATA_IN] AWS=5.1kt AWA=16° Batt=100% Temp=0°C
[2026-06-06T10:31:32.803] [DEBUG] [calypso-direct] [DATA_IN] AWS=5.1kt AWA=16° Batt=100% Temp=0°C
[2026-06-06T10:31:32.998] [DEBUG] [calypso-direct] [DATA_IN] AWS=4.9kt AWA=16° Batt=100% Temp=0°C
[2026-06-06T10:31:33.388] [WARNING] [calypso-direct] [TIMING] Large gap: 390ms (expected ~125ms at 8Hz) AWS=4.9kt
[2026-06-06T10:31:33.390] [DEBUG] [calypso-direct] [DATA_IN] AWS=4.9kt AWA=15° Batt=100% Temp=0°C
[2026-06-06T10:31:33.584] [DEBUG] [calypso-direct] [DATA_IN] AWS=4.9kt AWA=14° Batt=100% Temp=0°C
[2026-06-06T10:31:33.779] [DEBUG] [calypso-direct] [DATA_IN] AWS=4.9kt AWA=14° Batt=100% Temp=0°C
[2026-06-06T10:31:34.168] [WARNING] [calypso-direct] [TIMING] Large gap: 389ms (expected ~125ms at 8Hz) AWS=4.9kt
[2026-06-06T10:31:34.169] [DEBUG] [calypso-direct] [DATA_IN] AWS=4.9kt AWA=14° Batt=100% Temp=0°C
[2026-06-06T10:31:34.363] [DEBUG] [calypso-direct] [DATA_IN] AWS=4.9kt AWA=14° Batt=100% Temp=0°C
[2026-06-06T10:31:34.558] [DEBUG] [calypso-direct] [DATA_IN] AWS=5.1kt AWA=14° Batt=100% Temp=0°C
[2026-06-06T10:31:35.143] [WARNING] [calypso-direct] [TIMING] Large gap: 585ms (expected ~125ms at 8Hz) AWS=5.1kt
[2026-06-06T10:31:35.143] [DEBUG] [calypso-direct] [DATA_IN] AWS=5.1kt AWA=14° Batt=100% Temp=0°C
[2026-06-06T10:31:35.144] [DEBUG] [calypso-direct] [DATA_IN] AWS=5.1kt AWA=14° Batt=100% Temp=0°C
[2026-06-06T10:31:35.338] [DEBUG] [calypso-direct] [DATA_IN] AWS=5.1kt AWA=14° Batt=100% Temp=0°C
[2026-06-06T10:31:35.533] [DEBUG] [calypso-direct] [DATA_IN] AWS=4.9kt AWA=14° Batt=100% Temp=0°C
[2026-06-06T10:31:36.313] [WARNING] [calypso-direct] [TIMING] Large gap: 780ms (expected ~125ms at 8Hz) AWS=4.9kt
[2026-06-06T10:31:36.314] [DEBUG] [calypso-direct] [DATA_IN] AWS=4.9kt AWA=14° Batt=100% Temp=0°C
[2026-06-06T10:31:36.508] [DEBUG] [calypso-direct] [DATA_IN] AWS=4.9kt AWA=20° Batt=100% Temp=0°C
[2026-06-06T10:31:36.510] [DEBUG] [calypso-direct] [DATA_IN] AWS=4.9kt AWA=20° Batt=100% Temp=0°C
[2026-06-06T10:31:36.512] [DEBUG] [calypso-direct] [DATA_IN] AWS=4.9kt AWA=20° Batt=100% Temp=0°C
[2026-06-06T10:31:36.899] [WARNING] [calypso-direct] [TIMING] Large gap: 387ms (expected ~125ms at 8Hz) AWS=4.9kt
[2026-06-06T10:31:36.899] [DEBUG] [calypso-direct] [DATA_IN] AWS=4.9kt AWA=19° Batt=100% Temp=0°C
[2026-06-06T10:31:37.093] [DEBUG] [calypso-direct] [DATA_IN] AWS=5.1kt AWA=17° Batt=100% Temp=0°C
[2026-06-06T10:31:37.483] [WARNING] [calypso-direct] [TIMING] Large gap: 390ms (expected ~125ms at 8Hz) AWS=5.1kt
[2026-06-06T10:31:37.483] [DEBUG] [calypso-direct] [DATA_IN] AWS=5.1kt AWA=17° Batt=100% Temp=0°C
[2026-06-06T10:31:37.484] [DEBUG] [calypso-direct] [DATA_IN] AWS=5.1kt AWA=19° Batt=100% Temp=0°C
[2026-06-06T10:31:37.873] [WARNING] [calypso-direct] [TIMING] Large gap: 389ms (expected ~125ms at 8Hz) AWS=4.9kt
[2026-06-06T10:31:37.873] [DEBUG] [calypso-direct] [DATA_IN] AWS=4.9kt AWA=19° Batt=100% Temp=0°C
[2026-06-06T10:31:38.068] [DEBUG] [calypso-direct] [DATA_IN] AWS=4.9kt AWA=20° Batt=100% Temp=0°C
[2026-06-06T10:31:38.263] [DEBUG] [calypso-direct] [DATA_IN] AWS=4.9kt AWA=20° Batt=100% Temp=0°C
[2026-06-06T10:31:38.653] [WARNING] [calypso-direct] [TIMING] Large gap: 390ms (expected ~125ms at 8Hz) AWS=4.9kt
[2026-06-06T10:31:38.654] [DEBUG] [calypso-direct] [DATA_IN] AWS=4.9kt AWA=20° Batt=100% Temp=0°C
[2026-06-06T10:31:38.848] [DEBUG] [calypso-direct] [DATA_IN] AWS=4.5kt AWA=18° Batt=100% Temp=0°C
[2026-06-06T10:31:39.433] [WARNING] [calypso-direct] [TIMING] Large gap: 585ms (expected ~125ms at 8Hz) AWS=4.5kt
[2026-06-06T10:31:39.434] [DEBUG] [calypso-direct] [DATA_IN] AWS=4.5kt AWA=15° Batt=100% Temp=0°C
[2026-06-06T10:31:39.435] [DEBUG] [calypso-direct] [DATA_IN] AWS=4.5kt AWA=14° Batt=100% Temp=0°C
[2026-06-06T10:31:39.824] [WARNING] [calypso-direct] [TIMING] Large gap: 389ms (expected ~125ms at 8Hz) AWS=4.5kt
[2026-06-06T10:31:39.824] [DEBUG] [calypso-direct] [DATA_IN] AWS=4.5kt AWA=12° Batt=100% Temp=0°C
[2026-06-06T10:31:39.826] [DEBUG] [calypso-direct] [DATA_IN] AWS=3.9kt AWA=8° Batt=100% Temp=0°C
[2026-06-06T10:31:40.798] [WARNING] [calypso-direct] [TIMING] Large gap: 972ms (expected ~125ms at 8Hz) AWS=3.9kt
[2026-06-06T10:31:40.798] [DEBUG] [calypso-direct] [DATA_IN] AWS=3.9kt AWA=8° Batt=100% Temp=0°C
[2026-06-06T10:31:40.800] [DEBUG] [calypso-direct] [DATA_IN] AWS=3.9kt AWA=8° Batt=100% Temp=0°C
[2026-06-06T10:31:40.993] [DEBUG] [calypso-direct] [DATA_IN] AWS=4.3kt AWA=12° Batt=100% Temp=0°C
[2026-06-06T10:31:40.997] [DEBUG] [calypso-direct] [DATA_IN] AWS=4.5kt AWA=18° Batt=100% Temp=0°C
[2026-06-06T10:31:40.998] [DEBUG] [calypso-direct] [DATA_IN] AWS=4.9kt AWA=18° Batt=100% Temp=0°C
[2026-06-06T10:31:41.383] [WARNING] [calypso-direct] [TIMING] Large gap: 385ms (expected ~125ms at 8Hz) AWS=4.9kt
[2026-06-06T10:31:41.383] [DEBUG] [calypso-direct] [DATA_IN] AWS=4.9kt AWA=21° Batt=100% Temp=0°C
[2026-06-06T10:31:41.773] [WARNING] [calypso-direct] [TIMING] Large gap: 390ms (expected ~125ms at 8Hz) AWS=4.9kt
[2026-06-06T10:31:41.773] [DEBUG] [calypso-direct] [DATA_IN] AWS=4.9kt AWA=21° Batt=100% Temp=0°C
[2026-06-06T10:31:42.163] [WARNING] [calypso-direct] [TIMING] Large gap: 390ms (expected ~125ms at 8Hz) AWS=4.9kt
[2026-06-06T10:31:42.163] [DEBUG] [calypso-direct] [DATA_IN] AWS=4.9kt AWA=21° Batt=100% Temp=0°C
[2026-06-06T10:31:42.166] [DEBUG] [calypso-direct] [DATA_IN] AWS=4.9kt AWA=23° Batt=100% Temp=0°C
[2026-06-06T10:31:42.358] [DEBUG] [calypso-direct] [DATA_IN] AWS=4.9kt AWA=23° Batt=100% Temp=0°C
[2026-06-06T10:31:42.553] [DEBUG] [calypso-direct] [DATA_IN] AWS=4.9kt AWA=21° Batt=100% Temp=0°C
[2026-06-06T10:31:42.748] [DEBUG] [calypso-direct] [DATA_IN] AWS=4.7kt AWA=21° Batt=100% Temp=0°C
[2026-06-06T10:31:43.138] [WARNING] [calypso-direct] [TIMING] Large gap: 390ms (expected ~125ms at 8Hz) AWS=4.9kt
[2026-06-06T10:31:43.139] [DEBUG] [calypso-direct] [DATA_IN] AWS=4.9kt AWA=23° Batt=100% Temp=0°C
[2026-06-06T10:31:43.334] [DEBUG] [calypso-direct] [DATA_IN] AWS=4.7kt AWA=17° Batt=100% Temp=0°C
[2026-06-06T10:31:43.528] [DEBUG] [calypso-direct] [DATA_IN] AWS=4.7kt AWA=14° Batt=100% Temp=0°C
[2026-06-06T10:31:43.918] [WARNING] [calypso-direct] [TIMING] Large gap: 390ms (expected ~125ms at 8Hz) AWS=4.7kt
[2026-06-06T10:31:43.919] [DEBUG] [calypso-direct] [DATA_IN] AWS=4.7kt AWA=14° Batt=100% Temp=0°C
[2026-06-06T10:31:44.113] [DEBUG] [calypso-direct] [DATA_IN] AWS=4.7kt AWA=14° Batt=100% Temp=0°C
[2026-06-06T10:31:44.308] [DEBUG] [calypso-direct] [DATA_IN] AWS=4.5kt AWA=13° Batt=100% Temp=0°C
[2026-06-06T10:31:44.503] [DEBUG] [calypso-direct] [DATA_IN] AWS=4.5kt AWA=14° Batt=100% Temp=0°C
[2026-06-06T10:31:45.088] [WARNING] [calypso-direct] [TIMING] Large gap: 585ms (expected ~125ms at 8Hz) AWS=4.5kt
[2026-06-06T10:31:45.090] [DEBUG] [calypso-direct] [DATA_IN] AWS=4.5kt AWA=18° Batt=100% Temp=0°C
[2026-06-06T10:31:45.091] [DEBUG] [calypso-direct] [DATA_IN] AWS=4.5kt AWA=18° Batt=100% Temp=0°C
[2026-06-06T10:31:45.283] [DEBUG] [calypso-direct] [DATA_IN] AWS=4.5kt AWA=20° Batt=100% Temp=0°C
[2026-06-06T10:31:45.673] [WARNING] [calypso-direct] [TIMING] Large gap: 390ms (expected ~125ms at 8Hz) AWS=4.9kt
[2026-06-06T10:31:45.674] [DEBUG] [calypso-direct] [DATA_IN] AWS=4.9kt AWA=20° Batt=100% Temp=0°C
[2026-06-06T10:31:45.868] [DEBUG] [calypso-direct] [DATA_IN] AWS=5.4kt AWA=22° Batt=100% Temp=0°C
[2026-06-06T10:31:46.063] [DEBUG] [calypso-direct] [DATA_IN] AWS=5.6kt AWA=23° Batt=100% Temp=0°C
[2026-06-06T10:31:46.649] [WARNING] [calypso-direct] [TIMING] Large gap: 586ms (expected ~125ms at 8Hz) AWS=5.6kt
[2026-06-06T10:31:46.649] [DEBUG] [calypso-direct] [DATA_IN] AWS=5.6kt AWA=23° Batt=100% Temp=0°C
[2026-06-06T10:31:46.652] [DEBUG] [calypso-direct] [DATA_IN] AWS=5.6kt AWA=22° Batt=100% Temp=0°C
[2026-06-06T10:31:47.039] [WARNING] [calypso-direct] [TIMING] Large gap: 387ms (expected ~125ms at 8Hz) AWS=4.7kt
[2026-06-06T10:31:47.039] [INFO] [calypso-direct] [RATE_1MIN] 240 pkts/min (expected 480 at 8Hz) max_gap=1170ms gaps_>250ms=79
[2026-06-06T10:31:47.040] [DEBUG] [calypso-direct] [DATA_IN] AWS=4.7kt AWA=20° Batt=100% Temp=0°C
[2026-06-06T10:31:47.040] [DEBUG] [calypso-direct] [DATA_IN] AWS=4.7kt AWA=17° Batt=100% Temp=0°C
[2026-06-06T10:31:48.015] [WARNING] [calypso-direct] [TIMING] Large gap: 974ms (expected ~125ms at 8Hz) AWS=4.7kt
[2026-06-06T10:31:48.015] [DEBUG] [calypso-direct] [DATA_IN] AWS=4.7kt AWA=13° Batt=100% Temp=0°C
[2026-06-06T10:31:48.209] [DEBUG] [calypso-direct] [DATA_IN] AWS=4.7kt AWA=13° Batt=100% Temp=0°C
[2026-06-06T10:31:48.212] [DEBUG] [calypso-direct] [DATA_IN] AWS=4.3kt AWA=13° Batt=100% Temp=0°C
[2026-06-06T10:31:48.213] [DEBUG] [calypso-direct] [DATA_IN] AWS=4.3kt AWA=15° Batt=100% Temp=0°C
[2026-06-06T10:31:48.404] [DEBUG] [calypso-direct] [DATA_IN] AWS=4.3kt AWA=16° Batt=100% Temp=0°C
[2026-06-06T10:31:48.600] [DEBUG] [calypso-direct] [DATA_IN] AWS=4.5kt AWA=19° Batt=100% Temp=0°C
[2026-06-06T10:31:48.797] [DEBUG] [calypso-direct] [DATA_IN] AWS=4.5kt AWA=20° Batt=100% Temp=0°C
[2026-06-06T10:31:48.990] [DEBUG] [calypso-direct] [DATA_IN] AWS=4.7kt AWA=20° Batt=100% Temp=0°C
[2026-06-06T10:31:49.380] [WARNING] [calypso-direct] [TIMING] Large gap: 390ms (expected ~125ms at 8Hz) AWS=5.1kt
[2026-06-06T10:31:49.380] [DEBUG] [calypso-direct] [DATA_IN] AWS=5.1kt AWA=20° Batt=100% Temp=0°C
[2026-06-06T10:31:49.575] [DEBUG] [calypso-direct] [DATA_IN] AWS=5.1kt AWA=20° Batt=100% Temp=0°C
[2026-06-06T10:31:49.770] [DEBUG] [calypso-direct] [DATA_IN] AWS=5.1kt AWA=20° Batt=100% Temp=0°C
[2026-06-06T10:31:50.159] [WARNING] [calypso-direct] [TIMING] Large gap: 390ms (expected ~125ms at 8Hz) AWS=4.7kt
[2026-06-06T10:31:50.160] [DEBUG] [calypso-direct] [DATA_IN] AWS=4.7kt AWA=20° Batt=100% Temp=0°C
[2026-06-06T10:31:50.353] [DEBUG] [calypso-direct] [DATA_IN] AWS=4.5kt AWA=19° Batt=100% Temp=0°C
[2026-06-06T10:31:50.743] [WARNING] [calypso-direct] [TIMING] Large gap: 390ms (expected ~125ms at 8Hz) AWS=4.5kt
[2026-06-06T10:31:50.743] [DEBUG] [calypso-direct] [DATA_IN] AWS=4.5kt AWA=18° Batt=100% Temp=0°C
[2026-06-06T10:31:50.744] [DEBUG] [calypso-direct] [DATA_IN] AWS=4.5kt AWA=14° Batt=100% Temp=0°C
[2026-06-06T10:31:51.328] [WARNING] [calypso-direct] [TIMING] Large gap: 584ms (expected ~125ms at 8Hz) AWS=4.5kt
[2026-06-06T10:31:51.328] [DEBUG] [calypso-direct] [DATA_IN] AWS=4.5kt AWA=14° Batt=100% Temp=0°C
[2026-06-06T10:31:51.330] [DEBUG] [calypso-direct] [DATA_IN] AWS=4.5kt AWA=14° Batt=100% Temp=0°C
[2026-06-06T10:31:51.913] [WARNING] [calypso-direct] [TIMING] Large gap: 583ms (expected ~125ms at 8Hz) AWS=4.5kt
[2026-06-06T10:31:51.913] [DEBUG] [calypso-direct] [DATA_IN] AWS=4.5kt AWA=14° Batt=100% Temp=0°C
[2026-06-06T10:31:52.303] [WARNING] [calypso-direct] [TIMING] Large gap: 390ms (expected ~125ms at 8Hz) AWS=4.5kt
[2026-06-06T10:31:52.303] [DEBUG] [calypso-direct] [DATA_IN] AWS=4.5kt AWA=18° Batt=100% Temp=0°C
[2026-06-06T10:31:52.306] [DEBUG] [calypso-direct] [DATA_IN] AWS=4.5kt AWA=19° Batt=100% Temp=0°C
[2026-06-06T10:31:52.308] [DEBUG] [calypso-direct] [DATA_IN] AWS=4.7kt AWA=19° Batt=100% Temp=0°C
[2026-06-06T10:31:52.499] [DEBUG] [calypso-direct] [DATA_IN] AWS=4.7kt AWA=19° Batt=100% Temp=0°C
[2026-06-06T10:31:52.888] [WARNING] [calypso-direct] [TIMING] Large gap: 389ms (expected ~125ms at 8Hz) AWS=4.7kt
[2026-06-06T10:31:52.888] [DEBUG] [calypso-direct] [DATA_IN] AWS=4.7kt AWA=18° Batt=100% Temp=0°C
[2026-06-06T10:31:53.083] [DEBUG] [calypso-direct] [DATA_IN] AWS=4.9kt AWA=18° Batt=100% Temp=0°C
[2026-06-06T10:31:53.278] [DEBUG] [calypso-direct] [DATA_IN] AWS=4.9kt AWA=17° Batt=100% Temp=0°C
[2026-06-06T10:31:53.863] [WARNING] [calypso-direct] [TIMING] Large gap: 586ms (expected ~125ms at 8Hz) AWS=4.7kt
[2026-06-06T10:31:53.864] [DEBUG] [calypso-direct] [DATA_IN] AWS=4.7kt AWA=17° Batt=100% Temp=0°C
[2026-06-06T10:31:53.865] [DEBUG] [calypso-direct] [DATA_IN] AWS=4.5kt AWA=17° Batt=100% Temp=0°C
[2026-06-06T10:31:54.058] [DEBUG] [calypso-direct] [DATA_IN] AWS=4.5kt AWA=17° Batt=100% Temp=0°C
[2026-06-06T10:31:54.450] [WARNING] [calypso-direct] [TIMING] Large gap: 392ms (expected ~125ms at 8Hz) AWS=4.5kt
[2026-06-06T10:31:54.451] [DEBUG] [calypso-direct] [DATA_IN] AWS=4.5kt AWA=16° Batt=100% Temp=0°C
[2026-06-06T10:31:54.646] [DEBUG] [calypso-direct] [DATA_IN] AWS=4.5kt AWA=16° Batt=100% Temp=0°C
[2026-06-06T10:31:55.228] [WARNING] [calypso-direct] [TIMING] Large gap: 582ms (expected ~125ms at 8Hz) AWS=4.5kt
[2026-06-06T10:31:55.229] [DEBUG] [calypso-direct] [DATA_IN] AWS=4.5kt AWA=15° Batt=100% Temp=0°C
[2026-06-06T10:31:55.231] [DEBUG] [calypso-direct] [DATA_IN] AWS=4.5kt AWA=14° Batt=100% Temp=0°C
[2026-06-06T10:31:55.423] [DEBUG] [calypso-direct] [DATA_IN] AWS=4.5kt AWA=14° Batt=100% Temp=0°C
[2026-06-06T10:31:55.618] [DEBUG] [calypso-direct] [DATA_IN] AWS=4.5kt AWA=15° Batt=100% Temp=0°C
[2026-06-06T10:31:55.813] [DEBUG] [calypso-direct] [DATA_IN] AWS=4.5kt AWA=15° Batt=100% Temp=0°C
[2026-06-06T10:31:56.008] [DEBUG] [calypso-direct] [DATA_IN] AWS=4.5kt AWA=18° Batt=100% Temp=0°C
[2026-06-06T10:31:56.593] [WARNING] [calypso-direct] [TIMING] Large gap: 585ms (expected ~125ms at 8Hz) AWS=4.7kt
[2026-06-06T10:31:56.594] [DEBUG] [calypso-direct] [DATA_IN] AWS=4.7kt AWA=18° Batt=100% Temp=0°C
[2026-06-06T10:31:56.594] [DEBUG] [calypso-direct] [DATA_IN] AWS=4.7kt AWA=18° Batt=100% Temp=0°C
[2026-06-06T10:31:56.788] [DEBUG] [calypso-direct] [DATA_IN] AWS=4.7kt AWA=18° Batt=100% Temp=0°C
[2026-06-06T10:31:56.983] [DEBUG] [calypso-direct] [DATA_IN] AWS=4.5kt AWA=18° Batt=100% Temp=0°C
[2026-06-06T10:31:57.373] [WARNING] [calypso-direct] [TIMING] Large gap: 390ms (expected ~125ms at 8Hz) AWS=4.5kt
[2026-06-06T10:31:57.373] [DEBUG] [calypso-direct] [DATA_IN] AWS=4.5kt AWA=16° Batt=100% Temp=0°C
[2026-06-06T10:31:57.568] [DEBUG] [calypso-direct] [DATA_IN] AWS=4.5kt AWA=16° Batt=100% Temp=0°C
[2026-06-06T10:31:58.153] [WARNING] [calypso-direct] [TIMING] Large gap: 585ms (expected ~125ms at 8Hz) AWS=4.5kt
[2026-06-06T10:31:58.153] [DEBUG] [calypso-direct] [DATA_IN] AWS=4.5kt AWA=16° Batt=100% Temp=0°C
[2026-06-06T10:31:58.348] [DEBUG] [calypso-direct] [DATA_IN] AWS=4.3kt AWA=16° Batt=100% Temp=0°C
[2026-06-06T10:31:58.543] [DEBUG] [calypso-direct] [DATA_IN] AWS=4.3kt AWA=16° Batt=100% Temp=0°C
[2026-06-06T10:31:58.545] [DEBUG] [calypso-direct] [DATA_IN] AWS=4.3kt AWA=16° Batt=100% Temp=0°C
[2026-06-06T10:31:58.738] [DEBUG] [calypso-direct] [DATA_IN] AWS=4.3kt AWA=16° Batt=100% Temp=0°C
[2026-06-06T10:31:59.128] [WARNING] [calypso-direct] [TIMING] Large gap: 390ms (expected ~125ms at 8Hz) AWS=4.3kt
[2026-06-06T10:31:59.128] [DEBUG] [calypso-direct] [DATA_IN] AWS=4.3kt AWA=16° Batt=100% Temp=0°C
[2026-06-06T10:31:59.323] [DEBUG] [calypso-direct] [DATA_IN] AWS=4.3kt AWA=16° Batt=100% Temp=0°C
[2026-06-06T10:31:59.518] [DEBUG] [calypso-direct] [DATA_IN] AWS=4.7kt AWA=17° Batt=100% Temp=0°C
[2026-06-06T10:31:59.909] [WARNING] [calypso-direct] [TIMING] Large gap: 391ms (expected ~125ms at 8Hz) AWS=4.7kt
[2026-06-06T10:31:59.909] [DEBUG] [calypso-direct] [DATA_IN] AWS=4.7kt AWA=17° Batt=100% Temp=0°C
[2026-06-06T10:32:00.103] [DEBUG] [calypso-direct] [DATA_IN] AWS=4.7kt AWA=16° Batt=100% Temp=0°C
[2026-06-06T10:32:00.298] [DEBUG] [calypso-direct] [DATA_IN] AWS=4.5kt AWA=16° Batt=100% Temp=0°C
[2026-06-06T10:32:00.493] [DEBUG] [calypso-direct] [DATA_IN] AWS=4.3kt AWA=12° Batt=100% Temp=0°C
[2026-06-06T10:32:00.884] [WARNING] [calypso-direct] [TIMING] Large gap: 391ms (expected ~125ms at 8Hz) AWS=4.1kt
[2026-06-06T10:32:00.884] [DEBUG] [calypso-direct] [DATA_IN] AWS=4.1kt AWA=9° Batt=100% Temp=0°C
[2026-06-06T10:32:01.078] [DEBUG] [calypso-direct] [DATA_IN] AWS=4.1kt AWA=7° Batt=100% Temp=0°C
[2026-06-06T10:32:01.468] [WARNING] [calypso-direct] [TIMING] Large gap: 390ms (expected ~125ms at 8Hz) AWS=4.1kt
[2026-06-06T10:32:01.468] [DEBUG] [calypso-direct] [DATA_IN] AWS=4.1kt AWA=6° Batt=100% Temp=0°C
[2026-06-06T10:32:01.663] [DEBUG] [calypso-direct] [DATA_IN] AWS=4.1kt AWA=6° Batt=100% Temp=0°C
[2026-06-06T10:32:02.443] [WARNING] [calypso-direct] [TIMING] Large gap: 780ms (expected ~125ms at 8Hz) AWS=4.1kt
[2026-06-06T10:32:02.443] [DEBUG] [calypso-direct] [DATA_IN] AWS=4.1kt AWA=6° Batt=100% Temp=0°C
[2026-06-06T10:32:02.446] [DEBUG] [calypso-direct] [DATA_IN] AWS=4.3kt AWA=6° Batt=100% Temp=0°C
[2026-06-06T10:32:02.448] [DEBUG] [calypso-direct] [DATA_IN] AWS=4.3kt AWA=7° Batt=100% Temp=0°C
[2026-06-06T10:32:02.833] [WARNING] [calypso-direct] [TIMING] Large gap: 385ms (expected ~125ms at 8Hz) AWS=4.3kt
[2026-06-06T10:32:02.834] [DEBUG] [calypso-direct] [DATA_IN] AWS=4.3kt AWA=13° Batt=100% Temp=0°C
[2026-06-06T10:32:02.835] [DEBUG] [calypso-direct] [DATA_IN] AWS=4.1kt AWA=17° Batt=100% Temp=0°C
[2026-06-06T10:32:03.028] [DEBUG] [calypso-direct] [DATA_IN] AWS=4.1kt AWA=18° Batt=100% Temp=0°C
[2026-06-06T10:32:03.418] [WARNING] [calypso-direct] [TIMING] Large gap: 390ms (expected ~125ms at 8Hz) AWS=4.1kt
[2026-06-06T10:32:03.419] [DEBUG] [calypso-direct] [DATA_IN] AWS=4.1kt AWA=17° Batt=100% Temp=0°C
[2026-06-06T10:32:03.808] [WARNING] [calypso-direct] [TIMING] Large gap: 389ms (expected ~125ms at 8Hz) AWS=4.1kt
[2026-06-06T10:32:03.808] [DEBUG] [calypso-direct] [DATA_IN] AWS=4.1kt AWA=17° Batt=100% Temp=0°C
[2026-06-06T10:32:03.810] [DEBUG] [calypso-direct] [DATA_IN] AWS=4.1kt AWA=16° Batt=100% Temp=0°C
[2026-06-06T10:32:04.003] [DEBUG] [calypso-direct] [DATA_IN] AWS=4.1kt AWA=13° Batt=100% Temp=0°C
[2026-06-06T10:32:04.393] [WARNING] [calypso-direct] [TIMING] Large gap: 390ms (expected ~125ms at 8Hz) AWS=4.1kt
[2026-06-06T10:32:04.393] [DEBUG] [calypso-direct] [DATA_IN] AWS=4.1kt AWA=10° Batt=100% Temp=0°C
[2026-06-06T10:32:04.588] [DEBUG] [calypso-direct] [DATA_IN] AWS=4.1kt AWA=10° Batt=100% Temp=0°C
[2026-06-06T10:32:04.783] [DEBUG] [calypso-direct] [DATA_IN] AWS=4.1kt AWA=6° Batt=100% Temp=0°C
[2026-06-06T10:32:05.369] [WARNING] [calypso-direct] [TIMING] Large gap: 586ms (expected ~125ms at 8Hz) AWS=4.1kt
[2026-06-06T10:32:05.370] [DEBUG] [calypso-direct] [DATA_IN] AWS=4.1kt AWA=6° Batt=100% Temp=0°C
[2026-06-06T10:32:05.371] [DEBUG] [calypso-direct] [DATA_IN] AWS=3.9kt AWA=8° Batt=100% Temp=0°C
[2026-06-06T10:32:05.564] [DEBUG] [calypso-direct] [DATA_IN] AWS=3.9kt AWA=8° Batt=100% Temp=0°C
[2026-06-06T10:32:05.759] [DEBUG] [calypso-direct] [DATA_IN] AWS=3.9kt AWA=8° Batt=100% Temp=0°C
[2026-06-06T10:32:06.343] [WARNING] [calypso-direct] [TIMING] Large gap: 584ms (expected ~125ms at 8Hz) AWS=4.3kt
[2026-06-06T10:32:06.343] [DEBUG] [calypso-direct] [DATA_IN] AWS=4.3kt AWA=14° Batt=100% Temp=0°C
[2026-06-06T10:32:06.928] [WARNING] [calypso-direct] [TIMING] Large gap: 585ms (expected ~125ms at 8Hz) AWS=4.3kt
[2026-06-06T10:32:06.928] [DEBUG] [calypso-direct] [DATA_IN] AWS=4.3kt AWA=14° Batt=100% Temp=0°C
[2026-06-06T10:32:06.931] [DEBUG] [calypso-direct] [DATA_IN] AWS=4.3kt AWA=14° Batt=100% Temp=0°C
[2026-06-06T10:32:06.932] [DEBUG] [calypso-direct] [DATA_IN] AWS=4.5kt AWA=14° Batt=100% Temp=0°C
[2026-06-06T10:32:07.123] [DEBUG] [calypso-direct] [DATA_IN] AWS=4.5kt AWA=10° Batt=100% Temp=0°C
[2026-06-06T10:32:07.323] [DEBUG] [calypso-direct] [DATA_IN] AWS=4.5kt AWA=7° Batt=100% Temp=0°C
[2026-06-06T10:32:07.513] [DEBUG] [calypso-direct] [DATA_IN] AWS=4.5kt AWA=7° Batt=100% Temp=0°C
[2026-06-06T10:32:08.098] [WARNING] [calypso-direct] [TIMING] Large gap: 585ms (expected ~125ms at 8Hz) AWS=4.5kt
[2026-06-06T10:32:08.098] [DEBUG] [calypso-direct] [DATA_IN] AWS=4.5kt AWA=7° Batt=100% Temp=0°C
[2026-06-06T10:32:08.100] [DEBUG] [calypso-direct] [DATA_IN] AWS=4.5kt AWA=5° Batt=100% Temp=0°C
[2026-06-06T10:32:08.293] [DEBUG] [calypso-direct] [DATA_IN] AWS=4.5kt AWA=3° Batt=100% Temp=0°C
[2026-06-06T10:32:08.489] [DEBUG] [calypso-direct] [DATA_IN] AWS=4.5kt AWA=3° Batt=100% Temp=0°C
[2026-06-06T10:32:08.878] [WARNING] [calypso-direct] [TIMING] Large gap: 389ms (expected ~125ms at 8Hz) AWS=4.5kt
[2026-06-06T10:32:08.878] [DEBUG] [calypso-direct] [DATA_IN] AWS=4.5kt AWA=0° Batt=100% Temp=0°C
[2026-06-06T10:32:09.073] [DEBUG] [calypso-direct] [DATA_IN] AWS=4.5kt AWA=356° Batt=100% Temp=0°C
[2026-06-06T10:32:09.659] [WARNING] [calypso-direct] [TIMING] Large gap: 586ms (expected ~125ms at 8Hz) AWS=4.5kt
[2026-06-06T10:32:09.659] [DEBUG] [calypso-direct] [DATA_IN] AWS=4.5kt AWA=356° Batt=100% Temp=0°C
[2026-06-06T10:32:09.660] [DEBUG] [calypso-direct] [DATA_IN] AWS=4.5kt AWA=356° Batt=100% Temp=0°C
[2026-06-06T10:32:09.854] [DEBUG] [calypso-direct] [DATA_IN] AWS=4.5kt AWA=356° Batt=100% Temp=0°C
[2026-06-06T10:32:10.048] [DEBUG] [calypso-direct] [DATA_IN] AWS=4.1kt AWA=356° Batt=100% Temp=0°C
[2026-06-06T10:32:10.243] [DEBUG] [calypso-direct] [DATA_IN] AWS=4.5kt AWA=1° Batt=100% Temp=0°C
[2026-06-06T10:32:10.633] [WARNING] [calypso-direct] [TIMING] Large gap: 390ms (expected ~125ms at 8Hz) AWS=4.9kt
[2026-06-06T10:32:10.633] [DEBUG] [calypso-direct] [DATA_IN] AWS=4.9kt AWA=1° Batt=100% Temp=0°C
[2026-06-06T10:32:11.218] [WARNING] [calypso-direct] [TIMING] Large gap: 585ms (expected ~125ms at 8Hz) AWS=4.9kt
[2026-06-06T10:32:11.219] [DEBUG] [calypso-direct] [DATA_IN] AWS=4.9kt AWA=1° Batt=100% Temp=0°C
[2026-06-06T10:32:11.220] [DEBUG] [calypso-direct] [DATA_IN] AWS=4.9kt AWA=1° Batt=100% Temp=0°C
[2026-06-06T10:32:11.609] [WARNING] [calypso-direct] [TIMING] Large gap: 389ms (expected ~125ms at 8Hz) AWS=4.9kt
[2026-06-06T10:32:11.609] [DEBUG] [calypso-direct] [DATA_IN] AWS=4.9kt AWA=1° Batt=100% Temp=0°C
[2026-06-06T10:32:11.612] [DEBUG] [calypso-direct] [DATA_IN] AWS=4.9kt AWA=1° Batt=100% Temp=0°C
[2026-06-06T10:32:11.803] [DEBUG] [calypso-direct] [DATA_IN] AWS=5.1kt AWA=1° Batt=100% Temp=0°C
[2026-06-06T10:32:12.000] [DEBUG] [calypso-direct] [DATA_IN] AWS=4.9kt AWA=1° Batt=100% Temp=0°C
[2026-06-06T10:32:12.583] [WARNING] [calypso-direct] [TIMING] Large gap: 583ms (expected ~125ms at 8Hz) AWS=4.9kt
[2026-06-06T10:32:12.583] [DEBUG] [calypso-direct] [DATA_IN] AWS=4.9kt AWA=1° Batt=100% Temp=0°C
[2026-06-06T10:32:12.584] [DEBUG] [calypso-direct] [DATA_IN] AWS=5.1kt AWA=1° Batt=100% Temp=0°C
[2026-06-06T10:32:12.778] [DEBUG] [calypso-direct] [DATA_IN] AWS=4.9kt AWA=6° Batt=100% Temp=0°C
[2026-06-06T10:32:13.168] [WARNING] [calypso-direct] [TIMING] Large gap: 390ms (expected ~125ms at 8Hz) AWS=4.7kt
[2026-06-06T10:32:13.168] [DEBUG] [calypso-direct] [DATA_IN] AWS=4.7kt AWA=3° Batt=100% Temp=0°C
[2026-06-06T10:32:13.363] [DEBUG] [calypso-direct] [DATA_IN] AWS=4.7kt AWA=3° Batt=100% Temp=0°C
[2026-06-06T10:32:13.557] [DEBUG] [calypso-direct] [DATA_IN] AWS=4.7kt AWA=5° Batt=100% Temp=0°C
[2026-06-06T10:32:13.948] [WARNING] [calypso-direct] [TIMING] Large gap: 390ms (expected ~125ms at 8Hz) AWS=4.7kt
[2026-06-06T10:32:13.948] [DEBUG] [calypso-direct] [DATA_IN] AWS=4.7kt AWA=5° Batt=100% Temp=0°C
[2026-06-06T10:32:14.143] [DEBUG] [calypso-direct] [DATA_IN] AWS=4.7kt AWA=5° Batt=100% Temp=0°C
[2026-06-06T10:32:14.338] [DEBUG] [calypso-direct] [DATA_IN] AWS=4.9kt AWA=4° Batt=100% Temp=0°C
[2026-06-06T10:32:14.533] [DEBUG] [calypso-direct] [DATA_IN] AWS=4.9kt AWA=4° Batt=100% Temp=0°C
[2026-06-06T10:32:15.312] [WARNING] [calypso-direct] [TIMING] Large gap: 780ms (expected ~125ms at 8Hz) AWS=4.9kt
[2026-06-06T10:32:15.313] [DEBUG] [calypso-direct] [DATA_IN] AWS=4.9kt AWA=4° Batt=100% Temp=0°C
[2026-06-06T10:32:15.508] [DEBUG] [calypso-direct] [DATA_IN] AWS=4.5kt AWA=7° Batt=100% Temp=0°C
[2026-06-06T10:32:15.509] [DEBUG] [calypso-direct] [DATA_IN] AWS=4.1kt AWA=6° Batt=100% Temp=0°C
[2026-06-06T10:32:15.511] [DEBUG] [calypso-direct] [DATA_IN] AWS=4.1kt AWA=6° Batt=100% Temp=0°C
[2026-06-06T10:32:15.899] [WARNING] [calypso-direct] [TIMING] Large gap: 388ms (expected ~125ms at 8Hz) AWS=4.1kt
[2026-06-06T10:32:15.900] [DEBUG] [calypso-direct] [DATA_IN] AWS=4.1kt AWA=6° Batt=100% Temp=0°C
[2026-06-06T10:32:16.288] [WARNING] [calypso-direct] [TIMING] Large gap: 389ms (expected ~125ms at 8Hz) AWS=4.9kt
[2026-06-06T10:32:16.289] [DEBUG] [calypso-direct] [DATA_IN] AWS=4.9kt AWA=4° Batt=100% Temp=0°C
[2026-06-06T10:32:16.290] [DEBUG] [calypso-direct] [DATA_IN] AWS=4.9kt AWA=2° Batt=100% Temp=0°C
[2026-06-06T10:32:16.875] [WARNING] [calypso-direct] [TIMING] Large gap: 585ms (expected ~125ms at 8Hz) AWS=4.9kt
[2026-06-06T10:32:16.875] [DEBUG] [calypso-direct] [DATA_IN] AWS=4.9kt AWA=2° Batt=100% Temp=0°C
[2026-06-06T10:32:16.875] [DEBUG] [calypso-direct] [DATA_IN] AWS=4.9kt AWA=2° Batt=100% Temp=0°C
[2026-06-06T10:32:17.072] [DEBUG] [calypso-direct] [DATA_IN] AWS=4.9kt AWA=0° Batt=100% Temp=0°C
[2026-06-06T10:32:17.263] [DEBUG] [calypso-direct] [DATA_IN] AWS=4.3kt AWA=356° Batt=100% Temp=0°C
[2026-06-06T10:32:17.654] [WARNING] [calypso-direct] [TIMING] Large gap: 391ms (expected ~125ms at 8Hz) AWS=4.5kt
[2026-06-06T10:32:17.655] [DEBUG] [calypso-direct] [DATA_IN] AWS=4.5kt AWA=0° Batt=100% Temp=0°C
[2026-06-06T10:32:17.848] [DEBUG] [calypso-direct] [DATA_IN] AWS=4.7kt AWA=0° Batt=100% Temp=0°C
[2026-06-06T10:32:18.238] [WARNING] [calypso-direct] [TIMING] Large gap: 390ms (expected ~125ms at 8Hz) AWS=4.5kt
[2026-06-06T10:32:18.238] [DEBUG] [calypso-direct] [DATA_IN] AWS=4.5kt AWA=0° Batt=100% Temp=0°C
[2026-06-06T10:32:18.240] [DEBUG] [calypso-direct] [DATA_IN] AWS=4.1kt AWA=1° Batt=100% Temp=0°C
[2026-06-06T10:32:18.628] [WARNING] [calypso-direct] [TIMING] Large gap: 388ms (expected ~125ms at 8Hz) AWS=4.1kt
[2026-06-06T10:32:18.628] [DEBUG] [calypso-direct] [DATA_IN] AWS=4.1kt AWA=2° Batt=100% Temp=0°C
[2026-06-06T10:32:18.823] [DEBUG] [calypso-direct] [DATA_IN] AWS=4.1kt AWA=1° Batt=100% Temp=0°C
[2026-06-06T10:32:19.018] [DEBUG] [calypso-direct] [DATA_IN] AWS=4.1kt AWA=1° Batt=100% Temp=0°C
[2026-06-06T10:32:19.798] [WARNING] [calypso-direct] [TIMING] Large gap: 780ms (expected ~125ms at 8Hz) AWS=4.1kt
[2026-06-06T10:32:19.798] [DEBUG] [calypso-direct] [DATA_IN] AWS=4.1kt AWA=1° Batt=100% Temp=0°C
[2026-06-06T10:32:19.799] [DEBUG] [calypso-direct] [DATA_IN] AWS=3.7kt AWA=355° Batt=100% Temp=0°C
[2026-06-06T10:32:19.803] [DEBUG] [calypso-direct] [DATA_IN] AWS=3.7kt AWA=355° Batt=100% Temp=0°C
[2026-06-06T10:32:20.187] [WARNING] [calypso-direct] [TIMING] Large gap: 384ms (expected ~125ms at 8Hz) AWS=3.5kt
[2026-06-06T10:32:20.189] [DEBUG] [calypso-direct] [DATA_IN] AWS=3.5kt AWA=355° Batt=100% Temp=0°C
[2026-06-06T10:32:20.382] [DEBUG] [calypso-direct] [DATA_IN] AWS=3.5kt AWA=348° Batt=100% Temp=0°C
[2026-06-06T10:32:20.578] [DEBUG] [calypso-direct] [DATA_IN] AWS=3.3kt AWA=348° Batt=100% Temp=0°C
[2026-06-06T10:32:21.163] [WARNING] [calypso-direct] [TIMING] Large gap: 585ms (expected ~125ms at 8Hz) AWS=3.3kt
[2026-06-06T10:32:21.163] [DEBUG] [calypso-direct] [DATA_IN] AWS=3.3kt AWA=348° Batt=100% Temp=0°C
[2026-06-06T10:32:21.165] [DEBUG] [calypso-direct] [DATA_IN] AWS=3.3kt AWA=348° Batt=100% Temp=0°C
[2026-06-06T10:32:21.358] [DEBUG] [calypso-direct] [DATA_IN] AWS=3.3kt AWA=348° Batt=100% Temp=0°C
[2026-06-06T10:32:21.552] [DEBUG] [calypso-direct] [DATA_IN] AWS=3.3kt AWA=0° Batt=100% Temp=0°C
[2026-06-06T10:32:21.943] [WARNING] [calypso-direct] [TIMING] Large gap: 390ms (expected ~125ms at 8Hz) AWS=3.5kt
[2026-06-06T10:32:21.944] [DEBUG] [calypso-direct] [DATA_IN] AWS=3.5kt AWA=0° Batt=100% Temp=0°C
[2026-06-06T10:32:22.137] [DEBUG] [calypso-direct] [DATA_IN] AWS=3.5kt AWA=0° Batt=100% Temp=0°C
[2026-06-06T10:32:22.724] [WARNING] [calypso-direct] [TIMING] Large gap: 586ms (expected ~125ms at 8Hz) AWS=3.5kt
[2026-06-06T10:32:22.724] [DEBUG] [calypso-direct] [DATA_IN] AWS=3.5kt AWA=0° Batt=100% Temp=0°C
[2026-06-06T10:32:22.727] [DEBUG] [calypso-direct] [DATA_IN] AWS=3.5kt AWA=0° Batt=100% Temp=0°C
[2026-06-06T10:32:22.918] [DEBUG] [calypso-direct] [DATA_IN] AWS=3.3kt AWA=345° Batt=100% Temp=0°C
[2026-06-06T10:32:23.114] [DEBUG] [calypso-direct] [DATA_IN] AWS=3.3kt AWA=345° Batt=100% Temp=0°C
[2026-06-06T10:32:23.309] [DEBUG] [calypso-direct] [DATA_IN] AWS=3.3kt AWA=345° Batt=100% Temp=0°C
[2026-06-06T10:32:23.503] [DEBUG] [calypso-direct] [DATA_IN] AWS=3.3kt AWA=345° Batt=100% Temp=0°C
[2026-06-06T10:32:24.091] [WARNING] [calypso-direct] [TIMING] Large gap: 588ms (expected ~125ms at 8Hz) AWS=3.3kt
[2026-06-06T10:32:24.093] [DEBUG] [calypso-direct] [DATA_IN] AWS=3.3kt AWA=345° Batt=100% Temp=0°C
[2026-06-06T10:32:24.094] [DEBUG] [calypso-direct] [DATA_IN] AWS=3.3kt AWA=11° Batt=100% Temp=0°C
[2026-06-06T10:32:24.283] [DEBUG] [calypso-direct] [DATA_IN] AWS=3.3kt AWA=11° Batt=100% Temp=0°C
[2026-06-06T10:32:24.672] [WARNING] [calypso-direct] [TIMING] Large gap: 389ms (expected ~125ms at 8Hz) AWS=3.5kt
[2026-06-06T10:32:24.673] [DEBUG] [calypso-direct] [DATA_IN] AWS=3.5kt AWA=11° Batt=100% Temp=0°C
[2026-06-06T10:32:24.867] [DEBUG] [calypso-direct] [DATA_IN] AWS=3.3kt AWA=11° Batt=100% Temp=0°C
[2026-06-06T10:32:25.452] [WARNING] [calypso-direct] [TIMING] Large gap: 585ms (expected ~125ms at 8Hz) AWS=3.3kt
[2026-06-06T10:32:25.453] [DEBUG] [calypso-direct] [DATA_IN] AWS=3.3kt AWA=11° Batt=100% Temp=0°C
[2026-06-06T10:32:25.454] [DEBUG] [calypso-direct] [DATA_IN] AWS=3.5kt AWA=347° Batt=100% Temp=0°C
[2026-06-06T10:32:25.647] [DEBUG] [calypso-direct] [DATA_IN] AWS=3.5kt AWA=347° Batt=100% Temp=0°C
[2026-06-06T10:32:25.843] [DEBUG] [calypso-direct] [DATA_IN] AWS=3.3kt AWA=347° Batt=100% Temp=0°C
[2026-06-06T10:32:26.039] [DEBUG] [calypso-direct] [DATA_IN] AWS=3.5kt AWA=347° Batt=100% Temp=0°C
[2026-06-06T10:32:26.232] [DEBUG] [calypso-direct] [DATA_IN] AWS=3.5kt AWA=347° Batt=100% Temp=0°C
[2026-06-06T10:32:27.016] [WARNING] [calypso-direct] [TIMING] Large gap: 783ms (expected ~125ms at 8Hz) AWS=3.5kt
[2026-06-06T10:32:27.016] [DEBUG] [calypso-direct] [DATA_IN] AWS=3.5kt AWA=346° Batt=100% Temp=0°C
[2026-06-06T10:32:27.017] [DEBUG] [calypso-direct] [DATA_IN] AWS=3.5kt AWA=346° Batt=100% Temp=0°C
[2026-06-06T10:32:27.018] [DEBUG] [calypso-direct] [DATA_IN] AWS=3.5kt AWA=346° Batt=100% Temp=0°C
[2026-06-06T10:32:27.403] [WARNING] [calypso-direct] [TIMING] Large gap: 384ms (expected ~125ms at 8Hz) AWS=3.5kt
[2026-06-06T10:32:27.403] [DEBUG] [calypso-direct] [DATA_IN] AWS=3.5kt AWA=346° Batt=100% Temp=0°C
[2026-06-06T10:32:27.598] [DEBUG] [calypso-direct] [DATA_IN] AWS=3.5kt AWA=346° Batt=100% Temp=0°C
[2026-06-06T10:32:27.793] [DEBUG] [calypso-direct] [DATA_IN] AWS=3.5kt AWA=345° Batt=100% Temp=0°C
[2026-06-06T10:32:28.378] [WARNING] [calypso-direct] [TIMING] Large gap: 585ms (expected ~125ms at 8Hz) AWS=3.5kt
[2026-06-06T10:32:28.378] [DEBUG] [calypso-direct] [DATA_IN] AWS=3.5kt AWA=345° Batt=100% Temp=0°C
[2026-06-06T10:32:28.380] [DEBUG] [calypso-direct] [DATA_IN] AWS=3.7kt AWA=345° Batt=100% Temp=0°C
[2026-06-06T10:32:28.572] [DEBUG] [calypso-direct] [DATA_IN] AWS=3.9kt AWA=345° Batt=100% Temp=0°C
[2026-06-06T10:32:28.767] [DEBUG] [calypso-direct] [DATA_IN] AWS=3.9kt AWA=345° Batt=100% Temp=0°C
[2026-06-06T10:32:29.353] [WARNING] [calypso-direct] [TIMING] Large gap: 586ms (expected ~125ms at 8Hz) AWS=3.9kt
[2026-06-06T10:32:29.354] [DEBUG] [calypso-direct] [DATA_IN] AWS=3.9kt AWA=345° Batt=100% Temp=0°C
[2026-06-06T10:32:29.358] [DEBUG] [calypso-direct] [DATA_IN] AWS=3.9kt AWA=345° Batt=100% Temp=0°C
[2026-06-06T10:32:29.745] [WARNING] [calypso-direct] [TIMING] Large gap: 387ms (expected ~125ms at 8Hz) AWS=3.5kt
[2026-06-06T10:32:29.746] [DEBUG] [calypso-direct] [DATA_IN] AWS=3.5kt AWA=344° Batt=100% Temp=0°C
[2026-06-06T10:32:29.749] [DEBUG] [calypso-direct] [DATA_IN] AWS=3.5kt AWA=344° Batt=100% Temp=0°C
[2026-06-06T10:32:30.134] [WARNING] [calypso-direct] [TIMING] Large gap: 385ms (expected ~125ms at 8Hz) AWS=3.5kt
[2026-06-06T10:32:30.134] [DEBUG] [calypso-direct] [DATA_IN] AWS=3.5kt AWA=344° Batt=100% Temp=0°C
[2026-06-06T10:32:30.327] [DEBUG] [calypso-direct] [DATA_IN] AWS=3.5kt AWA=341° Batt=100% Temp=0°C
[2026-06-06T10:32:30.523] [DEBUG] [calypso-direct] [DATA_IN] AWS=3.5kt AWA=341° Batt=100% Temp=0°C
[2026-06-06T10:32:30.912] [WARNING] [calypso-direct] [TIMING] Large gap: 390ms (expected ~125ms at 8Hz) AWS=3.5kt
[2026-06-06T10:32:30.913] [DEBUG] [calypso-direct] [DATA_IN] AWS=3.5kt AWA=341° Batt=100% Temp=0°C
[2026-06-06T10:32:31.303] [WARNING] [calypso-direct] [TIMING] Large gap: 391ms (expected ~125ms at 8Hz) AWS=4.1kt
[2026-06-06T10:32:31.303] [DEBUG] [calypso-direct] [DATA_IN] AWS=4.1kt AWA=341° Batt=100% Temp=0°C
[2026-06-06T10:32:31.304] [DEBUG] [calypso-direct] [DATA_IN] AWS=4.3kt AWA=341° Batt=100% Temp=0°C
[2026-06-06T10:32:31.498] [DEBUG] [calypso-direct] [DATA_IN] AWS=4.3kt AWA=7° Batt=100% Temp=0°C
[2026-06-06T10:32:31.887] [WARNING] [calypso-direct] [TIMING] Large gap: 390ms (expected ~125ms at 8Hz) AWS=4.1kt
[2026-06-06T10:32:31.888] [DEBUG] [calypso-direct] [DATA_IN] AWS=4.1kt AWA=7° Batt=100% Temp=0°C
[2026-06-06T10:32:32.082] [DEBUG] [calypso-direct] [DATA_IN] AWS=3.9kt AWA=7° Batt=100% Temp=0°C
[2026-06-06T10:32:32.278] [DEBUG] [calypso-direct] [DATA_IN] AWS=3.9kt AWA=7° Batt=100% Temp=0°C
[2026-06-06T10:32:32.864] [WARNING] [calypso-direct] [TIMING] Large gap: 586ms (expected ~125ms at 8Hz) AWS=3.9kt
[2026-06-06T10:32:32.864] [DEBUG] [calypso-direct] [DATA_IN] AWS=3.9kt AWA=7° Batt=100% Temp=0°C
[2026-06-06T10:32:32.866] [DEBUG] [calypso-direct] [DATA_IN] AWS=4.1kt AWA=351° Batt=100% Temp=0°C
[2026-06-06T10:32:33.058] [DEBUG] [calypso-direct] [DATA_IN] AWS=4.1kt AWA=351° Batt=100% Temp=0°C
[2026-06-06T10:32:33.252] [DEBUG] [calypso-direct] [DATA_IN] AWS=4.1kt AWA=352° Batt=100% Temp=0°C
[2026-06-06T10:32:33.643] [WARNING] [calypso-direct] [TIMING] Large gap: 391ms (expected ~125ms at 8Hz) AWS=4.1kt
[2026-06-06T10:32:33.643] [DEBUG] [calypso-direct] [DATA_IN] AWS=4.1kt AWA=352° Batt=100% Temp=0°C
[2026-06-06T10:32:34.227] [WARNING] [calypso-direct] [TIMING] Large gap: 584ms (expected ~125ms at 8Hz) AWS=4.1kt
[2026-06-06T10:32:34.228] [DEBUG] [calypso-direct] [DATA_IN] AWS=4.1kt AWA=352° Batt=100% Temp=0°C
[2026-06-06T10:32:34.230] [DEBUG] [calypso-direct] [DATA_IN] AWS=4.1kt AWA=348° Batt=100% Temp=0°C
[2026-06-06T10:32:34.422] [DEBUG] [calypso-direct] [DATA_IN] AWS=4.1kt AWA=348° Batt=100% Temp=0°C
[2026-06-06T10:32:34.618] [DEBUG] [calypso-direct] [DATA_IN] AWS=4.7kt AWA=348° Batt=100% Temp=0°C
[2026-06-06T10:32:34.813] [DEBUG] [calypso-direct] [DATA_IN] AWS=4.7kt AWA=348° Batt=100% Temp=0°C
[2026-06-06T10:32:35.202] [WARNING] [calypso-direct] [TIMING] Large gap: 390ms (expected ~125ms at 8Hz) AWS=4.7kt
[2026-06-06T10:32:35.203] [DEBUG] [calypso-direct] [DATA_IN] AWS=4.7kt AWA=348° Batt=100% Temp=0°C
[2026-06-06T10:32:35.592] [WARNING] [calypso-direct] [TIMING] Large gap: 390ms (expected ~125ms at 8Hz) AWS=4.7kt
[2026-06-06T10:32:35.593] [DEBUG] [calypso-direct] [DATA_IN] AWS=4.7kt AWA=336° Batt=100% Temp=0°C
[2026-06-06T10:32:35.596] [DEBUG] [calypso-direct] [DATA_IN] AWS=4.3kt AWA=336° Batt=100% Temp=0°C
[2026-06-06T10:32:35.982] [WARNING] [calypso-direct] [TIMING] Large gap: 386ms (expected ~125ms at 8Hz) AWS=4.3kt
[2026-06-06T10:32:35.983] [DEBUG] [calypso-direct] [DATA_IN] AWS=4.3kt AWA=336° Batt=100% Temp=0°C
[2026-06-06T10:32:35.983] [DEBUG] [calypso-direct] [DATA_IN] AWS=4.3kt AWA=336° Batt=100% Temp=0°C
[2026-06-06T10:32:36.372] [WARNING] [calypso-direct] [TIMING] Large gap: 389ms (expected ~125ms at 8Hz) AWS=4.3kt
[2026-06-06T10:32:36.373] [DEBUG] [calypso-direct] [DATA_IN] AWS=4.3kt AWA=336° Batt=100% Temp=0°C
[2026-06-06T10:32:36.567] [DEBUG] [calypso-direct] [DATA_IN] AWS=4.1kt AWA=349° Batt=100% Temp=0°C
[2026-06-06T10:32:37.152] [WARNING] [calypso-direct] [TIMING] Large gap: 585ms (expected ~125ms at 8Hz) AWS=4.1kt
[2026-06-06T10:32:37.153] [DEBUG] [calypso-direct] [DATA_IN] AWS=4.1kt AWA=349° Batt=100% Temp=0°C
[2026-06-06T10:32:37.154] [DEBUG] [calypso-direct] [DATA_IN] AWS=4.1kt AWA=349° Batt=100% Temp=0°C
[2026-06-06T10:32:37.347] [DEBUG] [calypso-direct] [DATA_IN] AWS=4.3kt AWA=349° Batt=100% Temp=0°C
[2026-06-06T10:32:37.542] [DEBUG] [calypso-direct] [DATA_IN] AWS=4.3kt AWA=349° Batt=100% Temp=0°C
[2026-06-06T10:32:37.737] [DEBUG] [calypso-direct] [DATA_IN] AWS=4.3kt AWA=338° Batt=100% Temp=0°C
[2026-06-06T10:32:38.517] [WARNING] [calypso-direct] [TIMING] Large gap: 780ms (expected ~125ms at 8Hz) AWS=4.3kt
[2026-06-06T10:32:38.518] [DEBUG] [calypso-direct] [DATA_IN] AWS=4.3kt AWA=338° Batt=100% Temp=0°C
[2026-06-06T10:32:38.519] [DEBUG] [calypso-direct] [DATA_IN] AWS=3.9kt AWA=338° Batt=100% Temp=0°C
[2026-06-06T10:32:38.522] [DEBUG] [calypso-direct] [DATA_IN] AWS=3.9kt AWA=338° Batt=100% Temp=0°C
[2026-06-06T10:32:39.102] [WARNING] [calypso-direct] [TIMING] Large gap: 580ms (expected ~125ms at 8Hz) AWS=3.9kt
[2026-06-06T10:32:39.103] [DEBUG] [calypso-direct] [DATA_IN] AWS=3.9kt AWA=338° Batt=100% Temp=0°C
[2026-06-06T10:32:39.104] [DEBUG] [calypso-direct] [DATA_IN] AWS=3.7kt AWA=335° Batt=100% Temp=0°C
[2026-06-06T10:32:39.297] [DEBUG] [calypso-direct] [DATA_IN] AWS=3.7kt AWA=334° Batt=100% Temp=0°C
[2026-06-06T10:32:39.492] [DEBUG] [calypso-direct] [DATA_IN] AWS=3.7kt AWA=334° Batt=100% Temp=0°C
[2026-06-06T10:32:39.882] [WARNING] [calypso-direct] [TIMING] Large gap: 390ms (expected ~125ms at 8Hz) AWS=3.7kt
[2026-06-06T10:32:39.884] [DEBUG] [calypso-direct] [DATA_IN] AWS=3.7kt AWA=334° Batt=100% Temp=0°C
[2026-06-06T10:32:40.077] [DEBUG] [calypso-direct] [DATA_IN] AWS=3.7kt AWA=334° Batt=100% Temp=0°C
[2026-06-06T10:32:40.273] [DEBUG] [calypso-direct] [DATA_IN] AWS=3.7kt AWA=333° Batt=100% Temp=0°C
[2026-06-06T10:32:40.665] [WARNING] [calypso-direct] [TIMING] Large gap: 393ms (expected ~125ms at 8Hz) AWS=3.5kt
[2026-06-06T10:32:40.666] [DEBUG] [calypso-direct] [DATA_IN] AWS=3.5kt AWA=333° Batt=100% Temp=0°C
[2026-06-06T10:32:40.859] [DEBUG] [calypso-direct] [DATA_IN] AWS=3.5kt AWA=332° Batt=100% Temp=0°C
[2026-06-06T10:32:41.443] [WARNING] [calypso-direct] [TIMING] Large gap: 584ms (expected ~125ms at 8Hz) AWS=3.7kt
[2026-06-06T10:32:41.443] [DEBUG] [calypso-direct] [DATA_IN] AWS=3.7kt AWA=331° Batt=100% Temp=0°C
[2026-06-06T10:32:41.444] [DEBUG] [calypso-direct] [DATA_IN] AWS=3.7kt AWA=331° Batt=100% Temp=0°C
[2026-06-06T10:32:41.638] [DEBUG] [calypso-direct] [DATA_IN] AWS=3.7kt AWA=329° Batt=100% Temp=0°C
[2026-06-06T10:32:41.832] [DEBUG] [calypso-direct] [DATA_IN] AWS=3.7kt AWA=329° Batt=100% Temp=0°C
[2026-06-06T10:32:42.417] [WARNING] [calypso-direct] [TIMING] Large gap: 585ms (expected ~125ms at 8Hz) AWS=3.9kt
[2026-06-06T10:32:42.418] [DEBUG] [calypso-direct] [DATA_IN] AWS=3.9kt AWA=330° Batt=100% Temp=0°C
[2026-06-06T10:32:42.420] [DEBUG] [calypso-direct] [DATA_IN] AWS=3.9kt AWA=331° Batt=100% Temp=0°C
[2026-06-06T10:32:42.612] [DEBUG] [calypso-direct] [DATA_IN] AWS=3.9kt AWA=331° Batt=100% Temp=0°C
[2026-06-06T10:32:42.807] [DEBUG] [calypso-direct] [DATA_IN] AWS=3.9kt AWA=327° Batt=100% Temp=0°C
[2026-06-06T10:32:43.004] [DEBUG] [calypso-direct] [DATA_IN] AWS=3.7kt AWA=325° Batt=100% Temp=0°C
[2026-06-06T10:32:43.392] [WARNING] [calypso-direct] [TIMING] Large gap: 390ms (expected ~125ms at 8Hz) AWS=3.7kt
[2026-06-06T10:32:43.394] [DEBUG] [calypso-direct] [DATA_IN] AWS=3.7kt AWA=324° Batt=100% Temp=0°C
[2026-06-06T10:32:43.587] [DEBUG] [calypso-direct] [DATA_IN] AWS=3.7kt AWA=324° Batt=100% Temp=0°C
[2026-06-06T10:32:43.783] [DEBUG] [calypso-direct] [DATA_IN] AWS=3.7kt AWA=324° Batt=100% Temp=0°C
[2026-06-06T10:32:44.172] [WARNING] [calypso-direct] [TIMING] Large gap: 389ms (expected ~125ms at 8Hz) AWS=3.7kt
[2026-06-06T10:32:44.173] [DEBUG] [calypso-direct] [DATA_IN] AWS=3.7kt AWA=333° Batt=100% Temp=0°C
[2026-06-06T10:32:44.367] [DEBUG] [calypso-direct] [DATA_IN] AWS=3.5kt AWA=333° Batt=100% Temp=0°C
[2026-06-06T10:32:44.562] [DEBUG] [calypso-direct] [DATA_IN] AWS=3.5kt AWA=333° Batt=100% Temp=0°C
[2026-06-06T10:32:44.758] [DEBUG] [calypso-direct] [DATA_IN] AWS=3.7kt AWA=333° Batt=100% Temp=0°C
[2026-06-06T10:32:45.147] [WARNING] [calypso-direct] [TIMING] Large gap: 390ms (expected ~125ms at 8Hz) AWS=3.9kt
[2026-06-06T10:32:45.147] [DEBUG] [calypso-direct] [DATA_IN] AWS=3.9kt AWA=333° Batt=100% Temp=0°C
[2026-06-06T10:32:45.342] [DEBUG] [calypso-direct] [DATA_IN] AWS=3.9kt AWA=331° Batt=100% Temp=0°C
[2026-06-06T10:32:45.537] [DEBUG] [calypso-direct] [DATA_IN] AWS=3.9kt AWA=331° Batt=100% Temp=0°C
[2026-06-06T10:32:46.127] [WARNING] [calypso-direct] [TIMING] Large gap: 590ms (expected ~125ms at 8Hz) AWS=3.7kt
[2026-06-06T10:32:46.128] [DEBUG] [calypso-direct] [DATA_IN] AWS=3.7kt AWA=331° Batt=100% Temp=0°C
[2026-06-06T10:32:46.131] [DEBUG] [calypso-direct] [DATA_IN] AWS=3.7kt AWA=331° Batt=100% Temp=0°C
[2026-06-06T10:32:46.317] [DEBUG] [calypso-direct] [DATA_IN] AWS=3.7kt AWA=331° Batt=100% Temp=0°C
[2026-06-06T10:32:46.512] [DEBUG] [calypso-direct] [DATA_IN] AWS=3.9kt AWA=324° Batt=100% Temp=0°C
[2026-06-06T10:32:47.097] [WARNING] [calypso-direct] [TIMING] Large gap: 585ms (expected ~125ms at 8Hz) AWS=3.9kt
[2026-06-06T10:32:47.098] [INFO] [calypso-direct] [RATE_1MIN] 240 pkts/min (expected 480 at 8Hz) max_gap=974ms gaps_>250ms=78
[2026-06-06T10:32:47.098] [DEBUG] [calypso-direct] [DATA_IN] AWS=3.9kt AWA=324° Batt=100% Temp=0°C
[2026-06-06T10:32:47.293] [DEBUG] [calypso-direct] [DATA_IN] AWS=4.1kt AWA=324° Batt=100% Temp=0°C
[2026-06-06T10:32:47.294] [DEBUG] [calypso-direct] [DATA_IN] AWS=4.5kt AWA=324° Batt=100% Temp=0°C
[2026-06-06T10:32:47.488] [DEBUG] [calypso-direct] [DATA_IN] AWS=4.7kt AWA=323° Batt=100% Temp=0°C
[2026-06-06T10:32:47.878] [WARNING] [calypso-direct] [TIMING] Large gap: 390ms (expected ~125ms at 8Hz) AWS=4.5kt
[2026-06-06T10:32:47.878] [DEBUG] [calypso-direct] [DATA_IN] AWS=4.5kt AWA=330° Batt=100% Temp=0°C
[2026-06-06T10:32:48.073] [DEBUG] [calypso-direct] [DATA_IN] AWS=4.7kt AWA=330° Batt=100% Temp=0°C
[2026-06-06T10:32:48.657] [WARNING] [calypso-direct] [TIMING] Large gap: 584ms (expected ~125ms at 8Hz) AWS=4.7kt
[2026-06-06T10:32:48.658] [DEBUG] [calypso-direct] [DATA_IN] AWS=4.7kt AWA=329° Batt=100% Temp=0°C
[2026-06-06T10:32:48.660] [DEBUG] [calypso-direct] [DATA_IN] AWS=4.5kt AWA=329° Batt=100% Temp=0°C
[2026-06-06T10:32:48.852] [DEBUG] [calypso-direct] [DATA_IN] AWS=4.5kt AWA=329° Batt=100% Temp=0°C
[2026-06-06T10:32:49.047] [DEBUG] [calypso-direct] [DATA_IN] AWS=4.7kt AWA=331° Batt=100% Temp=0°C
[2026-06-06T10:32:49.242] [DEBUG] [calypso-direct] [DATA_IN] AWS=4.5kt AWA=331° Batt=100% Temp=0°C
[2026-06-06T10:32:49.827] [WARNING] [calypso-direct] [TIMING] Large gap: 585ms (expected ~125ms at 8Hz) AWS=4.5kt
[2026-06-06T10:32:49.827] [DEBUG] [calypso-direct] [DATA_IN] AWS=4.5kt AWA=331° Batt=100% Temp=0°C
[2026-06-06T10:32:50.022] [DEBUG] [calypso-direct] [DATA_IN] AWS=4.5kt AWA=330° Batt=100% Temp=0°C
[2026-06-06T10:32:50.025] [DEBUG] [calypso-direct] [DATA_IN] AWS=4.1kt AWA=329° Batt=100% Temp=0°C
[2026-06-06T10:32:50.413] [WARNING] [calypso-direct] [TIMING] Large gap: 388ms (expected ~125ms at 8Hz) AWS=3.7kt
[2026-06-06T10:32:50.413] [DEBUG] [calypso-direct] [DATA_IN] AWS=3.7kt AWA=325° Batt=100% Temp=0°C
[2026-06-06T10:32:50.607] [DEBUG] [calypso-direct] [DATA_IN] AWS=3.5kt AWA=325° Batt=100% Temp=0°C
[2026-06-06T10:32:50.802] [DEBUG] [calypso-direct] [DATA_IN] AWS=2.7kt AWA=329° Batt=100% Temp=0°C
[2026-06-06T10:32:50.997] [DEBUG] [calypso-direct] [DATA_IN] AWS=2.5kt AWA=330° Batt=100% Temp=0°C
[2026-06-06T10:32:51.389] [WARNING] [calypso-direct] [TIMING] Large gap: 392ms (expected ~125ms at 8Hz) AWS=2.5kt
[2026-06-06T10:32:51.390] [DEBUG] [calypso-direct] [DATA_IN] AWS=2.5kt AWA=331° Batt=100% Temp=0°C
[2026-06-06T10:32:51.583] [DEBUG] [calypso-direct] [DATA_IN] AWS=2.7kt AWA=331° Batt=100% Temp=0°C
[2026-06-06T10:32:51.778] [DEBUG] [calypso-direct] [DATA_IN] AWS=2.9kt AWA=331° Batt=100% Temp=0°C
[2026-06-06T10:32:52.168] [WARNING] [calypso-direct] [TIMING] Large gap: 389ms (expected ~125ms at 8Hz) AWS=2.9kt
[2026-06-06T10:32:52.168] [DEBUG] [calypso-direct] [DATA_IN] AWS=2.9kt AWA=331° Batt=100% Temp=0°C
[2026-06-06T10:32:52.364] [DEBUG] [calypso-direct] [DATA_IN] AWS=3.3kt AWA=329° Batt=100% Temp=0°C
[2026-06-06T10:32:52.752] [WARNING] [calypso-direct] [TIMING] Large gap: 388ms (expected ~125ms at 8Hz) AWS=4.1kt
[2026-06-06T10:32:52.753] [DEBUG] [calypso-direct] [DATA_IN] AWS=4.1kt AWA=329° Batt=100% Temp=0°C
[2026-06-06T10:32:52.947] [DEBUG] [calypso-direct] [DATA_IN] AWS=3.5kt AWA=328° Batt=100% Temp=0°C
[2026-06-06T10:32:53.142] [DEBUG] [calypso-direct] [DATA_IN] AWS=4.1kt AWA=328° Batt=100% Temp=0°C
[2026-06-06T10:32:53.532] [WARNING] [calypso-direct] [TIMING] Large gap: 390ms (expected ~125ms at 8Hz) AWS=4.1kt
[2026-06-06T10:32:53.532] [DEBUG] [calypso-direct] [DATA_IN] AWS=4.1kt AWA=327° Batt=100% Temp=0°C
[2026-06-06T10:32:53.534] [DEBUG] [calypso-direct] [DATA_IN] AWS=3.5kt AWA=327° Batt=100% Temp=0°C
[2026-06-06T10:32:53.922] [WARNING] [calypso-direct] [TIMING] Large gap: 388ms (expected ~125ms at 8Hz) AWS=3.3kt
[2026-06-06T10:32:53.923] [DEBUG] [calypso-direct] [DATA_IN] AWS=3.3kt AWA=328° Batt=100% Temp=0°C
[2026-06-06T10:32:54.314] [WARNING] [calypso-direct] [TIMING] Large gap: 392ms (expected ~125ms at 8Hz) AWS=3.3kt
[2026-06-06T10:32:54.315] [DEBUG] [calypso-direct] [DATA_IN] AWS=3.3kt AWA=333° Batt=100% Temp=0°C
[2026-06-06T10:32:54.507] [DEBUG] [calypso-direct] [DATA_IN] AWS=3.3kt AWA=333° Batt=100% Temp=0°C
[2026-06-06T10:32:54.509] [DEBUG] [calypso-direct] [DATA_IN] AWS=3.5kt AWA=333° Batt=100% Temp=0°C
[2026-06-06T10:32:54.897] [WARNING] [calypso-direct] [TIMING] Large gap: 388ms (expected ~125ms at 8Hz) AWS=3.5kt
[2026-06-06T10:32:54.899] [DEBUG] [calypso-direct] [DATA_IN] AWS=3.5kt AWA=333° Batt=100% Temp=0°C
[2026-06-06T10:32:55.092] [DEBUG] [calypso-direct] [DATA_IN] AWS=3.5kt AWA=333° Batt=100% Temp=0°C
[2026-06-06T10:32:55.287] [DEBUG] [calypso-direct] [DATA_IN] AWS=3.5kt AWA=328° Batt=100% Temp=0°C
[2026-06-06T10:32:55.873] [WARNING] [calypso-direct] [TIMING] Large gap: 586ms (expected ~125ms at 8Hz) AWS=3.1kt
[2026-06-06T10:32:55.873] [DEBUG] [calypso-direct] [DATA_IN] AWS=3.1kt AWA=329° Batt=100% Temp=0°C
[2026-06-06T10:32:55.874] [DEBUG] [calypso-direct] [DATA_IN] AWS=2.9kt AWA=329° Batt=100% Temp=0°C
[2026-06-06T10:32:56.067] [DEBUG] [calypso-direct] [DATA_IN] AWS=2.7kt AWA=329° Batt=100% Temp=0°C
[2026-06-06T10:32:56.262] [DEBUG] [calypso-direct] [DATA_IN] AWS=2.9kt AWA=329° Batt=100% Temp=0°C
[2026-06-06T10:32:56.653] [WARNING] [calypso-direct] [TIMING] Large gap: 390ms (expected ~125ms at 8Hz) AWS=3.1kt
[2026-06-06T10:32:56.654] [DEBUG] [calypso-direct] [DATA_IN] AWS=3.1kt AWA=330° Batt=100% Temp=0°C
[2026-06-06T10:32:57.237] [WARNING] [calypso-direct] [TIMING] Large gap: 585ms (expected ~125ms at 8Hz) AWS=2.9kt
[2026-06-06T10:32:57.237] [DEBUG] [calypso-direct] [DATA_IN] AWS=2.9kt AWA=330° Batt=100% Temp=0°C
[2026-06-06T10:32:57.240] [DEBUG] [calypso-direct] [DATA_IN] AWS=3.3kt AWA=330° Batt=100% Temp=0°C
[2026-06-06T10:32:57.241] [DEBUG] [calypso-direct] [DATA_IN] AWS=3.3kt AWA=329° Batt=100% Temp=0°C
[2026-06-06T10:32:57.629] [WARNING] [calypso-direct] [TIMING] Large gap: 388ms (expected ~125ms at 8Hz) AWS=3.1kt
[2026-06-06T10:32:57.631] [DEBUG] [calypso-direct] [DATA_IN] AWS=3.1kt AWA=329° Batt=100% Temp=0°C
[2026-06-06T10:32:57.823] [DEBUG] [calypso-direct] [DATA_IN] AWS=2.9kt AWA=332° Batt=100% Temp=0°C
[2026-06-06T10:32:58.021] [DEBUG] [calypso-direct] [DATA_IN] AWS=3.1kt AWA=332° Batt=100% Temp=0°C
[2026-06-06T10:32:58.604] [WARNING] [calypso-direct] [TIMING] Large gap: 583ms (expected ~125ms at 8Hz) AWS=2.9kt
[2026-06-06T10:32:58.605] [DEBUG] [calypso-direct] [DATA_IN] AWS=2.9kt AWA=334° Batt=100% Temp=0°C
[2026-06-06T10:32:58.609] [DEBUG] [calypso-direct] [DATA_IN] AWS=2.9kt AWA=334° Batt=100% Temp=0°C
[2026-06-06T10:32:58.798] [DEBUG] [calypso-direct] [DATA_IN] AWS=2.9kt AWA=335° Batt=100% Temp=0°C
[2026-06-06T10:32:58.993] [DEBUG] [calypso-direct] [DATA_IN] AWS=3.3kt AWA=340° Batt=100% Temp=0°C
[2026-06-06T10:32:59.579] [WARNING] [calypso-direct] [TIMING] Large gap: 586ms (expected ~125ms at 8Hz) AWS=3.3kt
[2026-06-06T10:32:59.581] [DEBUG] [calypso-direct] [DATA_IN] AWS=3.3kt AWA=340° Batt=100% Temp=0°C
[2026-06-06T10:32:59.582] [DEBUG] [calypso-direct] [DATA_IN] AWS=3.3kt AWA=340° Batt=100% Temp=0°C
[2026-06-06T10:32:59.968] [WARNING] [calypso-direct] [TIMING] Large gap: 386ms (expected ~125ms at 8Hz) AWS=3.1kt
[2026-06-06T10:32:59.969] [DEBUG] [calypso-direct] [DATA_IN] AWS=3.1kt AWA=340° Batt=100% Temp=0°C
[2026-06-06T10:33:00.163] [DEBUG] [calypso-direct] [DATA_IN] AWS=3.1kt AWA=340° Batt=100% Temp=0°C
[2026-06-06T10:33:00.358] [DEBUG] [calypso-direct] [DATA_IN] AWS=3.1kt AWA=336° Batt=100% Temp=0°C
[2026-06-06T10:33:00.553] [DEBUG] [calypso-direct] [DATA_IN] AWS=3.1kt AWA=336° Batt=100% Temp=0°C
[2026-06-06T10:33:00.748] [DEBUG] [calypso-direct] [DATA_IN] AWS=3.1kt AWA=336° Batt=100% Temp=0°C
[2026-06-06T10:33:01.138] [WARNING] [calypso-direct] [TIMING] Large gap: 390ms (expected ~125ms at 8Hz) AWS=3.1kt
[2026-06-06T10:33:01.139] [DEBUG] [calypso-direct] [DATA_IN] AWS=3.1kt AWA=336° Batt=100% Temp=0°C
[2026-06-06T10:33:01.529] [WARNING] [calypso-direct] [TIMING] Large gap: 390ms (expected ~125ms at 8Hz) AWS=3.1kt
[2026-06-06T10:33:01.529] [DEBUG] [calypso-direct] [DATA_IN] AWS=3.1kt AWA=336° Batt=100% Temp=0°C
[2026-06-06T10:33:01.532] [DEBUG] [calypso-direct] [DATA_IN] AWS=3.1kt AWA=334° Batt=100% Temp=0°C
[2026-06-06T10:33:01.918] [WARNING] [calypso-direct] [TIMING] Large gap: 386ms (expected ~125ms at 8Hz) AWS=3.1kt
[2026-06-06T10:33:01.919] [DEBUG] [calypso-direct] [DATA_IN] AWS=3.1kt AWA=334° Batt=100% Temp=0°C
[2026-06-06T10:33:02.307] [WARNING] [calypso-direct] [TIMING] Large gap: 389ms (expected ~125ms at 8Hz) AWS=3.1kt
[2026-06-06T10:33:02.308] [DEBUG] [calypso-direct] [DATA_IN] AWS=3.1kt AWA=334° Batt=100% Temp=0°C
[2026-06-06T10:33:02.502] [DEBUG] [calypso-direct] [DATA_IN] AWS=3.7kt AWA=334° Batt=100% Temp=0°C
[2026-06-06T10:33:02.505] [DEBUG] [calypso-direct] [DATA_IN] AWS=3.7kt AWA=334° Batt=100% Temp=0°C
[2026-06-06T10:33:02.893] [WARNING] [calypso-direct] [TIMING] Large gap: 388ms (expected ~125ms at 8Hz) AWS=3.7kt
[2026-06-06T10:33:02.893] [DEBUG] [calypso-direct] [DATA_IN] AWS=3.7kt AWA=342° Batt=100% Temp=0°C
[2026-06-06T10:33:03.087] [DEBUG] [calypso-direct] [DATA_IN] AWS=3.7kt AWA=342° Batt=100% Temp=0°C
[2026-06-06T10:33:03.282] [DEBUG] [calypso-direct] [DATA_IN] AWS=3.9kt AWA=342° Batt=100% Temp=0°C
[2026-06-06T10:33:03.672] [WARNING] [calypso-direct] [TIMING] Large gap: 390ms (expected ~125ms at 8Hz) AWS=3.9kt
[2026-06-06T10:33:03.672] [DEBUG] [calypso-direct] [DATA_IN] AWS=3.9kt AWA=342° Batt=100% Temp=0°C
[2026-06-06T10:33:03.867] [DEBUG] [calypso-direct] [DATA_IN] AWS=3.5kt AWA=342° Batt=100% Temp=0°C
[2026-06-06T10:33:04.062] [DEBUG] [calypso-direct] [DATA_IN] AWS=3.5kt AWA=331° Batt=100% Temp=0°C
[2026-06-06T10:33:04.452] [WARNING] [calypso-direct] [TIMING] Large gap: 390ms (expected ~125ms at 8Hz) AWS=3.3kt
[2026-06-06T10:33:04.452] [DEBUG] [calypso-direct] [DATA_IN] AWS=3.3kt AWA=331° Batt=100% Temp=0°C
[2026-06-06T10:33:04.647] [DEBUG] [calypso-direct] [DATA_IN] AWS=3.1kt AWA=331° Batt=100% Temp=0°C
[2026-06-06T10:33:04.842] [DEBUG] [calypso-direct] [DATA_IN] AWS=3.1kt AWA=331° Batt=100% Temp=0°C
[2026-06-06T10:33:05.037] [DEBUG] [calypso-direct] [DATA_IN] AWS=3.1kt AWA=332° Batt=100% Temp=0°C
[2026-06-06T10:33:05.427] [WARNING] [calypso-direct] [TIMING] Large gap: 390ms (expected ~125ms at 8Hz) AWS=3.3kt
[2026-06-06T10:33:05.427] [DEBUG] [calypso-direct] [DATA_IN] AWS=3.3kt AWA=340° Batt=100% Temp=0°C
[2026-06-06T10:33:05.817] [WARNING] [calypso-direct] [TIMING] Large gap: 390ms (expected ~125ms at 8Hz) AWS=3.1kt
[2026-06-06T10:33:05.818] [DEBUG] [calypso-direct] [DATA_IN] AWS=3.1kt AWA=340° Batt=100% Temp=0°C
[2026-06-06T10:33:05.819] [DEBUG] [calypso-direct] [DATA_IN] AWS=3.1kt AWA=340° Batt=100% Temp=0°C
[2026-06-06T10:33:06.012] [DEBUG] [calypso-direct] [DATA_IN] AWS=3.1kt AWA=340° Batt=100% Temp=0°C
[2026-06-06T10:33:06.402] [WARNING] [calypso-direct] [TIMING] Large gap: 390ms (expected ~125ms at 8Hz) AWS=3.3kt
[2026-06-06T10:33:06.402] [DEBUG] [calypso-direct] [DATA_IN] AWS=3.3kt AWA=340° Batt=100% Temp=0°C
[2026-06-06T10:33:06.597] [DEBUG] [calypso-direct] [DATA_IN] AWS=3.3kt AWA=333° Batt=100% Temp=0°C
[2026-06-06T10:33:06.792] [DEBUG] [calypso-direct] [DATA_IN] AWS=3.3kt AWA=332° Batt=100% Temp=0°C
[2026-06-06T10:33:07.378] [WARNING] [calypso-direct] [TIMING] Large gap: 586ms (expected ~125ms at 8Hz) AWS=3.3kt
[2026-06-06T10:33:07.378] [DEBUG] [calypso-direct] [DATA_IN] AWS=3.3kt AWA=333° Batt=100% Temp=0°C
[2026-06-06T10:33:07.379] [DEBUG] [calypso-direct] [DATA_IN] AWS=3.3kt AWA=332° Batt=100% Temp=0°C
[2026-06-06T10:33:07.573] [DEBUG] [calypso-direct] [DATA_IN] AWS=3.3kt AWA=332° Batt=100% Temp=0°C
[2026-06-06T10:33:07.767] [DEBUG] [calypso-direct] [DATA_IN] AWS=3.3kt AWA=327° Batt=100% Temp=0°C
[2026-06-06T10:33:08.158] [WARNING] [calypso-direct] [TIMING] Large gap: 391ms (expected ~125ms at 8Hz) AWS=3.3kt
[2026-06-06T10:33:08.158] [DEBUG] [calypso-direct] [DATA_IN] AWS=3.3kt AWA=328° Batt=100% Temp=0°C
[2026-06-06T10:33:08.742] [WARNING] [calypso-direct] [TIMING] Large gap: 585ms (expected ~125ms at 8Hz) AWS=3.3kt
[2026-06-06T10:33:08.743] [DEBUG] [calypso-direct] [DATA_IN] AWS=3.3kt AWA=328° Batt=100% Temp=0°C
[2026-06-06T10:33:08.744] [DEBUG] [calypso-direct] [DATA_IN] AWS=3.3kt AWA=330° Batt=100% Temp=0°C
[2026-06-06T10:33:08.937] [DEBUG] [calypso-direct] [DATA_IN] AWS=3.3kt AWA=330° Batt=100% Temp=0°C
[2026-06-06T10:33:09.132] [DEBUG] [calypso-direct] [DATA_IN] AWS=3.1kt AWA=331° Batt=100% Temp=0°C
[2026-06-06T10:33:09.327] [DEBUG] [calypso-direct] [DATA_IN] AWS=3.3kt AWA=329° Batt=100% Temp=0°C
[2026-06-06T10:33:09.522] [DEBUG] [calypso-direct] [DATA_IN] AWS=3.1kt AWA=329° Batt=100% Temp=0°C
[2026-06-06T10:33:09.913] [WARNING] [calypso-direct] [TIMING] Large gap: 391ms (expected ~125ms at 8Hz) AWS=3.1kt
[2026-06-06T10:33:09.915] [DEBUG] [calypso-direct] [DATA_IN] AWS=3.1kt AWA=328° Batt=100% Temp=0°C
[2026-06-06T10:33:10.303] [WARNING] [calypso-direct] [TIMING] Large gap: 389ms (expected ~125ms at 8Hz) AWS=3.5kt
[2026-06-06T10:33:10.303] [DEBUG] [calypso-direct] [DATA_IN] AWS=3.5kt AWA=328° Batt=100% Temp=0°C
[2026-06-06T10:33:10.306] [DEBUG] [calypso-direct] [DATA_IN] AWS=3.5kt AWA=327° Batt=100% Temp=0°C
[2026-06-06T10:33:10.497] [DEBUG] [calypso-direct] [DATA_IN] AWS=3.5kt AWA=326° Batt=100% Temp=0°C
[2026-06-06T10:33:10.887] [WARNING] [calypso-direct] [TIMING] Large gap: 390ms (expected ~125ms at 8Hz) AWS=3.5kt
[2026-06-06T10:33:10.888] [DEBUG] [calypso-direct] [DATA_IN] AWS=3.5kt AWA=326° Batt=100% Temp=0°C
[2026-06-06T10:33:11.278] [WARNING] [calypso-direct] [TIMING] Large gap: 391ms (expected ~125ms at 8Hz) AWS=3.1kt
[2026-06-06T10:33:11.278] [DEBUG] [calypso-direct] [DATA_IN] AWS=3.1kt AWA=327° Batt=100% Temp=0°C
[2026-06-06T10:33:11.279] [DEBUG] [calypso-direct] [DATA_IN] AWS=3.1kt AWA=327° Batt=100% Temp=0°C
[2026-06-06T10:33:11.667] [WARNING] [calypso-direct] [TIMING] Large gap: 388ms (expected ~125ms at 8Hz) AWS=3.1kt
[2026-06-06T10:33:11.668] [DEBUG] [calypso-direct] [DATA_IN] AWS=3.1kt AWA=333° Batt=100% Temp=0°C
[2026-06-06T10:33:11.862] [DEBUG] [calypso-direct] [DATA_IN] AWS=2.9kt AWA=334° Batt=100% Temp=0°C
[2026-06-06T10:33:12.057] [DEBUG] [calypso-direct] [DATA_IN] AWS=2.7kt AWA=334° Batt=100% Temp=0°C
[2026-06-06T10:33:12.253] [DEBUG] [calypso-direct] [DATA_IN] AWS=2.7kt AWA=334° Batt=100% Temp=0°C
[2026-06-06T10:33:12.644] [WARNING] [calypso-direct] [TIMING] Large gap: 391ms (expected ~125ms at 8Hz) AWS=2.9kt
[2026-06-06T10:33:12.644] [DEBUG] [calypso-direct] [DATA_IN] AWS=2.9kt AWA=334° Batt=100% Temp=0°C
[2026-06-06T10:33:13.034] [WARNING] [calypso-direct] [TIMING] Large gap: 390ms (expected ~125ms at 8Hz) AWS=3.9kt
[2026-06-06T10:33:13.034] [DEBUG] [calypso-direct] [DATA_IN] AWS=3.9kt AWA=326° Batt=100% Temp=0°C
[2026-06-06T10:33:13.036] [DEBUG] [calypso-direct] [DATA_IN] AWS=3.9kt AWA=326° Batt=100% Temp=0°C
[2026-06-06T10:33:13.423] [WARNING] [calypso-direct] [TIMING] Large gap: 387ms (expected ~125ms at 8Hz) AWS=4.1kt
[2026-06-06T10:33:13.424] [DEBUG] [calypso-direct] [DATA_IN] AWS=4.1kt AWA=325° Batt=100% Temp=0°C
[2026-06-06T10:33:13.617] [DEBUG] [calypso-direct] [DATA_IN] AWS=4.1kt AWA=326° Batt=100% Temp=0°C
[2026-06-06T10:33:13.813] [DEBUG] [calypso-direct] [DATA_IN] AWS=4.5kt AWA=326° Batt=100% Temp=0°C
[2026-06-06T10:33:14.009] [DEBUG] [calypso-direct] [DATA_IN] AWS=4.5kt AWA=320° Batt=100% Temp=0°C
[2026-06-06T10:33:14.593] [WARNING] [calypso-direct] [TIMING] Large gap: 585ms (expected ~125ms at 8Hz) AWS=4.1kt
[2026-06-06T10:33:14.594] [DEBUG] [calypso-direct] [DATA_IN] AWS=4.1kt AWA=319° Batt=100% Temp=0°C
[2026-06-06T10:33:14.596] [DEBUG] [calypso-direct] [DATA_IN] AWS=4.5kt AWA=319° Batt=100% Temp=0°C
[2026-06-06T10:33:14.787] [DEBUG] [calypso-direct] [DATA_IN] AWS=4.5kt AWA=319° Batt=100% Temp=0°C
[2026-06-06T10:33:15.177] [WARNING] [calypso-direct] [TIMING] Large gap: 390ms (expected ~125ms at 8Hz) AWS=4.3kt
[2026-06-06T10:33:15.177] [DEBUG] [calypso-direct] [DATA_IN] AWS=4.3kt AWA=319° Batt=100% Temp=0°C
[2026-06-06T10:33:15.372] [DEBUG] [calypso-direct] [DATA_IN] AWS=4.3kt AWA=319° Batt=100% Temp=0°C
[2026-06-06T10:33:16.154] [WARNING] [calypso-direct] [TIMING] Large gap: 781ms (expected ~125ms at 8Hz) AWS=4.3kt
[2026-06-06T10:33:16.154] [DEBUG] [calypso-direct] [DATA_IN] AWS=4.3kt AWA=318° Batt=100% Temp=0°C
[2026-06-06T10:33:16.155] [DEBUG] [calypso-direct] [DATA_IN] AWS=4.3kt AWA=319° Batt=100% Temp=0°C
[2026-06-06T10:33:16.156] [DEBUG] [calypso-direct] [DATA_IN] AWS=4.3kt AWA=319° Batt=100% Temp=0°C
[2026-06-06T10:33:16.347] [DEBUG] [calypso-direct] [DATA_IN] AWS=4.3kt AWA=319° Batt=100% Temp=0°C
[2026-06-06T10:33:16.542] [DEBUG] [calypso-direct] [DATA_IN] AWS=4.3kt AWA=321° Batt=100% Temp=0°C
[2026-06-06T10:33:16.932] [WARNING] [calypso-direct] [TIMING] Large gap: 390ms (expected ~125ms at 8Hz) AWS=4.3kt
[2026-06-06T10:33:16.934] [DEBUG] [calypso-direct] [DATA_IN] AWS=4.3kt AWA=321° Batt=100% Temp=0°C
[2026-06-06T10:33:17.518] [WARNING] [calypso-direct] [TIMING] Large gap: 586ms (expected ~125ms at 8Hz) AWS=4.3kt
[2026-06-06T10:33:17.518] [DEBUG] [calypso-direct] [DATA_IN] AWS=4.3kt AWA=321° Batt=100% Temp=0°C
[2026-06-06T10:33:17.522] [DEBUG] [calypso-direct] [DATA_IN] AWS=5.1kt AWA=320° Batt=100% Temp=0°C
[2026-06-06T10:33:17.523] [DEBUG] [calypso-direct] [DATA_IN] AWS=5.1kt AWA=320° Batt=100% Temp=0°C
[2026-06-06T10:33:17.908] [WARNING] [calypso-direct] [TIMING] Large gap: 386ms (expected ~125ms at 8Hz) AWS=5.1kt
[2026-06-06T10:33:17.909] [DEBUG] [calypso-direct] [DATA_IN] AWS=5.1kt AWA=324° Batt=100% Temp=0°C
[2026-06-06T10:33:18.103] [DEBUG] [calypso-direct] [DATA_IN] AWS=5.1kt AWA=324° Batt=100% Temp=0°C
[2026-06-06T10:33:18.297] [DEBUG] [calypso-direct] [DATA_IN] AWS=4.7kt AWA=325° Batt=100% Temp=0°C
[2026-06-06T10:33:18.492] [DEBUG] [calypso-direct] [DATA_IN] AWS=4.3kt AWA=325° Batt=100% Temp=0°C
[2026-06-06T10:33:18.882] [WARNING] [calypso-direct] [TIMING] Large gap: 391ms (expected ~125ms at 8Hz) AWS=4.3kt
[2026-06-06T10:33:18.883] [DEBUG] [calypso-direct] [DATA_IN] AWS=4.3kt AWA=325° Batt=100% Temp=0°C
[2026-06-06T10:33:19.077] [DEBUG] [calypso-direct] [DATA_IN] AWS=4.7kt AWA=319° Batt=100% Temp=0°C
[2026-06-06T10:33:19.272] [DEBUG] [calypso-direct] [DATA_IN] AWS=4.7kt AWA=319° Batt=100% Temp=0°C
[2026-06-06T10:33:19.664] [WARNING] [calypso-direct] [TIMING] Large gap: 392ms (expected ~125ms at 8Hz) AWS=4.3kt
[2026-06-06T10:33:19.664] [DEBUG] [calypso-direct] [DATA_IN] AWS=4.3kt AWA=319° Batt=100% Temp=0°C
[2026-06-06T10:33:19.857] [DEBUG] [calypso-direct] [DATA_IN] AWS=4.3kt AWA=319° Batt=100% Temp=0°C
[2026-06-06T10:33:20.442] [WARNING] [calypso-direct] [TIMING] Large gap: 584ms (expected ~125ms at 8Hz) AWS=4.3kt
[2026-06-06T10:33:20.442] [DEBUG] [calypso-direct] [DATA_IN] AWS=4.3kt AWA=319° Batt=100% Temp=0°C
[2026-06-06T10:33:20.446] [DEBUG] [calypso-direct] [DATA_IN] AWS=3.9kt AWA=318° Batt=100% Temp=0°C
[2026-06-06T10:33:20.637] [DEBUG] [calypso-direct] [DATA_IN] AWS=3.9kt AWA=319° Batt=100% Temp=0°C
[2026-06-06T10:33:20.832] [DEBUG] [calypso-direct] [DATA_IN] AWS=3.9kt AWA=319° Batt=100% Temp=0°C
[2026-06-06T10:33:21.027] [DEBUG] [calypso-direct] [DATA_IN] AWS=4.1kt AWA=319° Batt=100% Temp=0°C
[2026-06-06T10:33:21.417] [WARNING] [calypso-direct] [TIMING] Large gap: 390ms (expected ~125ms at 8Hz) AWS=4.1kt
[2026-06-06T10:33:21.418] [DEBUG] [calypso-direct] [DATA_IN] AWS=4.1kt AWA=317° Batt=100% Temp=0°C
[2026-06-06T10:33:21.807] [WARNING] [calypso-direct] [TIMING] Large gap: 390ms (expected ~125ms at 8Hz) AWS=4.1kt
[2026-06-06T10:33:21.807] [DEBUG] [calypso-direct] [DATA_IN] AWS=4.1kt AWA=323° Batt=100% Temp=0°C
[2026-06-06T10:33:22.002] [DEBUG] [calypso-direct] [DATA_IN] AWS=4.1kt AWA=323° Batt=100% Temp=0°C
[2026-06-06T10:33:22.196] [DEBUG] [calypso-direct] [DATA_IN] AWS=3.9kt AWA=323° Batt=100% Temp=0°C
[2026-06-06T10:33:22.392] [DEBUG] [calypso-direct] [DATA_IN] AWS=3.9kt AWA=323° Batt=100% Temp=0°C
[2026-06-06T10:33:22.587] [DEBUG] [calypso-direct] [DATA_IN] AWS=3.7kt AWA=323° Batt=100% Temp=0°C
[2026-06-06T10:33:22.782] [DEBUG] [calypso-direct] [DATA_IN] AWS=3.9kt AWA=319° Batt=100% Temp=0°C
[2026-06-06T10:33:23.172] [WARNING] [calypso-direct] [TIMING] Large gap: 390ms (expected ~125ms at 8Hz) AWS=3.3kt
[2026-06-06T10:33:23.172] [DEBUG] [calypso-direct] [DATA_IN] AWS=3.3kt AWA=321° Batt=100% Temp=0°C
[2026-06-06T10:33:23.367] [DEBUG] [calypso-direct] [DATA_IN] AWS=2.7kt AWA=321° Batt=100% Temp=0°C
[2026-06-06T10:33:23.562] [DEBUG] [calypso-direct] [DATA_IN] AWS=2.9kt AWA=320° Batt=100% Temp=0°C
[2026-06-06T10:33:23.756] [DEBUG] [calypso-direct] [DATA_IN] AWS=3.1kt AWA=320° Batt=100% Temp=0°C
[2026-06-06T10:33:24.147] [WARNING] [calypso-direct] [TIMING] Large gap: 390ms (expected ~125ms at 8Hz) AWS=2.9kt
[2026-06-06T10:33:24.147] [DEBUG] [calypso-direct] [DATA_IN] AWS=2.9kt AWA=19° Batt=100% Temp=0°C
[2026-06-06T10:33:24.537] [WARNING] [calypso-direct] [TIMING] Large gap: 390ms (expected ~125ms at 8Hz) AWS=2.9kt
[2026-06-06T10:33:24.537] [DEBUG] [calypso-direct] [DATA_IN] AWS=2.9kt AWA=17° Batt=100% Temp=0°C
[2026-06-06T10:33:24.538] [DEBUG] [calypso-direct] [DATA_IN] AWS=2.9kt AWA=17° Batt=100% Temp=0°C
[2026-06-06T10:33:24.928] [WARNING] [calypso-direct] [TIMING] Large gap: 390ms (expected ~125ms at 8Hz) AWS=3.1kt
[2026-06-06T10:33:24.929] [DEBUG] [calypso-direct] [DATA_IN] AWS=3.1kt AWA=17° Batt=100% Temp=0°C
[2026-06-06T10:33:25.122] [DEBUG] [calypso-direct] [DATA_IN] AWS=3.3kt AWA=17° Batt=100% Temp=0°C
[2026-06-06T10:33:25.512] [WARNING] [calypso-direct] [TIMING] Large gap: 390ms (expected ~125ms at 8Hz) AWS=3.5kt
[2026-06-06T10:33:25.513] [DEBUG] [calypso-direct] [DATA_IN] AWS=3.5kt AWA=334° Batt=100% Temp=0°C
[2026-06-06T10:33:25.515] [DEBUG] [calypso-direct] [DATA_IN] AWS=4.3kt AWA=333° Batt=100% Temp=0°C
[2026-06-06T10:33:26.097] [WARNING] [calypso-direct] [TIMING] Large gap: 582ms (expected ~125ms at 8Hz) AWS=3.5kt
[2026-06-06T10:33:26.098] [DEBUG] [calypso-direct] [DATA_IN] AWS=3.5kt AWA=333° Batt=100% Temp=0°C
[2026-06-06T10:33:26.098] [DEBUG] [calypso-direct] [DATA_IN] AWS=3.5kt AWA=333° Batt=100% Temp=0°C
[2026-06-06T10:33:26.292] [DEBUG] [calypso-direct] [DATA_IN] AWS=4.1kt AWA=332° Batt=100% Temp=0°C
[2026-06-06T10:33:26.487] [DEBUG] [calypso-direct] [DATA_IN] AWS=4.1kt AWA=331° Batt=100% Temp=0°C
[2026-06-06T10:33:26.877] [WARNING] [calypso-direct] [TIMING] Large gap: 390ms (expected ~125ms at 8Hz) AWS=3.5kt
[2026-06-06T10:33:26.878] [DEBUG] [calypso-direct] [DATA_IN] AWS=3.5kt AWA=332° Batt=100% Temp=0°C
[2026-06-06T10:33:27.072] [DEBUG] [calypso-direct] [DATA_IN] AWS=3.7kt AWA=332° Batt=100% Temp=0°C
[2026-06-06T10:33:27.658] [WARNING] [calypso-direct] [TIMING] Large gap: 586ms (expected ~125ms at 8Hz) AWS=3.3kt
[2026-06-06T10:33:27.658] [DEBUG] [calypso-direct] [DATA_IN] AWS=3.3kt AWA=332° Batt=100% Temp=0°C
[2026-06-06T10:33:27.659] [DEBUG] [calypso-direct] [DATA_IN] AWS=3.3kt AWA=332° Batt=100% Temp=0°C
[2026-06-06T10:33:27.852] [DEBUG] [calypso-direct] [DATA_IN] AWS=3.3kt AWA=323° Batt=100% Temp=0°C
[2026-06-06T10:33:28.047] [DEBUG] [calypso-direct] [DATA_IN] AWS=3.5kt AWA=323° Batt=100% Temp=0°C
[2026-06-06T10:33:28.242] [DEBUG] [calypso-direct] [DATA_IN] AWS=3.3kt AWA=323° Batt=100% Temp=0°C
[2026-06-06T10:33:29.022] [WARNING] [calypso-direct] [TIMING] Large gap: 779ms (expected ~125ms at 8Hz) AWS=3.5kt
[2026-06-06T10:33:29.022] [DEBUG] [calypso-direct] [DATA_IN] AWS=3.5kt AWA=324° Batt=100% Temp=0°C
[2026-06-06T10:33:29.023] [DEBUG] [calypso-direct] [DATA_IN] AWS=3.3kt AWA=324° Batt=100% Temp=0°C
[2026-06-06T10:33:29.026] [DEBUG] [calypso-direct] [DATA_IN] AWS=3.5kt AWA=336° Batt=100% Temp=0°C
[2026-06-06T10:33:29.413] [WARNING] [calypso-direct] [TIMING] Large gap: 387ms (expected ~125ms at 8Hz) AWS=3.3kt
[2026-06-06T10:33:29.413] [DEBUG] [calypso-direct] [DATA_IN] AWS=3.3kt AWA=336° Batt=100% Temp=0°C
[2026-06-06T10:33:29.607] [DEBUG] [calypso-direct] [DATA_IN] AWS=3.3kt AWA=336° Batt=100% Temp=0°C
[2026-06-06T10:33:29.803] [DEBUG] [calypso-direct] [DATA_IN] AWS=3.3kt AWA=336° Batt=100% Temp=0°C
[2026-06-06T10:33:29.997] [DEBUG] [calypso-direct] [DATA_IN] AWS=3.5kt AWA=336° Batt=100% Temp=0°C
[2026-06-06T10:33:30.386] [WARNING] [calypso-direct] [TIMING] Large gap: 389ms (expected ~125ms at 8Hz) AWS=3.3kt
[2026-06-06T10:33:30.387] [DEBUG] [calypso-direct] [DATA_IN] AWS=3.3kt AWA=342° Batt=100% Temp=0°C
[2026-06-06T10:33:30.581] [DEBUG] [calypso-direct] [DATA_IN] AWS=3.5kt AWA=342° Batt=100% Temp=0°C
[2026-06-06T10:33:30.776] [DEBUG] [calypso-direct] [DATA_IN] AWS=3.7kt AWA=342° Batt=100% Temp=0°C
[2026-06-06T10:33:31.166] [WARNING] [calypso-direct] [TIMING] Large gap: 390ms (expected ~125ms at 8Hz) AWS=3.5kt
[2026-06-06T10:33:31.168] [DEBUG] [calypso-direct] [DATA_IN] AWS=3.5kt AWA=343° Batt=100% Temp=0°C
[2026-06-06T10:33:31.362] [DEBUG] [calypso-direct] [DATA_IN] AWS=3.7kt AWA=343° Batt=100% Temp=0°C
[2026-06-06T10:33:31.948] [WARNING] [calypso-direct] [TIMING] Large gap: 586ms (expected ~125ms at 8Hz) AWS=3.9kt
[2026-06-06T10:33:31.948] [DEBUG] [calypso-direct] [DATA_IN] AWS=3.9kt AWA=352° Batt=100% Temp=0°C
[2026-06-06T10:33:31.949] [DEBUG] [calypso-direct] [DATA_IN] AWS=3.7kt AWA=352° Batt=100% Temp=0°C
[2026-06-06T10:33:32.141] [DEBUG] [calypso-direct] [DATA_IN] AWS=3.3kt AWA=352° Batt=100% Temp=0°C
[2026-06-06T10:33:32.337] [DEBUG] [calypso-direct] [DATA_IN] AWS=3.3kt AWA=352° Batt=100% Temp=0°C
[2026-06-06T10:33:32.532] [DEBUG] [calypso-direct] [DATA_IN] AWS=3.3kt AWA=352° Batt=100% Temp=0°C
[2026-06-06T10:33:32.922] [WARNING] [calypso-direct] [TIMING] Large gap: 390ms (expected ~125ms at 8Hz) AWS=3.3kt
[2026-06-06T10:33:32.922] [DEBUG] [calypso-direct] [DATA_IN] AWS=3.3kt AWA=346° Batt=100% Temp=0°C
[2026-06-06T10:33:33.312] [WARNING] [calypso-direct] [TIMING] Large gap: 390ms (expected ~125ms at 8Hz) AWS=3.5kt
[2026-06-06T10:33:33.312] [DEBUG] [calypso-direct] [DATA_IN] AWS=3.5kt AWA=346° Batt=100% Temp=0°C
[2026-06-06T10:33:33.313] [DEBUG] [calypso-direct] [DATA_IN] AWS=3.7kt AWA=346° Batt=100% Temp=0°C
[2026-06-06T10:33:33.507] [DEBUG] [calypso-direct] [DATA_IN] AWS=3.7kt AWA=346° Batt=100% Temp=0°C
[2026-06-06T10:33:33.896] [WARNING] [calypso-direct] [TIMING] Large gap: 390ms (expected ~125ms at 8Hz) AWS=3.9kt
[2026-06-06T10:33:33.897] [DEBUG] [calypso-direct] [DATA_IN] AWS=3.9kt AWA=346° Batt=100% Temp=0°C
[2026-06-06T10:33:34.286] [WARNING] [calypso-direct] [TIMING] Large gap: 390ms (expected ~125ms at 8Hz) AWS=3.9kt
[2026-06-06T10:33:34.287] [DEBUG] [calypso-direct] [DATA_IN] AWS=3.9kt AWA=343° Batt=100% Temp=0°C
[2026-06-06T10:33:34.288] [DEBUG] [calypso-direct] [DATA_IN] AWS=3.9kt AWA=343° Batt=100% Temp=0°C
[2026-06-06T10:33:34.872] [WARNING] [calypso-direct] [TIMING] Large gap: 585ms (expected ~125ms at 8Hz) AWS=4.1kt
[2026-06-06T10:33:34.873] [DEBUG] [calypso-direct] [DATA_IN] AWS=4.1kt AWA=343° Batt=100% Temp=0°C
[2026-06-06T10:33:34.874] [DEBUG] [calypso-direct] [DATA_IN] AWS=4.5kt AWA=343° Batt=100% Temp=0°C
[2026-06-06T10:33:35.066] [DEBUG] [calypso-direct] [DATA_IN] AWS=4.5kt AWA=343° Batt=100% Temp=0°C
[2026-06-06T10:33:35.262] [DEBUG] [calypso-direct] [DATA_IN] AWS=4.3kt AWA=340° Batt=100% Temp=0°C
[2026-06-06T10:33:35.652] [WARNING] [calypso-direct] [TIMING] Large gap: 390ms (expected ~125ms at 8Hz) AWS=4.3kt
[2026-06-06T10:33:35.653] [DEBUG] [calypso-direct] [DATA_IN] AWS=4.3kt AWA=339° Batt=100% Temp=0°C
[2026-06-06T10:33:36.238] [WARNING] [calypso-direct] [TIMING] Large gap: 586ms (expected ~125ms at 8Hz) AWS=4.3kt
[2026-06-06T10:33:36.238] [DEBUG] [calypso-direct] [DATA_IN] AWS=4.3kt AWA=339° Batt=100% Temp=0°C
[2026-06-06T10:33:36.241] [DEBUG] [calypso-direct] [DATA_IN] AWS=4.1kt AWA=339° Batt=100% Temp=0°C
[2026-06-06T10:33:36.242] [DEBUG] [calypso-direct] [DATA_IN] AWS=4.1kt AWA=339° Batt=100% Temp=0°C
[2026-06-06T10:33:36.627] [WARNING] [calypso-direct] [TIMING] Large gap: 385ms (expected ~125ms at 8Hz) AWS=4.1kt
[2026-06-06T10:33:36.630] [DEBUG] [calypso-direct] [DATA_IN] AWS=4.1kt AWA=333° Batt=100% Temp=0°C
[2026-06-06T10:33:36.630] [INFO] [calypso-direct] [HEARTBEAT] packets=1201 last_data=0s ago l1_fails=0
[2026-06-06T10:33:36.823] [DEBUG] [calypso-direct] [DATA_IN] AWS=3.9kt AWA=333° Batt=100% Temp=0°C
[2026-06-06T10:33:37.018] [DEBUG] [calypso-direct] [DATA_IN] AWS=3.9kt AWA=333° Batt=100% Temp=0°C
[2026-06-06T10:33:37.603] [WARNING] [calypso-direct] [TIMING] Large gap: 585ms (expected ~125ms at 8Hz) AWS=3.9kt
[2026-06-06T10:33:37.604] [DEBUG] [calypso-direct] [DATA_IN] AWS=3.9kt AWA=333° Batt=100% Temp=0°C
[2026-06-06T10:33:37.608] [DEBUG] [calypso-direct] [DATA_IN] AWS=3.7kt AWA=333° Batt=100% Temp=0°C
[2026-06-06T10:33:37.797] [DEBUG] [calypso-direct] [DATA_IN] AWS=3.7kt AWA=341° Batt=100% Temp=0°C
[2026-06-06T10:33:37.992] [DEBUG] [calypso-direct] [DATA_IN] AWS=3.7kt AWA=341° Batt=100% Temp=0°C
[2026-06-06T10:33:38.381] [WARNING] [calypso-direct] [TIMING] Large gap: 390ms (expected ~125ms at 8Hz) AWS=3.7kt
[2026-06-06T10:33:38.382] [DEBUG] [calypso-direct] [DATA_IN] AWS=3.7kt AWA=341° Batt=100% Temp=0°C
[2026-06-06T10:33:38.576] [DEBUG] [calypso-direct] [DATA_IN] AWS=3.7kt AWA=342° Batt=100% Temp=0°C
[2026-06-06T10:33:39.162] [WARNING] [calypso-direct] [TIMING] Large gap: 585ms (expected ~125ms at 8Hz) AWS=3.7kt
[2026-06-06T10:33:39.162] [DEBUG] [calypso-direct] [DATA_IN] AWS=3.7kt AWA=342° Batt=100% Temp=0°C
[2026-06-06T10:33:39.163] [DEBUG] [calypso-direct] [DATA_IN] AWS=3.5kt AWA=339° Batt=100% Temp=0°C
[2026-06-06T10:33:39.552] [WARNING] [calypso-direct] [TIMING] Large gap: 389ms (expected ~125ms at 8Hz) AWS=3.5kt
[2026-06-06T10:33:39.554] [DEBUG] [calypso-direct] [DATA_IN] AWS=3.5kt AWA=339° Batt=100% Temp=0°C
[2026-06-06T10:33:39.554] [DEBUG] [calypso-direct] [DATA_IN] AWS=3.5kt AWA=339° Batt=100% Temp=0°C
[2026-06-06T10:33:39.747] [DEBUG] [calypso-direct] [DATA_IN] AWS=3.5kt AWA=339° Batt=100% Temp=0°C
[2026-06-06T10:33:40.527] [WARNING] [calypso-direct] [TIMING] Large gap: 780ms (expected ~125ms at 8Hz) AWS=3.1kt
[2026-06-06T10:33:40.527] [DEBUG] [calypso-direct] [DATA_IN] AWS=3.1kt AWA=340° Batt=100% Temp=0°C
[2026-06-06T10:33:40.529] [DEBUG] [calypso-direct] [DATA_IN] AWS=3.1kt AWA=346° Batt=100% Temp=0°C
[2026-06-06T10:33:40.531] [DEBUG] [calypso-direct] [DATA_IN] AWS=3.1kt AWA=346° Batt=100% Temp=0°C
[2026-06-06T10:33:41.111] [WARNING] [calypso-direct] [TIMING] Large gap: 580ms (expected ~125ms at 8Hz) AWS=3.1kt
[2026-06-06T10:33:41.112] [DEBUG] [calypso-direct] [DATA_IN] AWS=3.1kt AWA=346° Batt=100% Temp=0°C
[2026-06-06T10:33:41.114] [DEBUG] [calypso-direct] [DATA_IN] AWS=3.1kt AWA=345° Batt=100% Temp=0°C
[2026-06-06T10:33:41.306] [DEBUG] [calypso-direct] [DATA_IN] AWS=2.9kt AWA=345° Batt=100% Temp=0°C
[2026-06-06T10:33:41.501] [DEBUG] [calypso-direct] [DATA_IN] AWS=2.9kt AWA=330° Batt=100% Temp=0°C
[2026-06-06T10:33:41.891] [WARNING] [calypso-direct] [TIMING] Large gap: 390ms (expected ~125ms at 8Hz) AWS=2.9kt
[2026-06-06T10:33:41.892] [DEBUG] [calypso-direct] [DATA_IN] AWS=2.9kt AWA=330° Batt=100% Temp=0°C
[2026-06-06T10:33:42.087] [DEBUG] [calypso-direct] [DATA_IN] AWS=2.7kt AWA=330° Batt=100% Temp=0°C
[2026-06-06T10:33:42.282] [DEBUG] [calypso-direct] [DATA_IN] AWS=2.9kt AWA=330° Batt=100% Temp=0°C
[2026-06-06T10:33:42.672] [WARNING] [calypso-direct] [TIMING] Large gap: 390ms (expected ~125ms at 8Hz) AWS=2.9kt
[2026-06-06T10:33:42.672] [DEBUG] [calypso-direct] [DATA_IN] AWS=2.9kt AWA=330° Batt=100% Temp=0°C
[2026-06-06T10:33:42.869] [DEBUG] [calypso-direct] [DATA_IN] AWS=3.1kt AWA=346° Batt=100% Temp=0°C
[2026-06-06T10:33:43.451] [WARNING] [calypso-direct] [TIMING] Large gap: 582ms (expected ~125ms at 8Hz) AWS=3.5kt
[2026-06-06T10:33:43.452] [DEBUG] [calypso-direct] [DATA_IN] AWS=3.5kt AWA=346° Batt=100% Temp=0°C
[2026-06-06T10:33:43.453] [DEBUG] [calypso-direct] [DATA_IN] AWS=3.5kt AWA=346° Batt=100% Temp=0°C
[2026-06-06T10:33:43.646] [DEBUG] [calypso-direct] [DATA_IN] AWS=3.5kt AWA=345° Batt=100% Temp=0°C
[2026-06-06T10:33:43.841] [DEBUG] [calypso-direct] [DATA_IN] AWS=3.5kt AWA=344° Batt=100% Temp=0°C
[2026-06-06T10:33:44.036] [DEBUG] [calypso-direct] [DATA_IN] AWS=3.3kt AWA=341° Batt=100% Temp=0°C
[2026-06-06T10:33:44.427] [WARNING] [calypso-direct] [TIMING] Large gap: 390ms (expected ~125ms at 8Hz) AWS=3.3kt
[2026-06-06T10:33:44.427] [DEBUG] [calypso-direct] [DATA_IN] AWS=3.3kt AWA=341° Batt=100% Temp=0°C
[2026-06-06T10:33:44.816] [WARNING] [calypso-direct] [TIMING] Large gap: 390ms (expected ~125ms at 8Hz) AWS=2.7kt
[2026-06-06T10:33:44.817] [DEBUG] [calypso-direct] [DATA_IN] AWS=2.7kt AWA=343° Batt=100% Temp=0°C
[2026-06-06T10:33:44.818] [DEBUG] [calypso-direct] [DATA_IN] AWS=2.3kt AWA=343° Batt=100% Temp=0°C
[2026-06-06T10:33:45.011] [DEBUG] [calypso-direct] [DATA_IN] AWS=2.3kt AWA=343° Batt=100% Temp=0°C
[2026-06-06T10:33:45.401] [WARNING] [calypso-direct] [TIMING] Large gap: 390ms (expected ~125ms at 8Hz) AWS=2.3kt
[2026-06-06T10:33:45.402] [DEBUG] [calypso-direct] [DATA_IN] AWS=2.3kt AWA=332° Batt=100% Temp=0°C
[2026-06-06T10:33:45.597] [DEBUG] [calypso-direct] [DATA_IN] AWS=2.5kt AWA=331° Batt=100% Temp=0°C
[2026-06-06T10:33:45.792] [DEBUG] [calypso-direct] [DATA_IN] AWS=2.5kt AWA=331° Batt=100% Temp=0°C
[2026-06-06T10:33:46.181] [WARNING] [calypso-direct] [TIMING] Large gap: 390ms (expected ~125ms at 8Hz) AWS=2.5kt
[2026-06-06T10:33:46.182] [DEBUG] [calypso-direct] [DATA_IN] AWS=2.5kt AWA=330° Batt=100% Temp=0°C
[2026-06-06T10:33:46.377] [DEBUG] [calypso-direct] [DATA_IN] AWS=2.7kt AWA=331° Batt=100% Temp=0°C
[2026-06-06T10:33:46.766] [WARNING] [calypso-direct] [TIMING] Large gap: 389ms (expected ~125ms at 8Hz) AWS=3.5kt
[2026-06-06T10:33:46.767] [DEBUG] [calypso-direct] [DATA_IN] AWS=3.5kt AWA=325° Batt=100% Temp=0°C
[2026-06-06T10:33:46.769] [DEBUG] [calypso-direct] [DATA_IN] AWS=3.3kt AWA=325° Batt=100% Temp=0°C
[2026-06-06T10:33:47.157] [WARNING] [calypso-direct] [TIMING] Large gap: 388ms (expected ~125ms at 8Hz) AWS=3.3kt
[2026-06-06T10:33:47.157] [INFO] [calypso-direct] [RATE_1MIN] 241 pkts/min (expected 480 at 8Hz) max_gap=781ms gaps_>250ms=86
[2026-06-06T10:33:47.158] [DEBUG] [calypso-direct] [DATA_IN] AWS=3.3kt AWA=325° Batt=100% Temp=0°C
[2026-06-06T10:33:47.352] [DEBUG] [calypso-direct] [DATA_IN] AWS=3.3kt AWA=327° Batt=100% Temp=0°C
[2026-06-06T10:33:47.741] [WARNING] [calypso-direct] [TIMING] Large gap: 390ms (expected ~125ms at 8Hz) AWS=3.3kt
[2026-06-06T10:33:47.743] [DEBUG] [calypso-direct] [DATA_IN] AWS=3.3kt AWA=326° Batt=100% Temp=0°C
[2026-06-06T10:33:47.744] [DEBUG] [calypso-direct] [DATA_IN] AWS=3.3kt AWA=323° Batt=100% Temp=0°C
[2026-06-06T10:33:48.133] [WARNING] [calypso-direct] [TIMING] Large gap: 389ms (expected ~125ms at 8Hz) AWS=3.1kt
[2026-06-06T10:33:48.135] [DEBUG] [calypso-direct] [DATA_IN] AWS=3.1kt AWA=323° Batt=100% Temp=0°C
[2026-06-06T10:33:48.327] [DEBUG] [calypso-direct] [DATA_IN] AWS=3.3kt AWA=322° Batt=100% Temp=0°C
[2026-06-06T10:33:48.521] [DEBUG] [calypso-direct] [DATA_IN] AWS=3.1kt AWA=322° Batt=100% Temp=0°C
[2026-06-06T10:33:49.107] [WARNING] [calypso-direct] [TIMING] Large gap: 586ms (expected ~125ms at 8Hz) AWS=3.3kt
[2026-06-06T10:33:49.107] [DEBUG] [calypso-direct] [DATA_IN] AWS=3.3kt AWA=322° Batt=100% Temp=0°C
[2026-06-06T10:33:49.110] [DEBUG] [calypso-direct] [DATA_IN] AWS=2.7kt AWA=329° Batt=100% Temp=0°C
[2026-06-06T10:33:49.301] [DEBUG] [calypso-direct] [DATA_IN] AWS=3.3kt AWA=329° Batt=100% Temp=0°C
[2026-06-06T10:33:49.496] [DEBUG] [calypso-direct] [DATA_IN] AWS=2.7kt AWA=329° Batt=100% Temp=0°C
[2026-06-06T10:33:50.082] [WARNING] [calypso-direct] [TIMING] Large gap: 585ms (expected ~125ms at 8Hz) AWS=3.3kt
[2026-06-06T10:33:50.083] [DEBUG] [calypso-direct] [DATA_IN] AWS=3.3kt AWA=329° Batt=100% Temp=0°C
[2026-06-06T10:33:50.276] [DEBUG] [calypso-direct] [DATA_IN] AWS=3.5kt AWA=329° Batt=100% Temp=0°C
[2026-06-06T10:33:50.667] [WARNING] [calypso-direct] [TIMING] Large gap: 390ms (expected ~125ms at 8Hz) AWS=3.5kt
[2026-06-06T10:33:50.667] [DEBUG] [calypso-direct] [DATA_IN] AWS=3.5kt AWA=322° Batt=100% Temp=0°C
[2026-06-06T10:33:50.862] [DEBUG] [calypso-direct] [DATA_IN] AWS=3.5kt AWA=322° Batt=100% Temp=0°C
[2026-06-06T10:33:50.863] [DEBUG] [calypso-direct] [DATA_IN] AWS=3.5kt AWA=322° Batt=100% Temp=0°C
[2026-06-06T10:33:51.057] [DEBUG] [calypso-direct] [DATA_IN] AWS=3.7kt AWA=322° Batt=100% Temp=0°C
[2026-06-06T10:33:51.252] [DEBUG] [calypso-direct] [DATA_IN] AWS=3.7kt AWA=322° Batt=100% Temp=0°C
[2026-06-06T10:33:51.642] [WARNING] [calypso-direct] [TIMING] Large gap: 391ms (expected ~125ms at 8Hz) AWS=3.7kt
[2026-06-06T10:33:51.643] [DEBUG] [calypso-direct] [DATA_IN] AWS=3.7kt AWA=327° Batt=100% Temp=0°C
[2026-06-06T10:33:52.031] [WARNING] [calypso-direct] [TIMING] Large gap: 389ms (expected ~125ms at 8Hz) AWS=3.7kt
[2026-06-06T10:33:52.032] [DEBUG] [calypso-direct] [DATA_IN] AWS=3.7kt AWA=325° Batt=100% Temp=0°C
[2026-06-06T10:33:52.226] [DEBUG] [calypso-direct] [DATA_IN] AWS=3.9kt AWA=326° Batt=100% Temp=0°C
[2026-06-06T10:33:52.421] [DEBUG] [calypso-direct] [DATA_IN] AWS=3.9kt AWA=325° Batt=100% Temp=0°C
[2026-06-06T10:33:52.616] [DEBUG] [calypso-direct] [DATA_IN] AWS=3.9kt AWA=325° Batt=100% Temp=0°C
[2026-06-06T10:33:52.811] [DEBUG] [calypso-direct] [DATA_IN] AWS=3.9kt AWA=328° Batt=100% Temp=0°C
[2026-06-06T10:33:53.006] [DEBUG] [calypso-direct] [DATA_IN] AWS=3.9kt AWA=328° Batt=100% Temp=0°C
[2026-06-06T10:33:53.594] [WARNING] [calypso-direct] [TIMING] Large gap: 588ms (expected ~125ms at 8Hz) AWS=4.1kt
[2026-06-06T10:33:53.595] [DEBUG] [calypso-direct] [DATA_IN] AWS=4.1kt AWA=328° Batt=100% Temp=0°C
[2026-06-06T10:33:53.596] [DEBUG] [calypso-direct] [DATA_IN] AWS=4.1kt AWA=328° Batt=100% Temp=0°C
[2026-06-06T10:33:53.981] [WARNING] [calypso-direct] [TIMING] Large gap: 385ms (expected ~125ms at 8Hz) AWS=4.1kt
[2026-06-06T10:33:53.982] [DEBUG] [calypso-direct] [DATA_IN] AWS=4.1kt AWA=328° Batt=100% Temp=0°C
[2026-06-06T10:33:54.176] [DEBUG] [calypso-direct] [DATA_IN] AWS=4.1kt AWA=324° Batt=100% Temp=0°C
[2026-06-06T10:33:54.372] [DEBUG] [calypso-direct] [DATA_IN] AWS=3.9kt AWA=324° Batt=100% Temp=0°C
[2026-06-06T10:33:54.566] [DEBUG] [calypso-direct] [DATA_IN] AWS=3.7kt AWA=324° Batt=100% Temp=0°C
[2026-06-06T10:33:54.957] [WARNING] [calypso-direct] [TIMING] Large gap: 390ms (expected ~125ms at 8Hz) AWS=3.3kt
[2026-06-06T10:33:54.958] [DEBUG] [calypso-direct] [DATA_IN] AWS=3.3kt AWA=324° Batt=100% Temp=0°C
[2026-06-06T10:33:55.151] [DEBUG] [calypso-direct] [DATA_IN] AWS=3.1kt AWA=324° Batt=100% Temp=0°C
[2026-06-06T10:33:55.346] [DEBUG] [calypso-direct] [DATA_IN] AWS=3.1kt AWA=331° Batt=100% Temp=0°C
[2026-06-06T10:33:55.541] [DEBUG] [calypso-direct] [DATA_IN] AWS=3.1kt AWA=331° Batt=100% Temp=0°C
[2026-06-06T10:33:55.737] [DEBUG] [calypso-direct] [DATA_IN] AWS=3.1kt AWA=331° Batt=100% Temp=0°C
[2026-06-06T10:33:56.126] [WARNING] [calypso-direct] [TIMING] Large gap: 389ms (expected ~125ms at 8Hz) AWS=3.1kt
[2026-06-06T10:33:56.127] [DEBUG] [calypso-direct] [DATA_IN] AWS=3.1kt AWA=333° Batt=100% Temp=0°C
[2026-06-06T10:33:56.321] [DEBUG] [calypso-direct] [DATA_IN] AWS=4.1kt AWA=333° Batt=100% Temp=0°C
[2026-06-06T10:33:56.516] [DEBUG] [calypso-direct] [DATA_IN] AWS=4.1kt AWA=335° Batt=100% Temp=0°C
[2026-06-06T10:33:56.906] [WARNING] [calypso-direct] [TIMING] Large gap: 390ms (expected ~125ms at 8Hz) AWS=4.1kt
[2026-06-06T10:33:56.907] [DEBUG] [calypso-direct] [DATA_IN] AWS=4.1kt AWA=335° Batt=100% Temp=0°C
[2026-06-06T10:33:57.101] [DEBUG] [calypso-direct] [DATA_IN] AWS=4.1kt AWA=333° Batt=100% Temp=0°C
[2026-06-06T10:33:57.296] [DEBUG] [calypso-direct] [DATA_IN] AWS=3.7kt AWA=333° Batt=100% Temp=0°C
[2026-06-06T10:33:57.881] [WARNING] [calypso-direct] [TIMING] Large gap: 585ms (expected ~125ms at 8Hz) AWS=3.7kt
[2026-06-06T10:33:57.882] [DEBUG] [calypso-direct] [DATA_IN] AWS=3.7kt AWA=333° Batt=100% Temp=0°C
[2026-06-06T10:33:57.884] [DEBUG] [calypso-direct] [DATA_IN] AWS=3.9kt AWA=330° Batt=100% Temp=0°C
[2026-06-06T10:33:58.076] [DEBUG] [calypso-direct] [DATA_IN] AWS=3.9kt AWA=330° Batt=100% Temp=0°C
[2026-06-06T10:33:58.271] [DEBUG] [calypso-direct] [DATA_IN] AWS=3.9kt AWA=331° Batt=100% Temp=0°C
[2026-06-06T10:33:58.663] [WARNING] [calypso-direct] [TIMING] Large gap: 392ms (expected ~125ms at 8Hz) AWS=3.9kt
[2026-06-06T10:33:58.664] [DEBUG] [calypso-direct] [DATA_IN] AWS=3.9kt AWA=331° Batt=100% Temp=0°C
[2026-06-06T10:33:59.248] [WARNING] [calypso-direct] [TIMING] Large gap: 585ms (expected ~125ms at 8Hz) AWS=3.9kt
[2026-06-06T10:33:59.248] [DEBUG] [calypso-direct] [DATA_IN] AWS=3.9kt AWA=331° Batt=100% Temp=0°C
[2026-06-06T10:33:59.251] [DEBUG] [calypso-direct] [DATA_IN] AWS=3.7kt AWA=337° Batt=100% Temp=0°C
[2026-06-06T10:33:59.255] [DEBUG] [calypso-direct] [DATA_IN] AWS=3.7kt AWA=337° Batt=100% Temp=0°C
[2026-06-06T10:33:59.638] [WARNING] [calypso-direct] [TIMING] Large gap: 383ms (expected ~125ms at 8Hz) AWS=3.5kt
[2026-06-06T10:33:59.640] [DEBUG] [calypso-direct] [DATA_IN] AWS=3.5kt AWA=337° Batt=100% Temp=0°C
[2026-06-06T10:33:59.831] [DEBUG] [calypso-direct] [DATA_IN] AWS=3.5kt AWA=337° Batt=100% Temp=0°C
[2026-06-06T10:34:00.026] [DEBUG] [calypso-direct] [DATA_IN] AWS=3.5kt AWA=337° Batt=100% Temp=0°C
[2026-06-06T10:34:00.611] [WARNING] [calypso-direct] [TIMING] Large gap: 585ms (expected ~125ms at 8Hz) AWS=3.7kt
[2026-06-06T10:34:00.613] [DEBUG] [calypso-direct] [DATA_IN] AWS=3.7kt AWA=332° Batt=100% Temp=0°C
[2026-06-06T10:34:00.614] [DEBUG] [calypso-direct] [DATA_IN] AWS=3.7kt AWA=330° Batt=100% Temp=0°C
[2026-06-06T10:34:00.806] [DEBUG] [calypso-direct] [DATA_IN] AWS=3.9kt AWA=330° Batt=100% Temp=0°C
[2026-06-06T10:34:01.001] [DEBUG] [calypso-direct] [DATA_IN] AWS=3.9kt AWA=330° Batt=100% Temp=0°C
[2026-06-06T10:34:01.391] [WARNING] [calypso-direct] [TIMING] Large gap: 390ms (expected ~125ms at 8Hz) AWS=3.9kt
[2026-06-06T10:34:01.391] [DEBUG] [calypso-direct] [DATA_IN] AWS=3.9kt AWA=331° Batt=100% Temp=0°C
[2026-06-06T10:34:01.586] [DEBUG] [calypso-direct] [DATA_IN] AWS=3.9kt AWA=327° Batt=100% Temp=0°C
[2026-06-06T10:34:01.781] [DEBUG] [calypso-direct] [DATA_IN] AWS=3.9kt AWA=327° Batt=100% Temp=0°C
[2026-06-06T10:34:02.171] [WARNING] [calypso-direct] [TIMING] Large gap: 390ms (expected ~125ms at 8Hz) AWS=3.5kt
[2026-06-06T10:34:02.171] [DEBUG] [calypso-direct] [DATA_IN] AWS=3.5kt AWA=327° Batt=100% Temp=0°C
[2026-06-06T10:34:02.367] [DEBUG] [calypso-direct] [DATA_IN] AWS=3.5kt AWA=326° Batt=100% Temp=0°C
[2026-06-06T10:34:02.561] [DEBUG] [calypso-direct] [DATA_IN] AWS=3.5kt AWA=326° Batt=100% Temp=0°C
[2026-06-06T10:34:02.756] [DEBUG] [calypso-direct] [DATA_IN] AWS=3.5kt AWA=330° Batt=100% Temp=0°C
[2026-06-06T10:34:03.146] [WARNING] [calypso-direct] [TIMING] Large gap: 390ms (expected ~125ms at 8Hz) AWS=3.5kt
[2026-06-06T10:34:03.146] [DEBUG] [calypso-direct] [DATA_IN] AWS=3.5kt AWA=331° Batt=100% Temp=0°C
[2026-06-06T10:34:03.536] [WARNING] [calypso-direct] [TIMING] Large gap: 390ms (expected ~125ms at 8Hz) AWS=3.5kt
[2026-06-06T10:34:03.538] [DEBUG] [calypso-direct] [DATA_IN] AWS=3.5kt AWA=331° Batt=100% Temp=0°C
[2026-06-06T10:34:03.539] [DEBUG] [calypso-direct] [DATA_IN] AWS=3.3kt AWA=331° Batt=100% Temp=0°C
[2026-06-06T10:34:04.121] [WARNING] [calypso-direct] [TIMING] Large gap: 582ms (expected ~125ms at 8Hz) AWS=3.5kt
[2026-06-06T10:34:04.123] [DEBUG] [calypso-direct] [DATA_IN] AWS=3.5kt AWA=330° Batt=100% Temp=0°C
[2026-06-06T10:34:04.124] [DEBUG] [calypso-direct] [DATA_IN] AWS=3.5kt AWA=321° Batt=100% Temp=0°C
[2026-06-06T10:34:04.316] [DEBUG] [calypso-direct] [DATA_IN] AWS=3.7kt AWA=321° Batt=100% Temp=0°C
[2026-06-06T10:34:04.511] [DEBUG] [calypso-direct] [DATA_IN] AWS=3.7kt AWA=321° Batt=100% Temp=0°C
[2026-06-06T10:34:05.101] [WARNING] [calypso-direct] [TIMING] Large gap: 590ms (expected ~125ms at 8Hz) AWS=3.7kt
[2026-06-06T10:34:05.102] [DEBUG] [calypso-direct] [DATA_IN] AWS=3.7kt AWA=321° Batt=100% Temp=0°C
[2026-06-06T10:34:05.103] [DEBUG] [calypso-direct] [DATA_IN] AWS=3.7kt AWA=321° Batt=100% Temp=0°C
[2026-06-06T10:34:05.292] [DEBUG] [calypso-direct] [DATA_IN] AWS=3.7kt AWA=326° Batt=100% Temp=0°C
[2026-06-06T10:34:05.487] [DEBUG] [calypso-direct] [DATA_IN] AWS=3.7kt AWA=326° Batt=100% Temp=0°C
[2026-06-06T10:34:05.880] [WARNING] [calypso-direct] [TIMING] Large gap: 393ms (expected ~125ms at 8Hz) AWS=3.7kt
[2026-06-06T10:34:05.882] [DEBUG] [calypso-direct] [DATA_IN] AWS=3.7kt AWA=327° Batt=100% Temp=0°C
[2026-06-06T10:34:06.071] [DEBUG] [calypso-direct] [DATA_IN] AWS=3.5kt AWA=327° Batt=100% Temp=0°C
[2026-06-06T10:34:06.461] [WARNING] [calypso-direct] [TIMING] Large gap: 390ms (expected ~125ms at 8Hz) AWS=3.5kt
[2026-06-06T10:34:06.462] [DEBUG] [calypso-direct] [DATA_IN] AWS=3.5kt AWA=327° Batt=100% Temp=0°C
[2026-06-06T10:34:06.656] [DEBUG] [calypso-direct] [DATA_IN] AWS=3.5kt AWA=327° Batt=100% Temp=0°C
[2026-06-06T10:34:06.851] [DEBUG] [calypso-direct] [DATA_IN] AWS=3.5kt AWA=327° Batt=100% Temp=0°C
[2026-06-06T10:34:07.046] [DEBUG] [calypso-direct] [DATA_IN] AWS=3.5kt AWA=327° Batt=100% Temp=0°C
[2026-06-06T10:34:07.241] [DEBUG] [calypso-direct] [DATA_IN] AWS=3.5kt AWA=327° Batt=100% Temp=0°C
[2026-06-06T10:34:08.021] [WARNING] [calypso-direct] [TIMING] Large gap: 780ms (expected ~125ms at 8Hz) AWS=4.1kt
[2026-06-06T10:34:08.022] [DEBUG] [calypso-direct] [DATA_IN] AWS=4.1kt AWA=327° Batt=100% Temp=0°C
[2026-06-06T10:34:08.025] [DEBUG] [calypso-direct] [DATA_IN] AWS=4.1kt AWA=325° Batt=100% Temp=0°C
[2026-06-06T10:34:08.026] [DEBUG] [calypso-direct] [DATA_IN] AWS=4.3kt AWA=325° Batt=100% Temp=0°C
[2026-06-06T10:34:08.411] [WARNING] [calypso-direct] [TIMING] Large gap: 385ms (expected ~125ms at 8Hz) AWS=4.3kt
[2026-06-06T10:34:08.411] [DEBUG] [calypso-direct] [DATA_IN] AWS=4.3kt AWA=325° Batt=100% Temp=0°C
[2026-06-06T10:34:08.606] [DEBUG] [calypso-direct] [DATA_IN] AWS=4.3kt AWA=325° Batt=100% Temp=0°C
[2026-06-06T10:34:08.801] [DEBUG] [calypso-direct] [DATA_IN] AWS=4.3kt AWA=325° Batt=100% Temp=0°C
[2026-06-06T10:34:09.386] [WARNING] [calypso-direct] [TIMING] Large gap: 585ms (expected ~125ms at 8Hz) AWS=3.9kt
[2026-06-06T10:34:09.387] [DEBUG] [calypso-direct] [DATA_IN] AWS=3.9kt AWA=324° Batt=100% Temp=0°C
[2026-06-06T10:34:09.388] [DEBUG] [calypso-direct] [DATA_IN] AWS=3.9kt AWA=325° Batt=100% Temp=0°C
[2026-06-06T10:34:09.581] [DEBUG] [calypso-direct] [DATA_IN] AWS=3.9kt AWA=325° Batt=100% Temp=0°C
[2026-06-06T10:34:09.776] [DEBUG] [calypso-direct] [DATA_IN] AWS=3.7kt AWA=324° Batt=100% Temp=0°C
[2026-06-06T10:34:10.166] [WARNING] [calypso-direct] [TIMING] Large gap: 390ms (expected ~125ms at 8Hz) AWS=3.7kt
[2026-06-06T10:34:10.168] [DEBUG] [calypso-direct] [DATA_IN] AWS=3.7kt AWA=324° Batt=100% Temp=0°C
[2026-06-06T10:34:10.361] [DEBUG] [calypso-direct] [DATA_IN] AWS=3.5kt AWA=327° Batt=100% Temp=0°C
[2026-06-06T10:34:10.751] [WARNING] [calypso-direct] [TIMING] Large gap: 390ms (expected ~125ms at 8Hz) AWS=3.7kt
[2026-06-06T10:34:10.751] [DEBUG] [calypso-direct] [DATA_IN] AWS=3.7kt AWA=326° Batt=100% Temp=0°C
[2026-06-06T10:34:10.755] [DEBUG] [calypso-direct] [DATA_IN] AWS=3.3kt AWA=327° Batt=100% Temp=0°C
[2026-06-06T10:34:11.143] [WARNING] [calypso-direct] [TIMING] Large gap: 388ms (expected ~125ms at 8Hz) AWS=3.7kt
[2026-06-06T10:34:11.144] [DEBUG] [calypso-direct] [DATA_IN] AWS=3.7kt AWA=326° Batt=100% Temp=0°C
[2026-06-06T10:34:11.337] [DEBUG] [calypso-direct] [DATA_IN] AWS=3.7kt AWA=327° Batt=100% Temp=0°C
[2026-06-06T10:34:11.726] [WARNING] [calypso-direct] [TIMING] Large gap: 390ms (expected ~125ms at 8Hz) AWS=3.7kt
[2026-06-06T10:34:11.727] [DEBUG] [calypso-direct] [DATA_IN] AWS=3.7kt AWA=328° Batt=100% Temp=0°C
[2026-06-06T10:34:12.311] [WARNING] [calypso-direct] [TIMING] Large gap: 585ms (expected ~125ms at 8Hz) AWS=3.5kt
[2026-06-06T10:34:12.311] [DEBUG] [calypso-direct] [DATA_IN] AWS=3.5kt AWA=328° Batt=100% Temp=0°C
[2026-06-06T10:34:12.314] [DEBUG] [calypso-direct] [DATA_IN] AWS=3.5kt AWA=328° Batt=100% Temp=0°C
[2026-06-06T10:34:12.316] [DEBUG] [calypso-direct] [DATA_IN] AWS=3.3kt AWA=328° Batt=100% Temp=0°C
[2026-06-06T10:34:12.506] [DEBUG] [calypso-direct] [DATA_IN] AWS=3.1kt AWA=328° Batt=100% Temp=0°C
[2026-06-06T10:34:12.896] [WARNING] [calypso-direct] [TIMING] Large gap: 390ms (expected ~125ms at 8Hz) AWS=3.1kt
[2026-06-06T10:34:12.897] [DEBUG] [calypso-direct] [DATA_IN] AWS=3.1kt AWA=323° Batt=100% Temp=0°C
[2026-06-06T10:34:13.091] [DEBUG] [calypso-direct] [DATA_IN] AWS=3.3kt AWA=324° Batt=100% Temp=0°C
[2026-06-06T10:34:13.286] [DEBUG] [calypso-direct] [DATA_IN] AWS=3.3kt AWA=323° Batt=100% Temp=0°C
[2026-06-06T10:34:13.676] [WARNING] [calypso-direct] [TIMING] Large gap: 390ms (expected ~125ms at 8Hz) AWS=3.3kt
[2026-06-06T10:34:13.676] [DEBUG] [calypso-direct] [DATA_IN] AWS=3.3kt AWA=323° Batt=100% Temp=0°C
[2026-06-06T10:34:13.871] [DEBUG] [calypso-direct] [DATA_IN] AWS=3.5kt AWA=323° Batt=100% Temp=0°C
[2026-06-06T10:34:14.066] [DEBUG] [calypso-direct] [DATA_IN] AWS=3.5kt AWA=318° Batt=100% Temp=0°C
[2026-06-06T10:34:14.261] [DEBUG] [calypso-direct] [DATA_IN] AWS=3.5kt AWA=318° Batt=100% Temp=0°C
[2026-06-06T10:34:14.651] [WARNING] [calypso-direct] [TIMING] Large gap: 390ms (expected ~125ms at 8Hz) AWS=3.5kt
[2026-06-06T10:34:14.651] [DEBUG] [calypso-direct] [DATA_IN] AWS=3.5kt AWA=319° Batt=100% Temp=0°C
[2026-06-06T10:34:15.041] [WARNING] [calypso-direct] [TIMING] Large gap: 390ms (expected ~125ms at 8Hz) AWS=3.3kt
[2026-06-06T10:34:15.042] [DEBUG] [calypso-direct] [DATA_IN] AWS=3.3kt AWA=319° Batt=100% Temp=0°C
[2026-06-06T10:34:15.044] [DEBUG] [calypso-direct] [DATA_IN] AWS=3.1kt AWA=319° Batt=100% Temp=0°C
[2026-06-06T10:34:15.236] [DEBUG] [calypso-direct] [DATA_IN] AWS=2.1kt AWA=332° Batt=100% Temp=0°C
[2026-06-06T10:34:15.626] [WARNING] [calypso-direct] [TIMING] Large gap: 390ms (expected ~125ms at 8Hz) AWS=2.1kt
[2026-06-06T10:34:15.626] [DEBUG] [calypso-direct] [DATA_IN] AWS=2.1kt AWA=330° Batt=100% Temp=0°C
[2026-06-06T10:34:15.821] [DEBUG] [calypso-direct] [DATA_IN] AWS=2.1kt AWA=330° Batt=100% Temp=0°C
[2026-06-06T10:34:16.016] [DEBUG] [calypso-direct] [DATA_IN] AWS=2.1kt AWA=330° Batt=100% Temp=0°C
[2026-06-06T10:34:16.602] [WARNING] [calypso-direct] [TIMING] Large gap: 586ms (expected ~125ms at 8Hz) AWS=2.5kt
[2026-06-06T10:34:16.603] [DEBUG] [calypso-direct] [DATA_IN] AWS=2.5kt AWA=329° Batt=100% Temp=0°C
[2026-06-06T10:34:16.605] [DEBUG] [calypso-direct] [DATA_IN] AWS=2.5kt AWA=327° Batt=100% Temp=0°C
[2026-06-06T10:34:16.992] [WARNING] [calypso-direct] [TIMING] Large gap: 387ms (expected ~125ms at 8Hz) AWS=2.5kt
[2026-06-06T10:34:16.993] [DEBUG] [calypso-direct] [DATA_IN] AWS=2.5kt AWA=328° Batt=100% Temp=0°C
[2026-06-06T10:34:16.994] [DEBUG] [calypso-direct] [DATA_IN] AWS=2.5kt AWA=328° Batt=100% Temp=0°C
[2026-06-06T10:34:17.381] [WARNING] [calypso-direct] [TIMING] Large gap: 387ms (expected ~125ms at 8Hz) AWS=2.7kt
[2026-06-06T10:34:17.382] [DEBUG] [calypso-direct] [DATA_IN] AWS=2.7kt AWA=329° Batt=100% Temp=0°C
[2026-06-06T10:34:17.576] [DEBUG] [calypso-direct] [DATA_IN] AWS=3.3kt AWA=329° Batt=100% Temp=0°C
[2026-06-06T10:34:17.966] [WARNING] [calypso-direct] [TIMING] Large gap: 390ms (expected ~125ms at 8Hz) AWS=3.3kt
[2026-06-06T10:34:17.967] [DEBUG] [calypso-direct] [DATA_IN] AWS=3.3kt AWA=336° Batt=100% Temp=0°C
[2026-06-06T10:34:18.161] [DEBUG] [calypso-direct] [DATA_IN] AWS=3.5kt AWA=335° Batt=100% Temp=0°C
[2026-06-06T10:34:18.356] [DEBUG] [calypso-direct] [DATA_IN] AWS=3.3kt AWA=336° Batt=100% Temp=0°C
[2026-06-06T10:34:18.551] [DEBUG] [calypso-direct] [DATA_IN] AWS=3.3kt AWA=336° Batt=100% Temp=0°C
[2026-06-06T10:34:18.941] [WARNING] [calypso-direct] [TIMING] Large gap: 389ms (expected ~125ms at 8Hz) AWS=3.3kt
[2026-06-06T10:34:18.941] [DEBUG] [calypso-direct] [DATA_IN] AWS=3.3kt AWA=336° Batt=100% Temp=0°C
[2026-06-06T10:34:19.527] [WARNING] [calypso-direct] [TIMING] Large gap: 586ms (expected ~125ms at 8Hz) AWS=3.3kt
[2026-06-06T10:34:19.527] [DEBUG] [calypso-direct] [DATA_IN] AWS=3.3kt AWA=331° Batt=100% Temp=0°C
[2026-06-06T10:34:19.529] [DEBUG] [calypso-direct] [DATA_IN] AWS=3.3kt AWA=331° Batt=100% Temp=0°C
[2026-06-06T10:34:19.530] [DEBUG] [calypso-direct] [DATA_IN] AWS=3.3kt AWA=331° Batt=100% Temp=0°C
[2026-06-06T10:34:19.916] [WARNING] [calypso-direct] [TIMING] Large gap: 386ms (expected ~125ms at 8Hz) AWS=3.3kt
[2026-06-06T10:34:19.917] [DEBUG] [calypso-direct] [DATA_IN] AWS=3.3kt AWA=328° Batt=100% Temp=0°C
[2026-06-06T10:34:20.111] [DEBUG] [calypso-direct] [DATA_IN] AWS=3.3kt AWA=328° Batt=100% Temp=0°C
[2026-06-06T10:34:20.306] [DEBUG] [calypso-direct] [DATA_IN] AWS=3.3kt AWA=326° Batt=100% Temp=0°C
[2026-06-06T10:34:20.501] [DEBUG] [calypso-direct] [DATA_IN] AWS=3.5kt AWA=328° Batt=100% Temp=0°C
[2026-06-06T10:34:20.891] [WARNING] [calypso-direct] [TIMING] Large gap: 390ms (expected ~125ms at 8Hz) AWS=3.7kt
[2026-06-06T10:34:20.891] [DEBUG] [calypso-direct] [DATA_IN] AWS=3.7kt AWA=328° Batt=100% Temp=0°C
[2026-06-06T10:34:21.086] [DEBUG] [calypso-direct] [DATA_IN] AWS=3.9kt AWA=329° Batt=100% Temp=0°C
[2026-06-06T10:34:21.281] [DEBUG] [calypso-direct] [DATA_IN] AWS=3.7kt AWA=329° Batt=100% Temp=0°C
[2026-06-06T10:34:21.671] [WARNING] [calypso-direct] [TIMING] Large gap: 390ms (expected ~125ms at 8Hz) AWS=3.9kt
[2026-06-06T10:34:21.671] [DEBUG] [calypso-direct] [DATA_IN] AWS=3.9kt AWA=330° Batt=100% Temp=0°C
[2026-06-06T10:34:21.866] [DEBUG] [calypso-direct] [DATA_IN] AWS=3.9kt AWA=330° Batt=100% Temp=0°C
[2026-06-06T10:34:22.454] [WARNING] [calypso-direct] [TIMING] Large gap: 587ms (expected ~125ms at 8Hz) AWS=3.9kt
[2026-06-06T10:34:22.454] [DEBUG] [calypso-direct] [DATA_IN] AWS=3.9kt AWA=330° Batt=100% Temp=0°C
[2026-06-06T10:34:22.456] [DEBUG] [calypso-direct] [DATA_IN] AWS=3.5kt AWA=330° Batt=100% Temp=0°C
[2026-06-06T10:34:22.648] [DEBUG] [calypso-direct] [DATA_IN] AWS=3.5kt AWA=330° Batt=100% Temp=0°C
[2026-06-06T10:34:22.842] [DEBUG] [calypso-direct] [DATA_IN] AWS=3.3kt AWA=331° Batt=100% Temp=0°C
[2026-06-06T10:34:23.038] [DEBUG] [calypso-direct] [DATA_IN] AWS=3.3kt AWA=330° Batt=100% Temp=0°C
[2026-06-06T10:34:23.816] [WARNING] [calypso-direct] [TIMING] Large gap: 778ms (expected ~125ms at 8Hz) AWS=3.3kt
[2026-06-06T10:34:23.817] [DEBUG] [calypso-direct] [DATA_IN] AWS=3.3kt AWA=330° Batt=100% Temp=0°C
[2026-06-06T10:34:23.818] [DEBUG] [calypso-direct] [DATA_IN] AWS=3.3kt AWA=330° Batt=100% Temp=0°C
[2026-06-06T10:34:24.011] [DEBUG] [calypso-direct] [DATA_IN] AWS=3.3kt AWA=329° Batt=100% Temp=0°C
[2026-06-06T10:34:24.015] [DEBUG] [calypso-direct] [DATA_IN] AWS=3.5kt AWA=331° Batt=100% Temp=0°C
[2026-06-06T10:34:24.403] [WARNING] [calypso-direct] [TIMING] Large gap: 387ms (expected ~125ms at 8Hz) AWS=3.5kt
[2026-06-06T10:34:24.403] [DEBUG] [calypso-direct] [DATA_IN] AWS=3.5kt AWA=331° Batt=100% Temp=0°C
[2026-06-06T10:34:24.597] [DEBUG] [calypso-direct] [DATA_IN] AWS=3.5kt AWA=331° Batt=100% Temp=0°C
[2026-06-06T10:34:24.792] [DEBUG] [calypso-direct] [DATA_IN] AWS=3.7kt AWA=331° Batt=100% Temp=0°C
[2026-06-06T10:34:25.181] [WARNING] [calypso-direct] [TIMING] Large gap: 389ms (expected ~125ms at 8Hz) AWS=3.7kt
[2026-06-06T10:34:25.182] [DEBUG] [calypso-direct] [DATA_IN] AWS=3.7kt AWA=331° Batt=100% Temp=0°C
[2026-06-06T10:34:25.376] [DEBUG] [calypso-direct] [DATA_IN] AWS=3.7kt AWA=325° Batt=100% Temp=0°C
[2026-06-06T10:34:25.571] [DEBUG] [calypso-direct] [DATA_IN] AWS=4.3kt AWA=323° Batt=100% Temp=0°C
[2026-06-06T10:34:25.767] [DEBUG] [calypso-direct] [DATA_IN] AWS=4.5kt AWA=323° Batt=100% Temp=0°C
[2026-06-06T10:34:26.156] [WARNING] [calypso-direct] [TIMING] Large gap: 389ms (expected ~125ms at 8Hz) AWS=4.5kt
[2026-06-06T10:34:26.158] [DEBUG] [calypso-direct] [DATA_IN] AWS=4.5kt AWA=323° Batt=100% Temp=0°C
[2026-06-06T10:34:26.742] [WARNING] [calypso-direct] [TIMING] Large gap: 586ms (expected ~125ms at 8Hz) AWS=4.5kt
[2026-06-06T10:34:26.742] [DEBUG] [calypso-direct] [DATA_IN] AWS=4.5kt AWA=323° Batt=100% Temp=0°C
[2026-06-06T10:34:26.743] [DEBUG] [calypso-direct] [DATA_IN] AWS=4.3kt AWA=322° Batt=100% Temp=0°C
[2026-06-06T10:34:26.744] [DEBUG] [calypso-direct] [DATA_IN] AWS=4.1kt AWA=321° Batt=100% Temp=0°C
[2026-06-06T10:34:27.326] [WARNING] [calypso-direct] [TIMING] Large gap: 582ms (expected ~125ms at 8Hz) AWS=4.1kt
[2026-06-06T10:34:27.326] [DEBUG] [calypso-direct] [DATA_IN] AWS=4.1kt AWA=321° Batt=100% Temp=0°C
[2026-06-06T10:34:27.328] [DEBUG] [calypso-direct] [DATA_IN] AWS=4.1kt AWA=322° Batt=100% Temp=0°C
[2026-06-06T10:34:27.521] [DEBUG] [calypso-direct] [DATA_IN] AWS=4.5kt AWA=322° Batt=100% Temp=0°C
[2026-06-06T10:34:28.107] [WARNING] [calypso-direct] [TIMING] Large gap: 586ms (expected ~125ms at 8Hz) AWS=4.7kt
[2026-06-06T10:34:28.108] [DEBUG] [calypso-direct] [DATA_IN] AWS=4.7kt AWA=323° Batt=100% Temp=0°C
[2026-06-06T10:34:28.108] [DEBUG] [calypso-direct] [DATA_IN] AWS=4.7kt AWA=323° Batt=100% Temp=0°C
[2026-06-06T10:34:28.301] [DEBUG] [calypso-direct] [DATA_IN] AWS=4.7kt AWA=324° Batt=100% Temp=0°C
[2026-06-06T10:34:28.496] [DEBUG] [calypso-direct] [DATA_IN] AWS=4.7kt AWA=324° Batt=100% Temp=0°C
[2026-06-06T10:34:28.886] [WARNING] [calypso-direct] [TIMING] Large gap: 390ms (expected ~125ms at 8Hz) AWS=4.7kt
[2026-06-06T10:34:28.887] [DEBUG] [calypso-direct] [DATA_IN] AWS=4.7kt AWA=323° Batt=100% Temp=0°C
[2026-06-06T10:34:29.081] [DEBUG] [calypso-direct] [DATA_IN] AWS=4.5kt AWA=324° Batt=100% Temp=0°C
[2026-06-06T10:34:29.666] [WARNING] [calypso-direct] [TIMING] Large gap: 585ms (expected ~125ms at 8Hz) AWS=4.1kt
[2026-06-06T10:34:29.666] [DEBUG] [calypso-direct] [DATA_IN] AWS=4.1kt AWA=324° Batt=100% Temp=0°C
[2026-06-06T10:34:29.860] [DEBUG] [calypso-direct] [DATA_IN] AWS=4.1kt AWA=324° Batt=100% Temp=0°C
[2026-06-06T10:34:29.863] [DEBUG] [calypso-direct] [DATA_IN] AWS=4.1kt AWA=324° Batt=100% Temp=0°C
[2026-06-06T10:34:30.057] [DEBUG] [calypso-direct] [DATA_IN] AWS=4.1kt AWA=324° Batt=100% Temp=0°C
[2026-06-06T10:34:30.251] [DEBUG] [calypso-direct] [DATA_IN] AWS=3.9kt AWA=327° Batt=100% Temp=0°C
[2026-06-06T10:34:31.031] [WARNING] [calypso-direct] [TIMING] Large gap: 780ms (expected ~125ms at 8Hz) AWS=3.7kt
[2026-06-06T10:34:31.031] [DEBUG] [calypso-direct] [DATA_IN] AWS=3.7kt AWA=327° Batt=100% Temp=0°C
[2026-06-06T10:34:31.034] [DEBUG] [calypso-direct] [DATA_IN] AWS=3.7kt AWA=327° Batt=100% Temp=0°C
[2026-06-06T10:34:31.035] [DEBUG] [calypso-direct] [DATA_IN] AWS=3.7kt AWA=327° Batt=100% Temp=0°C
[2026-06-06T10:34:31.421] [WARNING] [calypso-direct] [TIMING] Large gap: 385ms (expected ~125ms at 8Hz) AWS=3.7kt
[2026-06-06T10:34:31.421] [DEBUG] [calypso-direct] [DATA_IN] AWS=3.7kt AWA=327° Batt=100% Temp=0°C
[2026-06-06T10:34:31.615] [DEBUG] [calypso-direct] [DATA_IN] AWS=4.1kt AWA=324° Batt=100% Temp=0°C
[2026-06-06T10:34:31.811] [DEBUG] [calypso-direct] [DATA_IN] AWS=4.3kt AWA=323° Batt=100% Temp=0°C
[2026-06-06T10:34:32.006] [DEBUG] [calypso-direct] [DATA_IN] AWS=4.3kt AWA=322° Batt=100% Temp=0°C
[2026-06-06T10:34:32.396] [WARNING] [calypso-direct] [TIMING] Large gap: 390ms (expected ~125ms at 8Hz) AWS=4.3kt
[2026-06-06T10:34:32.396] [DEBUG] [calypso-direct] [DATA_IN] AWS=4.3kt AWA=322° Batt=100% Temp=0°C
[2026-06-06T10:34:32.591] [DEBUG] [calypso-direct] [DATA_IN] AWS=4.3kt AWA=322° Batt=100% Temp=0°C
[2026-06-06T10:34:32.981] [WARNING] [calypso-direct] [TIMING] Large gap: 390ms (expected ~125ms at 8Hz) AWS=3.9kt
[2026-06-06T10:34:32.981] [DEBUG] [calypso-direct] [DATA_IN] AWS=3.9kt AWA=320° Batt=100% Temp=0°C
[2026-06-06T10:34:33.371] [WARNING] [calypso-direct] [TIMING] Large gap: 390ms (expected ~125ms at 8Hz) AWS=3.9kt
[2026-06-06T10:34:33.371] [DEBUG] [calypso-direct] [DATA_IN] AWS=3.9kt AWA=320° Batt=100% Temp=0°C
[2026-06-06T10:34:33.373] [DEBUG] [calypso-direct] [DATA_IN] AWS=3.9kt AWA=321° Batt=100% Temp=0°C
[2026-06-06T10:34:33.566] [DEBUG] [calypso-direct] [DATA_IN] AWS=3.9kt AWA=322° Batt=100% Temp=0°C
[2026-06-06T10:34:33.761] [DEBUG] [calypso-direct] [DATA_IN] AWS=3.9kt AWA=321° Batt=100% Temp=0°C
[2026-06-06T10:34:34.150] [WARNING] [calypso-direct] [TIMING] Large gap: 390ms (expected ~125ms at 8Hz) AWS=3.9kt
[2026-06-06T10:34:34.151] [DEBUG] [calypso-direct] [DATA_IN] AWS=3.9kt AWA=328° Batt=100% Temp=0°C
[2026-06-06T10:34:34.346] [DEBUG] [calypso-direct] [DATA_IN] AWS=3.7kt AWA=328° Batt=100% Temp=0°C
[2026-06-06T10:34:34.541] [DEBUG] [calypso-direct] [DATA_IN] AWS=4.1kt AWA=325° Batt=100% Temp=0°C
[2026-06-06T10:34:34.931] [WARNING] [calypso-direct] [TIMING] Large gap: 390ms (expected ~125ms at 8Hz) AWS=4.1kt
[2026-06-06T10:34:34.931] [DEBUG] [calypso-direct] [DATA_IN] AWS=4.1kt AWA=325° Batt=100% Temp=0°C
[2026-06-06T10:34:35.324] [WARNING] [calypso-direct] [TIMING] Large gap: 394ms (expected ~125ms at 8Hz) AWS=3.7kt
[2026-06-06T10:34:35.325] [DEBUG] [calypso-direct] [DATA_IN] AWS=3.7kt AWA=325° Batt=100% Temp=0°C
[2026-06-06T10:34:35.515] [DEBUG] [calypso-direct] [DATA_IN] AWS=3.7kt AWA=321° Batt=100% Temp=0°C
[2026-06-06T10:34:35.518] [DEBUG] [calypso-direct] [DATA_IN] AWS=2.7kt AWA=322° Batt=100% Temp=0°C
[2026-06-06T10:34:35.906] [WARNING] [calypso-direct] [TIMING] Large gap: 388ms (expected ~125ms at 8Hz) AWS=2.7kt
[2026-06-06T10:34:35.906] [DEBUG] [calypso-direct] [DATA_IN] AWS=2.7kt AWA=323° Batt=100% Temp=0°C
[2026-06-06T10:34:36.101] [DEBUG] [calypso-direct] [DATA_IN] AWS=2.7kt AWA=323° Batt=100% Temp=0°C
[2026-06-06T10:34:36.296] [DEBUG] [calypso-direct] [DATA_IN] AWS=2.5kt AWA=323° Batt=100% Temp=0°C
[2026-06-06T10:34:36.686] [WARNING] [calypso-direct] [TIMING] Large gap: 390ms (expected ~125ms at 8Hz) AWS=2.5kt
[2026-06-06T10:34:36.687] [DEBUG] [calypso-direct] [DATA_IN] AWS=2.5kt AWA=327° Batt=100% Temp=0°C
[2026-06-06T10:34:36.881] [DEBUG] [calypso-direct] [DATA_IN] AWS=2.7kt AWA=327° Batt=100% Temp=0°C
[2026-06-06T10:34:37.075] [DEBUG] [calypso-direct] [DATA_IN] AWS=3.3kt AWA=326° Batt=100% Temp=0°C
[2026-06-06T10:34:37.270] [DEBUG] [calypso-direct] [DATA_IN] AWS=3.3kt AWA=325° Batt=100% Temp=0°C
[2026-06-06T10:34:37.661] [WARNING] [calypso-direct] [TIMING] Large gap: 390ms (expected ~125ms at 8Hz) AWS=3.7kt
[2026-06-06T10:34:37.661] [DEBUG] [calypso-direct] [DATA_IN] AWS=3.7kt AWA=325° Batt=100% Temp=0°C
[2026-06-06T10:34:37.856] [DEBUG] [calypso-direct] [DATA_IN] AWS=3.9kt AWA=323° Batt=100% Temp=0°C
[2026-06-06T10:34:38.246] [WARNING] [calypso-direct] [TIMING] Large gap: 390ms (expected ~125ms at 8Hz) AWS=3.9kt
[2026-06-06T10:34:38.247] [DEBUG] [calypso-direct] [DATA_IN] AWS=3.9kt AWA=323° Batt=100% Temp=0°C
[2026-06-06T10:34:38.247] [DEBUG] [calypso-direct] [DATA_IN] AWS=3.5kt AWA=323° Batt=100% Temp=0°C
[2026-06-06T10:34:38.635] [WARNING] [calypso-direct] [TIMING] Large gap: 388ms (expected ~125ms at 8Hz) AWS=3.9kt
[2026-06-06T10:34:38.636] [DEBUG] [calypso-direct] [DATA_IN] AWS=3.9kt AWA=324° Batt=100% Temp=0°C
[2026-06-06T10:34:38.830] [DEBUG] [calypso-direct] [DATA_IN] AWS=3.7kt AWA=324° Batt=100% Temp=0°C
[2026-06-06T10:34:39.025] [DEBUG] [calypso-direct] [DATA_IN] AWS=3.7kt AWA=324° Batt=100% Temp=0°C
[2026-06-06T10:34:39.611] [WARNING] [calypso-direct] [TIMING] Large gap: 585ms (expected ~125ms at 8Hz) AWS=4.1kt
[2026-06-06T10:34:39.611] [DEBUG] [calypso-direct] [DATA_IN] AWS=4.1kt AWA=324° Batt=100% Temp=0°C
[2026-06-06T10:34:39.806] [DEBUG] [calypso-direct] [DATA_IN] AWS=4.1kt AWA=325° Batt=100% Temp=0°C
[2026-06-06T10:34:39.808] [DEBUG] [calypso-direct] [DATA_IN] AWS=3.7kt AWA=325° Batt=100% Temp=0°C
[2026-06-06T10:34:40.196] [WARNING] [calypso-direct] [TIMING] Large gap: 388ms (expected ~125ms at 8Hz) AWS=3.5kt
[2026-06-06T10:34:40.196] [DEBUG] [calypso-direct] [DATA_IN] AWS=3.5kt AWA=326° Batt=100% Temp=0°C
[2026-06-06T10:34:40.587] [WARNING] [calypso-direct] [TIMING] Large gap: 392ms (expected ~125ms at 8Hz) AWS=2.7kt
[2026-06-06T10:34:40.588] [DEBUG] [calypso-direct] [DATA_IN] AWS=2.7kt AWA=339° Batt=100% Temp=0°C
[2026-06-06T10:34:40.596] [DEBUG] [calypso-direct] [DATA_IN] AWS=2.7kt AWA=341° Batt=100% Temp=0°C
[2026-06-06T10:34:40.781] [DEBUG] [calypso-direct] [DATA_IN] AWS=3.5kt AWA=341° Batt=100% Temp=0°C
[2026-06-06T10:34:41.171] [WARNING] [calypso-direct] [TIMING] Large gap: 389ms (expected ~125ms at 8Hz) AWS=3.5kt
[2026-06-06T10:34:41.171] [DEBUG] [calypso-direct] [DATA_IN] AWS=3.5kt AWA=341° Batt=100% Temp=0°C
[2026-06-06T10:34:41.366] [DEBUG] [calypso-direct] [DATA_IN] AWS=3.5kt AWA=341° Batt=100% Temp=0°C
[2026-06-06T10:34:41.561] [DEBUG] [calypso-direct] [DATA_IN] AWS=4.1kt AWA=340° Batt=100% Temp=0°C
[2026-06-06T10:34:41.756] [DEBUG] [calypso-direct] [DATA_IN] AWS=4.1kt AWA=341° Batt=100% Temp=0°C
[2026-06-06T10:34:42.146] [WARNING] [calypso-direct] [TIMING] Large gap: 390ms (expected ~125ms at 8Hz) AWS=4.1kt
[2026-06-06T10:34:42.146] [DEBUG] [calypso-direct] [DATA_IN] AWS=4.1kt AWA=340° Batt=100% Temp=0°C
[2026-06-06T10:34:42.536] [WARNING] [calypso-direct] [TIMING] Large gap: 390ms (expected ~125ms at 8Hz) AWS=3.7kt
[2026-06-06T10:34:42.536] [DEBUG] [calypso-direct] [DATA_IN] AWS=3.7kt AWA=340° Batt=100% Temp=0°C
[2026-06-06T10:34:42.537] [DEBUG] [calypso-direct] [DATA_IN] AWS=3.1kt AWA=340° Batt=100% Temp=0°C
[2026-06-06T10:34:42.926] [WARNING] [calypso-direct] [TIMING] Large gap: 389ms (expected ~125ms at 8Hz) AWS=2.9kt
[2026-06-06T10:34:42.926] [DEBUG] [calypso-direct] [DATA_IN] AWS=2.9kt AWA=333° Batt=100% Temp=0°C
[2026-06-06T10:34:43.121] [DEBUG] [calypso-direct] [DATA_IN] AWS=2.9kt AWA=332° Batt=100% Temp=0°C
[2026-06-06T10:34:43.510] [WARNING] [calypso-direct] [TIMING] Large gap: 390ms (expected ~125ms at 8Hz) AWS=2.5kt
[2026-06-06T10:34:43.511] [DEBUG] [calypso-direct] [DATA_IN] AWS=2.5kt AWA=332° Batt=100% Temp=0°C
[2026-06-06T10:34:43.513] [DEBUG] [calypso-direct] [DATA_IN] AWS=2.5kt AWA=332° Batt=100% Temp=0°C
[2026-06-06T10:34:44.095] [WARNING] [calypso-direct] [TIMING] Large gap: 583ms (expected ~125ms at 8Hz) AWS=2.9kt
[2026-06-06T10:34:44.097] [DEBUG] [calypso-direct] [DATA_IN] AWS=2.9kt AWA=332° Batt=100% Temp=0°C
[2026-06-06T10:34:44.098] [DEBUG] [calypso-direct] [DATA_IN] AWS=2.9kt AWA=324° Batt=100% Temp=0°C
[2026-06-06T10:34:44.291] [DEBUG] [calypso-direct] [DATA_IN] AWS=2.9kt AWA=324° Batt=100% Temp=0°C
[2026-06-06T10:34:44.485] [DEBUG] [calypso-direct] [DATA_IN] AWS=3.3kt AWA=322° Batt=100% Temp=0°C
[2026-06-06T10:34:44.875] [WARNING] [calypso-direct] [TIMING] Large gap: 390ms (expected ~125ms at 8Hz) AWS=3.5kt
[2026-06-06T10:34:44.876] [DEBUG] [calypso-direct] [DATA_IN] AWS=3.5kt AWA=320° Batt=100% Temp=0°C
[2026-06-06T10:34:45.070] [DEBUG] [calypso-direct] [DATA_IN] AWS=3.5kt AWA=319° Batt=100% Temp=0°C
[2026-06-06T10:34:45.460] [WARNING] [calypso-direct] [TIMING] Large gap: 390ms (expected ~125ms at 8Hz) AWS=2.9kt
[2026-06-06T10:34:45.461] [DEBUG] [calypso-direct] [DATA_IN] AWS=2.9kt AWA=323° Batt=100% Temp=0°C
[2026-06-06T10:34:45.655] [DEBUG] [calypso-direct] [DATA_IN] AWS=2.9kt AWA=323° Batt=100% Temp=0°C
[2026-06-06T10:34:45.852] [DEBUG] [calypso-direct] [DATA_IN] AWS=2.9kt AWA=324° Batt=100% Temp=0°C
[2026-06-06T10:34:46.046] [DEBUG] [calypso-direct] [DATA_IN] AWS=2.7kt AWA=325° Batt=100% Temp=0°C
[2026-06-06T10:34:46.240] [DEBUG] [calypso-direct] [DATA_IN] AWS=2.7kt AWA=326° Batt=100% Temp=0°C
[2026-06-06T10:34:46.631] [WARNING] [calypso-direct] [TIMING] Large gap: 390ms (expected ~125ms at 8Hz) AWS=2.9kt
[2026-06-06T10:34:46.631] [DEBUG] [calypso-direct] [DATA_IN] AWS=2.9kt AWA=347° Batt=100% Temp=0°C
[2026-06-06T10:34:46.826] [DEBUG] [calypso-direct] [DATA_IN] AWS=2.9kt AWA=348° Batt=100% Temp=0°C
[2026-06-06T10:34:47.021] [DEBUG] [calypso-direct] [DATA_IN] AWS=2.9kt AWA=348° Batt=100% Temp=0°C
[2026-06-06T10:34:47.411] [WARNING] [calypso-direct] [TIMING] Large gap: 390ms (expected ~125ms at 8Hz) AWS=2.9kt
[2026-06-06T10:34:47.411] [INFO] [calypso-direct] [RATE_1MIN] 241 pkts/min (expected 480 at 8Hz) max_gap=780ms gaps_>250ms=83
[2026-06-06T10:34:47.411] [DEBUG] [calypso-direct] [DATA_IN] AWS=2.9kt AWA=348° Batt=100% Temp=0°C
[2026-06-06T10:34:47.606] [DEBUG] [calypso-direct] [DATA_IN] AWS=2.9kt AWA=347° Batt=100% Temp=0°C
[2026-06-06T10:34:47.801] [DEBUG] [calypso-direct] [DATA_IN] AWS=2.9kt AWA=356° Batt=100% Temp=0°C
[2026-06-06T10:34:48.386] [WARNING] [calypso-direct] [TIMING] Large gap: 585ms (expected ~125ms at 8Hz) AWS=3.1kt
[2026-06-06T10:34:48.388] [DEBUG] [calypso-direct] [DATA_IN] AWS=3.1kt AWA=356° Batt=100% Temp=0°C
[2026-06-06T10:34:48.389] [DEBUG] [calypso-direct] [DATA_IN] AWS=3.3kt AWA=356° Batt=100% Temp=0°C
[2026-06-06T10:34:48.581] [DEBUG] [calypso-direct] [DATA_IN] AWS=3.3kt AWA=356° Batt=100% Temp=0°C
[2026-06-06T10:34:48.775] [DEBUG] [calypso-direct] [DATA_IN] AWS=3.5kt AWA=356° Batt=100% Temp=0°C
[2026-06-06T10:34:49.166] [WARNING] [calypso-direct] [TIMING] Large gap: 390ms (expected ~125ms at 8Hz) AWS=3.7kt
[2026-06-06T10:34:49.166] [DEBUG] [calypso-direct] [DATA_IN] AWS=3.7kt AWA=344° Batt=100% Temp=0°C
[2026-06-06T10:34:49.361] [DEBUG] [calypso-direct] [DATA_IN] AWS=3.7kt AWA=343° Batt=100% Temp=0°C
[2026-06-06T10:34:49.750] [WARNING] [calypso-direct] [TIMING] Large gap: 390ms (expected ~125ms at 8Hz) AWS=4.7kt
[2026-06-06T10:34:49.751] [DEBUG] [calypso-direct] [DATA_IN] AWS=4.7kt AWA=343° Batt=100% Temp=0°C
[2026-06-06T10:34:49.752] [DEBUG] [calypso-direct] [DATA_IN] AWS=4.7kt AWA=343° Batt=100% Temp=0°C
[2026-06-06T10:34:50.140] [WARNING] [calypso-direct] [TIMING] Large gap: 389ms (expected ~125ms at 8Hz) AWS=4.7kt
[2026-06-06T10:34:50.141] [DEBUG] [calypso-direct] [DATA_IN] AWS=4.7kt AWA=343° Batt=100% Temp=0°C
[2026-06-06T10:34:50.336] [DEBUG] [calypso-direct] [DATA_IN] AWS=4.5kt AWA=333° Batt=100% Temp=0°C
[2026-06-06T10:34:50.726] [WARNING] [calypso-direct] [TIMING] Large gap: 390ms (expected ~125ms at 8Hz) AWS=4.1kt
[2026-06-06T10:34:50.726] [DEBUG] [calypso-direct] [DATA_IN] AWS=4.1kt AWA=333° Batt=100% Temp=0°C
[2026-06-06T10:34:51.312] [WARNING] [calypso-direct] [TIMING] Large gap: 586ms (expected ~125ms at 8Hz) AWS=4.1kt
[2026-06-06T10:34:51.313] [DEBUG] [calypso-direct] [DATA_IN] AWS=4.1kt AWA=333° Batt=100% Temp=0°C
[2026-06-06T10:34:51.507] [DEBUG] [calypso-direct] [DATA_IN] AWS=4.1kt AWA=333° Batt=100% Temp=0°C
[2026-06-06T10:34:51.511] [DEBUG] [calypso-direct] [DATA_IN] AWS=4.1kt AWA=333° Batt=100% Temp=0°C
[2026-06-06T10:34:51.513] [DEBUG] [calypso-direct] [DATA_IN] AWS=4.3kt AWA=336° Batt=100% Temp=0°C
[2026-06-06T10:34:52.092] [WARNING] [calypso-direct] [TIMING] Large gap: 579ms (expected ~125ms at 8Hz) AWS=4.3kt
[2026-06-06T10:34:52.092] [DEBUG] [calypso-direct] [DATA_IN] AWS=4.3kt AWA=337° Batt=100% Temp=0°C
[2026-06-06T10:34:52.095] [DEBUG] [calypso-direct] [DATA_IN] AWS=4.1kt AWA=337° Batt=100% Temp=0°C
[2026-06-06T10:34:52.286] [DEBUG] [calypso-direct] [DATA_IN] AWS=4.1kt AWA=337° Batt=100% Temp=0°C
[2026-06-06T10:34:52.675] [WARNING] [calypso-direct] [TIMING] Large gap: 389ms (expected ~125ms at 8Hz) AWS=4.7kt
[2026-06-06T10:34:52.676] [DEBUG] [calypso-direct] [DATA_IN] AWS=4.7kt AWA=336° Batt=100% Temp=0°C
[2026-06-06T10:34:52.870] [DEBUG] [calypso-direct] [DATA_IN] AWS=4.1kt AWA=322° Batt=100% Temp=0°C
[2026-06-06T10:34:53.066] [DEBUG] [calypso-direct] [DATA_IN] AWS=4.5kt AWA=322° Batt=100% Temp=0°C
[2026-06-06T10:34:53.260] [DEBUG] [calypso-direct] [DATA_IN] AWS=4.5kt AWA=323° Batt=100% Temp=0°C
[2026-06-06T10:34:53.651] [WARNING] [calypso-direct] [TIMING] Large gap: 391ms (expected ~125ms at 8Hz) AWS=4.5kt
[2026-06-06T10:34:53.651] [DEBUG] [calypso-direct] [DATA_IN] AWS=4.5kt AWA=323° Batt=100% Temp=0°C
[2026-06-06T10:34:53.845] [DEBUG] [calypso-direct] [DATA_IN] AWS=4.5kt AWA=325° Batt=100% Temp=0°C
[2026-06-06T10:34:54.040] [DEBUG] [calypso-direct] [DATA_IN] AWS=4.5kt AWA=346° Batt=100% Temp=0°C
[2026-06-06T10:34:54.235] [DEBUG] [calypso-direct] [DATA_IN] AWS=4.5kt AWA=346° Batt=100% Temp=0°C
[2026-06-06T10:34:54.625] [WARNING] [calypso-direct] [TIMING] Large gap: 390ms (expected ~125ms at 8Hz) AWS=4.9kt
[2026-06-06T10:34:54.626] [DEBUG] [calypso-direct] [DATA_IN] AWS=4.9kt AWA=346° Batt=100% Temp=0°C
[2026-06-06T10:34:54.820] [DEBUG] [calypso-direct] [DATA_IN] AWS=4.9kt AWA=346° Batt=100% Temp=0°C
[2026-06-06T10:34:55.015] [DEBUG] [calypso-direct] [DATA_IN] AWS=4.9kt AWA=345° Batt=100% Temp=0°C
[2026-06-06T10:34:55.796] [WARNING] [calypso-direct] [TIMING] Large gap: 781ms (expected ~125ms at 8Hz) AWS=4.3kt
[2026-06-06T10:34:55.796] [DEBUG] [calypso-direct] [DATA_IN] AWS=4.3kt AWA=335° Batt=100% Temp=0°C
[2026-06-06T10:34:55.797] [DEBUG] [calypso-direct] [DATA_IN] AWS=4.3kt AWA=335° Batt=100% Temp=0°C
[2026-06-06T10:34:55.800] [DEBUG] [calypso-direct] [DATA_IN] AWS=4.3kt AWA=335° Batt=100% Temp=0°C
[2026-06-06T10:34:55.990] [DEBUG] [calypso-direct] [DATA_IN] AWS=4.1kt AWA=335° Batt=100% Temp=0°C
[2026-06-06T10:34:56.381] [WARNING] [calypso-direct] [TIMING] Large gap: 390ms (expected ~125ms at 8Hz) AWS=4.3kt
[2026-06-06T10:34:56.381] [DEBUG] [calypso-direct] [DATA_IN] AWS=4.3kt AWA=335° Batt=100% Temp=0°C
[2026-06-06T10:34:56.575] [DEBUG] [calypso-direct] [DATA_IN] AWS=4.1kt AWA=335° Batt=100% Temp=0°C
[2026-06-06T10:34:56.966] [WARNING] [calypso-direct] [TIMING] Large gap: 390ms (expected ~125ms at 8Hz) AWS=3.9kt
[2026-06-06T10:34:56.966] [DEBUG] [calypso-direct] [DATA_IN] AWS=3.9kt AWA=336° Batt=100% Temp=0°C
[2026-06-06T10:34:57.160] [DEBUG] [calypso-direct] [DATA_IN] AWS=3.7kt AWA=336° Batt=100% Temp=0°C
[2026-06-06T10:34:57.550] [WARNING] [calypso-direct] [TIMING] Large gap: 390ms (expected ~125ms at 8Hz) AWS=3.5kt
[2026-06-06T10:34:57.551] [DEBUG] [calypso-direct] [DATA_IN] AWS=3.5kt AWA=336° Batt=100% Temp=0°C
[2026-06-06T10:34:57.552] [DEBUG] [calypso-direct] [DATA_IN] AWS=3.5kt AWA=335° Batt=100% Temp=0°C
[2026-06-06T10:34:57.745] [DEBUG] [calypso-direct] [DATA_IN] AWS=3.9kt AWA=326° Batt=100% Temp=0°C
[2026-06-06T10:34:58.526] [WARNING] [calypso-direct] [TIMING] Large gap: 780ms (expected ~125ms at 8Hz) AWS=3.9kt
[2026-06-06T10:34:58.526] [DEBUG] [calypso-direct] [DATA_IN] AWS=3.9kt AWA=326° Batt=100% Temp=0°C
[2026-06-06T10:34:58.530] [DEBUG] [calypso-direct] [DATA_IN] AWS=4.1kt AWA=326° Batt=100% Temp=0°C
[2026-06-06T10:34:58.530] [DEBUG] [calypso-direct] [DATA_IN] AWS=4.5kt AWA=326° Batt=100% Temp=0°C
[2026-06-06T10:34:58.915] [WARNING] [calypso-direct] [TIMING] Large gap: 385ms (expected ~125ms at 8Hz) AWS=4.1kt
[2026-06-06T10:34:58.916] [DEBUG] [calypso-direct] [DATA_IN] AWS=4.1kt AWA=327° Batt=100% Temp=0°C
[2026-06-06T10:34:59.110] [DEBUG] [calypso-direct] [DATA_IN] AWS=4.3kt AWA=334° Batt=100% Temp=0°C
[2026-06-06T10:34:59.305] [DEBUG] [calypso-direct] [DATA_IN] AWS=4.5kt AWA=334° Batt=100% Temp=0°C
[2026-06-06T10:34:59.500] [DEBUG] [calypso-direct] [DATA_IN] AWS=4.3kt AWA=334° Batt=100% Temp=0°C
[2026-06-06T10:34:59.890] [WARNING] [calypso-direct] [TIMING] Large gap: 390ms (expected ~125ms at 8Hz) AWS=4.3kt
[2026-06-06T10:34:59.891] [DEBUG] [calypso-direct] [DATA_IN] AWS=4.3kt AWA=334° Batt=100% Temp=0°C
[2026-06-06T10:35:00.085] [DEBUG] [calypso-direct] [DATA_IN] AWS=4.3kt AWA=332° Batt=100% Temp=0°C
[2026-06-06T10:35:00.280] [DEBUG] [calypso-direct] [DATA_IN] AWS=4.5kt AWA=330° Batt=100% Temp=0°C
[2026-06-06T10:35:00.670] [WARNING] [calypso-direct] [TIMING] Large gap: 390ms (expected ~125ms at 8Hz) AWS=4.3kt
[2026-06-06T10:35:00.671] [DEBUG] [calypso-direct] [DATA_IN] AWS=4.3kt AWA=330° Batt=100% Temp=0°C
[2026-06-06T10:35:00.865] [DEBUG] [calypso-direct] [DATA_IN] AWS=4.5kt AWA=330° Batt=100% Temp=0°C
[2026-06-06T10:35:01.255] [WARNING] [calypso-direct] [TIMING] Large gap: 390ms (expected ~125ms at 8Hz) AWS=4.5kt
[2026-06-06T10:35:01.256] [DEBUG] [calypso-direct] [DATA_IN] AWS=4.5kt AWA=330° Batt=100% Temp=0°C
[2026-06-06T10:35:01.258] [DEBUG] [calypso-direct] [DATA_IN] AWS=4.5kt AWA=330° Batt=100% Temp=0°C
[2026-06-06T10:35:01.841] [WARNING] [calypso-direct] [TIMING] Large gap: 583ms (expected ~125ms at 8Hz) AWS=4.9kt
[2026-06-06T10:35:01.842] [DEBUG] [calypso-direct] [DATA_IN] AWS=4.9kt AWA=328° Batt=100% Temp=0°C
[2026-06-06T10:35:01.843] [DEBUG] [calypso-direct] [DATA_IN] AWS=4.9kt AWA=328° Batt=100% Temp=0°C
[2026-06-06T10:35:02.035] [DEBUG] [calypso-direct] [DATA_IN] AWS=4.7kt AWA=328° Batt=100% Temp=0°C
[2026-06-06T10:35:02.816] [WARNING] [calypso-direct] [TIMING] Large gap: 780ms (expected ~125ms at 8Hz) AWS=4.7kt
[2026-06-06T10:35:02.816] [DEBUG] [calypso-direct] [DATA_IN] AWS=4.7kt AWA=328° Batt=100% Temp=0°C
[2026-06-06T10:35:02.817] [DEBUG] [calypso-direct] [DATA_IN] AWS=4.7kt AWA=328° Batt=100% Temp=0°C
[2026-06-06T10:35:02.820] [DEBUG] [calypso-direct] [DATA_IN] AWS=4.7kt AWA=323° Batt=100% Temp=0°C
[2026-06-06T10:35:03.010] [DEBUG] [calypso-direct] [DATA_IN] AWS=4.7kt AWA=323° Batt=100% Temp=0°C
[2026-06-06T10:35:03.400] [WARNING] [calypso-direct] [TIMING] Large gap: 390ms (expected ~125ms at 8Hz) AWS=4.7kt
[2026-06-06T10:35:03.401] [DEBUG] [calypso-direct] [DATA_IN] AWS=4.7kt AWA=323° Batt=100% Temp=0°C
[2026-06-06T10:35:03.595] [DEBUG] [calypso-direct] [DATA_IN] AWS=4.7kt AWA=324° Batt=100% Temp=0°C
[2026-06-06T10:35:03.790] [DEBUG] [calypso-direct] [DATA_IN] AWS=4.5kt AWA=324° Batt=100% Temp=0°C
[2026-06-06T10:35:04.181] [WARNING] [calypso-direct] [TIMING] Large gap: 391ms (expected ~125ms at 8Hz) AWS=4.1kt
[2026-06-06T10:35:04.182] [DEBUG] [calypso-direct] [DATA_IN] AWS=4.1kt AWA=352° Batt=100% Temp=0°C
[2026-06-06T10:35:04.375] [DEBUG] [calypso-direct] [DATA_IN] AWS=4.1kt AWA=353° Batt=100% Temp=0°C
[2026-06-06T10:35:04.570] [DEBUG] [calypso-direct] [DATA_IN] AWS=4.1kt AWA=353° Batt=100% Temp=0°C
[2026-06-06T10:35:04.766] [DEBUG] [calypso-direct] [DATA_IN] AWS=4.9kt AWA=353° Batt=100% Temp=0°C
[2026-06-06T10:35:05.155] [WARNING] [calypso-direct] [TIMING] Large gap: 389ms (expected ~125ms at 8Hz) AWS=4.9kt
[2026-06-06T10:35:05.156] [DEBUG] [calypso-direct] [DATA_IN] AWS=4.9kt AWA=353° Batt=100% Temp=0°C
[2026-06-06T10:35:05.545] [WARNING] [calypso-direct] [TIMING] Large gap: 390ms (expected ~125ms at 8Hz) AWS=4.9kt
[2026-06-06T10:35:05.546] [DEBUG] [calypso-direct] [DATA_IN] AWS=4.9kt AWA=331° Batt=100% Temp=0°C
[2026-06-06T10:35:05.547] [DEBUG] [calypso-direct] [DATA_IN] AWS=4.7kt AWA=331° Batt=100% Temp=0°C
[2026-06-06T10:35:05.741] [DEBUG] [calypso-direct] [DATA_IN] AWS=4.7kt AWA=331° Batt=100% Temp=0°C
[2026-06-06T10:35:06.130] [WARNING] [calypso-direct] [TIMING] Large gap: 389ms (expected ~125ms at 8Hz) AWS=4.7kt
[2026-06-06T10:35:06.131] [DEBUG] [calypso-direct] [DATA_IN] AWS=4.7kt AWA=331° Batt=100% Temp=0°C
[2026-06-06T10:35:06.325] [DEBUG] [calypso-direct] [DATA_IN] AWS=4.7kt AWA=330° Batt=100% Temp=0°C
[2026-06-06T10:35:06.520] [DEBUG] [calypso-direct] [DATA_IN] AWS=5.2kt AWA=329° Batt=100% Temp=0°C
[2026-06-06T10:35:07.105] [WARNING] [calypso-direct] [TIMING] Large gap: 585ms (expected ~125ms at 8Hz) AWS=5.2kt
[2026-06-06T10:35:07.106] [DEBUG] [calypso-direct] [DATA_IN] AWS=5.2kt AWA=329° Batt=100% Temp=0°C
[2026-06-06T10:35:07.107] [DEBUG] [calypso-direct] [DATA_IN] AWS=5.2kt AWA=329° Batt=100% Temp=0°C
[2026-06-06T10:35:07.301] [DEBUG] [calypso-direct] [DATA_IN] AWS=5.1kt AWA=328° Batt=100% Temp=0°C
[2026-06-06T10:35:07.495] [DEBUG] [calypso-direct] [DATA_IN] AWS=5.1kt AWA=328° Batt=100% Temp=0°C
[2026-06-06T10:35:07.886] [WARNING] [calypso-direct] [TIMING] Large gap: 391ms (expected ~125ms at 8Hz) AWS=4.7kt
[2026-06-06T10:35:07.886] [DEBUG] [calypso-direct] [DATA_IN] AWS=4.7kt AWA=336° Batt=100% Temp=0°C
[2026-06-06T10:35:08.085] [DEBUG] [calypso-direct] [DATA_IN] AWS=4.3kt AWA=336° Batt=100% Temp=0°C
[2026-06-06T10:35:08.472] [WARNING] [calypso-direct] [TIMING] Large gap: 386ms (expected ~125ms at 8Hz) AWS=4.3kt
[2026-06-06T10:35:08.472] [DEBUG] [calypso-direct] [DATA_IN] AWS=4.3kt AWA=336° Batt=100% Temp=0°C
[2026-06-06T10:35:08.667] [DEBUG] [calypso-direct] [DATA_IN] AWS=4.3kt AWA=336° Batt=100% Temp=0°C
[2026-06-06T10:35:08.864] [DEBUG] [calypso-direct] [DATA_IN] AWS=4.3kt AWA=336° Batt=100% Temp=0°C
[2026-06-06T10:35:09.055] [DEBUG] [calypso-direct] [DATA_IN] AWS=4.5kt AWA=321° Batt=100% Temp=0°C
[2026-06-06T10:35:09.445] [WARNING] [calypso-direct] [TIMING] Large gap: 390ms (expected ~125ms at 8Hz) AWS=5.1kt
[2026-06-06T10:35:09.446] [DEBUG] [calypso-direct] [DATA_IN] AWS=5.1kt AWA=319° Batt=100% Temp=0°C
[2026-06-06T10:35:09.835] [WARNING] [calypso-direct] [TIMING] Large gap: 390ms (expected ~125ms at 8Hz) AWS=5.1kt
[2026-06-06T10:35:09.836] [DEBUG] [calypso-direct] [DATA_IN] AWS=5.1kt AWA=319° Batt=100% Temp=0°C
[2026-06-06T10:35:10.031] [DEBUG] [calypso-direct] [DATA_IN] AWS=5.2kt AWA=318° Batt=100% Temp=0°C
[2026-06-06T10:35:10.034] [DEBUG] [calypso-direct] [DATA_IN] AWS=5.1kt AWA=318° Batt=100% Temp=0°C
[2026-06-06T10:35:10.420] [WARNING] [calypso-direct] [TIMING] Large gap: 386ms (expected ~125ms at 8Hz) AWS=4.9kt
[2026-06-06T10:35:10.421] [DEBUG] [calypso-direct] [DATA_IN] AWS=4.9kt AWA=320° Batt=100% Temp=0°C
[2026-06-06T10:35:10.615] [DEBUG] [calypso-direct] [DATA_IN] AWS=4.9kt AWA=323° Batt=100% Temp=0°C
[2026-06-06T10:35:10.810] [DEBUG] [calypso-direct] [DATA_IN] AWS=4.1kt AWA=321° Batt=100% Temp=0°C
[2026-06-06T10:35:11.005] [DEBUG] [calypso-direct] [DATA_IN] AWS=3.5kt AWA=324° Batt=100% Temp=0°C
[2026-06-06T10:35:11.395] [WARNING] [calypso-direct] [TIMING] Large gap: 390ms (expected ~125ms at 8Hz) AWS=4.1kt
[2026-06-06T10:35:11.395] [DEBUG] [calypso-direct] [DATA_IN] AWS=4.1kt AWA=325° Batt=100% Temp=0°C
[2026-06-06T10:35:11.590] [DEBUG] [calypso-direct] [DATA_IN] AWS=4.1kt AWA=327° Batt=100% Temp=0°C
[2026-06-06T10:35:11.980] [WARNING] [calypso-direct] [TIMING] Large gap: 390ms (expected ~125ms at 8Hz) AWS=3.9kt
[2026-06-06T10:35:11.981] [DEBUG] [calypso-direct] [DATA_IN] AWS=3.9kt AWA=324° Batt=100% Temp=0°C
[2026-06-06T10:35:12.175] [DEBUG] [calypso-direct] [DATA_IN] AWS=4.1kt AWA=324° Batt=100% Temp=0°C
[2026-06-06T10:35:12.371] [DEBUG] [calypso-direct] [DATA_IN] AWS=4.1kt AWA=324° Batt=100% Temp=0°C
[2026-06-06T10:35:12.760] [WARNING] [calypso-direct] [TIMING] Large gap: 389ms (expected ~125ms at 8Hz) AWS=4.3kt
[2026-06-06T10:35:12.761] [DEBUG] [calypso-direct] [DATA_IN] AWS=4.3kt AWA=324° Batt=100% Temp=0°C
[2026-06-06T10:35:12.762] [DEBUG] [calypso-direct] [DATA_IN] AWS=4.3kt AWA=330° Batt=100% Temp=0°C
[2026-06-06T10:35:13.150] [WARNING] [calypso-direct] [TIMING] Large gap: 388ms (expected ~125ms at 8Hz) AWS=4.5kt
[2026-06-06T10:35:13.151] [DEBUG] [calypso-direct] [DATA_IN] AWS=4.5kt AWA=331° Batt=100% Temp=0°C
[2026-06-06T10:35:13.346] [DEBUG] [calypso-direct] [DATA_IN] AWS=4.5kt AWA=331° Batt=100% Temp=0°C
[2026-06-06T10:35:13.541] [DEBUG] [calypso-direct] [DATA_IN] AWS=4.7kt AWA=331° Batt=100% Temp=0°C
[2026-06-06T10:35:13.735] [DEBUG] [calypso-direct] [DATA_IN] AWS=4.5kt AWA=331° Batt=100% Temp=0°C
[2026-06-06T10:35:14.322] [WARNING] [calypso-direct] [TIMING] Large gap: 587ms (expected ~125ms at 8Hz) AWS=4.5kt
[2026-06-06T10:35:14.323] [DEBUG] [calypso-direct] [DATA_IN] AWS=4.5kt AWA=333° Batt=100% Temp=0°C
[2026-06-06T10:35:14.324] [DEBUG] [calypso-direct] [DATA_IN] AWS=4.5kt AWA=333° Batt=100% Temp=0°C
[2026-06-06T10:35:14.517] [DEBUG] [calypso-direct] [DATA_IN] AWS=4.3kt AWA=333° Batt=100% Temp=0°C
[2026-06-06T10:35:14.906] [WARNING] [calypso-direct] [TIMING] Large gap: 389ms (expected ~125ms at 8Hz) AWS=4.3kt
[2026-06-06T10:35:14.907] [DEBUG] [calypso-direct] [DATA_IN] AWS=4.3kt AWA=333° Batt=100% Temp=0°C
[2026-06-06T10:35:15.101] [DEBUG] [calypso-direct] [DATA_IN] AWS=4.3kt AWA=333° Batt=100% Temp=0°C
[2026-06-06T10:35:15.295] [DEBUG] [calypso-direct] [DATA_IN] AWS=4.3kt AWA=333° Batt=100% Temp=0°C
[2026-06-06T10:35:15.685] [WARNING] [calypso-direct] [TIMING] Large gap: 390ms (expected ~125ms at 8Hz) AWS=4.7kt
[2026-06-06T10:35:15.686] [DEBUG] [calypso-direct] [DATA_IN] AWS=4.7kt AWA=333° Batt=100% Temp=0°C
[2026-06-06T10:35:15.880] [DEBUG] [calypso-direct] [DATA_IN] AWS=4.7kt AWA=333° Batt=100% Temp=0°C
[2026-06-06T10:35:16.075] [DEBUG] [calypso-direct] [DATA_IN] AWS=4.7kt AWA=332° Batt=100% Temp=0°C
[2026-06-06T10:35:16.271] [DEBUG] [calypso-direct] [DATA_IN] AWS=4.7kt AWA=332° Batt=100% Temp=0°C
[2026-06-06T10:35:16.660] [WARNING] [calypso-direct] [TIMING] Large gap: 389ms (expected ~125ms at 8Hz) AWS=4.7kt
[2026-06-06T10:35:16.660] [DEBUG] [calypso-direct] [DATA_IN] AWS=4.7kt AWA=334° Batt=100% Temp=0°C
[2026-06-06T10:35:17.245] [WARNING] [calypso-direct] [TIMING] Large gap: 585ms (expected ~125ms at 8Hz) AWS=4.7kt
[2026-06-06T10:35:17.246] [DEBUG] [calypso-direct] [DATA_IN] AWS=4.7kt AWA=334° Batt=100% Temp=0°C
[2026-06-06T10:35:17.249] [DEBUG] [calypso-direct] [DATA_IN] AWS=4.7kt AWA=334° Batt=100% Temp=0°C
[2026-06-06T10:35:17.251] [DEBUG] [calypso-direct] [DATA_IN] AWS=4.5kt AWA=334° Batt=100% Temp=0°C
[2026-06-06T10:35:17.636] [WARNING] [calypso-direct] [TIMING] Large gap: 385ms (expected ~125ms at 8Hz) AWS=4.5kt
[2026-06-06T10:35:17.636] [DEBUG] [calypso-direct] [DATA_IN] AWS=4.5kt AWA=334° Batt=100% Temp=0°C
[2026-06-06T10:35:17.830] [DEBUG] [calypso-direct] [DATA_IN] AWS=4.3kt AWA=344° Batt=100% Temp=0°C
[2026-06-06T10:35:18.025] [DEBUG] [calypso-direct] [DATA_IN] AWS=4.3kt AWA=344° Batt=100% Temp=0°C
[2026-06-06T10:35:18.610] [WARNING] [calypso-direct] [TIMING] Large gap: 584ms (expected ~125ms at 8Hz) AWS=4.3kt
[2026-06-06T10:35:18.610] [DEBUG] [calypso-direct] [DATA_IN] AWS=4.3kt AWA=345° Batt=100% Temp=0°C
[2026-06-06T10:35:18.613] [DEBUG] [calypso-direct] [DATA_IN] AWS=4.5kt AWA=345° Batt=100% Temp=0°C
[2026-06-06T10:35:18.806] [DEBUG] [calypso-direct] [DATA_IN] AWS=4.3kt AWA=345° Batt=100% Temp=0°C
[2026-06-06T10:35:19.195] [WARNING] [calypso-direct] [TIMING] Large gap: 390ms (expected ~125ms at 8Hz) AWS=4.3kt
[2026-06-06T10:35:19.195] [DEBUG] [calypso-direct] [DATA_IN] AWS=4.3kt AWA=338° Batt=100% Temp=0°C
[2026-06-06T10:35:19.391] [DEBUG] [calypso-direct] [DATA_IN] AWS=4.5kt AWA=338° Batt=100% Temp=0°C
[2026-06-06T10:35:19.975] [WARNING] [calypso-direct] [TIMING] Large gap: 584ms (expected ~125ms at 8Hz) AWS=4.9kt
[2026-06-06T10:35:19.975] [DEBUG] [calypso-direct] [DATA_IN] AWS=4.9kt AWA=337° Batt=100% Temp=0°C
[2026-06-06T10:35:20.170] [DEBUG] [calypso-direct] [DATA_IN] AWS=4.3kt AWA=337° Batt=100% Temp=0°C
[2026-06-06T10:35:20.173] [DEBUG] [calypso-direct] [DATA_IN] AWS=4.3kt AWA=336° Batt=100% Temp=0°C
[2026-06-06T10:35:20.368] [DEBUG] [calypso-direct] [DATA_IN] AWS=4.5kt AWA=333° Batt=100% Temp=0°C
[2026-06-06T10:35:20.951] [WARNING] [calypso-direct] [TIMING] Large gap: 583ms (expected ~125ms at 8Hz) AWS=4.3kt
[2026-06-06T10:35:20.951] [DEBUG] [calypso-direct] [DATA_IN] AWS=4.3kt AWA=333° Batt=100% Temp=0°C
[2026-06-06T10:35:20.953] [DEBUG] [calypso-direct] [DATA_IN] AWS=4.3kt AWA=333° Batt=100% Temp=0°C
[2026-06-06T10:35:21.145] [DEBUG] [calypso-direct] [DATA_IN] AWS=4.5kt AWA=333° Batt=100% Temp=0°C
[2026-06-06T10:35:21.340] [DEBUG] [calypso-direct] [DATA_IN] AWS=4.5kt AWA=333° Batt=100% Temp=0°C
[2026-06-06T10:35:21.535] [DEBUG] [calypso-direct] [DATA_IN] AWS=4.5kt AWA=339° Batt=100% Temp=0°C
[2026-06-06T10:35:21.925] [WARNING] [calypso-direct] [TIMING] Large gap: 390ms (expected ~125ms at 8Hz) AWS=4.7kt
[2026-06-06T10:35:21.926] [DEBUG] [calypso-direct] [DATA_IN] AWS=4.7kt AWA=339° Batt=100% Temp=0°C
[2026-06-06T10:35:22.120] [DEBUG] [calypso-direct] [DATA_IN] AWS=4.7kt AWA=339° Batt=100% Temp=0°C
[2026-06-06T10:35:22.315] [DEBUG] [calypso-direct] [DATA_IN] AWS=4.9kt AWA=338° Batt=100% Temp=0°C
[2026-06-06T10:35:23.095] [WARNING] [calypso-direct] [TIMING] Large gap: 780ms (expected ~125ms at 8Hz) AWS=4.9kt
[2026-06-06T10:35:23.095] [DEBUG] [calypso-direct] [DATA_IN] AWS=4.9kt AWA=337° Batt=100% Temp=0°C
[2026-06-06T10:35:23.096] [DEBUG] [calypso-direct] [DATA_IN] AWS=4.9kt AWA=325° Batt=100% Temp=0°C
[2026-06-06T10:35:23.097] [DEBUG] [calypso-direct] [DATA_IN] AWS=4.9kt AWA=326° Batt=100% Temp=0°C
[2026-06-06T10:35:23.290] [DEBUG] [calypso-direct] [DATA_IN] AWS=4.9kt AWA=326° Batt=100% Temp=0°C
[2026-06-06T10:35:23.485] [DEBUG] [calypso-direct] [DATA_IN] AWS=4.9kt AWA=327° Batt=100% Temp=0°C
[2026-06-06T10:35:23.875] [WARNING] [calypso-direct] [TIMING] Large gap: 390ms (expected ~125ms at 8Hz) AWS=4.9kt
[2026-06-06T10:35:23.875] [DEBUG] [calypso-direct] [DATA_IN] AWS=4.9kt AWA=328° Batt=100% Temp=0°C
[2026-06-06T10:35:24.070] [DEBUG] [calypso-direct] [DATA_IN] AWS=4.1kt AWA=349° Batt=100% Temp=0°C
[2026-06-06T10:35:24.461] [WARNING] [calypso-direct] [TIMING] Large gap: 391ms (expected ~125ms at 8Hz) AWS=4.1kt
[2026-06-06T10:35:24.461] [DEBUG] [calypso-direct] [DATA_IN] AWS=4.1kt AWA=349° Batt=100% Temp=0°C
[2026-06-06T10:35:24.655] [DEBUG] [calypso-direct] [DATA_IN] AWS=4.1kt AWA=349° Batt=100% Temp=0°C
[2026-06-06T10:35:24.850] [DEBUG] [calypso-direct] [DATA_IN] AWS=4.5kt AWA=349° Batt=100% Temp=0°C
[2026-06-06T10:35:25.045] [DEBUG] [calypso-direct] [DATA_IN] AWS=4.7kt AWA=349° Batt=100% Temp=0°C
[2026-06-06T10:35:25.240] [DEBUG] [calypso-direct] [DATA_IN] AWS=4.7kt AWA=339° Batt=100% Temp=0°C
[2026-06-06T10:35:25.826] [WARNING] [calypso-direct] [TIMING] Large gap: 586ms (expected ~125ms at 8Hz) AWS=4.7kt
[2026-06-06T10:35:25.827] [DEBUG] [calypso-direct] [DATA_IN] AWS=4.7kt AWA=338° Batt=100% Temp=0°C
[2026-06-06T10:35:25.830] [DEBUG] [calypso-direct] [DATA_IN] AWS=4.7kt AWA=337° Batt=100% Temp=0°C
[2026-06-06T10:35:26.024] [DEBUG] [calypso-direct] [DATA_IN] AWS=4.7kt AWA=337° Batt=100% Temp=0°C
[2026-06-06T10:35:26.412] [WARNING] [calypso-direct] [TIMING] Large gap: 388ms (expected ~125ms at 8Hz) AWS=4.7kt
[2026-06-06T10:35:26.413] [DEBUG] [calypso-direct] [DATA_IN] AWS=4.7kt AWA=337° Batt=100% Temp=0°C
[2026-06-06T10:35:26.608] [DEBUG] [calypso-direct] [DATA_IN] AWS=4.7kt AWA=328° Batt=100% Temp=0°C
[2026-06-06T10:35:26.800] [DEBUG] [calypso-direct] [DATA_IN] AWS=4.5kt AWA=328° Batt=100% Temp=0°C
[2026-06-06T10:35:27.385] [WARNING] [calypso-direct] [TIMING] Large gap: 585ms (expected ~125ms at 8Hz) AWS=4.5kt
[2026-06-06T10:35:27.385] [DEBUG] [calypso-direct] [DATA_IN] AWS=4.5kt AWA=329° Batt=100% Temp=0°C
[2026-06-06T10:35:27.387] [DEBUG] [calypso-direct] [DATA_IN] AWS=4.5kt AWA=330° Batt=100% Temp=0°C
[2026-06-06T10:35:27.580] [DEBUG] [calypso-direct] [DATA_IN] AWS=4.3kt AWA=331° Batt=100% Temp=0°C
[2026-06-06T10:35:27.775] [DEBUG] [calypso-direct] [DATA_IN] AWS=4.3kt AWA=343° Batt=100% Temp=0°C
[2026-06-06T10:35:28.360] [WARNING] [calypso-direct] [TIMING] Large gap: 585ms (expected ~125ms at 8Hz) AWS=4.1kt
[2026-06-06T10:35:28.361] [DEBUG] [calypso-direct] [DATA_IN] AWS=4.1kt AWA=343° Batt=100% Temp=0°C
[2026-06-06T10:35:28.750] [WARNING] [calypso-direct] [TIMING] Large gap: 390ms (expected ~125ms at 8Hz) AWS=4.1kt
[2026-06-06T10:35:28.750] [DEBUG] [calypso-direct] [DATA_IN] AWS=4.1kt AWA=343° Batt=100% Temp=0°C
[2026-06-06T10:35:28.753] [DEBUG] [calypso-direct] [DATA_IN] AWS=4.1kt AWA=342° Batt=100% Temp=0°C
[2026-06-06T10:35:28.756] [DEBUG] [calypso-direct] [DATA_IN] AWS=4.1kt AWA=342° Batt=100% Temp=0°C
[2026-06-06T10:35:29.140] [WARNING] [calypso-direct] [TIMING] Large gap: 384ms (expected ~125ms at 8Hz) AWS=4.1kt
[2026-06-06T10:35:29.140] [DEBUG] [calypso-direct] [DATA_IN] AWS=4.1kt AWA=333° Batt=100% Temp=0°C
[2026-06-06T10:35:29.335] [DEBUG] [calypso-direct] [DATA_IN] AWS=4.9kt AWA=331° Batt=100% Temp=0°C
[2026-06-06T10:35:29.530] [DEBUG] [calypso-direct] [DATA_IN] AWS=5.1kt AWA=331° Batt=100% Temp=0°C
[2026-06-06T10:35:29.920] [WARNING] [calypso-direct] [TIMING] Large gap: 390ms (expected ~125ms at 8Hz) AWS=5.1kt
[2026-06-06T10:35:29.921] [DEBUG] [calypso-direct] [DATA_IN] AWS=5.1kt AWA=331° Batt=100% Temp=0°C
[2026-06-06T10:35:30.310] [WARNING] [calypso-direct] [TIMING] Large gap: 390ms (expected ~125ms at 8Hz) AWS=5.1kt
[2026-06-06T10:35:30.311] [DEBUG] [calypso-direct] [DATA_IN] AWS=5.1kt AWA=331° Batt=100% Temp=0°C
[2026-06-06T10:35:30.312] [DEBUG] [calypso-direct] [DATA_IN] AWS=4.9kt AWA=328° Batt=100% Temp=0°C
[2026-06-06T10:35:30.505] [DEBUG] [calypso-direct] [DATA_IN] AWS=4.7kt AWA=328° Batt=100% Temp=0°C
[2026-06-06T10:35:30.895] [WARNING] [calypso-direct] [TIMING] Large gap: 390ms (expected ~125ms at 8Hz) AWS=4.5kt
[2026-06-06T10:35:30.895] [DEBUG] [calypso-direct] [DATA_IN] AWS=4.5kt AWA=328° Batt=100% Temp=0°C
[2026-06-06T10:35:31.091] [DEBUG] [calypso-direct] [DATA_IN] AWS=4.1kt AWA=328° Batt=100% Temp=0°C
[2026-06-06T10:35:31.285] [DEBUG] [calypso-direct] [DATA_IN] AWS=4.1kt AWA=328° Batt=100% Temp=0°C
[2026-06-06T10:35:31.675] [WARNING] [calypso-direct] [TIMING] Large gap: 390ms (expected ~125ms at 8Hz) AWS=4.1kt
[2026-06-06T10:35:31.676] [DEBUG] [calypso-direct] [DATA_IN] AWS=4.1kt AWA=330° Batt=100% Temp=0°C
[2026-06-06T10:35:31.872] [DEBUG] [calypso-direct] [DATA_IN] AWS=4.5kt AWA=330° Batt=100% Temp=0°C
[2026-06-06T10:35:32.066] [DEBUG] [calypso-direct] [DATA_IN] AWS=4.5kt AWA=330° Batt=100% Temp=0°C
[2026-06-06T10:35:32.260] [DEBUG] [calypso-direct] [DATA_IN] AWS=4.5kt AWA=330° Batt=100% Temp=0°C
[2026-06-06T10:35:32.650] [WARNING] [calypso-direct] [TIMING] Large gap: 390ms (expected ~125ms at 8Hz) AWS=4.7kt
[2026-06-06T10:35:32.650] [DEBUG] [calypso-direct] [DATA_IN] AWS=4.7kt AWA=329° Batt=100% Temp=0°C
[2026-06-06T10:35:32.845] [DEBUG] [calypso-direct] [DATA_IN] AWS=4.3kt AWA=318° Batt=100% Temp=0°C
[2026-06-06T10:35:33.040] [DEBUG] [calypso-direct] [DATA_IN] AWS=4.3kt AWA=318° Batt=100% Temp=0°C
[2026-06-06T10:35:33.430] [WARNING] [calypso-direct] [TIMING] Large gap: 390ms (expected ~125ms at 8Hz) AWS=4.3kt
[2026-06-06T10:35:33.431] [DEBUG] [calypso-direct] [DATA_IN] AWS=4.3kt AWA=318° Batt=100% Temp=0°C
[2026-06-06T10:35:33.625] [DEBUG] [calypso-direct] [DATA_IN] AWS=4.3kt AWA=321° Batt=100% Temp=0°C
[2026-06-06T10:35:34.017] [WARNING] [calypso-direct] [TIMING] Large gap: 391ms (expected ~125ms at 8Hz) AWS=3.9kt
[2026-06-06T10:35:34.017] [DEBUG] [calypso-direct] [DATA_IN] AWS=3.9kt AWA=321° Batt=100% Temp=0°C
[2026-06-06T10:35:34.019] [DEBUG] [calypso-direct] [DATA_IN] AWS=4.1kt AWA=5° Batt=100% Temp=0°C
[2026-06-06T10:35:34.405] [WARNING] [calypso-direct] [TIMING] Large gap: 386ms (expected ~125ms at 8Hz) AWS=4.1kt
[2026-06-06T10:35:34.406] [DEBUG] [calypso-direct] [DATA_IN] AWS=4.1kt AWA=5° Batt=100% Temp=0°C
[2026-06-06T10:35:34.600] [DEBUG] [calypso-direct] [DATA_IN] AWS=4.1kt AWA=5° Batt=100% Temp=0°C
[2026-06-06T10:35:34.795] [DEBUG] [calypso-direct] [DATA_IN] AWS=4.1kt AWA=5° Batt=100% Temp=0°C
[2026-06-06T10:35:34.990] [DEBUG] [calypso-direct] [DATA_IN] AWS=4.7kt AWA=5° Batt=100% Temp=0°C
[2026-06-06T10:35:35.381] [WARNING] [calypso-direct] [TIMING] Large gap: 390ms (expected ~125ms at 8Hz) AWS=4.7kt
[2026-06-06T10:35:35.381] [DEBUG] [calypso-direct] [DATA_IN] AWS=4.7kt AWA=329° Batt=100% Temp=0°C
[2026-06-06T10:35:35.770] [WARNING] [calypso-direct] [TIMING] Large gap: 390ms (expected ~125ms at 8Hz) AWS=4.7kt
[2026-06-06T10:35:35.770] [DEBUG] [calypso-direct] [DATA_IN] AWS=4.7kt AWA=327° Batt=100% Temp=0°C
[2026-06-06T10:35:35.772] [DEBUG] [calypso-direct] [DATA_IN] AWS=4.7kt AWA=324° Batt=100% Temp=0°C
[2026-06-06T10:35:36.160] [WARNING] [calypso-direct] [TIMING] Large gap: 388ms (expected ~125ms at 8Hz) AWS=5.2kt
[2026-06-06T10:35:36.160] [DEBUG] [calypso-direct] [DATA_IN] AWS=5.2kt AWA=323° Batt=100% Temp=0°C
[2026-06-06T10:35:36.355] [DEBUG] [calypso-direct] [DATA_IN] AWS=5.2kt AWA=323° Batt=100% Temp=0°C
[2026-06-06T10:35:36.550] [DEBUG] [calypso-direct] [DATA_IN] AWS=5.2kt AWA=339° Batt=100% Temp=0°C
[2026-06-06T10:35:36.746] [DEBUG] [calypso-direct] [DATA_IN] AWS=4.7kt AWA=341° Batt=100% Temp=0°C
[2026-06-06T10:35:37.330] [WARNING] [calypso-direct] [TIMING] Large gap: 584ms (expected ~125ms at 8Hz) AWS=4.7kt
[2026-06-06T10:35:37.330] [DEBUG] [calypso-direct] [DATA_IN] AWS=4.7kt AWA=342° Batt=100% Temp=0°C
[2026-06-06T10:35:37.333] [DEBUG] [calypso-direct] [DATA_IN] AWS=4.7kt AWA=12° Batt=100% Temp=0°C
[2026-06-06T10:35:37.525] [DEBUG] [calypso-direct] [DATA_IN] AWS=5.4kt AWA=11° Batt=100% Temp=0°C
[2026-06-06T10:35:37.915] [WARNING] [calypso-direct] [TIMING] Large gap: 390ms (expected ~125ms at 8Hz) AWS=5.4kt
[2026-06-06T10:35:37.915] [DEBUG] [calypso-direct] [DATA_IN] AWS=5.4kt AWA=11° Batt=100% Temp=0°C
[2026-06-06T10:35:38.111] [DEBUG] [calypso-direct] [DATA_IN] AWS=5.4kt AWA=5° Batt=100% Temp=0°C
[2026-06-06T10:35:38.500] [WARNING] [calypso-direct] [TIMING] Large gap: 388ms (expected ~125ms at 8Hz) AWS=5.4kt
[2026-06-06T10:35:38.500] [DEBUG] [calypso-direct] [DATA_IN] AWS=5.4kt AWA=352° Batt=100% Temp=0°C
[2026-06-06T10:35:39.085] [WARNING] [calypso-direct] [TIMING] Large gap: 585ms (expected ~125ms at 8Hz) AWS=4.9kt
[2026-06-06T10:35:39.085] [DEBUG] [calypso-direct] [DATA_IN] AWS=4.9kt AWA=352° Batt=100% Temp=0°C
[2026-06-06T10:35:39.086] [DEBUG] [calypso-direct] [DATA_IN] AWS=4.9kt AWA=352° Batt=100% Temp=0°C
[2026-06-06T10:35:39.088] [DEBUG] [calypso-direct] [DATA_IN] AWS=4.9kt AWA=319° Batt=100% Temp=0°C
[2026-06-06T10:35:39.280] [DEBUG] [calypso-direct] [DATA_IN] AWS=4.3kt AWA=319° Batt=100% Temp=0°C
[2026-06-06T10:35:39.670] [WARNING] [calypso-direct] [TIMING] Large gap: 390ms (expected ~125ms at 8Hz) AWS=4.3kt
[2026-06-06T10:35:39.670] [DEBUG] [calypso-direct] [DATA_IN] AWS=4.3kt AWA=319° Batt=100% Temp=0°C
[2026-06-06T10:35:39.867] [DEBUG] [calypso-direct] [DATA_IN] AWS=4.3kt AWA=320° Batt=100% Temp=0°C
[2026-06-06T10:35:40.255] [WARNING] [calypso-direct] [TIMING] Large gap: 388ms (expected ~125ms at 8Hz) AWS=4.3kt
[2026-06-06T10:35:40.255] [DEBUG] [calypso-direct] [DATA_IN] AWS=4.3kt AWA=321° Batt=100% Temp=0°C
[2026-06-06T10:35:40.258] [DEBUG] [calypso-direct] [DATA_IN] AWS=4.3kt AWA=8° Batt=100% Temp=0°C
[2026-06-06T10:35:40.840] [WARNING] [calypso-direct] [TIMING] Large gap: 581ms (expected ~125ms at 8Hz) AWS=4.5kt
[2026-06-06T10:35:40.840] [DEBUG] [calypso-direct] [DATA_IN] AWS=4.5kt AWA=4° Batt=100% Temp=0°C
[2026-06-06T10:35:40.841] [DEBUG] [calypso-direct] [DATA_IN] AWS=5.2kt AWA=7° Batt=100% Temp=0°C
[2026-06-06T10:35:41.035] [DEBUG] [calypso-direct] [DATA_IN] AWS=5.4kt AWA=12° Batt=100% Temp=0°C
[2026-06-06T10:35:41.425] [WARNING] [calypso-direct] [TIMING] Large gap: 390ms (expected ~125ms at 8Hz) AWS=5.8kt
[2026-06-06T10:35:41.425] [DEBUG] [calypso-direct] [DATA_IN] AWS=5.8kt AWA=12° Batt=100% Temp=0°C
[2026-06-06T10:35:41.620] [DEBUG] [calypso-direct] [DATA_IN] AWS=5.8kt AWA=12° Batt=100% Temp=0°C
[2026-06-06T10:35:41.815] [DEBUG] [calypso-direct] [DATA_IN] AWS=5.6kt AWA=12° Batt=100% Temp=0°C
[2026-06-06T10:35:42.010] [DEBUG] [calypso-direct] [DATA_IN] AWS=5.4kt AWA=356° Batt=100% Temp=0°C
[2026-06-06T10:35:42.401] [WARNING] [calypso-direct] [TIMING] Large gap: 391ms (expected ~125ms at 8Hz) AWS=5.4kt
[2026-06-06T10:35:42.402] [DEBUG] [calypso-direct] [DATA_IN] AWS=5.4kt AWA=356° Batt=100% Temp=0°C
[2026-06-06T10:35:42.595] [DEBUG] [calypso-direct] [DATA_IN] AWS=5.1kt AWA=356° Batt=100% Temp=0°C
[2026-06-06T10:35:42.790] [DEBUG] [calypso-direct] [DATA_IN] AWS=5.4kt AWA=332° Batt=100% Temp=0°C
[2026-06-06T10:35:43.180] [WARNING] [calypso-direct] [TIMING] Large gap: 390ms (expected ~125ms at 8Hz) AWS=5.1kt
[2026-06-06T10:35:43.181] [DEBUG] [calypso-direct] [DATA_IN] AWS=5.1kt AWA=332° Batt=100% Temp=0°C
[2026-06-06T10:35:43.375] [DEBUG] [calypso-direct] [DATA_IN] AWS=5.4kt AWA=332° Batt=100% Temp=0°C
[2026-06-06T10:35:43.570] [DEBUG] [calypso-direct] [DATA_IN] AWS=5.1kt AWA=333° Batt=100% Temp=0°C
[2026-06-06T10:35:43.765] [DEBUG] [calypso-direct] [DATA_IN] AWS=5.4kt AWA=334° Batt=100% Temp=0°C
[2026-06-06T10:35:44.155] [WARNING] [calypso-direct] [TIMING] Large gap: 390ms (expected ~125ms at 8Hz) AWS=5.4kt
[2026-06-06T10:35:44.155] [DEBUG] [calypso-direct] [DATA_IN] AWS=5.4kt AWA=0° Batt=100% Temp=0°C
[2026-06-06T10:35:44.350] [DEBUG] [calypso-direct] [DATA_IN] AWS=5.4kt AWA=11° Batt=100% Temp=0°C
[2026-06-06T10:35:44.740] [WARNING] [calypso-direct] [TIMING] Large gap: 389ms (expected ~125ms at 8Hz) AWS=5.4kt
[2026-06-06T10:35:44.740] [DEBUG] [calypso-direct] [DATA_IN] AWS=5.4kt AWA=11° Batt=100% Temp=0°C
[2026-06-06T10:35:44.742] [DEBUG] [calypso-direct] [DATA_IN] AWS=5.4kt AWA=11° Batt=100% Temp=0°C
[2026-06-06T10:35:45.130] [WARNING] [calypso-direct] [TIMING] Large gap: 388ms (expected ~125ms at 8Hz) AWS=5.4kt
[2026-06-06T10:35:45.130] [DEBUG] [calypso-direct] [DATA_IN] AWS=5.4kt AWA=7° Batt=100% Temp=0°C
[2026-06-06T10:35:45.325] [DEBUG] [calypso-direct] [DATA_IN] AWS=5.4kt AWA=4° Batt=100% Temp=0°C
[2026-06-06T10:35:45.520] [DEBUG] [calypso-direct] [DATA_IN] AWS=5.4kt AWA=337° Batt=100% Temp=0°C
[2026-06-06T10:35:46.106] [WARNING] [calypso-direct] [TIMING] Large gap: 586ms (expected ~125ms at 8Hz) AWS=5.1kt
[2026-06-06T10:35:46.106] [DEBUG] [calypso-direct] [DATA_IN] AWS=5.1kt AWA=335° Batt=100% Temp=0°C
[2026-06-06T10:35:46.107] [DEBUG] [calypso-direct] [DATA_IN] AWS=5.4kt AWA=334° Batt=100% Temp=0°C
[2026-06-06T10:35:46.300] [DEBUG] [calypso-direct] [DATA_IN] AWS=5.4kt AWA=334° Batt=100% Temp=0°C
[2026-06-06T10:35:46.495] [DEBUG] [calypso-direct] [DATA_IN] AWS=5.1kt AWA=336° Batt=100% Temp=0°C
[2026-06-06T10:35:46.885] [WARNING] [calypso-direct] [TIMING] Large gap: 390ms (expected ~125ms at 8Hz) AWS=4.9kt
[2026-06-06T10:35:46.886] [DEBUG] [calypso-direct] [DATA_IN] AWS=4.9kt AWA=336° Batt=100% Temp=0°C
[2026-06-06T10:35:47.275] [WARNING] [calypso-direct] [TIMING] Large gap: 390ms (expected ~125ms at 8Hz) AWS=4.9kt
[2026-06-06T10:35:47.276] [DEBUG] [calypso-direct] [DATA_IN] AWS=4.9kt AWA=337° Batt=100% Temp=0°C
[2026-06-06T10:35:47.277] [DEBUG] [calypso-direct] [DATA_IN] AWS=4.3kt AWA=337° Batt=100% Temp=0°C
[2026-06-06T10:35:47.666] [WARNING] [calypso-direct] [TIMING] Large gap: 389ms (expected ~125ms at 8Hz) AWS=4.3kt
[2026-06-06T10:35:47.666] [INFO] [calypso-direct] [RATE_1MIN] 241 pkts/min (expected 480 at 8Hz) max_gap=781ms gaps_>250ms=84
[2026-06-06T10:35:47.670] [DEBUG] [calypso-direct] [DATA_IN] AWS=4.3kt AWA=338° Batt=100% Temp=0°C
[2026-06-06T10:35:47.860] [DEBUG] [calypso-direct] [DATA_IN] AWS=4.9kt AWA=345° Batt=100% Temp=0°C
[2026-06-06T10:35:48.056] [DEBUG] [calypso-direct] [DATA_IN] AWS=4.9kt AWA=345° Batt=100% Temp=0°C
[2026-06-06T10:35:48.835] [WARNING] [calypso-direct] [TIMING] Large gap: 779ms (expected ~125ms at 8Hz) AWS=4.9kt
[2026-06-06T10:35:48.835] [DEBUG] [calypso-direct] [DATA_IN] AWS=4.9kt AWA=345° Batt=100% Temp=0°C
[2026-06-06T10:35:49.032] [DEBUG] [calypso-direct] [DATA_IN] AWS=4.9kt AWA=344° Batt=100% Temp=0°C
[2026-06-06T10:35:49.035] [DEBUG] [calypso-direct] [DATA_IN] AWS=4.7kt AWA=343° Batt=100% Temp=0°C
[2026-06-06T10:35:49.037] [DEBUG] [calypso-direct] [DATA_IN] AWS=4.7kt AWA=324° Batt=100% Temp=0°C
[2026-06-06T10:35:49.422] [WARNING] [calypso-direct] [TIMING] Large gap: 385ms (expected ~125ms at 8Hz) AWS=4.7kt
[2026-06-06T10:35:49.423] [DEBUG] [calypso-direct] [DATA_IN] AWS=4.7kt AWA=323° Batt=100% Temp=0°C
[2026-06-06T10:35:49.617] [DEBUG] [calypso-direct] [DATA_IN] AWS=5.2kt AWA=322° Batt=100% Temp=0°C
[2026-06-06T10:35:49.811] [DEBUG] [calypso-direct] [DATA_IN] AWS=5.2kt AWA=322° Batt=100% Temp=0°C
[2026-06-06T10:35:50.203] [WARNING] [calypso-direct] [TIMING] Large gap: 392ms (expected ~125ms at 8Hz) AWS=5.2kt
[2026-06-06T10:35:50.204] [DEBUG] [calypso-direct] [DATA_IN] AWS=5.2kt AWA=323° Batt=100% Temp=0°C
[2026-06-06T10:35:50.398] [DEBUG] [calypso-direct] [DATA_IN] AWS=5.1kt AWA=12° Batt=100% Temp=0°C
[2026-06-06T10:35:50.592] [DEBUG] [calypso-direct] [DATA_IN] AWS=4.7kt AWA=6° Batt=100% Temp=0°C
[2026-06-06T10:35:50.786] [DEBUG] [calypso-direct] [DATA_IN] AWS=4.5kt AWA=11° Batt=100% Temp=0°C
[2026-06-06T10:35:51.370] [WARNING] [calypso-direct] [TIMING] Large gap: 584ms (expected ~125ms at 8Hz) AWS=4.5kt
[2026-06-06T10:35:51.370] [DEBUG] [calypso-direct] [DATA_IN] AWS=4.5kt AWA=13° Batt=100% Temp=0°C
[2026-06-06T10:35:51.372] [DEBUG] [calypso-direct] [DATA_IN] AWS=4.5kt AWA=13° Batt=100% Temp=0°C
[2026-06-06T10:35:51.760] [WARNING] [calypso-direct] [TIMING] Large gap: 388ms (expected ~125ms at 8Hz) AWS=4.5kt
[2026-06-06T10:35:51.760] [DEBUG] [calypso-direct] [DATA_IN] AWS=4.5kt AWA=13° Batt=100% Temp=0°C
[2026-06-06T10:35:51.761] [DEBUG] [calypso-direct] [DATA_IN] AWS=4.9kt AWA=11° Batt=100% Temp=0°C
[2026-06-06T10:35:52.150] [WARNING] [calypso-direct] [TIMING] Large gap: 389ms (expected ~125ms at 8Hz) AWS=4.9kt
[2026-06-06T10:35:52.150] [DEBUG] [calypso-direct] [DATA_IN] AWS=4.9kt AWA=3° Batt=100% Temp=0°C
[2026-06-06T10:35:52.540] [WARNING] [calypso-direct] [TIMING] Large gap: 390ms (expected ~125ms at 8Hz) AWS=4.9kt
[2026-06-06T10:35:52.540] [DEBUG] [calypso-direct] [DATA_IN] AWS=4.9kt AWA=3° Batt=100% Temp=0°C
[2026-06-06T10:35:52.542] [DEBUG] [calypso-direct] [DATA_IN] AWS=4.7kt AWA=3° Batt=100% Temp=0°C
[2026-06-06T10:35:53.320] [WARNING] [calypso-direct] [TIMING] Large gap: 778ms (expected ~125ms at 8Hz) AWS=4.7kt
[2026-06-06T10:35:53.320] [DEBUG] [calypso-direct] [DATA_IN] AWS=4.7kt AWA=330° Batt=100% Temp=0°C
[2026-06-06T10:35:53.324] [DEBUG] [calypso-direct] [DATA_IN] AWS=4.7kt AWA=330° Batt=100% Temp=0°C
[2026-06-06T10:35:53.324] [DEBUG] [calypso-direct] [DATA_IN] AWS=4.5kt AWA=330° Batt=100% Temp=0°C
[2026-06-06T10:35:53.515] [DEBUG] [calypso-direct] [DATA_IN] AWS=4.5kt AWA=330° Batt=100% Temp=0°C
[2026-06-06T10:35:53.905] [WARNING] [calypso-direct] [TIMING] Large gap: 390ms (expected ~125ms at 8Hz) AWS=4.9kt
[2026-06-06T10:35:53.906] [DEBUG] [calypso-direct] [DATA_IN] AWS=4.9kt AWA=332° Batt=100% Temp=0°C
[2026-06-06T10:35:54.880] [WARNING] [calypso-direct] [TIMING] Large gap: 975ms (expected ~125ms at 8Hz) AWS=4.9kt
[2026-06-06T10:35:54.880] [DEBUG] [calypso-direct] [DATA_IN] AWS=4.9kt AWA=350° Batt=100% Temp=0°C
[2026-06-06T10:35:54.883] [DEBUG] [calypso-direct] [DATA_IN] AWS=4.9kt AWA=350° Batt=100% Temp=0°C
[2026-06-06T10:35:54.884] [DEBUG] [calypso-direct] [DATA_IN] AWS=4.9kt AWA=350° Batt=100% Temp=0°C
[2026-06-06T10:35:54.885] [DEBUG] [calypso-direct] [DATA_IN] AWS=3.5kt AWA=350° Batt=100% Temp=0°C
[2026-06-06T10:35:55.074] [DEBUG] [calypso-direct] [DATA_IN] AWS=3.5kt AWA=350° Batt=100% Temp=0°C
[2026-06-06T10:35:55.270] [DEBUG] [calypso-direct] [DATA_IN] AWS=3.5kt AWA=343° Batt=100% Temp=0°C
[2026-06-06T10:35:55.662] [WARNING] [calypso-direct] [TIMING] Large gap: 392ms (expected ~125ms at 8Hz) AWS=3.7kt
[2026-06-06T10:35:55.662] [DEBUG] [calypso-direct] [DATA_IN] AWS=3.7kt AWA=343° Batt=100% Temp=0°C
[2026-06-06T10:35:56.051] [WARNING] [calypso-direct] [TIMING] Large gap: 389ms (expected ~125ms at 8Hz) AWS=4.5kt
[2026-06-06T10:35:56.051] [DEBUG] [calypso-direct] [DATA_IN] AWS=4.5kt AWA=343° Batt=100% Temp=0°C
[2026-06-06T10:35:56.054] [DEBUG] [calypso-direct] [DATA_IN] AWS=4.5kt AWA=343° Batt=100% Temp=0°C
[2026-06-06T10:35:56.247] [DEBUG] [calypso-direct] [DATA_IN] AWS=4.7kt AWA=343° Batt=100% Temp=0°C
[2026-06-06T10:35:56.832] [WARNING] [calypso-direct] [TIMING] Large gap: 585ms (expected ~125ms at 8Hz) AWS=4.5kt
[2026-06-06T10:35:56.832] [DEBUG] [calypso-direct] [DATA_IN] AWS=4.5kt AWA=340° Batt=100% Temp=0°C
[2026-06-06T10:35:57.027] [DEBUG] [calypso-direct] [DATA_IN] AWS=4.5kt AWA=340° Batt=100% Temp=0°C
[2026-06-06T10:35:57.610] [WARNING] [calypso-direct] [TIMING] Large gap: 584ms (expected ~125ms at 8Hz) AWS=3.9kt
[2026-06-06T10:35:57.613] [DEBUG] [calypso-direct] [DATA_IN] AWS=3.9kt AWA=340° Batt=100% Temp=0°C
[2026-06-06T10:35:57.615] [DEBUG] [calypso-direct] [DATA_IN] AWS=3.9kt AWA=340° Batt=100% Temp=0°C
[2026-06-06T10:35:57.806] [DEBUG] [calypso-direct] [DATA_IN] AWS=3.9kt AWA=340° Batt=100% Temp=0°C
[2026-06-06T10:35:58.001] [DEBUG] [calypso-direct] [DATA_IN] AWS=4.7kt AWA=350° Batt=100% Temp=0°C
[2026-06-06T10:35:58.390] [WARNING] [calypso-direct] [TIMING] Large gap: 389ms (expected ~125ms at 8Hz) AWS=5.1kt
[2026-06-06T10:35:58.390] [DEBUG] [calypso-direct] [DATA_IN] AWS=5.1kt AWA=350° Batt=100% Temp=0°C
[2026-06-06T10:35:58.584] [DEBUG] [calypso-direct] [DATA_IN] AWS=5.1kt AWA=350° Batt=100% Temp=0°C
[2026-06-06T10:35:58.975] [WARNING] [calypso-direct] [TIMING] Large gap: 390ms (expected ~125ms at 8Hz) AWS=4.7kt
[2026-06-06T10:35:58.977] [DEBUG] [calypso-direct] [DATA_IN] AWS=4.7kt AWA=350° Batt=100% Temp=0°C
[2026-06-06T10:35:59.170] [DEBUG] [calypso-direct] [DATA_IN] AWS=4.7kt AWA=350° Batt=100% Temp=0°C
[2026-06-06T10:35:59.364] [DEBUG] [calypso-direct] [DATA_IN] AWS=4.5kt AWA=341° Batt=100% Temp=0°C
[2026-06-06T10:35:59.559] [DEBUG] [calypso-direct] [DATA_IN] AWS=4.5kt AWA=341° Batt=100% Temp=0°C
[2026-06-06T10:35:59.754] [DEBUG] [calypso-direct] [DATA_IN] AWS=4.7kt AWA=341° Batt=100% Temp=0°C
[2026-06-06T10:36:00.145] [WARNING] [calypso-direct] [TIMING] Large gap: 390ms (expected ~125ms at 8Hz) AWS=4.9kt
[2026-06-06T10:36:00.145] [DEBUG] [calypso-direct] [DATA_IN] AWS=4.9kt AWA=340° Batt=100% Temp=0°C
[2026-06-06T10:36:00.339] [DEBUG] [calypso-direct] [DATA_IN] AWS=4.9kt AWA=340° Batt=100% Temp=0°C
[2026-06-06T10:36:00.534] [DEBUG] [calypso-direct] [DATA_IN] AWS=4.9kt AWA=340° Batt=100% Temp=0°C
[2026-06-06T10:36:00.925] [WARNING] [calypso-direct] [TIMING] Large gap: 391ms (expected ~125ms at 8Hz) AWS=3.7kt
[2026-06-06T10:36:00.926] [DEBUG] [calypso-direct] [DATA_IN] AWS=3.7kt AWA=340° Batt=100% Temp=0°C
[2026-06-06T10:36:01.120] [DEBUG] [calypso-direct] [DATA_IN] AWS=3.7kt AWA=340° Batt=100% Temp=0°C
[2026-06-06T10:36:01.510] [WARNING] [calypso-direct] [TIMING] Large gap: 390ms (expected ~125ms at 8Hz) AWS=3.5kt
[2026-06-06T10:36:01.510] [DEBUG] [calypso-direct] [DATA_IN] AWS=3.5kt AWA=340° Batt=100% Temp=0°C
[2026-06-06T10:36:01.511] [DEBUG] [calypso-direct] [DATA_IN] AWS=3.5kt AWA=341° Batt=100% Temp=0°C
[2026-06-06T10:36:01.900] [WARNING] [calypso-direct] [TIMING] Large gap: 389ms (expected ~125ms at 8Hz) AWS=3.5kt
[2026-06-06T10:36:01.900] [DEBUG] [calypso-direct] [DATA_IN] AWS=3.5kt AWA=354° Batt=100% Temp=0°C
[2026-06-06T10:36:02.094] [DEBUG] [calypso-direct] [DATA_IN] AWS=4.3kt AWA=354° Batt=100% Temp=0°C
[2026-06-06T10:36:02.290] [DEBUG] [calypso-direct] [DATA_IN] AWS=4.5kt AWA=354° Batt=100% Temp=0°C
[2026-06-06T10:36:02.679] [WARNING] [calypso-direct] [TIMING] Large gap: 389ms (expected ~125ms at 8Hz) AWS=4.5kt
[2026-06-06T10:36:02.680] [DEBUG] [calypso-direct] [DATA_IN] AWS=4.5kt AWA=354° Batt=100% Temp=0°C
[2026-06-06T10:36:02.875] [DEBUG] [calypso-direct] [DATA_IN] AWS=4.3kt AWA=354° Batt=100% Temp=0°C
[2026-06-06T10:36:03.268] [WARNING] [calypso-direct] [TIMING] Large gap: 393ms (expected ~125ms at 8Hz) AWS=4.1kt
[2026-06-06T10:36:03.269] [DEBUG] [calypso-direct] [DATA_IN] AWS=4.1kt AWA=327° Batt=100% Temp=0°C
[2026-06-06T10:36:03.270] [DEBUG] [calypso-direct] [DATA_IN] AWS=3.7kt AWA=326° Batt=100% Temp=0°C
[2026-06-06T10:36:03.655] [WARNING] [calypso-direct] [TIMING] Large gap: 386ms (expected ~125ms at 8Hz) AWS=3.7kt
[2026-06-06T10:36:03.656] [DEBUG] [calypso-direct] [DATA_IN] AWS=3.7kt AWA=325° Batt=100% Temp=0°C
[2026-06-06T10:36:03.849] [DEBUG] [calypso-direct] [DATA_IN] AWS=3.7kt AWA=324° Batt=100% Temp=0°C
[2026-06-06T10:36:04.437] [WARNING] [calypso-direct] [TIMING] Large gap: 587ms (expected ~125ms at 8Hz) AWS=3.9kt
[2026-06-06T10:36:04.437] [DEBUG] [calypso-direct] [DATA_IN] AWS=3.9kt AWA=324° Batt=100% Temp=0°C
[2026-06-06T10:36:04.824] [WARNING] [calypso-direct] [TIMING] Large gap: 388ms (expected ~125ms at 8Hz) AWS=4.3kt
[2026-06-06T10:36:04.825] [DEBUG] [calypso-direct] [DATA_IN] AWS=4.3kt AWA=331° Batt=100% Temp=0°C
[2026-06-06T10:36:04.826] [DEBUG] [calypso-direct] [DATA_IN] AWS=4.3kt AWA=331° Batt=100% Temp=0°C
[2026-06-06T10:36:04.828] [DEBUG] [calypso-direct] [DATA_IN] AWS=4.3kt AWA=332° Batt=100% Temp=0°C
[2026-06-06T10:36:05.020] [DEBUG] [calypso-direct] [DATA_IN] AWS=4.1kt AWA=332° Batt=100% Temp=0°C
[2026-06-06T10:36:05.409] [WARNING] [calypso-direct] [TIMING] Large gap: 389ms (expected ~125ms at 8Hz) AWS=3.9kt
[2026-06-06T10:36:05.410] [DEBUG] [calypso-direct] [DATA_IN] AWS=3.9kt AWA=332° Batt=100% Temp=0°C
[2026-06-06T10:36:05.799] [WARNING] [calypso-direct] [TIMING] Large gap: 390ms (expected ~125ms at 8Hz) AWS=3.9kt
[2026-06-06T10:36:05.800] [DEBUG] [calypso-direct] [DATA_IN] AWS=3.9kt AWA=327° Batt=100% Temp=0°C
[2026-06-06T10:36:06.385] [WARNING] [calypso-direct] [TIMING] Large gap: 586ms (expected ~125ms at 8Hz) AWS=3.9kt
[2026-06-06T10:36:06.386] [DEBUG] [calypso-direct] [DATA_IN] AWS=3.9kt AWA=325° Batt=100% Temp=0°C
[2026-06-06T10:36:06.387] [DEBUG] [calypso-direct] [DATA_IN] AWS=4.3kt AWA=324° Batt=100% Temp=0°C
[2026-06-06T10:36:06.388] [DEBUG] [calypso-direct] [DATA_IN] AWS=4.7kt AWA=324° Batt=100% Temp=0°C
[2026-06-06T10:36:06.579] [DEBUG] [calypso-direct] [DATA_IN] AWS=4.7kt AWA=324° Batt=100% Temp=0°C
[2026-06-06T10:36:06.775] [DEBUG] [calypso-direct] [DATA_IN] AWS=4.7kt AWA=322° Batt=100% Temp=0°C
[2026-06-06T10:36:07.165] [WARNING] [calypso-direct] [TIMING] Large gap: 390ms (expected ~125ms at 8Hz) AWS=4.5kt
[2026-06-06T10:36:07.165] [DEBUG] [calypso-direct] [DATA_IN] AWS=4.5kt AWA=322° Batt=100% Temp=0°C
[2026-06-06T10:36:07.749] [WARNING] [calypso-direct] [TIMING] Large gap: 585ms (expected ~125ms at 8Hz) AWS=3.9kt
[2026-06-06T10:36:07.750] [DEBUG] [calypso-direct] [DATA_IN] AWS=3.9kt AWA=322° Batt=100% Temp=0°C
[2026-06-06T10:36:07.752] [DEBUG] [calypso-direct] [DATA_IN] AWS=3.7kt AWA=322° Batt=100% Temp=0°C
[2026-06-06T10:36:07.755] [DEBUG] [calypso-direct] [DATA_IN] AWS=3.7kt AWA=322° Batt=100% Temp=0°C
[2026-06-06T10:36:08.139] [WARNING] [calypso-direct] [TIMING] Large gap: 384ms (expected ~125ms at 8Hz) AWS=3.7kt
[2026-06-06T10:36:08.140] [DEBUG] [calypso-direct] [DATA_IN] AWS=3.7kt AWA=327° Batt=100% Temp=0°C
[2026-06-06T10:36:08.531] [WARNING] [calypso-direct] [TIMING] Large gap: 391ms (expected ~125ms at 8Hz) AWS=3.9kt
[2026-06-06T10:36:08.531] [DEBUG] [calypso-direct] [DATA_IN] AWS=3.9kt AWA=328° Batt=100% Temp=0°C
[2026-06-06T10:36:08.534] [DEBUG] [calypso-direct] [DATA_IN] AWS=3.9kt AWA=328° Batt=100% Temp=0°C
[2026-06-06T10:36:09.114] [WARNING] [calypso-direct] [TIMING] Large gap: 581ms (expected ~125ms at 8Hz) AWS=4.3kt
[2026-06-06T10:36:09.116] [DEBUG] [calypso-direct] [DATA_IN] AWS=4.3kt AWA=328° Batt=100% Temp=0°C
[2026-06-06T10:36:09.116] [DEBUG] [calypso-direct] [DATA_IN] AWS=3.9kt AWA=328° Batt=100% Temp=0°C
[2026-06-06T10:36:09.310] [DEBUG] [calypso-direct] [DATA_IN] AWS=3.5kt AWA=317° Batt=100% Temp=0°C
[2026-06-06T10:36:09.504] [DEBUG] [calypso-direct] [DATA_IN] AWS=3.5kt AWA=317° Batt=100% Temp=0°C
[2026-06-06T10:36:10.285] [WARNING] [calypso-direct] [TIMING] Large gap: 780ms (expected ~125ms at 8Hz) AWS=3.5kt
[2026-06-06T10:36:10.285] [DEBUG] [calypso-direct] [DATA_IN] AWS=3.5kt AWA=317° Batt=100% Temp=0°C
[2026-06-06T10:36:10.286] [DEBUG] [calypso-direct] [DATA_IN] AWS=3.5kt AWA=318° Batt=100% Temp=0°C
[2026-06-06T10:36:10.288] [DEBUG] [calypso-direct] [DATA_IN] AWS=4.1kt AWA=319° Batt=100% Temp=0°C
[2026-06-06T10:36:10.674] [WARNING] [calypso-direct] [TIMING] Large gap: 386ms (expected ~125ms at 8Hz) AWS=4.1kt
[2026-06-06T10:36:10.675] [DEBUG] [calypso-direct] [DATA_IN] AWS=4.1kt AWA=331° Batt=100% Temp=0°C
[2026-06-06T10:36:11.065] [WARNING] [calypso-direct] [TIMING] Large gap: 391ms (expected ~125ms at 8Hz) AWS=4.1kt
[2026-06-06T10:36:11.065] [DEBUG] [calypso-direct] [DATA_IN] AWS=4.1kt AWA=331° Batt=100% Temp=0°C
[2026-06-06T10:36:11.067] [DEBUG] [calypso-direct] [DATA_IN] AWS=4.1kt AWA=331° Batt=100% Temp=0°C
[2026-06-06T10:36:11.259] [DEBUG] [calypso-direct] [DATA_IN] AWS=4.1kt AWA=332° Batt=100% Temp=0°C
[2026-06-06T10:36:11.649] [WARNING] [calypso-direct] [TIMING] Large gap: 390ms (expected ~125ms at 8Hz) AWS=3.9kt
[2026-06-06T10:36:11.650] [DEBUG] [calypso-direct] [DATA_IN] AWS=3.9kt AWA=331° Batt=100% Temp=0°C
[2026-06-06T10:36:12.040] [WARNING] [calypso-direct] [TIMING] Large gap: 390ms (expected ~125ms at 8Hz) AWS=4.1kt
[2026-06-06T10:36:12.040] [DEBUG] [calypso-direct] [DATA_IN] AWS=4.1kt AWA=325° Batt=100% Temp=0°C
[2026-06-06T10:36:12.041] [DEBUG] [calypso-direct] [DATA_IN] AWS=4.5kt AWA=324° Batt=100% Temp=0°C
[2026-06-06T10:36:12.430] [WARNING] [calypso-direct] [TIMING] Large gap: 389ms (expected ~125ms at 8Hz) AWS=4.7kt
[2026-06-06T10:36:12.430] [DEBUG] [calypso-direct] [DATA_IN] AWS=4.7kt AWA=324° Batt=100% Temp=0°C
[2026-06-06T10:36:12.624] [DEBUG] [calypso-direct] [DATA_IN] AWS=4.9kt AWA=323° Batt=100% Temp=0°C
[2026-06-06T10:36:13.014] [WARNING] [calypso-direct] [TIMING] Large gap: 390ms (expected ~125ms at 8Hz) AWS=5.6kt
[2026-06-06T10:36:13.015] [DEBUG] [calypso-direct] [DATA_IN] AWS=5.6kt AWA=323° Batt=100% Temp=0°C
[2026-06-06T10:36:13.404] [WARNING] [calypso-direct] [TIMING] Large gap: 390ms (expected ~125ms at 8Hz) AWS=5.6kt
[2026-06-06T10:36:13.405] [DEBUG] [calypso-direct] [DATA_IN] AWS=5.6kt AWA=323° Batt=100% Temp=0°C
[2026-06-06T10:36:13.406] [DEBUG] [calypso-direct] [DATA_IN] AWS=5.6kt AWA=323° Batt=100% Temp=0°C
[2026-06-06T10:36:13.600] [DEBUG] [calypso-direct] [DATA_IN] AWS=5.4kt AWA=323° Batt=100% Temp=0°C
[2026-06-06T10:36:13.796] [DEBUG] [calypso-direct] [DATA_IN] AWS=5.4kt AWA=324° Batt=100% Temp=0°C
[2026-06-06T10:36:13.989] [DEBUG] [calypso-direct] [DATA_IN] AWS=5.2kt AWA=324° Batt=100% Temp=0°C
[2026-06-06T10:36:14.379] [WARNING] [calypso-direct] [TIMING] Large gap: 390ms (expected ~125ms at 8Hz) AWS=4.9kt
[2026-06-06T10:36:14.380] [DEBUG] [calypso-direct] [DATA_IN] AWS=4.9kt AWA=336° Batt=100% Temp=0°C
[2026-06-06T10:36:14.574] [DEBUG] [calypso-direct] [DATA_IN] AWS=4.7kt AWA=337° Batt=100% Temp=0°C
[2026-06-06T10:36:14.769] [DEBUG] [calypso-direct] [DATA_IN] AWS=4.7kt AWA=336° Batt=100% Temp=0°C
[2026-06-06T10:36:15.159] [WARNING] [calypso-direct] [TIMING] Large gap: 390ms (expected ~125ms at 8Hz) AWS=4.7kt
[2026-06-06T10:36:15.160] [DEBUG] [calypso-direct] [DATA_IN] AWS=4.7kt AWA=337° Batt=100% Temp=0°C
[2026-06-06T10:36:15.355] [DEBUG] [calypso-direct] [DATA_IN] AWS=4.9kt AWA=337° Batt=100% Temp=0°C
[2026-06-06T10:36:15.550] [DEBUG] [calypso-direct] [DATA_IN] AWS=4.9kt AWA=323° Batt=100% Temp=0°C
[2026-06-06T10:36:15.940] [WARNING] [calypso-direct] [TIMING] Large gap: 390ms (expected ~125ms at 8Hz) AWS=4.9kt
[2026-06-06T10:36:15.940] [DEBUG] [calypso-direct] [DATA_IN] AWS=4.9kt AWA=322° Batt=100% Temp=0°C
[2026-06-06T10:36:16.329] [WARNING] [calypso-direct] [TIMING] Large gap: 390ms (expected ~125ms at 8Hz) AWS=4.9kt
[2026-06-06T10:36:16.330] [DEBUG] [calypso-direct] [DATA_IN] AWS=4.9kt AWA=322° Batt=100% Temp=0°C
[2026-06-06T10:36:16.524] [DEBUG] [calypso-direct] [DATA_IN] AWS=4.9kt AWA=321° Batt=100% Temp=0°C
[2026-06-06T10:36:16.915] [WARNING] [calypso-direct] [TIMING] Large gap: 390ms (expected ~125ms at 8Hz) AWS=5.1kt
[2026-06-06T10:36:16.915] [DEBUG] [calypso-direct] [DATA_IN] AWS=5.1kt AWA=322° Batt=100% Temp=0°C
[2026-06-06T10:36:17.695] [WARNING] [calypso-direct] [TIMING] Large gap: 780ms (expected ~125ms at 8Hz) AWS=5.4kt
[2026-06-06T10:36:17.695] [DEBUG] [calypso-direct] [DATA_IN] AWS=5.4kt AWA=321° Batt=100% Temp=0°C
[2026-06-06T10:36:17.696] [DEBUG] [calypso-direct] [DATA_IN] AWS=5.4kt AWA=321° Batt=100% Temp=0°C
[2026-06-06T10:36:17.698] [DEBUG] [calypso-direct] [DATA_IN] AWS=5.8kt AWA=320° Batt=100% Temp=0°C
[2026-06-06T10:36:17.889] [DEBUG] [calypso-direct] [DATA_IN] AWS=5.4kt AWA=320° Batt=100% Temp=0°C
[2026-06-06T10:36:18.084] [DEBUG] [calypso-direct] [DATA_IN] AWS=5.8kt AWA=320° Batt=100% Temp=0°C
[2026-06-06T10:36:18.279] [DEBUG] [calypso-direct] [DATA_IN] AWS=5.4kt AWA=322° Batt=100% Temp=0°C
[2026-06-06T10:36:18.670] [WARNING] [calypso-direct] [TIMING] Large gap: 391ms (expected ~125ms at 8Hz) AWS=5.4kt
[2026-06-06T10:36:18.670] [DEBUG] [calypso-direct] [DATA_IN] AWS=5.4kt AWA=322° Batt=100% Temp=0°C
[2026-06-06T10:36:19.254] [WARNING] [calypso-direct] [TIMING] Large gap: 585ms (expected ~125ms at 8Hz) AWS=5.4kt
[2026-06-06T10:36:19.255] [DEBUG] [calypso-direct] [DATA_IN] AWS=5.4kt AWA=322° Batt=100% Temp=0°C
[2026-06-06T10:36:19.257] [DEBUG] [calypso-direct] [DATA_IN] AWS=5.8kt AWA=323° Batt=100% Temp=0°C
[2026-06-06T10:36:19.260] [DEBUG] [calypso-direct] [DATA_IN] AWS=6.0kt AWA=323° Batt=100% Temp=0°C
[2026-06-06T10:36:19.644] [WARNING] [calypso-direct] [TIMING] Large gap: 385ms (expected ~125ms at 8Hz) AWS=6.0kt
[2026-06-06T10:36:19.645] [DEBUG] [calypso-direct] [DATA_IN] AWS=6.0kt AWA=324° Batt=100% Temp=0°C
[2026-06-06T10:36:19.839] [DEBUG] [calypso-direct] [DATA_IN] AWS=6.4kt AWA=323° Batt=100% Temp=0°C
[2026-06-06T10:36:20.035] [DEBUG] [calypso-direct] [DATA_IN] AWS=6.4kt AWA=323° Batt=100% Temp=0°C
[2026-06-06T10:36:20.620] [WARNING] [calypso-direct] [TIMING] Large gap: 585ms (expected ~125ms at 8Hz) AWS=6.0kt
[2026-06-06T10:36:20.620] [DEBUG] [calypso-direct] [DATA_IN] AWS=6.0kt AWA=323° Batt=100% Temp=0°C
[2026-06-06T10:36:20.622] [DEBUG] [calypso-direct] [DATA_IN] AWS=6.0kt AWA=324° Batt=100% Temp=0°C
[2026-06-06T10:36:20.814] [DEBUG] [calypso-direct] [DATA_IN] AWS=6.0kt AWA=328° Batt=100% Temp=0°C
[2026-06-06T10:36:21.009] [DEBUG] [calypso-direct] [DATA_IN] AWS=5.8kt AWA=328° Batt=100% Temp=0°C
[2026-06-06T10:36:21.985] [WARNING] [calypso-direct] [TIMING] Large gap: 976ms (expected ~125ms at 8Hz) AWS=5.8kt
[2026-06-06T10:36:21.986] [DEBUG] [calypso-direct] [DATA_IN] AWS=5.8kt AWA=330° Batt=100% Temp=0°C
[2026-06-06T10:36:22.179] [DEBUG] [calypso-direct] [DATA_IN] AWS=5.4kt AWA=330° Batt=100% Temp=0°C
[2026-06-06T10:36:22.180] [DEBUG] [calypso-direct] [DATA_IN] AWS=5.1kt AWA=331° Batt=100% Temp=0°C
[2026-06-06T10:36:22.182] [DEBUG] [calypso-direct] [DATA_IN] AWS=5.1kt AWA=341° Batt=100% Temp=0°C
[2026-06-06T10:36:22.374] [DEBUG] [calypso-direct] [DATA_IN] AWS=5.1kt AWA=341° Batt=100% Temp=0°C
[2026-06-06T10:36:22.569] [DEBUG] [calypso-direct] [DATA_IN] AWS=5.1kt AWA=341° Batt=100% Temp=0°C
[2026-06-06T10:36:22.764] [DEBUG] [calypso-direct] [DATA_IN] AWS=4.9kt AWA=341° Batt=100% Temp=0°C
[2026-06-06T10:36:23.154] [WARNING] [calypso-direct] [TIMING] Large gap: 390ms (expected ~125ms at 8Hz) AWS=5.1kt
[2026-06-06T10:36:23.155] [DEBUG] [calypso-direct] [DATA_IN] AWS=5.1kt AWA=341° Batt=100% Temp=0°C
[2026-06-06T10:36:23.544] [WARNING] [calypso-direct] [TIMING] Large gap: 390ms (expected ~125ms at 8Hz) AWS=5.1kt
[2026-06-06T10:36:23.544] [DEBUG] [calypso-direct] [DATA_IN] AWS=5.1kt AWA=344° Batt=100% Temp=0°C
[2026-06-06T10:36:23.545] [DEBUG] [calypso-direct] [DATA_IN] AWS=5.1kt AWA=344° Batt=100% Temp=0°C
[2026-06-06T10:36:23.739] [DEBUG] [calypso-direct] [DATA_IN] AWS=5.1kt AWA=343° Batt=100% Temp=0°C
[2026-06-06T10:36:24.130] [WARNING] [calypso-direct] [TIMING] Large gap: 391ms (expected ~125ms at 8Hz) AWS=5.1kt
[2026-06-06T10:36:24.131] [DEBUG] [calypso-direct] [DATA_IN] AWS=5.1kt AWA=342° Batt=100% Temp=0°C
[2026-06-06T10:36:24.523] [WARNING] [calypso-direct] [TIMING] Large gap: 393ms (expected ~125ms at 8Hz) AWS=5.1kt
[2026-06-06T10:36:24.524] [DEBUG] [calypso-direct] [DATA_IN] AWS=5.1kt AWA=342° Batt=100% Temp=0°C
[2026-06-06T10:36:25.107] [WARNING] [calypso-direct] [TIMING] Large gap: 584ms (expected ~125ms at 8Hz) AWS=5.4kt
[2026-06-06T10:36:25.108] [DEBUG] [calypso-direct] [DATA_IN] AWS=5.4kt AWA=324° Batt=100% Temp=0°C
[2026-06-06T10:36:25.112] [DEBUG] [calypso-direct] [DATA_IN] AWS=5.1kt AWA=324° Batt=100% Temp=0°C
[2026-06-06T10:36:25.114] [DEBUG] [calypso-direct] [DATA_IN] AWS=5.1kt AWA=324° Batt=100% Temp=0°C
[2026-06-06T10:36:25.301] [DEBUG] [calypso-direct] [DATA_IN] AWS=5.1kt AWA=325° Batt=100% Temp=0°C
[2026-06-06T10:36:25.494] [DEBUG] [calypso-direct] [DATA_IN] AWS=4.7kt AWA=325° Batt=100% Temp=0°C
[2026-06-06T10:36:26.469] [WARNING] [calypso-direct] [TIMING] Large gap: 975ms (expected ~125ms at 8Hz) AWS=4.7kt
[2026-06-06T10:36:26.470] [DEBUG] [calypso-direct] [DATA_IN] AWS=4.7kt AWA=326° Batt=100% Temp=0°C
[2026-06-06T10:36:26.471] [DEBUG] [calypso-direct] [DATA_IN] AWS=4.7kt AWA=326° Batt=100% Temp=0°C
[2026-06-06T10:36:26.473] [DEBUG] [calypso-direct] [DATA_IN] AWS=4.7kt AWA=326° Batt=100% Temp=0°C
[2026-06-06T10:36:26.665] [DEBUG] [calypso-direct] [DATA_IN] AWS=4.7kt AWA=326° Batt=100% Temp=0°C
[2026-06-06T10:36:26.859] [DEBUG] [calypso-direct] [DATA_IN] AWS=4.7kt AWA=326° Batt=100% Temp=0°C
[2026-06-06T10:36:27.054] [DEBUG] [calypso-direct] [DATA_IN] AWS=4.3kt AWA=326° Batt=100% Temp=0°C
[2026-06-06T10:36:27.834] [WARNING] [calypso-direct] [TIMING] Large gap: 779ms (expected ~125ms at 8Hz) AWS=4.9kt
[2026-06-06T10:36:27.835] [DEBUG] [calypso-direct] [DATA_IN] AWS=4.9kt AWA=325° Batt=100% Temp=0°C
[2026-06-06T10:36:28.030] [DEBUG] [calypso-direct] [DATA_IN] AWS=4.9kt AWA=325° Batt=100% Temp=0°C
[2026-06-06T10:36:28.032] [DEBUG] [calypso-direct] [DATA_IN] AWS=4.5kt AWA=325° Batt=100% Temp=0°C
[2026-06-06T10:36:28.033] [DEBUG] [calypso-direct] [DATA_IN] AWS=4.9kt AWA=324° Batt=100% Temp=0°C
[2026-06-06T10:36:28.419] [WARNING] [calypso-direct] [TIMING] Large gap: 386ms (expected ~125ms at 8Hz) AWS=4.9kt
[2026-06-06T10:36:28.420] [DEBUG] [calypso-direct] [DATA_IN] AWS=4.9kt AWA=322° Batt=100% Temp=0°C
[2026-06-06T10:36:28.810] [WARNING] [calypso-direct] [TIMING] Large gap: 391ms (expected ~125ms at 8Hz) AWS=4.7kt
[2026-06-06T10:36:28.811] [DEBUG] [calypso-direct] [DATA_IN] AWS=4.7kt AWA=323° Batt=100% Temp=0°C
[2026-06-06T10:36:28.812] [DEBUG] [calypso-direct] [DATA_IN] AWS=4.5kt AWA=323° Batt=100% Temp=0°C
[2026-06-06T10:36:29.394] [WARNING] [calypso-direct] [TIMING] Large gap: 582ms (expected ~125ms at 8Hz) AWS=4.5kt
[2026-06-06T10:36:29.395] [DEBUG] [calypso-direct] [DATA_IN] AWS=4.5kt AWA=325° Batt=100% Temp=0°C
[2026-06-06T10:36:29.396] [DEBUG] [calypso-direct] [DATA_IN] AWS=4.5kt AWA=326° Batt=100% Temp=0°C
[2026-06-06T10:36:29.589] [DEBUG] [calypso-direct] [DATA_IN] AWS=4.7kt AWA=328° Batt=100% Temp=0°C
[2026-06-06T10:36:29.784] [DEBUG] [calypso-direct] [DATA_IN] AWS=4.5kt AWA=328° Batt=100% Temp=0°C
[2026-06-06T10:36:30.174] [WARNING] [calypso-direct] [TIMING] Large gap: 390ms (expected ~125ms at 8Hz) AWS=3.9kt
[2026-06-06T10:36:30.175] [DEBUG] [calypso-direct] [DATA_IN] AWS=3.9kt AWA=328° Batt=100% Temp=0°C
[2026-06-06T10:36:30.369] [DEBUG] [calypso-direct] [DATA_IN] AWS=4.7kt AWA=327° Batt=100% Temp=0°C
[2026-06-06T10:36:30.760] [WARNING] [calypso-direct] [TIMING] Large gap: 391ms (expected ~125ms at 8Hz) AWS=4.3kt
[2026-06-06T10:36:30.760] [DEBUG] [calypso-direct] [DATA_IN] AWS=4.3kt AWA=326° Batt=100% Temp=0°C
[2026-06-06T10:36:30.761] [DEBUG] [calypso-direct] [DATA_IN] AWS=3.9kt AWA=339° Batt=100% Temp=0°C
[2026-06-06T10:36:31.149] [WARNING] [calypso-direct] [TIMING] Large gap: 388ms (expected ~125ms at 8Hz) AWS=3.9kt
[2026-06-06T10:36:31.149] [DEBUG] [calypso-direct] [DATA_IN] AWS=3.9kt AWA=339° Batt=100% Temp=0°C
[2026-06-06T10:36:31.344] [DEBUG] [calypso-direct] [DATA_IN] AWS=4.1kt AWA=340° Batt=100% Temp=0°C
[2026-06-06T10:36:31.539] [DEBUG] [calypso-direct] [DATA_IN] AWS=4.1kt AWA=340° Batt=100% Temp=0°C
[2026-06-06T10:36:32.319] [WARNING] [calypso-direct] [TIMING] Large gap: 780ms (expected ~125ms at 8Hz) AWS=4.1kt
[2026-06-06T10:36:32.319] [DEBUG] [calypso-direct] [DATA_IN] AWS=4.1kt AWA=340° Batt=100% Temp=0°C
[2026-06-06T10:36:32.322] [DEBUG] [calypso-direct] [DATA_IN] AWS=4.1kt AWA=330° Batt=100% Temp=0°C
[2026-06-06T10:36:32.324] [DEBUG] [calypso-direct] [DATA_IN] AWS=4.3kt AWA=329° Batt=100% Temp=0°C
[2026-06-06T10:36:32.514] [DEBUG] [calypso-direct] [DATA_IN] AWS=4.3kt AWA=328° Batt=100% Temp=0°C
[2026-06-06T10:36:32.904] [WARNING] [calypso-direct] [TIMING] Large gap: 390ms (expected ~125ms at 8Hz) AWS=4.3kt
[2026-06-06T10:36:32.905] [DEBUG] [calypso-direct] [DATA_IN] AWS=4.3kt AWA=328° Batt=100% Temp=0°C
[2026-06-06T10:36:33.685] [WARNING] [calypso-direct] [TIMING] Large gap: 781ms (expected ~125ms at 8Hz) AWS=4.3kt
[2026-06-06T10:36:33.686] [DEBUG] [calypso-direct] [DATA_IN] AWS=4.3kt AWA=329° Batt=100% Temp=0°C
[2026-06-06T10:36:33.686] [DEBUG] [calypso-direct] [DATA_IN] AWS=4.5kt AWA=330° Batt=100% Temp=0°C
[2026-06-06T10:36:33.879] [DEBUG] [calypso-direct] [DATA_IN] AWS=4.7kt AWA=330° Batt=100% Temp=0°C
[2026-06-06T10:36:34.074] [DEBUG] [calypso-direct] [DATA_IN] AWS=4.7kt AWA=330° Batt=100% Temp=0°C
[2026-06-06T10:36:34.076] [DEBUG] [calypso-direct] [DATA_IN] AWS=4.7kt AWA=329° Batt=100% Temp=0°C
[2026-06-06T10:36:34.269] [DEBUG] [calypso-direct] [DATA_IN] AWS=4.3kt AWA=328° Batt=100% Temp=0°C
[2026-06-06T10:36:34.659] [WARNING] [calypso-direct] [TIMING] Large gap: 390ms (expected ~125ms at 8Hz) AWS=4.1kt
[2026-06-06T10:36:34.659] [DEBUG] [calypso-direct] [DATA_IN] AWS=4.1kt AWA=325° Batt=100% Temp=0°C
[2026-06-06T10:36:35.049] [WARNING] [calypso-direct] [TIMING] Large gap: 390ms (expected ~125ms at 8Hz) AWS=4.1kt
[2026-06-06T10:36:35.050] [DEBUG] [calypso-direct] [DATA_IN] AWS=4.1kt AWA=326° Batt=100% Temp=0°C
[2026-06-06T10:36:35.052] [DEBUG] [calypso-direct] [DATA_IN] AWS=4.3kt AWA=326° Batt=100% Temp=0°C
[2026-06-06T10:36:35.244] [DEBUG] [calypso-direct] [DATA_IN] AWS=4.1kt AWA=330° Batt=100% Temp=0°C
[2026-06-06T10:36:35.634] [WARNING] [calypso-direct] [TIMING] Large gap: 390ms (expected ~125ms at 8Hz) AWS=3.7kt
[2026-06-06T10:36:35.635] [DEBUG] [calypso-direct] [DATA_IN] AWS=3.7kt AWA=330° Batt=100% Temp=0°C
[2026-06-06T10:36:35.831] [DEBUG] [calypso-direct] [DATA_IN] AWS=3.7kt AWA=329° Batt=100% Temp=0°C
[2026-06-06T10:36:36.609] [WARNING] [calypso-direct] [TIMING] Large gap: 777ms (expected ~125ms at 8Hz) AWS=3.7kt
[2026-06-06T10:36:36.610] [DEBUG] [calypso-direct] [DATA_IN] AWS=3.7kt AWA=328° Batt=100% Temp=0°C
[2026-06-06T10:36:36.611] [DEBUG] [calypso-direct] [DATA_IN] AWS=3.5kt AWA=328° Batt=100% Temp=0°C
[2026-06-06T10:36:36.615] [DEBUG] [calypso-direct] [DATA_IN] AWS=3.1kt AWA=328° Batt=100% Temp=0°C
[2026-06-06T10:36:36.805] [DEBUG] [calypso-direct] [DATA_IN] AWS=3.1kt AWA=329° Batt=100% Temp=0°C
[2026-06-06T10:36:36.999] [DEBUG] [calypso-direct] [DATA_IN] AWS=3.1kt AWA=11° Batt=100% Temp=0°C
[2026-06-06T10:36:37.389] [WARNING] [calypso-direct] [TIMING] Large gap: 390ms (expected ~125ms at 8Hz) AWS=3.7kt
[2026-06-06T10:36:37.390] [DEBUG] [calypso-direct] [DATA_IN] AWS=3.7kt AWA=11° Batt=100% Temp=0°C
[2026-06-06T10:36:37.974] [WARNING] [calypso-direct] [TIMING] Large gap: 585ms (expected ~125ms at 8Hz) AWS=3.7kt
[2026-06-06T10:36:37.975] [DEBUG] [calypso-direct] [DATA_IN] AWS=3.7kt AWA=11° Batt=100% Temp=0°C
[2026-06-06T10:36:37.976] [DEBUG] [calypso-direct] [DATA_IN] AWS=3.7kt AWA=11° Batt=100% Temp=0°C
[2026-06-06T10:36:38.169] [DEBUG] [calypso-direct] [DATA_IN] AWS=3.7kt AWA=11° Batt=100% Temp=0°C
[2026-06-06T10:36:38.364] [DEBUG] [calypso-direct] [DATA_IN] AWS=3.7kt AWA=324° Batt=100% Temp=0°C
[2026-06-06T10:36:38.559] [DEBUG] [calypso-direct] [DATA_IN] AWS=3.7kt AWA=318° Batt=100% Temp=0°C
[2026-06-06T10:36:38.754] [DEBUG] [calypso-direct] [DATA_IN] AWS=3.7kt AWA=318° Batt=100% Temp=0°C
[2026-06-06T10:36:39.144] [WARNING] [calypso-direct] [TIMING] Large gap: 390ms (expected ~125ms at 8Hz) AWS=3.7kt
[2026-06-06T10:36:39.145] [DEBUG] [calypso-direct] [DATA_IN] AWS=3.7kt AWA=318° Batt=100% Temp=0°C
[2026-06-06T10:36:39.339] [DEBUG] [calypso-direct] [DATA_IN] AWS=3.7kt AWA=324° Batt=100% Temp=0°C
[2026-06-06T10:36:39.534] [DEBUG] [calypso-direct] [DATA_IN] AWS=3.5kt AWA=344° Batt=100% Temp=0°C
[2026-06-06T10:36:39.924] [WARNING] [calypso-direct] [TIMING] Large gap: 390ms (expected ~125ms at 8Hz) AWS=2.9kt
[2026-06-06T10:36:39.924] [DEBUG] [calypso-direct] [DATA_IN] AWS=2.9kt AWA=344° Batt=100% Temp=0°C
[2026-06-06T10:36:40.509] [WARNING] [calypso-direct] [TIMING] Large gap: 585ms (expected ~125ms at 8Hz) AWS=3.3kt
[2026-06-06T10:36:40.509] [DEBUG] [calypso-direct] [DATA_IN] AWS=3.3kt AWA=343° Batt=100% Temp=0°C
[2026-06-06T10:36:40.899] [WARNING] [calypso-direct] [TIMING] Large gap: 390ms (expected ~125ms at 8Hz) AWS=2.9kt
[2026-06-06T10:36:40.899] [DEBUG] [calypso-direct] [DATA_IN] AWS=2.9kt AWA=343° Batt=100% Temp=0°C
[2026-06-06T10:36:40.902] [DEBUG] [calypso-direct] [DATA_IN] AWS=2.9kt AWA=341° Batt=100% Temp=0°C
[2026-06-06T10:36:40.904] [DEBUG] [calypso-direct] [DATA_IN] AWS=3.3kt AWA=333° Batt=100% Temp=0°C
[2026-06-06T10:36:41.096] [DEBUG] [calypso-direct] [DATA_IN] AWS=3.9kt AWA=333° Batt=100% Temp=0°C
[2026-06-06T10:36:41.289] [DEBUG] [calypso-direct] [DATA_IN] AWS=3.9kt AWA=335° Batt=100% Temp=0°C
[2026-06-06T10:36:41.679] [WARNING] [calypso-direct] [TIMING] Large gap: 390ms (expected ~125ms at 8Hz) AWS=3.9kt
[2026-06-06T10:36:41.681] [DEBUG] [calypso-direct] [DATA_IN] AWS=3.9kt AWA=335° Batt=100% Temp=0°C
[2026-06-06T10:36:42.265] [WARNING] [calypso-direct] [TIMING] Large gap: 586ms (expected ~125ms at 8Hz) AWS=3.9kt
[2026-06-06T10:36:42.266] [DEBUG] [calypso-direct] [DATA_IN] AWS=3.9kt AWA=335° Batt=100% Temp=0°C
[2026-06-06T10:36:42.267] [DEBUG] [calypso-direct] [DATA_IN] AWS=3.9kt AWA=340° Batt=100% Temp=0°C
[2026-06-06T10:36:42.269] [DEBUG] [calypso-direct] [DATA_IN] AWS=3.3kt AWA=340° Batt=100% Temp=0°C
[2026-06-06T10:36:42.654] [WARNING] [calypso-direct] [TIMING] Large gap: 385ms (expected ~125ms at 8Hz) AWS=3.3kt
[2026-06-06T10:36:42.655] [DEBUG] [calypso-direct] [DATA_IN] AWS=3.3kt AWA=340° Batt=100% Temp=0°C
[2026-06-06T10:36:42.849] [DEBUG] [calypso-direct] [DATA_IN] AWS=3.3kt AWA=339° Batt=100% Temp=0°C
[2026-06-06T10:36:43.824] [WARNING] [calypso-direct] [TIMING] Large gap: 975ms (expected ~125ms at 8Hz) AWS=4.1kt
[2026-06-06T10:36:43.824] [DEBUG] [calypso-direct] [DATA_IN] AWS=4.1kt AWA=340° Batt=100% Temp=0°C
[2026-06-06T10:36:43.827] [DEBUG] [calypso-direct] [DATA_IN] AWS=4.3kt AWA=335° Batt=100% Temp=0°C
[2026-06-06T10:36:43.828] [DEBUG] [calypso-direct] [DATA_IN] AWS=4.3kt AWA=335° Batt=100% Temp=0°C
[2026-06-06T10:36:43.830] [DEBUG] [calypso-direct] [DATA_IN] AWS=4.1kt AWA=335° Batt=100% Temp=0°C
[2026-06-06T10:36:44.215] [WARNING] [calypso-direct] [TIMING] Large gap: 384ms (expected ~125ms at 8Hz) AWS=4.1kt
[2026-06-06T10:36:44.215] [DEBUG] [calypso-direct] [DATA_IN] AWS=4.1kt AWA=335° Batt=100% Temp=0°C
[2026-06-06T10:36:44.409] [DEBUG] [calypso-direct] [DATA_IN] AWS=4.7kt AWA=335° Batt=100% Temp=0°C
[2026-06-06T10:36:44.604] [DEBUG] [calypso-direct] [DATA_IN] AWS=4.1kt AWA=338° Batt=100% Temp=0°C
[2026-06-06T10:36:45.189] [WARNING] [calypso-direct] [TIMING] Large gap: 585ms (expected ~125ms at 8Hz) AWS=4.3kt
[2026-06-06T10:36:45.190] [DEBUG] [calypso-direct] [DATA_IN] AWS=4.3kt AWA=338° Batt=100% Temp=0°C
[2026-06-06T10:36:45.191] [DEBUG] [calypso-direct] [DATA_IN] AWS=4.3kt AWA=338° Batt=100% Temp=0°C
[2026-06-06T10:36:45.384] [DEBUG] [calypso-direct] [DATA_IN] AWS=4.3kt AWA=338° Batt=100% Temp=0°C
[2026-06-06T10:36:45.774] [WARNING] [calypso-direct] [TIMING] Large gap: 390ms (expected ~125ms at 8Hz) AWS=4.3kt
[2026-06-06T10:36:45.775] [DEBUG] [calypso-direct] [DATA_IN] AWS=4.3kt AWA=338° Batt=100% Temp=0°C
[2026-06-06T10:36:45.776] [DEBUG] [calypso-direct] [DATA_IN] AWS=4.3kt AWA=339° Batt=100% Temp=0°C
[2026-06-06T10:36:46.165] [WARNING] [calypso-direct] [TIMING] Large gap: 390ms (expected ~125ms at 8Hz) AWS=3.9kt
[2026-06-06T10:36:46.166] [DEBUG] [calypso-direct] [DATA_IN] AWS=3.9kt AWA=339° Batt=100% Temp=0°C
[2026-06-06T10:36:46.555] [WARNING] [calypso-direct] [TIMING] Large gap: 390ms (expected ~125ms at 8Hz) AWS=4.3kt
[2026-06-06T10:36:46.556] [DEBUG] [calypso-direct] [DATA_IN] AWS=4.3kt AWA=339° Batt=100% Temp=0°C
[2026-06-06T10:36:46.560] [DEBUG] [calypso-direct] [DATA_IN] AWS=4.3kt AWA=339° Batt=100% Temp=0°C
[2026-06-06T10:36:46.750] [DEBUG] [calypso-direct] [DATA_IN] AWS=4.3kt AWA=339° Batt=100% Temp=0°C
[2026-06-06T10:36:47.139] [WARNING] [calypso-direct] [TIMING] Large gap: 389ms (expected ~125ms at 8Hz) AWS=4.3kt
[2026-06-06T10:36:47.140] [DEBUG] [calypso-direct] [DATA_IN] AWS=4.3kt AWA=332° Batt=100% Temp=0°C
[2026-06-06T10:36:47.335] [DEBUG] [calypso-direct] [DATA_IN] AWS=4.3kt AWA=332° Batt=100% Temp=0°C
[2026-06-06T10:36:48.114] [WARNING] [calypso-direct] [TIMING] Large gap: 779ms (expected ~125ms at 8Hz) AWS=4.1kt
[2026-06-06T10:36:48.114] [INFO] [calypso-direct] [RATE_1MIN] 238 pkts/min (expected 480 at 8Hz) max_gap=976ms gaps_>250ms=89
[2026-06-06T10:36:48.115] [DEBUG] [calypso-direct] [DATA_IN] AWS=4.1kt AWA=332° Batt=100% Temp=0°C
[2026-06-06T10:36:48.115] [DEBUG] [calypso-direct] [DATA_IN] AWS=4.1kt AWA=332° Batt=100% Temp=0°C
[2026-06-06T10:36:48.118] [DEBUG] [calypso-direct] [DATA_IN] AWS=4.1kt AWA=333° Batt=100% Temp=0°C
[2026-06-06T10:36:48.309] [DEBUG] [calypso-direct] [DATA_IN] AWS=4.1kt AWA=325° Batt=100% Temp=0°C
[2026-06-06T10:36:48.699] [WARNING] [calypso-direct] [TIMING] Large gap: 390ms (expected ~125ms at 8Hz) AWS=4.3kt
[2026-06-06T10:36:48.699] [DEBUG] [calypso-direct] [DATA_IN] AWS=4.3kt AWA=323° Batt=100% Temp=0°C
[2026-06-06T10:36:49.089] [WARNING] [calypso-direct] [TIMING] Large gap: 390ms (expected ~125ms at 8Hz) AWS=4.7kt
[2026-06-06T10:36:49.090] [DEBUG] [calypso-direct] [DATA_IN] AWS=4.7kt AWA=323° Batt=100% Temp=0°C
[2026-06-06T10:36:49.674] [WARNING] [calypso-direct] [TIMING] Large gap: 585ms (expected ~125ms at 8Hz) AWS=4.5kt
[2026-06-06T10:36:49.674] [DEBUG] [calypso-direct] [DATA_IN] AWS=4.5kt AWA=323° Batt=100% Temp=0°C
[2026-06-06T10:36:49.675] [DEBUG] [calypso-direct] [DATA_IN] AWS=4.5kt AWA=322° Batt=100% Temp=0°C
[2026-06-06T10:36:49.869] [DEBUG] [calypso-direct] [DATA_IN] AWS=4.5kt AWA=329° Batt=100% Temp=0°C
[2026-06-06T10:36:50.844] [WARNING] [calypso-direct] [TIMING] Large gap: 975ms (expected ~125ms at 8Hz) AWS=4.7kt
[2026-06-06T10:36:50.844] [DEBUG] [calypso-direct] [DATA_IN] AWS=4.7kt AWA=329° Batt=100% Temp=0°C
[2026-06-06T10:36:50.846] [DEBUG] [calypso-direct] [DATA_IN] AWS=4.5kt AWA=329° Batt=100% Temp=0°C
[2026-06-06T10:36:50.847] [DEBUG] [calypso-direct] [DATA_IN] AWS=4.7kt AWA=329° Batt=100% Temp=0°C
[2026-06-06T10:36:50.849] [DEBUG] [calypso-direct] [DATA_IN] AWS=5.1kt AWA=330° Batt=100% Temp=0°C
[2026-06-06T10:36:50.850] [DEBUG] [calypso-direct] [DATA_IN] AWS=5.1kt AWA=340° Batt=100% Temp=0°C
[2026-06-06T10:36:51.039] [DEBUG] [calypso-direct] [DATA_IN] AWS=5.1kt AWA=341° Batt=100% Temp=0°C
[2026-06-06T10:36:51.429] [WARNING] [calypso-direct] [TIMING] Large gap: 390ms (expected ~125ms at 8Hz) AWS=5.1kt
[2026-06-06T10:36:51.429] [DEBUG] [calypso-direct] [DATA_IN] AWS=5.1kt AWA=341° Batt=100% Temp=0°C
[2026-06-06T10:36:51.624] [DEBUG] [calypso-direct] [DATA_IN] AWS=5.8kt AWA=341° Batt=100% Temp=0°C
[2026-06-06T10:36:52.989] [WARNING] [calypso-direct] [TIMING] Large gap: 1365ms (expected ~125ms at 8Hz) AWS=5.8kt
[2026-06-06T10:36:52.989] [DEBUG] [calypso-direct] [DATA_IN] AWS=5.8kt AWA=341° Batt=100% Temp=0°C
[2026-06-06T10:36:52.991] [DEBUG] [calypso-direct] [DATA_IN] AWS=5.8kt AWA=340° Batt=100% Temp=0°C
[2026-06-06T10:36:53.184] [DEBUG] [calypso-direct] [DATA_IN] AWS=5.1kt AWA=340° Batt=100% Temp=0°C
[2026-06-06T10:36:53.187] [DEBUG] [calypso-direct] [DATA_IN] AWS=4.9kt AWA=340° Batt=100% Temp=0°C
[2026-06-06T10:36:53.188] [DEBUG] [calypso-direct] [DATA_IN] AWS=4.9kt AWA=340° Batt=100% Temp=0°C
[2026-06-06T10:36:53.189] [DEBUG] [calypso-direct] [DATA_IN] AWS=4.9kt AWA=340° Batt=100% Temp=0°C
[2026-06-06T10:36:53.964] [WARNING] [calypso-direct] [TIMING] Large gap: 774ms (expected ~125ms at 8Hz) AWS=4.9kt
[2026-06-06T10:36:53.964] [DEBUG] [calypso-direct] [DATA_IN] AWS=4.9kt AWA=350° Batt=100% Temp=0°C
[2026-06-06T10:36:53.965] [DEBUG] [calypso-direct] [DATA_IN] AWS=4.9kt AWA=350° Batt=100% Temp=0°C
[2026-06-06T10:36:54.550] [WARNING] [calypso-direct] [TIMING] Large gap: 584ms (expected ~125ms at 8Hz) AWS=4.9kt
[2026-06-06T10:36:54.550] [DEBUG] [calypso-direct] [DATA_IN] AWS=4.9kt AWA=350° Batt=100% Temp=0°C
[2026-06-06T10:36:54.551] [DEBUG] [calypso-direct] [DATA_IN] AWS=5.1kt AWA=350° Batt=100% Temp=0°C
[2026-06-06T10:36:54.745] [DEBUG] [calypso-direct] [DATA_IN] AWS=5.1kt AWA=350° Batt=100% Temp=0°C
[2026-06-06T10:36:54.750] [DEBUG] [calypso-direct] [DATA_IN] AWS=4.9kt AWA=352° Batt=100% Temp=0°C
[2026-06-06T10:36:55.330] [WARNING] [calypso-direct] [TIMING] Large gap: 579ms (expected ~125ms at 8Hz) AWS=4.9kt
[2026-06-06T10:36:55.331] [DEBUG] [calypso-direct] [DATA_IN] AWS=4.9kt AWA=352° Batt=100% Temp=0°C
[2026-06-06T10:36:55.331] [DEBUG] [calypso-direct] [DATA_IN] AWS=5.1kt AWA=352° Batt=100% Temp=0°C
[2026-06-06T10:36:55.332] [DEBUG] [calypso-direct] [DATA_IN] AWS=5.1kt AWA=352° Batt=100% Temp=0°C
[2026-06-06T10:36:55.914] [WARNING] [calypso-direct] [TIMING] Large gap: 581ms (expected ~125ms at 8Hz) AWS=4.9kt
[2026-06-06T10:36:55.914] [DEBUG] [calypso-direct] [DATA_IN] AWS=4.9kt AWA=352° Batt=100% Temp=0°C
[2026-06-06T10:36:55.916] [DEBUG] [calypso-direct] [DATA_IN] AWS=5.1kt AWA=338° Batt=100% Temp=0°C
[2026-06-06T10:36:56.108] [DEBUG] [calypso-direct] [DATA_IN] AWS=5.1kt AWA=338° Batt=100% Temp=0°C
[2026-06-06T10:36:56.694] [WARNING] [calypso-direct] [TIMING] Large gap: 585ms (expected ~125ms at 8Hz) AWS=4.7kt
[2026-06-06T10:36:56.694] [DEBUG] [calypso-direct] [DATA_IN] AWS=4.7kt AWA=338° Batt=100% Temp=0°C
[2026-06-06T10:36:56.695] [DEBUG] [calypso-direct] [DATA_IN] AWS=4.5kt AWA=338° Batt=100% Temp=0°C
[2026-06-06T10:36:56.889] [DEBUG] [calypso-direct] [DATA_IN] AWS=4.5kt AWA=339° Batt=100% Temp=0°C
[2026-06-06T10:36:57.279] [WARNING] [calypso-direct] [TIMING] Large gap: 390ms (expected ~125ms at 8Hz) AWS=4.5kt
[2026-06-06T10:36:57.279] [DEBUG] [calypso-direct] [DATA_IN] AWS=4.5kt AWA=5° Batt=100% Temp=0°C
[2026-06-06T10:36:57.280] [DEBUG] [calypso-direct] [DATA_IN] AWS=4.9kt AWA=5° Batt=100% Temp=0°C
[2026-06-06T10:36:58.254] [WARNING] [calypso-direct] [TIMING] Large gap: 974ms (expected ~125ms at 8Hz) AWS=5.2kt
[2026-06-06T10:36:58.255] [DEBUG] [calypso-direct] [DATA_IN] AWS=5.2kt AWA=5° Batt=100% Temp=0°C
[2026-06-06T10:36:58.257] [DEBUG] [calypso-direct] [DATA_IN] AWS=5.2kt AWA=5° Batt=100% Temp=0°C
[2026-06-06T10:36:58.645] [WARNING] [calypso-direct] [TIMING] Large gap: 388ms (expected ~125ms at 8Hz) AWS=5.1kt
[2026-06-06T10:36:58.646] [DEBUG] [calypso-direct] [DATA_IN] AWS=5.1kt AWA=5° Batt=100% Temp=0°C
[2026-06-06T10:36:58.840] [DEBUG] [calypso-direct] [DATA_IN] AWS=5.1kt AWA=335° Batt=100% Temp=0°C
[2026-06-06T10:36:58.842] [DEBUG] [calypso-direct] [DATA_IN] AWS=5.2kt AWA=335° Batt=100% Temp=0°C
[2026-06-06T10:36:58.845] [DEBUG] [calypso-direct] [DATA_IN] AWS=5.1kt AWA=336° Batt=100% Temp=0°C
[2026-06-06T10:36:59.424] [WARNING] [calypso-direct] [TIMING] Large gap: 579ms (expected ~125ms at 8Hz) AWS=5.1kt
[2026-06-06T10:36:59.424] [DEBUG] [calypso-direct] [DATA_IN] AWS=5.1kt AWA=336° Batt=100% Temp=0°C
[2026-06-06T10:36:59.619] [DEBUG] [calypso-direct] [DATA_IN] AWS=5.2kt AWA=336° Batt=100% Temp=0°C
[2026-06-06T10:36:59.620] [DEBUG] [calypso-direct] [DATA_IN] AWS=5.1kt AWA=348° Batt=100% Temp=0°C
[2026-06-06T10:37:00.204] [WARNING] [calypso-direct] [TIMING] Large gap: 584ms (expected ~125ms at 8Hz) AWS=5.1kt
[2026-06-06T10:37:00.204] [DEBUG] [calypso-direct] [DATA_IN] AWS=5.1kt AWA=348° Batt=100% Temp=0°C
[2026-06-06T10:37:00.205] [DEBUG] [calypso-direct] [DATA_IN] AWS=5.1kt AWA=348° Batt=100% Temp=0°C
[2026-06-06T10:37:00.594] [WARNING] [calypso-direct] [TIMING] Large gap: 389ms (expected ~125ms at 8Hz) AWS=5.1kt
[2026-06-06T10:37:00.594] [DEBUG] [calypso-direct] [DATA_IN] AWS=5.1kt AWA=348° Batt=100% Temp=0°C
[2026-06-06T10:37:01.179] [WARNING] [calypso-direct] [TIMING] Large gap: 585ms (expected ~125ms at 8Hz) AWS=5.1kt
[2026-06-06T10:37:01.179] [DEBUG] [calypso-direct] [DATA_IN] AWS=5.1kt AWA=348° Batt=100% Temp=0°C
[2026-06-06T10:37:01.182] [DEBUG] [calypso-direct] [DATA_IN] AWS=4.5kt AWA=358° Batt=100% Temp=0°C
[2026-06-06T10:37:01.183] [DEBUG] [calypso-direct] [DATA_IN] AWS=4.9kt AWA=358° Batt=100% Temp=0°C
[2026-06-06T10:37:01.569] [WARNING] [calypso-direct] [TIMING] Large gap: 385ms (expected ~125ms at 8Hz) AWS=4.9kt
[2026-06-06T10:37:01.570] [DEBUG] [calypso-direct] [DATA_IN] AWS=4.9kt AWA=358° Batt=100% Temp=0°C
[2026-06-06T10:37:01.571] [DEBUG] [calypso-direct] [DATA_IN] AWS=4.9kt AWA=358° Batt=100% Temp=0°C
[2026-06-06T10:37:02.154] [WARNING] [calypso-direct] [TIMING] Large gap: 583ms (expected ~125ms at 8Hz) AWS=4.9kt
[2026-06-06T10:37:02.154] [DEBUG] [calypso-direct] [DATA_IN] AWS=4.9kt AWA=358° Batt=100% Temp=0°C
[2026-06-06T10:37:02.155] [DEBUG] [calypso-direct] [DATA_IN] AWS=4.9kt AWA=337° Batt=100% Temp=0°C
[2026-06-06T10:37:02.544] [WARNING] [calypso-direct] [TIMING] Large gap: 389ms (expected ~125ms at 8Hz) AWS=4.9kt
[2026-06-06T10:37:02.544] [DEBUG] [calypso-direct] [DATA_IN] AWS=4.9kt AWA=337° Batt=100% Temp=0°C
[2026-06-06T10:37:02.545] [DEBUG] [calypso-direct] [DATA_IN] AWS=4.9kt AWA=337° Batt=100% Temp=0°C
[2026-06-06T10:37:02.934] [WARNING] [calypso-direct] [TIMING] Large gap: 389ms (expected ~125ms at 8Hz) AWS=4.9kt
[2026-06-06T10:37:02.934] [DEBUG] [calypso-direct] [DATA_IN] AWS=4.9kt AWA=337° Batt=100% Temp=0°C
[2026-06-06T10:37:03.129] [DEBUG] [calypso-direct] [DATA_IN] AWS=4.7kt AWA=338° Batt=100% Temp=0°C
[2026-06-06T10:37:03.714] [WARNING] [calypso-direct] [TIMING] Large gap: 585ms (expected ~125ms at 8Hz) AWS=4.7kt
[2026-06-06T10:37:03.714] [DEBUG] [calypso-direct] [DATA_IN] AWS=4.7kt AWA=352° Batt=100% Temp=0°C
[2026-06-06T10:37:03.716] [DEBUG] [calypso-direct] [DATA_IN] AWS=4.7kt AWA=352° Batt=100% Temp=0°C
[2026-06-06T10:37:03.909] [DEBUG] [calypso-direct] [DATA_IN] AWS=4.7kt AWA=352° Batt=100% Temp=0°C
[2026-06-06T10:37:04.106] [DEBUG] [calypso-direct] [DATA_IN] AWS=4.9kt AWA=352° Batt=100% Temp=0°C
[2026-06-06T10:37:04.495] [WARNING] [calypso-direct] [TIMING] Large gap: 389ms (expected ~125ms at 8Hz) AWS=4.9kt
[2026-06-06T10:37:04.497] [DEBUG] [calypso-direct] [DATA_IN] AWS=4.9kt AWA=352° Batt=100% Temp=0°C
[2026-06-06T10:37:04.499] [DEBUG] [calypso-direct] [DATA_IN] AWS=5.2kt AWA=333° Batt=100% Temp=0°C
[2026-06-06T10:37:05.080] [WARNING] [calypso-direct] [TIMING] Large gap: 581ms (expected ~125ms at 8Hz) AWS=5.2kt
[2026-06-06T10:37:05.081] [DEBUG] [calypso-direct] [DATA_IN] AWS=5.2kt AWA=332° Batt=100% Temp=0°C
[2026-06-06T10:37:05.083] [DEBUG] [calypso-direct] [DATA_IN] AWS=5.2kt AWA=332° Batt=100% Temp=0°C
[2026-06-06T10:37:05.471] [WARNING] [calypso-direct] [TIMING] Large gap: 388ms (expected ~125ms at 8Hz) AWS=5.2kt
[2026-06-06T10:37:05.471] [DEBUG] [calypso-direct] [DATA_IN] AWS=5.2kt AWA=332° Batt=100% Temp=0°C
[2026-06-06T10:37:05.859] [WARNING] [calypso-direct] [TIMING] Large gap: 389ms (expected ~125ms at 8Hz) AWS=5.2kt
[2026-06-06T10:37:05.860] [DEBUG] [calypso-direct] [DATA_IN] AWS=5.2kt AWA=332° Batt=100% Temp=0°C
[2026-06-06T10:37:05.864] [DEBUG] [calypso-direct] [DATA_IN] AWS=4.5kt AWA=338° Batt=100% Temp=0°C
[2026-06-06T10:37:06.054] [DEBUG] [calypso-direct] [DATA_IN] AWS=4.5kt AWA=339° Batt=100% Temp=0°C
[2026-06-06T10:37:06.834] [WARNING] [calypso-direct] [TIMING] Large gap: 779ms (expected ~125ms at 8Hz) AWS=4.5kt
[2026-06-06T10:37:06.834] [DEBUG] [calypso-direct] [DATA_IN] AWS=4.5kt AWA=339° Batt=100% Temp=0°C
[2026-06-06T10:37:06.837] [DEBUG] [calypso-direct] [DATA_IN] AWS=4.3kt AWA=339° Batt=100% Temp=0°C
[2026-06-06T10:37:06.839] [DEBUG] [calypso-direct] [DATA_IN] AWS=4.3kt AWA=339° Batt=100% Temp=0°C
[2026-06-06T10:37:07.029] [DEBUG] [calypso-direct] [DATA_IN] AWS=4.1kt AWA=351° Batt=100% Temp=0°C
[2026-06-06T10:37:07.419] [WARNING] [calypso-direct] [TIMING] Large gap: 391ms (expected ~125ms at 8Hz) AWS=4.1kt
[2026-06-06T10:37:07.420] [DEBUG] [calypso-direct] [DATA_IN] AWS=4.1kt AWA=351° Batt=100% Temp=0°C
[2026-06-06T10:37:07.809] [WARNING] [calypso-direct] [TIMING] Large gap: 390ms (expected ~125ms at 8Hz) AWS=4.1kt
[2026-06-06T10:37:07.810] [DEBUG] [calypso-direct] [DATA_IN] AWS=4.1kt AWA=351° Batt=100% Temp=0°C
[2026-06-06T10:37:07.811] [DEBUG] [calypso-direct] [DATA_IN] AWS=4.1kt AWA=351° Batt=100% Temp=0°C
[2026-06-06T10:37:08.199] [WARNING] [calypso-direct] [TIMING] Large gap: 387ms (expected ~125ms at 8Hz) AWS=4.1kt
[2026-06-06T10:37:08.199] [DEBUG] [calypso-direct] [DATA_IN] AWS=4.1kt AWA=351° Batt=100% Temp=0°C
[2026-06-06T10:37:08.394] [DEBUG] [calypso-direct] [DATA_IN] AWS=4.3kt AWA=330° Batt=100% Temp=0°C
[2026-06-06T10:37:08.784] [WARNING] [calypso-direct] [TIMING] Large gap: 390ms (expected ~125ms at 8Hz) AWS=4.1kt
[2026-06-06T10:37:08.784] [DEBUG] [calypso-direct] [DATA_IN] AWS=4.1kt AWA=329° Batt=100% Temp=0°C
[2026-06-06T10:37:08.786] [DEBUG] [calypso-direct] [DATA_IN] AWS=4.5kt AWA=329° Batt=100% Temp=0°C
[2026-06-06T10:37:09.369] [WARNING] [calypso-direct] [TIMING] Large gap: 583ms (expected ~125ms at 8Hz) AWS=4.7kt
[2026-06-06T10:37:09.369] [DEBUG] [calypso-direct] [DATA_IN] AWS=4.7kt AWA=328° Batt=100% Temp=0°C
[2026-06-06T10:37:09.371] [DEBUG] [calypso-direct] [DATA_IN] AWS=4.5kt AWA=329° Batt=100% Temp=0°C
[2026-06-06T10:37:09.759] [WARNING] [calypso-direct] [TIMING] Large gap: 388ms (expected ~125ms at 8Hz) AWS=4.1kt
[2026-06-06T10:37:09.759] [DEBUG] [calypso-direct] [DATA_IN] AWS=4.1kt AWA=337° Batt=100% Temp=0°C
[2026-06-06T10:37:10.344] [WARNING] [calypso-direct] [TIMING] Large gap: 585ms (expected ~125ms at 8Hz) AWS=3.9kt
[2026-06-06T10:37:10.344] [DEBUG] [calypso-direct] [DATA_IN] AWS=3.9kt AWA=338° Batt=100% Temp=0°C
[2026-06-06T10:37:10.733] [WARNING] [calypso-direct] [TIMING] Large gap: 390ms (expected ~125ms at 8Hz) AWS=3.9kt
[2026-06-06T10:37:10.735] [DEBUG] [calypso-direct] [DATA_IN] AWS=3.9kt AWA=338° Batt=100% Temp=0°C
[2026-06-06T10:37:10.737] [DEBUG] [calypso-direct] [DATA_IN] AWS=3.9kt AWA=338° Batt=100% Temp=0°C
[2026-06-06T10:37:10.739] [DEBUG] [calypso-direct] [DATA_IN] AWS=3.9kt AWA=339° Batt=100% Temp=0°C
[2026-06-06T10:37:11.320] [WARNING] [calypso-direct] [TIMING] Large gap: 581ms (expected ~125ms at 8Hz) AWS=4.3kt
[2026-06-06T10:37:11.321] [DEBUG] [calypso-direct] [DATA_IN] AWS=4.3kt AWA=341° Batt=100% Temp=0°C
[2026-06-06T10:37:11.322] [DEBUG] [calypso-direct] [DATA_IN] AWS=4.3kt AWA=341° Batt=100% Temp=0°C
[2026-06-06T10:37:11.325] [DEBUG] [calypso-direct] [DATA_IN] AWS=4.3kt AWA=341° Batt=100% Temp=0°C
[2026-06-06T10:37:11.711] [WARNING] [calypso-direct] [TIMING] Large gap: 386ms (expected ~125ms at 8Hz) AWS=4.1kt
[2026-06-06T10:37:11.711] [DEBUG] [calypso-direct] [DATA_IN] AWS=4.1kt AWA=341° Batt=100% Temp=0°C
[2026-06-06T10:37:12.295] [WARNING] [calypso-direct] [TIMING] Large gap: 584ms (expected ~125ms at 8Hz) AWS=3.9kt
[2026-06-06T10:37:12.295] [DEBUG] [calypso-direct] [DATA_IN] AWS=3.9kt AWA=341° Batt=100% Temp=0°C
[2026-06-06T10:37:12.684] [WARNING] [calypso-direct] [TIMING] Large gap: 389ms (expected ~125ms at 8Hz) AWS=3.9kt
[2026-06-06T10:37:12.684] [DEBUG] [calypso-direct] [DATA_IN] AWS=3.9kt AWA=339° Batt=100% Temp=0°C
[2026-06-06T10:37:12.686] [DEBUG] [calypso-direct] [DATA_IN] AWS=3.9kt AWA=338° Batt=100% Temp=0°C
[2026-06-06T10:37:12.687] [DEBUG] [calypso-direct] [DATA_IN] AWS=3.9kt AWA=338° Batt=100% Temp=0°C
[2026-06-06T10:37:13.074] [WARNING] [calypso-direct] [TIMING] Large gap: 387ms (expected ~125ms at 8Hz) AWS=4.1kt
[2026-06-06T10:37:13.074] [DEBUG] [calypso-direct] [DATA_IN] AWS=4.1kt AWA=338° Batt=100% Temp=0°C
[2026-06-06T10:37:13.076] [DEBUG] [calypso-direct] [DATA_IN] AWS=4.3kt AWA=338° Batt=100% Temp=0°C
[2026-06-06T10:37:13.268] [DEBUG] [calypso-direct] [DATA_IN] AWS=4.3kt AWA=341° Batt=100% Temp=0°C
[2026-06-06T10:37:13.658] [WARNING] [calypso-direct] [TIMING] Large gap: 390ms (expected ~125ms at 8Hz) AWS=4.1kt
[2026-06-06T10:37:13.659] [DEBUG] [calypso-direct] [DATA_IN] AWS=4.1kt AWA=341° Batt=100% Temp=0°C
[2026-06-06T10:37:14.050] [WARNING] [calypso-direct] [TIMING] Large gap: 391ms (expected ~125ms at 8Hz) AWS=3.9kt
[2026-06-06T10:37:14.050] [DEBUG] [calypso-direct] [DATA_IN] AWS=3.9kt AWA=342° Batt=100% Temp=0°C
[2026-06-06T10:37:14.244] [DEBUG] [calypso-direct] [DATA_IN] AWS=3.9kt AWA=342° Batt=100% Temp=0°C
[2026-06-06T10:37:14.633] [WARNING] [calypso-direct] [TIMING] Large gap: 390ms (expected ~125ms at 8Hz) AWS=3.9kt
[2026-06-06T10:37:14.634] [DEBUG] [calypso-direct] [DATA_IN] AWS=3.9kt AWA=342° Batt=100% Temp=0°C
[2026-06-06T10:37:14.636] [DEBUG] [calypso-direct] [DATA_IN] AWS=3.9kt AWA=336° Batt=100% Temp=0°C
[2026-06-06T10:37:15.023] [WARNING] [calypso-direct] [TIMING] Large gap: 388ms (expected ~125ms at 8Hz) AWS=4.7kt
[2026-06-06T10:37:15.025] [DEBUG] [calypso-direct] [DATA_IN] AWS=4.7kt AWA=336° Batt=100% Temp=0°C
[2026-06-06T10:37:15.026] [DEBUG] [calypso-direct] [DATA_IN] AWS=4.9kt AWA=335° Batt=100% Temp=0°C
[2026-06-06T10:37:15.414] [WARNING] [calypso-direct] [TIMING] Large gap: 388ms (expected ~125ms at 8Hz) AWS=4.9kt
[2026-06-06T10:37:15.414] [DEBUG] [calypso-direct] [DATA_IN] AWS=4.9kt AWA=335° Batt=100% Temp=0°C
[2026-06-06T10:37:15.608] [DEBUG] [calypso-direct] [DATA_IN] AWS=4.9kt AWA=335° Batt=100% Temp=0°C
[2026-06-06T10:37:15.804] [DEBUG] [calypso-direct] [DATA_IN] AWS=4.9kt AWA=349° Batt=100% Temp=0°C
[2026-06-06T10:37:15.999] [DEBUG] [calypso-direct] [DATA_IN] AWS=4.3kt AWA=349° Batt=100% Temp=0°C
[2026-06-06T10:37:16.389] [WARNING] [calypso-direct] [TIMING] Large gap: 391ms (expected ~125ms at 8Hz) AWS=4.3kt
[2026-06-06T10:37:16.390] [DEBUG] [calypso-direct] [DATA_IN] AWS=4.3kt AWA=350° Batt=100% Temp=0°C
[2026-06-06T10:37:16.583] [DEBUG] [calypso-direct] [DATA_IN] AWS=4.3kt AWA=350° Batt=100% Temp=0°C
[2026-06-06T10:37:16.974] [WARNING] [calypso-direct] [TIMING] Large gap: 390ms (expected ~125ms at 8Hz) AWS=4.3kt
[2026-06-06T10:37:16.974] [DEBUG] [calypso-direct] [DATA_IN] AWS=4.3kt AWA=350° Batt=100% Temp=0°C
[2026-06-06T10:37:17.169] [DEBUG] [calypso-direct] [DATA_IN] AWS=4.7kt AWA=356° Batt=100% Temp=0°C
[2026-06-06T10:37:17.363] [DEBUG] [calypso-direct] [DATA_IN] AWS=4.7kt AWA=356° Batt=100% Temp=0°C
[2026-06-06T10:37:17.560] [DEBUG] [calypso-direct] [DATA_IN] AWS=4.9kt AWA=356° Batt=100% Temp=0°C
[2026-06-06T10:37:17.755] [DEBUG] [calypso-direct] [DATA_IN] AWS=4.9kt AWA=2° Batt=100% Temp=0°C
[2026-06-06T10:37:18.533] [WARNING] [calypso-direct] [TIMING] Large gap: 779ms (expected ~125ms at 8Hz) AWS=4.9kt
[2026-06-06T10:37:18.534] [DEBUG] [calypso-direct] [DATA_IN] AWS=4.9kt AWA=2° Batt=100% Temp=0°C
[2026-06-06T10:37:18.535] [DEBUG] [calypso-direct] [DATA_IN] AWS=4.5kt AWA=3° Batt=100% Temp=0°C
[2026-06-06T10:37:18.537] [DEBUG] [calypso-direct] [DATA_IN] AWS=4.9kt AWA=3° Batt=100% Temp=0°C
[2026-06-06T10:37:19.314] [WARNING] [calypso-direct] [TIMING] Large gap: 777ms (expected ~125ms at 8Hz) AWS=4.9kt
[2026-06-06T10:37:19.315] [DEBUG] [calypso-direct] [DATA_IN] AWS=4.9kt AWA=1° Batt=100% Temp=0°C
[2026-06-06T10:37:19.315] [DEBUG] [calypso-direct] [DATA_IN] AWS=5.2kt AWA=0° Batt=100% Temp=0°C
[2026-06-06T10:37:19.899] [WARNING] [calypso-direct] [TIMING] Large gap: 583ms (expected ~125ms at 8Hz) AWS=5.2kt
[2026-06-06T10:37:19.899] [DEBUG] [calypso-direct] [DATA_IN] AWS=5.2kt AWA=3° Batt=100% Temp=0°C
[2026-06-06T10:37:20.288] [WARNING] [calypso-direct] [TIMING] Large gap: 390ms (expected ~125ms at 8Hz) AWS=5.2kt
[2026-06-06T10:37:20.289] [DEBUG] [calypso-direct] [DATA_IN] AWS=5.2kt AWA=356° Batt=100% Temp=0°C
[2026-06-06T10:37:20.290] [DEBUG] [calypso-direct] [DATA_IN] AWS=5.2kt AWA=356° Batt=100% Temp=0°C
[2026-06-06T10:37:20.292] [DEBUG] [calypso-direct] [DATA_IN] AWS=4.9kt AWA=356° Batt=100% Temp=0°C
[2026-06-06T10:37:20.294] [DEBUG] [calypso-direct] [DATA_IN] AWS=4.9kt AWA=10° Batt=100% Temp=0°C
[2026-06-06T10:37:20.874] [WARNING] [calypso-direct] [TIMING] Large gap: 580ms (expected ~125ms at 8Hz) AWS=4.7kt
[2026-06-06T10:37:20.875] [DEBUG] [calypso-direct] [DATA_IN] AWS=4.7kt AWA=10° Batt=100% Temp=0°C
[2026-06-06T10:37:20.876] [DEBUG] [calypso-direct] [DATA_IN] AWS=4.9kt AWA=10° Batt=100% Temp=0°C
[2026-06-06T10:37:21.263] [WARNING] [calypso-direct] [TIMING] Large gap: 387ms (expected ~125ms at 8Hz) AWS=4.9kt
[2026-06-06T10:37:21.264] [DEBUG] [calypso-direct] [DATA_IN] AWS=4.9kt AWA=7° Batt=100% Temp=0°C
[2026-06-06T10:37:21.266] [DEBUG] [calypso-direct] [DATA_IN] AWS=4.7kt AWA=4° Batt=100% Temp=0°C
[2026-06-06T10:37:21.848] [WARNING] [calypso-direct] [TIMING] Large gap: 583ms (expected ~125ms at 8Hz) AWS=4.7kt
[2026-06-06T10:37:21.850] [DEBUG] [calypso-direct] [DATA_IN] AWS=4.7kt AWA=3° Batt=100% Temp=0°C
[2026-06-06T10:37:21.852] [DEBUG] [calypso-direct] [DATA_IN] AWS=5.1kt AWA=3° Batt=100% Temp=0°C
[2026-06-06T10:37:22.239] [WARNING] [calypso-direct] [TIMING] Large gap: 387ms (expected ~125ms at 8Hz) AWS=4.7kt
[2026-06-06T10:37:22.241] [DEBUG] [calypso-direct] [DATA_IN] AWS=4.7kt AWA=3° Batt=100% Temp=0°C
[2026-06-06T10:37:22.628] [WARNING] [calypso-direct] [TIMING] Large gap: 390ms (expected ~125ms at 8Hz) AWS=4.7kt
[2026-06-06T10:37:22.629] [DEBUG] [calypso-direct] [DATA_IN] AWS=4.7kt AWA=3° Batt=100% Temp=0°C
[2026-06-06T10:37:22.631] [DEBUG] [calypso-direct] [DATA_IN] AWS=4.7kt AWA=7° Batt=100% Temp=0°C
[2026-06-06T10:37:22.823] [DEBUG] [calypso-direct] [DATA_IN] AWS=4.3kt AWA=7° Batt=100% Temp=0°C
[2026-06-06T10:37:23.214] [WARNING] [calypso-direct] [TIMING] Large gap: 391ms (expected ~125ms at 8Hz) AWS=4.1kt
[2026-06-06T10:37:23.214] [DEBUG] [calypso-direct] [DATA_IN] AWS=4.1kt AWA=12° Batt=100% Temp=0°C
[2026-06-06T10:37:23.606] [WARNING] [calypso-direct] [TIMING] Large gap: 393ms (expected ~125ms at 8Hz) AWS=4.1kt
[2026-06-06T10:37:23.608] [DEBUG] [calypso-direct] [DATA_IN] AWS=4.1kt AWA=12° Batt=100% Temp=0°C
[2026-06-06T10:37:24.189] [WARNING] [calypso-direct] [TIMING] Large gap: 583ms (expected ~125ms at 8Hz) AWS=4.3kt
[2026-06-06T10:37:24.192] [DEBUG] [calypso-direct] [DATA_IN] AWS=4.3kt AWA=8° Batt=100% Temp=0°C
[2026-06-06T10:37:24.193] [DEBUG] [calypso-direct] [DATA_IN] AWS=4.3kt AWA=7° Batt=100% Temp=0°C
[2026-06-06T10:37:24.195] [DEBUG] [calypso-direct] [DATA_IN] AWS=4.3kt AWA=8° Batt=100% Temp=0°C
[2026-06-06T10:37:24.579] [WARNING] [calypso-direct] [TIMING] Large gap: 385ms (expected ~125ms at 8Hz) AWS=4.3kt
[2026-06-06T10:37:24.580] [DEBUG] [calypso-direct] [DATA_IN] AWS=4.3kt AWA=5° Batt=100% Temp=0°C
[2026-06-06T10:37:24.583] [DEBUG] [calypso-direct] [DATA_IN] AWS=4.3kt AWA=5° Batt=100% Temp=0°C
[2026-06-06T10:37:24.774] [DEBUG] [calypso-direct] [DATA_IN] AWS=4.3kt AWA=5° Batt=100% Temp=0°C
[2026-06-06T10:37:25.164] [WARNING] [calypso-direct] [TIMING] Large gap: 390ms (expected ~125ms at 8Hz) AWS=3.9kt
[2026-06-06T10:37:25.164] [DEBUG] [calypso-direct] [DATA_IN] AWS=3.9kt AWA=5° Batt=100% Temp=0°C
[2026-06-06T10:37:25.554] [WARNING] [calypso-direct] [TIMING] Large gap: 390ms (expected ~125ms at 8Hz) AWS=3.9kt
[2026-06-06T10:37:25.555] [DEBUG] [calypso-direct] [DATA_IN] AWS=3.9kt AWA=5° Batt=100% Temp=0°C
[2026-06-06T10:37:25.555] [DEBUG] [calypso-direct] [DATA_IN] AWS=3.9kt AWA=5° Batt=100% Temp=0°C
[2026-06-06T10:37:25.749] [DEBUG] [calypso-direct] [DATA_IN] AWS=4.1kt AWA=5° Batt=100% Temp=0°C
[2026-06-06T10:37:26.139] [WARNING] [calypso-direct] [TIMING] Large gap: 390ms (expected ~125ms at 8Hz) AWS=4.5kt
[2026-06-06T10:37:26.139] [DEBUG] [calypso-direct] [DATA_IN] AWS=4.5kt AWA=5° Batt=100% Temp=0°C
[2026-06-06T10:37:26.919] [WARNING] [calypso-direct] [TIMING] Large gap: 780ms (expected ~125ms at 8Hz) AWS=4.7kt
[2026-06-06T10:37:26.920] [DEBUG] [calypso-direct] [DATA_IN] AWS=4.7kt AWA=7° Batt=100% Temp=0°C
[2026-06-06T10:37:26.921] [DEBUG] [calypso-direct] [DATA_IN] AWS=4.7kt AWA=10° Batt=100% Temp=0°C
[2026-06-06T10:37:27.114] [DEBUG] [calypso-direct] [DATA_IN] AWS=4.7kt AWA=13° Batt=100% Temp=0°C
[2026-06-06T10:37:27.118] [DEBUG] [calypso-direct] [DATA_IN] AWS=4.7kt AWA=13° Batt=100% Temp=0°C
[2026-06-06T10:37:27.505] [WARNING] [calypso-direct] [TIMING] Large gap: 387ms (expected ~125ms at 8Hz) AWS=4.1kt
[2026-06-06T10:37:27.506] [DEBUG] [calypso-direct] [DATA_IN] AWS=4.1kt AWA=13° Batt=100% Temp=0°C
[2026-06-06T10:37:27.507] [DEBUG] [calypso-direct] [DATA_IN] AWS=4.1kt AWA=11° Batt=100% Temp=0°C
[2026-06-06T10:37:28.089] [WARNING] [calypso-direct] [TIMING] Large gap: 582ms (expected ~125ms at 8Hz) AWS=4.1kt
[2026-06-06T10:37:28.090] [DEBUG] [calypso-direct] [DATA_IN] AWS=4.1kt AWA=8° Batt=100% Temp=0°C
[2026-06-06T10:37:28.091] [DEBUG] [calypso-direct] [DATA_IN] AWS=4.1kt AWA=8° Batt=100% Temp=0°C
[2026-06-06T10:37:28.868] [WARNING] [calypso-direct] [TIMING] Large gap: 777ms (expected ~125ms at 8Hz) AWS=4.1kt
[2026-06-06T10:37:28.869] [DEBUG] [calypso-direct] [DATA_IN] AWS=4.1kt AWA=8° Batt=100% Temp=0°C
[2026-06-06T10:37:28.873] [DEBUG] [calypso-direct] [DATA_IN] AWS=4.1kt AWA=8° Batt=100% Temp=0°C
[2026-06-06T10:37:28.874] [DEBUG] [calypso-direct] [DATA_IN] AWS=4.1kt AWA=8° Batt=100% Temp=0°C
[2026-06-06T10:37:29.064] [DEBUG] [calypso-direct] [DATA_IN] AWS=3.9kt AWA=11° Batt=100% Temp=0°C
[2026-06-06T10:37:29.454] [WARNING] [calypso-direct] [TIMING] Large gap: 389ms (expected ~125ms at 8Hz) AWS=3.9kt
[2026-06-06T10:37:29.454] [DEBUG] [calypso-direct] [DATA_IN] AWS=3.9kt AWA=11° Batt=100% Temp=0°C
[2026-06-06T10:37:29.845] [WARNING] [calypso-direct] [TIMING] Large gap: 391ms (expected ~125ms at 8Hz) AWS=3.9kt
[2026-06-06T10:37:29.846] [DEBUG] [calypso-direct] [DATA_IN] AWS=3.9kt AWA=11° Batt=100% Temp=0°C
[2026-06-06T10:37:29.848] [DEBUG] [calypso-direct] [DATA_IN] AWS=3.9kt AWA=10° Batt=100% Temp=0°C
[2026-06-06T10:37:30.038] [DEBUG] [calypso-direct] [DATA_IN] AWS=4.1kt AWA=10° Batt=100% Temp=0°C
[2026-06-06T10:37:30.623] [WARNING] [calypso-direct] [TIMING] Large gap: 585ms (expected ~125ms at 8Hz) AWS=4.7kt
[2026-06-06T10:37:30.624] [DEBUG] [calypso-direct] [DATA_IN] AWS=4.7kt AWA=7° Batt=100% Temp=0°C
[2026-06-06T10:37:30.625] [DEBUG] [calypso-direct] [DATA_IN] AWS=4.7kt AWA=5° Batt=100% Temp=0°C
[2026-06-06T10:37:30.818] [DEBUG] [calypso-direct] [DATA_IN] AWS=4.7kt AWA=4° Batt=100% Temp=0°C
[2026-06-06T10:37:31.013] [DEBUG] [calypso-direct] [DATA_IN] AWS=4.7kt AWA=0° Batt=100% Temp=0°C
[2026-06-06T10:37:31.403] [WARNING] [calypso-direct] [TIMING] Large gap: 390ms (expected ~125ms at 8Hz) AWS=4.5kt
[2026-06-06T10:37:31.404] [DEBUG] [calypso-direct] [DATA_IN] AWS=4.5kt AWA=355° Batt=100% Temp=0°C
[2026-06-06T10:37:31.793] [WARNING] [calypso-direct] [TIMING] Large gap: 390ms (expected ~125ms at 8Hz) AWS=4.5kt
[2026-06-06T10:37:31.794] [DEBUG] [calypso-direct] [DATA_IN] AWS=4.5kt AWA=355° Batt=100% Temp=0°C
[2026-06-06T10:37:31.794] [DEBUG] [calypso-direct] [DATA_IN] AWS=4.3kt AWA=355° Batt=100% Temp=0°C
[2026-06-06T10:37:31.988] [DEBUG] [calypso-direct] [DATA_IN] AWS=4.5kt AWA=354° Batt=100% Temp=0°C
[2026-06-06T10:37:32.378] [WARNING] [calypso-direct] [TIMING] Large gap: 390ms (expected ~125ms at 8Hz) AWS=4.5kt
[2026-06-06T10:37:32.379] [DEBUG] [calypso-direct] [DATA_IN] AWS=4.5kt AWA=1° Batt=100% Temp=0°C
[2026-06-06T10:37:32.768] [WARNING] [calypso-direct] [TIMING] Large gap: 390ms (expected ~125ms at 8Hz) AWS=4.3kt
[2026-06-06T10:37:32.769] [DEBUG] [calypso-direct] [DATA_IN] AWS=4.3kt AWA=5° Batt=100% Temp=0°C
[2026-06-06T10:37:32.770] [DEBUG] [calypso-direct] [DATA_IN] AWS=4.3kt AWA=5° Batt=100% Temp=0°C
[2026-06-06T10:37:33.158] [WARNING] [calypso-direct] [TIMING] Large gap: 389ms (expected ~125ms at 8Hz) AWS=4.3kt
[2026-06-06T10:37:33.159] [DEBUG] [calypso-direct] [DATA_IN] AWS=4.3kt AWA=3° Batt=100% Temp=0°C
[2026-06-06T10:37:33.354] [DEBUG] [calypso-direct] [DATA_IN] AWS=4.3kt AWA=3° Batt=100% Temp=0°C
[2026-06-06T10:37:34.330] [WARNING] [calypso-direct] [TIMING] Large gap: 976ms (expected ~125ms at 8Hz) AWS=4.3kt
[2026-06-06T10:37:34.331] [DEBUG] [calypso-direct] [DATA_IN] AWS=4.3kt AWA=0° Batt=100% Temp=0°C
[2026-06-06T10:37:34.332] [DEBUG] [calypso-direct] [DATA_IN] AWS=4.3kt AWA=0° Batt=100% Temp=0°C
[2026-06-06T10:37:34.334] [DEBUG] [calypso-direct] [DATA_IN] AWS=4.3kt AWA=0° Batt=100% Temp=0°C
[2026-06-06T10:37:34.335] [DEBUG] [calypso-direct] [DATA_IN] AWS=4.3kt AWA=7° Batt=100% Temp=0°C
[2026-06-06T10:37:35.304] [WARNING] [calypso-direct] [TIMING] Large gap: 969ms (expected ~125ms at 8Hz) AWS=4.5kt
[2026-06-06T10:37:35.304] [DEBUG] [calypso-direct] [DATA_IN] AWS=4.5kt AWA=8° Batt=100% Temp=0°C
[2026-06-06T10:37:35.306] [DEBUG] [calypso-direct] [DATA_IN] AWS=4.5kt AWA=8° Batt=100% Temp=0°C
[2026-06-06T10:37:35.309] [DEBUG] [calypso-direct] [DATA_IN] AWS=4.5kt AWA=8° Batt=100% Temp=0°C
[2026-06-06T10:37:35.311] [DEBUG] [calypso-direct] [DATA_IN] AWS=4.7kt AWA=4° Batt=100% Temp=0°C
[2026-06-06T10:37:35.695] [WARNING] [calypso-direct] [TIMING] Large gap: 384ms (expected ~125ms at 8Hz) AWS=4.7kt
[2026-06-06T10:37:35.697] [DEBUG] [calypso-direct] [DATA_IN] AWS=4.7kt AWA=0° Batt=100% Temp=0°C
[2026-06-06T10:37:36.278] [WARNING] [calypso-direct] [TIMING] Large gap: 583ms (expected ~125ms at 8Hz) AWS=4.7kt
[2026-06-06T10:37:36.279] [DEBUG] [calypso-direct] [DATA_IN] AWS=4.7kt AWA=0° Batt=100% Temp=0°C
[2026-06-06T10:37:36.280] [DEBUG] [calypso-direct] [DATA_IN] AWS=4.7kt AWA=2° Batt=100% Temp=0°C
[2026-06-06T10:37:36.280] [DEBUG] [calypso-direct] [DATA_IN] AWS=4.9kt AWA=2° Batt=100% Temp=0°C
[2026-06-06T10:37:36.668] [WARNING] [calypso-direct] [TIMING] Large gap: 388ms (expected ~125ms at 8Hz) AWS=4.7kt
[2026-06-06T10:37:36.669] [DEBUG] [calypso-direct] [DATA_IN] AWS=4.7kt AWA=4° Batt=100% Temp=0°C
[2026-06-06T10:37:37.058] [WARNING] [calypso-direct] [TIMING] Large gap: 390ms (expected ~125ms at 8Hz) AWS=5.1kt
[2026-06-06T10:37:37.059] [DEBUG] [calypso-direct] [DATA_IN] AWS=5.1kt AWA=10° Batt=100% Temp=0°C
[2026-06-06T10:37:37.059] [DEBUG] [calypso-direct] [DATA_IN] AWS=5.1kt AWA=14° Batt=100% Temp=0°C
[2026-06-06T10:37:37.253] [DEBUG] [calypso-direct] [DATA_IN] AWS=5.1kt AWA=14° Batt=100% Temp=0°C
[2026-06-06T10:37:37.643] [WARNING] [calypso-direct] [TIMING] Large gap: 390ms (expected ~125ms at 8Hz) AWS=5.1kt
[2026-06-06T10:37:37.643] [DEBUG] [calypso-direct] [DATA_IN] AWS=5.1kt AWA=14° Batt=100% Temp=0°C
[2026-06-06T10:37:38.228] [WARNING] [calypso-direct] [TIMING] Large gap: 585ms (expected ~125ms at 8Hz) AWS=5.1kt
[2026-06-06T10:37:38.229] [DEBUG] [calypso-direct] [DATA_IN] AWS=5.1kt AWA=13° Batt=100% Temp=0°C
[2026-06-06T10:37:38.232] [DEBUG] [calypso-direct] [DATA_IN] AWS=5.1kt AWA=13° Batt=100% Temp=0°C
[2026-06-06T10:37:39.008] [WARNING] [calypso-direct] [TIMING] Large gap: 776ms (expected ~125ms at 8Hz) AWS=5.4kt
[2026-06-06T10:37:39.008] [DEBUG] [calypso-direct] [DATA_IN] AWS=5.4kt AWA=13° Batt=100% Temp=0°C
[2026-06-06T10:37:39.010] [DEBUG] [calypso-direct] [DATA_IN] AWS=5.4kt AWA=13° Batt=100% Temp=0°C
[2026-06-06T10:37:39.012] [DEBUG] [calypso-direct] [DATA_IN] AWS=5.4kt AWA=14° Batt=100% Temp=0°C
[2026-06-06T10:37:39.015] [DEBUG] [calypso-direct] [DATA_IN] AWS=5.4kt AWA=14° Batt=100% Temp=0°C
[2026-06-06T10:37:39.594] [WARNING] [calypso-direct] [TIMING] Large gap: 579ms (expected ~125ms at 8Hz) AWS=5.2kt
[2026-06-06T10:37:39.594] [DEBUG] [calypso-direct] [DATA_IN] AWS=5.2kt AWA=14° Batt=100% Temp=0°C
[2026-06-06T10:37:39.597] [DEBUG] [calypso-direct] [DATA_IN] AWS=4.5kt AWA=11° Batt=100% Temp=0°C
[2026-06-06T10:37:39.983] [WARNING] [calypso-direct] [TIMING] Large gap: 386ms (expected ~125ms at 8Hz) AWS=4.5kt
[2026-06-06T10:37:39.985] [DEBUG] [calypso-direct] [DATA_IN] AWS=4.5kt AWA=7° Batt=100% Temp=0°C
[2026-06-06T10:37:40.179] [DEBUG] [calypso-direct] [DATA_IN] AWS=4.5kt AWA=6° Batt=100% Temp=0°C
[2026-06-06T10:37:40.569] [WARNING] [calypso-direct] [TIMING] Large gap: 390ms (expected ~125ms at 8Hz) AWS=4.5kt
[2026-06-06T10:37:40.569] [DEBUG] [calypso-direct] [DATA_IN] AWS=4.5kt AWA=6° Batt=100% Temp=0°C
[2026-06-06T10:37:40.571] [DEBUG] [calypso-direct] [DATA_IN] AWS=4.5kt AWA=6° Batt=100% Temp=0°C
[2026-06-06T10:37:40.958] [WARNING] [calypso-direct] [TIMING] Large gap: 387ms (expected ~125ms at 8Hz) AWS=4.7kt
[2026-06-06T10:37:40.959] [DEBUG] [calypso-direct] [DATA_IN] AWS=4.7kt AWA=12° Batt=100% Temp=0°C
[2026-06-06T10:37:41.545] [WARNING] [calypso-direct] [TIMING] Large gap: 586ms (expected ~125ms at 8Hz) AWS=4.7kt
[2026-06-06T10:37:41.548] [DEBUG] [calypso-direct] [DATA_IN] AWS=4.7kt AWA=12° Batt=100% Temp=0°C
[2026-06-06T10:37:41.550] [DEBUG] [calypso-direct] [DATA_IN] AWS=4.7kt AWA=13° Batt=100% Temp=0°C
[2026-06-06T10:37:41.551] [DEBUG] [calypso-direct] [DATA_IN] AWS=4.7kt AWA=13° Batt=100% Temp=0°C
[2026-06-06T10:37:42.325] [WARNING] [calypso-direct] [TIMING] Large gap: 774ms (expected ~125ms at 8Hz) AWS=4.9kt
[2026-06-06T10:37:42.326] [DEBUG] [calypso-direct] [DATA_IN] AWS=4.9kt AWA=13° Batt=100% Temp=0°C
[2026-06-06T10:37:42.519] [DEBUG] [calypso-direct] [DATA_IN] AWS=4.9kt AWA=13° Batt=100% Temp=0°C
[2026-06-06T10:37:42.522] [DEBUG] [calypso-direct] [DATA_IN] AWS=4.9kt AWA=17° Batt=100% Temp=0°C
[2026-06-06T10:37:42.524] [DEBUG] [calypso-direct] [DATA_IN] AWS=4.7kt AWA=17° Batt=100% Temp=0°C
[2026-06-06T10:37:42.911] [WARNING] [calypso-direct] [TIMING] Large gap: 385ms (expected ~125ms at 8Hz) AWS=4.7kt
[2026-06-06T10:37:42.912] [DEBUG] [calypso-direct] [DATA_IN] AWS=4.7kt AWA=16° Batt=100% Temp=0°C
[2026-06-06T10:37:43.300] [WARNING] [calypso-direct] [TIMING] Large gap: 391ms (expected ~125ms at 8Hz) AWS=4.7kt
[2026-06-06T10:37:43.301] [DEBUG] [calypso-direct] [DATA_IN] AWS=4.7kt AWA=16° Batt=100% Temp=0°C
[2026-06-06T10:37:43.302] [DEBUG] [calypso-direct] [DATA_IN] AWS=4.7kt AWA=12° Batt=100% Temp=0°C
[2026-06-06T10:37:43.494] [DEBUG] [calypso-direct] [DATA_IN] AWS=4.7kt AWA=10° Batt=100% Temp=0°C
[2026-06-06T10:37:43.885] [WARNING] [calypso-direct] [TIMING] Large gap: 391ms (expected ~125ms at 8Hz) AWS=4.7kt
[2026-06-06T10:37:43.886] [DEBUG] [calypso-direct] [DATA_IN] AWS=4.7kt AWA=7° Batt=100% Temp=0°C
[2026-06-06T10:37:44.470] [WARNING] [calypso-direct] [TIMING] Large gap: 585ms (expected ~125ms at 8Hz) AWS=4.7kt
[2026-06-06T10:37:44.470] [DEBUG] [calypso-direct] [DATA_IN] AWS=4.7kt AWA=5° Batt=100% Temp=0°C
[2026-06-06T10:37:44.472] [DEBUG] [calypso-direct] [DATA_IN] AWS=4.7kt AWA=3° Batt=100% Temp=0°C
[2026-06-06T10:37:45.248] [WARNING] [calypso-direct] [TIMING] Large gap: 777ms (expected ~125ms at 8Hz) AWS=4.7kt
[2026-06-06T10:37:45.248] [DEBUG] [calypso-direct] [DATA_IN] AWS=4.7kt AWA=3° Batt=100% Temp=0°C
[2026-06-06T10:37:45.251] [DEBUG] [calypso-direct] [DATA_IN] AWS=4.7kt AWA=5° Batt=100% Temp=0°C
[2026-06-06T10:37:45.253] [DEBUG] [calypso-direct] [DATA_IN] AWS=4.7kt AWA=5° Batt=100% Temp=0°C
[2026-06-06T10:37:45.254] [DEBUG] [calypso-direct] [DATA_IN] AWS=4.7kt AWA=12° Batt=100% Temp=0°C
[2026-06-06T10:37:45.833] [WARNING] [calypso-direct] [TIMING] Large gap: 579ms (expected ~125ms at 8Hz) AWS=4.7kt
[2026-06-06T10:37:45.834] [DEBUG] [calypso-direct] [DATA_IN] AWS=4.7kt AWA=12° Batt=100% Temp=0°C
[2026-06-06T10:37:46.223] [WARNING] [calypso-direct] [TIMING] Large gap: 390ms (expected ~125ms at 8Hz) AWS=4.7kt
[2026-06-06T10:37:46.223] [DEBUG] [calypso-direct] [DATA_IN] AWS=4.7kt AWA=12° Batt=100% Temp=0°C
[2026-06-06T10:37:46.224] [DEBUG] [calypso-direct] [DATA_IN] AWS=4.5kt AWA=9° Batt=100% Temp=0°C
[2026-06-06T10:37:46.614] [WARNING] [calypso-direct] [TIMING] Large gap: 389ms (expected ~125ms at 8Hz) AWS=4.5kt
[2026-06-06T10:37:46.614] [DEBUG] [calypso-direct] [DATA_IN] AWS=4.5kt AWA=0° Batt=100% Temp=0°C
[2026-06-06T10:37:46.615] [DEBUG] [calypso-direct] [DATA_IN] AWS=4.5kt AWA=0° Batt=100% Temp=0°C
[2026-06-06T10:37:47.199] [WARNING] [calypso-direct] [TIMING] Large gap: 584ms (expected ~125ms at 8Hz) AWS=4.3kt
[2026-06-06T10:37:47.199] [DEBUG] [calypso-direct] [DATA_IN] AWS=4.3kt AWA=0° Batt=100% Temp=0°C
[2026-06-06T10:37:47.200] [DEBUG] [calypso-direct] [DATA_IN] AWS=4.3kt AWA=5° Batt=100% Temp=0°C
[2026-06-06T10:37:47.588] [WARNING] [calypso-direct] [TIMING] Large gap: 388ms (expected ~125ms at 8Hz) AWS=4.3kt
[2026-06-06T10:37:47.589] [DEBUG] [calypso-direct] [DATA_IN] AWS=4.3kt AWA=7° Batt=100% Temp=0°C
[2026-06-06T10:37:48.173] [WARNING] [calypso-direct] [TIMING] Large gap: 585ms (expected ~125ms at 8Hz) AWS=4.3kt
[2026-06-06T10:37:48.173] [INFO] [calypso-direct] [RATE_1MIN] 240 pkts/min (expected 480 at 8Hz) max_gap=1365ms gaps_>250ms=102
[2026-06-06T10:37:48.174] [DEBUG] [calypso-direct] [DATA_IN] AWS=4.3kt AWA=8° Batt=100% Temp=0°C
[2026-06-06T10:37:48.176] [DEBUG] [calypso-direct] [DATA_IN] AWS=4.3kt AWA=8° Batt=100% Temp=0°C
[2026-06-06T10:37:48.178] [DEBUG] [calypso-direct] [DATA_IN] AWS=4.5kt AWA=8° Batt=100% Temp=0°C
[2026-06-06T10:37:49.148] [WARNING] [calypso-direct] [TIMING] Large gap: 971ms (expected ~125ms at 8Hz) AWS=4.5kt
[2026-06-06T10:37:49.149] [DEBUG] [calypso-direct] [DATA_IN] AWS=4.5kt AWA=7° Batt=100% Temp=0°C
[2026-06-06T10:37:49.153] [DEBUG] [calypso-direct] [DATA_IN] AWS=4.3kt AWA=7° Batt=100% Temp=0°C
[2026-06-06T10:37:49.154] [DEBUG] [calypso-direct] [DATA_IN] AWS=4.1kt AWA=7° Batt=100% Temp=0°C
[2026-06-06T10:37:49.157] [DEBUG] [calypso-direct] [DATA_IN] AWS=4.1kt AWA=7° Batt=100% Temp=0°C
[2026-06-06T10:37:49.343] [DEBUG] [calypso-direct] [DATA_IN] AWS=3.5kt AWA=8° Batt=100% Temp=0°C
[2026-06-06T10:37:49.538] [DEBUG] [calypso-direct] [DATA_IN] AWS=3.5kt AWA=8° Batt=100% Temp=0°C
[2026-06-06T10:37:50.124] [WARNING] [calypso-direct] [TIMING] Large gap: 586ms (expected ~125ms at 8Hz) AWS=3.5kt
[2026-06-06T10:37:50.125] [DEBUG] [calypso-direct] [DATA_IN] AWS=3.5kt AWA=7° Batt=100% Temp=0°C
[2026-06-06T10:37:50.128] [DEBUG] [calypso-direct] [DATA_IN] AWS=3.9kt AWA=7° Batt=100% Temp=0°C
[2026-06-06T10:37:50.318] [DEBUG] [calypso-direct] [DATA_IN] AWS=4.1kt AWA=7° Batt=100% Temp=0°C
[2026-06-06T10:37:50.513] [DEBUG] [calypso-direct] [DATA_IN] AWS=4.3kt AWA=6° Batt=100% Temp=0°C
[2026-06-06T10:37:50.906] [WARNING] [calypso-direct] [TIMING] Large gap: 392ms (expected ~125ms at 8Hz) AWS=4.3kt
[2026-06-06T10:37:50.906] [DEBUG] [calypso-direct] [DATA_IN] AWS=4.3kt AWA=6° Batt=100% Temp=0°C
[2026-06-06T10:37:51.098] [DEBUG] [calypso-direct] [DATA_IN] AWS=4.1kt AWA=7° Batt=100% Temp=0°C
[2026-06-06T10:37:51.488] [WARNING] [calypso-direct] [TIMING] Large gap: 390ms (expected ~125ms at 8Hz) AWS=3.9kt
[2026-06-06T10:37:51.489] [DEBUG] [calypso-direct] [DATA_IN] AWS=3.9kt AWA=7° Batt=100% Temp=0°C
[2026-06-06T10:37:51.683] [DEBUG] [calypso-direct] [DATA_IN] AWS=3.9kt AWA=6° Batt=100% Temp=0°C
[2026-06-06T10:37:52.074] [WARNING] [calypso-direct] [TIMING] Large gap: 390ms (expected ~125ms at 8Hz) AWS=3.9kt
[2026-06-06T10:37:52.075] [DEBUG] [calypso-direct] [DATA_IN] AWS=3.9kt AWA=6° Batt=100% Temp=0°C
[2026-06-06T10:37:52.076] [DEBUG] [calypso-direct] [DATA_IN] AWS=3.9kt AWA=7° Batt=100% Temp=0°C
[2026-06-06T10:37:52.464] [WARNING] [calypso-direct] [TIMING] Large gap: 388ms (expected ~125ms at 8Hz) AWS=4.1kt
[2026-06-06T10:37:52.464] [DEBUG] [calypso-direct] [DATA_IN] AWS=4.1kt AWA=3° Batt=100% Temp=0°C
[2026-06-06T10:37:53.048] [WARNING] [calypso-direct] [TIMING] Large gap: 584ms (expected ~125ms at 8Hz) AWS=4.3kt
[2026-06-06T10:37:53.049] [DEBUG] [calypso-direct] [DATA_IN] AWS=4.3kt AWA=3° Batt=100% Temp=0°C
[2026-06-06T10:37:53.050] [DEBUG] [calypso-direct] [DATA_IN] AWS=4.5kt AWA=3° Batt=100% Temp=0°C
[2026-06-06T10:37:53.051] [DEBUG] [calypso-direct] [DATA_IN] AWS=4.5kt AWA=5° Batt=100% Temp=0°C
[2026-06-06T10:37:53.438] [WARNING] [calypso-direct] [TIMING] Large gap: 387ms (expected ~125ms at 8Hz) AWS=4.3kt
[2026-06-06T10:37:53.438] [DEBUG] [calypso-direct] [DATA_IN] AWS=4.3kt AWA=5° Batt=100% Temp=0°C
[2026-06-06T10:37:53.828] [WARNING] [calypso-direct] [TIMING] Large gap: 390ms (expected ~125ms at 8Hz) AWS=4.3kt
[2026-06-06T10:37:53.828] [DEBUG] [calypso-direct] [DATA_IN] AWS=4.3kt AWA=6° Batt=100% Temp=0°C
[2026-06-06T10:37:53.830] [DEBUG] [calypso-direct] [DATA_IN] AWS=4.3kt AWA=6° Batt=100% Temp=0°C
[2026-06-06T10:37:54.413] [WARNING] [calypso-direct] [TIMING] Large gap: 583ms (expected ~125ms at 8Hz) AWS=4.3kt
[2026-06-06T10:37:54.415] [DEBUG] [calypso-direct] [DATA_IN] AWS=4.3kt AWA=5° Batt=100% Temp=0°C
[2026-06-06T10:37:54.417] [DEBUG] [calypso-direct] [DATA_IN] AWS=4.3kt AWA=5° Batt=100% Temp=0°C
[2026-06-06T10:37:54.608] [DEBUG] [calypso-direct] [DATA_IN] AWS=4.3kt AWA=355° Batt=100% Temp=0°C
[2026-06-06T10:37:54.803] [DEBUG] [calypso-direct] [DATA_IN] AWS=4.7kt AWA=355° Batt=100% Temp=0°C
[2026-06-06T10:37:54.998] [DEBUG] [calypso-direct] [DATA_IN] AWS=4.7kt AWA=355° Batt=100% Temp=0°C
[2026-06-06T10:37:56.365] [WARNING] [calypso-direct] [TIMING] Large gap: 1368ms (expected ~125ms at 8Hz) AWS=4.5kt
[2026-06-06T10:37:56.366] [DEBUG] [calypso-direct] [DATA_IN] AWS=4.5kt AWA=0° Batt=100% Temp=0°C
[2026-06-06T10:37:56.371] [DEBUG] [calypso-direct] [DATA_IN] AWS=4.5kt AWA=8° Batt=100% Temp=0°C
[2026-06-06T10:37:56.373] [DEBUG] [calypso-direct] [DATA_IN] AWS=4.9kt AWA=11° Batt=100% Temp=0°C
[2026-06-06T10:37:56.375] [DEBUG] [calypso-direct] [DATA_IN] AWS=4.9kt AWA=11° Batt=100% Temp=0°C
[2026-06-06T10:37:56.377] [DEBUG] [calypso-direct] [DATA_IN] AWS=5.1kt AWA=8° Batt=100% Temp=0°C
[2026-06-06T10:37:56.755] [WARNING] [calypso-direct] [TIMING] Large gap: 379ms (expected ~125ms at 8Hz) AWS=5.1kt
[2026-06-06T10:37:56.756] [DEBUG] [calypso-direct] [DATA_IN] AWS=5.1kt AWA=4° Batt=100% Temp=0°C
[2026-06-06T10:37:56.759] [DEBUG] [calypso-direct] [DATA_IN] AWS=4.9kt AWA=1° Batt=100% Temp=0°C
[2026-06-06T10:37:57.339] [WARNING] [calypso-direct] [TIMING] Large gap: 580ms (expected ~125ms at 8Hz) AWS=4.7kt
[2026-06-06T10:37:57.339] [DEBUG] [calypso-direct] [DATA_IN] AWS=4.7kt AWA=1° Batt=100% Temp=0°C
[2026-06-06T10:37:57.341] [DEBUG] [calypso-direct] [DATA_IN] AWS=4.5kt AWA=1° Batt=100% Temp=0°C
[2026-06-06T10:37:57.729] [WARNING] [calypso-direct] [TIMING] Large gap: 388ms (expected ~125ms at 8Hz) AWS=4.5kt
[2026-06-06T10:37:57.730] [DEBUG] [calypso-direct] [DATA_IN] AWS=4.5kt AWA=3° Batt=100% Temp=0°C
[2026-06-06T10:37:58.120] [WARNING] [calypso-direct] [TIMING] Large gap: 391ms (expected ~125ms at 8Hz) AWS=4.5kt
[2026-06-06T10:37:58.121] [DEBUG] [calypso-direct] [DATA_IN] AWS=4.5kt AWA=5° Batt=100% Temp=0°C
[2026-06-06T10:37:58.124] [DEBUG] [calypso-direct] [DATA_IN] AWS=4.3kt AWA=5° Batt=100% Temp=0°C
[2026-06-06T10:37:58.703] [WARNING] [calypso-direct] [TIMING] Large gap: 580ms (expected ~125ms at 8Hz) AWS=4.3kt
[2026-06-06T10:37:58.704] [DEBUG] [calypso-direct] [DATA_IN] AWS=4.3kt AWA=5° Batt=100% Temp=0°C
[2026-06-06T10:37:58.705] [DEBUG] [calypso-direct] [DATA_IN] AWS=4.3kt AWA=3° Batt=100% Temp=0°C
[2026-06-06T10:37:58.898] [DEBUG] [calypso-direct] [DATA_IN] AWS=4.3kt AWA=3° Batt=100% Temp=0°C
[2026-06-06T10:37:59.093] [DEBUG] [calypso-direct] [DATA_IN] AWS=4.3kt AWA=2° Batt=100% Temp=0°C
[2026-06-06T10:37:59.288] [DEBUG] [calypso-direct] [DATA_IN] AWS=4.5kt AWA=5° Batt=100% Temp=0°C
[2026-06-06T10:37:59.678] [WARNING] [calypso-direct] [TIMING] Large gap: 390ms (expected ~125ms at 8Hz) AWS=4.5kt
[2026-06-06T10:37:59.678] [DEBUG] [calypso-direct] [DATA_IN] AWS=4.5kt AWA=8° Batt=100% Temp=0°C
[2026-06-06T10:37:59.873] [DEBUG] [calypso-direct] [DATA_IN] AWS=4.5kt AWA=2° Batt=100% Temp=0°C
[2026-06-06T10:38:01.043] [WARNING] [calypso-direct] [TIMING] Large gap: 1170ms (expected ~125ms at 8Hz) AWS=4.5kt
[2026-06-06T10:38:01.043] [DEBUG] [calypso-direct] [DATA_IN] AWS=4.5kt AWA=8° Batt=100% Temp=0°C
[2026-06-06T10:38:01.045] [DEBUG] [calypso-direct] [DATA_IN] AWS=4.5kt AWA=8° Batt=100% Temp=0°C
[2026-06-06T10:38:01.047] [DEBUG] [calypso-direct] [DATA_IN] AWS=4.5kt AWA=8° Batt=100% Temp=0°C
[2026-06-06T10:38:02.019] [WARNING] [calypso-direct] [TIMING] Large gap: 972ms (expected ~125ms at 8Hz) AWS=4.5kt
[2026-06-06T10:38:02.019] [DEBUG] [calypso-direct] [DATA_IN] AWS=4.5kt AWA=354° Batt=100% Temp=0°C
[2026-06-06T10:38:02.020] [DEBUG] [calypso-direct] [DATA_IN] AWS=4.7kt AWA=354° Batt=100% Temp=0°C
[2026-06-06T10:38:02.024] [DEBUG] [calypso-direct] [DATA_IN] AWS=4.9kt AWA=354° Batt=100% Temp=0°C
[2026-06-06T10:38:02.025] [DEBUG] [calypso-direct] [DATA_IN] AWS=4.9kt AWA=354° Batt=100% Temp=0°C
[2026-06-06T10:38:02.213] [DEBUG] [calypso-direct] [DATA_IN] AWS=4.7kt AWA=354° Batt=100% Temp=0°C
[2026-06-06T10:38:02.215] [DEBUG] [calypso-direct] [DATA_IN] AWS=4.5kt AWA=2° Batt=100% Temp=0°C
[2026-06-06T10:38:02.604] [WARNING] [calypso-direct] [TIMING] Large gap: 389ms (expected ~125ms at 8Hz) AWS=4.3kt
[2026-06-06T10:38:02.604] [DEBUG] [calypso-direct] [DATA_IN] AWS=4.3kt AWA=2° Batt=100% Temp=0°C
[2026-06-06T10:38:02.605] [DEBUG] [calypso-direct] [DATA_IN] AWS=4.3kt AWA=2° Batt=100% Temp=0°C
[2026-06-06T10:38:02.993] [WARNING] [calypso-direct] [TIMING] Large gap: 388ms (expected ~125ms at 8Hz) AWS=4.5kt
[2026-06-06T10:38:02.994] [DEBUG] [calypso-direct] [DATA_IN] AWS=4.5kt AWA=2° Batt=100% Temp=0°C
[2026-06-06T10:38:03.188] [DEBUG] [calypso-direct] [DATA_IN] AWS=4.7kt AWA=2° Batt=100% Temp=0°C
[2026-06-06T10:38:03.384] [DEBUG] [calypso-direct] [DATA_IN] AWS=4.9kt AWA=2° Batt=100% Temp=0°C
[2026-06-06T10:38:03.578] [DEBUG] [calypso-direct] [DATA_IN] AWS=5.1kt AWA=2° Batt=100% Temp=0°C
[2026-06-06T10:38:04.554] [WARNING] [calypso-direct] [TIMING] Large gap: 976ms (expected ~125ms at 8Hz) AWS=5.1kt
[2026-06-06T10:38:04.555] [DEBUG] [calypso-direct] [DATA_IN] AWS=5.1kt AWA=5° Batt=100% Temp=0°C
[2026-06-06T10:38:04.559] [DEBUG] [calypso-direct] [DATA_IN] AWS=5.1kt AWA=5° Batt=100% Temp=0°C
[2026-06-06T10:38:04.562] [DEBUG] [calypso-direct] [DATA_IN] AWS=4.9kt AWA=5° Batt=100% Temp=0°C
[2026-06-06T10:38:04.567] [DEBUG] [calypso-direct] [DATA_IN] AWS=5.1kt AWA=5° Batt=100% Temp=0°C
[2026-06-06T10:38:05.528] [WARNING] [calypso-direct] [TIMING] Large gap: 962ms (expected ~125ms at 8Hz) AWS=5.2kt
[2026-06-06T10:38:05.528] [DEBUG] [calypso-direct] [DATA_IN] AWS=5.2kt AWA=2° Batt=100% Temp=0°C
[2026-06-06T10:38:05.529] [DEBUG] [calypso-direct] [DATA_IN] AWS=5.2kt AWA=2° Batt=100% Temp=0°C
[2026-06-06T10:38:05.535] [DEBUG] [calypso-direct] [DATA_IN] AWS=5.2kt AWA=2° Batt=100% Temp=0°C
[2026-06-06T10:38:06.503] [WARNING] [calypso-direct] [TIMING] Large gap: 968ms (expected ~125ms at 8Hz) AWS=5.2kt
[2026-06-06T10:38:06.505] [DEBUG] [calypso-direct] [DATA_IN] AWS=5.2kt AWA=2° Batt=100% Temp=0°C
[2026-06-06T10:38:06.506] [DEBUG] [calypso-direct] [DATA_IN] AWS=5.2kt AWA=4° Batt=100% Temp=0°C
[2026-06-06T10:38:06.508] [DEBUG] [calypso-direct] [DATA_IN] AWS=5.2kt AWA=4° Batt=100% Temp=0°C
[2026-06-06T10:38:06.894] [WARNING] [calypso-direct] [TIMING] Large gap: 386ms (expected ~125ms at 8Hz) AWS=5.2kt
[2026-06-06T10:38:06.894] [DEBUG] [calypso-direct] [DATA_IN] AWS=5.2kt AWA=4° Batt=100% Temp=0°C
[2026-06-06T10:38:06.896] [DEBUG] [calypso-direct] [DATA_IN] AWS=5.1kt AWA=3° Batt=100% Temp=0°C
[2026-06-06T10:38:07.478] [WARNING] [calypso-direct] [TIMING] Large gap: 582ms (expected ~125ms at 8Hz) AWS=5.1kt
[2026-06-06T10:38:07.478] [DEBUG] [calypso-direct] [DATA_IN] AWS=5.1kt AWA=4° Batt=100% Temp=0°C
[2026-06-06T10:38:07.479] [DEBUG] [calypso-direct] [DATA_IN] AWS=4.9kt AWA=353° Batt=100% Temp=0°C
[2026-06-06T10:38:07.673] [DEBUG] [calypso-direct] [DATA_IN] AWS=5.1kt AWA=353° Batt=100% Temp=0°C
[2026-06-06T10:38:08.258] [WARNING] [calypso-direct] [TIMING] Large gap: 585ms (expected ~125ms at 8Hz) AWS=5.1kt
[2026-06-06T10:38:08.258] [DEBUG] [calypso-direct] [DATA_IN] AWS=5.1kt AWA=353° Batt=100% Temp=0°C
[2026-06-06T10:38:08.259] [DEBUG] [calypso-direct] [DATA_IN] AWS=5.1kt AWA=353° Batt=100% Temp=0°C
[2026-06-06T10:38:08.263] [DEBUG] [calypso-direct] [DATA_IN] AWS=5.1kt AWA=353° Batt=100% Temp=0°C
[2026-06-06T10:38:08.648] [WARNING] [calypso-direct] [TIMING] Large gap: 385ms (expected ~125ms at 8Hz) AWS=5.1kt
[2026-06-06T10:38:08.649] [DEBUG] [calypso-direct] [DATA_IN] AWS=5.1kt AWA=346° Batt=100% Temp=0°C
[2026-06-06T10:38:09.233] [WARNING] [calypso-direct] [TIMING] Large gap: 585ms (expected ~125ms at 8Hz) AWS=5.1kt
[2026-06-06T10:38:09.233] [DEBUG] [calypso-direct] [DATA_IN] AWS=5.1kt AWA=345° Batt=100% Temp=0°C
[2026-06-06T10:38:09.235] [DEBUG] [calypso-direct] [DATA_IN] AWS=5.1kt AWA=345° Batt=100% Temp=0°C
[2026-06-06T10:38:09.428] [DEBUG] [calypso-direct] [DATA_IN] AWS=5.1kt AWA=345° Batt=100% Temp=0°C
[2026-06-06T10:38:09.822] [WARNING] [calypso-direct] [TIMING] Large gap: 394ms (expected ~125ms at 8Hz) AWS=5.1kt
[2026-06-06T10:38:09.823] [DEBUG] [calypso-direct] [DATA_IN] AWS=5.1kt AWA=345° Batt=100% Temp=0°C
[2026-06-06T10:38:09.824] [DEBUG] [calypso-direct] [DATA_IN] AWS=5.1kt AWA=339° Batt=100% Temp=0°C
[2026-06-06T10:38:10.405] [WARNING] [calypso-direct] [TIMING] Large gap: 581ms (expected ~125ms at 8Hz) AWS=5.1kt
[2026-06-06T10:38:10.406] [DEBUG] [calypso-direct] [DATA_IN] AWS=5.1kt AWA=339° Batt=100% Temp=0°C
[2026-06-06T10:38:10.408] [DEBUG] [calypso-direct] [DATA_IN] AWS=4.9kt AWA=339° Batt=100% Temp=0°C
[2026-06-06T10:38:10.794] [WARNING] [calypso-direct] [TIMING] Large gap: 386ms (expected ~125ms at 8Hz) AWS=4.5kt
[2026-06-06T10:38:10.795] [DEBUG] [calypso-direct] [DATA_IN] AWS=4.5kt AWA=340° Batt=100% Temp=0°C
[2026-06-06T10:38:10.798] [DEBUG] [calypso-direct] [DATA_IN] AWS=4.5kt AWA=339° Batt=100% Temp=0°C
[2026-06-06T10:38:11.768] [WARNING] [calypso-direct] [TIMING] Large gap: 970ms (expected ~125ms at 8Hz) AWS=4.5kt
[2026-06-06T10:38:11.769] [DEBUG] [calypso-direct] [DATA_IN] AWS=4.5kt AWA=334° Batt=100% Temp=0°C
[2026-06-06T10:38:11.771] [DEBUG] [calypso-direct] [DATA_IN] AWS=4.9kt AWA=334° Batt=100% Temp=0°C
[2026-06-06T10:38:11.773] [DEBUG] [calypso-direct] [DATA_IN] AWS=5.1kt AWA=333° Batt=100% Temp=0°C
[2026-06-06T10:38:11.775] [DEBUG] [calypso-direct] [DATA_IN] AWS=5.1kt AWA=333° Batt=100% Temp=0°C
[2026-06-06T10:38:12.158] [WARNING] [calypso-direct] [TIMING] Large gap: 383ms (expected ~125ms at 8Hz) AWS=4.9kt
[2026-06-06T10:38:12.158] [DEBUG] [calypso-direct] [DATA_IN] AWS=4.9kt AWA=334° Batt=100% Temp=0°C
[2026-06-06T10:38:12.548] [WARNING] [calypso-direct] [TIMING] Large gap: 390ms (expected ~125ms at 8Hz) AWS=4.5kt
[2026-06-06T10:38:12.549] [DEBUG] [calypso-direct] [DATA_IN] AWS=4.5kt AWA=346° Batt=100% Temp=0°C
[2026-06-06T10:38:12.743] [DEBUG] [calypso-direct] [DATA_IN] AWS=4.5kt AWA=346° Batt=100% Temp=0°C
[2026-06-06T10:38:12.747] [DEBUG] [calypso-direct] [DATA_IN] AWS=3.9kt AWA=346° Batt=100% Temp=0°C
[2026-06-06T10:38:13.133] [WARNING] [calypso-direct] [TIMING] Large gap: 386ms (expected ~125ms at 8Hz) AWS=4.5kt
[2026-06-06T10:38:13.133] [DEBUG] [calypso-direct] [DATA_IN] AWS=4.5kt AWA=345° Batt=100% Temp=0°C
[2026-06-06T10:38:13.328] [DEBUG] [calypso-direct] [DATA_IN] AWS=4.5kt AWA=345° Batt=100% Temp=0°C
[2026-06-06T10:38:13.718] [WARNING] [calypso-direct] [TIMING] Large gap: 390ms (expected ~125ms at 8Hz) AWS=4.7kt
[2026-06-06T10:38:13.718] [DEBUG] [calypso-direct] [DATA_IN] AWS=4.7kt AWA=336° Batt=100% Temp=0°C
[2026-06-06T10:38:14.108] [WARNING] [calypso-direct] [TIMING] Large gap: 391ms (expected ~125ms at 8Hz) AWS=4.7kt
[2026-06-06T10:38:14.109] [DEBUG] [calypso-direct] [DATA_IN] AWS=4.7kt AWA=336° Batt=100% Temp=0°C
[2026-06-06T10:38:14.110] [DEBUG] [calypso-direct] [DATA_IN] AWS=4.7kt AWA=336° Batt=100% Temp=0°C
[2026-06-06T10:38:14.693] [WARNING] [calypso-direct] [TIMING] Large gap: 584ms (expected ~125ms at 8Hz) AWS=4.7kt
[2026-06-06T10:38:14.694] [DEBUG] [calypso-direct] [DATA_IN] AWS=4.7kt AWA=336° Batt=100% Temp=0°C
[2026-06-06T10:38:14.695] [DEBUG] [calypso-direct] [DATA_IN] AWS=4.1kt AWA=336° Batt=100% Temp=0°C
[2026-06-06T10:38:15.083] [WARNING] [calypso-direct] [TIMING] Large gap: 388ms (expected ~125ms at 8Hz) AWS=4.1kt
[2026-06-06T10:38:15.083] [DEBUG] [calypso-direct] [DATA_IN] AWS=4.1kt AWA=341° Batt=100% Temp=0°C
[2026-06-06T10:38:15.473] [WARNING] [calypso-direct] [TIMING] Large gap: 390ms (expected ~125ms at 8Hz) AWS=4.1kt
[2026-06-06T10:38:15.474] [DEBUG] [calypso-direct] [DATA_IN] AWS=4.1kt AWA=341° Batt=100% Temp=0°C
[2026-06-06T10:38:16.059] [WARNING] [calypso-direct] [TIMING] Large gap: 586ms (expected ~125ms at 8Hz) AWS=4.7kt
[2026-06-06T10:38:16.060] [DEBUG] [calypso-direct] [DATA_IN] AWS=4.7kt AWA=341° Batt=100% Temp=0°C
[2026-06-06T10:38:16.061] [DEBUG] [calypso-direct] [DATA_IN] AWS=5.1kt AWA=341° Batt=100% Temp=0°C
[2026-06-06T10:38:16.066] [DEBUG] [calypso-direct] [DATA_IN] AWS=5.1kt AWA=341° Batt=100% Temp=0°C
[2026-06-06T10:38:16.643] [WARNING] [calypso-direct] [TIMING] Large gap: 577ms (expected ~125ms at 8Hz) AWS=5.1kt
[2026-06-06T10:38:16.643] [DEBUG] [calypso-direct] [DATA_IN] AWS=5.1kt AWA=336° Batt=100% Temp=0°C
[2026-06-06T10:38:17.033] [WARNING] [calypso-direct] [TIMING] Large gap: 390ms (expected ~125ms at 8Hz) AWS=4.9kt
[2026-06-06T10:38:17.033] [DEBUG] [calypso-direct] [DATA_IN] AWS=4.9kt AWA=336° Batt=100% Temp=0°C
[2026-06-06T10:38:17.034] [DEBUG] [calypso-direct] [DATA_IN] AWS=4.7kt AWA=336° Batt=100% Temp=0°C
[2026-06-06T10:38:17.036] [DEBUG] [calypso-direct] [DATA_IN] AWS=4.5kt AWA=336° Batt=100% Temp=0°C
[2026-06-06T10:38:17.619] [WARNING] [calypso-direct] [TIMING] Large gap: 583ms (expected ~125ms at 8Hz) AWS=4.3kt
[2026-06-06T10:38:17.619] [DEBUG] [calypso-direct] [DATA_IN] AWS=4.3kt AWA=336° Batt=100% Temp=0°C
[2026-06-06T10:38:17.620] [DEBUG] [calypso-direct] [DATA_IN] AWS=4.3kt AWA=340° Batt=100% Temp=0°C
[2026-06-06T10:38:18.009] [WARNING] [calypso-direct] [TIMING] Large gap: 389ms (expected ~125ms at 8Hz) AWS=4.3kt
[2026-06-06T10:38:18.009] [DEBUG] [calypso-direct] [DATA_IN] AWS=4.3kt AWA=340° Batt=100% Temp=0°C
[2026-06-06T10:38:18.010] [DEBUG] [calypso-direct] [DATA_IN] AWS=4.5kt AWA=340° Batt=100% Temp=0°C
[2026-06-06T10:38:18.398] [WARNING] [calypso-direct] [TIMING] Large gap: 387ms (expected ~125ms at 8Hz) AWS=4.5kt
[2026-06-06T10:38:18.398] [DEBUG] [calypso-direct] [DATA_IN] AWS=4.5kt AWA=340° Batt=100% Temp=0°C
[2026-06-06T10:38:18.983] [WARNING] [calypso-direct] [TIMING] Large gap: 585ms (expected ~125ms at 8Hz) AWS=4.5kt
[2026-06-06T10:38:18.983] [DEBUG] [calypso-direct] [DATA_IN] AWS=4.5kt AWA=340° Batt=100% Temp=0°C
[2026-06-06T10:38:18.984] [DEBUG] [calypso-direct] [DATA_IN] AWS=3.7kt AWA=341° Batt=100% Temp=0°C
[2026-06-06T10:38:19.372] [WARNING] [calypso-direct] [TIMING] Large gap: 389ms (expected ~125ms at 8Hz) AWS=3.7kt
[2026-06-06T10:38:19.373] [DEBUG] [calypso-direct] [DATA_IN] AWS=3.7kt AWA=342° Batt=100% Temp=0°C
[2026-06-06T10:38:19.763] [WARNING] [calypso-direct] [TIMING] Large gap: 390ms (expected ~125ms at 8Hz) AWS=3.7kt
[2026-06-06T10:38:19.764] [DEBUG] [calypso-direct] [DATA_IN] AWS=3.7kt AWA=342° Batt=100% Temp=0°C
[2026-06-06T10:38:19.766] [DEBUG] [calypso-direct] [DATA_IN] AWS=4.1kt AWA=341° Batt=100% Temp=0°C
[2026-06-06T10:38:19.767] [DEBUG] [calypso-direct] [DATA_IN] AWS=4.5kt AWA=341° Batt=100% Temp=0°C
[2026-06-06T10:38:20.347] [WARNING] [calypso-direct] [TIMING] Large gap: 581ms (expected ~125ms at 8Hz) AWS=4.5kt
[2026-06-06T10:38:20.348] [DEBUG] [calypso-direct] [DATA_IN] AWS=4.5kt AWA=18° Batt=100% Temp=0°C
[2026-06-06T10:38:20.350] [DEBUG] [calypso-direct] [DATA_IN] AWS=4.5kt AWA=18° Batt=100% Temp=0°C
[2026-06-06T10:38:20.543] [DEBUG] [calypso-direct] [DATA_IN] AWS=3.1kt AWA=17° Batt=100% Temp=0°C
[2026-06-06T10:38:21.910] [WARNING] [calypso-direct] [TIMING] Large gap: 1367ms (expected ~125ms at 8Hz) AWS=3.1kt
[2026-06-06T10:38:21.911] [DEBUG] [calypso-direct] [DATA_IN] AWS=3.1kt AWA=17° Batt=100% Temp=0°C
[2026-06-06T10:38:21.914] [DEBUG] [calypso-direct] [DATA_IN] AWS=2.9kt AWA=16° Batt=100% Temp=0°C
[2026-06-06T10:38:21.916] [DEBUG] [calypso-direct] [DATA_IN] AWS=3.1kt AWA=346° Batt=100% Temp=0°C
[2026-06-06T10:38:21.922] [DEBUG] [calypso-direct] [DATA_IN] AWS=3.1kt AWA=345° Batt=100% Temp=0°C
[2026-06-06T10:38:21.923] [DEBUG] [calypso-direct] [DATA_IN] AWS=3.1kt AWA=345° Batt=100% Temp=0°C
[2026-06-06T10:38:23.666] [WARNING] [calypso-direct] [TIMING] Large gap: 1743ms (expected ~125ms at 8Hz) AWS=3.5kt
[2026-06-06T10:38:23.671] [DEBUG] [calypso-direct] [DATA_IN] AWS=3.5kt AWA=345° Batt=100% Temp=0°C
[2026-06-06T10:38:23.676] [DEBUG] [calypso-direct] [DATA_IN] AWS=3.5kt AWA=345° Batt=100% Temp=0°C
[2026-06-06T10:38:23.679] [DEBUG] [calypso-direct] [DATA_IN] AWS=3.3kt AWA=331° Batt=100% Temp=0°C
[2026-06-06T10:38:23.681] [DEBUG] [calypso-direct] [DATA_IN] AWS=3.3kt AWA=331° Batt=100% Temp=0°C
[2026-06-06T10:38:23.683] [DEBUG] [calypso-direct] [DATA_IN] AWS=2.7kt AWA=331° Batt=100% Temp=0°C
[2026-06-06T10:38:23.858] [DEBUG] [calypso-direct] [DATA_IN] AWS=2.3kt AWA=330° Batt=100% Temp=0°C
[2026-06-06T10:38:24.248] [WARNING] [calypso-direct] [TIMING] Large gap: 390ms (expected ~125ms at 8Hz) AWS=1.6kt
[2026-06-06T10:38:24.248] [DEBUG] [calypso-direct] [DATA_IN] AWS=1.6kt AWA=330° Batt=100% Temp=0°C
[2026-06-06T10:38:24.249] [DEBUG] [calypso-direct] [DATA_IN] AWS=1.6kt AWA=330° Batt=100% Temp=0°C
[2026-06-06T10:38:24.251] [DEBUG] [calypso-direct] [DATA_IN] AWS=1.6kt AWA=330° Batt=100% Temp=0°C
[2026-06-06T10:38:24.832] [WARNING] [calypso-direct] [TIMING] Large gap: 582ms (expected ~125ms at 8Hz) AWS=1.6kt
[2026-06-06T10:38:24.833] [DEBUG] [calypso-direct] [DATA_IN] AWS=1.6kt AWA=330° Batt=100% Temp=0°C
[2026-06-06T10:38:24.835] [DEBUG] [calypso-direct] [DATA_IN] AWS=2.7kt AWA=351° Batt=100% Temp=0°C
[2026-06-06T10:38:24.837] [DEBUG] [calypso-direct] [DATA_IN] AWS=2.9kt AWA=351° Batt=100% Temp=0°C
[2026-06-06T10:38:25.223] [WARNING] [calypso-direct] [TIMING] Large gap: 386ms (expected ~125ms at 8Hz) AWS=2.9kt
[2026-06-06T10:38:25.223] [DEBUG] [calypso-direct] [DATA_IN] AWS=2.9kt AWA=334° Batt=100% Temp=0°C
[2026-06-06T10:38:25.418] [DEBUG] [calypso-direct] [DATA_IN] AWS=3.1kt AWA=334° Batt=100% Temp=0°C
[2026-06-06T10:38:25.613] [DEBUG] [calypso-direct] [DATA_IN] AWS=2.9kt AWA=334° Batt=100% Temp=0°C
[2026-06-06T10:38:26.198] [WARNING] [calypso-direct] [TIMING] Large gap: 585ms (expected ~125ms at 8Hz) AWS=3.1kt
[2026-06-06T10:38:26.198] [DEBUG] [calypso-direct] [DATA_IN] AWS=3.1kt AWA=334° Batt=100% Temp=0°C
[2026-06-06T10:38:26.199] [DEBUG] [calypso-direct] [DATA_IN] AWS=3.3kt AWA=334° Batt=100% Temp=0°C
[2026-06-06T10:38:26.591] [WARNING] [calypso-direct] [TIMING] Large gap: 392ms (expected ~125ms at 8Hz) AWS=3.3kt
[2026-06-06T10:38:26.593] [DEBUG] [calypso-direct] [DATA_IN] AWS=3.3kt AWA=344° Batt=100% Temp=0°C
[2026-06-06T10:38:26.594] [DEBUG] [calypso-direct] [DATA_IN] AWS=2.9kt AWA=344° Batt=100% Temp=0°C
[2026-06-06T10:38:27.173] [WARNING] [calypso-direct] [TIMING] Large gap: 578ms (expected ~125ms at 8Hz) AWS=3.1kt
[2026-06-06T10:38:27.173] [DEBUG] [calypso-direct] [DATA_IN] AWS=3.1kt AWA=344° Batt=100% Temp=0°C
[2026-06-06T10:38:27.175] [DEBUG] [calypso-direct] [DATA_IN] AWS=3.1kt AWA=344° Batt=100% Temp=0°C
[2026-06-06T10:38:27.563] [WARNING] [calypso-direct] [TIMING] Large gap: 389ms (expected ~125ms at 8Hz) AWS=2.9kt
[2026-06-06T10:38:27.564] [DEBUG] [calypso-direct] [DATA_IN] AWS=2.9kt AWA=345° Batt=100% Temp=0°C
[2026-06-06T10:38:27.566] [DEBUG] [calypso-direct] [DATA_IN] AWS=2.9kt AWA=345° Batt=100% Temp=0°C
[2026-06-06T10:38:27.758] [DEBUG] [calypso-direct] [DATA_IN] AWS=3.1kt AWA=345° Batt=100% Temp=0°C
[2026-06-06T10:38:28.148] [WARNING] [calypso-direct] [TIMING] Large gap: 390ms (expected ~125ms at 8Hz) AWS=2.9kt
[2026-06-06T10:38:28.148] [DEBUG] [calypso-direct] [DATA_IN] AWS=2.9kt AWA=345° Batt=100% Temp=0°C
[2026-06-06T10:38:28.538] [WARNING] [calypso-direct] [TIMING] Large gap: 390ms (expected ~125ms at 8Hz) AWS=2.9kt
[2026-06-06T10:38:28.538] [DEBUG] [calypso-direct] [DATA_IN] AWS=2.9kt AWA=345° Batt=100% Temp=0°C
[2026-06-06T10:38:28.539] [DEBUG] [calypso-direct] [DATA_IN] AWS=3.3kt AWA=345° Batt=100% Temp=0°C
[2026-06-06T10:38:29.123] [WARNING] [calypso-direct] [TIMING] Large gap: 584ms (expected ~125ms at 8Hz) AWS=3.3kt
[2026-06-06T10:38:29.124] [DEBUG] [calypso-direct] [DATA_IN] AWS=3.3kt AWA=342° Batt=100% Temp=0°C
[2026-06-06T10:38:29.127] [DEBUG] [calypso-direct] [DATA_IN] AWS=2.9kt AWA=342° Batt=100% Temp=0°C
[2026-06-06T10:38:29.513] [WARNING] [calypso-direct] [TIMING] Large gap: 386ms (expected ~125ms at 8Hz) AWS=3.5kt
[2026-06-06T10:38:29.513] [DEBUG] [calypso-direct] [DATA_IN] AWS=3.5kt AWA=342° Batt=100% Temp=0°C
[2026-06-06T10:38:29.515] [DEBUG] [calypso-direct] [DATA_IN] AWS=3.1kt AWA=342° Batt=100% Temp=0°C
[2026-06-06T10:38:29.903] [WARNING] [calypso-direct] [TIMING] Large gap: 388ms (expected ~125ms at 8Hz) AWS=3.1kt
[2026-06-06T10:38:29.904] [DEBUG] [calypso-direct] [DATA_IN] AWS=3.1kt AWA=342° Batt=100% Temp=0°C
[2026-06-06T10:38:30.488] [WARNING] [calypso-direct] [TIMING] Large gap: 585ms (expected ~125ms at 8Hz) AWS=3.7kt
[2026-06-06T10:38:30.489] [DEBUG] [calypso-direct] [DATA_IN] AWS=3.7kt AWA=338° Batt=100% Temp=0°C
[2026-06-06T10:38:30.490] [DEBUG] [calypso-direct] [DATA_IN] AWS=3.7kt AWA=338° Batt=100% Temp=0°C
[2026-06-06T10:38:30.878] [WARNING] [calypso-direct] [TIMING] Large gap: 388ms (expected ~125ms at 8Hz) AWS=3.1kt
[2026-06-06T10:38:30.878] [DEBUG] [calypso-direct] [DATA_IN] AWS=3.1kt AWA=338° Batt=100% Temp=0°C
[2026-06-06T10:38:30.881] [DEBUG] [calypso-direct] [DATA_IN] AWS=3.5kt AWA=338° Batt=100% Temp=0°C
[2026-06-06T10:38:31.073] [DEBUG] [calypso-direct] [DATA_IN] AWS=3.1kt AWA=338° Batt=100% Temp=0°C
[2026-06-06T10:38:31.463] [WARNING] [calypso-direct] [TIMING] Large gap: 390ms (expected ~125ms at 8Hz) AWS=2.9kt
[2026-06-06T10:38:31.465] [DEBUG] [calypso-direct] [DATA_IN] AWS=2.9kt AWA=336° Batt=100% Temp=0°C
[2026-06-06T10:38:32.049] [WARNING] [calypso-direct] [TIMING] Large gap: 586ms (expected ~125ms at 8Hz) AWS=3.1kt
[2026-06-06T10:38:32.050] [DEBUG] [calypso-direct] [DATA_IN] AWS=3.1kt AWA=335° Batt=100% Temp=0°C
[2026-06-06T10:38:32.051] [DEBUG] [calypso-direct] [DATA_IN] AWS=3.1kt AWA=336° Batt=100% Temp=0°C
[2026-06-06T10:38:32.052] [DEBUG] [calypso-direct] [DATA_IN] AWS=2.9kt AWA=335° Batt=100% Temp=0°C
[2026-06-06T10:38:32.828] [WARNING] [calypso-direct] [TIMING] Large gap: 777ms (expected ~125ms at 8Hz) AWS=2.9kt
[2026-06-06T10:38:32.829] [DEBUG] [calypso-direct] [DATA_IN] AWS=2.9kt AWA=335° Batt=100% Temp=0°C
[2026-06-06T10:38:32.830] [DEBUG] [calypso-direct] [DATA_IN] AWS=3.1kt AWA=337° Batt=100% Temp=0°C
[2026-06-06T10:38:32.832] [DEBUG] [calypso-direct] [DATA_IN] AWS=3.1kt AWA=337° Batt=100% Temp=0°C
[2026-06-06T10:38:33.414] [WARNING] [calypso-direct] [TIMING] Large gap: 581ms (expected ~125ms at 8Hz) AWS=3.1kt
[2026-06-06T10:38:33.414] [DEBUG] [calypso-direct] [DATA_IN] AWS=3.1kt AWA=337° Batt=100% Temp=0°C
[2026-06-06T10:38:33.416] [DEBUG] [calypso-direct] [DATA_IN] AWS=3.1kt AWA=337° Batt=100% Temp=0°C
[2026-06-06T10:38:34.194] [WARNING] [calypso-direct] [TIMING] Large gap: 778ms (expected ~125ms at 8Hz) AWS=3.1kt
[2026-06-06T10:38:34.194] [DEBUG] [calypso-direct] [DATA_IN] AWS=3.1kt AWA=337° Batt=100% Temp=0°C
[2026-06-06T10:38:34.779] [WARNING] [calypso-direct] [TIMING] Large gap: 585ms (expected ~125ms at 8Hz) AWS=3.1kt
[2026-06-06T10:38:34.780] [DEBUG] [calypso-direct] [DATA_IN] AWS=3.1kt AWA=349° Batt=100% Temp=0°C
[2026-06-06T10:38:34.781] [DEBUG] [calypso-direct] [DATA_IN] AWS=3.1kt AWA=349° Batt=100% Temp=0°C
[2026-06-06T10:38:34.974] [DEBUG] [calypso-direct] [DATA_IN] AWS=3.1kt AWA=349° Batt=100% Temp=0°C
[2026-06-06T10:38:34.976] [DEBUG] [calypso-direct] [DATA_IN] AWS=3.1kt AWA=349° Batt=100% Temp=0°C
[2026-06-06T10:38:34.977] [DEBUG] [calypso-direct] [DATA_IN] AWS=3.1kt AWA=349° Batt=100% Temp=0°C
[2026-06-06T10:38:35.171] [DEBUG] [calypso-direct] [DATA_IN] AWS=3.3kt AWA=347° Batt=100% Temp=0°C
[2026-06-06T10:38:35.364] [DEBUG] [calypso-direct] [DATA_IN] AWS=3.5kt AWA=347° Batt=100% Temp=0°C
[2026-06-06T10:38:35.754] [WARNING] [calypso-direct] [TIMING] Large gap: 390ms (expected ~125ms at 8Hz) AWS=3.5kt
[2026-06-06T10:38:35.755] [DEBUG] [calypso-direct] [DATA_IN] AWS=3.5kt AWA=347° Batt=100% Temp=0°C
[2026-06-06T10:38:35.756] [DEBUG] [calypso-direct] [DATA_IN] AWS=3.5kt AWA=347° Batt=100% Temp=0°C
[2026-06-06T10:38:36.339] [WARNING] [calypso-direct] [TIMING] Large gap: 583ms (expected ~125ms at 8Hz) AWS=3.5kt
[2026-06-06T10:38:36.339] [DEBUG] [calypso-direct] [DATA_IN] AWS=3.5kt AWA=347° Batt=100% Temp=0°C
[2026-06-06T10:38:36.729] [WARNING] [calypso-direct] [TIMING] Large gap: 390ms (expected ~125ms at 8Hz) AWS=3.5kt
[2026-06-06T10:38:36.730] [DEBUG] [calypso-direct] [DATA_IN] AWS=3.5kt AWA=340° Batt=100% Temp=0°C
[2026-06-06T10:38:36.730] [INFO] [calypso-direct] [HEARTBEAT] packets=1195 last_data=0s ago l1_fails=0
[2026-06-06T10:38:36.731] [DEBUG] [calypso-direct] [DATA_IN] AWS=3.7kt AWA=340° Batt=100% Temp=0°C
[2026-06-06T10:38:37.704] [WARNING] [calypso-direct] [TIMING] Large gap: 973ms (expected ~125ms at 8Hz) AWS=3.7kt
[2026-06-06T10:38:37.705] [DEBUG] [calypso-direct] [DATA_IN] AWS=3.7kt AWA=339° Batt=100% Temp=0°C
[2026-06-06T10:38:38.290] [WARNING] [calypso-direct] [TIMING] Large gap: 585ms (expected ~125ms at 8Hz) AWS=3.7kt
[2026-06-06T10:38:38.290] [DEBUG] [calypso-direct] [DATA_IN] AWS=3.7kt AWA=339° Batt=100% Temp=0°C
[2026-06-06T10:38:38.679] [WARNING] [calypso-direct] [TIMING] Large gap: 389ms (expected ~125ms at 8Hz) AWS=3.5kt
[2026-06-06T10:38:38.680] [DEBUG] [calypso-direct] [DATA_IN] AWS=3.5kt AWA=339° Batt=100% Temp=0°C
[2026-06-06T10:38:39.264] [WARNING] [calypso-direct] [TIMING] Large gap: 585ms (expected ~125ms at 8Hz) AWS=3.3kt
[2026-06-06T10:38:39.265] [DEBUG] [calypso-direct] [DATA_IN] AWS=3.3kt AWA=330° Batt=100% Temp=0°C
[2026-06-06T10:38:39.656] [WARNING] [calypso-direct] [TIMING] Large gap: 392ms (expected ~125ms at 8Hz) AWS=3.3kt
[2026-06-06T10:38:39.656] [DEBUG] [calypso-direct] [DATA_IN] AWS=3.3kt AWA=329° Batt=100% Temp=0°C
[2026-06-06T10:38:39.658] [DEBUG] [calypso-direct] [DATA_IN] AWS=3.3kt AWA=329° Batt=100% Temp=0°C
[2026-06-06T10:38:39.659] [DEBUG] [calypso-direct] [DATA_IN] AWS=3.1kt AWA=329° Batt=100% Temp=0°C
[2026-06-06T10:38:39.660] [DEBUG] [calypso-direct] [DATA_IN] AWS=3.1kt AWA=329° Batt=100% Temp=0°C
[2026-06-06T10:38:39.662] [DEBUG] [calypso-direct] [DATA_IN] AWS=3.1kt AWA=340° Batt=100% Temp=0°C
[2026-06-06T10:38:40.044] [WARNING] [calypso-direct] [TIMING] Large gap: 382ms (expected ~125ms at 8Hz) AWS=3.5kt
[2026-06-06T10:38:40.047] [DEBUG] [calypso-direct] [DATA_IN] AWS=3.5kt AWA=340° Batt=100% Temp=0°C
[2026-06-06T10:38:40.048] [DEBUG] [calypso-direct] [DATA_IN] AWS=3.3kt AWA=341° Batt=100% Temp=0°C
[2026-06-06T10:38:40.048] [DEBUG] [calypso-direct] [DATA_IN] AWS=3.3kt AWA=341° Batt=100% Temp=0°C
[2026-06-06T10:38:40.049] [DEBUG] [calypso-direct] [DATA_IN] AWS=3.3kt AWA=341° Batt=100% Temp=0°C
[2026-06-06T10:38:40.629] [WARNING] [calypso-direct] [TIMING] Large gap: 581ms (expected ~125ms at 8Hz) AWS=3.3kt
[2026-06-06T10:38:40.630] [DEBUG] [calypso-direct] [DATA_IN] AWS=3.3kt AWA=339° Batt=100% Temp=0°C
[2026-06-06T10:38:40.634] [DEBUG] [calypso-direct] [DATA_IN] AWS=3.1kt AWA=339° Batt=100% Temp=0°C
[2026-06-06T10:38:40.636] [DEBUG] [calypso-direct] [DATA_IN] AWS=3.1kt AWA=339° Batt=100% Temp=0°C
[2026-06-06T10:38:41.605] [WARNING] [calypso-direct] [TIMING] Large gap: 969ms (expected ~125ms at 8Hz) AWS=3.1kt
[2026-06-06T10:38:41.606] [DEBUG] [calypso-direct] [DATA_IN] AWS=3.1kt AWA=339° Batt=100% Temp=0°C
[2026-06-06T10:38:41.607] [DEBUG] [calypso-direct] [DATA_IN] AWS=3.1kt AWA=341° Batt=100% Temp=0°C
[2026-06-06T10:38:41.608] [DEBUG] [calypso-direct] [DATA_IN] AWS=2.9kt AWA=338° Batt=100% Temp=0°C
[2026-06-06T10:38:41.610] [DEBUG] [calypso-direct] [DATA_IN] AWS=3.1kt AWA=338° Batt=100% Temp=0°C
[2026-06-06T10:38:42.190] [WARNING] [calypso-direct] [TIMING] Large gap: 579ms (expected ~125ms at 8Hz) AWS=2.7kt
[2026-06-06T10:38:42.190] [DEBUG] [calypso-direct] [DATA_IN] AWS=2.7kt AWA=339° Batt=100% Temp=0°C
[2026-06-06T10:38:42.191] [DEBUG] [calypso-direct] [DATA_IN] AWS=2.7kt AWA=339° Batt=100% Temp=0°C
[2026-06-06T10:38:42.386] [DEBUG] [calypso-direct] [DATA_IN] AWS=2.7kt AWA=339° Batt=100% Temp=0°C
[2026-06-06T10:38:42.970] [WARNING] [calypso-direct] [TIMING] Large gap: 584ms (expected ~125ms at 8Hz) AWS=2.9kt
[2026-06-06T10:38:42.970] [DEBUG] [calypso-direct] [DATA_IN] AWS=2.9kt AWA=336° Batt=100% Temp=0°C
[2026-06-06T10:38:42.971] [DEBUG] [calypso-direct] [DATA_IN] AWS=2.7kt AWA=336° Batt=100% Temp=0°C
[2026-06-06T10:38:43.554] [WARNING] [calypso-direct] [TIMING] Large gap: 583ms (expected ~125ms at 8Hz) AWS=2.7kt
[2026-06-06T10:38:43.555] [DEBUG] [calypso-direct] [DATA_IN] AWS=2.7kt AWA=335° Batt=100% Temp=0°C
[2026-06-06T10:38:43.556] [DEBUG] [calypso-direct] [DATA_IN] AWS=2.7kt AWA=335° Batt=100% Temp=0°C
[2026-06-06T10:38:43.944] [WARNING] [calypso-direct] [TIMING] Large gap: 389ms (expected ~125ms at 8Hz) AWS=2.7kt
[2026-06-06T10:38:43.945] [DEBUG] [calypso-direct] [DATA_IN] AWS=2.7kt AWA=336° Batt=100% Temp=0°C
[2026-06-06T10:38:43.946] [DEBUG] [calypso-direct] [DATA_IN] AWS=2.7kt AWA=336° Batt=100% Temp=0°C
[2026-06-06T10:38:45.310] [WARNING] [calypso-direct] [TIMING] Large gap: 1363ms (expected ~125ms at 8Hz) AWS=2.7kt
[2026-06-06T10:38:45.310] [DEBUG] [calypso-direct] [DATA_IN] AWS=2.7kt AWA=336° Batt=100% Temp=0°C
[2026-06-06T10:38:45.702] [WARNING] [calypso-direct] [TIMING] Large gap: 392ms (expected ~125ms at 8Hz) AWS=2.7kt
[2026-06-06T10:38:45.702] [DEBUG] [calypso-direct] [DATA_IN] AWS=2.7kt AWA=336° Batt=100% Temp=0°C
[2026-06-06T10:38:45.703] [DEBUG] [calypso-direct] [DATA_IN] AWS=3.3kt AWA=336° Batt=100% Temp=0°C
[2026-06-06T10:38:45.897] [DEBUG] [calypso-direct] [DATA_IN] AWS=3.3kt AWA=335° Batt=100% Temp=0°C
[2026-06-06T10:38:45.899] [DEBUG] [calypso-direct] [DATA_IN] AWS=2.9kt AWA=330° Batt=100% Temp=0°C
[2026-06-06T10:38:45.902] [DEBUG] [calypso-direct] [DATA_IN] AWS=2.9kt AWA=330° Batt=100% Temp=0°C
[2026-06-06T10:38:45.906] [DEBUG] [calypso-direct] [DATA_IN] AWS=2.9kt AWA=330° Batt=100% Temp=0°C
[2026-06-06T10:38:45.908] [DEBUG] [calypso-direct] [DATA_IN] AWS=2.9kt AWA=332° Batt=100% Temp=0°C
[2026-06-06T10:38:46.479] [WARNING] [calypso-direct] [TIMING] Large gap: 571ms (expected ~125ms at 8Hz) AWS=3.1kt
[2026-06-06T10:38:46.480] [DEBUG] [calypso-direct] [DATA_IN] AWS=3.1kt AWA=332° Batt=100% Temp=0°C
[2026-06-06T10:38:46.870] [WARNING] [calypso-direct] [TIMING] Large gap: 391ms (expected ~125ms at 8Hz) AWS=3.3kt
[2026-06-06T10:38:46.870] [DEBUG] [calypso-direct] [DATA_IN] AWS=3.3kt AWA=329° Batt=100% Temp=0°C
[2026-06-06T10:38:47.650] [WARNING] [calypso-direct] [TIMING] Large gap: 780ms (expected ~125ms at 8Hz) AWS=3.5kt
[2026-06-06T10:38:47.652] [DEBUG] [calypso-direct] [DATA_IN] AWS=3.5kt AWA=328° Batt=100% Temp=0°C
[2026-06-06T10:38:48.820] [WARNING] [calypso-direct] [TIMING] Large gap: 1170ms (expected ~125ms at 8Hz) AWS=3.5kt
[2026-06-06T10:38:48.820] [INFO] [calypso-direct] [RATE_1MIN] 235 pkts/min (expected 480 at 8Hz) max_gap=1743ms gaps_>250ms=94
[2026-06-06T10:38:48.821] [DEBUG] [calypso-direct] [DATA_IN] AWS=3.5kt AWA=328° Batt=100% Temp=0°C
[2026-06-06T10:38:48.823] [DEBUG] [calypso-direct] [DATA_IN] AWS=3.3kt AWA=328° Batt=100% Temp=0°C
[2026-06-06T10:38:48.824] [DEBUG] [calypso-direct] [DATA_IN] AWS=3.3kt AWA=328° Batt=100% Temp=0°C
[2026-06-06T10:38:48.825] [DEBUG] [calypso-direct] [DATA_IN] AWS=3.1kt AWA=339° Batt=100% Temp=0°C
[2026-06-06T10:38:48.828] [DEBUG] [calypso-direct] [DATA_IN] AWS=2.7kt AWA=339° Batt=100% Temp=0°C
[2026-06-06T10:38:49.210] [WARNING] [calypso-direct] [TIMING] Large gap: 382ms (expected ~125ms at 8Hz) AWS=2.3kt
[2026-06-06T10:38:49.210] [DEBUG] [calypso-direct] [DATA_IN] AWS=2.3kt AWA=339° Batt=100% Temp=0°C
[2026-06-06T10:38:49.212] [DEBUG] [calypso-direct] [DATA_IN] AWS=2.3kt AWA=340° Batt=100% Temp=0°C
[2026-06-06T10:38:49.214] [DEBUG] [calypso-direct] [DATA_IN] AWS=2.3kt AWA=340° Batt=100% Temp=0°C
[2026-06-06T10:38:49.216] [DEBUG] [calypso-direct] [DATA_IN] AWS=2.7kt AWA=328° Batt=100% Temp=0°C
[2026-06-06T10:38:49.218] [DEBUG] [calypso-direct] [DATA_IN] AWS=2.7kt AWA=328° Batt=100% Temp=0°C
[2026-06-06T10:38:49.405] [DEBUG] [calypso-direct] [DATA_IN] AWS=2.7kt AWA=327° Batt=100% Temp=0°C
[2026-06-06T10:38:49.795] [WARNING] [calypso-direct] [TIMING] Large gap: 390ms (expected ~125ms at 8Hz) AWS=2.7kt
[2026-06-06T10:38:49.795] [DEBUG] [calypso-direct] [DATA_IN] AWS=2.7kt AWA=327° Batt=100% Temp=0°C
[2026-06-06T10:38:49.798] [DEBUG] [calypso-direct] [DATA_IN] AWS=2.5kt AWA=327° Batt=100% Temp=0°C
[2026-06-06T10:38:50.185] [WARNING] [calypso-direct] [TIMING] Large gap: 387ms (expected ~125ms at 8Hz) AWS=2.5kt
[2026-06-06T10:38:50.187] [DEBUG] [calypso-direct] [DATA_IN] AWS=2.5kt AWA=334° Batt=100% Temp=0°C
[2026-06-06T10:38:50.771] [WARNING] [calypso-direct] [TIMING] Large gap: 586ms (expected ~125ms at 8Hz) AWS=2.9kt
[2026-06-06T10:38:50.771] [DEBUG] [calypso-direct] [DATA_IN] AWS=2.9kt AWA=334° Batt=100% Temp=0°C
[2026-06-06T10:38:50.773] [DEBUG] [calypso-direct] [DATA_IN] AWS=3.1kt AWA=333° Batt=100% Temp=0°C
[2026-06-06T10:38:50.774] [DEBUG] [calypso-direct] [DATA_IN] AWS=3.1kt AWA=332° Batt=100% Temp=0°C
[2026-06-06T10:38:51.160] [WARNING] [calypso-direct] [TIMING] Large gap: 386ms (expected ~125ms at 8Hz) AWS=3.1kt
[2026-06-06T10:38:51.161] [DEBUG] [calypso-direct] [DATA_IN] AWS=3.1kt AWA=332° Batt=100% Temp=0°C
[2026-06-06T10:38:52.136] [WARNING] [calypso-direct] [TIMING] Large gap: 975ms (expected ~125ms at 8Hz) AWS=3.1kt
[2026-06-06T10:38:52.136] [DEBUG] [calypso-direct] [DATA_IN] AWS=3.1kt AWA=322° Batt=100% Temp=0°C
[2026-06-06T10:38:52.138] [DEBUG] [calypso-direct] [DATA_IN] AWS=2.9kt AWA=323° Batt=100% Temp=0°C
[2026-06-06T10:38:52.139] [DEBUG] [calypso-direct] [DATA_IN] AWS=2.9kt AWA=322° Batt=100% Temp=0°C
[2026-06-06T10:38:52.143] [DEBUG] [calypso-direct] [DATA_IN] AWS=2.9kt AWA=322° Batt=100% Temp=0°C
[2026-06-06T10:38:52.525] [WARNING] [calypso-direct] [TIMING] Large gap: 383ms (expected ~125ms at 8Hz) AWS=2.9kt
[2026-06-06T10:38:52.526] [DEBUG] [calypso-direct] [DATA_IN] AWS=2.9kt AWA=324° Batt=100% Temp=0°C
[2026-06-06T10:38:52.528] [DEBUG] [calypso-direct] [DATA_IN] AWS=2.5kt AWA=336° Batt=100% Temp=0°C
[2026-06-06T10:38:53.111] [WARNING] [calypso-direct] [TIMING] Large gap: 583ms (expected ~125ms at 8Hz) AWS=2.5kt
[2026-06-06T10:38:53.111] [DEBUG] [calypso-direct] [DATA_IN] AWS=2.5kt AWA=336° Batt=100% Temp=0°C
[2026-06-06T10:38:53.500] [WARNING] [calypso-direct] [TIMING] Large gap: 389ms (expected ~125ms at 8Hz) AWS=2.5kt
[2026-06-06T10:38:53.501] [DEBUG] [calypso-direct] [DATA_IN] AWS=2.5kt AWA=336° Batt=100% Temp=0°C
[2026-06-06T10:38:53.503] [DEBUG] [calypso-direct] [DATA_IN] AWS=2.5kt AWA=336° Batt=100% Temp=0°C
[2026-06-06T10:38:53.506] [DEBUG] [calypso-direct] [DATA_IN] AWS=2.5kt AWA=336° Batt=100% Temp=0°C
[2026-06-06T10:38:54.085] [WARNING] [calypso-direct] [TIMING] Large gap: 580ms (expected ~125ms at 8Hz) AWS=2.3kt
[2026-06-06T10:38:54.086] [DEBUG] [calypso-direct] [DATA_IN] AWS=2.3kt AWA=332° Batt=100% Temp=0°C
[2026-06-06T10:38:54.087] [DEBUG] [calypso-direct] [DATA_IN] AWS=1.9kt AWA=332° Batt=100% Temp=0°C
[2026-06-06T10:38:54.476] [WARNING] [calypso-direct] [TIMING] Large gap: 388ms (expected ~125ms at 8Hz) AWS=1.9kt
[2026-06-06T10:38:54.476] [DEBUG] [calypso-direct] [DATA_IN] AWS=1.9kt AWA=333° Batt=100% Temp=0°C
[2026-06-06T10:38:55.060] [WARNING] [calypso-direct] [TIMING] Large gap: 585ms (expected ~125ms at 8Hz) AWS=1.9kt
[2026-06-06T10:38:55.061] [DEBUG] [calypso-direct] [DATA_IN] AWS=1.9kt AWA=332° Batt=100% Temp=0°C
[2026-06-06T10:38:55.062] [DEBUG] [calypso-direct] [DATA_IN] AWS=2.1kt AWA=333° Batt=100% Temp=0°C
[2026-06-06T10:38:55.063] [DEBUG] [calypso-direct] [DATA_IN] AWS=1.9kt AWA=351° Batt=100% Temp=0°C
[2026-06-06T10:38:55.841] [WARNING] [calypso-direct] [TIMING] Large gap: 777ms (expected ~125ms at 8Hz) AWS=2.1kt
[2026-06-06T10:38:55.841] [DEBUG] [calypso-direct] [DATA_IN] AWS=2.1kt AWA=351° Batt=100% Temp=0°C
[2026-06-06T10:38:55.842] [DEBUG] [calypso-direct] [DATA_IN] AWS=2.1kt AWA=351° Batt=100% Temp=0°C
[2026-06-06T10:38:55.845] [DEBUG] [calypso-direct] [DATA_IN] AWS=2.1kt AWA=351° Batt=100% Temp=0°C
[2026-06-06T10:38:56.036] [DEBUG] [calypso-direct] [DATA_IN] AWS=1.9kt AWA=351° Batt=100% Temp=0°C
[2026-06-06T10:38:56.426] [WARNING] [calypso-direct] [TIMING] Large gap: 390ms (expected ~125ms at 8Hz) AWS=2.1kt
[2026-06-06T10:38:56.427] [DEBUG] [calypso-direct] [DATA_IN] AWS=2.1kt AWA=7° Batt=100% Temp=0°C
[2026-06-06T10:38:56.621] [DEBUG] [calypso-direct] [DATA_IN] AWS=2.1kt AWA=0° Batt=100% Temp=0°C
[2026-06-06T10:38:57.012] [WARNING] [calypso-direct] [TIMING] Large gap: 391ms (expected ~125ms at 8Hz) AWS=2.1kt
[2026-06-06T10:38:57.012] [DEBUG] [calypso-direct] [DATA_IN] AWS=2.1kt AWA=0° Batt=100% Temp=0°C
[2026-06-06T10:38:57.014] [DEBUG] [calypso-direct] [DATA_IN] AWS=2.1kt AWA=7° Batt=100% Temp=0°C
[2026-06-06T10:38:57.401] [WARNING] [calypso-direct] [TIMING] Large gap: 387ms (expected ~125ms at 8Hz) AWS=2.1kt
[2026-06-06T10:38:57.401] [DEBUG] [calypso-direct] [DATA_IN] AWS=2.1kt AWA=7° Batt=100% Temp=0°C
[2026-06-06T10:38:57.986] [WARNING] [calypso-direct] [TIMING] Large gap: 586ms (expected ~125ms at 8Hz) AWS=2.1kt
[2026-06-06T10:38:57.987] [DEBUG] [calypso-direct] [DATA_IN] AWS=2.1kt AWA=352° Batt=100% Temp=0°C
[2026-06-06T10:38:57.989] [DEBUG] [calypso-direct] [DATA_IN] AWS=2.1kt AWA=352° Batt=100% Temp=0°C
[2026-06-06T10:38:58.376] [WARNING] [calypso-direct] [TIMING] Large gap: 387ms (expected ~125ms at 8Hz) AWS=2.1kt
[2026-06-06T10:38:58.377] [DEBUG] [calypso-direct] [DATA_IN] AWS=2.1kt AWA=352° Batt=100% Temp=0°C
[2026-06-06T10:38:58.378] [DEBUG] [calypso-direct] [DATA_IN] AWS=2.3kt AWA=352° Batt=100% Temp=0°C
[2026-06-06T10:38:58.766] [WARNING] [calypso-direct] [TIMING] Large gap: 388ms (expected ~125ms at 8Hz) AWS=2.3kt
[2026-06-06T10:38:58.767] [DEBUG] [calypso-direct] [DATA_IN] AWS=2.3kt AWA=352° Batt=100% Temp=0°C
[2026-06-06T10:38:59.351] [WARNING] [calypso-direct] [TIMING] Large gap: 585ms (expected ~125ms at 8Hz) AWS=2.3kt
[2026-06-06T10:38:59.351] [DEBUG] [calypso-direct] [DATA_IN] AWS=2.3kt AWA=337° Batt=100% Temp=0°C
[2026-06-06T10:38:59.353] [DEBUG] [calypso-direct] [DATA_IN] AWS=2.3kt AWA=338° Batt=100% Temp=0°C
[2026-06-06T10:38:59.355] [DEBUG] [calypso-direct] [DATA_IN] AWS=2.1kt AWA=338° Batt=100% Temp=0°C
[2026-06-06T10:38:59.742] [WARNING] [calypso-direct] [TIMING] Large gap: 387ms (expected ~125ms at 8Hz) AWS=1.9kt
[2026-06-06T10:38:59.742] [DEBUG] [calypso-direct] [DATA_IN] AWS=1.9kt AWA=338° Batt=100% Temp=0°C
[2026-06-06T10:38:59.936] [DEBUG] [calypso-direct] [DATA_IN] AWS=1.9kt AWA=337° Batt=100% Temp=0°C
[2026-06-06T10:39:00.131] [DEBUG] [calypso-direct] [DATA_IN] AWS=1.7kt AWA=337° Batt=100% Temp=0°C
[2026-06-06T10:39:00.326] [DEBUG] [calypso-direct] [DATA_IN] AWS=1.7kt AWA=337° Batt=100% Temp=0°C
[2026-06-06T10:39:00.718] [WARNING] [calypso-direct] [TIMING] Large gap: 392ms (expected ~125ms at 8Hz) AWS=1.9kt
[2026-06-06T10:39:00.719] [DEBUG] [calypso-direct] [DATA_IN] AWS=1.9kt AWA=343° Batt=100% Temp=0°C
[2026-06-06T10:39:00.912] [DEBUG] [calypso-direct] [DATA_IN] AWS=2.3kt AWA=344° Batt=100% Temp=0°C
[2026-06-06T10:39:01.301] [WARNING] [calypso-direct] [TIMING] Large gap: 389ms (expected ~125ms at 8Hz) AWS=2.5kt
[2026-06-06T10:39:01.302] [DEBUG] [calypso-direct] [DATA_IN] AWS=2.5kt AWA=344° Batt=100% Temp=0°C
[2026-06-06T10:39:01.304] [DEBUG] [calypso-direct] [DATA_IN] AWS=2.5kt AWA=348° Batt=100% Temp=0°C
[2026-06-06T10:39:01.496] [DEBUG] [calypso-direct] [DATA_IN] AWS=2.7kt AWA=348° Batt=100% Temp=0°C
[2026-06-06T10:39:02.276] [WARNING] [calypso-direct] [TIMING] Large gap: 780ms (expected ~125ms at 8Hz) AWS=2.7kt
[2026-06-06T10:39:02.277] [DEBUG] [calypso-direct] [DATA_IN] AWS=2.7kt AWA=348° Batt=100% Temp=0°C
[2026-06-06T10:39:02.280] [DEBUG] [calypso-direct] [DATA_IN] AWS=2.7kt AWA=348° Batt=100% Temp=0°C
[2026-06-06T10:39:02.281] [DEBUG] [calypso-direct] [DATA_IN] AWS=2.9kt AWA=348° Batt=100% Temp=0°C
[2026-06-06T10:39:03.056] [WARNING] [calypso-direct] [TIMING] Large gap: 775ms (expected ~125ms at 8Hz) AWS=3.5kt
[2026-06-06T10:39:03.057] [DEBUG] [calypso-direct] [DATA_IN] AWS=3.5kt AWA=2° Batt=100% Temp=0°C
[2026-06-06T10:39:03.057] [DEBUG] [calypso-direct] [DATA_IN] AWS=3.5kt AWA=2° Batt=100% Temp=0°C
[2026-06-06T10:39:03.059] [DEBUG] [calypso-direct] [DATA_IN] AWS=3.7kt AWA=2° Batt=100% Temp=0°C
[2026-06-06T10:39:03.251] [DEBUG] [calypso-direct] [DATA_IN] AWS=3.7kt AWA=2° Batt=100% Temp=0°C
[2026-06-06T10:39:03.642] [WARNING] [calypso-direct] [TIMING] Large gap: 391ms (expected ~125ms at 8Hz) AWS=3.7kt
[2026-06-06T10:39:03.642] [DEBUG] [calypso-direct] [DATA_IN] AWS=3.7kt AWA=2° Batt=100% Temp=0°C
[2026-06-06T10:39:03.836] [DEBUG] [calypso-direct] [DATA_IN] AWS=3.5kt AWA=344° Batt=100% Temp=0°C
[2026-06-06T10:39:04.617] [WARNING] [calypso-direct] [TIMING] Large gap: 780ms (expected ~125ms at 8Hz) AWS=3.7kt
[2026-06-06T10:39:04.617] [DEBUG] [calypso-direct] [DATA_IN] AWS=3.7kt AWA=344° Batt=100% Temp=0°C
[2026-06-06T10:39:04.618] [DEBUG] [calypso-direct] [DATA_IN] AWS=3.5kt AWA=344° Batt=100% Temp=0°C
[2026-06-06T10:39:04.620] [DEBUG] [calypso-direct] [DATA_IN] AWS=3.1kt AWA=344° Batt=100% Temp=0°C
[2026-06-06T10:39:05.202] [WARNING] [calypso-direct] [TIMING] Large gap: 582ms (expected ~125ms at 8Hz) AWS=3.5kt
[2026-06-06T10:39:05.203] [DEBUG] [calypso-direct] [DATA_IN] AWS=3.5kt AWA=344° Batt=100% Temp=0°C
[2026-06-06T10:39:05.204] [DEBUG] [calypso-direct] [DATA_IN] AWS=3.3kt AWA=347° Batt=100% Temp=0°C
[2026-06-06T10:39:05.397] [DEBUG] [calypso-direct] [DATA_IN] AWS=3.3kt AWA=347° Batt=100% Temp=0°C
[2026-06-06T10:39:05.592] [DEBUG] [calypso-direct] [DATA_IN] AWS=3.3kt AWA=347° Batt=100% Temp=0°C
[2026-06-06T10:39:05.982] [WARNING] [calypso-direct] [TIMING] Large gap: 390ms (expected ~125ms at 8Hz) AWS=3.5kt
[2026-06-06T10:39:05.982] [DEBUG] [calypso-direct] [DATA_IN] AWS=3.5kt AWA=348° Batt=100% Temp=0°C
[2026-06-06T10:39:06.569] [WARNING] [calypso-direct] [TIMING] Large gap: 588ms (expected ~125ms at 8Hz) AWS=3.5kt
[2026-06-06T10:39:06.572] [DEBUG] [calypso-direct] [DATA_IN] AWS=3.5kt AWA=348° Batt=100% Temp=0°C
[2026-06-06T10:39:06.576] [DEBUG] [calypso-direct] [DATA_IN] AWS=3.5kt AWA=355° Batt=100% Temp=0°C
[2026-06-06T10:39:06.578] [DEBUG] [calypso-direct] [DATA_IN] AWS=3.9kt AWA=355° Batt=100% Temp=0°C
[2026-06-06T10:39:07.738] [WARNING] [calypso-direct] [TIMING] Large gap: 1160ms (expected ~125ms at 8Hz) AWS=3.9kt
[2026-06-06T10:39:07.739] [DEBUG] [calypso-direct] [DATA_IN] AWS=3.9kt AWA=355° Batt=100% Temp=0°C
[2026-06-06T10:39:08.127] [WARNING] [calypso-direct] [TIMING] Large gap: 388ms (expected ~125ms at 8Hz) AWS=3.5kt
[2026-06-06T10:39:08.127] [DEBUG] [calypso-direct] [DATA_IN] AWS=3.5kt AWA=355° Batt=100% Temp=0°C
[2026-06-06T10:39:08.517] [WARNING] [calypso-direct] [TIMING] Large gap: 391ms (expected ~125ms at 8Hz) AWS=3.3kt
[2026-06-06T10:39:08.518] [DEBUG] [calypso-direct] [DATA_IN] AWS=3.3kt AWA=355° Batt=100% Temp=0°C
[2026-06-06T10:39:08.520] [DEBUG] [calypso-direct] [DATA_IN] AWS=3.1kt AWA=7° Batt=100% Temp=0°C
[2026-06-06T10:39:08.522] [DEBUG] [calypso-direct] [DATA_IN] AWS=3.1kt AWA=7° Batt=100% Temp=0°C
[2026-06-06T10:39:08.523] [DEBUG] [calypso-direct] [DATA_IN] AWS=3.1kt AWA=7° Batt=100% Temp=0°C
[2026-06-06T10:39:08.525] [DEBUG] [calypso-direct] [DATA_IN] AWS=3.1kt AWA=7° Batt=100% Temp=0°C
[2026-06-06T10:39:09.492] [WARNING] [calypso-direct] [TIMING] Large gap: 967ms (expected ~125ms at 8Hz) AWS=3.1kt
[2026-06-06T10:39:09.492] [DEBUG] [calypso-direct] [DATA_IN] AWS=3.1kt AWA=7° Batt=100% Temp=0°C
[2026-06-06T10:39:09.882] [WARNING] [calypso-direct] [TIMING] Large gap: 390ms (expected ~125ms at 8Hz) AWS=2.9kt
[2026-06-06T10:39:09.882] [DEBUG] [calypso-direct] [DATA_IN] AWS=2.9kt AWA=350° Batt=100% Temp=0°C
[2026-06-06T10:39:09.883] [DEBUG] [calypso-direct] [DATA_IN] AWS=2.7kt AWA=350° Batt=100% Temp=0°C
[2026-06-06T10:39:09.884] [DEBUG] [calypso-direct] [DATA_IN] AWS=2.7kt AWA=350° Batt=100% Temp=0°C
[2026-06-06T10:39:09.886] [DEBUG] [calypso-direct] [DATA_IN] AWS=3.1kt AWA=350° Batt=100% Temp=0°C
[2026-06-06T10:39:09.887] [DEBUG] [calypso-direct] [DATA_IN] AWS=3.1kt AWA=350° Batt=100% Temp=0°C
[2026-06-06T10:39:10.273] [WARNING] [calypso-direct] [TIMING] Large gap: 386ms (expected ~125ms at 8Hz) AWS=3.1kt
[2026-06-06T10:39:10.274] [DEBUG] [calypso-direct] [DATA_IN] AWS=3.1kt AWA=3° Batt=100% Temp=0°C
[2026-06-06T10:39:11.052] [WARNING] [calypso-direct] [TIMING] Large gap: 779ms (expected ~125ms at 8Hz) AWS=3.3kt
[2026-06-06T10:39:11.052] [DEBUG] [calypso-direct] [DATA_IN] AWS=3.3kt AWA=3° Batt=100% Temp=0°C
[2026-06-06T10:39:11.056] [DEBUG] [calypso-direct] [DATA_IN] AWS=3.1kt AWA=3° Batt=100% Temp=0°C
[2026-06-06T10:39:11.058] [DEBUG] [calypso-direct] [DATA_IN] AWS=3.1kt AWA=3° Batt=100% Temp=0°C
[2026-06-06T10:39:11.060] [DEBUG] [calypso-direct] [DATA_IN] AWS=3.1kt AWA=3° Batt=100% Temp=0°C
[2026-06-06T10:39:11.247] [DEBUG] [calypso-direct] [DATA_IN] AWS=3.1kt AWA=350° Batt=100% Temp=0°C
[2026-06-06T10:39:11.833] [WARNING] [calypso-direct] [TIMING] Large gap: 585ms (expected ~125ms at 8Hz) AWS=3.1kt
[2026-06-06T10:39:11.833] [DEBUG] [calypso-direct] [DATA_IN] AWS=3.1kt AWA=350° Batt=100% Temp=0°C
[2026-06-06T10:39:11.834] [DEBUG] [calypso-direct] [DATA_IN] AWS=3.1kt AWA=350° Batt=100% Temp=0°C
[2026-06-06T10:39:13.783] [WARNING] [calypso-direct] [TIMING] Large gap: 1949ms (expected ~125ms at 8Hz) AWS=3.1kt
[2026-06-06T10:39:13.786] [DEBUG] [calypso-direct] [DATA_IN] AWS=3.1kt AWA=350° Batt=100% Temp=0°C
[2026-06-06T10:39:13.787] [DEBUG] [calypso-direct] [DATA_IN] AWS=3.3kt AWA=350° Batt=100% Temp=0°C
[2026-06-06T10:39:13.788] [DEBUG] [calypso-direct] [DATA_IN] AWS=3.3kt AWA=351° Batt=100% Temp=0°C
[2026-06-06T10:39:13.791] [DEBUG] [calypso-direct] [DATA_IN] AWS=3.3kt AWA=351° Batt=100% Temp=0°C
[2026-06-06T10:39:14.172] [WARNING] [calypso-direct] [TIMING] Large gap: 381ms (expected ~125ms at 8Hz) AWS=3.3kt
[2026-06-06T10:39:14.172] [DEBUG] [calypso-direct] [DATA_IN] AWS=3.3kt AWA=351° Batt=100% Temp=0°C
[2026-06-06T10:39:14.174] [DEBUG] [calypso-direct] [DATA_IN] AWS=3.5kt AWA=351° Batt=100% Temp=0°C
[2026-06-06T10:39:14.178] [DEBUG] [calypso-direct] [DATA_IN] AWS=3.5kt AWA=351° Batt=100% Temp=0°C
[2026-06-06T10:39:14.179] [DEBUG] [calypso-direct] [DATA_IN] AWS=3.5kt AWA=346° Batt=100% Temp=0°C
[2026-06-06T10:39:14.179] [DEBUG] [calypso-direct] [DATA_IN] AWS=3.1kt AWA=346° Batt=100% Temp=0°C
[2026-06-06T10:39:15.732] [WARNING] [calypso-direct] [TIMING] Large gap: 1553ms (expected ~125ms at 8Hz) AWS=2.9kt
[2026-06-06T10:39:15.733] [DEBUG] [calypso-direct] [DATA_IN] AWS=2.9kt AWA=346° Batt=100% Temp=0°C
[2026-06-06T10:39:16.122] [WARNING] [calypso-direct] [TIMING] Large gap: 390ms (expected ~125ms at 8Hz) AWS=2.7kt
[2026-06-06T10:39:16.123] [DEBUG] [calypso-direct] [DATA_IN] AWS=2.7kt AWA=346° Batt=100% Temp=0°C
[2026-06-06T10:39:16.124] [DEBUG] [calypso-direct] [DATA_IN] AWS=2.7kt AWA=346° Batt=100% Temp=0°C
[2026-06-06T10:39:16.126] [DEBUG] [calypso-direct] [DATA_IN] AWS=2.9kt AWA=336° Batt=100% Temp=0°C
[2026-06-06T10:39:17.683] [WARNING] [calypso-direct] [TIMING] Large gap: 1557ms (expected ~125ms at 8Hz) AWS=2.9kt
[2026-06-06T10:39:17.683] [DEBUG] [calypso-direct] [DATA_IN] AWS=2.9kt AWA=336° Batt=100% Temp=0°C
[2026-06-06T10:39:17.687] [DEBUG] [calypso-direct] [DATA_IN] AWS=2.9kt AWA=336° Batt=100% Temp=0°C
[2026-06-06T10:39:17.688] [DEBUG] [calypso-direct] [DATA_IN] AWS=2.9kt AWA=337° Batt=100% Temp=0°C
[2026-06-06T10:39:17.689] [DEBUG] [calypso-direct] [DATA_IN] AWS=2.9kt AWA=337° Batt=100% Temp=0°C
[2026-06-06T10:39:17.690] [DEBUG] [calypso-direct] [DATA_IN] AWS=2.9kt AWA=347° Batt=100% Temp=0°C
[2026-06-06T10:39:18.268] [WARNING] [calypso-direct] [TIMING] Large gap: 577ms (expected ~125ms at 8Hz) AWS=2.9kt
[2026-06-06T10:39:18.268] [DEBUG] [calypso-direct] [DATA_IN] AWS=2.9kt AWA=347° Batt=100% Temp=0°C
[2026-06-06T10:39:18.269] [DEBUG] [calypso-direct] [DATA_IN] AWS=3.3kt AWA=347° Batt=100% Temp=0°C
[2026-06-06T10:39:18.271] [DEBUG] [calypso-direct] [DATA_IN] AWS=3.3kt AWA=347° Batt=100% Temp=0°C
[2026-06-06T10:39:18.275] [DEBUG] [calypso-direct] [DATA_IN] AWS=3.1kt AWA=347° Batt=100% Temp=0°C
[2026-06-06T10:39:18.276] [DEBUG] [calypso-direct] [DATA_IN] AWS=3.1kt AWA=333° Batt=100% Temp=0°C
[2026-06-06T10:39:19.049] [WARNING] [calypso-direct] [TIMING] Large gap: 773ms (expected ~125ms at 8Hz) AWS=2.9kt
[2026-06-06T10:39:19.050] [DEBUG] [calypso-direct] [DATA_IN] AWS=2.9kt AWA=334° Batt=100% Temp=0°C
[2026-06-06T10:39:19.634] [WARNING] [calypso-direct] [TIMING] Large gap: 584ms (expected ~125ms at 8Hz) AWS=2.9kt
[2026-06-06T10:39:19.634] [DEBUG] [calypso-direct] [DATA_IN] AWS=2.9kt AWA=333° Batt=100% Temp=0°C
[2026-06-06T10:39:19.635] [DEBUG] [calypso-direct] [DATA_IN] AWS=2.9kt AWA=333° Batt=100% Temp=0°C
[2026-06-06T10:39:19.637] [DEBUG] [calypso-direct] [DATA_IN] AWS=2.9kt AWA=333° Batt=100% Temp=0°C
[2026-06-06T10:39:19.638] [DEBUG] [calypso-direct] [DATA_IN] AWS=2.9kt AWA=337° Batt=100% Temp=0°C
[2026-06-06T10:39:19.639] [DEBUG] [calypso-direct] [DATA_IN] AWS=3.3kt AWA=336° Batt=100% Temp=0°C
[2026-06-06T10:39:20.023] [WARNING] [calypso-direct] [TIMING] Large gap: 384ms (expected ~125ms at 8Hz) AWS=3.3kt
[2026-06-06T10:39:20.024] [DEBUG] [calypso-direct] [DATA_IN] AWS=3.3kt AWA=336° Batt=100% Temp=0°C
[2026-06-06T10:39:20.027] [DEBUG] [calypso-direct] [DATA_IN] AWS=3.3kt AWA=337° Batt=100% Temp=0°C
[2026-06-06T10:39:20.028] [DEBUG] [calypso-direct] [DATA_IN] AWS=3.3kt AWA=337° Batt=100% Temp=0°C
[2026-06-06T10:39:20.028] [DEBUG] [calypso-direct] [DATA_IN] AWS=3.3kt AWA=346° Batt=100% Temp=0°C
[2026-06-06T10:39:20.413] [WARNING] [calypso-direct] [TIMING] Large gap: 384ms (expected ~125ms at 8Hz) AWS=3.3kt
[2026-06-06T10:39:20.413] [DEBUG] [calypso-direct] [DATA_IN] AWS=3.3kt AWA=346° Batt=100% Temp=0°C
[2026-06-06T10:39:20.803] [WARNING] [calypso-direct] [TIMING] Large gap: 390ms (expected ~125ms at 8Hz) AWS=3.1kt
[2026-06-06T10:39:20.804] [DEBUG] [calypso-direct] [DATA_IN] AWS=3.1kt AWA=346° Batt=100% Temp=0°C
[2026-06-06T10:39:20.804] [DEBUG] [calypso-direct] [DATA_IN] AWS=3.1kt AWA=346° Batt=100% Temp=0°C
[2026-06-06T10:39:21.583] [WARNING] [calypso-direct] [TIMING] Large gap: 779ms (expected ~125ms at 8Hz) AWS=3.1kt
[2026-06-06T10:39:21.583] [DEBUG] [calypso-direct] [DATA_IN] AWS=3.1kt AWA=346° Batt=100% Temp=0°C
[2026-06-06T10:39:21.973] [WARNING] [calypso-direct] [TIMING] Large gap: 390ms (expected ~125ms at 8Hz) AWS=3.1kt
[2026-06-06T10:39:21.973] [DEBUG] [calypso-direct] [DATA_IN] AWS=3.1kt AWA=329° Batt=100% Temp=0°C
[2026-06-06T10:39:21.975] [DEBUG] [calypso-direct] [DATA_IN] AWS=3.1kt AWA=327° Batt=100% Temp=0°C
[2026-06-06T10:39:21.977] [DEBUG] [calypso-direct] [DATA_IN] AWS=3.1kt AWA=327° Batt=100% Temp=0°C
[2026-06-06T10:39:22.363] [WARNING] [calypso-direct] [TIMING] Large gap: 386ms (expected ~125ms at 8Hz) AWS=3.1kt
[2026-06-06T10:39:22.364] [DEBUG] [calypso-direct] [DATA_IN] AWS=3.1kt AWA=327° Batt=100% Temp=0°C
[2026-06-06T10:39:22.366] [DEBUG] [calypso-direct] [DATA_IN] AWS=2.5kt AWA=328° Batt=100% Temp=0°C
[2026-06-06T10:39:22.558] [DEBUG] [calypso-direct] [DATA_IN] AWS=2.5kt AWA=329° Batt=100% Temp=0°C
[2026-06-06T10:39:22.948] [WARNING] [calypso-direct] [TIMING] Large gap: 390ms (expected ~125ms at 8Hz) AWS=2.5kt
[2026-06-06T10:39:22.949] [DEBUG] [calypso-direct] [DATA_IN] AWS=2.5kt AWA=330° Batt=100% Temp=0°C
[2026-06-06T10:39:23.338] [WARNING] [calypso-direct] [TIMING] Large gap: 391ms (expected ~125ms at 8Hz) AWS=3.3kt
[2026-06-06T10:39:23.339] [DEBUG] [calypso-direct] [DATA_IN] AWS=3.3kt AWA=330° Batt=100% Temp=0°C
[2026-06-06T10:39:23.340] [DEBUG] [calypso-direct] [DATA_IN] AWS=3.3kt AWA=331° Batt=100% Temp=0°C
[2026-06-06T10:39:24.313] [WARNING] [calypso-direct] [TIMING] Large gap: 974ms (expected ~125ms at 8Hz) AWS=3.3kt
[2026-06-06T10:39:24.314] [DEBUG] [calypso-direct] [DATA_IN] AWS=3.3kt AWA=330° Batt=100% Temp=0°C
[2026-06-06T10:39:24.315] [DEBUG] [calypso-direct] [DATA_IN] AWS=3.1kt AWA=334° Batt=100% Temp=0°C
[2026-06-06T10:39:24.318] [DEBUG] [calypso-direct] [DATA_IN] AWS=3.1kt AWA=334° Batt=100% Temp=0°C
[2026-06-06T10:39:24.320] [DEBUG] [calypso-direct] [DATA_IN] AWS=2.7kt AWA=334° Batt=100% Temp=0°C
[2026-06-06T10:39:24.901] [WARNING] [calypso-direct] [TIMING] Large gap: 581ms (expected ~125ms at 8Hz) AWS=2.7kt
[2026-06-06T10:39:24.902] [DEBUG] [calypso-direct] [DATA_IN] AWS=2.7kt AWA=334° Batt=100% Temp=0°C
[2026-06-06T10:39:24.905] [DEBUG] [calypso-direct] [DATA_IN] AWS=2.5kt AWA=334° Batt=100% Temp=0°C
[2026-06-06T10:39:25.484] [WARNING] [calypso-direct] [TIMING] Large gap: 579ms (expected ~125ms at 8Hz) AWS=2.5kt
[2026-06-06T10:39:25.485] [DEBUG] [calypso-direct] [DATA_IN] AWS=2.5kt AWA=350° Batt=100% Temp=0°C
[2026-06-06T10:39:25.487] [DEBUG] [calypso-direct] [DATA_IN] AWS=2.5kt AWA=350° Batt=100% Temp=0°C
[2026-06-06T10:39:26.459] [WARNING] [calypso-direct] [TIMING] Large gap: 973ms (expected ~125ms at 8Hz) AWS=2.5kt
[2026-06-06T10:39:26.460] [DEBUG] [calypso-direct] [DATA_IN] AWS=2.5kt AWA=350° Batt=100% Temp=0°C
[2026-06-06T10:39:26.463] [DEBUG] [calypso-direct] [DATA_IN] AWS=2.5kt AWA=350° Batt=100% Temp=0°C
[2026-06-06T10:39:26.465] [DEBUG] [calypso-direct] [DATA_IN] AWS=2.7kt AWA=350° Batt=100% Temp=0°C
[2026-06-06T10:39:26.467] [DEBUG] [calypso-direct] [DATA_IN] AWS=2.7kt AWA=341° Batt=100% Temp=0°C
[2026-06-06T10:39:26.654] [DEBUG] [calypso-direct] [DATA_IN] AWS=2.9kt AWA=341° Batt=100% Temp=0°C
[2026-06-06T10:39:26.850] [DEBUG] [calypso-direct] [DATA_IN] AWS=3.1kt AWA=342° Batt=100% Temp=0°C
[2026-06-06T10:39:27.238] [WARNING] [calypso-direct] [TIMING] Large gap: 389ms (expected ~125ms at 8Hz) AWS=3.1kt
[2026-06-06T10:39:27.239] [DEBUG] [calypso-direct] [DATA_IN] AWS=3.1kt AWA=342° Batt=100% Temp=0°C
[2026-06-06T10:39:27.824] [WARNING] [calypso-direct] [TIMING] Large gap: 586ms (expected ~125ms at 8Hz) AWS=3.1kt
[2026-06-06T10:39:27.824] [DEBUG] [calypso-direct] [DATA_IN] AWS=3.1kt AWA=342° Batt=100% Temp=0°C
[2026-06-06T10:39:27.825] [DEBUG] [calypso-direct] [DATA_IN] AWS=3.1kt AWA=353° Batt=100% Temp=0°C
[2026-06-06T10:39:27.826] [DEBUG] [calypso-direct] [DATA_IN] AWS=2.7kt AWA=353° Batt=100% Temp=0°C
[2026-06-06T10:39:28.408] [WARNING] [calypso-direct] [TIMING] Large gap: 582ms (expected ~125ms at 8Hz) AWS=2.5kt
[2026-06-06T10:39:28.409] [DEBUG] [calypso-direct] [DATA_IN] AWS=2.5kt AWA=353° Batt=100% Temp=0°C
[2026-06-06T10:39:28.603] [DEBUG] [calypso-direct] [DATA_IN] AWS=2.5kt AWA=353° Batt=100% Temp=0°C
[2026-06-06T10:39:28.605] [DEBUG] [calypso-direct] [DATA_IN] AWS=2.3kt AWA=353° Batt=100% Temp=0°C
[2026-06-06T10:39:28.799] [DEBUG] [calypso-direct] [DATA_IN] AWS=2.5kt AWA=332° Batt=100% Temp=0°C
[2026-06-06T10:39:29.190] [WARNING] [calypso-direct] [TIMING] Large gap: 391ms (expected ~125ms at 8Hz) AWS=2.3kt
[2026-06-06T10:39:29.190] [DEBUG] [calypso-direct] [DATA_IN] AWS=2.3kt AWA=332° Batt=100% Temp=0°C
[2026-06-06T10:39:29.774] [WARNING] [calypso-direct] [TIMING] Large gap: 584ms (expected ~125ms at 8Hz) AWS=2.7kt
[2026-06-06T10:39:29.774] [DEBUG] [calypso-direct] [DATA_IN] AWS=2.7kt AWA=332° Batt=100% Temp=0°C
[2026-06-06T10:39:29.775] [DEBUG] [calypso-direct] [DATA_IN] AWS=2.3kt AWA=332° Batt=100% Temp=0°C
[2026-06-06T10:39:30.163] [WARNING] [calypso-direct] [TIMING] Large gap: 388ms (expected ~125ms at 8Hz) AWS=2.7kt
[2026-06-06T10:39:30.164] [DEBUG] [calypso-direct] [DATA_IN] AWS=2.7kt AWA=333° Batt=100% Temp=0°C
[2026-06-06T10:39:32.114] [WARNING] [calypso-direct] [TIMING] Large gap: 1951ms (expected ~125ms at 8Hz) AWS=2.9kt
[2026-06-06T10:39:32.115] [DEBUG] [calypso-direct] [DATA_IN] AWS=2.9kt AWA=329° Batt=100% Temp=0°C
[2026-06-06T10:39:32.116] [DEBUG] [calypso-direct] [DATA_IN] AWS=2.9kt AWA=328° Batt=100% Temp=0°C
[2026-06-06T10:39:32.118] [DEBUG] [calypso-direct] [DATA_IN] AWS=3.5kt AWA=324° Batt=100% Temp=0°C
[2026-06-06T10:39:32.121] [DEBUG] [calypso-direct] [DATA_IN] AWS=3.5kt AWA=324° Batt=100% Temp=0°C
[2026-06-06T10:39:32.123] [DEBUG] [calypso-direct] [DATA_IN] AWS=3.5kt AWA=324° Batt=100% Temp=0°C
[2026-06-06T10:39:32.701] [WARNING] [calypso-direct] [TIMING] Large gap: 577ms (expected ~125ms at 8Hz) AWS=3.1kt
[2026-06-06T10:39:32.702] [DEBUG] [calypso-direct] [DATA_IN] AWS=3.1kt AWA=326° Batt=100% Temp=0°C
[2026-06-06T10:39:32.703] [DEBUG] [calypso-direct] [DATA_IN] AWS=3.1kt AWA=327° Batt=100% Temp=0°C
[2026-06-06T10:39:32.704] [DEBUG] [calypso-direct] [DATA_IN] AWS=3.1kt AWA=330° Batt=100% Temp=0°C
[2026-06-06T10:39:32.707] [DEBUG] [calypso-direct] [DATA_IN] AWS=3.1kt AWA=330° Batt=100% Temp=0°C
[2026-06-06T10:39:32.708] [DEBUG] [calypso-direct] [DATA_IN] AWS=3.3kt AWA=330° Batt=100% Temp=0°C
[2026-06-06T10:39:32.894] [DEBUG] [calypso-direct] [DATA_IN] AWS=3.3kt AWA=350° Batt=100% Temp=0°C
[2026-06-06T10:39:32.895] [DEBUG] [calypso-direct] [DATA_IN] AWS=3.1kt AWA=350° Batt=100% Temp=0°C
[2026-06-06T10:39:33.284] [WARNING] [calypso-direct] [TIMING] Large gap: 388ms (expected ~125ms at 8Hz) AWS=3.5kt
[2026-06-06T10:39:33.284] [DEBUG] [calypso-direct] [DATA_IN] AWS=3.5kt AWA=350° Batt=100% Temp=0°C
[2026-06-06T10:39:33.286] [DEBUG] [calypso-direct] [DATA_IN] AWS=3.5kt AWA=350° Batt=100% Temp=0°C
[2026-06-06T10:39:33.674] [WARNING] [calypso-direct] [TIMING] Large gap: 388ms (expected ~125ms at 8Hz) AWS=3.5kt
[2026-06-06T10:39:33.677] [DEBUG] [calypso-direct] [DATA_IN] AWS=3.5kt AWA=350° Batt=100% Temp=0°C
[2026-06-06T10:39:33.871] [DEBUG] [calypso-direct] [DATA_IN] AWS=3.5kt AWA=338° Batt=100% Temp=0°C
[2026-06-06T10:39:34.454] [WARNING] [calypso-direct] [TIMING] Large gap: 585ms (expected ~125ms at 8Hz) AWS=3.5kt
[2026-06-06T10:39:34.454] [DEBUG] [calypso-direct] [DATA_IN] AWS=3.5kt AWA=337° Batt=100% Temp=0°C
[2026-06-06T10:39:34.458] [DEBUG] [calypso-direct] [DATA_IN] AWS=3.5kt AWA=337° Batt=100% Temp=0°C
[2026-06-06T10:39:34.649] [DEBUG] [calypso-direct] [DATA_IN] AWS=3.5kt AWA=335° Batt=100% Temp=0°C
[2026-06-06T10:39:34.844] [DEBUG] [calypso-direct] [DATA_IN] AWS=4.1kt AWA=333° Batt=100% Temp=0°C
[2026-06-06T10:39:35.039] [DEBUG] [calypso-direct] [DATA_IN] AWS=4.1kt AWA=322° Batt=100% Temp=0°C
[2026-06-06T10:39:35.430] [WARNING] [calypso-direct] [TIMING] Large gap: 391ms (expected ~125ms at 8Hz) AWS=4.1kt
[2026-06-06T10:39:35.430] [DEBUG] [calypso-direct] [DATA_IN] AWS=4.1kt AWA=322° Batt=100% Temp=0°C
[2026-06-06T10:39:35.819] [WARNING] [calypso-direct] [TIMING] Large gap: 389ms (expected ~125ms at 8Hz) AWS=4.1kt
[2026-06-06T10:39:35.819] [DEBUG] [calypso-direct] [DATA_IN] AWS=4.1kt AWA=323° Batt=100% Temp=0°C
[2026-06-06T10:39:36.209] [WARNING] [calypso-direct] [TIMING] Large gap: 390ms (expected ~125ms at 8Hz) AWS=3.3kt
[2026-06-06T10:39:36.210] [DEBUG] [calypso-direct] [DATA_IN] AWS=3.3kt AWA=323° Batt=100% Temp=0°C
[2026-06-06T10:39:36.211] [DEBUG] [calypso-direct] [DATA_IN] AWS=3.3kt AWA=325° Batt=100% Temp=0°C
[2026-06-06T10:39:36.404] [DEBUG] [calypso-direct] [DATA_IN] AWS=3.3kt AWA=323° Batt=100% Temp=0°C
[2026-06-06T10:39:36.794] [WARNING] [calypso-direct] [TIMING] Large gap: 390ms (expected ~125ms at 8Hz) AWS=3.3kt
[2026-06-06T10:39:36.794] [DEBUG] [calypso-direct] [DATA_IN] AWS=3.3kt AWA=323° Batt=100% Temp=0°C
[2026-06-06T10:39:37.184] [WARNING] [calypso-direct] [TIMING] Large gap: 390ms (expected ~125ms at 8Hz) AWS=3.3kt
[2026-06-06T10:39:37.186] [DEBUG] [calypso-direct] [DATA_IN] AWS=3.3kt AWA=323° Batt=100% Temp=0°C
[2026-06-06T10:39:37.575] [WARNING] [calypso-direct] [TIMING] Large gap: 390ms (expected ~125ms at 8Hz) AWS=3.5kt
[2026-06-06T10:39:37.575] [DEBUG] [calypso-direct] [DATA_IN] AWS=3.5kt AWA=321° Batt=100% Temp=0°C
[2026-06-06T10:39:37.577] [DEBUG] [calypso-direct] [DATA_IN] AWS=3.5kt AWA=321° Batt=100% Temp=0°C
[2026-06-06T10:39:37.769] [DEBUG] [calypso-direct] [DATA_IN] AWS=3.9kt AWA=319° Batt=100% Temp=0°C
[2026-06-06T10:39:38.160] [WARNING] [calypso-direct] [TIMING] Large gap: 390ms (expected ~125ms at 8Hz) AWS=3.9kt
[2026-06-06T10:39:38.160] [DEBUG] [calypso-direct] [DATA_IN] AWS=3.9kt AWA=318° Batt=100% Temp=0°C
[2026-06-06T10:39:38.165] [DEBUG] [calypso-direct] [DATA_IN] AWS=4.1kt AWA=318° Batt=100% Temp=0°C
[2026-06-06T10:39:38.356] [DEBUG] [calypso-direct] [DATA_IN] AWS=4.1kt AWA=317° Batt=100% Temp=0°C
[2026-06-06T10:39:38.939] [WARNING] [calypso-direct] [TIMING] Large gap: 584ms (expected ~125ms at 8Hz) AWS=4.1kt
[2026-06-06T10:39:38.940] [DEBUG] [calypso-direct] [DATA_IN] AWS=4.1kt AWA=318° Batt=100% Temp=0°C
[2026-06-06T10:39:39.330] [WARNING] [calypso-direct] [TIMING] Large gap: 390ms (expected ~125ms at 8Hz) AWS=4.1kt
[2026-06-06T10:39:39.332] [DEBUG] [calypso-direct] [DATA_IN] AWS=4.1kt AWA=318° Batt=100% Temp=0°C
[2026-06-06T10:39:39.334] [DEBUG] [calypso-direct] [DATA_IN] AWS=3.7kt AWA=319° Batt=100% Temp=0°C
[2026-06-06T10:39:39.335] [DEBUG] [calypso-direct] [DATA_IN] AWS=3.5kt AWA=319° Batt=100% Temp=0°C
[2026-06-06T10:39:39.524] [DEBUG] [calypso-direct] [DATA_IN] AWS=3.5kt AWA=320° Batt=100% Temp=0°C
[2026-06-06T10:39:39.915] [WARNING] [calypso-direct] [TIMING] Large gap: 391ms (expected ~125ms at 8Hz) AWS=3.3kt
[2026-06-06T10:39:39.915] [DEBUG] [calypso-direct] [DATA_IN] AWS=3.3kt AWA=319° Batt=100% Temp=0°C
[2026-06-06T10:39:40.109] [DEBUG] [calypso-direct] [DATA_IN] AWS=3.1kt AWA=331° Batt=100% Temp=0°C
[2026-06-06T10:39:40.499] [WARNING] [calypso-direct] [TIMING] Large gap: 390ms (expected ~125ms at 8Hz) AWS=3.3kt
[2026-06-06T10:39:40.500] [DEBUG] [calypso-direct] [DATA_IN] AWS=3.3kt AWA=331° Batt=100% Temp=0°C
[2026-06-06T10:39:40.501] [DEBUG] [calypso-direct] [DATA_IN] AWS=3.3kt AWA=331° Batt=100% Temp=0°C
[2026-06-06T10:39:41.475] [WARNING] [calypso-direct] [TIMING] Large gap: 973ms (expected ~125ms at 8Hz) AWS=3.3kt
[2026-06-06T10:39:41.475] [DEBUG] [calypso-direct] [DATA_IN] AWS=3.3kt AWA=331° Batt=100% Temp=0°C
[2026-06-06T10:39:41.476] [DEBUG] [calypso-direct] [DATA_IN] AWS=3.5kt AWA=331° Batt=100% Temp=0°C
[2026-06-06T10:39:41.478] [DEBUG] [calypso-direct] [DATA_IN] AWS=3.7kt AWA=314° Batt=100% Temp=0°C
[2026-06-06T10:39:41.670] [DEBUG] [calypso-direct] [DATA_IN] AWS=3.5kt AWA=314° Batt=100% Temp=0°C
[2026-06-06T10:39:42.060] [WARNING] [calypso-direct] [TIMING] Large gap: 390ms (expected ~125ms at 8Hz) AWS=3.7kt
[2026-06-06T10:39:42.061] [DEBUG] [calypso-direct] [DATA_IN] AWS=3.7kt AWA=316° Batt=100% Temp=0°C
[2026-06-06T10:39:42.255] [DEBUG] [calypso-direct] [DATA_IN] AWS=3.7kt AWA=316° Batt=100% Temp=0°C
[2026-06-06T10:39:42.256] [DEBUG] [calypso-direct] [DATA_IN] AWS=3.7kt AWA=316° Batt=100% Temp=0°C
[2026-06-06T10:39:42.645] [WARNING] [calypso-direct] [TIMING] Large gap: 389ms (expected ~125ms at 8Hz) AWS=3.9kt
[2026-06-06T10:39:42.645] [DEBUG] [calypso-direct] [DATA_IN] AWS=3.9kt AWA=319° Batt=100% Temp=0°C
[2026-06-06T10:39:43.035] [WARNING] [calypso-direct] [TIMING] Large gap: 390ms (expected ~125ms at 8Hz) AWS=4.1kt
[2026-06-06T10:39:43.035] [DEBUG] [calypso-direct] [DATA_IN] AWS=4.1kt AWA=319° Batt=100% Temp=0°C
[2026-06-06T10:39:43.036] [DEBUG] [calypso-direct] [DATA_IN] AWS=4.1kt AWA=320° Batt=100% Temp=0°C
[2026-06-06T10:39:43.425] [WARNING] [calypso-direct] [TIMING] Large gap: 389ms (expected ~125ms at 8Hz) AWS=4.1kt
[2026-06-06T10:39:43.426] [DEBUG] [calypso-direct] [DATA_IN] AWS=4.1kt AWA=318° Batt=100% Temp=0°C
[2026-06-06T10:39:43.622] [DEBUG] [calypso-direct] [DATA_IN] AWS=4.1kt AWA=319° Batt=100% Temp=0°C
[2026-06-06T10:39:44.206] [WARNING] [calypso-direct] [TIMING] Large gap: 584ms (expected ~125ms at 8Hz) AWS=3.5kt
[2026-06-06T10:39:44.207] [DEBUG] [calypso-direct] [DATA_IN] AWS=3.5kt AWA=327° Batt=100% Temp=0°C
[2026-06-06T10:39:44.210] [DEBUG] [calypso-direct] [DATA_IN] AWS=3.5kt AWA=327° Batt=100% Temp=0°C
[2026-06-06T10:39:44.401] [DEBUG] [calypso-direct] [DATA_IN] AWS=3.3kt AWA=327° Batt=100% Temp=0°C
[2026-06-06T10:39:44.790] [WARNING] [calypso-direct] [TIMING] Large gap: 390ms (expected ~125ms at 8Hz) AWS=3.1kt
[2026-06-06T10:39:44.791] [DEBUG] [calypso-direct] [DATA_IN] AWS=3.1kt AWA=327° Batt=100% Temp=0°C
[2026-06-06T10:39:44.793] [DEBUG] [calypso-direct] [DATA_IN] AWS=3.1kt AWA=327° Batt=100% Temp=0°C
[2026-06-06T10:39:45.181] [WARNING] [calypso-direct] [TIMING] Large gap: 388ms (expected ~125ms at 8Hz) AWS=3.1kt
[2026-06-06T10:39:45.182] [DEBUG] [calypso-direct] [DATA_IN] AWS=3.1kt AWA=320° Batt=100% Temp=0°C
[2026-06-06T10:39:45.960] [WARNING] [calypso-direct] [TIMING] Large gap: 779ms (expected ~125ms at 8Hz) AWS=3.7kt
[2026-06-06T10:39:45.960] [DEBUG] [calypso-direct] [DATA_IN] AWS=3.7kt AWA=319° Batt=100% Temp=0°C
[2026-06-06T10:39:45.963] [DEBUG] [calypso-direct] [DATA_IN] AWS=3.7kt AWA=318° Batt=100% Temp=0°C
[2026-06-06T10:39:46.155] [DEBUG] [calypso-direct] [DATA_IN] AWS=3.7kt AWA=317° Batt=100% Temp=0°C
[2026-06-06T10:39:46.156] [DEBUG] [calypso-direct] [DATA_IN] AWS=3.7kt AWA=316° Batt=100% Temp=0°C
[2026-06-06T10:39:46.740] [WARNING] [calypso-direct] [TIMING] Large gap: 583ms (expected ~125ms at 8Hz) AWS=3.5kt
[2026-06-06T10:39:46.740] [DEBUG] [calypso-direct] [DATA_IN] AWS=3.5kt AWA=322° Batt=100% Temp=0°C
[2026-06-06T10:39:46.741] [DEBUG] [calypso-direct] [DATA_IN] AWS=3.3kt AWA=322° Batt=100% Temp=0°C
[2026-06-06T10:39:46.935] [DEBUG] [calypso-direct] [DATA_IN] AWS=3.5kt AWA=321° Batt=100% Temp=0°C
[2026-06-06T10:39:47.130] [DEBUG] [calypso-direct] [DATA_IN] AWS=3.7kt AWA=323° Batt=100% Temp=0°C
[2026-06-06T10:39:47.520] [WARNING] [calypso-direct] [TIMING] Large gap: 390ms (expected ~125ms at 8Hz) AWS=3.7kt
[2026-06-06T10:39:47.522] [DEBUG] [calypso-direct] [DATA_IN] AWS=3.7kt AWA=323° Batt=100% Temp=0°C
[2026-06-06T10:39:47.523] [DEBUG] [calypso-direct] [DATA_IN] AWS=3.7kt AWA=323° Batt=100% Temp=0°C
[2026-06-06T10:39:47.910] [WARNING] [calypso-direct] [TIMING] Large gap: 387ms (expected ~125ms at 8Hz) AWS=3.7kt
[2026-06-06T10:39:47.910] [DEBUG] [calypso-direct] [DATA_IN] AWS=3.7kt AWA=323° Batt=100% Temp=0°C
[2026-06-06T10:39:48.495] [WARNING] [calypso-direct] [TIMING] Large gap: 585ms (expected ~125ms at 8Hz) AWS=3.9kt
[2026-06-06T10:39:48.496] [DEBUG] [calypso-direct] [DATA_IN] AWS=3.9kt AWA=323° Batt=100% Temp=0°C
[2026-06-06T10:39:48.497] [DEBUG] [calypso-direct] [DATA_IN] AWS=3.9kt AWA=323° Batt=100% Temp=0°C
[2026-06-06T10:39:48.690] [DEBUG] [calypso-direct] [DATA_IN] AWS=3.5kt AWA=324° Batt=100% Temp=0°C
[2026-06-06T10:39:48.885] [INFO] [calypso-direct] [RATE_1MIN] 248 pkts/min (expected 480 at 8Hz) max_gap=1951ms gaps_>250ms=93
[2026-06-06T10:39:48.886] [DEBUG] [calypso-direct] [DATA_IN] AWS=3.5kt AWA=322° Batt=100% Temp=0°C
[2026-06-06T10:39:49.083] [DEBUG] [calypso-direct] [DATA_IN] AWS=3.7kt AWA=322° Batt=100% Temp=0°C
[2026-06-06T10:39:49.470] [WARNING] [calypso-direct] [TIMING] Large gap: 388ms (expected ~125ms at 8Hz) AWS=3.5kt
[2026-06-06T10:39:49.471] [DEBUG] [calypso-direct] [DATA_IN] AWS=3.5kt AWA=322° Batt=100% Temp=0°C
[2026-06-06T10:39:49.666] [DEBUG] [calypso-direct] [DATA_IN] AWS=3.5kt AWA=322° Batt=100% Temp=0°C
[2026-06-06T10:39:49.861] [DEBUG] [calypso-direct] [DATA_IN] AWS=3.3kt AWA=322° Batt=100% Temp=0°C
[2026-06-06T10:39:50.250] [WARNING] [calypso-direct] [TIMING] Large gap: 389ms (expected ~125ms at 8Hz) AWS=3.3kt
[2026-06-06T10:39:50.251] [DEBUG] [calypso-direct] [DATA_IN] AWS=3.3kt AWA=319° Batt=100% Temp=0°C
[2026-06-06T10:39:50.838] [WARNING] [calypso-direct] [TIMING] Large gap: 587ms (expected ~125ms at 8Hz) AWS=3.3kt
[2026-06-06T10:39:50.838] [DEBUG] [calypso-direct] [DATA_IN] AWS=3.3kt AWA=319° Batt=100% Temp=0°C
[2026-06-06T10:39:50.842] [DEBUG] [calypso-direct] [DATA_IN] AWS=3.9kt AWA=319° Batt=100% Temp=0°C
[2026-06-06T10:39:50.844] [DEBUG] [calypso-direct] [DATA_IN] AWS=4.7kt AWA=319° Batt=100% Temp=0°C
[2026-06-06T10:39:51.227] [WARNING] [calypso-direct] [TIMING] Large gap: 383ms (expected ~125ms at 8Hz) AWS=4.7kt
[2026-06-06T10:39:51.228] [DEBUG] [calypso-direct] [DATA_IN] AWS=4.7kt AWA=318° Batt=100% Temp=0°C
[2026-06-06T10:39:51.422] [DEBUG] [calypso-direct] [DATA_IN] AWS=4.7kt AWA=319° Batt=100% Temp=0°C
[2026-06-06T10:39:51.616] [DEBUG] [calypso-direct] [DATA_IN] AWS=4.3kt AWA=319° Batt=100% Temp=0°C
[2026-06-06T10:39:52.009] [WARNING] [calypso-direct] [TIMING] Large gap: 392ms (expected ~125ms at 8Hz) AWS=4.1kt
[2026-06-06T10:39:52.011] [DEBUG] [calypso-direct] [DATA_IN] AWS=4.1kt AWA=319° Batt=100% Temp=0°C
[2026-06-06T10:39:52.012] [DEBUG] [calypso-direct] [DATA_IN] AWS=3.7kt AWA=320° Batt=100% Temp=0°C
[2026-06-06T10:39:52.592] [WARNING] [calypso-direct] [TIMING] Large gap: 580ms (expected ~125ms at 8Hz) AWS=3.7kt
[2026-06-06T10:39:52.592] [DEBUG] [calypso-direct] [DATA_IN] AWS=3.7kt AWA=321° Batt=100% Temp=0°C
[2026-06-06T10:39:52.597] [DEBUG] [calypso-direct] [DATA_IN] AWS=3.7kt AWA=324° Batt=100% Temp=0°C
[2026-06-06T10:39:52.787] [DEBUG] [calypso-direct] [DATA_IN] AWS=3.3kt AWA=324° Batt=100% Temp=0°C
[2026-06-06T10:39:53.177] [WARNING] [calypso-direct] [TIMING] Large gap: 390ms (expected ~125ms at 8Hz) AWS=3.3kt
[2026-06-06T10:39:53.178] [DEBUG] [calypso-direct] [DATA_IN] AWS=3.3kt AWA=324° Batt=100% Temp=0°C
[2026-06-06T10:39:53.760] [WARNING] [calypso-direct] [TIMING] Large gap: 583ms (expected ~125ms at 8Hz) AWS=3.3kt
[2026-06-06T10:39:53.761] [DEBUG] [calypso-direct] [DATA_IN] AWS=3.3kt AWA=324° Batt=100% Temp=0°C
[2026-06-06T10:39:53.763] [DEBUG] [calypso-direct] [DATA_IN] AWS=3.3kt AWA=322° Batt=100% Temp=0°C
[2026-06-06T10:39:53.764] [DEBUG] [calypso-direct] [DATA_IN] AWS=3.3kt AWA=322° Batt=100% Temp=0°C
[2026-06-06T10:39:54.150] [WARNING] [calypso-direct] [TIMING] Large gap: 386ms (expected ~125ms at 8Hz) AWS=3.9kt
[2026-06-06T10:39:54.151] [DEBUG] [calypso-direct] [DATA_IN] AWS=3.9kt AWA=323° Batt=100% Temp=0°C
[2026-06-06T10:39:54.345] [DEBUG] [calypso-direct] [DATA_IN] AWS=3.9kt AWA=323° Batt=100% Temp=0°C
[2026-06-06T10:39:54.541] [DEBUG] [calypso-direct] [DATA_IN] AWS=4.1kt AWA=323° Batt=100% Temp=0°C
[2026-06-06T10:39:54.931] [WARNING] [calypso-direct] [TIMING] Large gap: 390ms (expected ~125ms at 8Hz) AWS=4.1kt
[2026-06-06T10:39:54.931] [DEBUG] [calypso-direct] [DATA_IN] AWS=4.1kt AWA=323° Batt=100% Temp=0°C
[2026-06-06T10:39:55.126] [DEBUG] [calypso-direct] [DATA_IN] AWS=4.1kt AWA=319° Batt=100% Temp=0°C
[2026-06-06T10:39:55.711] [WARNING] [calypso-direct] [TIMING] Large gap: 585ms (expected ~125ms at 8Hz) AWS=4.1kt
[2026-06-06T10:39:55.712] [DEBUG] [calypso-direct] [DATA_IN] AWS=4.1kt AWA=318° Batt=100% Temp=0°C
[2026-06-06T10:39:55.907] [DEBUG] [calypso-direct] [DATA_IN] AWS=4.1kt AWA=318° Batt=100% Temp=0°C
[2026-06-06T10:39:56.101] [DEBUG] [calypso-direct] [DATA_IN] AWS=3.7kt AWA=318° Batt=100% Temp=0°C
[2026-06-06T10:39:56.104] [DEBUG] [calypso-direct] [DATA_IN] AWS=3.7kt AWA=317° Batt=100% Temp=0°C
[2026-06-06T10:39:56.298] [DEBUG] [calypso-direct] [DATA_IN] AWS=3.7kt AWA=325° Batt=100% Temp=0°C
[2026-06-06T10:39:56.686] [WARNING] [calypso-direct] [TIMING] Large gap: 388ms (expected ~125ms at 8Hz) AWS=3.7kt
[2026-06-06T10:39:56.687] [DEBUG] [calypso-direct] [DATA_IN] AWS=3.7kt AWA=326° Batt=100% Temp=0°C
[2026-06-06T10:39:57.076] [WARNING] [calypso-direct] [TIMING] Large gap: 390ms (expected ~125ms at 8Hz) AWS=3.7kt
[2026-06-06T10:39:57.076] [DEBUG] [calypso-direct] [DATA_IN] AWS=3.7kt AWA=326° Batt=100% Temp=0°C
[2026-06-06T10:39:57.079] [DEBUG] [calypso-direct] [DATA_IN] AWS=3.9kt AWA=326° Batt=100% Temp=0°C
[2026-06-06T10:39:57.466] [WARNING] [calypso-direct] [TIMING] Large gap: 387ms (expected ~125ms at 8Hz) AWS=3.9kt
[2026-06-06T10:39:57.466] [DEBUG] [calypso-direct] [DATA_IN] AWS=3.9kt AWA=328° Batt=100% Temp=0°C
[2026-06-06T10:39:57.661] [DEBUG] [calypso-direct] [DATA_IN] AWS=3.7kt AWA=320° Batt=100% Temp=0°C
[2026-06-06T10:39:59.611] [WARNING] [calypso-direct] [TIMING] Large gap: 1950ms (expected ~125ms at 8Hz) AWS=3.7kt
[2026-06-06T10:39:59.611] [DEBUG] [calypso-direct] [DATA_IN] AWS=3.7kt AWA=320° Batt=100% Temp=0°C
[2026-06-06T10:39:59.808] [DEBUG] [calypso-direct] [DATA_IN] AWS=3.7kt AWA=321° Batt=100% Temp=0°C
[2026-06-06T10:39:59.809] [DEBUG] [calypso-direct] [DATA_IN] AWS=3.5kt AWA=321° Batt=100% Temp=0°C
[2026-06-06T10:39:59.811] [DEBUG] [calypso-direct] [DATA_IN] AWS=3.3kt AWA=321° Batt=100% Temp=0°C
[2026-06-06T10:39:59.813] [DEBUG] [calypso-direct] [DATA_IN] AWS=2.9kt AWA=324° Batt=100% Temp=0°C
[2026-06-06T10:39:59.814] [DEBUG] [calypso-direct] [DATA_IN] AWS=3.5kt AWA=324° Batt=100% Temp=0°C
[2026-06-06T10:40:00.002] [DEBUG] [calypso-direct] [DATA_IN] AWS=2.9kt AWA=324° Batt=100% Temp=0°C
[2026-06-06T10:40:00.003] [DEBUG] [calypso-direct] [DATA_IN] AWS=2.9kt AWA=324° Batt=100% Temp=0°C
[2026-06-06T10:40:00.007] [DEBUG] [calypso-direct] [DATA_IN] AWS=2.9kt AWA=324° Batt=100% Temp=0°C
[2026-06-06T10:40:00.008] [DEBUG] [calypso-direct] [DATA_IN] AWS=3.1kt AWA=327° Batt=100% Temp=0°C
[2026-06-06T10:40:00.392] [WARNING] [calypso-direct] [TIMING] Large gap: 384ms (expected ~125ms at 8Hz) AWS=3.1kt
[2026-06-06T10:40:00.392] [DEBUG] [calypso-direct] [DATA_IN] AWS=3.1kt AWA=328° Batt=100% Temp=0°C
[2026-06-06T10:40:00.586] [DEBUG] [calypso-direct] [DATA_IN] AWS=3.7kt AWA=328° Batt=100% Temp=0°C
[2026-06-06T10:40:00.977] [WARNING] [calypso-direct] [TIMING] Large gap: 390ms (expected ~125ms at 8Hz) AWS=3.9kt
[2026-06-06T10:40:00.977] [DEBUG] [calypso-direct] [DATA_IN] AWS=3.9kt AWA=328° Batt=100% Temp=0°C
[2026-06-06T10:40:01.366] [WARNING] [calypso-direct] [TIMING] Large gap: 390ms (expected ~125ms at 8Hz) AWS=4.1kt
[2026-06-06T10:40:01.367] [DEBUG] [calypso-direct] [DATA_IN] AWS=4.1kt AWA=326° Batt=100% Temp=0°C
[2026-06-06T10:40:01.368] [DEBUG] [calypso-direct] [DATA_IN] AWS=4.5kt AWA=321° Batt=100% Temp=0°C
[2026-06-06T10:40:01.561] [DEBUG] [calypso-direct] [DATA_IN] AWS=4.7kt AWA=321° Batt=100% Temp=0°C
[2026-06-06T10:40:02.342] [WARNING] [calypso-direct] [TIMING] Large gap: 781ms (expected ~125ms at 8Hz) AWS=4.7kt
[2026-06-06T10:40:02.342] [DEBUG] [calypso-direct] [DATA_IN] AWS=4.7kt AWA=321° Batt=100% Temp=0°C
[2026-06-06T10:40:02.343] [DEBUG] [calypso-direct] [DATA_IN] AWS=4.7kt AWA=322° Batt=100% Temp=0°C
[2026-06-06T10:40:02.346] [DEBUG] [calypso-direct] [DATA_IN] AWS=4.3kt AWA=323° Batt=100% Temp=0°C
[2026-06-06T10:40:02.926] [WARNING] [calypso-direct] [TIMING] Large gap: 580ms (expected ~125ms at 8Hz) AWS=4.3kt
[2026-06-06T10:40:02.929] [DEBUG] [calypso-direct] [DATA_IN] AWS=4.3kt AWA=324° Batt=100% Temp=0°C
[2026-06-06T10:40:02.929] [DEBUG] [calypso-direct] [DATA_IN] AWS=4.3kt AWA=324° Batt=100% Temp=0°C
[2026-06-06T10:40:03.122] [DEBUG] [calypso-direct] [DATA_IN] AWS=4.3kt AWA=324° Batt=100% Temp=0°C
[2026-06-06T10:40:03.316] [DEBUG] [calypso-direct] [DATA_IN] AWS=4.3kt AWA=324° Batt=100% Temp=0°C
[2026-06-06T10:40:03.513] [DEBUG] [calypso-direct] [DATA_IN] AWS=4.3kt AWA=323° Batt=100% Temp=0°C
[2026-06-06T10:40:03.903] [WARNING] [calypso-direct] [TIMING] Large gap: 390ms (expected ~125ms at 8Hz) AWS=4.1kt
[2026-06-06T10:40:03.903] [DEBUG] [calypso-direct] [DATA_IN] AWS=4.1kt AWA=320° Batt=100% Temp=0°C
[2026-06-06T10:40:04.292] [WARNING] [calypso-direct] [TIMING] Large gap: 390ms (expected ~125ms at 8Hz) AWS=3.7kt
[2026-06-06T10:40:04.293] [DEBUG] [calypso-direct] [DATA_IN] AWS=3.7kt AWA=320° Batt=100% Temp=0°C
[2026-06-06T10:40:04.297] [DEBUG] [calypso-direct] [DATA_IN] AWS=3.5kt AWA=319° Batt=100% Temp=0°C
[2026-06-06T10:40:04.684] [WARNING] [calypso-direct] [TIMING] Large gap: 387ms (expected ~125ms at 8Hz) AWS=2.5kt
[2026-06-06T10:40:04.684] [DEBUG] [calypso-direct] [DATA_IN] AWS=2.5kt AWA=319° Batt=100% Temp=0°C
[2026-06-06T10:40:04.876] [DEBUG] [calypso-direct] [DATA_IN] AWS=2.5kt AWA=323° Batt=100% Temp=0°C
[2026-06-06T10:40:05.072] [DEBUG] [calypso-direct] [DATA_IN] AWS=2.5kt AWA=327° Batt=100% Temp=0°C
[2026-06-06T10:40:05.266] [DEBUG] [calypso-direct] [DATA_IN] AWS=3.1kt AWA=326° Batt=100% Temp=0°C
[2026-06-06T10:40:05.657] [WARNING] [calypso-direct] [TIMING] Large gap: 390ms (expected ~125ms at 8Hz) AWS=3.3kt
[2026-06-06T10:40:05.657] [DEBUG] [calypso-direct] [DATA_IN] AWS=3.3kt AWA=326° Batt=100% Temp=0°C
[2026-06-06T10:40:05.852] [DEBUG] [calypso-direct] [DATA_IN] AWS=3.3kt AWA=326° Batt=100% Temp=0°C
[2026-06-06T10:40:06.047] [DEBUG] [calypso-direct] [DATA_IN] AWS=3.3kt AWA=325° Batt=100% Temp=0°C
[2026-06-06T10:40:06.437] [WARNING] [calypso-direct] [TIMING] Large gap: 390ms (expected ~125ms at 8Hz) AWS=3.1kt
[2026-06-06T10:40:06.437] [DEBUG] [calypso-direct] [DATA_IN] AWS=3.1kt AWA=325° Batt=100% Temp=0°C
[2026-06-06T10:40:06.827] [WARNING] [calypso-direct] [TIMING] Large gap: 391ms (expected ~125ms at 8Hz) AWS=2.7kt
[2026-06-06T10:40:06.829] [DEBUG] [calypso-direct] [DATA_IN] AWS=2.7kt AWA=325° Batt=100% Temp=0°C
[2026-06-06T10:40:06.831] [DEBUG] [calypso-direct] [DATA_IN] AWS=2.7kt AWA=325° Batt=100% Temp=0°C
[2026-06-06T10:40:07.023] [DEBUG] [calypso-direct] [DATA_IN] AWS=2.7kt AWA=325° Batt=100% Temp=0°C
[2026-06-06T10:40:07.412] [WARNING] [calypso-direct] [TIMING] Large gap: 389ms (expected ~125ms at 8Hz) AWS=2.7kt
[2026-06-06T10:40:07.412] [DEBUG] [calypso-direct] [DATA_IN] AWS=2.7kt AWA=324° Batt=100% Temp=0°C
[2026-06-06T10:40:07.607] [DEBUG] [calypso-direct] [DATA_IN] AWS=2.7kt AWA=329° Batt=100% Temp=0°C
[2026-06-06T10:40:07.803] [DEBUG] [calypso-direct] [DATA_IN] AWS=2.7kt AWA=329° Batt=100% Temp=0°C
[2026-06-06T10:40:08.192] [WARNING] [calypso-direct] [TIMING] Large gap: 390ms (expected ~125ms at 8Hz) AWS=3.3kt
[2026-06-06T10:40:08.193] [DEBUG] [calypso-direct] [DATA_IN] AWS=3.3kt AWA=329° Batt=100% Temp=0°C
[2026-06-06T10:40:08.387] [DEBUG] [calypso-direct] [DATA_IN] AWS=3.3kt AWA=330° Batt=100% Temp=0°C
[2026-06-06T10:40:08.582] [DEBUG] [calypso-direct] [DATA_IN] AWS=2.9kt AWA=330° Batt=100% Temp=0°C
[2026-06-06T10:40:08.777] [DEBUG] [calypso-direct] [DATA_IN] AWS=2.9kt AWA=327° Batt=100% Temp=0°C
[2026-06-06T10:40:09.557] [WARNING] [calypso-direct] [TIMING] Large gap: 780ms (expected ~125ms at 8Hz) AWS=2.7kt
[2026-06-06T10:40:09.562] [DEBUG] [calypso-direct] [DATA_IN] AWS=2.7kt AWA=328° Batt=100% Temp=0°C
[2026-06-06T10:40:10.142] [WARNING] [calypso-direct] [TIMING] Large gap: 585ms (expected ~125ms at 8Hz) AWS=2.7kt
[2026-06-06T10:40:10.142] [DEBUG] [calypso-direct] [DATA_IN] AWS=2.7kt AWA=328° Batt=100% Temp=0°C
[2026-06-06T10:40:10.532] [WARNING] [calypso-direct] [TIMING] Large gap: 390ms (expected ~125ms at 8Hz) AWS=2.9kt
[2026-06-06T10:40:10.533] [DEBUG] [calypso-direct] [DATA_IN] AWS=2.9kt AWA=327° Batt=100% Temp=0°C
[2026-06-06T10:40:10.534] [DEBUG] [calypso-direct] [DATA_IN] AWS=3.1kt AWA=327° Batt=100% Temp=0°C
[2026-06-06T10:40:10.536] [DEBUG] [calypso-direct] [DATA_IN] AWS=3.1kt AWA=314° Batt=100% Temp=0°C
[2026-06-06T10:40:10.538] [DEBUG] [calypso-direct] [DATA_IN] AWS=3.1kt AWA=313° Batt=100% Temp=0°C
[2026-06-06T10:40:10.540] [DEBUG] [calypso-direct] [DATA_IN] AWS=3.1kt AWA=313° Batt=100% Temp=0°C
[2026-06-06T10:40:11.119] [WARNING] [calypso-direct] [TIMING] Large gap: 579ms (expected ~125ms at 8Hz) AWS=2.9kt
[2026-06-06T10:40:11.121] [DEBUG] [calypso-direct] [DATA_IN] AWS=2.9kt AWA=313° Batt=100% Temp=0°C
[2026-06-06T10:40:11.312] [DEBUG] [calypso-direct] [DATA_IN] AWS=2.9kt AWA=313° Batt=100% Temp=0°C
[2026-06-06T10:40:11.314] [DEBUG] [calypso-direct] [DATA_IN] AWS=3.1kt AWA=317° Batt=100% Temp=0°C
[2026-06-06T10:40:11.897] [WARNING] [calypso-direct] [TIMING] Large gap: 583ms (expected ~125ms at 8Hz) AWS=2.9kt
[2026-06-06T10:40:11.897] [DEBUG] [calypso-direct] [DATA_IN] AWS=2.9kt AWA=318° Batt=100% Temp=0°C
[2026-06-06T10:40:12.288] [WARNING] [calypso-direct] [TIMING] Large gap: 391ms (expected ~125ms at 8Hz) AWS=2.7kt
[2026-06-06T10:40:12.288] [DEBUG] [calypso-direct] [DATA_IN] AWS=2.7kt AWA=318° Batt=100% Temp=0°C
[2026-06-06T10:40:12.872] [WARNING] [calypso-direct] [TIMING] Large gap: 584ms (expected ~125ms at 8Hz) AWS=2.7kt
[2026-06-06T10:40:12.872] [DEBUG] [calypso-direct] [DATA_IN] AWS=2.7kt AWA=318° Batt=100% Temp=0°C
[2026-06-06T10:40:13.067] [DEBUG] [calypso-direct] [DATA_IN] AWS=2.7kt AWA=321° Batt=100% Temp=0°C
[2026-06-06T10:40:13.070] [DEBUG] [calypso-direct] [DATA_IN] AWS=2.7kt AWA=322° Batt=100% Temp=0°C
[2026-06-06T10:40:13.073] [DEBUG] [calypso-direct] [DATA_IN] AWS=2.1kt AWA=323° Batt=100% Temp=0°C
[2026-06-06T10:40:13.652] [WARNING] [calypso-direct] [TIMING] Large gap: 579ms (expected ~125ms at 8Hz) AWS=2.1kt
[2026-06-06T10:40:13.653] [DEBUG] [calypso-direct] [DATA_IN] AWS=2.1kt AWA=323° Batt=100% Temp=0°C
[2026-06-06T10:40:13.847] [DEBUG] [calypso-direct] [DATA_IN] AWS=2.7kt AWA=322° Batt=100% Temp=0°C
[2026-06-06T10:40:14.043] [DEBUG] [calypso-direct] [DATA_IN] AWS=2.7kt AWA=322° Batt=100% Temp=0°C
[2026-06-06T10:40:14.044] [DEBUG] [calypso-direct] [DATA_IN] AWS=2.7kt AWA=328° Batt=100% Temp=0°C
[2026-06-06T10:40:14.047] [DEBUG] [calypso-direct] [DATA_IN] AWS=3.5kt AWA=328° Batt=100% Temp=0°C
[2026-06-06T10:40:14.433] [WARNING] [calypso-direct] [TIMING] Large gap: 386ms (expected ~125ms at 8Hz) AWS=3.5kt
[2026-06-06T10:40:14.434] [DEBUG] [calypso-direct] [DATA_IN] AWS=3.5kt AWA=328° Batt=100% Temp=0°C
[2026-06-06T10:40:14.627] [DEBUG] [calypso-direct] [DATA_IN] AWS=3.5kt AWA=327° Batt=100% Temp=0°C
[2026-06-06T10:40:14.822] [DEBUG] [calypso-direct] [DATA_IN] AWS=3.5kt AWA=327° Batt=100% Temp=0°C
[2026-06-06T10:40:15.408] [WARNING] [calypso-direct] [TIMING] Large gap: 586ms (expected ~125ms at 8Hz) AWS=3.3kt
[2026-06-06T10:40:15.409] [DEBUG] [calypso-direct] [DATA_IN] AWS=3.3kt AWA=335° Batt=100% Temp=0°C
[2026-06-06T10:40:15.411] [DEBUG] [calypso-direct] [DATA_IN] AWS=3.3kt AWA=335° Batt=100% Temp=0°C
[2026-06-06T10:40:15.604] [DEBUG] [calypso-direct] [DATA_IN] AWS=3.1kt AWA=335° Batt=100% Temp=0°C
[2026-06-06T10:40:15.798] [DEBUG] [calypso-direct] [DATA_IN] AWS=3.1kt AWA=335° Batt=100% Temp=0°C
[2026-06-06T10:40:16.190] [WARNING] [calypso-direct] [TIMING] Large gap: 392ms (expected ~125ms at 8Hz) AWS=3.1kt
[2026-06-06T10:40:16.190] [DEBUG] [calypso-direct] [DATA_IN] AWS=3.1kt AWA=335° Batt=100% Temp=0°C
[2026-06-06T10:40:16.581] [WARNING] [calypso-direct] [TIMING] Large gap: 391ms (expected ~125ms at 8Hz) AWS=3.3kt
[2026-06-06T10:40:16.583] [DEBUG] [calypso-direct] [DATA_IN] AWS=3.3kt AWA=334° Batt=100% Temp=0°C
[2026-06-06T10:40:16.584] [DEBUG] [calypso-direct] [DATA_IN] AWS=3.3kt AWA=336° Batt=100% Temp=0°C
[2026-06-06T10:40:16.775] [DEBUG] [calypso-direct] [DATA_IN] AWS=3.3kt AWA=336° Batt=100% Temp=0°C
[2026-06-06T10:40:17.748] [WARNING] [calypso-direct] [TIMING] Large gap: 973ms (expected ~125ms at 8Hz) AWS=3.5kt
[2026-06-06T10:40:17.748] [DEBUG] [calypso-direct] [DATA_IN] AWS=3.5kt AWA=336° Batt=100% Temp=0°C
[2026-06-06T10:40:18.723] [WARNING] [calypso-direct] [TIMING] Large gap: 975ms (expected ~125ms at 8Hz) AWS=3.5kt
[2026-06-06T10:40:18.725] [DEBUG] [calypso-direct] [DATA_IN] AWS=3.5kt AWA=336° Batt=100% Temp=0°C
[2026-06-06T10:40:18.728] [DEBUG] [calypso-direct] [DATA_IN] AWS=3.5kt AWA=335° Batt=100% Temp=0°C
[2026-06-06T10:40:18.728] [DEBUG] [calypso-direct] [DATA_IN] AWS=3.5kt AWA=334° Batt=100% Temp=0°C
[2026-06-06T10:40:18.729] [DEBUG] [calypso-direct] [DATA_IN] AWS=4.1kt AWA=334° Batt=100% Temp=0°C
[2026-06-06T10:40:18.729] [DEBUG] [calypso-direct] [DATA_IN] AWS=3.3kt AWA=333° Batt=100% Temp=0°C
[2026-06-06T10:40:18.918] [DEBUG] [calypso-direct] [DATA_IN] AWS=2.9kt AWA=333° Batt=100% Temp=0°C
[2026-06-06T10:40:19.113] [DEBUG] [calypso-direct] [DATA_IN] AWS=2.5kt AWA=335° Batt=100% Temp=0°C
[2026-06-06T10:40:19.115] [DEBUG] [calypso-direct] [DATA_IN] AWS=2.5kt AWA=337° Batt=100% Temp=0°C
[2026-06-06T10:40:19.309] [DEBUG] [calypso-direct] [DATA_IN] AWS=2.5kt AWA=337° Batt=100% Temp=0°C
[2026-06-06T10:40:19.698] [WARNING] [calypso-direct] [TIMING] Large gap: 389ms (expected ~125ms at 8Hz) AWS=2.7kt
[2026-06-06T10:40:19.698] [DEBUG] [calypso-direct] [DATA_IN] AWS=2.7kt AWA=338° Batt=100% Temp=0°C
[2026-06-06T10:40:19.893] [DEBUG] [calypso-direct] [DATA_IN] AWS=3.1kt AWA=338° Batt=100% Temp=0°C
[2026-06-06T10:40:20.283] [WARNING] [calypso-direct] [TIMING] Large gap: 391ms (expected ~125ms at 8Hz) AWS=3.5kt
[2026-06-06T10:40:20.284] [DEBUG] [calypso-direct] [DATA_IN] AWS=3.5kt AWA=349° Batt=100% Temp=0°C
[2026-06-06T10:40:20.285] [DEBUG] [calypso-direct] [DATA_IN] AWS=3.5kt AWA=349° Batt=100% Temp=0°C
[2026-06-06T10:40:20.868] [WARNING] [calypso-direct] [TIMING] Large gap: 583ms (expected ~125ms at 8Hz) AWS=3.5kt
[2026-06-06T10:40:20.869] [DEBUG] [calypso-direct] [DATA_IN] AWS=3.5kt AWA=349° Batt=100% Temp=0°C
[2026-06-06T10:40:21.258] [WARNING] [calypso-direct] [TIMING] Large gap: 389ms (expected ~125ms at 8Hz) AWS=3.5kt
[2026-06-06T10:40:21.258] [DEBUG] [calypso-direct] [DATA_IN] AWS=3.5kt AWA=349° Batt=100% Temp=0°C
[2026-06-06T10:40:21.259] [DEBUG] [calypso-direct] [DATA_IN] AWS=3.3kt AWA=348° Batt=100% Temp=0°C
[2026-06-06T10:40:21.264] [DEBUG] [calypso-direct] [DATA_IN] AWS=3.3kt AWA=326° Batt=100% Temp=0°C
[2026-06-06T10:40:21.648] [WARNING] [calypso-direct] [TIMING] Large gap: 384ms (expected ~125ms at 8Hz) AWS=3.3kt
[2026-06-06T10:40:21.648] [DEBUG] [calypso-direct] [DATA_IN] AWS=3.3kt AWA=325° Batt=100% Temp=0°C
[2026-06-06T10:40:22.038] [WARNING] [calypso-direct] [TIMING] Large gap: 390ms (expected ~125ms at 8Hz) AWS=3.3kt
[2026-06-06T10:40:22.038] [DEBUG] [calypso-direct] [DATA_IN] AWS=3.3kt AWA=325° Batt=100% Temp=0°C
[2026-06-06T10:40:22.040] [DEBUG] [calypso-direct] [DATA_IN] AWS=2.9kt AWA=325° Batt=100% Temp=0°C
[2026-06-06T10:40:22.625] [WARNING] [calypso-direct] [TIMING] Large gap: 585ms (expected ~125ms at 8Hz) AWS=2.9kt
[2026-06-06T10:40:22.625] [DEBUG] [calypso-direct] [DATA_IN] AWS=2.9kt AWA=325° Batt=100% Temp=0°C
[2026-06-06T10:40:22.630] [DEBUG] [calypso-direct] [DATA_IN] AWS=3.7kt AWA=330° Batt=100% Temp=0°C
[2026-06-06T10:40:22.818] [DEBUG] [calypso-direct] [DATA_IN] AWS=3.1kt AWA=330° Batt=100% Temp=0°C
[2026-06-06T10:40:23.793] [WARNING] [calypso-direct] [TIMING] Large gap: 975ms (expected ~125ms at 8Hz) AWS=3.1kt
[2026-06-06T10:40:23.794] [DEBUG] [calypso-direct] [DATA_IN] AWS=3.1kt AWA=332° Batt=100% Temp=0°C
[2026-06-06T10:40:23.795] [DEBUG] [calypso-direct] [DATA_IN] AWS=3.1kt AWA=332° Batt=100% Temp=0°C
[2026-06-06T10:40:23.797] [DEBUG] [calypso-direct] [DATA_IN] AWS=2.9kt AWA=333° Batt=100% Temp=0°C
[2026-06-06T10:40:23.988] [DEBUG] [calypso-direct] [DATA_IN] AWS=2.9kt AWA=343° Batt=100% Temp=0°C
[2026-06-06T10:40:24.963] [WARNING] [calypso-direct] [TIMING] Large gap: 976ms (expected ~125ms at 8Hz) AWS=2.9kt
[2026-06-06T10:40:24.964] [DEBUG] [calypso-direct] [DATA_IN] AWS=2.9kt AWA=343° Batt=100% Temp=0°C
[2026-06-06T10:40:25.746] [WARNING] [calypso-direct] [TIMING] Large gap: 782ms (expected ~125ms at 8Hz) AWS=2.9kt
[2026-06-06T10:40:25.747] [DEBUG] [calypso-direct] [DATA_IN] AWS=2.9kt AWA=343° Batt=100% Temp=0°C
[2026-06-06T10:40:25.748] [DEBUG] [calypso-direct] [DATA_IN] AWS=3.1kt AWA=342° Batt=100% Temp=0°C
[2026-06-06T10:40:25.749] [DEBUG] [calypso-direct] [DATA_IN] AWS=3.1kt AWA=341° Batt=100% Temp=0°C
[2026-06-06T10:40:25.753] [DEBUG] [calypso-direct] [DATA_IN] AWS=3.9kt AWA=318° Batt=100% Temp=0°C
[2026-06-06T10:40:25.759] [DEBUG] [calypso-direct] [DATA_IN] AWS=3.9kt AWA=318° Batt=100% Temp=0°C
[2026-06-06T10:40:26.524] [WARNING] [calypso-direct] [TIMING] Large gap: 765ms (expected ~125ms at 8Hz) AWS=3.9kt
[2026-06-06T10:40:26.524] [DEBUG] [calypso-direct] [DATA_IN] AWS=3.9kt AWA=318° Batt=100% Temp=0°C
[2026-06-06T10:40:26.913] [WARNING] [calypso-direct] [TIMING] Large gap: 389ms (expected ~125ms at 8Hz) AWS=3.9kt
[2026-06-06T10:40:26.914] [DEBUG] [calypso-direct] [DATA_IN] AWS=3.9kt AWA=318° Batt=100% Temp=0°C
[2026-06-06T10:40:28.083] [WARNING] [calypso-direct] [TIMING] Large gap: 1170ms (expected ~125ms at 8Hz) AWS=3.9kt
[2026-06-06T10:40:28.084] [DEBUG] [calypso-direct] [DATA_IN] AWS=3.9kt AWA=320° Batt=100% Temp=0°C
[2026-06-06T10:40:28.088] [DEBUG] [calypso-direct] [DATA_IN] AWS=3.7kt AWA=334° Batt=100% Temp=0°C
[2026-06-06T10:40:28.089] [DEBUG] [calypso-direct] [DATA_IN] AWS=3.5kt AWA=334° Batt=100% Temp=0°C
[2026-06-06T10:40:28.090] [DEBUG] [calypso-direct] [DATA_IN] AWS=3.3kt AWA=334° Batt=100% Temp=0°C
[2026-06-06T10:40:28.091] [DEBUG] [calypso-direct] [DATA_IN] AWS=3.1kt AWA=334° Batt=100% Temp=0°C
[2026-06-06T10:40:28.473] [WARNING] [calypso-direct] [TIMING] Large gap: 383ms (expected ~125ms at 8Hz) AWS=2.9kt
[2026-06-06T10:40:28.474] [DEBUG] [calypso-direct] [DATA_IN] AWS=2.9kt AWA=333° Batt=100% Temp=0°C
[2026-06-06T10:40:28.668] [DEBUG] [calypso-direct] [DATA_IN] AWS=2.9kt AWA=327° Batt=100% Temp=0°C
[2026-06-06T10:40:28.670] [DEBUG] [calypso-direct] [DATA_IN] AWS=2.9kt AWA=327° Batt=100% Temp=0°C
[2026-06-06T10:40:28.863] [DEBUG] [calypso-direct] [DATA_IN] AWS=3.3kt AWA=326° Batt=100% Temp=0°C
[2026-06-06T10:40:29.451] [WARNING] [calypso-direct] [TIMING] Large gap: 587ms (expected ~125ms at 8Hz) AWS=3.9kt
[2026-06-06T10:40:29.452] [DEBUG] [calypso-direct] [DATA_IN] AWS=3.9kt AWA=326° Batt=100% Temp=0°C
[2026-06-06T10:40:29.453] [DEBUG] [calypso-direct] [DATA_IN] AWS=3.9kt AWA=326° Batt=100% Temp=0°C
[2026-06-06T10:40:29.453] [DEBUG] [calypso-direct] [DATA_IN] AWS=4.3kt AWA=317° Batt=100% Temp=0°C
[2026-06-06T10:40:29.839] [WARNING] [calypso-direct] [TIMING] Large gap: 385ms (expected ~125ms at 8Hz) AWS=4.3kt
[2026-06-06T10:40:29.839] [DEBUG] [calypso-direct] [DATA_IN] AWS=4.3kt AWA=317° Batt=100% Temp=0°C
[2026-06-06T10:40:30.423] [WARNING] [calypso-direct] [TIMING] Large gap: 585ms (expected ~125ms at 8Hz) AWS=4.3kt
[2026-06-06T10:40:30.424] [DEBUG] [calypso-direct] [DATA_IN] AWS=4.3kt AWA=317° Batt=100% Temp=0°C
[2026-06-06T10:40:30.425] [DEBUG] [calypso-direct] [DATA_IN] AWS=2.5kt AWA=317° Batt=100% Temp=0°C
[2026-06-06T10:40:30.426] [DEBUG] [calypso-direct] [DATA_IN] AWS=2.3kt AWA=321° Batt=100% Temp=0°C
[2026-06-06T10:40:30.427] [DEBUG] [calypso-direct] [DATA_IN] AWS=2.3kt AWA=339° Batt=100% Temp=0°C
[2026-06-06T10:40:30.429] [DEBUG] [calypso-direct] [DATA_IN] AWS=2.1kt AWA=339° Batt=100% Temp=0°C
[2026-06-06T10:40:31.204] [WARNING] [calypso-direct] [TIMING] Large gap: 775ms (expected ~125ms at 8Hz) AWS=1.9kt
[2026-06-06T10:40:31.205] [DEBUG] [calypso-direct] [DATA_IN] AWS=1.9kt AWA=339° Batt=100% Temp=0°C
[2026-06-06T10:40:31.207] [DEBUG] [calypso-direct] [DATA_IN] AWS=1.9kt AWA=339° Batt=100% Temp=0°C
[2026-06-06T10:40:31.208] [DEBUG] [calypso-direct] [DATA_IN] AWS=2.1kt AWA=337° Batt=100% Temp=0°C
[2026-06-06T10:40:32.178] [WARNING] [calypso-direct] [TIMING] Large gap: 970ms (expected ~125ms at 8Hz) AWS=2.1kt
[2026-06-06T10:40:32.179] [DEBUG] [calypso-direct] [DATA_IN] AWS=2.1kt AWA=331° Batt=100% Temp=0°C
[2026-06-06T10:40:32.180] [DEBUG] [calypso-direct] [DATA_IN] AWS=1.9kt AWA=331° Batt=100% Temp=0°C
[2026-06-06T10:40:32.183] [DEBUG] [calypso-direct] [DATA_IN] AWS=2.3kt AWA=331° Batt=100% Temp=0°C
[2026-06-06T10:40:32.184] [DEBUG] [calypso-direct] [DATA_IN] AWS=2.3kt AWA=331° Batt=100% Temp=0°C
[2026-06-06T10:40:32.374] [DEBUG] [calypso-direct] [DATA_IN] AWS=2.3kt AWA=331° Batt=100% Temp=0°C
[2026-06-06T10:40:32.764] [WARNING] [calypso-direct] [TIMING] Large gap: 391ms (expected ~125ms at 8Hz) AWS=2.7kt
[2026-06-06T10:40:32.765] [DEBUG] [calypso-direct] [DATA_IN] AWS=2.7kt AWA=331° Batt=100% Temp=0°C
[2026-06-06T10:40:32.959] [DEBUG] [calypso-direct] [DATA_IN] AWS=2.7kt AWA=332° Batt=100% Temp=0°C
[2026-06-06T10:40:33.544] [WARNING] [calypso-direct] [TIMING] Large gap: 584ms (expected ~125ms at 8Hz) AWS=2.7kt
[2026-06-06T10:40:33.544] [DEBUG] [calypso-direct] [DATA_IN] AWS=2.7kt AWA=333° Batt=100% Temp=0°C
[2026-06-06T10:40:33.934] [WARNING] [calypso-direct] [TIMING] Large gap: 390ms (expected ~125ms at 8Hz) AWS=2.7kt
[2026-06-06T10:40:33.935] [DEBUG] [calypso-direct] [DATA_IN] AWS=2.7kt AWA=333° Batt=100% Temp=0°C
[2026-06-06T10:40:33.936] [DEBUG] [calypso-direct] [DATA_IN] AWS=2.3kt AWA=333° Batt=100% Temp=0°C
[2026-06-06T10:40:33.938] [DEBUG] [calypso-direct] [DATA_IN] AWS=2.3kt AWA=342° Batt=100% Temp=0°C
[2026-06-06T10:40:34.130] [DEBUG] [calypso-direct] [DATA_IN] AWS=2.3kt AWA=342° Batt=100% Temp=0°C
[2026-06-06T10:40:34.910] [WARNING] [calypso-direct] [TIMING] Large gap: 780ms (expected ~125ms at 8Hz) AWS=2.1kt
[2026-06-06T10:40:34.910] [DEBUG] [calypso-direct] [DATA_IN] AWS=2.1kt AWA=343° Batt=100% Temp=0°C
[2026-06-06T10:40:34.911] [DEBUG] [calypso-direct] [DATA_IN] AWS=2.1kt AWA=342° Batt=100% Temp=0°C
[2026-06-06T10:40:35.494] [WARNING] [calypso-direct] [TIMING] Large gap: 583ms (expected ~125ms at 8Hz) AWS=2.3kt
[2026-06-06T10:40:35.494] [DEBUG] [calypso-direct] [DATA_IN] AWS=2.3kt AWA=342° Batt=100% Temp=0°C
[2026-06-06T10:40:35.689] [DEBUG] [calypso-direct] [DATA_IN] AWS=2.3kt AWA=328° Batt=100% Temp=0°C
[2026-06-06T10:40:35.690] [DEBUG] [calypso-direct] [DATA_IN] AWS=2.3kt AWA=328° Batt=100% Temp=0°C
[2026-06-06T10:40:35.691] [DEBUG] [calypso-direct] [DATA_IN] AWS=2.3kt AWA=328° Batt=100% Temp=0°C
[2026-06-06T10:40:35.884] [DEBUG] [calypso-direct] [DATA_IN] AWS=2.3kt AWA=328° Batt=100% Temp=0°C
[2026-06-06T10:40:36.081] [DEBUG] [calypso-direct] [DATA_IN] AWS=2.3kt AWA=328° Batt=100% Temp=0°C
[2026-06-06T10:40:36.470] [WARNING] [calypso-direct] [TIMING] Large gap: 389ms (expected ~125ms at 8Hz) AWS=2.7kt
[2026-06-06T10:40:36.470] [DEBUG] [calypso-direct] [DATA_IN] AWS=2.7kt AWA=334° Batt=100% Temp=0°C
[2026-06-06T10:40:36.664] [DEBUG] [calypso-direct] [DATA_IN] AWS=2.7kt AWA=334° Batt=100% Temp=0°C
[2026-06-06T10:40:37.054] [WARNING] [calypso-direct] [TIMING] Large gap: 390ms (expected ~125ms at 8Hz) AWS=2.7kt
[2026-06-06T10:40:37.055] [DEBUG] [calypso-direct] [DATA_IN] AWS=2.7kt AWA=333° Batt=100% Temp=0°C
[2026-06-06T10:40:37.056] [DEBUG] [calypso-direct] [DATA_IN] AWS=2.5kt AWA=332° Batt=100% Temp=0°C
[2026-06-06T10:40:37.639] [WARNING] [calypso-direct] [TIMING] Large gap: 583ms (expected ~125ms at 8Hz) AWS=2.5kt
[2026-06-06T10:40:37.642] [DEBUG] [calypso-direct] [DATA_IN] AWS=2.5kt AWA=331° Batt=100% Temp=0°C
[2026-06-06T10:40:37.643] [DEBUG] [calypso-direct] [DATA_IN] AWS=2.5kt AWA=323° Batt=100% Temp=0°C
[2026-06-06T10:40:37.834] [DEBUG] [calypso-direct] [DATA_IN] AWS=2.5kt AWA=323° Batt=100% Temp=0°C
[2026-06-06T10:40:38.029] [DEBUG] [calypso-direct] [DATA_IN] AWS=2.7kt AWA=323° Batt=100% Temp=0°C
[2026-06-06T10:40:39.589] [WARNING] [calypso-direct] [TIMING] Large gap: 1560ms (expected ~125ms at 8Hz) AWS=2.7kt
[2026-06-06T10:40:39.590] [DEBUG] [calypso-direct] [DATA_IN] AWS=2.7kt AWA=323° Batt=100% Temp=0°C
[2026-06-06T10:40:39.979] [WARNING] [calypso-direct] [TIMING] Large gap: 390ms (expected ~125ms at 8Hz) AWS=2.7kt
[2026-06-06T10:40:39.980] [DEBUG] [calypso-direct] [DATA_IN] AWS=2.7kt AWA=323° Batt=100% Temp=0°C
[2026-06-06T10:40:39.982] [DEBUG] [calypso-direct] [DATA_IN] AWS=2.9kt AWA=335° Batt=100% Temp=0°C
[2026-06-06T10:40:39.984] [DEBUG] [calypso-direct] [DATA_IN] AWS=2.9kt AWA=334° Batt=100% Temp=0°C
[2026-06-06T10:40:39.986] [DEBUG] [calypso-direct] [DATA_IN] AWS=2.5kt AWA=334° Batt=100% Temp=0°C
[2026-06-06T10:40:39.986] [DEBUG] [calypso-direct] [DATA_IN] AWS=2.5kt AWA=334° Batt=100% Temp=0°C
[2026-06-06T10:40:40.175] [DEBUG] [calypso-direct] [DATA_IN] AWS=2.3kt AWA=333° Batt=100% Temp=0°C
[2026-06-06T10:40:40.176] [DEBUG] [calypso-direct] [DATA_IN] AWS=2.3kt AWA=317° Batt=100% Temp=0°C
[2026-06-06T10:40:41.150] [WARNING] [calypso-direct] [TIMING] Large gap: 974ms (expected ~125ms at 8Hz) AWS=2.3kt
[2026-06-06T10:40:41.151] [DEBUG] [calypso-direct] [DATA_IN] AWS=2.3kt AWA=318° Batt=100% Temp=0°C
[2026-06-06T10:40:41.152] [DEBUG] [calypso-direct] [DATA_IN] AWS=2.3kt AWA=318° Batt=100% Temp=0°C
[2026-06-06T10:40:41.153] [DEBUG] [calypso-direct] [DATA_IN] AWS=2.3kt AWA=319° Batt=100% Temp=0°C
[2026-06-06T10:40:41.154] [DEBUG] [calypso-direct] [DATA_IN] AWS=2.9kt AWA=319° Batt=100% Temp=0°C
[2026-06-06T10:40:41.929] [WARNING] [calypso-direct] [TIMING] Large gap: 775ms (expected ~125ms at 8Hz) AWS=2.7kt
[2026-06-06T10:40:41.930] [DEBUG] [calypso-direct] [DATA_IN] AWS=2.7kt AWA=349° Batt=100% Temp=0°C
[2026-06-06T10:40:41.931] [DEBUG] [calypso-direct] [DATA_IN] AWS=2.9kt AWA=349° Batt=100% Temp=0°C
[2026-06-06T10:40:41.933] [DEBUG] [calypso-direct] [DATA_IN] AWS=3.1kt AWA=349° Batt=100% Temp=0°C
[2026-06-06T10:40:42.709] [WARNING] [calypso-direct] [TIMING] Large gap: 776ms (expected ~125ms at 8Hz) AWS=3.3kt
[2026-06-06T10:40:42.710] [DEBUG] [calypso-direct] [DATA_IN] AWS=3.3kt AWA=350° Batt=100% Temp=0°C
[2026-06-06T10:40:42.713] [DEBUG] [calypso-direct] [DATA_IN] AWS=3.1kt AWA=350° Batt=100% Temp=0°C
[2026-06-06T10:40:42.714] [DEBUG] [calypso-direct] [DATA_IN] AWS=3.3kt AWA=339° Batt=100% Temp=0°C
[2026-06-06T10:40:43.099] [WARNING] [calypso-direct] [TIMING] Large gap: 385ms (expected ~125ms at 8Hz) AWS=3.3kt
[2026-06-06T10:40:43.100] [DEBUG] [calypso-direct] [DATA_IN] AWS=3.3kt AWA=339° Batt=100% Temp=0°C
[2026-06-06T10:40:43.685] [WARNING] [calypso-direct] [TIMING] Large gap: 586ms (expected ~125ms at 8Hz) AWS=3.3kt
[2026-06-06T10:40:43.686] [DEBUG] [calypso-direct] [DATA_IN] AWS=3.3kt AWA=339° Batt=100% Temp=0°C
[2026-06-06T10:40:44.272] [WARNING] [calypso-direct] [TIMING] Large gap: 587ms (expected ~125ms at 8Hz) AWS=2.9kt
[2026-06-06T10:40:44.272] [DEBUG] [calypso-direct] [DATA_IN] AWS=2.9kt AWA=338° Batt=100% Temp=0°C
[2026-06-06T10:40:44.276] [DEBUG] [calypso-direct] [DATA_IN] AWS=2.9kt AWA=338° Batt=100% Temp=0°C
[2026-06-06T10:40:44.280] [DEBUG] [calypso-direct] [DATA_IN] AWS=2.7kt AWA=342° Batt=100% Temp=0°C
[2026-06-06T10:40:44.282] [DEBUG] [calypso-direct] [DATA_IN] AWS=2.7kt AWA=343° Batt=100% Temp=0°C
[2026-06-06T10:40:44.664] [WARNING] [calypso-direct] [TIMING] Large gap: 382ms (expected ~125ms at 8Hz) AWS=2.7kt
[2026-06-06T10:40:44.666] [DEBUG] [calypso-direct] [DATA_IN] AWS=2.7kt AWA=343° Batt=100% Temp=0°C
[2026-06-06T10:40:45.441] [WARNING] [calypso-direct] [TIMING] Large gap: 775ms (expected ~125ms at 8Hz) AWS=2.7kt
[2026-06-06T10:40:45.442] [DEBUG] [calypso-direct] [DATA_IN] AWS=2.7kt AWA=343° Batt=100% Temp=0°C
[2026-06-06T10:40:45.635] [DEBUG] [calypso-direct] [DATA_IN] AWS=2.9kt AWA=343° Batt=100% Temp=0°C
[2026-06-06T10:40:46.219] [WARNING] [calypso-direct] [TIMING] Large gap: 585ms (expected ~125ms at 8Hz) AWS=2.9kt
[2026-06-06T10:40:46.221] [DEBUG] [calypso-direct] [DATA_IN] AWS=2.9kt AWA=345° Batt=100% Temp=0°C
[2026-06-06T10:40:46.222] [DEBUG] [calypso-direct] [DATA_IN] AWS=3.3kt AWA=345° Batt=100% Temp=0°C
[2026-06-06T10:40:46.223] [DEBUG] [calypso-direct] [DATA_IN] AWS=3.3kt AWA=345° Batt=100% Temp=0°C
[2026-06-06T10:40:46.224] [DEBUG] [calypso-direct] [DATA_IN] AWS=3.3kt AWA=345° Batt=100% Temp=0°C
[2026-06-06T10:40:46.610] [WARNING] [calypso-direct] [TIMING] Large gap: 386ms (expected ~125ms at 8Hz) AWS=3.3kt
[2026-06-06T10:40:46.610] [DEBUG] [calypso-direct] [DATA_IN] AWS=3.3kt AWA=344° Batt=100% Temp=0°C
[2026-06-06T10:40:46.612] [DEBUG] [calypso-direct] [DATA_IN] AWS=3.7kt AWA=337° Batt=100% Temp=0°C
[2026-06-06T10:40:47.975] [WARNING] [calypso-direct] [TIMING] Large gap: 1364ms (expected ~125ms at 8Hz) AWS=3.7kt
[2026-06-06T10:40:47.976] [DEBUG] [calypso-direct] [DATA_IN] AWS=3.7kt AWA=338° Batt=100% Temp=0°C
[2026-06-06T10:40:47.977] [DEBUG] [calypso-direct] [DATA_IN] AWS=3.7kt AWA=337° Batt=100% Temp=0°C
[2026-06-06T10:40:47.981] [DEBUG] [calypso-direct] [DATA_IN] AWS=3.7kt AWA=337° Batt=100% Temp=0°C
[2026-06-06T10:40:47.982] [DEBUG] [calypso-direct] [DATA_IN] AWS=3.5kt AWA=335° Batt=100% Temp=0°C
[2026-06-06T10:40:47.983] [DEBUG] [calypso-direct] [DATA_IN] AWS=3.3kt AWA=332° Batt=100% Temp=0°C
[2026-06-06T10:40:48.170] [DEBUG] [calypso-direct] [DATA_IN] AWS=3.3kt AWA=332° Batt=100% Temp=0°C
[2026-06-06T10:40:48.365] [DEBUG] [calypso-direct] [DATA_IN] AWS=3.1kt AWA=332° Batt=100% Temp=0°C
[2026-06-06T10:40:48.560] [DEBUG] [calypso-direct] [DATA_IN] AWS=3.1kt AWA=333° Batt=100% Temp=0°C
[2026-06-06T10:40:49.145] [WARNING] [calypso-direct] [TIMING] Large gap: 585ms (expected ~125ms at 8Hz) AWS=3.1kt
[2026-06-06T10:40:49.146] [INFO] [calypso-direct] [RATE_1MIN] 239 pkts/min (expected 480 at 8Hz) max_gap=1950ms gaps_>250ms=83
[2026-06-06T10:40:49.146] [DEBUG] [calypso-direct] [DATA_IN] AWS=3.1kt AWA=333° Batt=100% Temp=0°C
[2026-06-06T10:40:49.147] [DEBUG] [calypso-direct] [DATA_IN] AWS=3.1kt AWA=13° Batt=100% Temp=0°C
[2026-06-06T10:40:49.731] [WARNING] [calypso-direct] [TIMING] Large gap: 584ms (expected ~125ms at 8Hz) AWS=3.1kt
[2026-06-06T10:40:49.732] [DEBUG] [calypso-direct] [DATA_IN] AWS=3.1kt AWA=12° Batt=100% Temp=0°C
[2026-06-06T10:40:49.735] [DEBUG] [calypso-direct] [DATA_IN] AWS=3.1kt AWA=12° Batt=100% Temp=0°C
[2026-06-06T10:40:50.120] [WARNING] [calypso-direct] [TIMING] Large gap: 387ms (expected ~125ms at 8Hz) AWS=3.3kt
[2026-06-06T10:40:50.120] [DEBUG] [calypso-direct] [DATA_IN] AWS=3.3kt AWA=13° Batt=100% Temp=0°C
[2026-06-06T10:40:50.315] [DEBUG] [calypso-direct] [DATA_IN] AWS=3.1kt AWA=13° Batt=100% Temp=0°C
[2026-06-06T10:40:50.318] [DEBUG] [calypso-direct] [DATA_IN] AWS=3.1kt AWA=325° Batt=100% Temp=0°C
[2026-06-06T10:40:50.510] [DEBUG] [calypso-direct] [DATA_IN] AWS=2.9kt AWA=325° Batt=100% Temp=0°C
[2026-06-06T10:40:51.485] [WARNING] [calypso-direct] [TIMING] Large gap: 975ms (expected ~125ms at 8Hz) AWS=2.9kt
[2026-06-06T10:40:51.486] [DEBUG] [calypso-direct] [DATA_IN] AWS=2.9kt AWA=325° Batt=100% Temp=0°C
[2026-06-06T10:40:51.487] [DEBUG] [calypso-direct] [DATA_IN] AWS=2.1kt AWA=325° Batt=100% Temp=0°C
[2026-06-06T10:40:51.680] [DEBUG] [calypso-direct] [DATA_IN] AWS=2.1kt AWA=324° Batt=100% Temp=0°C
[2026-06-06T10:40:51.682] [DEBUG] [calypso-direct] [DATA_IN] AWS=2.1kt AWA=329° Batt=100% Temp=0°C
[2026-06-06T10:40:51.875] [DEBUG] [calypso-direct] [DATA_IN] AWS=1.9kt AWA=329° Batt=100% Temp=0°C
[2026-06-06T10:40:52.073] [DEBUG] [calypso-direct] [DATA_IN] AWS=1.9kt AWA=329° Batt=100% Temp=0°C
[2026-06-06T10:40:52.655] [WARNING] [calypso-direct] [TIMING] Large gap: 585ms (expected ~125ms at 8Hz) AWS=1.9kt
[2026-06-06T10:40:52.656] [DEBUG] [calypso-direct] [DATA_IN] AWS=1.9kt AWA=329° Batt=100% Temp=0°C
[2026-06-06T10:40:52.656] [DEBUG] [calypso-direct] [DATA_IN] AWS=2.5kt AWA=330° Batt=100% Temp=0°C
[2026-06-06T10:40:52.850] [DEBUG] [calypso-direct] [DATA_IN] AWS=2.9kt AWA=326° Batt=100% Temp=0°C
[2026-06-06T10:40:53.825] [WARNING] [calypso-direct] [TIMING] Large gap: 975ms (expected ~125ms at 8Hz) AWS=2.9kt
[2026-06-06T10:40:53.826] [DEBUG] [calypso-direct] [DATA_IN] AWS=2.9kt AWA=324° Batt=100% Temp=0°C
[2026-06-06T10:40:53.827] [DEBUG] [calypso-direct] [DATA_IN] AWS=3.1kt AWA=324° Batt=100% Temp=0°C
[2026-06-06T10:40:53.828] [DEBUG] [calypso-direct] [DATA_IN] AWS=2.9kt AWA=324° Batt=100% Temp=0°C
[2026-06-06T10:40:53.828] [DEBUG] [calypso-direct] [DATA_IN] AWS=2.9kt AWA=324° Batt=100% Temp=0°C
[2026-06-06T10:40:54.606] [WARNING] [calypso-direct] [TIMING] Large gap: 777ms (expected ~125ms at 8Hz) AWS=2.9kt
[2026-06-06T10:40:54.607] [DEBUG] [calypso-direct] [DATA_IN] AWS=2.9kt AWA=343° Batt=100% Temp=0°C
[2026-06-06T10:40:54.608] [DEBUG] [calypso-direct] [DATA_IN] AWS=2.5kt AWA=344° Batt=100% Temp=0°C
[2026-06-06T10:40:55.191] [WARNING] [calypso-direct] [TIMING] Large gap: 583ms (expected ~125ms at 8Hz) AWS=2.5kt
[2026-06-06T10:40:55.191] [DEBUG] [calypso-direct] [DATA_IN] AWS=2.5kt AWA=344° Batt=100% Temp=0°C
[2026-06-06T10:40:55.194] [DEBUG] [calypso-direct] [DATA_IN] AWS=2.3kt AWA=344° Batt=100% Temp=0°C
[2026-06-06T10:40:55.196] [DEBUG] [calypso-direct] [DATA_IN] AWS=2.1kt AWA=344° Batt=100% Temp=0°C
[2026-06-06T10:40:55.777] [WARNING] [calypso-direct] [TIMING] Large gap: 581ms (expected ~125ms at 8Hz) AWS=2.1kt
[2026-06-06T10:40:55.777] [DEBUG] [calypso-direct] [DATA_IN] AWS=2.1kt AWA=331° Batt=100% Temp=0°C
[2026-06-06T10:40:55.779] [DEBUG] [calypso-direct] [DATA_IN] AWS=2.1kt AWA=328° Batt=100% Temp=0°C
[2026-06-06T10:40:55.784] [DEBUG] [calypso-direct] [DATA_IN] AWS=2.1kt AWA=327° Batt=100% Temp=0°C
[2026-06-06T10:40:56.361] [WARNING] [calypso-direct] [TIMING] Large gap: 577ms (expected ~125ms at 8Hz) AWS=2.9kt
[2026-06-06T10:40:56.363] [DEBUG] [calypso-direct] [DATA_IN] AWS=2.9kt AWA=327° Batt=100% Temp=0°C
[2026-06-06T10:40:56.946] [WARNING] [calypso-direct] [TIMING] Large gap: 584ms (expected ~125ms at 8Hz) AWS=3.5kt
[2026-06-06T10:40:56.946] [DEBUG] [calypso-direct] [DATA_IN] AWS=3.5kt AWA=324° Batt=100% Temp=0°C
[2026-06-06T10:40:57.141] [DEBUG] [calypso-direct] [DATA_IN] AWS=3.7kt AWA=318° Batt=100% Temp=0°C
[2026-06-06T10:40:57.726] [WARNING] [calypso-direct] [TIMING] Large gap: 585ms (expected ~125ms at 8Hz) AWS=3.7kt
[2026-06-06T10:40:57.726] [DEBUG] [calypso-direct] [DATA_IN] AWS=3.7kt AWA=318° Batt=100% Temp=0°C
[2026-06-06T10:40:58.317] [WARNING] [calypso-direct] [TIMING] Large gap: 591ms (expected ~125ms at 8Hz) AWS=3.5kt
[2026-06-06T10:40:58.317] [DEBUG] [calypso-direct] [DATA_IN] AWS=3.5kt AWA=318° Batt=100% Temp=0°C
[2026-06-06T10:40:58.318] [DEBUG] [calypso-direct] [DATA_IN] AWS=3.1kt AWA=319° Batt=100% Temp=0°C
[2026-06-06T10:40:58.701] [WARNING] [calypso-direct] [TIMING] Large gap: 383ms (expected ~125ms at 8Hz) AWS=2.5kt
[2026-06-06T10:40:58.703] [DEBUG] [calypso-direct] [DATA_IN] AWS=2.5kt AWA=319° Batt=100% Temp=0°C
[2026-06-06T10:40:58.896] [DEBUG] [calypso-direct] [DATA_IN] AWS=2.5kt AWA=316° Batt=100% Temp=0°C
[2026-06-06T10:40:58.898] [DEBUG] [calypso-direct] [DATA_IN] AWS=2.5kt AWA=313° Batt=100% Temp=0°C
[2026-06-06T10:40:58.899] [DEBUG] [calypso-direct] [DATA_IN] AWS=2.5kt AWA=313° Batt=100% Temp=0°C
[2026-06-06T10:40:58.900] [DEBUG] [calypso-direct] [DATA_IN] AWS=3.3kt AWA=313° Batt=100% Temp=0°C
[2026-06-06T10:40:58.901] [DEBUG] [calypso-direct] [DATA_IN] AWS=3.5kt AWA=313° Batt=100% Temp=0°C
[2026-06-06T10:40:59.091] [DEBUG] [calypso-direct] [DATA_IN] AWS=3.3kt AWA=332° Batt=100% Temp=0°C
[2026-06-06T10:40:59.286] [DEBUG] [calypso-direct] [DATA_IN] AWS=2.5kt AWA=334° Batt=100% Temp=0°C
[2026-06-06T10:41:00.066] [WARNING] [calypso-direct] [TIMING] Large gap: 780ms (expected ~125ms at 8Hz) AWS=2.5kt
[2026-06-06T10:41:00.066] [DEBUG] [calypso-direct] [DATA_IN] AWS=2.5kt AWA=334° Batt=100% Temp=0°C
[2026-06-06T10:41:01.236] [WARNING] [calypso-direct] [TIMING] Large gap: 1170ms (expected ~125ms at 8Hz) AWS=2.1kt
[2026-06-06T10:41:01.236] [DEBUG] [calypso-direct] [DATA_IN] AWS=2.1kt AWA=334° Batt=100% Temp=0°C
[2026-06-06T10:41:01.237] [DEBUG] [calypso-direct] [DATA_IN] AWS=2.1kt AWA=334° Batt=100% Temp=0°C
[2026-06-06T10:41:01.823] [WARNING] [calypso-direct] [TIMING] Large gap: 586ms (expected ~125ms at 8Hz) AWS=2.1kt
[2026-06-06T10:41:01.823] [DEBUG] [calypso-direct] [DATA_IN] AWS=2.1kt AWA=322° Batt=100% Temp=0°C
[2026-06-06T10:41:01.828] [DEBUG] [calypso-direct] [DATA_IN] AWS=1.7kt AWA=322° Batt=100% Temp=0°C
[2026-06-06T10:41:01.833] [DEBUG] [calypso-direct] [DATA_IN] AWS=1.7kt AWA=322° Batt=100% Temp=0°C
[2026-06-06T10:41:01.835] [DEBUG] [calypso-direct] [DATA_IN] AWS=1.9kt AWA=326° Batt=100% Temp=0°C
[2026-06-06T10:41:02.409] [WARNING] [calypso-direct] [TIMING] Large gap: 574ms (expected ~125ms at 8Hz) AWS=1.9kt
[2026-06-06T10:41:02.410] [DEBUG] [calypso-direct] [DATA_IN] AWS=1.9kt AWA=326° Batt=100% Temp=0°C
[2026-06-06T10:41:02.412] [DEBUG] [calypso-direct] [DATA_IN] AWS=1.9kt AWA=346° Batt=100% Temp=0°C
[2026-06-06T10:41:02.414] [DEBUG] [calypso-direct] [DATA_IN] AWS=2.3kt AWA=346° Batt=100% Temp=0°C
[2026-06-06T10:41:02.419] [DEBUG] [calypso-direct] [DATA_IN] AWS=2.3kt AWA=346° Batt=100% Temp=0°C
[2026-06-06T10:41:02.421] [DEBUG] [calypso-direct] [DATA_IN] AWS=2.3kt AWA=346° Batt=100% Temp=0°C
[2026-06-06T10:41:02.991] [WARNING] [calypso-direct] [TIMING] Large gap: 570ms (expected ~125ms at 8Hz) AWS=2.7kt
[2026-06-06T10:41:02.991] [DEBUG] [calypso-direct] [DATA_IN] AWS=2.7kt AWA=346° Batt=100% Temp=0°C
[2026-06-06T10:41:02.992] [DEBUG] [calypso-direct] [DATA_IN] AWS=2.9kt AWA=338° Batt=100% Temp=0°C
[2026-06-06T10:41:03.576] [WARNING] [calypso-direct] [TIMING] Large gap: 583ms (expected ~125ms at 8Hz) AWS=2.7kt
[2026-06-06T10:41:03.576] [DEBUG] [calypso-direct] [DATA_IN] AWS=2.7kt AWA=338° Batt=100% Temp=0°C
[2026-06-06T10:41:03.578] [DEBUG] [calypso-direct] [DATA_IN] AWS=2.5kt AWA=338° Batt=100% Temp=0°C
[2026-06-06T10:41:03.583] [DEBUG] [calypso-direct] [DATA_IN] AWS=2.7kt AWA=338° Batt=100% Temp=0°C
[2026-06-06T10:41:03.771] [DEBUG] [calypso-direct] [DATA_IN] AWS=2.9kt AWA=338° Batt=100% Temp=0°C
[2026-06-06T10:41:04.162] [WARNING] [calypso-direct] [TIMING] Large gap: 391ms (expected ~125ms at 8Hz) AWS=2.9kt
[2026-06-06T10:41:04.162] [DEBUG] [calypso-direct] [DATA_IN] AWS=2.9kt AWA=328° Batt=100% Temp=0°C
[2026-06-06T10:41:04.356] [DEBUG] [calypso-direct] [DATA_IN] AWS=2.9kt AWA=328° Batt=100% Temp=0°C
[2026-06-06T10:41:04.552] [DEBUG] [calypso-direct] [DATA_IN] AWS=2.9kt AWA=328° Batt=100% Temp=0°C
[2026-06-06T10:41:04.941] [WARNING] [calypso-direct] [TIMING] Large gap: 389ms (expected ~125ms at 8Hz) AWS=2.9kt
[2026-06-06T10:41:04.943] [DEBUG] [calypso-direct] [DATA_IN] AWS=2.9kt AWA=328° Batt=100% Temp=0°C
[2026-06-06T10:41:05.332] [WARNING] [calypso-direct] [TIMING] Large gap: 391ms (expected ~125ms at 8Hz) AWS=2.9kt
[2026-06-06T10:41:05.333] [DEBUG] [calypso-direct] [DATA_IN] AWS=2.9kt AWA=328° Batt=100% Temp=0°C
[2026-06-06T10:41:05.333] [DEBUG] [calypso-direct] [DATA_IN] AWS=2.5kt AWA=333° Batt=100% Temp=0°C
[2026-06-06T10:41:05.526] [DEBUG] [calypso-direct] [DATA_IN] AWS=2.5kt AWA=333° Batt=100% Temp=0°C
[2026-06-06T10:41:05.916] [WARNING] [calypso-direct] [TIMING] Large gap: 391ms (expected ~125ms at 8Hz) AWS=2.3kt
[2026-06-06T10:41:05.917] [DEBUG] [calypso-direct] [DATA_IN] AWS=2.3kt AWA=331° Batt=100% Temp=0°C
[2026-06-06T10:41:06.502] [WARNING] [calypso-direct] [TIMING] Large gap: 586ms (expected ~125ms at 8Hz) AWS=2.3kt
[2026-06-06T10:41:06.502] [DEBUG] [calypso-direct] [DATA_IN] AWS=2.3kt AWA=331° Batt=100% Temp=0°C
[2026-06-06T10:41:06.696] [DEBUG] [calypso-direct] [DATA_IN] AWS=2.3kt AWA=331° Batt=100% Temp=0°C
[2026-06-06T10:41:06.699] [DEBUG] [calypso-direct] [DATA_IN] AWS=2.7kt AWA=334° Batt=100% Temp=0°C
[2026-06-06T10:41:07.086] [WARNING] [calypso-direct] [TIMING] Large gap: 387ms (expected ~125ms at 8Hz) AWS=2.7kt
[2026-06-06T10:41:07.087] [DEBUG] [calypso-direct] [DATA_IN] AWS=2.7kt AWA=334° Batt=100% Temp=0°C
[2026-06-06T10:41:07.088] [DEBUG] [calypso-direct] [DATA_IN] AWS=2.7kt AWA=335° Batt=100% Temp=0°C
[2026-06-06T10:41:07.866] [WARNING] [calypso-direct] [TIMING] Large gap: 778ms (expected ~125ms at 8Hz) AWS=2.7kt
[2026-06-06T10:41:07.868] [DEBUG] [calypso-direct] [DATA_IN] AWS=2.7kt AWA=334° Batt=100% Temp=0°C
[2026-06-06T10:41:07.869] [DEBUG] [calypso-direct] [DATA_IN] AWS=2.7kt AWA=334° Batt=100% Temp=0°C
[2026-06-06T10:41:07.871] [DEBUG] [calypso-direct] [DATA_IN] AWS=2.7kt AWA=337° Batt=100% Temp=0°C
[2026-06-06T10:41:08.063] [DEBUG] [calypso-direct] [DATA_IN] AWS=2.7kt AWA=337° Batt=100% Temp=0°C
[2026-06-06T10:41:08.452] [WARNING] [calypso-direct] [TIMING] Large gap: 389ms (expected ~125ms at 8Hz) AWS=2.7kt
[2026-06-06T10:41:08.452] [DEBUG] [calypso-direct] [DATA_IN] AWS=2.7kt AWA=336° Batt=100% Temp=0°C
[2026-06-06T10:41:08.646] [DEBUG] [calypso-direct] [DATA_IN] AWS=2.7kt AWA=336° Batt=100% Temp=0°C
[2026-06-06T10:41:08.842] [DEBUG] [calypso-direct] [DATA_IN] AWS=2.9kt AWA=335° Batt=100% Temp=0°C
[2026-06-06T10:41:10.791] [WARNING] [calypso-direct] [TIMING] Large gap: 1950ms (expected ~125ms at 8Hz) AWS=2.9kt
[2026-06-06T10:41:10.792] [DEBUG] [calypso-direct] [DATA_IN] AWS=2.9kt AWA=333° Batt=100% Temp=0°C
[2026-06-06T10:41:10.794] [DEBUG] [calypso-direct] [DATA_IN] AWS=3.1kt AWA=332° Batt=100% Temp=0°C
[2026-06-06T10:41:10.796] [DEBUG] [calypso-direct] [DATA_IN] AWS=3.1kt AWA=332° Batt=100% Temp=0°C
[2026-06-06T10:41:10.986] [DEBUG] [calypso-direct] [DATA_IN] AWS=3.1kt AWA=332° Batt=100% Temp=0°C
[2026-06-06T10:41:10.988] [DEBUG] [calypso-direct] [DATA_IN] AWS=3.3kt AWA=331° Batt=100% Temp=0°C
[2026-06-06T10:41:10.991] [DEBUG] [calypso-direct] [DATA_IN] AWS=3.3kt AWA=338° Batt=100% Temp=0°C
[2026-06-06T10:41:10.992] [DEBUG] [calypso-direct] [DATA_IN] AWS=3.3kt AWA=338° Batt=100% Temp=0°C
[2026-06-06T10:41:10.993] [DEBUG] [calypso-direct] [DATA_IN] AWS=3.3kt AWA=340° Batt=100% Temp=0°C
[2026-06-06T10:41:11.376] [WARNING] [calypso-direct] [TIMING] Large gap: 384ms (expected ~125ms at 8Hz) AWS=3.3kt
[2026-06-06T10:41:11.378] [DEBUG] [calypso-direct] [DATA_IN] AWS=3.3kt AWA=340° Batt=100% Temp=0°C
[2026-06-06T10:41:11.379] [DEBUG] [calypso-direct] [DATA_IN] AWS=3.3kt AWA=340° Batt=100% Temp=0°C
[2026-06-06T10:41:11.767] [WARNING] [calypso-direct] [TIMING] Large gap: 388ms (expected ~125ms at 8Hz) AWS=3.3kt
[2026-06-06T10:41:11.768] [DEBUG] [calypso-direct] [DATA_IN] AWS=3.3kt AWA=325° Batt=100% Temp=0°C
[2026-06-06T10:41:11.769] [DEBUG] [calypso-direct] [DATA_IN] AWS=3.3kt AWA=324° Batt=100% Temp=0°C
[2026-06-06T10:41:12.156] [WARNING] [calypso-direct] [TIMING] Large gap: 387ms (expected ~125ms at 8Hz) AWS=2.9kt
[2026-06-06T10:41:12.158] [DEBUG] [calypso-direct] [DATA_IN] AWS=2.9kt AWA=324° Batt=100% Temp=0°C
[2026-06-06T10:41:12.546] [WARNING] [calypso-direct] [TIMING] Large gap: 390ms (expected ~125ms at 8Hz) AWS=2.9kt
[2026-06-06T10:41:12.547] [DEBUG] [calypso-direct] [DATA_IN] AWS=2.9kt AWA=324° Batt=100% Temp=0°C
[2026-06-06T10:41:12.742] [DEBUG] [calypso-direct] [DATA_IN] AWS=2.7kt AWA=327° Batt=100% Temp=0°C
[2026-06-06T10:41:12.939] [DEBUG] [calypso-direct] [DATA_IN] AWS=2.7kt AWA=329° Batt=100% Temp=0°C
[2026-06-06T10:41:13.134] [DEBUG] [calypso-direct] [DATA_IN] AWS=2.9kt AWA=329° Batt=100% Temp=0°C
[2026-06-06T10:41:13.719] [WARNING] [calypso-direct] [TIMING] Large gap: 586ms (expected ~125ms at 8Hz) AWS=3.5kt
[2026-06-06T10:41:13.720] [DEBUG] [calypso-direct] [DATA_IN] AWS=3.5kt AWA=326° Batt=100% Temp=0°C
[2026-06-06T10:41:13.721] [DEBUG] [calypso-direct] [DATA_IN] AWS=3.5kt AWA=326° Batt=100% Temp=0°C
[2026-06-06T10:41:13.914] [DEBUG] [calypso-direct] [DATA_IN] AWS=3.5kt AWA=326° Batt=100% Temp=0°C
[2026-06-06T10:41:14.887] [WARNING] [calypso-direct] [TIMING] Large gap: 973ms (expected ~125ms at 8Hz) AWS=3.5kt
[2026-06-06T10:41:14.887] [DEBUG] [calypso-direct] [DATA_IN] AWS=3.5kt AWA=334° Batt=100% Temp=0°C
[2026-06-06T10:41:14.888] [DEBUG] [calypso-direct] [DATA_IN] AWS=3.5kt AWA=334° Batt=100% Temp=0°C
[2026-06-06T10:41:15.277] [WARNING] [calypso-direct] [TIMING] Large gap: 388ms (expected ~125ms at 8Hz) AWS=3.5kt
[2026-06-06T10:41:15.277] [DEBUG] [calypso-direct] [DATA_IN] AWS=3.5kt AWA=334° Batt=100% Temp=0°C
[2026-06-06T10:41:15.472] [DEBUG] [calypso-direct] [DATA_IN] AWS=3.5kt AWA=334° Batt=100% Temp=0°C
[2026-06-06T10:41:16.057] [WARNING] [calypso-direct] [TIMING] Large gap: 585ms (expected ~125ms at 8Hz) AWS=3.5kt
[2026-06-06T10:41:16.058] [DEBUG] [calypso-direct] [DATA_IN] AWS=3.5kt AWA=334° Batt=100% Temp=0°C
[2026-06-06T10:41:16.059] [DEBUG] [calypso-direct] [DATA_IN] AWS=3.5kt AWA=334° Batt=100% Temp=0°C
[2026-06-06T10:41:16.064] [DEBUG] [calypso-direct] [DATA_IN] AWS=3.3kt AWA=334° Batt=100% Temp=0°C
[2026-06-06T10:41:16.065] [DEBUG] [calypso-direct] [DATA_IN] AWS=3.3kt AWA=334° Batt=100% Temp=0°C
[2026-06-06T10:41:16.067] [DEBUG] [calypso-direct] [DATA_IN] AWS=3.5kt AWA=334° Batt=100% Temp=0°C
[2026-06-06T10:41:16.447] [WARNING] [calypso-direct] [TIMING] Large gap: 381ms (expected ~125ms at 8Hz) AWS=3.7kt
[2026-06-06T10:41:16.448] [DEBUG] [calypso-direct] [DATA_IN] AWS=3.7kt AWA=335° Batt=100% Temp=0°C
[2026-06-06T10:41:16.838] [WARNING] [calypso-direct] [TIMING] Large gap: 391ms (expected ~125ms at 8Hz) AWS=3.7kt
[2026-06-06T10:41:16.839] [DEBUG] [calypso-direct] [DATA_IN] AWS=3.7kt AWA=336° Batt=100% Temp=0°C
[2026-06-06T10:41:16.839] [DEBUG] [calypso-direct] [DATA_IN] AWS=3.7kt AWA=335° Batt=100% Temp=0°C
[2026-06-06T10:41:17.227] [WARNING] [calypso-direct] [TIMING] Large gap: 387ms (expected ~125ms at 8Hz) AWS=3.1kt
[2026-06-06T10:41:17.228] [DEBUG] [calypso-direct] [DATA_IN] AWS=3.1kt AWA=336° Batt=100% Temp=0°C
[2026-06-06T10:41:17.422] [DEBUG] [calypso-direct] [DATA_IN] AWS=2.9kt AWA=336° Batt=100% Temp=0°C
[2026-06-06T10:41:18.007] [WARNING] [calypso-direct] [TIMING] Large gap: 585ms (expected ~125ms at 8Hz) AWS=2.9kt
[2026-06-06T10:41:18.008] [DEBUG] [calypso-direct] [DATA_IN] AWS=2.9kt AWA=336° Batt=100% Temp=0°C
[2026-06-06T10:41:18.010] [DEBUG] [calypso-direct] [DATA_IN] AWS=3.1kt AWA=328° Batt=100% Temp=0°C
[2026-06-06T10:41:18.202] [DEBUG] [calypso-direct] [DATA_IN] AWS=2.9kt AWA=328° Batt=100% Temp=0°C
[2026-06-06T10:41:18.596] [WARNING] [calypso-direct] [TIMING] Large gap: 393ms (expected ~125ms at 8Hz) AWS=2.9kt
[2026-06-06T10:41:18.596] [DEBUG] [calypso-direct] [DATA_IN] AWS=2.9kt AWA=328° Batt=100% Temp=0°C
[2026-06-06T10:41:18.598] [DEBUG] [calypso-direct] [DATA_IN] AWS=3.1kt AWA=327° Batt=100% Temp=0°C
[2026-06-06T10:41:18.787] [DEBUG] [calypso-direct] [DATA_IN] AWS=2.7kt AWA=327° Batt=100% Temp=0°C
[2026-06-06T10:41:19.179] [WARNING] [calypso-direct] [TIMING] Large gap: 392ms (expected ~125ms at 8Hz) AWS=2.7kt
[2026-06-06T10:41:19.179] [DEBUG] [calypso-direct] [DATA_IN] AWS=2.7kt AWA=339° Batt=100% Temp=0°C
[2026-06-06T10:41:19.569] [WARNING] [calypso-direct] [TIMING] Large gap: 390ms (expected ~125ms at 8Hz) AWS=2.9kt
[2026-06-06T10:41:19.569] [DEBUG] [calypso-direct] [DATA_IN] AWS=2.9kt AWA=339° Batt=100% Temp=0°C
[2026-06-06T10:41:19.764] [DEBUG] [calypso-direct] [DATA_IN] AWS=3.1kt AWA=339° Batt=100% Temp=0°C
[2026-06-06T10:41:19.767] [DEBUG] [calypso-direct] [DATA_IN] AWS=3.1kt AWA=339° Batt=100% Temp=0°C
[2026-06-06T10:41:20.348] [WARNING] [calypso-direct] [TIMING] Large gap: 581ms (expected ~125ms at 8Hz) AWS=3.1kt
[2026-06-06T10:41:20.349] [DEBUG] [calypso-direct] [DATA_IN] AWS=3.1kt AWA=338° Batt=100% Temp=0°C
[2026-06-06T10:41:20.350] [DEBUG] [calypso-direct] [DATA_IN] AWS=3.1kt AWA=345° Batt=100% Temp=0°C
[2026-06-06T10:41:20.932] [WARNING] [calypso-direct] [TIMING] Large gap: 582ms (expected ~125ms at 8Hz) AWS=3.1kt
[2026-06-06T10:41:20.932] [DEBUG] [calypso-direct] [DATA_IN] AWS=3.1kt AWA=345° Batt=100% Temp=0°C
[2026-06-06T10:41:20.935] [DEBUG] [calypso-direct] [DATA_IN] AWS=3.1kt AWA=345° Batt=100% Temp=0°C
[2026-06-06T10:41:21.128] [DEBUG] [calypso-direct] [DATA_IN] AWS=2.9kt AWA=345° Batt=100% Temp=0°C
[2026-06-06T10:41:21.908] [WARNING] [calypso-direct] [TIMING] Large gap: 780ms (expected ~125ms at 8Hz) AWS=2.9kt
[2026-06-06T10:41:21.908] [DEBUG] [calypso-direct] [DATA_IN] AWS=2.9kt AWA=346° Batt=100% Temp=0°C
[2026-06-06T10:41:22.103] [DEBUG] [calypso-direct] [DATA_IN] AWS=2.9kt AWA=328° Batt=100% Temp=0°C
[2026-06-06T10:41:22.104] [DEBUG] [calypso-direct] [DATA_IN] AWS=3.3kt AWA=330° Batt=100% Temp=0°C
[2026-06-06T10:41:22.105] [DEBUG] [calypso-direct] [DATA_IN] AWS=2.9kt AWA=330° Batt=100% Temp=0°C
[2026-06-06T10:41:22.298] [DEBUG] [calypso-direct] [DATA_IN] AWS=3.1kt AWA=330° Batt=100% Temp=0°C
[2026-06-06T10:41:22.687] [WARNING] [calypso-direct] [TIMING] Large gap: 390ms (expected ~125ms at 8Hz) AWS=3.7kt
[2026-06-06T10:41:22.688] [DEBUG] [calypso-direct] [DATA_IN] AWS=3.7kt AWA=330° Batt=100% Temp=0°C
[2026-06-06T10:41:22.882] [DEBUG] [calypso-direct] [DATA_IN] AWS=3.5kt AWA=346° Batt=100% Temp=0°C
[2026-06-06T10:41:23.077] [DEBUG] [calypso-direct] [DATA_IN] AWS=3.5kt AWA=346° Batt=100% Temp=0°C
[2026-06-06T10:41:23.272] [DEBUG] [calypso-direct] [DATA_IN] AWS=3.7kt AWA=346° Batt=100% Temp=0°C
[2026-06-06T10:41:23.662] [WARNING] [calypso-direct] [TIMING] Large gap: 390ms (expected ~125ms at 8Hz) AWS=3.9kt
[2026-06-06T10:41:23.663] [DEBUG] [calypso-direct] [DATA_IN] AWS=3.9kt AWA=346° Batt=100% Temp=0°C
[2026-06-06T10:41:24.442] [WARNING] [calypso-direct] [TIMING] Large gap: 780ms (expected ~125ms at 8Hz) AWS=3.7kt
[2026-06-06T10:41:24.443] [DEBUG] [calypso-direct] [DATA_IN] AWS=3.7kt AWA=346° Batt=100% Temp=0°C
[2026-06-06T10:41:24.444] [DEBUG] [calypso-direct] [DATA_IN] AWS=3.7kt AWA=338° Batt=100% Temp=0°C
[2026-06-06T10:41:24.444] [DEBUG] [calypso-direct] [DATA_IN] AWS=3.7kt AWA=338° Batt=100% Temp=0°C
[2026-06-06T10:41:25.224] [WARNING] [calypso-direct] [TIMING] Large gap: 779ms (expected ~125ms at 8Hz) AWS=3.5kt
[2026-06-06T10:41:25.224] [DEBUG] [calypso-direct] [DATA_IN] AWS=3.5kt AWA=338° Batt=100% Temp=0°C
[2026-06-06T10:41:25.227] [DEBUG] [calypso-direct] [DATA_IN] AWS=3.3kt AWA=338° Batt=100% Temp=0°C
[2026-06-06T10:41:25.229] [DEBUG] [calypso-direct] [DATA_IN] AWS=3.3kt AWA=339° Batt=100% Temp=0°C
[2026-06-06T10:41:25.418] [DEBUG] [calypso-direct] [DATA_IN] AWS=3.1kt AWA=338° Batt=100% Temp=0°C
[2026-06-06T10:41:26.197] [WARNING] [calypso-direct] [TIMING] Large gap: 779ms (expected ~125ms at 8Hz) AWS=2.7kt
[2026-06-06T10:41:26.198] [DEBUG] [calypso-direct] [DATA_IN] AWS=2.7kt AWA=337° Batt=100% Temp=0°C
[2026-06-06T10:41:26.199] [DEBUG] [calypso-direct] [DATA_IN] AWS=2.7kt AWA=337° Batt=100% Temp=0°C
[2026-06-06T10:41:26.587] [WARNING] [calypso-direct] [TIMING] Large gap: 389ms (expected ~125ms at 8Hz) AWS=2.9kt
[2026-06-06T10:41:26.589] [DEBUG] [calypso-direct] [DATA_IN] AWS=2.9kt AWA=337° Batt=100% Temp=0°C
[2026-06-06T10:41:26.590] [DEBUG] [calypso-direct] [DATA_IN] AWS=2.9kt AWA=337° Batt=100% Temp=0°C
[2026-06-06T10:41:26.593] [DEBUG] [calypso-direct] [DATA_IN] AWS=2.7kt AWA=334° Batt=100% Temp=0°C
[2026-06-06T10:41:26.977] [WARNING] [calypso-direct] [TIMING] Large gap: 384ms (expected ~125ms at 8Hz) AWS=2.7kt
[2026-06-06T10:41:26.979] [DEBUG] [calypso-direct] [DATA_IN] AWS=2.7kt AWA=333° Batt=100% Temp=0°C
[2026-06-06T10:41:27.563] [WARNING] [calypso-direct] [TIMING] Large gap: 585ms (expected ~125ms at 8Hz) AWS=2.7kt
[2026-06-06T10:41:27.563] [DEBUG] [calypso-direct] [DATA_IN] AWS=2.7kt AWA=332° Batt=100% Temp=0°C
[2026-06-06T10:41:27.564] [DEBUG] [calypso-direct] [DATA_IN] AWS=2.3kt AWA=332° Batt=100% Temp=0°C
[2026-06-06T10:41:27.565] [DEBUG] [calypso-direct] [DATA_IN] AWS=2.7kt AWA=332° Batt=100% Temp=0°C
[2026-06-06T10:41:28.148] [WARNING] [calypso-direct] [TIMING] Large gap: 583ms (expected ~125ms at 8Hz) AWS=2.7kt
[2026-06-06T10:41:28.148] [DEBUG] [calypso-direct] [DATA_IN] AWS=2.7kt AWA=335° Batt=100% Temp=0°C
[2026-06-06T10:41:28.150] [DEBUG] [calypso-direct] [DATA_IN] AWS=2.7kt AWA=337° Batt=100% Temp=0°C
[2026-06-06T10:41:28.343] [DEBUG] [calypso-direct] [DATA_IN] AWS=2.7kt AWA=337° Batt=100% Temp=0°C
[2026-06-06T10:41:28.928] [WARNING] [calypso-direct] [TIMING] Large gap: 585ms (expected ~125ms at 8Hz) AWS=2.7kt
[2026-06-06T10:41:28.928] [DEBUG] [calypso-direct] [DATA_IN] AWS=2.7kt AWA=337° Batt=100% Temp=0°C
[2026-06-06T10:41:28.931] [DEBUG] [calypso-direct] [DATA_IN] AWS=2.7kt AWA=337° Batt=100% Temp=0°C
[2026-06-06T10:41:29.513] [WARNING] [calypso-direct] [TIMING] Large gap: 582ms (expected ~125ms at 8Hz) AWS=2.7kt
[2026-06-06T10:41:29.513] [DEBUG] [calypso-direct] [DATA_IN] AWS=2.7kt AWA=339° Batt=100% Temp=0°C
[2026-06-06T10:41:30.293] [WARNING] [calypso-direct] [TIMING] Large gap: 780ms (expected ~125ms at 8Hz) AWS=2.9kt
[2026-06-06T10:41:30.294] [DEBUG] [calypso-direct] [DATA_IN] AWS=2.9kt AWA=339° Batt=100% Temp=0°C
[2026-06-06T10:41:30.296] [DEBUG] [calypso-direct] [DATA_IN] AWS=2.9kt AWA=339° Batt=100% Temp=0°C
[2026-06-06T10:41:30.298] [DEBUG] [calypso-direct] [DATA_IN] AWS=2.7kt AWA=339° Batt=100% Temp=0°C
[2026-06-06T10:41:30.299] [DEBUG] [calypso-direct] [DATA_IN] AWS=3.1kt AWA=339° Batt=100% Temp=0°C
[2026-06-06T10:41:30.300] [DEBUG] [calypso-direct] [DATA_IN] AWS=3.1kt AWA=333° Batt=100% Temp=0°C
[2026-06-06T10:41:31.268] [WARNING] [calypso-direct] [TIMING] Large gap: 968ms (expected ~125ms at 8Hz) AWS=2.9kt
[2026-06-06T10:41:31.269] [DEBUG] [calypso-direct] [DATA_IN] AWS=2.9kt AWA=333° Batt=100% Temp=0°C
[2026-06-06T10:41:31.270] [DEBUG] [calypso-direct] [DATA_IN] AWS=3.1kt AWA=333° Batt=100% Temp=0°C
[2026-06-06T10:41:31.463] [DEBUG] [calypso-direct] [DATA_IN] AWS=3.1kt AWA=334° Batt=100% Temp=0°C
[2026-06-06T10:41:31.464] [DEBUG] [calypso-direct] [DATA_IN] AWS=3.1kt AWA=334° Batt=100% Temp=0°C
[2026-06-06T10:41:31.853] [WARNING] [calypso-direct] [TIMING] Large gap: 389ms (expected ~125ms at 8Hz) AWS=3.3kt
[2026-06-06T10:41:31.854] [DEBUG] [calypso-direct] [DATA_IN] AWS=3.3kt AWA=327° Batt=100% Temp=0°C
[2026-06-06T10:41:31.856] [DEBUG] [calypso-direct] [DATA_IN] AWS=3.3kt AWA=327° Batt=100% Temp=0°C
[2026-06-06T10:41:32.830] [WARNING] [calypso-direct] [TIMING] Large gap: 975ms (expected ~125ms at 8Hz) AWS=3.3kt
[2026-06-06T10:41:32.831] [DEBUG] [calypso-direct] [DATA_IN] AWS=3.3kt AWA=325° Batt=100% Temp=0°C
[2026-06-06T10:41:32.832] [DEBUG] [calypso-direct] [DATA_IN] AWS=3.3kt AWA=325° Batt=100% Temp=0°C
[2026-06-06T10:41:32.834] [DEBUG] [calypso-direct] [DATA_IN] AWS=3.3kt AWA=325° Batt=100% Temp=0°C
[2026-06-06T10:41:32.836] [DEBUG] [calypso-direct] [DATA_IN] AWS=3.3kt AWA=335° Batt=100% Temp=0°C
[2026-06-06T10:41:33.218] [WARNING] [calypso-direct] [TIMING] Large gap: 382ms (expected ~125ms at 8Hz) AWS=3.3kt
[2026-06-06T10:41:33.218] [DEBUG] [calypso-direct] [DATA_IN] AWS=3.3kt AWA=335° Batt=100% Temp=0°C
[2026-06-06T10:41:33.413] [DEBUG] [calypso-direct] [DATA_IN] AWS=3.3kt AWA=335° Batt=100% Temp=0°C
[2026-06-06T10:41:33.803] [WARNING] [calypso-direct] [TIMING] Large gap: 390ms (expected ~125ms at 8Hz) AWS=3.3kt
[2026-06-06T10:41:33.803] [DEBUG] [calypso-direct] [DATA_IN] AWS=3.3kt AWA=335° Batt=100% Temp=0°C
[2026-06-06T10:41:33.804] [DEBUG] [calypso-direct] [DATA_IN] AWS=3.1kt AWA=335° Batt=100% Temp=0°C
[2026-06-06T10:41:34.193] [WARNING] [calypso-direct] [TIMING] Large gap: 389ms (expected ~125ms at 8Hz) AWS=3.1kt
[2026-06-06T10:41:34.194] [DEBUG] [calypso-direct] [DATA_IN] AWS=3.1kt AWA=336° Batt=100% Temp=0°C
[2026-06-06T10:41:34.778] [WARNING] [calypso-direct] [TIMING] Large gap: 585ms (expected ~125ms at 8Hz) AWS=3.1kt
[2026-06-06T10:41:34.779] [DEBUG] [calypso-direct] [DATA_IN] AWS=3.1kt AWA=336° Batt=100% Temp=0°C
[2026-06-06T10:41:34.781] [DEBUG] [calypso-direct] [DATA_IN] AWS=3.1kt AWA=336° Batt=100% Temp=0°C
[2026-06-06T10:41:34.782] [DEBUG] [calypso-direct] [DATA_IN] AWS=3.3kt AWA=336° Batt=100% Temp=0°C
[2026-06-06T10:41:35.169] [WARNING] [calypso-direct] [TIMING] Large gap: 387ms (expected ~125ms at 8Hz) AWS=3.3kt
[2026-06-06T10:41:35.170] [DEBUG] [calypso-direct] [DATA_IN] AWS=3.3kt AWA=336° Batt=100% Temp=0°C
[2026-06-06T10:41:35.364] [DEBUG] [calypso-direct] [DATA_IN] AWS=3.3kt AWA=341° Batt=100% Temp=0°C
[2026-06-06T10:41:35.753] [WARNING] [calypso-direct] [TIMING] Large gap: 390ms (expected ~125ms at 8Hz) AWS=3.3kt
[2026-06-06T10:41:35.754] [DEBUG] [calypso-direct] [DATA_IN] AWS=3.3kt AWA=341° Batt=100% Temp=0°C
[2026-06-06T10:41:36.144] [WARNING] [calypso-direct] [TIMING] Large gap: 391ms (expected ~125ms at 8Hz) AWS=3.3kt
[2026-06-06T10:41:36.145] [DEBUG] [calypso-direct] [DATA_IN] AWS=3.3kt AWA=342° Batt=100% Temp=0°C
[2026-06-06T10:41:36.146] [DEBUG] [calypso-direct] [DATA_IN] AWS=3.5kt AWA=342° Batt=100% Temp=0°C
[2026-06-06T10:41:36.339] [DEBUG] [calypso-direct] [DATA_IN] AWS=3.3kt AWA=342° Batt=100% Temp=0°C
[2026-06-06T10:41:36.729] [WARNING] [calypso-direct] [TIMING] Large gap: 390ms (expected ~125ms at 8Hz) AWS=3.5kt
[2026-06-06T10:41:36.732] [DEBUG] [calypso-direct] [DATA_IN] AWS=3.5kt AWA=337° Batt=100% Temp=0°C
[2026-06-06T10:41:37.119] [WARNING] [calypso-direct] [TIMING] Large gap: 390ms (expected ~125ms at 8Hz) AWS=3.5kt
[2026-06-06T10:41:37.120] [DEBUG] [calypso-direct] [DATA_IN] AWS=3.5kt AWA=336° Batt=100% Temp=0°C
[2026-06-06T10:41:37.510] [WARNING] [calypso-direct] [TIMING] Large gap: 391ms (expected ~125ms at 8Hz) AWS=3.3kt
[2026-06-06T10:41:37.511] [DEBUG] [calypso-direct] [DATA_IN] AWS=3.3kt AWA=336° Batt=100% Temp=0°C
[2026-06-06T10:41:37.513] [DEBUG] [calypso-direct] [DATA_IN] AWS=3.3kt AWA=336° Batt=100% Temp=0°C
[2026-06-06T10:41:38.095] [WARNING] [calypso-direct] [TIMING] Large gap: 582ms (expected ~125ms at 8Hz) AWS=3.5kt
[2026-06-06T10:41:38.096] [DEBUG] [calypso-direct] [DATA_IN] AWS=3.5kt AWA=336° Batt=100% Temp=0°C
[2026-06-06T10:41:38.099] [DEBUG] [calypso-direct] [DATA_IN] AWS=3.1kt AWA=348° Batt=100% Temp=0°C
[2026-06-06T10:41:38.102] [DEBUG] [calypso-direct] [DATA_IN] AWS=3.1kt AWA=348° Batt=100% Temp=0°C
[2026-06-06T10:41:39.653] [WARNING] [calypso-direct] [TIMING] Large gap: 1551ms (expected ~125ms at 8Hz) AWS=3.1kt
[2026-06-06T10:41:39.654] [DEBUG] [calypso-direct] [DATA_IN] AWS=3.1kt AWA=348° Batt=100% Temp=0°C
[2026-06-06T10:41:39.656] [DEBUG] [calypso-direct] [DATA_IN] AWS=3.1kt AWA=348° Batt=100% Temp=0°C
[2026-06-06T10:41:40.433] [WARNING] [calypso-direct] [TIMING] Large gap: 778ms (expected ~125ms at 8Hz) AWS=3.1kt
[2026-06-06T10:41:40.434] [DEBUG] [calypso-direct] [DATA_IN] AWS=3.1kt AWA=348° Batt=100% Temp=0°C
[2026-06-06T10:41:41.018] [WARNING] [calypso-direct] [TIMING] Large gap: 585ms (expected ~125ms at 8Hz) AWS=3.5kt
[2026-06-06T10:41:41.019] [DEBUG] [calypso-direct] [DATA_IN] AWS=3.5kt AWA=344° Batt=100% Temp=0°C
[2026-06-06T10:41:41.020] [DEBUG] [calypso-direct] [DATA_IN] AWS=3.5kt AWA=344° Batt=100% Temp=0°C
[2026-06-06T10:41:41.023] [DEBUG] [calypso-direct] [DATA_IN] AWS=3.5kt AWA=344° Batt=100% Temp=0°C
[2026-06-06T10:41:41.026] [DEBUG] [calypso-direct] [DATA_IN] AWS=3.5kt AWA=344° Batt=100% Temp=0°C
[2026-06-06T10:41:41.026] [DEBUG] [calypso-direct] [DATA_IN] AWS=3.5kt AWA=344° Batt=100% Temp=0°C
[2026-06-06T10:41:42.969] [WARNING] [calypso-direct] [TIMING] Large gap: 1942ms (expected ~125ms at 8Hz) AWS=3.3kt
[2026-06-06T10:41:42.969] [DEBUG] [calypso-direct] [DATA_IN] AWS=3.3kt AWA=353° Batt=100% Temp=0°C
[2026-06-06T10:41:42.972] [DEBUG] [calypso-direct] [DATA_IN] AWS=3.3kt AWA=353° Batt=100% Temp=0°C
[2026-06-06T10:41:42.973] [DEBUG] [calypso-direct] [DATA_IN] AWS=2.9kt AWA=353° Batt=100% Temp=0°C
[2026-06-06T10:41:42.975] [DEBUG] [calypso-direct] [DATA_IN] AWS=2.9kt AWA=353° Batt=100% Temp=0°C
[2026-06-06T10:41:42.977] [DEBUG] [calypso-direct] [DATA_IN] AWS=2.9kt AWA=353° Batt=100% Temp=0°C
[2026-06-06T10:41:43.362] [WARNING] [calypso-direct] [TIMING] Large gap: 385ms (expected ~125ms at 8Hz) AWS=2.9kt
[2026-06-06T10:41:43.363] [DEBUG] [calypso-direct] [DATA_IN] AWS=2.9kt AWA=0° Batt=100% Temp=0°C
[2026-06-06T10:41:44.334] [WARNING] [calypso-direct] [TIMING] Large gap: 972ms (expected ~125ms at 8Hz) AWS=2.9kt
[2026-06-06T10:41:44.335] [DEBUG] [calypso-direct] [DATA_IN] AWS=2.9kt AWA=0° Batt=100% Temp=0°C
[2026-06-06T10:41:44.337] [DEBUG] [calypso-direct] [DATA_IN] AWS=2.9kt AWA=0° Batt=100% Temp=0°C
[2026-06-06T10:41:44.725] [WARNING] [calypso-direct] [TIMING] Large gap: 388ms (expected ~125ms at 8Hz) AWS=3.7kt
[2026-06-06T10:41:44.725] [DEBUG] [calypso-direct] [DATA_IN] AWS=3.7kt AWA=0° Batt=100% Temp=0°C
[2026-06-06T10:41:44.727] [DEBUG] [calypso-direct] [DATA_IN] AWS=3.7kt AWA=0° Batt=100% Temp=0°C
[2026-06-06T10:41:45.309] [WARNING] [calypso-direct] [TIMING] Large gap: 582ms (expected ~125ms at 8Hz) AWS=3.7kt
[2026-06-06T10:41:45.310] [DEBUG] [calypso-direct] [DATA_IN] AWS=3.7kt AWA=355° Batt=100% Temp=0°C
[2026-06-06T10:41:45.311] [DEBUG] [calypso-direct] [DATA_IN] AWS=3.5kt AWA=355° Batt=100% Temp=0°C
[2026-06-06T10:41:45.312] [DEBUG] [calypso-direct] [DATA_IN] AWS=3.5kt AWA=2° Batt=100% Temp=0°C
[2026-06-06T10:41:45.699] [WARNING] [calypso-direct] [TIMING] Large gap: 386ms (expected ~125ms at 8Hz) AWS=3.5kt
[2026-06-06T10:41:45.699] [DEBUG] [calypso-direct] [DATA_IN] AWS=3.5kt AWA=3° Batt=100% Temp=0°C
[2026-06-06T10:41:45.700] [DEBUG] [calypso-direct] [DATA_IN] AWS=3.9kt AWA=2° Batt=100% Temp=0°C
[2026-06-06T10:41:45.701] [DEBUG] [calypso-direct] [DATA_IN] AWS=4.1kt AWA=2° Batt=100% Temp=0°C
[2026-06-06T10:41:45.707] [DEBUG] [calypso-direct] [DATA_IN] AWS=4.1kt AWA=1° Batt=100% Temp=0°C
[2026-06-06T10:41:45.708] [DEBUG] [calypso-direct] [DATA_IN] AWS=4.1kt AWA=1° Batt=100% Temp=0°C
[2026-06-06T10:41:45.894] [DEBUG] [calypso-direct] [DATA_IN] AWS=4.1kt AWA=1° Batt=100% Temp=0°C
[2026-06-06T10:41:46.284] [WARNING] [calypso-direct] [TIMING] Large gap: 390ms (expected ~125ms at 8Hz) AWS=3.9kt
[2026-06-06T10:41:46.285] [DEBUG] [calypso-direct] [DATA_IN] AWS=3.9kt AWA=1° Batt=100% Temp=0°C
[2026-06-06T10:41:46.286] [DEBUG] [calypso-direct] [DATA_IN] AWS=3.7kt AWA=353° Batt=100% Temp=0°C
[2026-06-06T10:41:46.287] [DEBUG] [calypso-direct] [DATA_IN] AWS=3.5kt AWA=352° Batt=100% Temp=0°C
[2026-06-06T10:41:46.289] [DEBUG] [calypso-direct] [DATA_IN] AWS=3.5kt AWA=352° Batt=100% Temp=0°C
[2026-06-06T10:41:46.291] [DEBUG] [calypso-direct] [DATA_IN] AWS=3.5kt AWA=352° Batt=100% Temp=0°C
[2026-06-06T10:41:46.674] [WARNING] [calypso-direct] [TIMING] Large gap: 383ms (expected ~125ms at 8Hz) AWS=3.7kt
[2026-06-06T10:41:46.674] [DEBUG] [calypso-direct] [DATA_IN] AWS=3.7kt AWA=352° Batt=100% Temp=0°C
[2026-06-06T10:41:46.869] [DEBUG] [calypso-direct] [DATA_IN] AWS=3.9kt AWA=355° Batt=100% Temp=0°C
[2026-06-06T10:41:46.870] [DEBUG] [calypso-direct] [DATA_IN] AWS=4.3kt AWA=355° Batt=100% Temp=0°C
[2026-06-06T10:41:47.259] [WARNING] [calypso-direct] [TIMING] Large gap: 389ms (expected ~125ms at 8Hz) AWS=4.3kt
[2026-06-06T10:41:47.260] [DEBUG] [calypso-direct] [DATA_IN] AWS=4.3kt AWA=355° Batt=100% Temp=0°C
[2026-06-06T10:41:47.649] [WARNING] [calypso-direct] [TIMING] Large gap: 390ms (expected ~125ms at 8Hz) AWS=4.1kt
[2026-06-06T10:41:47.650] [DEBUG] [calypso-direct] [DATA_IN] AWS=4.1kt AWA=7° Batt=100% Temp=0°C
[2026-06-06T10:41:48.234] [WARNING] [calypso-direct] [TIMING] Large gap: 585ms (expected ~125ms at 8Hz) AWS=4.1kt
[2026-06-06T10:41:48.235] [DEBUG] [calypso-direct] [DATA_IN] AWS=4.1kt AWA=7° Batt=100% Temp=0°C
[2026-06-06T10:41:49.210] [WARNING] [calypso-direct] [TIMING] Large gap: 976ms (expected ~125ms at 8Hz) AWS=3.9kt
[2026-06-06T10:41:49.211] [INFO] [calypso-direct] [RATE_1MIN] 236 pkts/min (expected 480 at 8Hz) max_gap=1950ms gaps_>250ms=87
[2026-06-06T10:41:49.211] [DEBUG] [calypso-direct] [DATA_IN] AWS=3.9kt AWA=7° Batt=100% Temp=0°C
[2026-06-06T10:41:49.213] [DEBUG] [calypso-direct] [DATA_IN] AWS=3.7kt AWA=353° Batt=100% Temp=0°C
[2026-06-06T10:41:49.220] [DEBUG] [calypso-direct] [DATA_IN] AWS=3.7kt AWA=353° Batt=100% Temp=0°C
[2026-06-06T10:41:49.221] [DEBUG] [calypso-direct] [DATA_IN] AWS=3.7kt AWA=353° Batt=100% Temp=0°C
[2026-06-06T10:41:49.227] [DEBUG] [calypso-direct] [DATA_IN] AWS=3.7kt AWA=353° Batt=100% Temp=0°C
[2026-06-06T10:41:49.601] [WARNING] [calypso-direct] [TIMING] Large gap: 375ms (expected ~125ms at 8Hz) AWS=3.9kt
[2026-06-06T10:41:49.602] [DEBUG] [calypso-direct] [DATA_IN] AWS=3.9kt AWA=353° Batt=100% Temp=0°C
[2026-06-06T10:41:49.795] [DEBUG] [calypso-direct] [DATA_IN] AWS=3.9kt AWA=353° Batt=100% Temp=0°C
[2026-06-06T10:41:49.797] [DEBUG] [calypso-direct] [DATA_IN] AWS=3.7kt AWA=353° Batt=100% Temp=0°C
[2026-06-06T10:41:49.799] [DEBUG] [calypso-direct] [DATA_IN] AWS=3.7kt AWA=353° Batt=100% Temp=0°C
[2026-06-06T10:41:50.577] [WARNING] [calypso-direct] [TIMING] Large gap: 778ms (expected ~125ms at 8Hz) AWS=3.7kt
[2026-06-06T10:41:50.579] [DEBUG] [calypso-direct] [DATA_IN] AWS=3.7kt AWA=353° Batt=100% Temp=0°C
[2026-06-06T10:41:50.580] [DEBUG] [calypso-direct] [DATA_IN] AWS=3.7kt AWA=0° Batt=100% Temp=0°C
[2026-06-06T10:41:50.580] [DEBUG] [calypso-direct] [DATA_IN] AWS=3.9kt AWA=0° Batt=100% Temp=0°C
[2026-06-06T10:41:51.159] [WARNING] [calypso-direct] [TIMING] Large gap: 579ms (expected ~125ms at 8Hz) AWS=4.1kt
[2026-06-06T10:41:51.159] [DEBUG] [calypso-direct] [DATA_IN] AWS=4.1kt AWA=0° Batt=100% Temp=0°C
[2026-06-06T10:41:51.160] [DEBUG] [calypso-direct] [DATA_IN] AWS=4.1kt AWA=0° Batt=100% Temp=0°C
[2026-06-06T10:41:51.549] [WARNING] [calypso-direct] [TIMING] Large gap: 389ms (expected ~125ms at 8Hz) AWS=4.1kt
[2026-06-06T10:41:51.550] [DEBUG] [calypso-direct] [DATA_IN] AWS=4.1kt AWA=0° Batt=100% Temp=0°C
[2026-06-06T10:41:51.551] [DEBUG] [calypso-direct] [DATA_IN] AWS=4.1kt AWA=354° Batt=100% Temp=0°C
[2026-06-06T10:41:52.719] [WARNING] [calypso-direct] [TIMING] Large gap: 1169ms (expected ~125ms at 8Hz) AWS=4.1kt
[2026-06-06T10:41:52.720] [DEBUG] [calypso-direct] [DATA_IN] AWS=4.1kt AWA=3° Batt=100% Temp=0°C
[2026-06-06T10:41:52.722] [DEBUG] [calypso-direct] [DATA_IN] AWS=4.1kt AWA=354° Batt=100% Temp=0°C
[2026-06-06T10:41:52.723] [DEBUG] [calypso-direct] [DATA_IN] AWS=3.9kt AWA=3° Batt=100% Temp=0°C
[2026-06-06T10:41:53.109] [WARNING] [calypso-direct] [TIMING] Large gap: 386ms (expected ~125ms at 8Hz) AWS=3.9kt
[2026-06-06T10:41:53.110] [DEBUG] [calypso-direct] [DATA_IN] AWS=3.9kt AWA=354° Batt=100% Temp=0°C
[2026-06-06T10:41:53.111] [DEBUG] [calypso-direct] [DATA_IN] AWS=3.9kt AWA=2° Batt=100% Temp=0°C
[2026-06-06T10:41:53.113] [DEBUG] [calypso-direct] [DATA_IN] AWS=3.9kt AWA=2° Batt=100% Temp=0°C
[2026-06-06T10:41:54.670] [WARNING] [calypso-direct] [TIMING] Large gap: 1557ms (expected ~125ms at 8Hz) AWS=3.9kt
[2026-06-06T10:41:54.670] [DEBUG] [calypso-direct] [DATA_IN] AWS=3.9kt AWA=2° Batt=100% Temp=0°C
[2026-06-06T10:41:55.451] [WARNING] [calypso-direct] [TIMING] Large gap: 781ms (expected ~125ms at 8Hz) AWS=3.9kt
[2026-06-06T10:41:55.453] [DEBUG] [calypso-direct] [DATA_IN] AWS=3.9kt AWA=2° Batt=100% Temp=0°C
[2026-06-06T10:41:55.455] [DEBUG] [calypso-direct] [DATA_IN] AWS=4.1kt AWA=2° Batt=100% Temp=0°C
[2026-06-06T10:41:56.424] [WARNING] [calypso-direct] [TIMING] Large gap: 969ms (expected ~125ms at 8Hz) AWS=4.1kt
[2026-06-06T10:41:56.425] [DEBUG] [calypso-direct] [DATA_IN] AWS=4.1kt AWA=2° Batt=100% Temp=0°C
[2026-06-06T10:41:56.814] [WARNING] [calypso-direct] [TIMING] Large gap: 390ms (expected ~125ms at 8Hz) AWS=4.3kt
[2026-06-06T10:41:56.815] [DEBUG] [calypso-direct] [DATA_IN] AWS=4.3kt AWA=2° Batt=100% Temp=0°C
[2026-06-06T10:41:57.009] [DEBUG] [calypso-direct] [DATA_IN] AWS=4.3kt AWA=353° Batt=100% Temp=0°C
[2026-06-06T10:41:57.013] [DEBUG] [calypso-direct] [DATA_IN] AWS=4.3kt AWA=353° Batt=100% Temp=0°C
[2026-06-06T10:41:57.015] [DEBUG] [calypso-direct] [DATA_IN] AWS=4.3kt AWA=353° Batt=100% Temp=0°C
[2026-06-06T10:41:57.017] [DEBUG] [calypso-direct] [DATA_IN] AWS=4.3kt AWA=0° Batt=100% Temp=0°C
[2026-06-06T10:41:57.019] [DEBUG] [calypso-direct] [DATA_IN] AWS=4.3kt AWA=1° Batt=100% Temp=0°C
[2026-06-06T10:41:57.400] [WARNING] [calypso-direct] [TIMING] Large gap: 381ms (expected ~125ms at 8Hz) AWS=4.1kt
[2026-06-06T10:41:57.400] [DEBUG] [calypso-direct] [DATA_IN] AWS=4.1kt AWA=1° Batt=100% Temp=0°C
[2026-06-06T10:41:57.401] [DEBUG] [calypso-direct] [DATA_IN] AWS=4.1kt AWA=1° Batt=100% Temp=0°C
[2026-06-06T10:41:57.404] [DEBUG] [calypso-direct] [DATA_IN] AWS=4.3kt AWA=4° Batt=100% Temp=0°C
[2026-06-06T10:41:57.405] [DEBUG] [calypso-direct] [DATA_IN] AWS=4.3kt AWA=2° Batt=100% Temp=0°C
[2026-06-06T10:41:57.407] [DEBUG] [calypso-direct] [DATA_IN] AWS=4.5kt AWA=2° Batt=100% Temp=0°C
[2026-06-06T10:41:57.790] [WARNING] [calypso-direct] [TIMING] Large gap: 383ms (expected ~125ms at 8Hz) AWS=4.5kt
[2026-06-06T10:41:57.790] [DEBUG] [calypso-direct] [DATA_IN] AWS=4.5kt AWA=2° Batt=100% Temp=0°C
[2026-06-06T10:41:57.791] [DEBUG] [calypso-direct] [DATA_IN] AWS=4.5kt AWA=1° Batt=100% Temp=0°C
[2026-06-06T10:41:57.793] [DEBUG] [calypso-direct] [DATA_IN] AWS=4.3kt AWA=1° Batt=100% Temp=0°C
[2026-06-06T10:41:57.795] [DEBUG] [calypso-direct] [DATA_IN] AWS=4.1kt AWA=1° Batt=100% Temp=0°C
[2026-06-06T10:41:58.375] [WARNING] [calypso-direct] [TIMING] Large gap: 580ms (expected ~125ms at 8Hz) AWS=4.1kt
[2026-06-06T10:41:58.375] [DEBUG] [calypso-direct] [DATA_IN] AWS=4.1kt AWA=0° Batt=100% Temp=0°C
[2026-06-06T10:41:58.379] [DEBUG] [calypso-direct] [DATA_IN] AWS=3.9kt AWA=0° Batt=100% Temp=0°C
[2026-06-06T10:41:58.765] [WARNING] [calypso-direct] [TIMING] Large gap: 386ms (expected ~125ms at 8Hz) AWS=3.9kt
[2026-06-06T10:41:58.765] [DEBUG] [calypso-direct] [DATA_IN] AWS=3.9kt AWA=2° Batt=100% Temp=0°C
[2026-06-06T10:41:59.155] [WARNING] [calypso-direct] [TIMING] Large gap: 390ms (expected ~125ms at 8Hz) AWS=3.9kt
[2026-06-06T10:41:59.156] [DEBUG] [calypso-direct] [DATA_IN] AWS=3.9kt AWA=2° Batt=100% Temp=0°C
[2026-06-06T10:41:59.158] [DEBUG] [calypso-direct] [DATA_IN] AWS=3.9kt AWA=357° Batt=100% Temp=0°C
[2026-06-06T10:42:00.326] [WARNING] [calypso-direct] [TIMING] Large gap: 1168ms (expected ~125ms at 8Hz) AWS=3.9kt
[2026-06-06T10:42:00.327] [DEBUG] [calypso-direct] [DATA_IN] AWS=3.9kt AWA=357° Batt=100% Temp=0°C
[2026-06-06T10:42:00.328] [DEBUG] [calypso-direct] [DATA_IN] AWS=3.9kt AWA=357° Batt=100% Temp=0°C
[2026-06-06T10:42:00.329] [DEBUG] [calypso-direct] [DATA_IN] AWS=4.1kt AWA=357° Batt=100% Temp=0°C
[2026-06-06T10:42:00.331] [DEBUG] [calypso-direct] [DATA_IN] AWS=4.3kt AWA=357° Batt=100% Temp=0°C
[2026-06-06T10:42:00.333] [DEBUG] [calypso-direct] [DATA_IN] AWS=4.3kt AWA=4° Batt=100% Temp=0°C
[2026-06-06T10:42:00.715] [WARNING] [calypso-direct] [TIMING] Large gap: 382ms (expected ~125ms at 8Hz) AWS=3.9kt
[2026-06-06T10:42:00.715] [DEBUG] [calypso-direct] [DATA_IN] AWS=3.9kt AWA=4° Batt=100% Temp=0°C
[2026-06-06T10:42:01.300] [WARNING] [calypso-direct] [TIMING] Large gap: 585ms (expected ~125ms at 8Hz) AWS=3.9kt
[2026-06-06T10:42:01.300] [DEBUG] [calypso-direct] [DATA_IN] AWS=3.9kt AWA=8° Batt=100% Temp=0°C
[2026-06-06T10:42:01.301] [DEBUG] [calypso-direct] [DATA_IN] AWS=3.9kt AWA=4° Batt=100% Temp=0°C
[2026-06-06T10:42:01.304] [DEBUG] [calypso-direct] [DATA_IN] AWS=3.9kt AWA=6° Batt=100% Temp=0°C
[2026-06-06T10:42:01.690] [WARNING] [calypso-direct] [TIMING] Large gap: 386ms (expected ~125ms at 8Hz) AWS=4.3kt
[2026-06-06T10:42:01.690] [DEBUG] [calypso-direct] [DATA_IN] AWS=4.3kt AWA=4° Batt=100% Temp=0°C
[2026-06-06T10:42:02.665] [WARNING] [calypso-direct] [TIMING] Large gap: 975ms (expected ~125ms at 8Hz) AWS=4.3kt
[2026-06-06T10:42:02.666] [DEBUG] [calypso-direct] [DATA_IN] AWS=4.3kt AWA=2° Batt=100% Temp=0°C
[2026-06-06T10:42:02.667] [DEBUG] [calypso-direct] [DATA_IN] AWS=4.3kt AWA=0° Batt=100% Temp=0°C
[2026-06-06T10:42:02.669] [DEBUG] [calypso-direct] [DATA_IN] AWS=4.1kt AWA=0° Batt=100% Temp=0°C
[2026-06-06T10:42:02.670] [DEBUG] [calypso-direct] [DATA_IN] AWS=4.1kt AWA=0° Batt=100% Temp=0°C
[2026-06-06T10:42:03.055] [WARNING] [calypso-direct] [TIMING] Large gap: 385ms (expected ~125ms at 8Hz) AWS=4.1kt
[2026-06-06T10:42:03.056] [DEBUG] [calypso-direct] [DATA_IN] AWS=4.1kt AWA=2° Batt=100% Temp=0°C
[2026-06-06T10:42:03.058] [DEBUG] [calypso-direct] [DATA_IN] AWS=4.1kt AWA=0° Batt=100% Temp=0°C
[2026-06-06T10:42:03.445] [WARNING] [calypso-direct] [TIMING] Large gap: 387ms (expected ~125ms at 8Hz) AWS=4.1kt
[2026-06-06T10:42:03.445] [DEBUG] [calypso-direct] [DATA_IN] AWS=4.1kt AWA=4° Batt=100% Temp=0°C
[2026-06-06T10:42:03.640] [DEBUG] [calypso-direct] [DATA_IN] AWS=4.1kt AWA=5° Batt=100% Temp=0°C
[2026-06-06T10:42:03.835] [DEBUG] [calypso-direct] [DATA_IN] AWS=4.1kt AWA=5° Batt=100% Temp=0°C
[2026-06-06T10:42:04.030] [DEBUG] [calypso-direct] [DATA_IN] AWS=4.1kt AWA=5° Batt=100% Temp=0°C
[2026-06-06T10:42:05.006] [WARNING] [calypso-direct] [TIMING] Large gap: 976ms (expected ~125ms at 8Hz) AWS=3.9kt
[2026-06-06T10:42:05.006] [DEBUG] [calypso-direct] [DATA_IN] AWS=3.9kt AWA=11° Batt=100% Temp=0°C
[2026-06-06T10:42:05.007] [DEBUG] [calypso-direct] [DATA_IN] AWS=4.1kt AWA=11° Batt=100% Temp=0°C
[2026-06-06T10:42:05.011] [DEBUG] [calypso-direct] [DATA_IN] AWS=3.9kt AWA=11° Batt=100% Temp=0°C
[2026-06-06T10:42:05.591] [WARNING] [calypso-direct] [TIMING] Large gap: 580ms (expected ~125ms at 8Hz) AWS=3.9kt
[2026-06-06T10:42:05.591] [DEBUG] [calypso-direct] [DATA_IN] AWS=3.9kt AWA=11° Batt=100% Temp=0°C
[2026-06-06T10:42:05.592] [DEBUG] [calypso-direct] [DATA_IN] AWS=4.1kt AWA=10° Batt=100% Temp=0°C
[2026-06-06T10:42:05.593] [DEBUG] [calypso-direct] [DATA_IN] AWS=4.3kt AWA=8° Batt=100% Temp=0°C
[2026-06-06T10:42:05.980] [WARNING] [calypso-direct] [TIMING] Large gap: 387ms (expected ~125ms at 8Hz) AWS=4.3kt
[2026-06-06T10:42:05.980] [DEBUG] [calypso-direct] [DATA_IN] AWS=4.3kt AWA=10° Batt=100% Temp=0°C
[2026-06-06T10:42:06.371] [WARNING] [calypso-direct] [TIMING] Large gap: 391ms (expected ~125ms at 8Hz) AWS=4.5kt
[2026-06-06T10:42:06.372] [DEBUG] [calypso-direct] [DATA_IN] AWS=4.5kt AWA=2° Batt=100% Temp=0°C
[2026-06-06T10:42:06.374] [DEBUG] [calypso-direct] [DATA_IN] AWS=4.5kt AWA=2° Batt=100% Temp=0°C
[2026-06-06T10:42:06.955] [WARNING] [calypso-direct] [TIMING] Large gap: 581ms (expected ~125ms at 8Hz) AWS=4.3kt
[2026-06-06T10:42:06.956] [DEBUG] [calypso-direct] [DATA_IN] AWS=4.3kt AWA=1° Batt=100% Temp=0°C
[2026-06-06T10:42:06.958] [DEBUG] [calypso-direct] [DATA_IN] AWS=4.3kt AWA=2° Batt=100% Temp=0°C
[2026-06-06T10:42:07.346] [WARNING] [calypso-direct] [TIMING] Large gap: 388ms (expected ~125ms at 8Hz) AWS=3.9kt
[2026-06-06T10:42:07.346] [DEBUG] [calypso-direct] [DATA_IN] AWS=3.9kt AWA=2° Batt=100% Temp=0°C
[2026-06-06T10:42:07.540] [DEBUG] [calypso-direct] [DATA_IN] AWS=3.9kt AWA=2° Batt=100% Temp=0°C
[2026-06-06T10:42:07.542] [DEBUG] [calypso-direct] [DATA_IN] AWS=3.9kt AWA=2° Batt=100% Temp=0°C
[2026-06-06T10:42:07.930] [WARNING] [calypso-direct] [TIMING] Large gap: 388ms (expected ~125ms at 8Hz) AWS=3.9kt
[2026-06-06T10:42:07.931] [DEBUG] [calypso-direct] [DATA_IN] AWS=3.9kt AWA=15° Batt=100% Temp=0°C
[2026-06-06T10:42:08.321] [WARNING] [calypso-direct] [TIMING] Large gap: 390ms (expected ~125ms at 8Hz) AWS=3.9kt
[2026-06-06T10:42:08.321] [DEBUG] [calypso-direct] [DATA_IN] AWS=3.9kt AWA=15° Batt=100% Temp=0°C
[2026-06-06T10:42:08.322] [DEBUG] [calypso-direct] [DATA_IN] AWS=3.9kt AWA=12° Batt=100% Temp=0°C
[2026-06-06T10:42:08.905] [WARNING] [calypso-direct] [TIMING] Large gap: 583ms (expected ~125ms at 8Hz) AWS=3.9kt
[2026-06-06T10:42:08.906] [DEBUG] [calypso-direct] [DATA_IN] AWS=3.9kt AWA=14° Batt=100% Temp=0°C
[2026-06-06T10:42:08.907] [DEBUG] [calypso-direct] [DATA_IN] AWS=3.9kt AWA=14° Batt=100% Temp=0°C
[2026-06-06T10:42:09.295] [WARNING] [calypso-direct] [TIMING] Large gap: 388ms (expected ~125ms at 8Hz) AWS=4.1kt
[2026-06-06T10:42:09.296] [DEBUG] [calypso-direct] [DATA_IN] AWS=4.1kt AWA=14° Batt=100% Temp=0°C
[2026-06-06T10:42:09.298] [DEBUG] [calypso-direct] [DATA_IN] AWS=3.9kt AWA=14° Batt=100% Temp=0°C
[2026-06-06T10:42:09.880] [WARNING] [calypso-direct] [TIMING] Large gap: 583ms (expected ~125ms at 8Hz) AWS=3.9kt
[2026-06-06T10:42:09.881] [DEBUG] [calypso-direct] [DATA_IN] AWS=3.9kt AWA=14° Batt=100% Temp=0°C
[2026-06-06T10:42:09.883] [DEBUG] [calypso-direct] [DATA_IN] AWS=4.1kt AWA=16° Batt=100% Temp=0°C
[2026-06-06T10:42:10.270] [WARNING] [calypso-direct] [TIMING] Large gap: 388ms (expected ~125ms at 8Hz) AWS=4.1kt
[2026-06-06T10:42:10.271] [DEBUG] [calypso-direct] [DATA_IN] AWS=4.1kt AWA=16° Batt=100% Temp=0°C
[2026-06-06T10:42:10.855] [WARNING] [calypso-direct] [TIMING] Large gap: 585ms (expected ~125ms at 8Hz) AWS=4.3kt
[2026-06-06T10:42:10.856] [DEBUG] [calypso-direct] [DATA_IN] AWS=4.3kt AWA=16° Batt=100% Temp=0°C
[2026-06-06T10:42:11.442] [WARNING] [calypso-direct] [TIMING] Large gap: 586ms (expected ~125ms at 8Hz) AWS=4.3kt
[2026-06-06T10:42:11.442] [DEBUG] [calypso-direct] [DATA_IN] AWS=4.3kt AWA=16° Batt=100% Temp=0°C
[2026-06-06T10:42:11.444] [DEBUG] [calypso-direct] [DATA_IN] AWS=4.1kt AWA=16° Batt=100% Temp=0°C
[2026-06-06T10:42:11.450] [DEBUG] [calypso-direct] [DATA_IN] AWS=3.9kt AWA=13° Batt=100% Temp=0°C
[2026-06-06T10:42:11.454] [DEBUG] [calypso-direct] [DATA_IN] AWS=4.1kt AWA=11° Batt=100% Temp=0°C
[2026-06-06T10:42:11.832] [WARNING] [calypso-direct] [TIMING] Large gap: 378ms (expected ~125ms at 8Hz) AWS=4.1kt
[2026-06-06T10:42:11.832] [DEBUG] [calypso-direct] [DATA_IN] AWS=4.1kt AWA=10° Batt=100% Temp=0°C
[2026-06-06T10:42:11.834] [DEBUG] [calypso-direct] [DATA_IN] AWS=4.5kt AWA=8° Batt=100% Temp=0°C
[2026-06-06T10:42:12.222] [WARNING] [calypso-direct] [TIMING] Large gap: 388ms (expected ~125ms at 8Hz) AWS=4.5kt
[2026-06-06T10:42:12.222] [DEBUG] [calypso-direct] [DATA_IN] AWS=4.5kt AWA=7° Batt=100% Temp=0°C
[2026-06-06T10:42:12.806] [WARNING] [calypso-direct] [TIMING] Large gap: 584ms (expected ~125ms at 8Hz) AWS=4.5kt
[2026-06-06T10:42:12.806] [DEBUG] [calypso-direct] [DATA_IN] AWS=4.5kt AWA=7° Batt=100% Temp=0°C
[2026-06-06T10:42:12.807] [DEBUG] [calypso-direct] [DATA_IN] AWS=4.3kt AWA=8° Batt=100% Temp=0°C
[2026-06-06T10:42:12.808] [DEBUG] [calypso-direct] [DATA_IN] AWS=4.1kt AWA=13° Batt=100% Temp=0°C
[2026-06-06T10:42:13.196] [WARNING] [calypso-direct] [TIMING] Large gap: 388ms (expected ~125ms at 8Hz) AWS=4.1kt
[2026-06-06T10:42:13.196] [DEBUG] [calypso-direct] [DATA_IN] AWS=4.1kt AWA=13° Batt=100% Temp=0°C
[2026-06-06T10:42:13.586] [WARNING] [calypso-direct] [TIMING] Large gap: 390ms (expected ~125ms at 8Hz) AWS=4.1kt
[2026-06-06T10:42:13.586] [DEBUG] [calypso-direct] [DATA_IN] AWS=4.1kt AWA=13° Batt=100% Temp=0°C
[2026-06-06T10:42:13.587] [DEBUG] [calypso-direct] [DATA_IN] AWS=4.1kt AWA=13° Batt=100% Temp=0°C
[2026-06-06T10:42:14.171] [WARNING] [calypso-direct] [TIMING] Large gap: 583ms (expected ~125ms at 8Hz) AWS=4.1kt
[2026-06-06T10:42:14.171] [DEBUG] [calypso-direct] [DATA_IN] AWS=4.1kt AWA=13° Batt=100% Temp=0°C
[2026-06-06T10:42:14.172] [DEBUG] [calypso-direct] [DATA_IN] AWS=4.3kt AWA=13° Batt=100% Temp=0°C
[2026-06-06T10:42:14.561] [WARNING] [calypso-direct] [TIMING] Large gap: 389ms (expected ~125ms at 8Hz) AWS=4.3kt
[2026-06-06T10:42:14.561] [DEBUG] [calypso-direct] [DATA_IN] AWS=4.3kt AWA=12° Batt=100% Temp=0°C
[2026-06-06T10:42:14.562] [DEBUG] [calypso-direct] [DATA_IN] AWS=4.5kt AWA=12° Batt=100% Temp=0°C
[2026-06-06T10:42:15.146] [WARNING] [calypso-direct] [TIMING] Large gap: 584ms (expected ~125ms at 8Hz) AWS=4.5kt
[2026-06-06T10:42:15.146] [DEBUG] [calypso-direct] [DATA_IN] AWS=4.5kt AWA=13° Batt=100% Temp=0°C
[2026-06-06T10:42:15.147] [DEBUG] [calypso-direct] [DATA_IN] AWS=4.3kt AWA=13° Batt=100% Temp=0°C
[2026-06-06T10:42:15.731] [WARNING] [calypso-direct] [TIMING] Large gap: 584ms (expected ~125ms at 8Hz) AWS=4.3kt
[2026-06-06T10:42:15.731] [DEBUG] [calypso-direct] [DATA_IN] AWS=4.3kt AWA=17° Batt=100% Temp=0°C
[2026-06-06T10:42:16.512] [WARNING] [calypso-direct] [TIMING] Large gap: 781ms (expected ~125ms at 8Hz) AWS=4.1kt
[2026-06-06T10:42:16.512] [DEBUG] [calypso-direct] [DATA_IN] AWS=4.1kt AWA=17° Batt=100% Temp=0°C
[2026-06-06T10:42:16.513] [DEBUG] [calypso-direct] [DATA_IN] AWS=4.1kt AWA=19° Batt=100% Temp=0°C
[2026-06-06T10:42:16.516] [DEBUG] [calypso-direct] [DATA_IN] AWS=4.1kt AWA=21° Batt=100% Temp=0°C
[2026-06-06T10:42:16.517] [DEBUG] [calypso-direct] [DATA_IN] AWS=4.1kt AWA=21° Batt=100% Temp=0°C
[2026-06-06T10:42:17.096] [WARNING] [calypso-direct] [TIMING] Large gap: 579ms (expected ~125ms at 8Hz) AWS=4.1kt
[2026-06-06T10:42:17.096] [DEBUG] [calypso-direct] [DATA_IN] AWS=4.1kt AWA=19° Batt=100% Temp=0°C
[2026-06-06T10:42:17.877] [WARNING] [calypso-direct] [TIMING] Large gap: 781ms (expected ~125ms at 8Hz) AWS=4.1kt
[2026-06-06T10:42:17.878] [DEBUG] [calypso-direct] [DATA_IN] AWS=4.1kt AWA=18° Batt=100% Temp=0°C
[2026-06-06T10:42:17.881] [DEBUG] [calypso-direct] [DATA_IN] AWS=4.3kt AWA=18° Batt=100% Temp=0°C
[2026-06-06T10:42:18.073] [DEBUG] [calypso-direct] [DATA_IN] AWS=4.1kt AWA=16° Batt=100% Temp=0°C
[2026-06-06T10:42:18.074] [DEBUG] [calypso-direct] [DATA_IN] AWS=4.3kt AWA=15° Batt=100% Temp=0°C
[2026-06-06T10:42:18.076] [DEBUG] [calypso-direct] [DATA_IN] AWS=4.5kt AWA=15° Batt=100% Temp=0°C
[2026-06-06T10:42:18.656] [WARNING] [calypso-direct] [TIMING] Large gap: 580ms (expected ~125ms at 8Hz) AWS=4.5kt
[2026-06-06T10:42:18.656] [DEBUG] [calypso-direct] [DATA_IN] AWS=4.5kt AWA=15° Batt=100% Temp=0°C
[2026-06-06T10:42:18.660] [DEBUG] [calypso-direct] [DATA_IN] AWS=4.5kt AWA=15° Batt=100% Temp=0°C
[2026-06-06T10:42:18.661] [DEBUG] [calypso-direct] [DATA_IN] AWS=4.5kt AWA=14° Batt=100% Temp=0°C
[2026-06-06T10:42:19.047] [WARNING] [calypso-direct] [TIMING] Large gap: 386ms (expected ~125ms at 8Hz) AWS=4.5kt
[2026-06-06T10:42:19.047] [DEBUG] [calypso-direct] [DATA_IN] AWS=4.5kt AWA=14° Batt=100% Temp=0°C
[2026-06-06T10:42:19.048] [DEBUG] [calypso-direct] [DATA_IN] AWS=4.3kt AWA=14° Batt=100% Temp=0°C
[2026-06-06T10:42:19.436] [WARNING] [calypso-direct] [TIMING] Large gap: 388ms (expected ~125ms at 8Hz) AWS=4.3kt
[2026-06-06T10:42:19.436] [DEBUG] [calypso-direct] [DATA_IN] AWS=4.3kt AWA=13° Batt=100% Temp=0°C
[2026-06-06T10:42:20.024] [WARNING] [calypso-direct] [TIMING] Large gap: 588ms (expected ~125ms at 8Hz) AWS=3.9kt
[2026-06-06T10:42:20.024] [DEBUG] [calypso-direct] [DATA_IN] AWS=3.9kt AWA=13° Batt=100% Temp=0°C
[2026-06-06T10:42:20.026] [DEBUG] [calypso-direct] [DATA_IN] AWS=3.9kt AWA=13° Batt=100% Temp=0°C
[2026-06-06T10:42:20.027] [DEBUG] [calypso-direct] [DATA_IN] AWS=3.9kt AWA=8° Batt=100% Temp=0°C
[2026-06-06T10:42:20.411] [WARNING] [calypso-direct] [TIMING] Large gap: 384ms (expected ~125ms at 8Hz) AWS=3.9kt
[2026-06-06T10:42:20.412] [DEBUG] [calypso-direct] [DATA_IN] AWS=3.9kt AWA=7° Batt=100% Temp=0°C
[2026-06-06T10:42:21.386] [WARNING] [calypso-direct] [TIMING] Large gap: 975ms (expected ~125ms at 8Hz) AWS=4.5kt
[2026-06-06T10:42:21.388] [DEBUG] [calypso-direct] [DATA_IN] AWS=4.5kt AWA=8° Batt=100% Temp=0°C
[2026-06-06T10:42:21.389] [DEBUG] [calypso-direct] [DATA_IN] AWS=4.5kt AWA=8° Batt=100% Temp=0°C
[2026-06-06T10:42:21.391] [DEBUG] [calypso-direct] [DATA_IN] AWS=4.5kt AWA=7° Batt=100% Temp=0°C
[2026-06-06T10:42:21.393] [DEBUG] [calypso-direct] [DATA_IN] AWS=4.5kt AWA=8° Batt=100% Temp=0°C
[2026-06-06T10:42:21.581] [DEBUG] [calypso-direct] [DATA_IN] AWS=4.5kt AWA=12° Batt=100% Temp=0°C
[2026-06-06T10:42:21.776] [DEBUG] [calypso-direct] [DATA_IN] AWS=4.5kt AWA=16° Batt=100% Temp=0°C
[2026-06-06T10:42:22.362] [WARNING] [calypso-direct] [TIMING] Large gap: 585ms (expected ~125ms at 8Hz) AWS=4.5kt
[2026-06-06T10:42:22.362] [DEBUG] [calypso-direct] [DATA_IN] AWS=4.5kt AWA=19° Batt=100% Temp=0°C
[2026-06-06T10:42:22.364] [DEBUG] [calypso-direct] [DATA_IN] AWS=4.3kt AWA=19° Batt=100% Temp=0°C
[2026-06-06T10:42:22.947] [WARNING] [calypso-direct] [TIMING] Large gap: 583ms (expected ~125ms at 8Hz) AWS=4.3kt
[2026-06-06T10:42:22.947] [DEBUG] [calypso-direct] [DATA_IN] AWS=4.3kt AWA=19° Batt=100% Temp=0°C
[2026-06-06T10:42:23.338] [WARNING] [calypso-direct] [TIMING] Large gap: 391ms (expected ~125ms at 8Hz) AWS=4.3kt
[2026-06-06T10:42:23.338] [DEBUG] [calypso-direct] [DATA_IN] AWS=4.3kt AWA=12° Batt=100% Temp=0°C
[2026-06-06T10:42:23.339] [DEBUG] [calypso-direct] [DATA_IN] AWS=4.1kt AWA=12° Batt=100% Temp=0°C
[2026-06-06T10:42:23.340] [DEBUG] [calypso-direct] [DATA_IN] AWS=4.1kt AWA=12° Batt=100% Temp=0°C
[2026-06-06T10:42:23.726] [WARNING] [calypso-direct] [TIMING] Large gap: 386ms (expected ~125ms at 8Hz) AWS=4.1kt
[2026-06-06T10:42:23.727] [DEBUG] [calypso-direct] [DATA_IN] AWS=4.1kt AWA=11° Batt=100% Temp=0°C
[2026-06-06T10:42:24.311] [WARNING] [calypso-direct] [TIMING] Large gap: 585ms (expected ~125ms at 8Hz) AWS=4.1kt
[2026-06-06T10:42:24.312] [DEBUG] [calypso-direct] [DATA_IN] AWS=4.1kt AWA=11° Batt=100% Temp=0°C
[2026-06-06T10:42:24.314] [DEBUG] [calypso-direct] [DATA_IN] AWS=4.1kt AWA=10° Batt=100% Temp=0°C
[2026-06-06T10:42:24.315] [DEBUG] [calypso-direct] [DATA_IN] AWS=3.9kt AWA=10° Batt=100% Temp=0°C
[2026-06-06T10:42:24.702] [WARNING] [calypso-direct] [TIMING] Large gap: 387ms (expected ~125ms at 8Hz) AWS=3.7kt
[2026-06-06T10:42:24.702] [DEBUG] [calypso-direct] [DATA_IN] AWS=3.7kt AWA=13° Batt=100% Temp=0°C
[2026-06-06T10:42:25.091] [WARNING] [calypso-direct] [TIMING] Large gap: 389ms (expected ~125ms at 8Hz) AWS=3.7kt
[2026-06-06T10:42:25.092] [DEBUG] [calypso-direct] [DATA_IN] AWS=3.7kt AWA=16° Batt=100% Temp=0°C
[2026-06-06T10:42:25.093] [DEBUG] [calypso-direct] [DATA_IN] AWS=3.5kt AWA=13° Batt=100% Temp=0°C
[2026-06-06T10:42:25.287] [DEBUG] [calypso-direct] [DATA_IN] AWS=3.5kt AWA=17° Batt=100% Temp=0°C
[2026-06-06T10:42:25.676] [WARNING] [calypso-direct] [TIMING] Large gap: 390ms (expected ~125ms at 8Hz) AWS=4.5kt
[2026-06-06T10:42:25.677] [DEBUG] [calypso-direct] [DATA_IN] AWS=4.5kt AWA=17° Batt=100% Temp=0°C
[2026-06-06T10:42:25.871] [DEBUG] [calypso-direct] [DATA_IN] AWS=4.5kt AWA=10° Batt=100% Temp=0°C
[2026-06-06T10:42:26.262] [WARNING] [calypso-direct] [TIMING] Large gap: 390ms (expected ~125ms at 8Hz) AWS=4.7kt
[2026-06-06T10:42:26.262] [DEBUG] [calypso-direct] [DATA_IN] AWS=4.7kt AWA=4° Batt=100% Temp=0°C
[2026-06-06T10:42:26.652] [WARNING] [calypso-direct] [TIMING] Large gap: 390ms (expected ~125ms at 8Hz) AWS=4.7kt
[2026-06-06T10:42:26.652] [DEBUG] [calypso-direct] [DATA_IN] AWS=4.7kt AWA=4° Batt=100% Temp=0°C
[2026-06-06T10:42:26.654] [DEBUG] [calypso-direct] [DATA_IN] AWS=4.7kt AWA=4° Batt=100% Temp=0°C
[2026-06-06T10:42:27.237] [WARNING] [calypso-direct] [TIMING] Large gap: 582ms (expected ~125ms at 8Hz) AWS=4.7kt
[2026-06-06T10:42:27.238] [DEBUG] [calypso-direct] [DATA_IN] AWS=4.7kt AWA=4° Batt=100% Temp=0°C
[2026-06-06T10:42:27.239] [DEBUG] [calypso-direct] [DATA_IN] AWS=4.7kt AWA=5° Batt=100% Temp=0°C
[2026-06-06T10:42:28.016] [WARNING] [calypso-direct] [TIMING] Large gap: 777ms (expected ~125ms at 8Hz) AWS=4.7kt
[2026-06-06T10:42:28.017] [DEBUG] [calypso-direct] [DATA_IN] AWS=4.7kt AWA=8° Batt=100% Temp=0°C
[2026-06-06T10:42:28.602] [WARNING] [calypso-direct] [TIMING] Large gap: 586ms (expected ~125ms at 8Hz) AWS=4.7kt
[2026-06-06T10:42:28.603] [DEBUG] [calypso-direct] [DATA_IN] AWS=4.7kt AWA=8° Batt=100% Temp=0°C
[2026-06-06T10:42:28.604] [DEBUG] [calypso-direct] [DATA_IN] AWS=4.3kt AWA=8° Batt=100% Temp=0°C
[2026-06-06T10:42:29.577] [WARNING] [calypso-direct] [TIMING] Large gap: 973ms (expected ~125ms at 8Hz) AWS=4.1kt
[2026-06-06T10:42:29.577] [DEBUG] [calypso-direct] [DATA_IN] AWS=4.1kt AWA=2° Batt=100% Temp=0°C
[2026-06-06T10:42:29.579] [DEBUG] [calypso-direct] [DATA_IN] AWS=4.1kt AWA=2° Batt=100% Temp=0°C
[2026-06-06T10:42:29.581] [DEBUG] [calypso-direct] [DATA_IN] AWS=4.1kt AWA=0° Batt=100% Temp=0°C
[2026-06-06T10:42:30.163] [WARNING] [calypso-direct] [TIMING] Large gap: 582ms (expected ~125ms at 8Hz) AWS=4.1kt
[2026-06-06T10:42:30.163] [DEBUG] [calypso-direct] [DATA_IN] AWS=4.1kt AWA=2° Batt=100% Temp=0°C
[2026-06-06T10:42:30.164] [DEBUG] [calypso-direct] [DATA_IN] AWS=3.9kt AWA=8° Batt=100% Temp=0°C
[2026-06-06T10:42:30.167] [DEBUG] [calypso-direct] [DATA_IN] AWS=3.9kt AWA=11° Batt=100% Temp=0°C
[2026-06-06T10:42:30.168] [DEBUG] [calypso-direct] [DATA_IN] AWS=3.7kt AWA=11° Batt=100% Temp=0°C
[2026-06-06T10:42:30.169] [DEBUG] [calypso-direct] [DATA_IN] AWS=3.9kt AWA=11° Batt=100% Temp=0°C
[2026-06-06T10:42:30.552] [WARNING] [calypso-direct] [TIMING] Large gap: 383ms (expected ~125ms at 8Hz) AWS=3.9kt
[2026-06-06T10:42:30.553] [DEBUG] [calypso-direct] [DATA_IN] AWS=3.9kt AWA=10° Batt=100% Temp=0°C
[2026-06-06T10:42:30.555] [DEBUG] [calypso-direct] [DATA_IN] AWS=3.9kt AWA=10° Batt=100% Temp=0°C
[2026-06-06T10:42:30.557] [DEBUG] [calypso-direct] [DATA_IN] AWS=3.9kt AWA=7° Batt=100% Temp=0°C
[2026-06-06T10:42:30.942] [WARNING] [calypso-direct] [TIMING] Large gap: 385ms (expected ~125ms at 8Hz) AWS=3.9kt
[2026-06-06T10:42:30.942] [DEBUG] [calypso-direct] [DATA_IN] AWS=3.9kt AWA=10° Batt=100% Temp=0°C
[2026-06-06T10:42:31.917] [WARNING] [calypso-direct] [TIMING] Large gap: 975ms (expected ~125ms at 8Hz) AWS=3.9kt
[2026-06-06T10:42:31.918] [DEBUG] [calypso-direct] [DATA_IN] AWS=3.9kt AWA=12° Batt=100% Temp=0°C
[2026-06-06T10:42:31.919] [DEBUG] [calypso-direct] [DATA_IN] AWS=4.5kt AWA=12° Batt=100% Temp=0°C
[2026-06-06T10:42:31.920] [DEBUG] [calypso-direct] [DATA_IN] AWS=4.9kt AWA=12° Batt=100% Temp=0°C
[2026-06-06T10:42:31.923] [DEBUG] [calypso-direct] [DATA_IN] AWS=4.9kt AWA=12° Batt=100% Temp=0°C
[2026-06-06T10:42:32.502] [WARNING] [calypso-direct] [TIMING] Large gap: 579ms (expected ~125ms at 8Hz) AWS=4.5kt
[2026-06-06T10:42:32.502] [DEBUG] [calypso-direct] [DATA_IN] AWS=4.5kt AWA=11° Batt=100% Temp=0°C
[2026-06-06T10:42:32.505] [DEBUG] [calypso-direct] [DATA_IN] AWS=4.3kt AWA=8° Batt=100% Temp=0°C
[2026-06-06T10:42:32.892] [WARNING] [calypso-direct] [TIMING] Large gap: 387ms (expected ~125ms at 8Hz) AWS=4.3kt
[2026-06-06T10:42:32.892] [DEBUG] [calypso-direct] [DATA_IN] AWS=4.3kt AWA=4° Batt=100% Temp=0°C
[2026-06-06T10:42:32.894] [DEBUG] [calypso-direct] [DATA_IN] AWS=4.1kt AWA=3° Batt=100% Temp=0°C
[2026-06-06T10:42:33.087] [DEBUG] [calypso-direct] [DATA_IN] AWS=4.3kt AWA=3° Batt=100% Temp=0°C
[2026-06-06T10:42:33.477] [WARNING] [calypso-direct] [TIMING] Large gap: 391ms (expected ~125ms at 8Hz) AWS=4.3kt
[2026-06-06T10:42:33.478] [DEBUG] [calypso-direct] [DATA_IN] AWS=4.3kt AWA=4° Batt=100% Temp=0°C
[2026-06-06T10:42:34.452] [WARNING] [calypso-direct] [TIMING] Large gap: 975ms (expected ~125ms at 8Hz) AWS=4.3kt
[2026-06-06T10:42:34.453] [DEBUG] [calypso-direct] [DATA_IN] AWS=4.3kt AWA=13° Batt=100% Temp=0°C
[2026-06-06T10:42:34.456] [DEBUG] [calypso-direct] [DATA_IN] AWS=4.3kt AWA=15° Batt=100% Temp=0°C
[2026-06-06T10:42:34.458] [DEBUG] [calypso-direct] [DATA_IN] AWS=4.5kt AWA=16° Batt=100% Temp=0°C
[2026-06-06T10:42:34.459] [DEBUG] [calypso-direct] [DATA_IN] AWS=4.5kt AWA=24° Batt=100% Temp=0°C
[2026-06-06T10:42:34.843] [WARNING] [calypso-direct] [TIMING] Large gap: 384ms (expected ~125ms at 8Hz) AWS=4.5kt
[2026-06-06T10:42:34.843] [DEBUG] [calypso-direct] [DATA_IN] AWS=4.5kt AWA=24° Batt=100% Temp=0°C
[2026-06-06T10:42:35.817] [WARNING] [calypso-direct] [TIMING] Large gap: 974ms (expected ~125ms at 8Hz) AWS=4.7kt
[2026-06-06T10:42:35.818] [DEBUG] [calypso-direct] [DATA_IN] AWS=4.7kt AWA=24° Batt=100% Temp=0°C
[2026-06-06T10:42:35.819] [DEBUG] [calypso-direct] [DATA_IN] AWS=4.7kt AWA=6° Batt=100% Temp=0°C
[2026-06-06T10:42:35.823] [DEBUG] [calypso-direct] [DATA_IN] AWS=4.7kt AWA=5° Batt=100% Temp=0°C
[2026-06-06T10:42:35.825] [DEBUG] [calypso-direct] [DATA_IN] AWS=4.7kt AWA=3° Batt=100% Temp=0°C
[2026-06-06T10:42:35.826] [DEBUG] [calypso-direct] [DATA_IN] AWS=4.7kt AWA=0° Batt=100% Temp=0°C
[2026-06-06T10:42:36.403] [WARNING] [calypso-direct] [TIMING] Large gap: 577ms (expected ~125ms at 8Hz) AWS=4.5kt
[2026-06-06T10:42:36.403] [DEBUG] [calypso-direct] [DATA_IN] AWS=4.5kt AWA=0° Batt=100% Temp=0°C
[2026-06-06T10:42:36.404] [DEBUG] [calypso-direct] [DATA_IN] AWS=4.3kt AWA=0° Batt=100% Temp=0°C
[2026-06-06T10:42:36.792] [WARNING] [calypso-direct] [TIMING] Large gap: 388ms (expected ~125ms at 8Hz) AWS=4.3kt
[2026-06-06T10:42:36.795] [DEBUG] [calypso-direct] [DATA_IN] AWS=4.3kt AWA=4° Batt=100% Temp=0°C
[2026-06-06T10:42:36.796] [DEBUG] [calypso-direct] [DATA_IN] AWS=4.3kt AWA=5° Batt=100% Temp=0°C
[2026-06-06T10:42:37.377] [WARNING] [calypso-direct] [TIMING] Large gap: 581ms (expected ~125ms at 8Hz) AWS=4.5kt
[2026-06-06T10:42:37.378] [DEBUG] [calypso-direct] [DATA_IN] AWS=4.5kt AWA=5° Batt=100% Temp=0°C
[2026-06-06T10:42:37.379] [DEBUG] [calypso-direct] [DATA_IN] AWS=4.5kt AWA=8° Batt=100% Temp=0°C
[2026-06-06T10:42:37.767] [WARNING] [calypso-direct] [TIMING] Large gap: 388ms (expected ~125ms at 8Hz) AWS=4.9kt
[2026-06-06T10:42:37.767] [DEBUG] [calypso-direct] [DATA_IN] AWS=4.9kt AWA=14° Batt=100% Temp=0°C
[2026-06-06T10:42:38.157] [WARNING] [calypso-direct] [TIMING] Large gap: 390ms (expected ~125ms at 8Hz) AWS=4.9kt
[2026-06-06T10:42:38.158] [DEBUG] [calypso-direct] [DATA_IN] AWS=4.9kt AWA=14° Batt=100% Temp=0°C
[2026-06-06T10:42:38.742] [WARNING] [calypso-direct] [TIMING] Large gap: 585ms (expected ~125ms at 8Hz) AWS=4.9kt
[2026-06-06T10:42:38.743] [DEBUG] [calypso-direct] [DATA_IN] AWS=4.9kt AWA=14° Batt=100% Temp=0°C
[2026-06-06T10:42:38.744] [DEBUG] [calypso-direct] [DATA_IN] AWS=4.7kt AWA=3° Batt=100% Temp=0°C
[2026-06-06T10:42:38.747] [DEBUG] [calypso-direct] [DATA_IN] AWS=4.7kt AWA=3° Batt=100% Temp=0°C
[2026-06-06T10:42:39.522] [WARNING] [calypso-direct] [TIMING] Large gap: 776ms (expected ~125ms at 8Hz) AWS=4.7kt
[2026-06-06T10:42:39.523] [DEBUG] [calypso-direct] [DATA_IN] AWS=4.7kt AWA=3° Batt=100% Temp=0°C
[2026-06-06T10:42:39.526] [DEBUG] [calypso-direct] [DATA_IN] AWS=4.9kt AWA=4° Batt=100% Temp=0°C
[2026-06-06T10:42:39.527] [DEBUG] [calypso-direct] [DATA_IN] AWS=4.7kt AWA=5° Batt=100% Temp=0°C
[2026-06-06T10:42:39.717] [DEBUG] [calypso-direct] [DATA_IN] AWS=5.1kt AWA=8° Batt=100% Temp=0°C
[2026-06-06T10:42:40.303] [WARNING] [calypso-direct] [TIMING] Large gap: 585ms (expected ~125ms at 8Hz) AWS=5.1kt
[2026-06-06T10:42:40.303] [DEBUG] [calypso-direct] [DATA_IN] AWS=5.1kt AWA=11° Batt=100% Temp=0°C
[2026-06-06T10:42:40.304] [DEBUG] [calypso-direct] [DATA_IN] AWS=5.1kt AWA=12° Batt=100% Temp=0°C
[2026-06-06T10:42:40.306] [DEBUG] [calypso-direct] [DATA_IN] AWS=5.1kt AWA=12° Batt=100% Temp=0°C
[2026-06-06T10:42:40.692] [WARNING] [calypso-direct] [TIMING] Large gap: 386ms (expected ~125ms at 8Hz) AWS=5.1kt
[2026-06-06T10:42:40.693] [DEBUG] [calypso-direct] [DATA_IN] AWS=5.1kt AWA=11° Batt=100% Temp=0°C
[2026-06-06T10:42:41.082] [WARNING] [calypso-direct] [TIMING] Large gap: 390ms (expected ~125ms at 8Hz) AWS=5.1kt
[2026-06-06T10:42:41.084] [DEBUG] [calypso-direct] [DATA_IN] AWS=5.1kt AWA=8° Batt=100% Temp=0°C
[2026-06-06T10:42:41.085] [DEBUG] [calypso-direct] [DATA_IN] AWS=5.1kt AWA=2° Batt=100% Temp=0°C
[2026-06-06T10:42:42.058] [WARNING] [calypso-direct] [TIMING] Large gap: 973ms (expected ~125ms at 8Hz) AWS=5.1kt
[2026-06-06T10:42:42.059] [DEBUG] [calypso-direct] [DATA_IN] AWS=5.1kt AWA=2° Batt=100% Temp=0°C
[2026-06-06T10:42:42.063] [DEBUG] [calypso-direct] [DATA_IN] AWS=5.1kt AWA=2° Batt=100% Temp=0°C
[2026-06-06T10:42:42.066] [DEBUG] [calypso-direct] [DATA_IN] AWS=5.1kt AWA=2° Batt=100% Temp=0°C
[2026-06-06T10:42:42.069] [DEBUG] [calypso-direct] [DATA_IN] AWS=4.9kt AWA=3° Batt=100% Temp=0°C
[2026-06-06T10:42:42.448] [WARNING] [calypso-direct] [TIMING] Large gap: 379ms (expected ~125ms at 8Hz) AWS=4.9kt
[2026-06-06T10:42:42.448] [DEBUG] [calypso-direct] [DATA_IN] AWS=4.9kt AWA=7° Batt=100% Temp=0°C
[2026-06-06T10:42:43.032] [WARNING] [calypso-direct] [TIMING] Large gap: 585ms (expected ~125ms at 8Hz) AWS=4.5kt
[2026-06-06T10:42:43.033] [DEBUG] [calypso-direct] [DATA_IN] AWS=4.5kt AWA=7° Batt=100% Temp=0°C
[2026-06-06T10:42:43.034] [DEBUG] [calypso-direct] [DATA_IN] AWS=4.5kt AWA=5° Batt=100% Temp=0°C
[2026-06-06T10:42:43.035] [DEBUG] [calypso-direct] [DATA_IN] AWS=4.5kt AWA=5° Batt=100% Temp=0°C
[2026-06-06T10:42:43.423] [WARNING] [calypso-direct] [TIMING] Large gap: 387ms (expected ~125ms at 8Hz) AWS=4.5kt
[2026-06-06T10:42:43.423] [DEBUG] [calypso-direct] [DATA_IN] AWS=4.5kt AWA=5° Batt=100% Temp=0°C
[2026-06-06T10:42:43.620] [DEBUG] [calypso-direct] [DATA_IN] AWS=4.7kt AWA=5° Batt=100% Temp=0°C
[2026-06-06T10:42:44.008] [WARNING] [calypso-direct] [TIMING] Large gap: 388ms (expected ~125ms at 8Hz) AWS=5.1kt
[2026-06-06T10:42:44.008] [DEBUG] [calypso-direct] [DATA_IN] AWS=5.1kt AWA=6° Batt=100% Temp=0°C
[2026-06-06T10:42:44.983] [WARNING] [calypso-direct] [TIMING] Large gap: 975ms (expected ~125ms at 8Hz) AWS=5.2kt
[2026-06-06T10:42:44.985] [DEBUG] [calypso-direct] [DATA_IN] AWS=5.2kt AWA=6° Batt=100% Temp=0°C
[2026-06-06T10:42:44.987] [DEBUG] [calypso-direct] [DATA_IN] AWS=5.2kt AWA=6° Batt=100% Temp=0°C
[2026-06-06T10:42:44.988] [DEBUG] [calypso-direct] [DATA_IN] AWS=5.2kt AWA=6° Batt=100% Temp=0°C
[2026-06-06T10:42:44.989] [DEBUG] [calypso-direct] [DATA_IN] AWS=4.7kt AWA=6° Batt=100% Temp=0°C
[2026-06-06T10:42:45.373] [WARNING] [calypso-direct] [TIMING] Large gap: 384ms (expected ~125ms at 8Hz) AWS=4.7kt
[2026-06-06T10:42:45.374] [DEBUG] [calypso-direct] [DATA_IN] AWS=4.7kt AWA=6° Batt=100% Temp=0°C
[2026-06-06T10:42:45.375] [DEBUG] [calypso-direct] [DATA_IN] AWS=4.3kt AWA=7° Batt=100% Temp=0°C
[2026-06-06T10:42:45.958] [WARNING] [calypso-direct] [TIMING] Large gap: 583ms (expected ~125ms at 8Hz) AWS=4.1kt
[2026-06-06T10:42:45.958] [DEBUG] [calypso-direct] [DATA_IN] AWS=4.1kt AWA=13° Batt=100% Temp=0°C
[2026-06-06T10:42:45.960] [DEBUG] [calypso-direct] [DATA_IN] AWS=4.1kt AWA=16° Batt=100% Temp=0°C
[2026-06-06T10:42:46.348] [WARNING] [calypso-direct] [TIMING] Large gap: 387ms (expected ~125ms at 8Hz) AWS=4.5kt
[2026-06-06T10:42:46.348] [DEBUG] [calypso-direct] [DATA_IN] AWS=4.5kt AWA=16° Batt=100% Temp=0°C
[2026-06-06T10:42:46.351] [DEBUG] [calypso-direct] [DATA_IN] AWS=4.5kt AWA=13° Batt=100% Temp=0°C
[2026-06-06T10:42:46.934] [WARNING] [calypso-direct] [TIMING] Large gap: 583ms (expected ~125ms at 8Hz) AWS=4.5kt
[2026-06-06T10:42:46.935] [DEBUG] [calypso-direct] [DATA_IN] AWS=4.5kt AWA=13° Batt=100% Temp=0°C
[2026-06-06T10:42:46.935] [DEBUG] [calypso-direct] [DATA_IN] AWS=4.5kt AWA=11° Batt=100% Temp=0°C
[2026-06-06T10:42:47.518] [WARNING] [calypso-direct] [TIMING] Large gap: 582ms (expected ~125ms at 8Hz) AWS=4.5kt
[2026-06-06T10:42:47.518] [DEBUG] [calypso-direct] [DATA_IN] AWS=4.5kt AWA=5° Batt=100% Temp=0°C
[2026-06-06T10:42:47.520] [DEBUG] [calypso-direct] [DATA_IN] AWS=4.5kt AWA=5° Batt=100% Temp=0°C
[2026-06-06T10:42:47.908] [WARNING] [calypso-direct] [TIMING] Large gap: 388ms (expected ~125ms at 8Hz) AWS=4.5kt
[2026-06-06T10:42:47.908] [DEBUG] [calypso-direct] [DATA_IN] AWS=4.5kt AWA=11° Batt=100% Temp=0°C
[2026-06-06T10:42:47.909] [DEBUG] [calypso-direct] [DATA_IN] AWS=4.1kt AWA=15° Batt=100% Temp=0°C
[2026-06-06T10:42:48.298] [WARNING] [calypso-direct] [TIMING] Large gap: 389ms (expected ~125ms at 8Hz) AWS=4.1kt
[2026-06-06T10:42:48.299] [DEBUG] [calypso-direct] [DATA_IN] AWS=4.1kt AWA=18° Batt=100% Temp=0°C
[2026-06-06T10:42:48.305] [DEBUG] [calypso-direct] [DATA_IN] AWS=3.9kt AWA=18° Batt=100% Temp=0°C
[2026-06-06T10:42:49.273] [WARNING] [calypso-direct] [TIMING] Large gap: 968ms (expected ~125ms at 8Hz) AWS=4.1kt
[2026-06-06T10:42:49.273] [INFO] [calypso-direct] [RATE_1MIN] 243 pkts/min (expected 480 at 8Hz) max_gap=1557ms gaps_>250ms=102
[2026-06-06T10:42:49.275] [DEBUG] [calypso-direct] [DATA_IN] AWS=4.1kt AWA=15° Batt=100% Temp=0°C
[2026-06-06T10:42:49.277] [DEBUG] [calypso-direct] [DATA_IN] AWS=3.9kt AWA=14° Batt=100% Temp=0°C
[2026-06-06T10:42:49.278] [DEBUG] [calypso-direct] [DATA_IN] AWS=3.9kt AWA=3° Batt=100% Temp=0°C
[2026-06-06T10:42:49.279] [DEBUG] [calypso-direct] [DATA_IN] AWS=4.1kt AWA=1° Batt=100% Temp=0°C
[2026-06-06T10:42:49.663] [WARNING] [calypso-direct] [TIMING] Large gap: 384ms (expected ~125ms at 8Hz) AWS=4.3kt
[2026-06-06T10:42:49.663] [DEBUG] [calypso-direct] [DATA_IN] AWS=4.3kt AWA=353° Batt=100% Temp=0°C
[2026-06-06T10:42:50.248] [WARNING] [calypso-direct] [TIMING] Large gap: 585ms (expected ~125ms at 8Hz) AWS=4.3kt
[2026-06-06T10:42:50.248] [DEBUG] [calypso-direct] [DATA_IN] AWS=4.3kt AWA=1° Batt=100% Temp=0°C
[2026-06-06T10:42:50.833] [WARNING] [calypso-direct] [TIMING] Large gap: 585ms (expected ~125ms at 8Hz) AWS=4.3kt
[2026-06-06T10:42:50.835] [DEBUG] [calypso-direct] [DATA_IN] AWS=4.3kt AWA=1° Batt=100% Temp=0°C
[2026-06-06T10:42:50.836] [DEBUG] [calypso-direct] [DATA_IN] AWS=4.3kt AWA=4° Batt=100% Temp=0°C
[2026-06-06T10:42:50.836] [DEBUG] [calypso-direct] [DATA_IN] AWS=4.3kt AWA=12° Batt=100% Temp=0°C
[2026-06-06T10:42:50.839] [DEBUG] [calypso-direct] [DATA_IN] AWS=4.3kt AWA=17° Batt=100% Temp=0°C
[2026-06-06T10:42:51.808] [WARNING] [calypso-direct] [TIMING] Large gap: 969ms (expected ~125ms at 8Hz) AWS=4.5kt
[2026-06-06T10:42:51.809] [DEBUG] [calypso-direct] [DATA_IN] AWS=4.5kt AWA=17° Batt=100% Temp=0°C
[2026-06-06T10:42:51.811] [DEBUG] [calypso-direct] [DATA_IN] AWS=4.5kt AWA=20° Batt=100% Temp=0°C
[2026-06-06T10:42:51.812] [DEBUG] [calypso-direct] [DATA_IN] AWS=4.5kt AWA=17° Batt=100% Temp=0°C
[2026-06-06T10:42:51.813] [DEBUG] [calypso-direct] [DATA_IN] AWS=4.5kt AWA=17° Batt=100% Temp=0°C
[2026-06-06T10:42:52.198] [WARNING] [calypso-direct] [TIMING] Large gap: 385ms (expected ~125ms at 8Hz) AWS=4.5kt
[2026-06-06T10:42:52.198] [DEBUG] [calypso-direct] [DATA_IN] AWS=4.5kt AWA=10° Batt=100% Temp=0°C
[2026-06-06T10:42:52.588] [WARNING] [calypso-direct] [TIMING] Large gap: 390ms (expected ~125ms at 8Hz) AWS=4.7kt
[2026-06-06T10:42:52.588] [DEBUG] [calypso-direct] [DATA_IN] AWS=4.7kt AWA=7° Batt=100% Temp=0°C
[2026-06-06T10:42:52.783] [DEBUG] [calypso-direct] [DATA_IN] AWS=4.3kt AWA=4° Batt=100% Temp=0°C
[2026-06-06T10:42:52.785] [DEBUG] [calypso-direct] [DATA_IN] AWS=4.1kt AWA=2° Batt=100% Temp=0°C
[2026-06-06T10:42:53.174] [WARNING] [calypso-direct] [TIMING] Large gap: 389ms (expected ~125ms at 8Hz) AWS=4.1kt
[2026-06-06T10:42:53.174] [DEBUG] [calypso-direct] [DATA_IN] AWS=4.1kt AWA=345° Batt=100% Temp=0°C
[2026-06-06T10:42:53.563] [WARNING] [calypso-direct] [TIMING] Large gap: 389ms (expected ~125ms at 8Hz) AWS=3.9kt
[2026-06-06T10:42:53.564] [DEBUG] [calypso-direct] [DATA_IN] AWS=3.9kt AWA=345° Batt=100% Temp=0°C
[2026-06-06T10:42:53.565] [DEBUG] [calypso-direct] [DATA_IN] AWS=3.9kt AWA=345° Batt=100% Temp=0°C
[2026-06-06T10:42:54.149] [WARNING] [calypso-direct] [TIMING] Large gap: 584ms (expected ~125ms at 8Hz) AWS=4.1kt
[2026-06-06T10:42:54.149] [DEBUG] [calypso-direct] [DATA_IN] AWS=4.1kt AWA=345° Batt=100% Temp=0°C
[2026-06-06T10:42:54.150] [DEBUG] [calypso-direct] [DATA_IN] AWS=4.1kt AWA=9° Batt=100% Temp=0°C
[2026-06-06T10:42:54.539] [WARNING] [calypso-direct] [TIMING] Large gap: 389ms (expected ~125ms at 8Hz) AWS=4.1kt
[2026-06-06T10:42:54.540] [DEBUG] [calypso-direct] [DATA_IN] AWS=4.1kt AWA=6° Batt=100% Temp=0°C
[2026-06-06T10:42:54.542] [DEBUG] [calypso-direct] [DATA_IN] AWS=4.1kt AWA=8° Batt=100% Temp=0°C
[2026-06-06T10:42:55.123] [WARNING] [calypso-direct] [TIMING] Large gap: 581ms (expected ~125ms at 8Hz) AWS=4.1kt
[2026-06-06T10:42:55.123] [DEBUG] [calypso-direct] [DATA_IN] AWS=4.1kt AWA=9° Batt=100% Temp=0°C
[2026-06-06T10:42:55.125] [DEBUG] [calypso-direct] [DATA_IN] AWS=4.1kt AWA=12° Batt=100% Temp=0°C
[2026-06-06T10:42:55.515] [WARNING] [calypso-direct] [TIMING] Large gap: 390ms (expected ~125ms at 8Hz) AWS=3.9kt
[2026-06-06T10:42:55.516] [DEBUG] [calypso-direct] [DATA_IN] AWS=3.9kt AWA=12° Batt=100% Temp=0°C
[2026-06-06T10:42:55.708] [DEBUG] [calypso-direct] [DATA_IN] AWS=3.9kt AWA=12° Batt=100% Temp=0°C
[2026-06-06T10:42:56.098] [WARNING] [calypso-direct] [TIMING] Large gap: 390ms (expected ~125ms at 8Hz) AWS=4.1kt
[2026-06-06T10:42:56.098] [DEBUG] [calypso-direct] [DATA_IN] AWS=4.1kt AWA=3° Batt=100% Temp=0°C
[2026-06-06T10:42:56.100] [DEBUG] [calypso-direct] [DATA_IN] AWS=4.1kt AWA=3° Batt=100% Temp=0°C
[2026-06-06T10:42:56.488] [WARNING] [calypso-direct] [TIMING] Large gap: 389ms (expected ~125ms at 8Hz) AWS=4.7kt
[2026-06-06T10:42:56.489] [DEBUG] [calypso-direct] [DATA_IN] AWS=4.7kt AWA=3° Batt=100% Temp=0°C
[2026-06-06T10:42:56.879] [WARNING] [calypso-direct] [TIMING] Large gap: 390ms (expected ~125ms at 8Hz) AWS=4.7kt
[2026-06-06T10:42:56.879] [DEBUG] [calypso-direct] [DATA_IN] AWS=4.7kt AWA=3° Batt=100% Temp=0°C
[2026-06-06T10:42:57.073] [DEBUG] [calypso-direct] [DATA_IN] AWS=4.7kt AWA=5° Batt=100% Temp=0°C
[2026-06-06T10:42:57.075] [DEBUG] [calypso-direct] [DATA_IN] AWS=4.5kt AWA=7° Batt=100% Temp=0°C
[2026-06-06T10:42:57.463] [WARNING] [calypso-direct] [TIMING] Large gap: 388ms (expected ~125ms at 8Hz) AWS=4.3kt
[2026-06-06T10:42:57.464] [DEBUG] [calypso-direct] [DATA_IN] AWS=4.3kt AWA=9° Batt=100% Temp=0°C
[2026-06-06T10:42:58.050] [WARNING] [calypso-direct] [TIMING] Large gap: 585ms (expected ~125ms at 8Hz) AWS=4.1kt
[2026-06-06T10:42:58.050] [DEBUG] [calypso-direct] [DATA_IN] AWS=4.1kt AWA=9° Batt=100% Temp=0°C
[2026-06-06T10:42:58.051] [DEBUG] [calypso-direct] [DATA_IN] AWS=4.1kt AWA=7° Batt=100% Temp=0°C
[2026-06-06T10:42:58.053] [DEBUG] [calypso-direct] [DATA_IN] AWS=4.3kt AWA=356° Batt=100% Temp=0°C
[2026-06-06T10:42:58.439] [WARNING] [calypso-direct] [TIMING] Large gap: 386ms (expected ~125ms at 8Hz) AWS=4.5kt
[2026-06-06T10:42:58.439] [DEBUG] [calypso-direct] [DATA_IN] AWS=4.5kt AWA=356° Batt=100% Temp=0°C
[2026-06-06T10:42:59.023] [WARNING] [calypso-direct] [TIMING] Large gap: 585ms (expected ~125ms at 8Hz) AWS=4.5kt
[2026-06-06T10:42:59.024] [DEBUG] [calypso-direct] [DATA_IN] AWS=4.5kt AWA=356° Batt=100% Temp=0°C
[2026-06-06T10:42:59.025] [DEBUG] [calypso-direct] [DATA_IN] AWS=4.5kt AWA=356° Batt=100% Temp=0°C
[2026-06-06T10:42:59.413] [WARNING] [calypso-direct] [TIMING] Large gap: 389ms (expected ~125ms at 8Hz) AWS=4.5kt
[2026-06-06T10:42:59.414] [DEBUG] [calypso-direct] [DATA_IN] AWS=4.5kt AWA=6° Batt=100% Temp=0°C
[2026-06-06T10:42:59.416] [DEBUG] [calypso-direct] [DATA_IN] AWS=4.5kt AWA=6° Batt=100% Temp=0°C
[2026-06-06T10:42:59.998] [WARNING] [calypso-direct] [TIMING] Large gap: 582ms (expected ~125ms at 8Hz) AWS=4.5kt
[2026-06-06T10:42:59.999] [DEBUG] [calypso-direct] [DATA_IN] AWS=4.5kt AWA=4° Batt=100% Temp=0°C
[2026-06-06T10:43:00.000] [DEBUG] [calypso-direct] [DATA_IN] AWS=4.3kt AWA=6° Batt=100% Temp=0°C
[2026-06-06T10:43:00.389] [WARNING] [calypso-direct] [TIMING] Large gap: 389ms (expected ~125ms at 8Hz) AWS=4.3kt
[2026-06-06T10:43:00.389] [DEBUG] [calypso-direct] [DATA_IN] AWS=4.3kt AWA=6° Batt=100% Temp=0°C
[2026-06-06T10:43:00.391] [DEBUG] [calypso-direct] [DATA_IN] AWS=4.1kt AWA=5° Batt=100% Temp=0°C
[2026-06-06T10:43:00.780] [WARNING] [calypso-direct] [TIMING] Large gap: 388ms (expected ~125ms at 8Hz) AWS=4.1kt
[2026-06-06T10:43:00.782] [DEBUG] [calypso-direct] [DATA_IN] AWS=4.1kt AWA=4° Batt=100% Temp=0°C
[2026-06-06T10:43:00.784] [DEBUG] [calypso-direct] [DATA_IN] AWS=4.1kt AWA=356° Batt=100% Temp=0°C
[2026-06-06T10:43:01.364] [WARNING] [calypso-direct] [TIMING] Large gap: 579ms (expected ~125ms at 8Hz) AWS=4.1kt
[2026-06-06T10:43:01.364] [DEBUG] [calypso-direct] [DATA_IN] AWS=4.1kt AWA=356° Batt=100% Temp=0°C
[2026-06-06T10:43:01.365] [DEBUG] [calypso-direct] [DATA_IN] AWS=4.5kt AWA=356° Batt=100% Temp=0°C
[2026-06-06T10:43:01.753] [WARNING] [calypso-direct] [TIMING] Large gap: 389ms (expected ~125ms at 8Hz) AWS=4.5kt
[2026-06-06T10:43:01.754] [DEBUG] [calypso-direct] [DATA_IN] AWS=4.5kt AWA=350° Batt=100% Temp=0°C
[2026-06-06T10:43:01.948] [DEBUG] [calypso-direct] [DATA_IN] AWS=4.5kt AWA=350° Batt=100% Temp=0°C
[2026-06-06T10:43:02.339] [WARNING] [calypso-direct] [TIMING] Large gap: 391ms (expected ~125ms at 8Hz) AWS=3.7kt
[2026-06-06T10:43:02.340] [DEBUG] [calypso-direct] [DATA_IN] AWS=3.7kt AWA=350° Batt=100% Temp=0°C
[2026-06-06T10:43:02.340] [DEBUG] [calypso-direct] [DATA_IN] AWS=3.5kt AWA=351° Batt=100% Temp=0°C
[2026-06-06T10:43:02.729] [WARNING] [calypso-direct] [TIMING] Large gap: 388ms (expected ~125ms at 8Hz) AWS=3.3kt
[2026-06-06T10:43:02.729] [DEBUG] [calypso-direct] [DATA_IN] AWS=3.3kt AWA=351° Batt=100% Temp=0°C
[2026-06-06T10:43:02.924] [DEBUG] [calypso-direct] [DATA_IN] AWS=3.5kt AWA=2° Batt=100% Temp=0°C
[2026-06-06T10:43:03.119] [DEBUG] [calypso-direct] [DATA_IN] AWS=3.5kt AWA=2° Batt=100% Temp=0°C
[2026-06-06T10:43:03.899] [WARNING] [calypso-direct] [TIMING] Large gap: 780ms (expected ~125ms at 8Hz) AWS=4.1kt
[2026-06-06T10:43:03.899] [DEBUG] [calypso-direct] [DATA_IN] AWS=4.1kt AWA=2° Batt=100% Temp=0°C
[2026-06-06T10:43:04.289] [WARNING] [calypso-direct] [TIMING] Large gap: 390ms (expected ~125ms at 8Hz) AWS=4.7kt
[2026-06-06T10:43:04.289] [DEBUG] [calypso-direct] [DATA_IN] AWS=4.7kt AWA=2° Batt=100% Temp=0°C
[2026-06-06T10:43:04.484] [DEBUG] [calypso-direct] [DATA_IN] AWS=4.7kt AWA=2° Batt=100% Temp=0°C
[2026-06-06T10:43:04.485] [DEBUG] [calypso-direct] [DATA_IN] AWS=4.7kt AWA=4° Batt=100% Temp=0°C
[2026-06-06T10:43:04.490] [DEBUG] [calypso-direct] [DATA_IN] AWS=4.7kt AWA=4° Batt=100% Temp=0°C
[2026-06-06T10:43:04.679] [DEBUG] [calypso-direct] [DATA_IN] AWS=4.9kt AWA=4° Batt=100% Temp=0°C
[2026-06-06T10:43:05.069] [WARNING] [calypso-direct] [TIMING] Large gap: 390ms (expected ~125ms at 8Hz) AWS=4.5kt
[2026-06-06T10:43:05.069] [DEBUG] [calypso-direct] [DATA_IN] AWS=4.5kt AWA=4° Batt=100% Temp=0°C
[2026-06-06T10:43:05.071] [DEBUG] [calypso-direct] [DATA_IN] AWS=4.5kt AWA=4° Batt=100% Temp=0°C
[2026-06-06T10:43:05.654] [WARNING] [calypso-direct] [TIMING] Large gap: 583ms (expected ~125ms at 8Hz) AWS=4.5kt
[2026-06-06T10:43:05.654] [DEBUG] [calypso-direct] [DATA_IN] AWS=4.5kt AWA=341° Batt=100% Temp=0°C
[2026-06-06T10:43:06.240] [WARNING] [calypso-direct] [TIMING] Large gap: 586ms (expected ~125ms at 8Hz) AWS=3.9kt
[2026-06-06T10:43:06.240] [DEBUG] [calypso-direct] [DATA_IN] AWS=3.9kt AWA=341° Batt=100% Temp=0°C
[2026-06-06T10:43:06.242] [DEBUG] [calypso-direct] [DATA_IN] AWS=3.9kt AWA=341° Batt=100% Temp=0°C
[2026-06-06T10:43:06.243] [DEBUG] [calypso-direct] [DATA_IN] AWS=3.9kt AWA=341° Batt=100% Temp=0°C
[2026-06-06T10:43:06.630] [WARNING] [calypso-direct] [TIMING] Large gap: 386ms (expected ~125ms at 8Hz) AWS=3.9kt
[2026-06-06T10:43:06.630] [DEBUG] [calypso-direct] [DATA_IN] AWS=3.9kt AWA=341° Batt=100% Temp=0°C
[2026-06-06T10:43:06.631] [DEBUG] [calypso-direct] [DATA_IN] AWS=4.1kt AWA=2° Batt=100% Temp=0°C
[2026-06-06T10:43:07.019] [WARNING] [calypso-direct] [TIMING] Large gap: 388ms (expected ~125ms at 8Hz) AWS=4.1kt
[2026-06-06T10:43:07.020] [DEBUG] [calypso-direct] [DATA_IN] AWS=4.1kt AWA=2° Batt=100% Temp=0°C
[2026-06-06T10:43:07.216] [DEBUG] [calypso-direct] [DATA_IN] AWS=4.5kt AWA=5° Batt=100% Temp=0°C
[2026-06-06T10:43:07.604] [WARNING] [calypso-direct] [TIMING] Large gap: 388ms (expected ~125ms at 8Hz) AWS=4.7kt
[2026-06-06T10:43:07.604] [DEBUG] [calypso-direct] [DATA_IN] AWS=4.7kt AWA=2° Batt=100% Temp=0°C
[2026-06-06T10:43:07.606] [DEBUG] [calypso-direct] [DATA_IN] AWS=4.7kt AWA=2° Batt=100% Temp=0°C
[2026-06-06T10:43:07.994] [WARNING] [calypso-direct] [TIMING] Large gap: 387ms (expected ~125ms at 8Hz) AWS=4.7kt
[2026-06-06T10:43:07.994] [DEBUG] [calypso-direct] [DATA_IN] AWS=4.7kt AWA=353° Batt=100% Temp=0°C
[2026-06-06T10:43:08.189] [DEBUG] [calypso-direct] [DATA_IN] AWS=4.7kt AWA=353° Batt=100% Temp=0°C
[2026-06-06T10:43:08.384] [DEBUG] [calypso-direct] [DATA_IN] AWS=4.7kt AWA=353° Batt=100% Temp=0°C
[2026-06-06T10:43:08.579] [DEBUG] [calypso-direct] [DATA_IN] AWS=4.5kt AWA=353° Batt=100% Temp=0°C
[2026-06-06T10:43:09.164] [WARNING] [calypso-direct] [TIMING] Large gap: 584ms (expected ~125ms at 8Hz) AWS=4.3kt
[2026-06-06T10:43:09.164] [DEBUG] [calypso-direct] [DATA_IN] AWS=4.3kt AWA=353° Batt=100% Temp=0°C
[2026-06-06T10:43:09.165] [DEBUG] [calypso-direct] [DATA_IN] AWS=3.9kt AWA=353° Batt=100% Temp=0°C
[2026-06-06T10:43:09.945] [WARNING] [calypso-direct] [TIMING] Large gap: 779ms (expected ~125ms at 8Hz) AWS=3.9kt
[2026-06-06T10:43:09.948] [DEBUG] [calypso-direct] [DATA_IN] AWS=3.9kt AWA=353° Batt=100% Temp=0°C
[2026-06-06T10:43:09.948] [DEBUG] [calypso-direct] [DATA_IN] AWS=3.9kt AWA=353° Batt=100% Temp=0°C
[2026-06-06T10:43:09.949] [DEBUG] [calypso-direct] [DATA_IN] AWS=3.9kt AWA=353° Batt=100% Temp=0°C
[2026-06-06T10:43:10.139] [DEBUG] [calypso-direct] [DATA_IN] AWS=3.9kt AWA=353° Batt=100% Temp=0°C
[2026-06-06T10:43:10.529] [WARNING] [calypso-direct] [TIMING] Large gap: 390ms (expected ~125ms at 8Hz) AWS=3.9kt
[2026-06-06T10:43:10.530] [DEBUG] [calypso-direct] [DATA_IN] AWS=3.9kt AWA=356° Batt=100% Temp=0°C
[2026-06-06T10:43:10.531] [DEBUG] [calypso-direct] [DATA_IN] AWS=3.9kt AWA=356° Batt=100% Temp=0°C
[2026-06-06T10:43:10.919] [WARNING] [calypso-direct] [TIMING] Large gap: 388ms (expected ~125ms at 8Hz) AWS=4.1kt
[2026-06-06T10:43:10.919] [DEBUG] [calypso-direct] [DATA_IN] AWS=4.1kt AWA=356° Batt=100% Temp=0°C
[2026-06-06T10:43:11.504] [WARNING] [calypso-direct] [TIMING] Large gap: 585ms (expected ~125ms at 8Hz) AWS=4.1kt
[2026-06-06T10:43:11.504] [DEBUG] [calypso-direct] [DATA_IN] AWS=4.1kt AWA=356° Batt=100% Temp=0°C
[2026-06-06T10:43:11.507] [DEBUG] [calypso-direct] [DATA_IN] AWS=4.1kt AWA=356° Batt=100% Temp=0°C
[2026-06-06T10:43:11.894] [WARNING] [calypso-direct] [TIMING] Large gap: 387ms (expected ~125ms at 8Hz) AWS=4.1kt
[2026-06-06T10:43:11.894] [DEBUG] [calypso-direct] [DATA_IN] AWS=4.1kt AWA=346° Batt=100% Temp=0°C
[2026-06-06T10:43:11.896] [DEBUG] [calypso-direct] [DATA_IN] AWS=4.1kt AWA=345° Batt=100% Temp=0°C
[2026-06-06T10:43:12.284] [WARNING] [calypso-direct] [TIMING] Large gap: 388ms (expected ~125ms at 8Hz) AWS=3.7kt
[2026-06-06T10:43:12.285] [DEBUG] [calypso-direct] [DATA_IN] AWS=3.7kt AWA=346° Batt=100% Temp=0°C
[2026-06-06T10:43:12.287] [DEBUG] [calypso-direct] [DATA_IN] AWS=3.3kt AWA=346° Batt=100% Temp=0°C
[2026-06-06T10:43:12.870] [WARNING] [calypso-direct] [TIMING] Large gap: 583ms (expected ~125ms at 8Hz) AWS=3.3kt
[2026-06-06T10:43:12.870] [DEBUG] [calypso-direct] [DATA_IN] AWS=3.3kt AWA=346° Batt=100% Temp=0°C
[2026-06-06T10:43:12.872] [DEBUG] [calypso-direct] [DATA_IN] AWS=3.3kt AWA=351° Batt=100% Temp=0°C
[2026-06-06T10:43:13.064] [DEBUG] [calypso-direct] [DATA_IN] AWS=3.3kt AWA=351° Batt=100% Temp=0°C
[2026-06-06T10:43:13.455] [WARNING] [calypso-direct] [TIMING] Large gap: 391ms (expected ~125ms at 8Hz) AWS=3.3kt
[2026-06-06T10:43:13.455] [DEBUG] [calypso-direct] [DATA_IN] AWS=3.3kt AWA=351° Batt=100% Temp=0°C
[2026-06-06T10:43:13.844] [WARNING] [calypso-direct] [TIMING] Large gap: 389ms (expected ~125ms at 8Hz) AWS=3.3kt
[2026-06-06T10:43:13.845] [DEBUG] [calypso-direct] [DATA_IN] AWS=3.3kt AWA=351° Batt=100% Temp=0°C
[2026-06-06T10:43:13.847] [DEBUG] [calypso-direct] [DATA_IN] AWS=3.3kt AWA=351° Batt=100% Temp=0°C
[2026-06-06T10:43:14.234] [WARNING] [calypso-direct] [TIMING] Large gap: 387ms (expected ~125ms at 8Hz) AWS=3.3kt
[2026-06-06T10:43:14.234] [DEBUG] [calypso-direct] [DATA_IN] AWS=3.3kt AWA=357° Batt=100% Temp=0°C
[2026-06-06T10:43:14.429] [DEBUG] [calypso-direct] [DATA_IN] AWS=3.3kt AWA=357° Batt=100% Temp=0°C
[2026-06-06T10:43:14.624] [DEBUG] [calypso-direct] [DATA_IN] AWS=3.3kt AWA=357° Batt=100% Temp=0°C
[2026-06-06T10:43:14.819] [DEBUG] [calypso-direct] [DATA_IN] AWS=3.3kt AWA=357° Batt=100% Temp=0°C
[2026-06-06T10:43:15.405] [WARNING] [calypso-direct] [TIMING] Large gap: 586ms (expected ~125ms at 8Hz) AWS=3.5kt
[2026-06-06T10:43:15.406] [DEBUG] [calypso-direct] [DATA_IN] AWS=3.5kt AWA=357° Batt=100% Temp=0°C
[2026-06-06T10:43:15.406] [DEBUG] [calypso-direct] [DATA_IN] AWS=3.5kt AWA=345° Batt=100% Temp=0°C
[2026-06-06T10:43:15.795] [WARNING] [calypso-direct] [TIMING] Large gap: 388ms (expected ~125ms at 8Hz) AWS=3.5kt
[2026-06-06T10:43:15.795] [DEBUG] [calypso-direct] [DATA_IN] AWS=3.5kt AWA=345° Batt=100% Temp=0°C
[2026-06-06T10:43:15.797] [DEBUG] [calypso-direct] [DATA_IN] AWS=3.5kt AWA=345° Batt=100% Temp=0°C
[2026-06-06T10:43:16.185] [WARNING] [calypso-direct] [TIMING] Large gap: 388ms (expected ~125ms at 8Hz) AWS=3.7kt
[2026-06-06T10:43:16.185] [DEBUG] [calypso-direct] [DATA_IN] AWS=3.7kt AWA=345° Batt=100% Temp=0°C
[2026-06-06T10:43:16.380] [DEBUG] [calypso-direct] [DATA_IN] AWS=3.7kt AWA=345° Batt=100% Temp=0°C
[2026-06-06T10:43:16.576] [DEBUG] [calypso-direct] [DATA_IN] AWS=3.7kt AWA=349° Batt=100% Temp=0°C
[2026-06-06T10:43:17.355] [WARNING] [calypso-direct] [TIMING] Large gap: 779ms (expected ~125ms at 8Hz) AWS=3.9kt
[2026-06-06T10:43:17.355] [DEBUG] [calypso-direct] [DATA_IN] AWS=3.9kt AWA=348° Batt=100% Temp=0°C
[2026-06-06T10:43:17.745] [WARNING] [calypso-direct] [TIMING] Large gap: 390ms (expected ~125ms at 8Hz) AWS=3.9kt
[2026-06-06T10:43:17.745] [DEBUG] [calypso-direct] [DATA_IN] AWS=3.9kt AWA=349° Batt=100% Temp=0°C
[2026-06-06T10:43:17.747] [DEBUG] [calypso-direct] [DATA_IN] AWS=3.9kt AWA=349° Batt=100% Temp=0°C
[2026-06-06T10:43:17.749] [DEBUG] [calypso-direct] [DATA_IN] AWS=3.3kt AWA=349° Batt=100% Temp=0°C
[2026-06-06T10:43:18.135] [WARNING] [calypso-direct] [TIMING] Large gap: 385ms (expected ~125ms at 8Hz) AWS=3.3kt
[2026-06-06T10:43:18.135] [DEBUG] [calypso-direct] [DATA_IN] AWS=3.3kt AWA=352° Batt=100% Temp=0°C
[2026-06-06T10:43:18.138] [DEBUG] [calypso-direct] [DATA_IN] AWS=3.3kt AWA=352° Batt=100% Temp=0°C
[2026-06-06T10:43:18.719] [WARNING] [calypso-direct] [TIMING] Large gap: 581ms (expected ~125ms at 8Hz) AWS=3.3kt
[2026-06-06T10:43:18.720] [DEBUG] [calypso-direct] [DATA_IN] AWS=3.3kt AWA=352° Batt=100% Temp=0°C
[2026-06-06T10:43:18.721] [DEBUG] [calypso-direct] [DATA_IN] AWS=3.3kt AWA=352° Batt=100% Temp=0°C
[2026-06-06T10:43:19.110] [WARNING] [calypso-direct] [TIMING] Large gap: 390ms (expected ~125ms at 8Hz) AWS=3.9kt
[2026-06-06T10:43:19.111] [DEBUG] [calypso-direct] [DATA_IN] AWS=3.9kt AWA=352° Batt=100% Temp=0°C
[2026-06-06T10:43:19.112] [DEBUG] [calypso-direct] [DATA_IN] AWS=3.9kt AWA=340° Batt=100% Temp=0°C
[2026-06-06T10:43:19.499] [WARNING] [calypso-direct] [TIMING] Large gap: 387ms (expected ~125ms at 8Hz) AWS=3.3kt
[2026-06-06T10:43:19.500] [DEBUG] [calypso-direct] [DATA_IN] AWS=3.3kt AWA=340° Batt=100% Temp=0°C
[2026-06-06T10:43:19.695] [DEBUG] [calypso-direct] [DATA_IN] AWS=3.5kt AWA=340° Batt=100% Temp=0°C
[2026-06-06T10:43:20.085] [WARNING] [calypso-direct] [TIMING] Large gap: 390ms (expected ~125ms at 8Hz) AWS=3.5kt
[2026-06-06T10:43:20.085] [DEBUG] [calypso-direct] [DATA_IN] AWS=3.5kt AWA=340° Batt=100% Temp=0°C
[2026-06-06T10:43:20.086] [DEBUG] [calypso-direct] [DATA_IN] AWS=3.5kt AWA=340° Batt=100% Temp=0°C
[2026-06-06T10:43:20.475] [WARNING] [calypso-direct] [TIMING] Large gap: 388ms (expected ~125ms at 8Hz) AWS=3.5kt
[2026-06-06T10:43:20.475] [DEBUG] [calypso-direct] [DATA_IN] AWS=3.5kt AWA=325° Batt=100% Temp=0°C
[2026-06-06T10:43:20.671] [DEBUG] [calypso-direct] [DATA_IN] AWS=3.5kt AWA=325° Batt=100% Temp=0°C
[2026-06-06T10:43:21.060] [WARNING] [calypso-direct] [TIMING] Large gap: 389ms (expected ~125ms at 8Hz) AWS=3.3kt
[2026-06-06T10:43:21.060] [DEBUG] [calypso-direct] [DATA_IN] AWS=3.3kt AWA=325° Batt=100% Temp=0°C
[2026-06-06T10:43:21.063] [DEBUG] [calypso-direct] [DATA_IN] AWS=3.1kt AWA=326° Batt=100% Temp=0°C
[2026-06-06T10:43:21.450] [WARNING] [calypso-direct] [TIMING] Large gap: 387ms (expected ~125ms at 8Hz) AWS=3.1kt
[2026-06-06T10:43:21.450] [DEBUG] [calypso-direct] [DATA_IN] AWS=3.1kt AWA=326° Batt=100% Temp=0°C
[2026-06-06T10:43:21.646] [DEBUG] [calypso-direct] [DATA_IN] AWS=3.1kt AWA=328° Batt=100% Temp=0°C
[2026-06-06T10:43:22.035] [WARNING] [calypso-direct] [TIMING] Large gap: 388ms (expected ~125ms at 8Hz) AWS=3.1kt
[2026-06-06T10:43:22.035] [DEBUG] [calypso-direct] [DATA_IN] AWS=3.1kt AWA=327° Batt=100% Temp=0°C
[2026-06-06T10:43:22.037] [DEBUG] [calypso-direct] [DATA_IN] AWS=3.1kt AWA=327° Batt=100% Temp=0°C
[2026-06-06T10:43:22.620] [WARNING] [calypso-direct] [TIMING] Large gap: 583ms (expected ~125ms at 8Hz) AWS=3.1kt
[2026-06-06T10:43:22.620] [DEBUG] [calypso-direct] [DATA_IN] AWS=3.1kt AWA=326° Batt=100% Temp=0°C
[2026-06-06T10:43:23.010] [WARNING] [calypso-direct] [TIMING] Large gap: 390ms (expected ~125ms at 8Hz) AWS=3.1kt
[2026-06-06T10:43:23.010] [DEBUG] [calypso-direct] [DATA_IN] AWS=3.1kt AWA=325° Batt=100% Temp=0°C
[2026-06-06T10:43:23.400] [WARNING] [calypso-direct] [TIMING] Large gap: 390ms (expected ~125ms at 8Hz) AWS=3.5kt
[2026-06-06T10:43:23.401] [DEBUG] [calypso-direct] [DATA_IN] AWS=3.5kt AWA=327° Batt=100% Temp=0°C
[2026-06-06T10:43:23.402] [DEBUG] [calypso-direct] [DATA_IN] AWS=3.5kt AWA=327° Batt=100% Temp=0°C
[2026-06-06T10:43:23.595] [DEBUG] [calypso-direct] [DATA_IN] AWS=3.5kt AWA=325° Batt=100% Temp=0°C
[2026-06-06T10:43:23.985] [WARNING] [calypso-direct] [TIMING] Large gap: 390ms (expected ~125ms at 8Hz) AWS=3.5kt
[2026-06-06T10:43:23.985] [DEBUG] [calypso-direct] [DATA_IN] AWS=3.5kt AWA=325° Batt=100% Temp=0°C
[2026-06-06T10:43:24.180] [DEBUG] [calypso-direct] [DATA_IN] AWS=3.3kt AWA=327° Batt=100% Temp=0°C
[2026-06-06T10:43:24.375] [DEBUG] [calypso-direct] [DATA_IN] AWS=3.3kt AWA=333° Batt=100% Temp=0°C
[2026-06-06T10:43:24.962] [WARNING] [calypso-direct] [TIMING] Large gap: 587ms (expected ~125ms at 8Hz) AWS=2.5kt
[2026-06-06T10:43:24.962] [DEBUG] [calypso-direct] [DATA_IN] AWS=2.5kt AWA=333° Batt=100% Temp=0°C
[2026-06-06T10:43:24.963] [DEBUG] [calypso-direct] [DATA_IN] AWS=2.1kt AWA=333° Batt=100% Temp=0°C
[2026-06-06T10:43:25.155] [DEBUG] [calypso-direct] [DATA_IN] AWS=2.1kt AWA=333° Batt=100% Temp=0°C
[2026-06-06T10:43:25.350] [DEBUG] [calypso-direct] [DATA_IN] AWS=2.1kt AWA=334° Batt=100% Temp=0°C
[2026-06-06T10:43:25.740] [WARNING] [calypso-direct] [TIMING] Large gap: 390ms (expected ~125ms at 8Hz) AWS=2.3kt
[2026-06-06T10:43:25.740] [DEBUG] [calypso-direct] [DATA_IN] AWS=2.3kt AWA=322° Batt=100% Temp=0°C
[2026-06-06T10:43:25.938] [DEBUG] [calypso-direct] [DATA_IN] AWS=2.5kt AWA=322° Batt=100% Temp=0°C
[2026-06-06T10:43:26.715] [WARNING] [calypso-direct] [TIMING] Large gap: 777ms (expected ~125ms at 8Hz) AWS=2.7kt
[2026-06-06T10:43:26.715] [DEBUG] [calypso-direct] [DATA_IN] AWS=2.7kt AWA=318° Batt=100% Temp=0°C
[2026-06-06T10:43:26.716] [DEBUG] [calypso-direct] [DATA_IN] AWS=2.9kt AWA=318° Batt=100% Temp=0°C
[2026-06-06T10:43:26.911] [DEBUG] [calypso-direct] [DATA_IN] AWS=3.5kt AWA=318° Batt=100% Temp=0°C
[2026-06-06T10:43:26.913] [DEBUG] [calypso-direct] [DATA_IN] AWS=3.7kt AWA=321° Batt=100% Temp=0°C
[2026-06-06T10:43:27.302] [WARNING] [calypso-direct] [TIMING] Large gap: 390ms (expected ~125ms at 8Hz) AWS=4.7kt
[2026-06-06T10:43:27.304] [DEBUG] [calypso-direct] [DATA_IN] AWS=4.7kt AWA=321° Batt=100% Temp=0°C
[2026-06-06T10:43:27.306] [DEBUG] [calypso-direct] [DATA_IN] AWS=4.7kt AWA=322° Batt=100% Temp=0°C
[2026-06-06T10:43:27.886] [WARNING] [calypso-direct] [TIMING] Large gap: 580ms (expected ~125ms at 8Hz) AWS=4.7kt
[2026-06-06T10:43:27.888] [DEBUG] [calypso-direct] [DATA_IN] AWS=4.7kt AWA=322° Batt=100% Temp=0°C
[2026-06-06T10:43:27.889] [DEBUG] [calypso-direct] [DATA_IN] AWS=4.1kt AWA=323° Batt=100% Temp=0°C
[2026-06-06T10:43:28.080] [DEBUG] [calypso-direct] [DATA_IN] AWS=3.3kt AWA=322° Batt=100% Temp=0°C
[2026-06-06T10:43:28.470] [WARNING] [calypso-direct] [TIMING] Large gap: 390ms (expected ~125ms at 8Hz) AWS=3.3kt
[2026-06-06T10:43:28.471] [DEBUG] [calypso-direct] [DATA_IN] AWS=3.3kt AWA=322° Batt=100% Temp=0°C
[2026-06-06T10:43:30.030] [WARNING] [calypso-direct] [TIMING] Large gap: 1560ms (expected ~125ms at 8Hz) AWS=4.1kt
[2026-06-06T10:43:30.031] [DEBUG] [calypso-direct] [DATA_IN] AWS=4.1kt AWA=321° Batt=100% Temp=0°C
[2026-06-06T10:43:30.033] [DEBUG] [calypso-direct] [DATA_IN] AWS=3.3kt AWA=321° Batt=100% Temp=0°C
[2026-06-06T10:43:30.036] [DEBUG] [calypso-direct] [DATA_IN] AWS=4.1kt AWA=321° Batt=100% Temp=0°C
[2026-06-06T10:43:30.038] [DEBUG] [calypso-direct] [DATA_IN] AWS=4.1kt AWA=318° Batt=100% Temp=0°C
[2026-06-06T10:43:30.042] [DEBUG] [calypso-direct] [DATA_IN] AWS=4.7kt AWA=318° Batt=100% Temp=0°C
[2026-06-06T10:43:30.811] [WARNING] [calypso-direct] [TIMING] Large gap: 769ms (expected ~125ms at 8Hz) AWS=5.1kt
[2026-06-06T10:43:30.813] [DEBUG] [calypso-direct] [DATA_IN] AWS=5.1kt AWA=315° Batt=100% Temp=0°C
[2026-06-06T10:43:30.815] [DEBUG] [calypso-direct] [DATA_IN] AWS=5.1kt AWA=315° Batt=100% Temp=0°C
[2026-06-06T10:43:30.818] [DEBUG] [calypso-direct] [DATA_IN] AWS=5.1kt AWA=315° Batt=100% Temp=0°C
[2026-06-06T10:43:30.821] [DEBUG] [calypso-direct] [DATA_IN] AWS=3.9kt AWA=327° Batt=100% Temp=0°C
[2026-06-06T10:43:30.822] [DEBUG] [calypso-direct] [DATA_IN] AWS=3.9kt AWA=327° Batt=100% Temp=0°C
[2026-06-06T10:43:31.395] [WARNING] [calypso-direct] [TIMING] Large gap: 573ms (expected ~125ms at 8Hz) AWS=3.7kt
[2026-06-06T10:43:31.395] [DEBUG] [calypso-direct] [DATA_IN] AWS=3.7kt AWA=327° Batt=100% Temp=0°C
[2026-06-06T10:43:31.398] [DEBUG] [calypso-direct] [DATA_IN] AWS=3.5kt AWA=328° Batt=100% Temp=0°C
[2026-06-06T10:43:31.590] [DEBUG] [calypso-direct] [DATA_IN] AWS=3.1kt AWA=328° Batt=100% Temp=0°C
[2026-06-06T10:43:31.786] [DEBUG] [calypso-direct] [DATA_IN] AWS=2.9kt AWA=327° Batt=100% Temp=0°C
[2026-06-06T10:43:32.175] [WARNING] [calypso-direct] [TIMING] Large gap: 389ms (expected ~125ms at 8Hz) AWS=2.9kt
[2026-06-06T10:43:32.175] [DEBUG] [calypso-direct] [DATA_IN] AWS=2.9kt AWA=328° Batt=100% Temp=0°C
[2026-06-06T10:43:32.760] [WARNING] [calypso-direct] [TIMING] Large gap: 585ms (expected ~125ms at 8Hz) AWS=2.9kt
[2026-06-06T10:43:32.761] [DEBUG] [calypso-direct] [DATA_IN] AWS=2.9kt AWA=327° Batt=100% Temp=0°C
[2026-06-06T10:43:32.762] [DEBUG] [calypso-direct] [DATA_IN] AWS=2.9kt AWA=327° Batt=100% Temp=0°C
[2026-06-06T10:43:32.955] [DEBUG] [calypso-direct] [DATA_IN] AWS=3.7kt AWA=325° Batt=100% Temp=0°C
[2026-06-06T10:43:33.540] [WARNING] [calypso-direct] [TIMING] Large gap: 585ms (expected ~125ms at 8Hz) AWS=4.7kt
[2026-06-06T10:43:33.541] [DEBUG] [calypso-direct] [DATA_IN] AWS=4.7kt AWA=314° Batt=100% Temp=0°C
[2026-06-06T10:43:33.542] [DEBUG] [calypso-direct] [DATA_IN] AWS=4.7kt AWA=314° Batt=100% Temp=0°C
[2026-06-06T10:43:33.547] [DEBUG] [calypso-direct] [DATA_IN] AWS=4.7kt AWA=314° Batt=100% Temp=0°C
[2026-06-06T10:43:34.323] [WARNING] [calypso-direct] [TIMING] Large gap: 776ms (expected ~125ms at 8Hz) AWS=4.7kt
[2026-06-06T10:43:34.325] [DEBUG] [calypso-direct] [DATA_IN] AWS=4.7kt AWA=315° Batt=100% Temp=0°C
[2026-06-06T10:43:34.327] [DEBUG] [calypso-direct] [DATA_IN] AWS=2.5kt AWA=319° Batt=100% Temp=0°C
[2026-06-06T10:43:34.328] [DEBUG] [calypso-direct] [DATA_IN] AWS=1.9kt AWA=343° Batt=100% Temp=0°C
[2026-06-06T10:43:34.906] [WARNING] [calypso-direct] [TIMING] Large gap: 578ms (expected ~125ms at 8Hz) AWS=1.9kt
[2026-06-06T10:43:34.906] [DEBUG] [calypso-direct] [DATA_IN] AWS=1.9kt AWA=343° Batt=100% Temp=0°C
[2026-06-06T10:43:34.907] [DEBUG] [calypso-direct] [DATA_IN] AWS=2.3kt AWA=343° Batt=100% Temp=0°C
[2026-06-06T10:43:35.100] [DEBUG] [calypso-direct] [DATA_IN] AWS=2.1kt AWA=343° Batt=100% Temp=0°C
[2026-06-06T10:43:35.686] [WARNING] [calypso-direct] [TIMING] Large gap: 585ms (expected ~125ms at 8Hz) AWS=2.3kt
[2026-06-06T10:43:35.689] [DEBUG] [calypso-direct] [DATA_IN] AWS=2.3kt AWA=343° Batt=100% Temp=0°C
[2026-06-06T10:43:35.690] [DEBUG] [calypso-direct] [DATA_IN] AWS=2.3kt AWA=342° Batt=100% Temp=0°C
[2026-06-06T10:43:36.076] [WARNING] [calypso-direct] [TIMING] Large gap: 386ms (expected ~125ms at 8Hz) AWS=2.5kt
[2026-06-06T10:43:36.078] [DEBUG] [calypso-direct] [DATA_IN] AWS=2.5kt AWA=343° Batt=100% Temp=0°C
[2026-06-06T10:43:36.466] [WARNING] [calypso-direct] [TIMING] Large gap: 390ms (expected ~125ms at 8Hz) AWS=2.5kt
[2026-06-06T10:43:36.467] [DEBUG] [calypso-direct] [DATA_IN] AWS=2.5kt AWA=343° Batt=100% Temp=0°C
[2026-06-06T10:43:36.468] [DEBUG] [calypso-direct] [DATA_IN] AWS=2.5kt AWA=343° Batt=100% Temp=0°C
[2026-06-06T10:43:37.051] [WARNING] [calypso-direct] [TIMING] Large gap: 582ms (expected ~125ms at 8Hz) AWS=2.5kt
[2026-06-06T10:43:37.053] [DEBUG] [calypso-direct] [DATA_IN] AWS=2.5kt AWA=342° Batt=100% Temp=0°C
[2026-06-06T10:43:37.054] [INFO] [calypso-direct] [HEARTBEAT] packets=1199 last_data=0s ago l1_fails=0
[2026-06-06T10:43:37.246] [DEBUG] [calypso-direct] [DATA_IN] AWS=3.3kt AWA=316° Batt=100% Temp=0°C
[2026-06-06T10:43:37.249] [DEBUG] [calypso-direct] [DATA_IN] AWS=3.3kt AWA=315° Batt=100% Temp=0°C
[2026-06-06T10:43:37.445] [DEBUG] [calypso-direct] [DATA_IN] AWS=3.3kt AWA=315° Batt=100% Temp=0°C
[2026-06-06T10:43:38.026] [WARNING] [calypso-direct] [TIMING] Large gap: 580ms (expected ~125ms at 8Hz) AWS=3.3kt
[2026-06-06T10:43:38.028] [DEBUG] [calypso-direct] [DATA_IN] AWS=3.3kt AWA=316° Batt=100% Temp=0°C
[2026-06-06T10:43:38.029] [DEBUG] [calypso-direct] [DATA_IN] AWS=2.9kt AWA=319° Batt=100% Temp=0°C
[2026-06-06T10:43:38.612] [WARNING] [calypso-direct] [TIMING] Large gap: 584ms (expected ~125ms at 8Hz) AWS=2.9kt
[2026-06-06T10:43:38.613] [DEBUG] [calypso-direct] [DATA_IN] AWS=2.9kt AWA=333° Batt=100% Temp=0°C
[2026-06-06T10:43:38.614] [DEBUG] [calypso-direct] [DATA_IN] AWS=2.9kt AWA=335° Batt=100% Temp=0°C
[2026-06-06T10:43:38.620] [DEBUG] [calypso-direct] [DATA_IN] AWS=3.1kt AWA=335° Batt=100% Temp=0°C
[2026-06-06T10:43:39.001] [WARNING] [calypso-direct] [TIMING] Large gap: 381ms (expected ~125ms at 8Hz) AWS=3.3kt
[2026-06-06T10:43:39.001] [DEBUG] [calypso-direct] [DATA_IN] AWS=3.3kt AWA=334° Batt=100% Temp=0°C
[2026-06-06T10:43:39.391] [WARNING] [calypso-direct] [TIMING] Large gap: 390ms (expected ~125ms at 8Hz) AWS=3.7kt
[2026-06-06T10:43:39.391] [DEBUG] [calypso-direct] [DATA_IN] AWS=3.7kt AWA=334° Batt=100% Temp=0°C
[2026-06-06T10:43:39.392] [DEBUG] [calypso-direct] [DATA_IN] AWS=3.7kt AWA=317° Batt=100% Temp=0°C
[2026-06-06T10:43:39.586] [DEBUG] [calypso-direct] [DATA_IN] AWS=3.7kt AWA=316° Batt=100% Temp=0°C
[2026-06-06T10:43:39.781] [DEBUG] [calypso-direct] [DATA_IN] AWS=3.7kt AWA=316° Batt=100% Temp=0°C
[2026-06-06T10:43:40.171] [WARNING] [calypso-direct] [TIMING] Large gap: 391ms (expected ~125ms at 8Hz) AWS=3.7kt
[2026-06-06T10:43:40.173] [DEBUG] [calypso-direct] [DATA_IN] AWS=3.7kt AWA=317° Batt=100% Temp=0°C
[2026-06-06T10:43:40.366] [DEBUG] [calypso-direct] [DATA_IN] AWS=3.3kt AWA=320° Batt=100% Temp=0°C
[2026-06-06T10:43:40.756] [WARNING] [calypso-direct] [TIMING] Large gap: 390ms (expected ~125ms at 8Hz) AWS=3.3kt
[2026-06-06T10:43:40.757] [DEBUG] [calypso-direct] [DATA_IN] AWS=3.3kt AWA=332° Batt=100% Temp=0°C
[2026-06-06T10:43:40.951] [DEBUG] [calypso-direct] [DATA_IN] AWS=3.3kt AWA=332° Batt=100% Temp=0°C
[2026-06-06T10:43:41.536] [WARNING] [calypso-direct] [TIMING] Large gap: 585ms (expected ~125ms at 8Hz) AWS=3.3kt
[2026-06-06T10:43:41.536] [DEBUG] [calypso-direct] [DATA_IN] AWS=3.3kt AWA=332° Batt=100% Temp=0°C
[2026-06-06T10:43:41.538] [DEBUG] [calypso-direct] [DATA_IN] AWS=3.3kt AWA=331° Batt=100% Temp=0°C
[2026-06-06T10:43:41.539] [DEBUG] [calypso-direct] [DATA_IN] AWS=3.5kt AWA=330° Batt=100% Temp=0°C
[2026-06-06T10:43:41.926] [WARNING] [calypso-direct] [TIMING] Large gap: 387ms (expected ~125ms at 8Hz) AWS=3.5kt
[2026-06-06T10:43:41.926] [DEBUG] [calypso-direct] [DATA_IN] AWS=3.5kt AWA=319° Batt=100% Temp=0°C
[2026-06-06T10:43:42.316] [WARNING] [calypso-direct] [TIMING] Large gap: 390ms (expected ~125ms at 8Hz) AWS=3.5kt
[2026-06-06T10:43:42.316] [DEBUG] [calypso-direct] [DATA_IN] AWS=3.5kt AWA=318° Batt=100% Temp=0°C
[2026-06-06T10:43:42.318] [DEBUG] [calypso-direct] [DATA_IN] AWS=3.5kt AWA=319° Batt=100% Temp=0°C
[2026-06-06T10:43:42.903] [WARNING] [calypso-direct] [TIMING] Large gap: 584ms (expected ~125ms at 8Hz) AWS=3.5kt
[2026-06-06T10:43:42.903] [DEBUG] [calypso-direct] [DATA_IN] AWS=3.5kt AWA=319° Batt=100% Temp=0°C
[2026-06-06T10:43:42.908] [DEBUG] [calypso-direct] [DATA_IN] AWS=3.5kt AWA=320° Batt=100% Temp=0°C
[2026-06-06T10:43:43.097] [DEBUG] [calypso-direct] [DATA_IN] AWS=3.9kt AWA=318° Batt=100% Temp=0°C
[2026-06-06T10:43:43.683] [WARNING] [calypso-direct] [TIMING] Large gap: 585ms (expected ~125ms at 8Hz) AWS=4.3kt
[2026-06-06T10:43:43.683] [DEBUG] [calypso-direct] [DATA_IN] AWS=4.3kt AWA=319° Batt=100% Temp=0°C
[2026-06-06T10:43:43.684] [DEBUG] [calypso-direct] [DATA_IN] AWS=4.7kt AWA=319° Batt=100% Temp=0°C
[2026-06-06T10:43:43.876] [DEBUG] [calypso-direct] [DATA_IN] AWS=4.9kt AWA=319° Batt=100% Temp=0°C
[2026-06-06T10:43:44.071] [DEBUG] [calypso-direct] [DATA_IN] AWS=4.9kt AWA=318° Batt=100% Temp=0°C
[2026-06-06T10:43:44.461] [WARNING] [calypso-direct] [TIMING] Large gap: 390ms (expected ~125ms at 8Hz) AWS=5.1kt
[2026-06-06T10:43:44.461] [DEBUG] [calypso-direct] [DATA_IN] AWS=5.1kt AWA=319° Batt=100% Temp=0°C
[2026-06-06T10:43:45.046] [WARNING] [calypso-direct] [TIMING] Large gap: 585ms (expected ~125ms at 8Hz) AWS=5.1kt
[2026-06-06T10:43:45.046] [DEBUG] [calypso-direct] [DATA_IN] AWS=5.1kt AWA=319° Batt=100% Temp=0°C
[2026-06-06T10:43:45.048] [DEBUG] [calypso-direct] [DATA_IN] AWS=4.9kt AWA=320° Batt=100% Temp=0°C
[2026-06-06T10:43:45.050] [DEBUG] [calypso-direct] [DATA_IN] AWS=4.9kt AWA=319° Batt=100% Temp=0°C
[2026-06-06T10:43:45.827] [WARNING] [calypso-direct] [TIMING] Large gap: 777ms (expected ~125ms at 8Hz) AWS=4.9kt
[2026-06-06T10:43:45.828] [DEBUG] [calypso-direct] [DATA_IN] AWS=4.9kt AWA=319° Batt=100% Temp=0°C
[2026-06-06T10:43:45.828] [DEBUG] [calypso-direct] [DATA_IN] AWS=4.7kt AWA=321° Batt=100% Temp=0°C
[2026-06-06T10:43:46.606] [WARNING] [calypso-direct] [TIMING] Large gap: 778ms (expected ~125ms at 8Hz) AWS=4.9kt
[2026-06-06T10:43:46.606] [DEBUG] [calypso-direct] [DATA_IN] AWS=4.9kt AWA=321° Batt=100% Temp=0°C
[2026-06-06T10:43:47.191] [WARNING] [calypso-direct] [TIMING] Large gap: 585ms (expected ~125ms at 8Hz) AWS=4.9kt
[2026-06-06T10:43:47.191] [DEBUG] [calypso-direct] [DATA_IN] AWS=4.9kt AWA=321° Batt=100% Temp=0°C
[2026-06-06T10:43:47.194] [DEBUG] [calypso-direct] [DATA_IN] AWS=4.7kt AWA=321° Batt=100% Temp=0°C
[2026-06-06T10:43:47.194] [DEBUG] [calypso-direct] [DATA_IN] AWS=4.7kt AWA=321° Batt=100% Temp=0°C
[2026-06-06T10:43:47.386] [DEBUG] [calypso-direct] [DATA_IN] AWS=5.1kt AWA=318° Batt=100% Temp=0°C
[2026-06-06T10:43:47.972] [WARNING] [calypso-direct] [TIMING] Large gap: 585ms (expected ~125ms at 8Hz) AWS=5.1kt
[2026-06-06T10:43:47.972] [DEBUG] [calypso-direct] [DATA_IN] AWS=5.1kt AWA=318° Batt=100% Temp=0°C
[2026-06-06T10:43:47.973] [DEBUG] [calypso-direct] [DATA_IN] AWS=5.1kt AWA=316° Batt=100% Temp=0°C
[2026-06-06T10:43:47.976] [DEBUG] [calypso-direct] [DATA_IN] AWS=5.2kt AWA=316° Batt=100% Temp=0°C
[2026-06-06T10:43:47.977] [DEBUG] [calypso-direct] [DATA_IN] AWS=5.2kt AWA=316° Batt=100% Temp=0°C
[2026-06-06T10:43:48.166] [DEBUG] [calypso-direct] [DATA_IN] AWS=5.4kt AWA=312° Batt=100% Temp=0°C
[2026-06-06T10:43:48.362] [DEBUG] [calypso-direct] [DATA_IN] AWS=5.4kt AWA=313° Batt=100% Temp=0°C
[2026-06-06T10:43:48.947] [WARNING] [calypso-direct] [TIMING] Large gap: 585ms (expected ~125ms at 8Hz) AWS=5.4kt
[2026-06-06T10:43:48.948] [DEBUG] [calypso-direct] [DATA_IN] AWS=5.4kt AWA=313° Batt=100% Temp=0°C
[2026-06-06T10:43:48.952] [DEBUG] [calypso-direct] [DATA_IN] AWS=4.9kt AWA=314° Batt=100% Temp=0°C
[2026-06-06T10:43:49.532] [WARNING] [calypso-direct] [TIMING] Large gap: 580ms (expected ~125ms at 8Hz) AWS=4.9kt
[2026-06-06T10:43:49.532] [INFO] [calypso-direct] [RATE_1MIN] 241 pkts/min (expected 480 at 8Hz) max_gap=1560ms gaps_>250ms=102
[2026-06-06T10:43:49.533] [DEBUG] [calypso-direct] [DATA_IN] AWS=4.9kt AWA=315° Batt=100% Temp=0°C
[2026-06-06T10:43:49.535] [DEBUG] [calypso-direct] [DATA_IN] AWS=4.7kt AWA=317° Batt=100% Temp=0°C
[2026-06-06T10:43:49.536] [DEBUG] [calypso-direct] [DATA_IN] AWS=4.5kt AWA=317° Batt=100% Temp=0°C
[2026-06-06T10:43:49.921] [WARNING] [calypso-direct] [TIMING] Large gap: 385ms (expected ~125ms at 8Hz) AWS=4.3kt
[2026-06-06T10:43:49.922] [DEBUG] [calypso-direct] [DATA_IN] AWS=4.3kt AWA=319° Batt=100% Temp=0°C
[2026-06-06T10:43:50.311] [WARNING] [calypso-direct] [TIMING] Large gap: 390ms (expected ~125ms at 8Hz) AWS=4.3kt
[2026-06-06T10:43:50.312] [DEBUG] [calypso-direct] [DATA_IN] AWS=4.3kt AWA=317° Batt=100% Temp=0°C
[2026-06-06T10:43:50.312] [DEBUG] [calypso-direct] [DATA_IN] AWS=4.3kt AWA=317° Batt=100% Temp=0°C
[2026-06-06T10:43:50.897] [WARNING] [calypso-direct] [TIMING] Large gap: 584ms (expected ~125ms at 8Hz) AWS=4.1kt
[2026-06-06T10:43:50.897] [DEBUG] [calypso-direct] [DATA_IN] AWS=4.1kt AWA=322° Batt=100% Temp=0°C
[2026-06-06T10:43:50.898] [DEBUG] [calypso-direct] [DATA_IN] AWS=4.1kt AWA=321° Batt=100% Temp=0°C
[2026-06-06T10:43:51.091] [DEBUG] [calypso-direct] [DATA_IN] AWS=4.1kt AWA=321° Batt=100% Temp=0°C
[2026-06-06T10:43:51.481] [WARNING] [calypso-direct] [TIMING] Large gap: 390ms (expected ~125ms at 8Hz) AWS=3.9kt
[2026-06-06T10:43:51.481] [DEBUG] [calypso-direct] [DATA_IN] AWS=3.9kt AWA=322° Batt=100% Temp=0°C
[2026-06-06T10:43:51.676] [DEBUG] [calypso-direct] [DATA_IN] AWS=3.9kt AWA=322° Batt=100% Temp=0°C
[2026-06-06T10:43:51.871] [DEBUG] [calypso-direct] [DATA_IN] AWS=4.7kt AWA=318° Batt=100% Temp=0°C
[2026-06-06T10:43:52.457] [WARNING] [calypso-direct] [TIMING] Large gap: 586ms (expected ~125ms at 8Hz) AWS=4.7kt
[2026-06-06T10:43:52.458] [DEBUG] [calypso-direct] [DATA_IN] AWS=4.7kt AWA=318° Batt=100% Temp=0°C
[2026-06-06T10:43:52.459] [DEBUG] [calypso-direct] [DATA_IN] AWS=4.1kt AWA=319° Batt=100% Temp=0°C
[2026-06-06T10:43:53.041] [WARNING] [calypso-direct] [TIMING] Large gap: 583ms (expected ~125ms at 8Hz) AWS=4.3kt
[2026-06-06T10:43:53.042] [DEBUG] [calypso-direct] [DATA_IN] AWS=4.3kt AWA=318° Batt=100% Temp=0°C
[2026-06-06T10:43:53.043] [DEBUG] [calypso-direct] [DATA_IN] AWS=4.3kt AWA=319° Batt=100% Temp=0°C
[2026-06-06T10:43:53.044] [DEBUG] [calypso-direct] [DATA_IN] AWS=4.3kt AWA=326° Batt=100% Temp=0°C
[2026-06-06T10:43:53.827] [WARNING] [calypso-direct] [TIMING] Large gap: 783ms (expected ~125ms at 8Hz) AWS=4.3kt
[2026-06-06T10:43:53.828] [DEBUG] [calypso-direct] [DATA_IN] AWS=4.3kt AWA=326° Batt=100% Temp=0°C
[2026-06-06T10:43:54.024] [DEBUG] [calypso-direct] [DATA_IN] AWS=4.7kt AWA=326° Batt=100% Temp=0°C
[2026-06-06T10:43:54.211] [DEBUG] [calypso-direct] [DATA_IN] AWS=4.9kt AWA=325° Batt=100% Temp=0°C
[2026-06-06T10:43:54.214] [DEBUG] [calypso-direct] [DATA_IN] AWS=4.9kt AWA=325° Batt=100% Temp=0°C
[2026-06-06T10:43:54.798] [WARNING] [calypso-direct] [TIMING] Large gap: 584ms (expected ~125ms at 8Hz) AWS=5.1kt
[2026-06-06T10:43:54.798] [DEBUG] [calypso-direct] [DATA_IN] AWS=5.1kt AWA=317° Batt=100% Temp=0°C
[2026-06-06T10:43:54.802] [DEBUG] [calypso-direct] [DATA_IN] AWS=4.9kt AWA=317° Batt=100% Temp=0°C
[2026-06-06T10:43:55.189] [WARNING] [calypso-direct] [TIMING] Large gap: 387ms (expected ~125ms at 8Hz) AWS=4.9kt
[2026-06-06T10:43:55.189] [DEBUG] [calypso-direct] [DATA_IN] AWS=4.9kt AWA=317° Batt=100% Temp=0°C
[2026-06-06T10:43:55.191] [DEBUG] [calypso-direct] [DATA_IN] AWS=5.6kt AWA=316° Batt=100% Temp=0°C
[2026-06-06T10:43:55.383] [DEBUG] [calypso-direct] [DATA_IN] AWS=6.2kt AWA=314° Batt=100% Temp=0°C
[2026-06-06T10:43:55.577] [DEBUG] [calypso-direct] [DATA_IN] AWS=6.2kt AWA=315° Batt=100% Temp=0°C
[2026-06-06T10:43:55.968] [WARNING] [calypso-direct] [TIMING] Large gap: 390ms (expected ~125ms at 8Hz) AWS=6.2kt
[2026-06-06T10:43:55.970] [DEBUG] [calypso-direct] [DATA_IN] AWS=6.2kt AWA=315° Batt=100% Temp=0°C
[2026-06-06T10:43:56.165] [DEBUG] [calypso-direct] [DATA_IN] AWS=5.2kt AWA=315° Batt=100% Temp=0°C
[2026-06-06T10:43:56.748] [WARNING] [calypso-direct] [TIMING] Large gap: 582ms (expected ~125ms at 8Hz) AWS=5.2kt
[2026-06-06T10:43:56.748] [DEBUG] [calypso-direct] [DATA_IN] AWS=5.2kt AWA=316° Batt=100% Temp=0°C
[2026-06-06T10:43:56.751] [DEBUG] [calypso-direct] [DATA_IN] AWS=5.2kt AWA=316° Batt=100% Temp=0°C
[2026-06-06T10:43:56.943] [DEBUG] [calypso-direct] [DATA_IN] AWS=5.6kt AWA=312° Batt=100% Temp=0°C
[2026-06-06T10:43:57.137] [DEBUG] [calypso-direct] [DATA_IN] AWS=5.8kt AWA=312° Batt=100% Temp=0°C
[2026-06-06T10:43:57.332] [DEBUG] [calypso-direct] [DATA_IN] AWS=5.8kt AWA=312° Batt=100% Temp=0°C
[2026-06-06T10:43:57.918] [WARNING] [calypso-direct] [TIMING] Large gap: 586ms (expected ~125ms at 8Hz) AWS=5.8kt
[2026-06-06T10:43:57.919] [DEBUG] [calypso-direct] [DATA_IN] AWS=5.8kt AWA=312° Batt=100% Temp=0°C
[2026-06-06T10:43:58.112] [DEBUG] [calypso-direct] [DATA_IN] AWS=5.4kt AWA=312° Batt=100% Temp=0°C
[2026-06-06T10:43:58.307] [DEBUG] [calypso-direct] [DATA_IN] AWS=5.2kt AWA=314° Batt=100% Temp=0°C
[2026-06-06T10:43:58.309] [DEBUG] [calypso-direct] [DATA_IN] AWS=5.2kt AWA=315° Batt=100% Temp=0°C
[2026-06-06T10:43:58.697] [WARNING] [calypso-direct] [TIMING] Large gap: 388ms (expected ~125ms at 8Hz) AWS=5.2kt
[2026-06-06T10:43:58.697] [DEBUG] [calypso-direct] [DATA_IN] AWS=5.2kt AWA=315° Batt=100% Temp=0°C
[2026-06-06T10:43:58.892] [DEBUG] [calypso-direct] [DATA_IN] AWS=5.2kt AWA=315° Batt=100% Temp=0°C
[2026-06-06T10:43:59.087] [DEBUG] [calypso-direct] [DATA_IN] AWS=5.4kt AWA=314° Batt=100% Temp=0°C
[2026-06-06T10:43:59.477] [WARNING] [calypso-direct] [TIMING] Large gap: 391ms (expected ~125ms at 8Hz) AWS=5.4kt
[2026-06-06T10:43:59.478] [DEBUG] [calypso-direct] [DATA_IN] AWS=5.4kt AWA=314° Batt=100% Temp=0°C
[2026-06-06T10:43:59.672] [DEBUG] [calypso-direct] [DATA_IN] AWS=5.6kt AWA=314° Batt=100% Temp=0°C
[2026-06-06T10:43:59.867] [DEBUG] [calypso-direct] [DATA_IN] AWS=5.4kt AWA=315° Batt=100% Temp=0°C
[2026-06-06T10:44:00.062] [DEBUG] [calypso-direct] [DATA_IN] AWS=5.4kt AWA=316° Batt=100% Temp=0°C
[2026-06-06T10:44:00.452] [WARNING] [calypso-direct] [TIMING] Large gap: 390ms (expected ~125ms at 8Hz) AWS=5.4kt
[2026-06-06T10:44:00.453] [DEBUG] [calypso-direct] [DATA_IN] AWS=5.4kt AWA=316° Batt=100% Temp=0°C
[2026-06-06T10:44:00.647] [DEBUG] [calypso-direct] [DATA_IN] AWS=5.2kt AWA=316° Batt=100% Temp=0°C
[2026-06-06T10:44:00.842] [DEBUG] [calypso-direct] [DATA_IN] AWS=4.9kt AWA=315° Batt=100% Temp=0°C
[2026-06-06T10:44:01.037] [DEBUG] [calypso-direct] [DATA_IN] AWS=4.9kt AWA=315° Batt=100% Temp=0°C
[2026-06-06T10:44:01.427] [WARNING] [calypso-direct] [TIMING] Large gap: 390ms (expected ~125ms at 8Hz) AWS=4.9kt
[2026-06-06T10:44:01.428] [DEBUG] [calypso-direct] [DATA_IN] AWS=4.9kt AWA=315° Batt=100% Temp=0°C
[2026-06-06T10:44:01.622] [DEBUG] [calypso-direct] [DATA_IN] AWS=5.2kt AWA=315° Batt=100% Temp=0°C
[2026-06-06T10:44:01.817] [DEBUG] [calypso-direct] [DATA_IN] AWS=5.2kt AWA=317° Batt=100% Temp=0°C
[2026-06-06T10:44:02.403] [WARNING] [calypso-direct] [TIMING] Large gap: 586ms (expected ~125ms at 8Hz) AWS=5.4kt
[2026-06-06T10:44:02.403] [DEBUG] [calypso-direct] [DATA_IN] AWS=5.4kt AWA=317° Batt=100% Temp=0°C
[2026-06-06T10:44:02.404] [DEBUG] [calypso-direct] [DATA_IN] AWS=5.6kt AWA=317° Batt=100% Temp=0°C
[2026-06-06T10:44:02.597] [DEBUG] [calypso-direct] [DATA_IN] AWS=5.8kt AWA=314° Batt=100% Temp=0°C
[2026-06-06T10:44:02.792] [DEBUG] [calypso-direct] [DATA_IN] AWS=5.8kt AWA=314° Batt=100% Temp=0°C
[2026-06-06T10:44:03.962] [WARNING] [calypso-direct] [TIMING] Large gap: 1170ms (expected ~125ms at 8Hz) AWS=5.8kt
[2026-06-06T10:44:03.962] [DEBUG] [calypso-direct] [DATA_IN] AWS=5.8kt AWA=313° Batt=100% Temp=0°C
[2026-06-06T10:44:03.963] [DEBUG] [calypso-direct] [DATA_IN] AWS=5.8kt AWA=313° Batt=100% Temp=0°C
[2026-06-06T10:44:03.966] [DEBUG] [calypso-direct] [DATA_IN] AWS=5.6kt AWA=314° Batt=100% Temp=0°C
[2026-06-06T10:44:03.967] [DEBUG] [calypso-direct] [DATA_IN] AWS=5.4kt AWA=314° Batt=100% Temp=0°C
[2026-06-06T10:44:04.157] [DEBUG] [calypso-direct] [DATA_IN] AWS=3.7kt AWA=317° Batt=100% Temp=0°C
[2026-06-06T10:44:04.352] [DEBUG] [calypso-direct] [DATA_IN] AWS=3.7kt AWA=318° Batt=100% Temp=0°C
[2026-06-06T10:44:04.547] [DEBUG] [calypso-direct] [DATA_IN] AWS=3.7kt AWA=318° Batt=100% Temp=0°C
[2026-06-06T10:44:04.938] [WARNING] [calypso-direct] [TIMING] Large gap: 390ms (expected ~125ms at 8Hz) AWS=3.7kt
[2026-06-06T10:44:04.938] [DEBUG] [calypso-direct] [DATA_IN] AWS=3.7kt AWA=317° Batt=100% Temp=0°C
[2026-06-06T10:44:05.327] [WARNING] [calypso-direct] [TIMING] Large gap: 389ms (expected ~125ms at 8Hz) AWS=4.3kt
[2026-06-06T10:44:05.329] [DEBUG] [calypso-direct] [DATA_IN] AWS=4.3kt AWA=316° Batt=100% Temp=0°C
[2026-06-06T10:44:05.330] [DEBUG] [calypso-direct] [DATA_IN] AWS=5.1kt AWA=316° Batt=100% Temp=0°C
[2026-06-06T10:44:05.717] [WARNING] [calypso-direct] [TIMING] Large gap: 387ms (expected ~125ms at 8Hz) AWS=5.4kt
[2026-06-06T10:44:05.718] [DEBUG] [calypso-direct] [DATA_IN] AWS=5.4kt AWA=314° Batt=100% Temp=0°C
[2026-06-06T10:44:05.912] [DEBUG] [calypso-direct] [DATA_IN] AWS=5.4kt AWA=313° Batt=100% Temp=0°C
[2026-06-06T10:44:06.107] [DEBUG] [calypso-direct] [DATA_IN] AWS=5.6kt AWA=313° Batt=100% Temp=0°C
[2026-06-06T10:44:06.692] [WARNING] [calypso-direct] [TIMING] Large gap: 585ms (expected ~125ms at 8Hz) AWS=5.6kt
[2026-06-06T10:44:06.693] [DEBUG] [calypso-direct] [DATA_IN] AWS=5.6kt AWA=313° Batt=100% Temp=0°C
[2026-06-06T10:44:07.082] [WARNING] [calypso-direct] [TIMING] Large gap: 390ms (expected ~125ms at 8Hz) AWS=5.6kt
[2026-06-06T10:44:07.083] [DEBUG] [calypso-direct] [DATA_IN] AWS=5.6kt AWA=313° Batt=100% Temp=0°C
[2026-06-06T10:44:07.084] [DEBUG] [calypso-direct] [DATA_IN] AWS=5.2kt AWA=320° Batt=100% Temp=0°C
[2026-06-06T10:44:07.084] [DEBUG] [calypso-direct] [DATA_IN] AWS=5.2kt AWA=320° Batt=100% Temp=0°C
[2026-06-06T10:44:07.670] [WARNING] [calypso-direct] [TIMING] Large gap: 585ms (expected ~125ms at 8Hz) AWS=4.7kt
[2026-06-06T10:44:07.670] [DEBUG] [calypso-direct] [DATA_IN] AWS=4.7kt AWA=320° Batt=100% Temp=0°C
[2026-06-06T10:44:07.671] [DEBUG] [calypso-direct] [DATA_IN] AWS=4.7kt AWA=322° Batt=100% Temp=0°C
[2026-06-06T10:44:07.862] [DEBUG] [calypso-direct] [DATA_IN] AWS=4.1kt AWA=322° Batt=100% Temp=0°C
[2026-06-06T10:44:08.252] [WARNING] [calypso-direct] [TIMING] Large gap: 390ms (expected ~125ms at 8Hz) AWS=4.1kt
[2026-06-06T10:44:08.253] [DEBUG] [calypso-direct] [DATA_IN] AWS=4.1kt AWA=320° Batt=100% Temp=0°C
[2026-06-06T10:44:08.448] [DEBUG] [calypso-direct] [DATA_IN] AWS=4.3kt AWA=320° Batt=100% Temp=0°C
[2026-06-06T10:44:08.646] [DEBUG] [calypso-direct] [DATA_IN] AWS=4.3kt AWA=320° Batt=100% Temp=0°C
[2026-06-06T10:44:08.838] [DEBUG] [calypso-direct] [DATA_IN] AWS=4.5kt AWA=320° Batt=100% Temp=0°C
[2026-06-06T10:44:09.618] [WARNING] [calypso-direct] [TIMING] Large gap: 780ms (expected ~125ms at 8Hz) AWS=4.7kt
[2026-06-06T10:44:09.619] [DEBUG] [calypso-direct] [DATA_IN] AWS=4.7kt AWA=318° Batt=100% Temp=0°C
[2026-06-06T10:44:09.622] [DEBUG] [calypso-direct] [DATA_IN] AWS=4.9kt AWA=320° Batt=100% Temp=0°C
[2026-06-06T10:44:09.625] [DEBUG] [calypso-direct] [DATA_IN] AWS=5.2kt AWA=320° Batt=100% Temp=0°C
[2026-06-06T10:44:09.812] [DEBUG] [calypso-direct] [DATA_IN] AWS=5.2kt AWA=320° Batt=100% Temp=0°C
[2026-06-06T10:44:10.202] [WARNING] [calypso-direct] [TIMING] Large gap: 390ms (expected ~125ms at 8Hz) AWS=5.2kt
[2026-06-06T10:44:10.203] [DEBUG] [calypso-direct] [DATA_IN] AWS=5.2kt AWA=320° Batt=100% Temp=0°C
[2026-06-06T10:44:10.398] [DEBUG] [calypso-direct] [DATA_IN] AWS=4.9kt AWA=320° Batt=100% Temp=0°C
[2026-06-06T10:44:10.592] [DEBUG] [calypso-direct] [DATA_IN] AWS=4.1kt AWA=316° Batt=100% Temp=0°C
[2026-06-06T10:44:10.982] [WARNING] [calypso-direct] [TIMING] Large gap: 390ms (expected ~125ms at 8Hz) AWS=4.1kt
[2026-06-06T10:44:10.982] [DEBUG] [calypso-direct] [DATA_IN] AWS=4.1kt AWA=315° Batt=100% Temp=0°C
[2026-06-06T10:44:11.179] [DEBUG] [calypso-direct] [DATA_IN] AWS=4.1kt AWA=315° Batt=100% Temp=0°C
[2026-06-06T10:44:11.372] [DEBUG] [calypso-direct] [DATA_IN] AWS=4.1kt AWA=315° Batt=100% Temp=0°C
[2026-06-06T10:44:11.567] [DEBUG] [calypso-direct] [DATA_IN] AWS=4.3kt AWA=315° Batt=100% Temp=0°C
[2026-06-06T10:44:11.958] [WARNING] [calypso-direct] [TIMING] Large gap: 391ms (expected ~125ms at 8Hz) AWS=4.9kt
[2026-06-06T10:44:11.960] [DEBUG] [calypso-direct] [DATA_IN] AWS=4.9kt AWA=316° Batt=100% Temp=0°C
[2026-06-06T10:44:12.542] [WARNING] [calypso-direct] [TIMING] Large gap: 585ms (expected ~125ms at 8Hz) AWS=5.1kt
[2026-06-06T10:44:12.545] [DEBUG] [calypso-direct] [DATA_IN] AWS=5.1kt AWA=316° Batt=100% Temp=0°C
[2026-06-06T10:44:12.546] [DEBUG] [calypso-direct] [DATA_IN] AWS=5.8kt AWA=316° Batt=100% Temp=0°C
[2026-06-06T10:44:12.546] [DEBUG] [calypso-direct] [DATA_IN] AWS=6.0kt AWA=315° Batt=100% Temp=0°C
[2026-06-06T10:44:12.933] [WARNING] [calypso-direct] [TIMING] Large gap: 386ms (expected ~125ms at 8Hz) AWS=6.0kt
[2026-06-06T10:44:12.933] [DEBUG] [calypso-direct] [DATA_IN] AWS=6.0kt AWA=315° Batt=100% Temp=0°C
[2026-06-06T10:44:13.128] [DEBUG] [calypso-direct] [DATA_IN] AWS=6.0kt AWA=313° Batt=100% Temp=0°C
[2026-06-06T10:44:13.518] [WARNING] [calypso-direct] [TIMING] Large gap: 390ms (expected ~125ms at 8Hz) AWS=5.8kt
[2026-06-06T10:44:13.518] [DEBUG] [calypso-direct] [DATA_IN] AWS=5.8kt AWA=313° Batt=100% Temp=0°C
[2026-06-06T10:44:14.104] [WARNING] [calypso-direct] [TIMING] Large gap: 586ms (expected ~125ms at 8Hz) AWS=5.8kt
[2026-06-06T10:44:14.104] [DEBUG] [calypso-direct] [DATA_IN] AWS=5.8kt AWA=313° Batt=100% Temp=0°C
[2026-06-06T10:44:14.298] [DEBUG] [calypso-direct] [DATA_IN] AWS=5.8kt AWA=314° Batt=100% Temp=0°C
[2026-06-06T10:44:14.300] [DEBUG] [calypso-direct] [DATA_IN] AWS=5.4kt AWA=314° Batt=100% Temp=0°C
[2026-06-06T10:44:14.301] [DEBUG] [calypso-direct] [DATA_IN] AWS=4.9kt AWA=322° Batt=100% Temp=0°C
[2026-06-06T10:44:14.687] [WARNING] [calypso-direct] [TIMING] Large gap: 386ms (expected ~125ms at 8Hz) AWS=4.7kt
[2026-06-06T10:44:14.688] [DEBUG] [calypso-direct] [DATA_IN] AWS=4.7kt AWA=322° Batt=100% Temp=0°C
[2026-06-06T10:44:15.468] [WARNING] [calypso-direct] [TIMING] Large gap: 781ms (expected ~125ms at 8Hz) AWS=4.7kt
[2026-06-06T10:44:15.468] [DEBUG] [calypso-direct] [DATA_IN] AWS=4.7kt AWA=322° Batt=100% Temp=0°C
[2026-06-06T10:44:15.470] [DEBUG] [calypso-direct] [DATA_IN] AWS=4.9kt AWA=324° Batt=100% Temp=0°C
[2026-06-06T10:44:15.471] [DEBUG] [calypso-direct] [DATA_IN] AWS=4.9kt AWA=324° Batt=100% Temp=0°C
[2026-06-06T10:44:15.662] [DEBUG] [calypso-direct] [DATA_IN] AWS=4.9kt AWA=317° Batt=100% Temp=0°C
[2026-06-06T10:44:15.858] [DEBUG] [calypso-direct] [DATA_IN] AWS=5.2kt AWA=317° Batt=100% Temp=0°C
[2026-06-06T10:44:16.053] [DEBUG] [calypso-direct] [DATA_IN] AWS=5.2kt AWA=318° Batt=100% Temp=0°C
[2026-06-06T10:44:16.444] [WARNING] [calypso-direct] [TIMING] Large gap: 391ms (expected ~125ms at 8Hz) AWS=5.2kt
[2026-06-06T10:44:16.444] [DEBUG] [calypso-direct] [DATA_IN] AWS=5.2kt AWA=318° Batt=100% Temp=0°C
[2026-06-06T10:44:17.028] [WARNING] [calypso-direct] [TIMING] Large gap: 583ms (expected ~125ms at 8Hz) AWS=5.4kt
[2026-06-06T10:44:17.028] [DEBUG] [calypso-direct] [DATA_IN] AWS=5.4kt AWA=317° Batt=100% Temp=0°C
[2026-06-06T10:44:17.029] [DEBUG] [calypso-direct] [DATA_IN] AWS=5.2kt AWA=319° Batt=100% Temp=0°C
[2026-06-06T10:44:17.222] [DEBUG] [calypso-direct] [DATA_IN] AWS=5.2kt AWA=319° Batt=100% Temp=0°C
[2026-06-06T10:44:17.418] [DEBUG] [calypso-direct] [DATA_IN] AWS=5.2kt AWA=318° Batt=100% Temp=0°C
[2026-06-06T10:44:17.811] [WARNING] [calypso-direct] [TIMING] Large gap: 393ms (expected ~125ms at 8Hz) AWS=5.2kt
[2026-06-06T10:44:17.812] [DEBUG] [calypso-direct] [DATA_IN] AWS=5.2kt AWA=318° Batt=100% Temp=0°C
[2026-06-06T10:44:17.813] [DEBUG] [calypso-direct] [DATA_IN] AWS=4.7kt AWA=319° Batt=100% Temp=0°C
[2026-06-06T10:44:18.393] [WARNING] [calypso-direct] [TIMING] Large gap: 580ms (expected ~125ms at 8Hz) AWS=4.1kt
[2026-06-06T10:44:18.394] [DEBUG] [calypso-direct] [DATA_IN] AWS=4.1kt AWA=323° Batt=100% Temp=0°C
[2026-06-06T10:44:18.396] [DEBUG] [calypso-direct] [DATA_IN] AWS=4.1kt AWA=323° Batt=100% Temp=0°C
[2026-06-06T10:44:18.588] [DEBUG] [calypso-direct] [DATA_IN] AWS=4.1kt AWA=323° Batt=100% Temp=0°C
[2026-06-06T10:44:18.783] [DEBUG] [calypso-direct] [DATA_IN] AWS=4.1kt AWA=323° Batt=100% Temp=0°C
[2026-06-06T10:44:19.173] [WARNING] [calypso-direct] [TIMING] Large gap: 390ms (expected ~125ms at 8Hz) AWS=4.7kt
[2026-06-06T10:44:19.173] [DEBUG] [calypso-direct] [DATA_IN] AWS=4.7kt AWA=323° Batt=100% Temp=0°C
[2026-06-06T10:44:19.758] [WARNING] [calypso-direct] [TIMING] Large gap: 586ms (expected ~125ms at 8Hz) AWS=4.9kt
[2026-06-06T10:44:19.759] [DEBUG] [calypso-direct] [DATA_IN] AWS=4.9kt AWA=319° Batt=100% Temp=0°C
[2026-06-06T10:44:19.760] [DEBUG] [calypso-direct] [DATA_IN] AWS=5.2kt AWA=319° Batt=100% Temp=0°C
[2026-06-06T10:44:19.953] [DEBUG] [calypso-direct] [DATA_IN] AWS=5.2kt AWA=318° Batt=100% Temp=0°C
[2026-06-06T10:44:20.345] [WARNING] [calypso-direct] [TIMING] Large gap: 392ms (expected ~125ms at 8Hz) AWS=5.1kt
[2026-06-06T10:44:20.346] [DEBUG] [calypso-direct] [DATA_IN] AWS=5.1kt AWA=318° Batt=100% Temp=0°C
[2026-06-06T10:44:20.348] [DEBUG] [calypso-direct] [DATA_IN] AWS=5.1kt AWA=318° Batt=100% Temp=0°C
[2026-06-06T10:44:20.541] [DEBUG] [calypso-direct] [DATA_IN] AWS=5.1kt AWA=326° Batt=100% Temp=0°C
[2026-06-06T10:44:21.318] [WARNING] [calypso-direct] [TIMING] Large gap: 777ms (expected ~125ms at 8Hz) AWS=4.3kt
[2026-06-06T10:44:21.319] [DEBUG] [calypso-direct] [DATA_IN] AWS=4.3kt AWA=326° Batt=100% Temp=0°C
[2026-06-06T10:44:21.320] [DEBUG] [calypso-direct] [DATA_IN] AWS=4.3kt AWA=327° Batt=100% Temp=0°C
[2026-06-06T10:44:21.514] [DEBUG] [calypso-direct] [DATA_IN] AWS=4.3kt AWA=327° Batt=100% Temp=0°C
[2026-06-06T10:44:21.709] [DEBUG] [calypso-direct] [DATA_IN] AWS=3.7kt AWA=328° Batt=100% Temp=0°C
[2026-06-06T10:44:21.905] [DEBUG] [calypso-direct] [DATA_IN] AWS=4.3kt AWA=318° Batt=100% Temp=0°C
[2026-06-06T10:44:22.295] [WARNING] [calypso-direct] [TIMING] Large gap: 390ms (expected ~125ms at 8Hz) AWS=4.5kt
[2026-06-06T10:44:22.298] [DEBUG] [calypso-direct] [DATA_IN] AWS=4.5kt AWA=318° Batt=100% Temp=0°C
[2026-06-06T10:44:22.299] [DEBUG] [calypso-direct] [DATA_IN] AWS=4.7kt AWA=318° Batt=100% Temp=0°C
[2026-06-06T10:44:22.683] [WARNING] [calypso-direct] [TIMING] Large gap: 384ms (expected ~125ms at 8Hz) AWS=4.7kt
[2026-06-06T10:44:22.684] [DEBUG] [calypso-direct] [DATA_IN] AWS=4.7kt AWA=319° Batt=100% Temp=0°C
[2026-06-06T10:44:22.878] [DEBUG] [calypso-direct] [DATA_IN] AWS=4.9kt AWA=317° Batt=100% Temp=0°C
[2026-06-06T10:44:23.073] [DEBUG] [calypso-direct] [DATA_IN] AWS=4.9kt AWA=317° Batt=100% Temp=0°C
[2026-06-06T10:44:23.463] [WARNING] [calypso-direct] [TIMING] Large gap: 390ms (expected ~125ms at 8Hz) AWS=5.1kt
[2026-06-06T10:44:23.463] [DEBUG] [calypso-direct] [DATA_IN] AWS=5.1kt AWA=317° Batt=100% Temp=0°C
[2026-06-06T10:44:24.048] [WARNING] [calypso-direct] [TIMING] Large gap: 585ms (expected ~125ms at 8Hz) AWS=5.6kt
[2026-06-06T10:44:24.048] [DEBUG] [calypso-direct] [DATA_IN] AWS=5.6kt AWA=317° Batt=100% Temp=0°C
[2026-06-06T10:44:24.243] [DEBUG] [calypso-direct] [DATA_IN] AWS=5.8kt AWA=316° Batt=100% Temp=0°C
[2026-06-06T10:44:24.245] [DEBUG] [calypso-direct] [DATA_IN] AWS=6.0kt AWA=316° Batt=100% Temp=0°C
[2026-06-06T10:44:24.440] [DEBUG] [calypso-direct] [DATA_IN] AWS=6.0kt AWA=318° Batt=100% Temp=0°C
[2026-06-06T10:44:24.633] [DEBUG] [calypso-direct] [DATA_IN] AWS=6.0kt AWA=318° Batt=100% Temp=0°C
[2026-06-06T10:44:24.828] [DEBUG] [calypso-direct] [DATA_IN] AWS=6.0kt AWA=319° Batt=100% Temp=0°C
[2026-06-06T10:44:25.413] [WARNING] [calypso-direct] [TIMING] Large gap: 585ms (expected ~125ms at 8Hz) AWS=5.8kt
[2026-06-06T10:44:25.413] [DEBUG] [calypso-direct] [DATA_IN] AWS=5.8kt AWA=319° Batt=100% Temp=0°C
[2026-06-06T10:44:25.414] [DEBUG] [calypso-direct] [DATA_IN] AWS=4.9kt AWA=320° Batt=100% Temp=0°C
[2026-06-06T10:44:25.608] [DEBUG] [calypso-direct] [DATA_IN] AWS=4.1kt AWA=327° Batt=100% Temp=0°C
[2026-06-06T10:44:25.803] [DEBUG] [calypso-direct] [DATA_IN] AWS=4.1kt AWA=325° Batt=100% Temp=0°C
[2026-06-06T10:44:26.194] [WARNING] [calypso-direct] [TIMING] Large gap: 390ms (expected ~125ms at 8Hz) AWS=4.1kt
[2026-06-06T10:44:26.194] [DEBUG] [calypso-direct] [DATA_IN] AWS=4.1kt AWA=327° Batt=100% Temp=0°C
[2026-06-06T10:44:26.388] [DEBUG] [calypso-direct] [DATA_IN] AWS=4.3kt AWA=327° Batt=100% Temp=0°C
[2026-06-06T10:44:26.973] [WARNING] [calypso-direct] [TIMING] Large gap: 585ms (expected ~125ms at 8Hz) AWS=4.5kt
[2026-06-06T10:44:26.974] [DEBUG] [calypso-direct] [DATA_IN] AWS=4.5kt AWA=325° Batt=100% Temp=0°C
[2026-06-06T10:44:27.168] [DEBUG] [calypso-direct] [DATA_IN] AWS=4.9kt AWA=323° Batt=100% Temp=0°C
[2026-06-06T10:44:27.169] [DEBUG] [calypso-direct] [DATA_IN] AWS=4.9kt AWA=324° Batt=100% Temp=0°C
[2026-06-06T10:44:27.363] [DEBUG] [calypso-direct] [DATA_IN] AWS=5.1kt AWA=323° Batt=100% Temp=0°C
[2026-06-06T10:44:27.561] [DEBUG] [calypso-direct] [DATA_IN] AWS=5.4kt AWA=323° Batt=100% Temp=0°C
[2026-06-06T10:44:27.948] [WARNING] [calypso-direct] [TIMING] Large gap: 387ms (expected ~125ms at 8Hz) AWS=5.6kt
[2026-06-06T10:44:27.948] [DEBUG] [calypso-direct] [DATA_IN] AWS=5.6kt AWA=323° Batt=100% Temp=0°C
[2026-06-06T10:44:28.338] [WARNING] [calypso-direct] [TIMING] Large gap: 390ms (expected ~125ms at 8Hz) AWS=6.0kt
[2026-06-06T10:44:28.340] [DEBUG] [calypso-direct] [DATA_IN] AWS=6.0kt AWA=321° Batt=100% Temp=0°C
[2026-06-06T10:44:28.533] [DEBUG] [calypso-direct] [DATA_IN] AWS=6.0kt AWA=321° Batt=100% Temp=0°C
[2026-06-06T10:44:28.535] [DEBUG] [calypso-direct] [DATA_IN] AWS=6.0kt AWA=321° Batt=100% Temp=0°C
[2026-06-06T10:44:28.923] [WARNING] [calypso-direct] [TIMING] Large gap: 388ms (expected ~125ms at 8Hz) AWS=5.8kt
[2026-06-06T10:44:28.923] [DEBUG] [calypso-direct] [DATA_IN] AWS=5.8kt AWA=321° Batt=100% Temp=0°C
[2026-06-06T10:44:29.118] [DEBUG] [calypso-direct] [DATA_IN] AWS=5.8kt AWA=321° Batt=100% Temp=0°C
[2026-06-06T10:44:29.313] [DEBUG] [calypso-direct] [DATA_IN] AWS=5.4kt AWA=319° Batt=100% Temp=0°C
[2026-06-06T10:44:29.898] [WARNING] [calypso-direct] [TIMING] Large gap: 585ms (expected ~125ms at 8Hz) AWS=4.9kt
[2026-06-06T10:44:29.899] [DEBUG] [calypso-direct] [DATA_IN] AWS=4.9kt AWA=318° Batt=100% Temp=0°C
[2026-06-06T10:44:29.901] [DEBUG] [calypso-direct] [DATA_IN] AWS=4.9kt AWA=318° Batt=100% Temp=0°C
[2026-06-06T10:44:30.094] [DEBUG] [calypso-direct] [DATA_IN] AWS=4.9kt AWA=318° Batt=100% Temp=0°C
[2026-06-06T10:44:30.288] [DEBUG] [calypso-direct] [DATA_IN] AWS=4.9kt AWA=318° Batt=100% Temp=0°C
[2026-06-06T10:44:30.874] [WARNING] [calypso-direct] [TIMING] Large gap: 586ms (expected ~125ms at 8Hz) AWS=5.2kt
[2026-06-06T10:44:30.875] [DEBUG] [calypso-direct] [DATA_IN] AWS=5.2kt AWA=321° Batt=100% Temp=0°C
[2026-06-06T10:44:30.876] [DEBUG] [calypso-direct] [DATA_IN] AWS=5.4kt AWA=320° Batt=100% Temp=0°C
[2026-06-06T10:44:31.459] [WARNING] [calypso-direct] [TIMING] Large gap: 583ms (expected ~125ms at 8Hz) AWS=5.6kt
[2026-06-06T10:44:31.461] [DEBUG] [calypso-direct] [DATA_IN] AWS=5.6kt AWA=321° Batt=100% Temp=0°C
[2026-06-06T10:44:31.462] [DEBUG] [calypso-direct] [DATA_IN] AWS=5.8kt AWA=320° Batt=100% Temp=0°C
[2026-06-06T10:44:31.848] [WARNING] [calypso-direct] [TIMING] Large gap: 386ms (expected ~125ms at 8Hz) AWS=5.8kt
[2026-06-06T10:44:31.849] [DEBUG] [calypso-direct] [DATA_IN] AWS=5.8kt AWA=320° Batt=100% Temp=0°C
[2026-06-06T10:44:31.851] [DEBUG] [calypso-direct] [DATA_IN] AWS=5.8kt AWA=314° Batt=100% Temp=0°C
[2026-06-06T10:44:32.044] [DEBUG] [calypso-direct] [DATA_IN] AWS=5.8kt AWA=314° Batt=100% Temp=0°C
[2026-06-06T10:44:32.826] [WARNING] [calypso-direct] [TIMING] Large gap: 783ms (expected ~125ms at 8Hz) AWS=5.8kt
[2026-06-06T10:44:32.827] [DEBUG] [calypso-direct] [DATA_IN] AWS=5.8kt AWA=314° Batt=100% Temp=0°C
[2026-06-06T10:44:32.832] [DEBUG] [calypso-direct] [DATA_IN] AWS=5.6kt AWA=315° Batt=100% Temp=0°C
[2026-06-06T10:44:32.838] [DEBUG] [calypso-direct] [DATA_IN] AWS=5.6kt AWA=316° Batt=100% Temp=0°C
[2026-06-06T10:44:33.214] [WARNING] [calypso-direct] [TIMING] Large gap: 375ms (expected ~125ms at 8Hz) AWS=5.4kt
[2026-06-06T10:44:33.214] [DEBUG] [calypso-direct] [DATA_IN] AWS=5.4kt AWA=320° Batt=100% Temp=0°C
[2026-06-06T10:44:33.604] [WARNING] [calypso-direct] [TIMING] Large gap: 390ms (expected ~125ms at 8Hz) AWS=5.1kt
[2026-06-06T10:44:33.604] [DEBUG] [calypso-direct] [DATA_IN] AWS=5.1kt AWA=320° Batt=100% Temp=0°C
[2026-06-06T10:44:33.606] [DEBUG] [calypso-direct] [DATA_IN] AWS=5.1kt AWA=320° Batt=100% Temp=0°C
[2026-06-06T10:44:34.188] [WARNING] [calypso-direct] [TIMING] Large gap: 582ms (expected ~125ms at 8Hz) AWS=5.1kt
[2026-06-06T10:44:34.189] [DEBUG] [calypso-direct] [DATA_IN] AWS=5.1kt AWA=320° Batt=100% Temp=0°C
[2026-06-06T10:44:34.190] [DEBUG] [calypso-direct] [DATA_IN] AWS=5.1kt AWA=320° Batt=100% Temp=0°C
[2026-06-06T10:44:34.383] [DEBUG] [calypso-direct] [DATA_IN] AWS=5.1kt AWA=317° Batt=100% Temp=0°C
[2026-06-06T10:44:34.774] [WARNING] [calypso-direct] [TIMING] Large gap: 390ms (expected ~125ms at 8Hz) AWS=5.2kt
[2026-06-06T10:44:34.774] [DEBUG] [calypso-direct] [DATA_IN] AWS=5.2kt AWA=316° Batt=100% Temp=0°C
[2026-06-06T10:44:34.969] [DEBUG] [calypso-direct] [DATA_IN] AWS=5.8kt AWA=316° Batt=100% Temp=0°C
[2026-06-06T10:44:35.163] [DEBUG] [calypso-direct] [DATA_IN] AWS=6.0kt AWA=316° Batt=100% Temp=0°C
[2026-06-06T10:44:35.748] [WARNING] [calypso-direct] [TIMING] Large gap: 585ms (expected ~125ms at 8Hz) AWS=6.0kt
[2026-06-06T10:44:35.749] [DEBUG] [calypso-direct] [DATA_IN] AWS=6.0kt AWA=316° Batt=100% Temp=0°C
[2026-06-06T10:44:35.750] [DEBUG] [calypso-direct] [DATA_IN] AWS=6.0kt AWA=319° Batt=100% Temp=0°C
[2026-06-06T10:44:35.943] [DEBUG] [calypso-direct] [DATA_IN] AWS=5.2kt AWA=320° Batt=100% Temp=0°C
[2026-06-06T10:44:36.138] [DEBUG] [calypso-direct] [DATA_IN] AWS=5.2kt AWA=320° Batt=100% Temp=0°C
[2026-06-06T10:44:36.333] [DEBUG] [calypso-direct] [DATA_IN] AWS=5.1kt AWA=320° Batt=100% Temp=0°C
[2026-06-06T10:44:37.113] [WARNING] [calypso-direct] [TIMING] Large gap: 780ms (expected ~125ms at 8Hz) AWS=4.5kt
[2026-06-06T10:44:37.114] [DEBUG] [calypso-direct] [DATA_IN] AWS=4.5kt AWA=320° Batt=100% Temp=0°C
[2026-06-06T10:44:37.308] [DEBUG] [calypso-direct] [DATA_IN] AWS=4.3kt AWA=327° Batt=100% Temp=0°C
[2026-06-06T10:44:37.311] [DEBUG] [calypso-direct] [DATA_IN] AWS=4.5kt AWA=327° Batt=100% Temp=0°C
[2026-06-06T10:44:37.312] [DEBUG] [calypso-direct] [DATA_IN] AWS=4.5kt AWA=327° Batt=100% Temp=0°C
[2026-06-06T10:44:37.700] [WARNING] [calypso-direct] [TIMING] Large gap: 388ms (expected ~125ms at 8Hz) AWS=4.5kt
[2026-06-06T10:44:37.701] [DEBUG] [calypso-direct] [DATA_IN] AWS=4.5kt AWA=327° Batt=100% Temp=0°C
[2026-06-06T10:44:38.098] [WARNING] [calypso-direct] [TIMING] Large gap: 397ms (expected ~125ms at 8Hz) AWS=4.5kt
[2026-06-06T10:44:38.099] [DEBUG] [calypso-direct] [DATA_IN] AWS=4.5kt AWA=327° Batt=100% Temp=0°C
[2026-06-06T10:44:38.104] [DEBUG] [calypso-direct] [DATA_IN] AWS=4.5kt AWA=325° Batt=100% Temp=0°C
[2026-06-06T10:44:38.479] [WARNING] [calypso-direct] [TIMING] Large gap: 374ms (expected ~125ms at 8Hz) AWS=4.5kt
[2026-06-06T10:44:38.480] [DEBUG] [calypso-direct] [DATA_IN] AWS=4.5kt AWA=325° Batt=100% Temp=0°C
[2026-06-06T10:44:38.674] [DEBUG] [calypso-direct] [DATA_IN] AWS=4.5kt AWA=325° Batt=100% Temp=0°C
[2026-06-06T10:44:38.869] [DEBUG] [calypso-direct] [DATA_IN] AWS=4.3kt AWA=323° Batt=100% Temp=0°C
[2026-06-06T10:44:39.064] [DEBUG] [calypso-direct] [DATA_IN] AWS=4.7kt AWA=323° Batt=100% Temp=0°C
[2026-06-06T10:44:39.454] [WARNING] [calypso-direct] [TIMING] Large gap: 391ms (expected ~125ms at 8Hz) AWS=4.7kt
[2026-06-06T10:44:39.455] [DEBUG] [calypso-direct] [DATA_IN] AWS=4.7kt AWA=322° Batt=100% Temp=0°C
[2026-06-06T10:44:40.040] [WARNING] [calypso-direct] [TIMING] Large gap: 584ms (expected ~125ms at 8Hz) AWS=4.1kt
[2026-06-06T10:44:40.041] [DEBUG] [calypso-direct] [DATA_IN] AWS=4.1kt AWA=321° Batt=100% Temp=0°C
[2026-06-06T10:44:40.042] [DEBUG] [calypso-direct] [DATA_IN] AWS=4.1kt AWA=322° Batt=100% Temp=0°C
[2026-06-06T10:44:40.043] [DEBUG] [calypso-direct] [DATA_IN] AWS=4.1kt AWA=322° Batt=100% Temp=0°C
[2026-06-06T10:44:40.429] [WARNING] [calypso-direct] [TIMING] Large gap: 386ms (expected ~125ms at 8Hz) AWS=4.1kt
[2026-06-06T10:44:40.429] [DEBUG] [calypso-direct] [DATA_IN] AWS=4.1kt AWA=323° Batt=100% Temp=0°C
[2026-06-06T10:44:40.623] [DEBUG] [calypso-direct] [DATA_IN] AWS=4.5kt AWA=319° Batt=100% Temp=0°C
[2026-06-06T10:44:40.819] [DEBUG] [calypso-direct] [DATA_IN] AWS=4.5kt AWA=319° Batt=100% Temp=0°C
[2026-06-06T10:44:41.403] [WARNING] [calypso-direct] [TIMING] Large gap: 585ms (expected ~125ms at 8Hz) AWS=4.5kt
[2026-06-06T10:44:41.404] [DEBUG] [calypso-direct] [DATA_IN] AWS=4.5kt AWA=319° Batt=100% Temp=0°C
[2026-06-06T10:44:41.405] [DEBUG] [calypso-direct] [DATA_IN] AWS=4.5kt AWA=319° Batt=100% Temp=0°C
[2026-06-06T10:44:41.599] [DEBUG] [calypso-direct] [DATA_IN] AWS=4.5kt AWA=319° Batt=100% Temp=0°C
[2026-06-06T10:44:41.794] [DEBUG] [calypso-direct] [DATA_IN] AWS=4.1kt AWA=319° Batt=100% Temp=0°C
[2026-06-06T10:44:42.379] [WARNING] [calypso-direct] [TIMING] Large gap: 585ms (expected ~125ms at 8Hz) AWS=4.1kt
[2026-06-06T10:44:42.379] [DEBUG] [calypso-direct] [DATA_IN] AWS=4.1kt AWA=319° Batt=100% Temp=0°C
[2026-06-06T10:44:42.380] [DEBUG] [calypso-direct] [DATA_IN] AWS=4.1kt AWA=319° Batt=100% Temp=0°C
[2026-06-06T10:44:42.769] [WARNING] [calypso-direct] [TIMING] Large gap: 389ms (expected ~125ms at 8Hz) AWS=4.1kt
[2026-06-06T10:44:42.769] [DEBUG] [calypso-direct] [DATA_IN] AWS=4.1kt AWA=319° Batt=100% Temp=0°C
[2026-06-06T10:44:42.965] [DEBUG] [calypso-direct] [DATA_IN] AWS=3.3kt AWA=319° Batt=100% Temp=0°C
[2026-06-06T10:44:43.162] [DEBUG] [calypso-direct] [DATA_IN] AWS=3.3kt AWA=320° Batt=100% Temp=0°C
[2026-06-06T10:44:43.358] [DEBUG] [calypso-direct] [DATA_IN] AWS=3.3kt AWA=320° Batt=100% Temp=0°C
[2026-06-06T10:44:43.549] [DEBUG] [calypso-direct] [DATA_IN] AWS=3.5kt AWA=320° Batt=100% Temp=0°C
[2026-06-06T10:44:43.939] [WARNING] [calypso-direct] [TIMING] Large gap: 390ms (expected ~125ms at 8Hz) AWS=4.1kt
[2026-06-06T10:44:43.939] [DEBUG] [calypso-direct] [DATA_IN] AWS=4.1kt AWA=320° Batt=100% Temp=0°C
[2026-06-06T10:44:44.330] [WARNING] [calypso-direct] [TIMING] Large gap: 392ms (expected ~125ms at 8Hz) AWS=4.1kt
[2026-06-06T10:44:44.331] [DEBUG] [calypso-direct] [DATA_IN] AWS=4.1kt AWA=320° Batt=100% Temp=0°C
[2026-06-06T10:44:44.331] [DEBUG] [calypso-direct] [DATA_IN] AWS=4.3kt AWA=322° Batt=100% Temp=0°C
[2026-06-06T10:44:44.719] [WARNING] [calypso-direct] [TIMING] Large gap: 387ms (expected ~125ms at 8Hz) AWS=4.3kt
[2026-06-06T10:44:44.719] [DEBUG] [calypso-direct] [DATA_IN] AWS=4.3kt AWA=323° Batt=100% Temp=0°C
[2026-06-06T10:44:44.914] [DEBUG] [calypso-direct] [DATA_IN] AWS=4.1kt AWA=322° Batt=100% Temp=0°C
[2026-06-06T10:44:45.109] [DEBUG] [calypso-direct] [DATA_IN] AWS=4.1kt AWA=322° Batt=100% Temp=0°C
[2026-06-06T10:44:45.304] [DEBUG] [calypso-direct] [DATA_IN] AWS=3.7kt AWA=322° Batt=100% Temp=0°C
[2026-06-06T10:44:45.889] [WARNING] [calypso-direct] [TIMING] Large gap: 585ms (expected ~125ms at 8Hz) AWS=3.7kt
[2026-06-06T10:44:45.890] [DEBUG] [calypso-direct] [DATA_IN] AWS=3.7kt AWA=321° Batt=100% Temp=0°C
[2026-06-06T10:44:45.891] [DEBUG] [calypso-direct] [DATA_IN] AWS=3.7kt AWA=321° Batt=100% Temp=0°C
[2026-06-06T10:44:46.084] [DEBUG] [calypso-direct] [DATA_IN] AWS=3.7kt AWA=321° Batt=100% Temp=0°C
[2026-06-06T10:44:46.474] [WARNING] [calypso-direct] [TIMING] Large gap: 391ms (expected ~125ms at 8Hz) AWS=3.7kt
[2026-06-06T10:44:46.475] [DEBUG] [calypso-direct] [DATA_IN] AWS=3.7kt AWA=320° Batt=100% Temp=0°C
[2026-06-06T10:44:46.669] [DEBUG] [calypso-direct] [DATA_IN] AWS=3.5kt AWA=320° Batt=100% Temp=0°C
[2026-06-06T10:44:46.864] [DEBUG] [calypso-direct] [DATA_IN] AWS=3.7kt AWA=318° Batt=100% Temp=0°C
[2026-06-06T10:44:47.059] [DEBUG] [calypso-direct] [DATA_IN] AWS=3.7kt AWA=318° Batt=100% Temp=0°C
[2026-06-06T10:44:47.449] [WARNING] [calypso-direct] [TIMING] Large gap: 390ms (expected ~125ms at 8Hz) AWS=3.7kt
[2026-06-06T10:44:47.450] [DEBUG] [calypso-direct] [DATA_IN] AWS=3.7kt AWA=319° Batt=100% Temp=0°C
[2026-06-06T10:44:47.644] [DEBUG] [calypso-direct] [DATA_IN] AWS=3.5kt AWA=319° Batt=100% Temp=0°C
[2026-06-06T10:44:47.839] [DEBUG] [calypso-direct] [DATA_IN] AWS=3.5kt AWA=319° Batt=100% Temp=0°C
[2026-06-06T10:44:48.034] [DEBUG] [calypso-direct] [DATA_IN] AWS=3.3kt AWA=340° Batt=100% Temp=0°C
[2026-06-06T10:44:48.632] [WARNING] [calypso-direct] [TIMING] Large gap: 598ms (expected ~125ms at 8Hz) AWS=3.3kt
[2026-06-06T10:44:48.632] [DEBUG] [calypso-direct] [DATA_IN] AWS=3.3kt AWA=342° Batt=100% Temp=0°C
[2026-06-06T10:44:48.638] [DEBUG] [calypso-direct] [DATA_IN] AWS=2.9kt AWA=342° Batt=100% Temp=0°C
[2026-06-06T10:44:48.814] [DEBUG] [calypso-direct] [DATA_IN] AWS=2.9kt AWA=342° Batt=100% Temp=0°C
[2026-06-06T10:44:49.204] [WARNING] [calypso-direct] [TIMING] Large gap: 390ms (expected ~125ms at 8Hz) AWS=2.9kt
[2026-06-06T10:44:49.205] [DEBUG] [calypso-direct] [DATA_IN] AWS=2.9kt AWA=342° Batt=100% Temp=0°C
[2026-06-06T10:44:49.594] [WARNING] [calypso-direct] [TIMING] Large gap: 390ms (expected ~125ms at 8Hz) AWS=3.5kt
[2026-06-06T10:44:49.594] [INFO] [calypso-direct] [RATE_1MIN] 241 pkts/min (expected 480 at 8Hz) max_gap=1170ms gaps_>250ms=82
[2026-06-06T10:44:49.595] [DEBUG] [calypso-direct] [DATA_IN] AWS=3.5kt AWA=325° Batt=100% Temp=0°C
[2026-06-06T10:44:49.595] [DEBUG] [calypso-direct] [DATA_IN] AWS=3.5kt AWA=324° Batt=100% Temp=0°C
[2026-06-06T10:44:50.179] [WARNING] [calypso-direct] [TIMING] Large gap: 584ms (expected ~125ms at 8Hz) AWS=3.5kt
[2026-06-06T10:44:50.180] [DEBUG] [calypso-direct] [DATA_IN] AWS=3.5kt AWA=322° Batt=100% Temp=0°C
[2026-06-06T10:44:50.181] [DEBUG] [calypso-direct] [DATA_IN] AWS=4.3kt AWA=322° Batt=100% Temp=0°C
[2026-06-06T10:44:50.374] [DEBUG] [calypso-direct] [DATA_IN] AWS=4.5kt AWA=322° Batt=100% Temp=0°C
[2026-06-06T10:44:50.569] [DEBUG] [calypso-direct] [DATA_IN] AWS=4.3kt AWA=325° Batt=100% Temp=0°C
[2026-06-06T10:44:50.959] [WARNING] [calypso-direct] [TIMING] Large gap: 390ms (expected ~125ms at 8Hz) AWS=4.3kt
[2026-06-06T10:44:50.960] [DEBUG] [calypso-direct] [DATA_IN] AWS=4.3kt AWA=325° Batt=100% Temp=0°C
[2026-06-06T10:44:51.154] [DEBUG] [calypso-direct] [DATA_IN] AWS=4.1kt AWA=326° Batt=100% Temp=0°C
[2026-06-06T10:44:51.544] [WARNING] [calypso-direct] [TIMING] Large gap: 390ms (expected ~125ms at 8Hz) AWS=3.3kt
[2026-06-06T10:44:51.546] [DEBUG] [calypso-direct] [DATA_IN] AWS=3.3kt AWA=327° Batt=100% Temp=0°C
[2026-06-06T10:44:51.547] [DEBUG] [calypso-direct] [DATA_IN] AWS=2.9kt AWA=329° Batt=100% Temp=0°C
[2026-06-06T10:44:51.934] [WARNING] [calypso-direct] [TIMING] Large gap: 387ms (expected ~125ms at 8Hz) AWS=2.9kt
[2026-06-06T10:44:51.935] [DEBUG] [calypso-direct] [DATA_IN] AWS=2.9kt AWA=333° Batt=100% Temp=0°C
[2026-06-06T10:44:52.129] [DEBUG] [calypso-direct] [DATA_IN] AWS=2.9kt AWA=333° Batt=100% Temp=0°C
[2026-06-06T10:44:52.324] [DEBUG] [calypso-direct] [DATA_IN] AWS=2.9kt AWA=332° Batt=100% Temp=0°C
[2026-06-06T10:44:52.909] [WARNING] [calypso-direct] [TIMING] Large gap: 585ms (expected ~125ms at 8Hz) AWS=2.7kt
[2026-06-06T10:44:52.910] [DEBUG] [calypso-direct] [DATA_IN] AWS=2.7kt AWA=332° Batt=100% Temp=0°C
[2026-06-06T10:44:52.913] [DEBUG] [calypso-direct] [DATA_IN] AWS=3.3kt AWA=332° Batt=100% Temp=0°C
[2026-06-06T10:44:53.104] [DEBUG] [calypso-direct] [DATA_IN] AWS=2.7kt AWA=334° Batt=100% Temp=0°C
[2026-06-06T10:44:53.495] [WARNING] [calypso-direct] [TIMING] Large gap: 391ms (expected ~125ms at 8Hz) AWS=2.7kt
[2026-06-06T10:44:53.495] [DEBUG] [calypso-direct] [DATA_IN] AWS=2.7kt AWA=334° Batt=100% Temp=0°C
[2026-06-06T10:44:53.885] [WARNING] [calypso-direct] [TIMING] Large gap: 390ms (expected ~125ms at 8Hz) AWS=3.1kt
[2026-06-06T10:44:53.885] [DEBUG] [calypso-direct] [DATA_IN] AWS=3.1kt AWA=333° Batt=100% Temp=0°C
[2026-06-06T10:44:53.886] [DEBUG] [calypso-direct] [DATA_IN] AWS=3.1kt AWA=332° Batt=100% Temp=0°C
[2026-06-06T10:44:54.080] [DEBUG] [calypso-direct] [DATA_IN] AWS=2.9kt AWA=332° Batt=100% Temp=0°C
[2026-06-06T10:44:54.469] [WARNING] [calypso-direct] [TIMING] Large gap: 390ms (expected ~125ms at 8Hz) AWS=2.9kt
[2026-06-06T10:44:54.470] [DEBUG] [calypso-direct] [DATA_IN] AWS=2.9kt AWA=329° Batt=100% Temp=0°C
[2026-06-06T10:44:54.665] [DEBUG] [calypso-direct] [DATA_IN] AWS=2.1kt AWA=333° Batt=100% Temp=0°C
[2026-06-06T10:44:54.861] [DEBUG] [calypso-direct] [DATA_IN] AWS=2.1kt AWA=333° Batt=100% Temp=0°C
[2026-06-06T10:44:55.054] [DEBUG] [calypso-direct] [DATA_IN] AWS=2.1kt AWA=334° Batt=100% Temp=0°C
[2026-06-06T10:44:55.444] [WARNING] [calypso-direct] [TIMING] Large gap: 390ms (expected ~125ms at 8Hz) AWS=2.7kt
[2026-06-06T10:44:55.445] [DEBUG] [calypso-direct] [DATA_IN] AWS=2.7kt AWA=334° Batt=100% Temp=0°C
[2026-06-06T10:44:55.834] [WARNING] [calypso-direct] [TIMING] Large gap: 390ms (expected ~125ms at 8Hz) AWS=2.9kt
[2026-06-06T10:44:55.835] [DEBUG] [calypso-direct] [DATA_IN] AWS=2.9kt AWA=347° Batt=100% Temp=0°C
[2026-06-06T10:44:55.836] [DEBUG] [calypso-direct] [DATA_IN] AWS=3.3kt AWA=347° Batt=100% Temp=0°C
[2026-06-06T10:44:56.224] [WARNING] [calypso-direct] [TIMING] Large gap: 389ms (expected ~125ms at 8Hz) AWS=3.3kt
[2026-06-06T10:44:56.225] [DEBUG] [calypso-direct] [DATA_IN] AWS=3.3kt AWA=347° Batt=100% Temp=0°C
[2026-06-06T10:44:56.419] [DEBUG] [calypso-direct] [DATA_IN] AWS=3.3kt AWA=346° Batt=100% Temp=0°C
[2026-06-06T10:44:56.614] [DEBUG] [calypso-direct] [DATA_IN] AWS=3.3kt AWA=346° Batt=100% Temp=0°C
[2026-06-06T10:44:56.809] [DEBUG] [calypso-direct] [DATA_IN] AWS=3.3kt AWA=331° Batt=100% Temp=0°C
[2026-06-06T10:44:57.394] [WARNING] [calypso-direct] [TIMING] Large gap: 585ms (expected ~125ms at 8Hz) AWS=3.3kt
[2026-06-06T10:44:57.395] [DEBUG] [calypso-direct] [DATA_IN] AWS=3.3kt AWA=330° Batt=100% Temp=0°C
[2026-06-06T10:44:57.396] [DEBUG] [calypso-direct] [DATA_IN] AWS=3.3kt AWA=330° Batt=100% Temp=0°C
[2026-06-06T10:44:57.589] [DEBUG] [calypso-direct] [DATA_IN] AWS=3.7kt AWA=329° Batt=100% Temp=0°C
[2026-06-06T10:44:57.979] [WARNING] [calypso-direct] [TIMING] Large gap: 390ms (expected ~125ms at 8Hz) AWS=3.7kt
[2026-06-06T10:44:57.980] [DEBUG] [calypso-direct] [DATA_IN] AWS=3.7kt AWA=328° Batt=100% Temp=0°C
[2026-06-06T10:44:58.759] [WARNING] [calypso-direct] [TIMING] Large gap: 780ms (expected ~125ms at 8Hz) AWS=3.7kt
[2026-06-06T10:44:58.760] [DEBUG] [calypso-direct] [DATA_IN] AWS=3.7kt AWA=324° Batt=100% Temp=0°C
[2026-06-06T10:44:58.761] [DEBUG] [calypso-direct] [DATA_IN] AWS=3.7kt AWA=324° Batt=100% Temp=0°C
[2026-06-06T10:44:58.956] [DEBUG] [calypso-direct] [DATA_IN] AWS=3.7kt AWA=326° Batt=100% Temp=0°C
[2026-06-06T10:44:58.959] [DEBUG] [calypso-direct] [DATA_IN] AWS=3.7kt AWA=326° Batt=100% Temp=0°C
[2026-06-06T10:44:59.154] [DEBUG] [calypso-direct] [DATA_IN] AWS=3.7kt AWA=327° Batt=100% Temp=0°C
[2026-06-06T10:44:59.345] [DEBUG] [calypso-direct] [DATA_IN] AWS=3.9kt AWA=325° Batt=100% Temp=0°C
[2026-06-06T10:44:59.540] [DEBUG] [calypso-direct] [DATA_IN] AWS=3.9kt AWA=326° Batt=100% Temp=0°C
[2026-06-06T10:45:00.320] [WARNING] [calypso-direct] [TIMING] Large gap: 781ms (expected ~125ms at 8Hz) AWS=3.9kt
[2026-06-06T10:45:00.321] [DEBUG] [calypso-direct] [DATA_IN] AWS=3.9kt AWA=326° Batt=100% Temp=0°C
[2026-06-06T10:45:00.324] [DEBUG] [calypso-direct] [DATA_IN] AWS=3.9kt AWA=324° Batt=100% Temp=0°C
[2026-06-06T10:45:00.325] [DEBUG] [calypso-direct] [DATA_IN] AWS=3.9kt AWA=324° Batt=100% Temp=0°C
[2026-06-06T10:45:00.710] [WARNING] [calypso-direct] [TIMING] Large gap: 385ms (expected ~125ms at 8Hz) AWS=4.1kt
[2026-06-06T10:45:00.711] [DEBUG] [calypso-direct] [DATA_IN] AWS=4.1kt AWA=330° Batt=100% Temp=0°C
[2026-06-06T10:45:01.101] [WARNING] [calypso-direct] [TIMING] Large gap: 390ms (expected ~125ms at 8Hz) AWS=4.1kt
[2026-06-06T10:45:01.101] [DEBUG] [calypso-direct] [DATA_IN] AWS=4.1kt AWA=330° Batt=100% Temp=0°C
[2026-06-06T10:45:01.685] [WARNING] [calypso-direct] [TIMING] Large gap: 584ms (expected ~125ms at 8Hz) AWS=4.1kt
[2026-06-06T10:45:01.685] [DEBUG] [calypso-direct] [DATA_IN] AWS=4.1kt AWA=332° Batt=100% Temp=0°C
[2026-06-06T10:45:01.686] [DEBUG] [calypso-direct] [DATA_IN] AWS=3.3kt AWA=333° Batt=100% Temp=0°C
[2026-06-06T10:45:01.690] [DEBUG] [calypso-direct] [DATA_IN] AWS=3.3kt AWA=334° Batt=100% Temp=0°C
[2026-06-06T10:45:01.880] [DEBUG] [calypso-direct] [DATA_IN] AWS=3.3kt AWA=345° Batt=100% Temp=0°C
[2026-06-06T10:45:02.075] [DEBUG] [calypso-direct] [DATA_IN] AWS=3.3kt AWA=346° Batt=100% Temp=0°C
[2026-06-06T10:45:02.855] [WARNING] [calypso-direct] [TIMING] Large gap: 780ms (expected ~125ms at 8Hz) AWS=3.3kt
[2026-06-06T10:45:02.855] [DEBUG] [calypso-direct] [DATA_IN] AWS=3.3kt AWA=345° Batt=100% Temp=0°C
[2026-06-06T10:45:03.050] [DEBUG] [calypso-direct] [DATA_IN] AWS=3.1kt AWA=346° Batt=100% Temp=0°C
[2026-06-06T10:45:03.051] [DEBUG] [calypso-direct] [DATA_IN] AWS=2.7kt AWA=345° Batt=100% Temp=0°C
[2026-06-06T10:45:03.053] [DEBUG] [calypso-direct] [DATA_IN] AWS=2.7kt AWA=1° Batt=100% Temp=0°C
[2026-06-06T10:45:03.440] [WARNING] [calypso-direct] [TIMING] Large gap: 387ms (expected ~125ms at 8Hz) AWS=2.9kt
[2026-06-06T10:45:03.440] [DEBUG] [calypso-direct] [DATA_IN] AWS=2.9kt AWA=1° Batt=100% Temp=0°C
[2026-06-06T10:45:03.635] [DEBUG] [calypso-direct] [DATA_IN] AWS=2.9kt AWA=1° Batt=100% Temp=0°C
[2026-06-06T10:45:03.831] [DEBUG] [calypso-direct] [DATA_IN] AWS=2.9kt AWA=1° Batt=100% Temp=0°C
[2026-06-06T10:45:04.613] [WARNING] [calypso-direct] [TIMING] Large gap: 782ms (expected ~125ms at 8Hz) AWS=2.9kt
[2026-06-06T10:45:04.613] [DEBUG] [calypso-direct] [DATA_IN] AWS=2.9kt AWA=1° Batt=100% Temp=0°C
[2026-06-06T10:45:04.617] [DEBUG] [calypso-direct] [DATA_IN] AWS=3.3kt AWA=3° Batt=100% Temp=0°C
[2026-06-06T10:45:04.620] [DEBUG] [calypso-direct] [DATA_IN] AWS=3.3kt AWA=3° Batt=100% Temp=0°C
[2026-06-06T10:45:04.807] [DEBUG] [calypso-direct] [DATA_IN] AWS=3.3kt AWA=0° Batt=100% Temp=0°C
[2026-06-06T10:45:05.196] [WARNING] [calypso-direct] [TIMING] Large gap: 389ms (expected ~125ms at 8Hz) AWS=3.5kt
[2026-06-06T10:45:05.196] [DEBUG] [calypso-direct] [DATA_IN] AWS=3.5kt AWA=0° Batt=100% Temp=0°C
[2026-06-06T10:45:05.390] [DEBUG] [calypso-direct] [DATA_IN] AWS=3.3kt AWA=0° Batt=100% Temp=0°C
[2026-06-06T10:45:05.585] [DEBUG] [calypso-direct] [DATA_IN] AWS=3.3kt AWA=344° Batt=100% Temp=0°C
[2026-06-06T10:45:05.975] [WARNING] [calypso-direct] [TIMING] Large gap: 390ms (expected ~125ms at 8Hz) AWS=3.5kt
[2026-06-06T10:45:05.976] [DEBUG] [calypso-direct] [DATA_IN] AWS=3.5kt AWA=344° Batt=100% Temp=0°C
[2026-06-06T10:45:06.170] [DEBUG] [calypso-direct] [DATA_IN] AWS=3.7kt AWA=344° Batt=100% Temp=0°C
[2026-06-06T10:45:06.365] [DEBUG] [calypso-direct] [DATA_IN] AWS=3.3kt AWA=344° Batt=100% Temp=0°C
[2026-06-06T10:45:06.560] [DEBUG] [calypso-direct] [DATA_IN] AWS=3.5kt AWA=344° Batt=100% Temp=0°C
[2026-06-06T10:45:06.950] [WARNING] [calypso-direct] [TIMING] Large gap: 390ms (expected ~125ms at 8Hz) AWS=3.5kt
[2026-06-06T10:45:06.950] [DEBUG] [calypso-direct] [DATA_IN] AWS=3.5kt AWA=349° Batt=100% Temp=0°C
[2026-06-06T10:45:07.340] [WARNING] [calypso-direct] [TIMING] Large gap: 390ms (expected ~125ms at 8Hz) AWS=3.5kt
[2026-06-06T10:45:07.340] [DEBUG] [calypso-direct] [DATA_IN] AWS=3.5kt AWA=349° Batt=100% Temp=0°C
[2026-06-06T10:45:07.341] [DEBUG] [calypso-direct] [DATA_IN] AWS=3.5kt AWA=349° Batt=100% Temp=0°C
[2026-06-06T10:45:07.926] [WARNING] [calypso-direct] [TIMING] Large gap: 585ms (expected ~125ms at 8Hz) AWS=3.7kt
[2026-06-06T10:45:07.926] [DEBUG] [calypso-direct] [DATA_IN] AWS=3.7kt AWA=349° Batt=100% Temp=0°C
[2026-06-06T10:45:07.927] [DEBUG] [calypso-direct] [DATA_IN] AWS=3.9kt AWA=349° Batt=100% Temp=0°C
[2026-06-06T10:45:08.900] [WARNING] [calypso-direct] [TIMING] Large gap: 973ms (expected ~125ms at 8Hz) AWS=4.1kt
[2026-06-06T10:45:08.901] [DEBUG] [calypso-direct] [DATA_IN] AWS=4.1kt AWA=334° Batt=100% Temp=0°C
[2026-06-06T10:45:08.902] [DEBUG] [calypso-direct] [DATA_IN] AWS=4.1kt AWA=334° Batt=100% Temp=0°C
[2026-06-06T10:45:08.905] [DEBUG] [calypso-direct] [DATA_IN] AWS=4.3kt AWA=334° Batt=100% Temp=0°C
[2026-06-06T10:45:08.906] [DEBUG] [calypso-direct] [DATA_IN] AWS=4.3kt AWA=333° Batt=100% Temp=0°C
[2026-06-06T10:45:09.095] [DEBUG] [calypso-direct] [DATA_IN] AWS=4.3kt AWA=333° Batt=100% Temp=0°C
[2026-06-06T10:45:09.290] [DEBUG] [calypso-direct] [DATA_IN] AWS=3.9kt AWA=332° Batt=100% Temp=0°C
[2026-06-06T10:45:09.680] [WARNING] [calypso-direct] [TIMING] Large gap: 390ms (expected ~125ms at 8Hz) AWS=3.7kt
[2026-06-06T10:45:09.680] [DEBUG] [calypso-direct] [DATA_IN] AWS=3.7kt AWA=332° Batt=100% Temp=0°C
[2026-06-06T10:45:09.875] [DEBUG] [calypso-direct] [DATA_IN] AWS=3.7kt AWA=332° Batt=100% Temp=0°C
[2026-06-06T10:45:10.266] [WARNING] [calypso-direct] [TIMING] Large gap: 391ms (expected ~125ms at 8Hz) AWS=3.7kt
[2026-06-06T10:45:10.267] [DEBUG] [calypso-direct] [DATA_IN] AWS=3.7kt AWA=333° Batt=100% Temp=0°C
[2026-06-06T10:45:10.462] [DEBUG] [calypso-direct] [DATA_IN] AWS=3.7kt AWA=333° Batt=100% Temp=0°C
[2026-06-06T10:45:10.658] [DEBUG] [calypso-direct] [DATA_IN] AWS=3.9kt AWA=339° Batt=100% Temp=0°C
[2026-06-06T10:45:10.850] [DEBUG] [calypso-direct] [DATA_IN] AWS=3.9kt AWA=339° Batt=100% Temp=0°C
[2026-06-06T10:45:11.630] [WARNING] [calypso-direct] [TIMING] Large gap: 780ms (expected ~125ms at 8Hz) AWS=3.9kt
[2026-06-06T10:45:11.630] [DEBUG] [calypso-direct] [DATA_IN] AWS=3.9kt AWA=339° Batt=100% Temp=0°C
[2026-06-06T10:45:11.631] [DEBUG] [calypso-direct] [DATA_IN] AWS=3.9kt AWA=339° Batt=100% Temp=0°C
[2026-06-06T10:45:11.633] [DEBUG] [calypso-direct] [DATA_IN] AWS=3.9kt AWA=339° Batt=100% Temp=0°C
[2026-06-06T10:45:11.826] [DEBUG] [calypso-direct] [DATA_IN] AWS=3.9kt AWA=341° Batt=100% Temp=0°C
[2026-06-06T10:45:12.215] [WARNING] [calypso-direct] [TIMING] Large gap: 390ms (expected ~125ms at 8Hz) AWS=3.9kt
[2026-06-06T10:45:12.216] [DEBUG] [calypso-direct] [DATA_IN] AWS=3.9kt AWA=341° Batt=100% Temp=0°C
[2026-06-06T10:45:12.606] [WARNING] [calypso-direct] [TIMING] Large gap: 391ms (expected ~125ms at 8Hz) AWS=3.7kt
[2026-06-06T10:45:12.607] [DEBUG] [calypso-direct] [DATA_IN] AWS=3.7kt AWA=341° Batt=100% Temp=0°C
[2026-06-06T10:45:12.610] [DEBUG] [calypso-direct] [DATA_IN] AWS=3.7kt AWA=341° Batt=100% Temp=0°C
[2026-06-06T10:45:13.190] [WARNING] [calypso-direct] [TIMING] Large gap: 581ms (expected ~125ms at 8Hz) AWS=3.5kt
[2026-06-06T10:45:13.191] [DEBUG] [calypso-direct] [DATA_IN] AWS=3.5kt AWA=341° Batt=100% Temp=0°C
[2026-06-06T10:45:13.193] [DEBUG] [calypso-direct] [DATA_IN] AWS=3.5kt AWA=335° Batt=100% Temp=0°C
[2026-06-06T10:45:13.386] [DEBUG] [calypso-direct] [DATA_IN] AWS=3.5kt AWA=335° Batt=100% Temp=0°C
[2026-06-06T10:45:13.581] [DEBUG] [calypso-direct] [DATA_IN] AWS=3.5kt AWA=335° Batt=100% Temp=0°C
[2026-06-06T10:45:14.557] [WARNING] [calypso-direct] [TIMING] Large gap: 977ms (expected ~125ms at 8Hz) AWS=3.5kt
[2026-06-06T10:45:14.558] [DEBUG] [calypso-direct] [DATA_IN] AWS=3.5kt AWA=335° Batt=100% Temp=0°C
[2026-06-06T10:45:14.561] [DEBUG] [calypso-direct] [DATA_IN] AWS=3.5kt AWA=336° Batt=100% Temp=0°C
[2026-06-06T10:45:14.562] [DEBUG] [calypso-direct] [DATA_IN] AWS=3.7kt AWA=348° Batt=100% Temp=0°C
[2026-06-06T10:45:14.563] [DEBUG] [calypso-direct] [DATA_IN] AWS=3.7kt AWA=348° Batt=100% Temp=0°C
[2026-06-06T10:45:14.946] [WARNING] [calypso-direct] [TIMING] Large gap: 383ms (expected ~125ms at 8Hz) AWS=3.5kt
[2026-06-06T10:45:14.946] [DEBUG] [calypso-direct] [DATA_IN] AWS=3.5kt AWA=348° Batt=100% Temp=0°C
[2026-06-06T10:45:15.140] [DEBUG] [calypso-direct] [DATA_IN] AWS=3.5kt AWA=348° Batt=100% Temp=0°C
[2026-06-06T10:45:15.335] [DEBUG] [calypso-direct] [DATA_IN] AWS=3.1kt AWA=348° Batt=100% Temp=0°C
[2026-06-06T10:45:15.727] [WARNING] [calypso-direct] [TIMING] Large gap: 392ms (expected ~125ms at 8Hz) AWS=3.1kt
[2026-06-06T10:45:15.732] [DEBUG] [calypso-direct] [DATA_IN] AWS=3.1kt AWA=347° Batt=100% Temp=0°C
[2026-06-06T10:45:16.117] [WARNING] [calypso-direct] [TIMING] Large gap: 389ms (expected ~125ms at 8Hz) AWS=3.1kt
[2026-06-06T10:45:16.118] [DEBUG] [calypso-direct] [DATA_IN] AWS=3.1kt AWA=347° Batt=100% Temp=0°C
[2026-06-06T10:45:16.120] [DEBUG] [calypso-direct] [DATA_IN] AWS=3.5kt AWA=347° Batt=100% Temp=0°C
[2026-06-06T10:45:16.311] [DEBUG] [calypso-direct] [DATA_IN] AWS=3.7kt AWA=347° Batt=100% Temp=0°C
[2026-06-06T10:45:16.702] [WARNING] [calypso-direct] [TIMING] Large gap: 391ms (expected ~125ms at 8Hz) AWS=3.7kt
[2026-06-06T10:45:16.702] [DEBUG] [calypso-direct] [DATA_IN] AWS=3.7kt AWA=347° Batt=100% Temp=0°C
[2026-06-06T10:45:16.896] [DEBUG] [calypso-direct] [DATA_IN] AWS=3.7kt AWA=346° Batt=100% Temp=0°C
[2026-06-06T10:45:17.091] [DEBUG] [calypso-direct] [DATA_IN] AWS=3.7kt AWA=346° Batt=100% Temp=0°C
[2026-06-06T10:45:17.482] [WARNING] [calypso-direct] [TIMING] Large gap: 391ms (expected ~125ms at 8Hz) AWS=3.1kt
[2026-06-06T10:45:17.483] [DEBUG] [calypso-direct] [DATA_IN] AWS=3.1kt AWA=346° Batt=100% Temp=0°C
[2026-06-06T10:45:17.676] [DEBUG] [calypso-direct] [DATA_IN] AWS=3.1kt AWA=346° Batt=100% Temp=0°C
[2026-06-06T10:45:17.871] [DEBUG] [calypso-direct] [DATA_IN] AWS=3.1kt AWA=346° Batt=100% Temp=0°C
[2026-06-06T10:45:18.068] [DEBUG] [calypso-direct] [DATA_IN] AWS=3.1kt AWA=344° Batt=100% Temp=0°C
[2026-06-06T10:45:18.651] [WARNING] [calypso-direct] [TIMING] Large gap: 583ms (expected ~125ms at 8Hz) AWS=3.3kt
[2026-06-06T10:45:18.652] [DEBUG] [calypso-direct] [DATA_IN] AWS=3.3kt AWA=344° Batt=100% Temp=0°C
[2026-06-06T10:45:18.655] [DEBUG] [calypso-direct] [DATA_IN] AWS=3.7kt AWA=344° Batt=100% Temp=0°C
[2026-06-06T10:45:18.847] [DEBUG] [calypso-direct] [DATA_IN] AWS=3.7kt AWA=344° Batt=100% Temp=0°C
[2026-06-06T10:45:19.433] [WARNING] [calypso-direct] [TIMING] Large gap: 587ms (expected ~125ms at 8Hz) AWS=3.5kt
[2026-06-06T10:45:19.434] [DEBUG] [calypso-direct] [DATA_IN] AWS=3.5kt AWA=344° Batt=100% Temp=0°C
[2026-06-06T10:45:19.435] [DEBUG] [calypso-direct] [DATA_IN] AWS=3.5kt AWA=341° Batt=100% Temp=0°C
[2026-06-06T10:45:19.626] [DEBUG] [calypso-direct] [DATA_IN] AWS=3.5kt AWA=341° Batt=100% Temp=0°C
[2026-06-06T10:45:19.820] [DEBUG] [calypso-direct] [DATA_IN] AWS=3.5kt AWA=341° Batt=100% Temp=0°C
[2026-06-06T10:45:20.406] [WARNING] [calypso-direct] [TIMING] Large gap: 586ms (expected ~125ms at 8Hz) AWS=3.1kt
[2026-06-06T10:45:20.407] [DEBUG] [calypso-direct] [DATA_IN] AWS=3.1kt AWA=341° Batt=100% Temp=0°C
[2026-06-06T10:45:20.407] [DEBUG] [calypso-direct] [DATA_IN] AWS=3.1kt AWA=341° Batt=100% Temp=0°C
[2026-06-06T10:45:20.600] [DEBUG] [calypso-direct] [DATA_IN] AWS=3.1kt AWA=335° Batt=100% Temp=0°C
[2026-06-06T10:45:20.796] [DEBUG] [calypso-direct] [DATA_IN] AWS=3.3kt AWA=335° Batt=100% Temp=0°C
[2026-06-06T10:45:21.380] [WARNING] [calypso-direct] [TIMING] Large gap: 585ms (expected ~125ms at 8Hz) AWS=3.1kt
[2026-06-06T10:45:21.381] [DEBUG] [calypso-direct] [DATA_IN] AWS=3.1kt AWA=335° Batt=100% Temp=0°C
[2026-06-06T10:45:21.575] [DEBUG] [calypso-direct] [DATA_IN] AWS=3.1kt AWA=335° Batt=100% Temp=0°C
[2026-06-06T10:45:21.577] [DEBUG] [calypso-direct] [DATA_IN] AWS=3.1kt AWA=335° Batt=100% Temp=0°C
[2026-06-06T10:45:21.966] [WARNING] [calypso-direct] [TIMING] Large gap: 389ms (expected ~125ms at 8Hz) AWS=2.7kt
[2026-06-06T10:45:21.966] [DEBUG] [calypso-direct] [DATA_IN] AWS=2.7kt AWA=328° Batt=100% Temp=0°C
[2026-06-06T10:45:22.161] [DEBUG] [calypso-direct] [DATA_IN] AWS=2.7kt AWA=328° Batt=100% Temp=0°C
[2026-06-06T10:45:22.356] [DEBUG] [calypso-direct] [DATA_IN] AWS=2.7kt AWA=327° Batt=100% Temp=0°C
[2026-06-06T10:45:22.550] [DEBUG] [calypso-direct] [DATA_IN] AWS=2.7kt AWA=327° Batt=100% Temp=0°C
[2026-06-06T10:45:23.137] [WARNING] [calypso-direct] [TIMING] Large gap: 585ms (expected ~125ms at 8Hz) AWS=2.7kt
[2026-06-06T10:45:23.137] [DEBUG] [calypso-direct] [DATA_IN] AWS=2.7kt AWA=327° Batt=100% Temp=0°C
[2026-06-06T10:45:23.138] [DEBUG] [calypso-direct] [DATA_IN] AWS=2.7kt AWA=327° Batt=100% Temp=0°C
[2026-06-06T10:45:23.331] [DEBUG] [calypso-direct] [DATA_IN] AWS=2.9kt AWA=327° Batt=100% Temp=0°C
[2026-06-06T10:45:23.721] [WARNING] [calypso-direct] [TIMING] Large gap: 389ms (expected ~125ms at 8Hz) AWS=2.9kt
[2026-06-06T10:45:23.721] [DEBUG] [calypso-direct] [DATA_IN] AWS=2.9kt AWA=328° Batt=100% Temp=0°C
[2026-06-06T10:45:23.916] [DEBUG] [calypso-direct] [DATA_IN] AWS=3.1kt AWA=328° Batt=100% Temp=0°C
[2026-06-06T10:45:24.114] [DEBUG] [calypso-direct] [DATA_IN] AWS=3.1kt AWA=328° Batt=100% Temp=0°C
[2026-06-06T10:45:24.308] [DEBUG] [calypso-direct] [DATA_IN] AWS=3.3kt AWA=357° Batt=100% Temp=0°C
[2026-06-06T10:45:24.697] [WARNING] [calypso-direct] [TIMING] Large gap: 389ms (expected ~125ms at 8Hz) AWS=3.5kt
[2026-06-06T10:45:24.698] [DEBUG] [calypso-direct] [DATA_IN] AWS=3.5kt AWA=357° Batt=100% Temp=0°C
[2026-06-06T10:45:24.891] [DEBUG] [calypso-direct] [DATA_IN] AWS=3.7kt AWA=357° Batt=100% Temp=0°C
[2026-06-06T10:45:25.086] [DEBUG] [calypso-direct] [DATA_IN] AWS=3.7kt AWA=357° Batt=100% Temp=0°C
[2026-06-06T10:45:25.476] [WARNING] [calypso-direct] [TIMING] Large gap: 390ms (expected ~125ms at 8Hz) AWS=3.5kt
[2026-06-06T10:45:25.476] [DEBUG] [calypso-direct] [DATA_IN] AWS=3.5kt AWA=357° Batt=100% Temp=0°C
[2026-06-06T10:45:26.061] [WARNING] [calypso-direct] [TIMING] Large gap: 585ms (expected ~125ms at 8Hz) AWS=3.7kt
[2026-06-06T10:45:26.062] [DEBUG] [calypso-direct] [DATA_IN] AWS=3.7kt AWA=337° Batt=100% Temp=0°C
[2026-06-06T10:45:26.063] [DEBUG] [calypso-direct] [DATA_IN] AWS=3.7kt AWA=337° Batt=100% Temp=0°C
[2026-06-06T10:45:26.065] [DEBUG] [calypso-direct] [DATA_IN] AWS=3.5kt AWA=336° Batt=100% Temp=0°C
[2026-06-06T10:45:26.451] [WARNING] [calypso-direct] [TIMING] Large gap: 386ms (expected ~125ms at 8Hz) AWS=3.5kt
[2026-06-06T10:45:26.451] [DEBUG] [calypso-direct] [DATA_IN] AWS=3.5kt AWA=336° Batt=100% Temp=0°C
[2026-06-06T10:45:26.646] [DEBUG] [calypso-direct] [DATA_IN] AWS=3.5kt AWA=336° Batt=100% Temp=0°C
[2026-06-06T10:45:26.841] [DEBUG] [calypso-direct] [DATA_IN] AWS=3.5kt AWA=15° Batt=100% Temp=0°C
[2026-06-06T10:45:27.231] [WARNING] [calypso-direct] [TIMING] Large gap: 390ms (expected ~125ms at 8Hz) AWS=3.5kt
[2026-06-06T10:45:27.231] [DEBUG] [calypso-direct] [DATA_IN] AWS=3.5kt AWA=15° Batt=100% Temp=0°C
[2026-06-06T10:45:27.426] [DEBUG] [calypso-direct] [DATA_IN] AWS=3.5kt AWA=15° Batt=100% Temp=0°C
[2026-06-06T10:45:27.621] [DEBUG] [calypso-direct] [DATA_IN] AWS=3.5kt AWA=15° Batt=100% Temp=0°C
[2026-06-06T10:45:27.816] [DEBUG] [calypso-direct] [DATA_IN] AWS=3.7kt AWA=15° Batt=100% Temp=0°C
[2026-06-06T10:45:28.206] [WARNING] [calypso-direct] [TIMING] Large gap: 390ms (expected ~125ms at 8Hz) AWS=3.7kt
[2026-06-06T10:45:28.206] [DEBUG] [calypso-direct] [DATA_IN] AWS=3.7kt AWA=350° Batt=100% Temp=0°C
[2026-06-06T10:45:28.401] [DEBUG] [calypso-direct] [DATA_IN] AWS=3.7kt AWA=350° Batt=100% Temp=0°C
[2026-06-06T10:45:28.596] [DEBUG] [calypso-direct] [DATA_IN] AWS=3.7kt AWA=350° Batt=100% Temp=0°C
[2026-06-06T10:45:28.791] [DEBUG] [calypso-direct] [DATA_IN] AWS=4.3kt AWA=350° Batt=100% Temp=0°C
[2026-06-06T10:45:29.181] [WARNING] [calypso-direct] [TIMING] Large gap: 390ms (expected ~125ms at 8Hz) AWS=4.1kt
[2026-06-06T10:45:29.182] [DEBUG] [calypso-direct] [DATA_IN] AWS=4.1kt AWA=350° Batt=100% Temp=0°C
[2026-06-06T10:45:29.376] [DEBUG] [calypso-direct] [DATA_IN] AWS=4.3kt AWA=339° Batt=100% Temp=0°C
[2026-06-06T10:45:29.576] [DEBUG] [calypso-direct] [DATA_IN] AWS=4.3kt AWA=339° Batt=100% Temp=0°C
[2026-06-06T10:45:29.962] [WARNING] [calypso-direct] [TIMING] Large gap: 387ms (expected ~125ms at 8Hz) AWS=4.1kt
[2026-06-06T10:45:29.963] [DEBUG] [calypso-direct] [DATA_IN] AWS=4.1kt AWA=339° Batt=100% Temp=0°C
[2026-06-06T10:45:30.547] [WARNING] [calypso-direct] [TIMING] Large gap: 585ms (expected ~125ms at 8Hz) AWS=4.1kt
[2026-06-06T10:45:30.548] [DEBUG] [calypso-direct] [DATA_IN] AWS=4.1kt AWA=339° Batt=100% Temp=0°C
[2026-06-06T10:45:30.551] [DEBUG] [calypso-direct] [DATA_IN] AWS=4.1kt AWA=339° Batt=100% Temp=0°C
[2026-06-06T10:45:30.553] [DEBUG] [calypso-direct] [DATA_IN] AWS=4.1kt AWA=349° Batt=100% Temp=0°C
[2026-06-06T10:45:31.326] [WARNING] [calypso-direct] [TIMING] Large gap: 773ms (expected ~125ms at 8Hz) AWS=4.1kt
[2026-06-06T10:45:31.327] [DEBUG] [calypso-direct] [DATA_IN] AWS=4.1kt AWA=349° Batt=100% Temp=0°C
[2026-06-06T10:45:31.716] [WARNING] [calypso-direct] [TIMING] Large gap: 390ms (expected ~125ms at 8Hz) AWS=4.1kt
[2026-06-06T10:45:31.717] [DEBUG] [calypso-direct] [DATA_IN] AWS=4.1kt AWA=349° Batt=100% Temp=0°C
[2026-06-06T10:45:31.911] [DEBUG] [calypso-direct] [DATA_IN] AWS=4.1kt AWA=349° Batt=100% Temp=0°C
[2026-06-06T10:45:32.107] [DEBUG] [calypso-direct] [DATA_IN] AWS=3.9kt AWA=349° Batt=100% Temp=0°C
[2026-06-06T10:45:32.108] [DEBUG] [calypso-direct] [DATA_IN] AWS=3.9kt AWA=349° Batt=100% Temp=0°C
[2026-06-06T10:45:32.109] [DEBUG] [calypso-direct] [DATA_IN] AWS=3.9kt AWA=349° Batt=100% Temp=0°C
[2026-06-06T10:45:32.301] [DEBUG] [calypso-direct] [DATA_IN] AWS=3.9kt AWA=349° Batt=100% Temp=0°C
[2026-06-06T10:45:33.276] [WARNING] [calypso-direct] [TIMING] Large gap: 975ms (expected ~125ms at 8Hz) AWS=3.9kt
[2026-06-06T10:45:33.276] [DEBUG] [calypso-direct] [DATA_IN] AWS=3.9kt AWA=349° Batt=100% Temp=0°C
[2026-06-06T10:45:33.279] [DEBUG] [calypso-direct] [DATA_IN] AWS=4.1kt AWA=349° Batt=100% Temp=0°C
[2026-06-06T10:45:33.281] [DEBUG] [calypso-direct] [DATA_IN] AWS=4.3kt AWA=345° Batt=100% Temp=0°C
[2026-06-06T10:45:33.471] [DEBUG] [calypso-direct] [DATA_IN] AWS=4.3kt AWA=345° Batt=100% Temp=0°C
[2026-06-06T10:45:33.666] [DEBUG] [calypso-direct] [DATA_IN] AWS=4.3kt AWA=345° Batt=100% Temp=0°C
[2026-06-06T10:45:33.861] [DEBUG] [calypso-direct] [DATA_IN] AWS=4.1kt AWA=345° Batt=100% Temp=0°C
[2026-06-06T10:45:34.056] [DEBUG] [calypso-direct] [DATA_IN] AWS=3.7kt AWA=345° Batt=100% Temp=0°C
[2026-06-06T10:45:34.836] [WARNING] [calypso-direct] [TIMING] Large gap: 780ms (expected ~125ms at 8Hz) AWS=3.7kt
[2026-06-06T10:45:34.837] [DEBUG] [calypso-direct] [DATA_IN] AWS=3.7kt AWA=346° Batt=100% Temp=0°C
[2026-06-06T10:45:34.838] [DEBUG] [calypso-direct] [DATA_IN] AWS=3.5kt AWA=346° Batt=100% Temp=0°C
[2026-06-06T10:45:34.840] [DEBUG] [calypso-direct] [DATA_IN] AWS=3.7kt AWA=346° Batt=100% Temp=0°C
[2026-06-06T10:45:35.226] [WARNING] [calypso-direct] [TIMING] Large gap: 386ms (expected ~125ms at 8Hz) AWS=3.7kt
[2026-06-06T10:45:35.227] [DEBUG] [calypso-direct] [DATA_IN] AWS=3.7kt AWA=346° Batt=100% Temp=0°C
[2026-06-06T10:45:35.421] [DEBUG] [calypso-direct] [DATA_IN] AWS=3.7kt AWA=346° Batt=100% Temp=0°C
[2026-06-06T10:45:35.616] [DEBUG] [calypso-direct] [DATA_IN] AWS=3.7kt AWA=334° Batt=100% Temp=0°C
[2026-06-06T10:45:36.006] [WARNING] [calypso-direct] [TIMING] Large gap: 390ms (expected ~125ms at 8Hz) AWS=3.7kt
[2026-06-06T10:45:36.009] [DEBUG] [calypso-direct] [DATA_IN] AWS=3.7kt AWA=334° Batt=100% Temp=0°C
[2026-06-06T10:45:36.202] [DEBUG] [calypso-direct] [DATA_IN] AWS=3.7kt AWA=335° Batt=100% Temp=0°C
[2026-06-06T10:45:36.396] [DEBUG] [calypso-direct] [DATA_IN] AWS=3.7kt AWA=335° Batt=100% Temp=0°C
[2026-06-06T10:45:36.591] [DEBUG] [calypso-direct] [DATA_IN] AWS=3.7kt AWA=335° Batt=100% Temp=0°C
[2026-06-06T10:45:37.566] [WARNING] [calypso-direct] [TIMING] Large gap: 975ms (expected ~125ms at 8Hz) AWS=3.7kt
[2026-06-06T10:45:37.567] [DEBUG] [calypso-direct] [DATA_IN] AWS=3.7kt AWA=343° Batt=100% Temp=0°C
[2026-06-06T10:45:37.762] [DEBUG] [calypso-direct] [DATA_IN] AWS=3.5kt AWA=342° Batt=100% Temp=0°C
[2026-06-06T10:45:37.764] [DEBUG] [calypso-direct] [DATA_IN] AWS=3.5kt AWA=342° Batt=100% Temp=0°C
[2026-06-06T10:45:37.765] [DEBUG] [calypso-direct] [DATA_IN] AWS=3.5kt AWA=342° Batt=100% Temp=0°C
[2026-06-06T10:45:37.956] [DEBUG] [calypso-direct] [DATA_IN] AWS=3.5kt AWA=343° Batt=100% Temp=0°C
[2026-06-06T10:45:38.151] [DEBUG] [calypso-direct] [DATA_IN] AWS=3.1kt AWA=350° Batt=100% Temp=0°C
[2026-06-06T10:45:38.346] [DEBUG] [calypso-direct] [DATA_IN] AWS=3.1kt AWA=350° Batt=100% Temp=0°C
[2026-06-06T10:45:38.541] [DEBUG] [calypso-direct] [DATA_IN] AWS=3.1kt AWA=350° Batt=100% Temp=0°C
[2026-06-06T10:45:39.126] [WARNING] [calypso-direct] [TIMING] Large gap: 585ms (expected ~125ms at 8Hz) AWS=3.3kt
[2026-06-06T10:45:39.128] [DEBUG] [calypso-direct] [DATA_IN] AWS=3.3kt AWA=350° Batt=100% Temp=0°C
[2026-06-06T10:45:39.129] [DEBUG] [calypso-direct] [DATA_IN] AWS=3.3kt AWA=350° Batt=100% Temp=0°C
[2026-06-06T10:45:39.325] [DEBUG] [calypso-direct] [DATA_IN] AWS=3.3kt AWA=331° Batt=100% Temp=0°C
[2026-06-06T10:45:39.721] [WARNING] [calypso-direct] [TIMING] Large gap: 396ms (expected ~125ms at 8Hz) AWS=3.3kt
[2026-06-06T10:45:39.721] [DEBUG] [calypso-direct] [DATA_IN] AWS=3.3kt AWA=331° Batt=100% Temp=0°C
[2026-06-06T10:45:40.103] [WARNING] [calypso-direct] [TIMING] Large gap: 382ms (expected ~125ms at 8Hz) AWS=3.3kt
[2026-06-06T10:45:40.103] [DEBUG] [calypso-direct] [DATA_IN] AWS=3.3kt AWA=331° Batt=100% Temp=0°C
[2026-06-06T10:45:40.104] [DEBUG] [calypso-direct] [DATA_IN] AWS=3.3kt AWA=332° Batt=100% Temp=0°C
[2026-06-06T10:45:40.688] [WARNING] [calypso-direct] [TIMING] Large gap: 584ms (expected ~125ms at 8Hz) AWS=3.3kt
[2026-06-06T10:45:40.689] [DEBUG] [calypso-direct] [DATA_IN] AWS=3.3kt AWA=332° Batt=100% Temp=0°C
[2026-06-06T10:45:40.690] [DEBUG] [calypso-direct] [DATA_IN] AWS=2.7kt AWA=337° Batt=100% Temp=0°C
[2026-06-06T10:45:40.882] [DEBUG] [calypso-direct] [DATA_IN] AWS=2.7kt AWA=337° Batt=100% Temp=0°C
[2026-06-06T10:45:41.078] [DEBUG] [calypso-direct] [DATA_IN] AWS=2.7kt AWA=337° Batt=100% Temp=0°C
[2026-06-06T10:45:41.466] [WARNING] [calypso-direct] [TIMING] Large gap: 388ms (expected ~125ms at 8Hz) AWS=2.7kt
[2026-06-06T10:45:41.467] [DEBUG] [calypso-direct] [DATA_IN] AWS=2.7kt AWA=337° Batt=100% Temp=0°C
[2026-06-06T10:45:41.661] [DEBUG] [calypso-direct] [DATA_IN] AWS=2.9kt AWA=337° Batt=100% Temp=0°C
[2026-06-06T10:45:41.857] [DEBUG] [calypso-direct] [DATA_IN] AWS=3.1kt AWA=344° Batt=100% Temp=0°C
[2026-06-06T10:45:42.052] [DEBUG] [calypso-direct] [DATA_IN] AWS=3.3kt AWA=344° Batt=100% Temp=0°C
[2026-06-06T10:45:42.442] [WARNING] [calypso-direct] [TIMING] Large gap: 390ms (expected ~125ms at 8Hz) AWS=3.3kt
[2026-06-06T10:45:42.444] [DEBUG] [calypso-direct] [DATA_IN] AWS=3.3kt AWA=344° Batt=100% Temp=0°C
[2026-06-06T10:45:42.636] [DEBUG] [calypso-direct] [DATA_IN] AWS=3.3kt AWA=344° Batt=100% Temp=0°C
[2026-06-06T10:45:43.027] [WARNING] [calypso-direct] [TIMING] Large gap: 390ms (expected ~125ms at 8Hz) AWS=3.3kt
[2026-06-06T10:45:43.027] [DEBUG] [calypso-direct] [DATA_IN] AWS=3.3kt AWA=344° Batt=100% Temp=0°C
[2026-06-06T10:45:43.612] [WARNING] [calypso-direct] [TIMING] Large gap: 585ms (expected ~125ms at 8Hz) AWS=3.5kt
[2026-06-06T10:45:43.612] [DEBUG] [calypso-direct] [DATA_IN] AWS=3.5kt AWA=343° Batt=100% Temp=0°C
[2026-06-06T10:45:43.613] [DEBUG] [calypso-direct] [DATA_IN] AWS=3.3kt AWA=343° Batt=100% Temp=0°C
[2026-06-06T10:45:43.614] [DEBUG] [calypso-direct] [DATA_IN] AWS=3.5kt AWA=343° Batt=100% Temp=0°C
[2026-06-06T10:45:43.807] [DEBUG] [calypso-direct] [DATA_IN] AWS=3.5kt AWA=343° Batt=100% Temp=0°C
[2026-06-06T10:45:44.197] [WARNING] [calypso-direct] [TIMING] Large gap: 390ms (expected ~125ms at 8Hz) AWS=3.5kt
[2026-06-06T10:45:44.197] [DEBUG] [calypso-direct] [DATA_IN] AWS=3.5kt AWA=343° Batt=100% Temp=0°C
[2026-06-06T10:45:45.173] [WARNING] [calypso-direct] [TIMING] Large gap: 976ms (expected ~125ms at 8Hz) AWS=3.5kt
[2026-06-06T10:45:45.176] [DEBUG] [calypso-direct] [DATA_IN] AWS=3.5kt AWA=333° Batt=100% Temp=0°C
[2026-06-06T10:45:45.176] [DEBUG] [calypso-direct] [DATA_IN] AWS=3.5kt AWA=333° Batt=100% Temp=0°C
[2026-06-06T10:45:45.177] [DEBUG] [calypso-direct] [DATA_IN] AWS=3.5kt AWA=333° Batt=100% Temp=0°C
[2026-06-06T10:45:45.179] [DEBUG] [calypso-direct] [DATA_IN] AWS=3.5kt AWA=333° Batt=100% Temp=0°C
[2026-06-06T10:45:45.367] [DEBUG] [calypso-direct] [DATA_IN] AWS=3.5kt AWA=333° Batt=100% Temp=0°C
[2026-06-06T10:45:45.564] [DEBUG] [calypso-direct] [DATA_IN] AWS=3.1kt AWA=331° Batt=100% Temp=0°C
[2026-06-06T10:45:45.951] [WARNING] [calypso-direct] [TIMING] Large gap: 388ms (expected ~125ms at 8Hz) AWS=2.9kt
[2026-06-06T10:45:45.952] [DEBUG] [calypso-direct] [DATA_IN] AWS=2.9kt AWA=331° Batt=100% Temp=0°C
[2026-06-06T10:45:46.343] [WARNING] [calypso-direct] [TIMING] Large gap: 391ms (expected ~125ms at 8Hz) AWS=2.9kt
[2026-06-06T10:45:46.344] [DEBUG] [calypso-direct] [DATA_IN] AWS=2.9kt AWA=330° Batt=100% Temp=0°C
[2026-06-06T10:45:46.346] [DEBUG] [calypso-direct] [DATA_IN] AWS=2.7kt AWA=330° Batt=100% Temp=0°C
[2026-06-06T10:45:46.733] [WARNING] [calypso-direct] [TIMING] Large gap: 387ms (expected ~125ms at 8Hz) AWS=2.7kt
[2026-06-06T10:45:46.733] [DEBUG] [calypso-direct] [DATA_IN] AWS=2.7kt AWA=330° Batt=100% Temp=0°C
[2026-06-06T10:45:46.927] [DEBUG] [calypso-direct] [DATA_IN] AWS=2.7kt AWA=331° Batt=100% Temp=0°C
[2026-06-06T10:45:47.515] [WARNING] [calypso-direct] [TIMING] Large gap: 588ms (expected ~125ms at 8Hz) AWS=2.5kt
[2026-06-06T10:45:47.515] [DEBUG] [calypso-direct] [DATA_IN] AWS=2.5kt AWA=331° Batt=100% Temp=0°C
[2026-06-06T10:45:47.517] [DEBUG] [calypso-direct] [DATA_IN] AWS=2.5kt AWA=331° Batt=100% Temp=0°C
[2026-06-06T10:45:47.707] [DEBUG] [calypso-direct] [DATA_IN] AWS=2.5kt AWA=331° Batt=100% Temp=0°C
[2026-06-06T10:45:47.902] [DEBUG] [calypso-direct] [DATA_IN] AWS=2.5kt AWA=331° Batt=100% Temp=0°C
[2026-06-06T10:45:48.097] [DEBUG] [calypso-direct] [DATA_IN] AWS=2.5kt AWA=339° Batt=100% Temp=0°C
[2026-06-06T10:45:48.292] [DEBUG] [calypso-direct] [DATA_IN] AWS=2.5kt AWA=339° Batt=100% Temp=0°C
[2026-06-06T10:45:48.682] [WARNING] [calypso-direct] [TIMING] Large gap: 390ms (expected ~125ms at 8Hz) AWS=2.5kt
[2026-06-06T10:45:48.682] [DEBUG] [calypso-direct] [DATA_IN] AWS=2.5kt AWA=339° Batt=100% Temp=0°C
[2026-06-06T10:45:49.267] [WARNING] [calypso-direct] [TIMING] Large gap: 585ms (expected ~125ms at 8Hz) AWS=2.1kt
[2026-06-06T10:45:49.267] [DEBUG] [calypso-direct] [DATA_IN] AWS=2.1kt AWA=339° Batt=100% Temp=0°C
[2026-06-06T10:45:49.270] [DEBUG] [calypso-direct] [DATA_IN] AWS=2.5kt AWA=339° Batt=100% Temp=0°C
[2026-06-06T10:45:49.658] [WARNING] [calypso-direct] [TIMING] Large gap: 388ms (expected ~125ms at 8Hz) AWS=2.5kt
[2026-06-06T10:45:49.658] [INFO] [calypso-direct] [RATE_1MIN] 240 pkts/min (expected 480 at 8Hz) max_gap=977ms gaps_>250ms=79
[2026-06-06T10:45:49.659] [DEBUG] [calypso-direct] [DATA_IN] AWS=2.5kt AWA=331° Batt=100% Temp=0°C
[2026-06-06T10:45:49.659] [DEBUG] [calypso-direct] [DATA_IN] AWS=2.5kt AWA=330° Batt=100% Temp=0°C
[2026-06-06T10:45:49.852] [DEBUG] [calypso-direct] [DATA_IN] AWS=2.9kt AWA=327° Batt=100% Temp=0°C
[2026-06-06T10:45:50.047] [DEBUG] [calypso-direct] [DATA_IN] AWS=2.9kt AWA=327° Batt=100% Temp=0°C
[2026-06-06T10:45:50.632] [WARNING] [calypso-direct] [TIMING] Large gap: 585ms (expected ~125ms at 8Hz) AWS=2.9kt
[2026-06-06T10:45:50.632] [DEBUG] [calypso-direct] [DATA_IN] AWS=2.9kt AWA=327° Batt=100% Temp=0°C
[2026-06-06T10:45:50.827] [DEBUG] [calypso-direct] [DATA_IN] AWS=2.7kt AWA=324° Batt=100% Temp=0°C
[2026-06-06T10:45:50.829] [DEBUG] [calypso-direct] [DATA_IN] AWS=2.7kt AWA=325° Batt=100% Temp=0°C
[2026-06-06T10:45:51.607] [WARNING] [calypso-direct] [TIMING] Large gap: 778ms (expected ~125ms at 8Hz) AWS=2.5kt
[2026-06-06T10:45:51.608] [DEBUG] [calypso-direct] [DATA_IN] AWS=2.5kt AWA=326° Batt=100% Temp=0°C
[2026-06-06T10:45:51.610] [DEBUG] [calypso-direct] [DATA_IN] AWS=2.5kt AWA=329° Batt=100% Temp=0°C
[2026-06-06T10:45:51.611] [DEBUG] [calypso-direct] [DATA_IN] AWS=2.3kt AWA=329° Batt=100% Temp=0°C
[2026-06-06T10:45:51.997] [WARNING] [calypso-direct] [TIMING] Large gap: 386ms (expected ~125ms at 8Hz) AWS=2.3kt
[2026-06-06T10:45:51.997] [DEBUG] [calypso-direct] [DATA_IN] AWS=2.3kt AWA=355° Batt=100% Temp=0°C
[2026-06-06T10:45:52.192] [DEBUG] [calypso-direct] [DATA_IN] AWS=2.3kt AWA=356° Batt=100% Temp=0°C
[2026-06-06T10:45:52.582] [WARNING] [calypso-direct] [TIMING] Large gap: 390ms (expected ~125ms at 8Hz) AWS=2.7kt
[2026-06-06T10:45:52.582] [DEBUG] [calypso-direct] [DATA_IN] AWS=2.7kt AWA=356° Batt=100% Temp=0°C
[2026-06-06T10:45:52.583] [DEBUG] [calypso-direct] [DATA_IN] AWS=2.3kt AWA=356° Batt=100% Temp=0°C
[2026-06-06T10:45:52.972] [WARNING] [calypso-direct] [TIMING] Large gap: 389ms (expected ~125ms at 8Hz) AWS=2.3kt
[2026-06-06T10:45:52.972] [DEBUG] [calypso-direct] [DATA_IN] AWS=2.3kt AWA=356° Batt=100% Temp=0°C
[2026-06-06T10:45:53.167] [DEBUG] [calypso-direct] [DATA_IN] AWS=2.3kt AWA=325° Batt=100% Temp=0°C
[2026-06-06T10:45:53.557] [WARNING] [calypso-direct] [TIMING] Large gap: 390ms (expected ~125ms at 8Hz) AWS=2.3kt
[2026-06-06T10:45:53.557] [DEBUG] [calypso-direct] [DATA_IN] AWS=2.3kt AWA=325° Batt=100% Temp=0°C
[2026-06-06T10:45:53.558] [DEBUG] [calypso-direct] [DATA_IN] AWS=2.1kt AWA=326° Batt=100% Temp=0°C
[2026-06-06T10:45:53.947] [WARNING] [calypso-direct] [TIMING] Large gap: 389ms (expected ~125ms at 8Hz) AWS=2.1kt
[2026-06-06T10:45:53.947] [DEBUG] [calypso-direct] [DATA_IN] AWS=2.1kt AWA=326° Batt=100% Temp=0°C
[2026-06-06T10:45:54.142] [DEBUG] [calypso-direct] [DATA_IN] AWS=2.1kt AWA=326° Batt=100% Temp=0°C
[2026-06-06T10:45:54.337] [DEBUG] [calypso-direct] [DATA_IN] AWS=2.1kt AWA=335° Batt=100% Temp=0°C
[2026-06-06T10:45:55.117] [WARNING] [calypso-direct] [TIMING] Large gap: 780ms (expected ~125ms at 8Hz) AWS=2.1kt
[2026-06-06T10:45:55.118] [DEBUG] [calypso-direct] [DATA_IN] AWS=2.1kt AWA=336° Batt=100% Temp=0°C
[2026-06-06T10:45:55.118] [DEBUG] [calypso-direct] [DATA_IN] AWS=2.1kt AWA=335° Batt=100% Temp=0°C
[2026-06-06T10:45:55.121] [DEBUG] [calypso-direct] [DATA_IN] AWS=2.3kt AWA=335° Batt=100% Temp=0°C
[2026-06-06T10:45:55.312] [DEBUG] [calypso-direct] [DATA_IN] AWS=2.3kt AWA=335° Batt=100% Temp=0°C
[2026-06-06T10:45:55.703] [WARNING] [calypso-direct] [TIMING] Large gap: 390ms (expected ~125ms at 8Hz) AWS=2.7kt
[2026-06-06T10:45:55.704] [DEBUG] [calypso-direct] [DATA_IN] AWS=2.7kt AWA=338° Batt=100% Temp=0°C
[2026-06-06T10:45:55.897] [DEBUG] [calypso-direct] [DATA_IN] AWS=2.7kt AWA=338° Batt=100% Temp=0°C
[2026-06-06T10:45:56.677] [WARNING] [calypso-direct] [TIMING] Large gap: 780ms (expected ~125ms at 8Hz) AWS=2.7kt
[2026-06-06T10:45:56.677] [DEBUG] [calypso-direct] [DATA_IN] AWS=2.7kt AWA=338° Batt=100% Temp=0°C
[2026-06-06T10:45:56.678] [DEBUG] [calypso-direct] [DATA_IN] AWS=2.7kt AWA=338° Batt=100% Temp=0°C
[2026-06-06T10:45:56.682] [DEBUG] [calypso-direct] [DATA_IN] AWS=2.3kt AWA=338° Batt=100% Temp=0°C
[2026-06-06T10:45:56.872] [DEBUG] [calypso-direct] [DATA_IN] AWS=2.3kt AWA=328° Batt=100% Temp=0°C
[2026-06-06T10:45:57.067] [DEBUG] [calypso-direct] [DATA_IN] AWS=2.7kt AWA=327° Batt=100% Temp=0°C
[2026-06-06T10:45:57.848] [WARNING] [calypso-direct] [TIMING] Large gap: 781ms (expected ~125ms at 8Hz) AWS=2.3kt
[2026-06-06T10:45:57.849] [DEBUG] [calypso-direct] [DATA_IN] AWS=2.3kt AWA=328° Batt=100% Temp=0°C
[2026-06-06T10:45:57.849] [DEBUG] [calypso-direct] [DATA_IN] AWS=2.3kt AWA=328° Batt=100% Temp=0°C
[2026-06-06T10:45:58.044] [DEBUG] [calypso-direct] [DATA_IN] AWS=2.1kt AWA=328° Batt=100% Temp=0°C
[2026-06-06T10:45:58.051] [DEBUG] [calypso-direct] [DATA_IN] AWS=2.1kt AWA=15° Batt=100% Temp=0°C
[2026-06-06T10:45:58.432] [WARNING] [calypso-direct] [TIMING] Large gap: 382ms (expected ~125ms at 8Hz) AWS=2.1kt
[2026-06-06T10:45:58.433] [DEBUG] [calypso-direct] [DATA_IN] AWS=2.1kt AWA=3° Batt=100% Temp=0°C
[2026-06-06T10:45:58.627] [DEBUG] [calypso-direct] [DATA_IN] AWS=2.3kt AWA=3° Batt=100% Temp=0°C
[2026-06-06T10:45:58.823] [DEBUG] [calypso-direct] [DATA_IN] AWS=2.5kt AWA=15° Batt=100% Temp=0°C
[2026-06-06T10:45:59.213] [WARNING] [calypso-direct] [TIMING] Large gap: 390ms (expected ~125ms at 8Hz) AWS=2.5kt
[2026-06-06T10:45:59.213] [DEBUG] [calypso-direct] [DATA_IN] AWS=2.5kt AWA=3° Batt=100% Temp=0°C
[2026-06-06T10:45:59.407] [DEBUG] [calypso-direct] [DATA_IN] AWS=2.5kt AWA=333° Batt=100% Temp=0°C
[2026-06-06T10:45:59.602] [DEBUG] [calypso-direct] [DATA_IN] AWS=2.5kt AWA=333° Batt=100% Temp=0°C
[2026-06-06T10:45:59.797] [DEBUG] [calypso-direct] [DATA_IN] AWS=2.5kt AWA=332° Batt=100% Temp=0°C
[2026-06-06T10:46:00.383] [WARNING] [calypso-direct] [TIMING] Large gap: 585ms (expected ~125ms at 8Hz) AWS=2.5kt
[2026-06-06T10:46:00.383] [DEBUG] [calypso-direct] [DATA_IN] AWS=2.5kt AWA=331° Batt=100% Temp=0°C
[2026-06-06T10:46:00.384] [DEBUG] [calypso-direct] [DATA_IN] AWS=2.9kt AWA=331° Batt=100% Temp=0°C
[2026-06-06T10:46:00.772] [WARNING] [calypso-direct] [TIMING] Large gap: 388ms (expected ~125ms at 8Hz) AWS=2.5kt
[2026-06-06T10:46:00.773] [DEBUG] [calypso-direct] [DATA_IN] AWS=2.5kt AWA=334° Batt=100% Temp=0°C
[2026-06-06T10:46:00.967] [DEBUG] [calypso-direct] [DATA_IN] AWS=2.9kt AWA=334° Batt=100% Temp=0°C
[2026-06-06T10:46:01.163] [DEBUG] [calypso-direct] [DATA_IN] AWS=2.9kt AWA=333° Batt=100% Temp=0°C
[2026-06-06T10:46:01.357] [DEBUG] [calypso-direct] [DATA_IN] AWS=2.7kt AWA=334° Batt=100% Temp=0°C
[2026-06-06T10:46:01.747] [WARNING] [calypso-direct] [TIMING] Large gap: 390ms (expected ~125ms at 8Hz) AWS=2.7kt
[2026-06-06T10:46:01.748] [DEBUG] [calypso-direct] [DATA_IN] AWS=2.7kt AWA=335° Batt=100% Temp=0°C
[2026-06-06T10:46:01.942] [DEBUG] [calypso-direct] [DATA_IN] AWS=2.7kt AWA=348° Batt=100% Temp=0°C
[2026-06-06T10:46:02.138] [DEBUG] [calypso-direct] [DATA_IN] AWS=2.7kt AWA=348° Batt=100% Temp=0°C
[2026-06-06T10:46:02.332] [DEBUG] [calypso-direct] [DATA_IN] AWS=2.7kt AWA=348° Batt=100% Temp=0°C
[2026-06-06T10:46:02.917] [WARNING] [calypso-direct] [TIMING] Large gap: 585ms (expected ~125ms at 8Hz) AWS=2.7kt
[2026-06-06T10:46:02.919] [DEBUG] [calypso-direct] [DATA_IN] AWS=2.7kt AWA=348° Batt=100% Temp=0°C
[2026-06-06T10:46:02.920] [DEBUG] [calypso-direct] [DATA_IN] AWS=2.7kt AWA=348° Batt=100% Temp=0°C
[2026-06-06T10:46:03.114] [DEBUG] [calypso-direct] [DATA_IN] AWS=2.7kt AWA=336° Batt=100% Temp=0°C
[2026-06-06T10:46:03.308] [DEBUG] [calypso-direct] [DATA_IN] AWS=2.5kt AWA=335° Batt=100% Temp=0°C
[2026-06-06T10:46:03.699] [WARNING] [calypso-direct] [TIMING] Large gap: 391ms (expected ~125ms at 8Hz) AWS=2.5kt
[2026-06-06T10:46:03.699] [DEBUG] [calypso-direct] [DATA_IN] AWS=2.5kt AWA=335° Batt=100% Temp=0°C
[2026-06-06T10:46:03.892] [DEBUG] [calypso-direct] [DATA_IN] AWS=2.3kt AWA=335° Batt=100% Temp=0°C
[2026-06-06T10:46:04.088] [DEBUG] [calypso-direct] [DATA_IN] AWS=2.3kt AWA=335° Batt=100% Temp=0°C
[2026-06-06T10:46:04.477] [WARNING] [calypso-direct] [TIMING] Large gap: 390ms (expected ~125ms at 8Hz) AWS=2.1kt
[2026-06-06T10:46:04.478] [DEBUG] [calypso-direct] [DATA_IN] AWS=2.1kt AWA=335° Batt=100% Temp=0°C
[2026-06-06T10:46:04.672] [DEBUG] [calypso-direct] [DATA_IN] AWS=2.1kt AWA=335° Batt=100% Temp=0°C
[2026-06-06T10:46:05.062] [WARNING] [calypso-direct] [TIMING] Large gap: 390ms (expected ~125ms at 8Hz) AWS=2.1kt
[2026-06-06T10:46:05.063] [DEBUG] [calypso-direct] [DATA_IN] AWS=2.1kt AWA=335° Batt=100% Temp=0°C
[2026-06-06T10:46:05.065] [DEBUG] [calypso-direct] [DATA_IN] AWS=2.3kt AWA=336° Batt=100% Temp=0°C
[2026-06-06T10:46:05.647] [WARNING] [calypso-direct] [TIMING] Large gap: 582ms (expected ~125ms at 8Hz) AWS=2.3kt
[2026-06-06T10:46:05.648] [DEBUG] [calypso-direct] [DATA_IN] AWS=2.3kt AWA=336° Batt=100% Temp=0°C
[2026-06-06T10:46:05.649] [DEBUG] [calypso-direct] [DATA_IN] AWS=2.5kt AWA=12° Batt=100% Temp=0°C
[2026-06-06T10:46:06.038] [WARNING] [calypso-direct] [TIMING] Large gap: 389ms (expected ~125ms at 8Hz) AWS=2.5kt
[2026-06-06T10:46:06.039] [DEBUG] [calypso-direct] [DATA_IN] AWS=2.5kt AWA=12° Batt=100% Temp=0°C
[2026-06-06T10:46:06.623] [WARNING] [calypso-direct] [TIMING] Large gap: 586ms (expected ~125ms at 8Hz) AWS=2.5kt
[2026-06-06T10:46:06.624] [DEBUG] [calypso-direct] [DATA_IN] AWS=2.5kt AWA=12° Batt=100% Temp=0°C
[2026-06-06T10:46:06.625] [DEBUG] [calypso-direct] [DATA_IN] AWS=2.5kt AWA=12° Batt=100% Temp=0°C
[2026-06-06T10:46:06.626] [DEBUG] [calypso-direct] [DATA_IN] AWS=2.5kt AWA=1° Batt=100% Temp=0°C
[2026-06-06T10:46:06.818] [DEBUG] [calypso-direct] [DATA_IN] AWS=2.5kt AWA=345° Batt=100% Temp=0°C
[2026-06-06T10:46:07.207] [WARNING] [calypso-direct] [TIMING] Large gap: 389ms (expected ~125ms at 8Hz) AWS=2.9kt
[2026-06-06T10:46:07.208] [DEBUG] [calypso-direct] [DATA_IN] AWS=2.9kt AWA=345° Batt=100% Temp=0°C
[2026-06-06T10:46:07.402] [DEBUG] [calypso-direct] [DATA_IN] AWS=2.9kt AWA=345° Batt=100% Temp=0°C
[2026-06-06T10:46:07.598] [DEBUG] [calypso-direct] [DATA_IN] AWS=2.9kt AWA=345° Batt=100% Temp=0°C
[2026-06-06T10:46:08.183] [WARNING] [calypso-direct] [TIMING] Large gap: 586ms (expected ~125ms at 8Hz) AWS=2.5kt
[2026-06-06T10:46:08.185] [DEBUG] [calypso-direct] [DATA_IN] AWS=2.5kt AWA=344° Batt=100% Temp=0°C
[2026-06-06T10:46:08.185] [DEBUG] [calypso-direct] [DATA_IN] AWS=2.5kt AWA=344° Batt=100% Temp=0°C
[2026-06-06T10:46:08.378] [DEBUG] [calypso-direct] [DATA_IN] AWS=2.1kt AWA=344° Batt=100% Temp=0°C
[2026-06-06T10:46:08.574] [DEBUG] [calypso-direct] [DATA_IN] AWS=2.1kt AWA=344° Batt=100% Temp=0°C
[2026-06-06T10:46:09.353] [WARNING] [calypso-direct] [TIMING] Large gap: 779ms (expected ~125ms at 8Hz) AWS=2.1kt
[2026-06-06T10:46:09.353] [DEBUG] [calypso-direct] [DATA_IN] AWS=2.1kt AWA=344° Batt=100% Temp=0°C
[2026-06-06T10:46:09.356] [DEBUG] [calypso-direct] [DATA_IN] AWS=2.1kt AWA=344° Batt=100% Temp=0°C
[2026-06-06T10:46:09.359] [DEBUG] [calypso-direct] [DATA_IN] AWS=2.1kt AWA=352° Batt=100% Temp=0°C
[2026-06-06T10:46:09.548] [DEBUG] [calypso-direct] [DATA_IN] AWS=2.1kt AWA=352° Batt=100% Temp=0°C
[2026-06-06T10:46:09.938] [WARNING] [calypso-direct] [TIMING] Large gap: 390ms (expected ~125ms at 8Hz) AWS=2.1kt
[2026-06-06T10:46:09.939] [DEBUG] [calypso-direct] [DATA_IN] AWS=2.1kt AWA=352° Batt=100% Temp=0°C
[2026-06-06T10:46:10.133] [DEBUG] [calypso-direct] [DATA_IN] AWS=3.5kt AWA=351° Batt=100% Temp=0°C
[2026-06-06T10:46:10.328] [DEBUG] [calypso-direct] [DATA_IN] AWS=3.5kt AWA=352° Batt=100% Temp=0°C
[2026-06-06T10:46:11.108] [WARNING] [calypso-direct] [TIMING] Large gap: 780ms (expected ~125ms at 8Hz) AWS=3.5kt
[2026-06-06T10:46:11.108] [DEBUG] [calypso-direct] [DATA_IN] AWS=3.5kt AWA=356° Batt=100% Temp=0°C
[2026-06-06T10:46:11.110] [DEBUG] [calypso-direct] [DATA_IN] AWS=3.5kt AWA=357° Batt=100% Temp=0°C
[2026-06-06T10:46:11.111] [DEBUG] [calypso-direct] [DATA_IN] AWS=3.5kt AWA=357° Batt=100% Temp=0°C
[2026-06-06T10:46:11.303] [DEBUG] [calypso-direct] [DATA_IN] AWS=3.7kt AWA=357° Batt=100% Temp=0°C
[2026-06-06T10:46:11.888] [WARNING] [calypso-direct] [TIMING] Large gap: 585ms (expected ~125ms at 8Hz) AWS=3.7kt
[2026-06-06T10:46:11.888] [DEBUG] [calypso-direct] [DATA_IN] AWS=3.7kt AWA=357° Batt=100% Temp=0°C
[2026-06-06T10:46:11.891] [DEBUG] [calypso-direct] [DATA_IN] AWS=3.7kt AWA=338° Batt=100% Temp=0°C
[2026-06-06T10:46:12.279] [WARNING] [calypso-direct] [TIMING] Large gap: 387ms (expected ~125ms at 8Hz) AWS=3.7kt
[2026-06-06T10:46:12.279] [DEBUG] [calypso-direct] [DATA_IN] AWS=3.7kt AWA=338° Batt=100% Temp=0°C
[2026-06-06T10:46:12.473] [DEBUG] [calypso-direct] [DATA_IN] AWS=3.5kt AWA=338° Batt=100% Temp=0°C
[2026-06-06T10:46:12.668] [DEBUG] [calypso-direct] [DATA_IN] AWS=3.5kt AWA=338° Batt=100% Temp=0°C
[2026-06-06T10:46:12.863] [DEBUG] [calypso-direct] [DATA_IN] AWS=3.5kt AWA=338° Batt=100% Temp=0°C
[2026-06-06T10:46:13.253] [WARNING] [calypso-direct] [TIMING] Large gap: 390ms (expected ~125ms at 8Hz) AWS=3.5kt
[2026-06-06T10:46:13.254] [DEBUG] [calypso-direct] [DATA_IN] AWS=3.5kt AWA=342° Batt=100% Temp=0°C
[2026-06-06T10:46:13.839] [WARNING] [calypso-direct] [TIMING] Large gap: 587ms (expected ~125ms at 8Hz) AWS=3.3kt
[2026-06-06T10:46:13.840] [DEBUG] [calypso-direct] [DATA_IN] AWS=3.3kt AWA=342° Batt=100% Temp=0°C
[2026-06-06T10:46:13.844] [DEBUG] [calypso-direct] [DATA_IN] AWS=3.3kt AWA=342° Batt=100% Temp=0°C
[2026-06-06T10:46:14.033] [DEBUG] [calypso-direct] [DATA_IN] AWS=3.3kt AWA=343° Batt=100% Temp=0°C
[2026-06-06T10:46:14.228] [DEBUG] [calypso-direct] [DATA_IN] AWS=3.3kt AWA=1° Batt=100% Temp=0°C
[2026-06-06T10:46:14.423] [DEBUG] [calypso-direct] [DATA_IN] AWS=3.3kt AWA=1° Batt=100% Temp=0°C
[2026-06-06T10:46:14.618] [DEBUG] [calypso-direct] [DATA_IN] AWS=3.5kt AWA=1° Batt=100% Temp=0°C
[2026-06-06T10:46:14.813] [DEBUG] [calypso-direct] [DATA_IN] AWS=3.7kt AWA=348° Batt=100% Temp=0°C
[2026-06-06T10:46:15.203] [WARNING] [calypso-direct] [TIMING] Large gap: 390ms (expected ~125ms at 8Hz) AWS=3.7kt
[2026-06-06T10:46:15.203] [DEBUG] [calypso-direct] [DATA_IN] AWS=3.7kt AWA=348° Batt=100% Temp=0°C
[2026-06-06T10:46:15.398] [DEBUG] [calypso-direct] [DATA_IN] AWS=3.7kt AWA=348° Batt=100% Temp=0°C
[2026-06-06T10:46:15.594] [DEBUG] [calypso-direct] [DATA_IN] AWS=3.5kt AWA=344° Batt=100% Temp=0°C
[2026-06-06T10:46:15.984] [WARNING] [calypso-direct] [TIMING] Large gap: 390ms (expected ~125ms at 8Hz) AWS=3.5kt
[2026-06-06T10:46:15.985] [DEBUG] [calypso-direct] [DATA_IN] AWS=3.5kt AWA=344° Batt=100% Temp=0°C
[2026-06-06T10:46:16.764] [WARNING] [calypso-direct] [TIMING] Large gap: 779ms (expected ~125ms at 8Hz) AWS=3.5kt
[2026-06-06T10:46:16.765] [DEBUG] [calypso-direct] [DATA_IN] AWS=3.5kt AWA=344° Batt=100% Temp=0°C
[2026-06-06T10:46:16.766] [DEBUG] [calypso-direct] [DATA_IN] AWS=3.5kt AWA=344° Batt=100% Temp=0°C
[2026-06-06T10:46:16.767] [DEBUG] [calypso-direct] [DATA_IN] AWS=3.5kt AWA=344° Batt=100% Temp=0°C
[2026-06-06T10:46:16.958] [DEBUG] [calypso-direct] [DATA_IN] AWS=3.7kt AWA=11° Batt=100% Temp=0°C
[2026-06-06T10:46:17.153] [DEBUG] [calypso-direct] [DATA_IN] AWS=3.7kt AWA=10° Batt=100% Temp=0°C
[2026-06-06T10:46:17.348] [DEBUG] [calypso-direct] [DATA_IN] AWS=4.1kt AWA=10° Batt=100% Temp=0°C
[2026-06-06T10:46:17.738] [WARNING] [calypso-direct] [TIMING] Large gap: 390ms (expected ~125ms at 8Hz) AWS=4.1kt
[2026-06-06T10:46:17.738] [DEBUG] [calypso-direct] [DATA_IN] AWS=4.1kt AWA=10° Batt=100% Temp=0°C
[2026-06-06T10:46:18.128] [WARNING] [calypso-direct] [TIMING] Large gap: 390ms (expected ~125ms at 8Hz) AWS=4.1kt
[2026-06-06T10:46:18.128] [DEBUG] [calypso-direct] [DATA_IN] AWS=4.1kt AWA=10° Batt=100% Temp=0°C
[2026-06-06T10:46:18.323] [DEBUG] [calypso-direct] [DATA_IN] AWS=3.9kt AWA=346° Batt=100% Temp=0°C
[2026-06-06T10:46:18.324] [DEBUG] [calypso-direct] [DATA_IN] AWS=3.3kt AWA=346° Batt=100% Temp=0°C
[2026-06-06T10:46:18.713] [WARNING] [calypso-direct] [TIMING] Large gap: 390ms (expected ~125ms at 8Hz) AWS=2.9kt
[2026-06-06T10:46:18.714] [DEBUG] [calypso-direct] [DATA_IN] AWS=2.9kt AWA=346° Batt=100% Temp=0°C
[2026-06-06T10:46:19.104] [WARNING] [calypso-direct] [TIMING] Large gap: 391ms (expected ~125ms at 8Hz) AWS=2.7kt
[2026-06-06T10:46:19.105] [DEBUG] [calypso-direct] [DATA_IN] AWS=2.7kt AWA=0° Batt=100% Temp=0°C
[2026-06-06T10:46:19.109] [DEBUG] [calypso-direct] [DATA_IN] AWS=2.7kt AWA=0° Batt=100% Temp=0°C
[2026-06-06T10:46:19.494] [WARNING] [calypso-direct] [TIMING] Large gap: 386ms (expected ~125ms at 8Hz) AWS=2.7kt
[2026-06-06T10:46:19.495] [DEBUG] [calypso-direct] [DATA_IN] AWS=2.7kt AWA=0° Batt=100% Temp=0°C
[2026-06-06T10:46:19.691] [DEBUG] [calypso-direct] [DATA_IN] AWS=2.7kt AWA=0° Batt=100% Temp=0°C
[2026-06-06T10:46:19.885] [DEBUG] [calypso-direct] [DATA_IN] AWS=2.7kt AWA=350° Batt=100% Temp=0°C
[2026-06-06T10:46:20.079] [DEBUG] [calypso-direct] [DATA_IN] AWS=2.7kt AWA=350° Batt=100% Temp=0°C
[2026-06-06T10:46:20.469] [WARNING] [calypso-direct] [TIMING] Large gap: 390ms (expected ~125ms at 8Hz) AWS=2.9kt
[2026-06-06T10:46:20.470] [DEBUG] [calypso-direct] [DATA_IN] AWS=2.9kt AWA=350° Batt=100% Temp=0°C
[2026-06-06T10:46:20.664] [DEBUG] [calypso-direct] [DATA_IN] AWS=2.9kt AWA=337° Batt=100% Temp=0°C
[2026-06-06T10:46:20.860] [DEBUG] [calypso-direct] [DATA_IN] AWS=2.9kt AWA=337° Batt=100% Temp=0°C
[2026-06-06T10:46:21.054] [DEBUG] [calypso-direct] [DATA_IN] AWS=2.9kt AWA=337° Batt=100% Temp=0°C
[2026-06-06T10:46:21.835] [WARNING] [calypso-direct] [TIMING] Large gap: 780ms (expected ~125ms at 8Hz) AWS=2.9kt
[2026-06-06T10:46:21.837] [DEBUG] [calypso-direct] [DATA_IN] AWS=2.9kt AWA=337° Batt=100% Temp=0°C
[2026-06-06T10:46:21.839] [DEBUG] [calypso-direct] [DATA_IN] AWS=2.9kt AWA=0° Batt=100% Temp=0°C
[2026-06-06T10:46:21.841] [DEBUG] [calypso-direct] [DATA_IN] AWS=2.9kt AWA=0° Batt=100% Temp=0°C
[2026-06-06T10:46:22.419] [WARNING] [calypso-direct] [TIMING] Large gap: 579ms (expected ~125ms at 8Hz) AWS=2.9kt
[2026-06-06T10:46:22.419] [DEBUG] [calypso-direct] [DATA_IN] AWS=2.9kt AWA=5° Batt=100% Temp=0°C
[2026-06-06T10:46:22.420] [DEBUG] [calypso-direct] [DATA_IN] AWS=2.7kt AWA=357° Batt=100% Temp=0°C
[2026-06-06T10:46:22.613] [DEBUG] [calypso-direct] [DATA_IN] AWS=2.7kt AWA=357° Batt=100% Temp=0°C
[2026-06-06T10:46:22.808] [DEBUG] [calypso-direct] [DATA_IN] AWS=2.7kt AWA=357° Batt=100% Temp=0°C
[2026-06-06T10:46:23.393] [WARNING] [calypso-direct] [TIMING] Large gap: 585ms (expected ~125ms at 8Hz) AWS=2.7kt
[2026-06-06T10:46:23.394] [DEBUG] [calypso-direct] [DATA_IN] AWS=2.7kt AWA=340° Batt=100% Temp=0°C
[2026-06-06T10:46:23.979] [WARNING] [calypso-direct] [TIMING] Large gap: 585ms (expected ~125ms at 8Hz) AWS=2.7kt
[2026-06-06T10:46:23.979] [DEBUG] [calypso-direct] [DATA_IN] AWS=2.7kt AWA=340° Batt=100% Temp=0°C
[2026-06-06T10:46:23.980] [DEBUG] [calypso-direct] [DATA_IN] AWS=2.7kt AWA=340° Batt=100% Temp=0°C
[2026-06-06T10:46:23.982] [DEBUG] [calypso-direct] [DATA_IN] AWS=2.5kt AWA=340° Batt=100% Temp=0°C
[2026-06-06T10:46:24.173] [DEBUG] [calypso-direct] [DATA_IN] AWS=2.5kt AWA=340° Batt=100% Temp=0°C
[2026-06-06T10:46:24.368] [DEBUG] [calypso-direct] [DATA_IN] AWS=2.5kt AWA=340° Batt=100% Temp=0°C
[2026-06-06T10:46:24.758] [WARNING] [calypso-direct] [TIMING] Large gap: 390ms (expected ~125ms at 8Hz) AWS=2.5kt
[2026-06-06T10:46:24.759] [DEBUG] [calypso-direct] [DATA_IN] AWS=2.5kt AWA=340° Batt=100% Temp=0°C
[2026-06-06T10:46:24.954] [DEBUG] [calypso-direct] [DATA_IN] AWS=2.5kt AWA=340° Batt=100% Temp=0°C
[2026-06-06T10:46:25.343] [WARNING] [calypso-direct] [TIMING] Large gap: 389ms (expected ~125ms at 8Hz) AWS=2.9kt
[2026-06-06T10:46:25.344] [DEBUG] [calypso-direct] [DATA_IN] AWS=2.9kt AWA=340° Batt=100% Temp=0°C
[2026-06-06T10:46:25.346] [DEBUG] [calypso-direct] [DATA_IN] AWS=2.9kt AWA=340° Batt=100% Temp=0°C
[2026-06-06T10:46:25.733] [WARNING] [calypso-direct] [TIMING] Large gap: 388ms (expected ~125ms at 8Hz) AWS=2.5kt
[2026-06-06T10:46:25.734] [DEBUG] [calypso-direct] [DATA_IN] AWS=2.5kt AWA=336° Batt=100% Temp=0°C
[2026-06-06T10:46:25.928] [DEBUG] [calypso-direct] [DATA_IN] AWS=2.5kt AWA=337° Batt=100% Temp=0°C
[2026-06-06T10:46:26.123] [DEBUG] [calypso-direct] [DATA_IN] AWS=2.5kt AWA=336° Batt=100% Temp=0°C
[2026-06-06T10:46:26.318] [DEBUG] [calypso-direct] [DATA_IN] AWS=2.5kt AWA=337° Batt=100% Temp=0°C
[2026-06-06T10:46:26.709] [WARNING] [calypso-direct] [TIMING] Large gap: 391ms (expected ~125ms at 8Hz) AWS=2.5kt
[2026-06-06T10:46:26.710] [DEBUG] [calypso-direct] [DATA_IN] AWS=2.5kt AWA=337° Batt=100% Temp=0°C
[2026-06-06T10:46:26.903] [DEBUG] [calypso-direct] [DATA_IN] AWS=2.3kt AWA=4° Batt=100% Temp=0°C
[2026-06-06T10:46:27.293] [WARNING] [calypso-direct] [TIMING] Large gap: 390ms (expected ~125ms at 8Hz) AWS=2.3kt
[2026-06-06T10:46:27.294] [DEBUG] [calypso-direct] [DATA_IN] AWS=2.3kt AWA=4° Batt=100% Temp=0°C
[2026-06-06T10:46:27.490] [DEBUG] [calypso-direct] [DATA_IN] AWS=2.3kt AWA=3° Batt=100% Temp=0°C
[2026-06-06T10:46:27.880] [WARNING] [calypso-direct] [TIMING] Large gap: 390ms (expected ~125ms at 8Hz) AWS=2.3kt
[2026-06-06T10:46:27.880] [DEBUG] [calypso-direct] [DATA_IN] AWS=2.3kt AWA=3° Batt=100% Temp=0°C
[2026-06-06T10:46:27.881] [DEBUG] [calypso-direct] [DATA_IN] AWS=2.3kt AWA=3° Batt=100% Temp=0°C
[2026-06-06T10:46:28.268] [WARNING] [calypso-direct] [TIMING] Large gap: 387ms (expected ~125ms at 8Hz) AWS=2.3kt
[2026-06-06T10:46:28.269] [DEBUG] [calypso-direct] [DATA_IN] AWS=2.3kt AWA=1° Batt=100% Temp=0°C
[2026-06-06T10:46:28.463] [DEBUG] [calypso-direct] [DATA_IN] AWS=2.5kt AWA=1° Batt=100% Temp=0°C
[2026-06-06T10:46:28.658] [DEBUG] [calypso-direct] [DATA_IN] AWS=2.5kt AWA=358° Batt=100% Temp=0°C
[2026-06-06T10:46:29.634] [WARNING] [calypso-direct] [TIMING] Large gap: 976ms (expected ~125ms at 8Hz) AWS=2.5kt
[2026-06-06T10:46:29.634] [DEBUG] [calypso-direct] [DATA_IN] AWS=2.5kt AWA=358° Batt=100% Temp=0°C
[2026-06-06T10:46:29.637] [DEBUG] [calypso-direct] [DATA_IN] AWS=2.5kt AWA=358° Batt=100% Temp=0°C
[2026-06-06T10:46:29.639] [DEBUG] [calypso-direct] [DATA_IN] AWS=2.5kt AWA=343° Batt=100% Temp=0°C
[2026-06-06T10:46:29.640] [DEBUG] [calypso-direct] [DATA_IN] AWS=2.5kt AWA=343° Batt=100% Temp=0°C
[2026-06-06T10:46:29.831] [DEBUG] [calypso-direct] [DATA_IN] AWS=2.7kt AWA=343° Batt=100% Temp=0°C
[2026-06-06T10:46:30.219] [WARNING] [calypso-direct] [TIMING] Large gap: 388ms (expected ~125ms at 8Hz) AWS=2.5kt
[2026-06-06T10:46:30.219] [DEBUG] [calypso-direct] [DATA_IN] AWS=2.5kt AWA=343° Batt=100% Temp=0°C
[2026-06-06T10:46:30.413] [DEBUG] [calypso-direct] [DATA_IN] AWS=2.7kt AWA=0° Batt=100% Temp=0°C
[2026-06-06T10:46:30.806] [WARNING] [calypso-direct] [TIMING] Large gap: 393ms (expected ~125ms at 8Hz) AWS=2.7kt
[2026-06-06T10:46:30.807] [DEBUG] [calypso-direct] [DATA_IN] AWS=2.7kt AWA=1° Batt=100% Temp=0°C
[2026-06-06T10:46:30.808] [DEBUG] [calypso-direct] [DATA_IN] AWS=2.7kt AWA=1° Batt=100% Temp=0°C
[2026-06-06T10:46:31.194] [WARNING] [calypso-direct] [TIMING] Large gap: 386ms (expected ~125ms at 8Hz) AWS=2.5kt
[2026-06-06T10:46:31.194] [DEBUG] [calypso-direct] [DATA_IN] AWS=2.5kt AWA=1° Batt=100% Temp=0°C
[2026-06-06T10:46:31.389] [DEBUG] [calypso-direct] [DATA_IN] AWS=2.5kt AWA=4° Batt=100% Temp=0°C
[2026-06-06T10:46:31.583] [DEBUG] [calypso-direct] [DATA_IN] AWS=2.5kt AWA=3° Batt=100% Temp=0°C
[2026-06-06T10:46:31.973] [WARNING] [calypso-direct] [TIMING] Large gap: 390ms (expected ~125ms at 8Hz) AWS=2.1kt
[2026-06-06T10:46:31.974] [DEBUG] [calypso-direct] [DATA_IN] AWS=2.1kt AWA=338° Batt=100% Temp=0°C
[2026-06-06T10:46:32.558] [WARNING] [calypso-direct] [TIMING] Large gap: 585ms (expected ~125ms at 8Hz) AWS=2.1kt
[2026-06-06T10:46:32.559] [DEBUG] [calypso-direct] [DATA_IN] AWS=2.1kt AWA=338° Batt=100% Temp=0°C
[2026-06-06T10:46:32.562] [DEBUG] [calypso-direct] [DATA_IN] AWS=2.1kt AWA=337° Batt=100% Temp=0°C
[2026-06-06T10:46:32.564] [DEBUG] [calypso-direct] [DATA_IN] AWS=2.1kt AWA=337° Batt=100% Temp=0°C
[2026-06-06T10:46:32.952] [WARNING] [calypso-direct] [TIMING] Large gap: 388ms (expected ~125ms at 8Hz) AWS=2.5kt
[2026-06-06T10:46:32.953] [DEBUG] [calypso-direct] [DATA_IN] AWS=2.5kt AWA=337° Batt=100% Temp=0°C
[2026-06-06T10:46:33.144] [DEBUG] [calypso-direct] [DATA_IN] AWS=2.5kt AWA=349° Batt=100% Temp=0°C
[2026-06-06T10:46:33.338] [DEBUG] [calypso-direct] [DATA_IN] AWS=2.7kt AWA=349° Batt=100% Temp=0°C
[2026-06-06T10:46:33.923] [WARNING] [calypso-direct] [TIMING] Large gap: 585ms (expected ~125ms at 8Hz) AWS=2.7kt
[2026-06-06T10:46:33.924] [DEBUG] [calypso-direct] [DATA_IN] AWS=2.7kt AWA=349° Batt=100% Temp=0°C
[2026-06-06T10:46:33.926] [DEBUG] [calypso-direct] [DATA_IN] AWS=2.7kt AWA=349° Batt=100% Temp=0°C
[2026-06-06T10:46:34.119] [DEBUG] [calypso-direct] [DATA_IN] AWS=2.9kt AWA=349° Batt=100% Temp=0°C
[2026-06-06T10:46:34.509] [WARNING] [calypso-direct] [TIMING] Large gap: 390ms (expected ~125ms at 8Hz) AWS=2.9kt
[2026-06-06T10:46:34.509] [DEBUG] [calypso-direct] [DATA_IN] AWS=2.9kt AWA=347° Batt=100% Temp=0°C
[2026-06-06T10:46:34.899] [WARNING] [calypso-direct] [TIMING] Large gap: 390ms (expected ~125ms at 8Hz) AWS=2.7kt
[2026-06-06T10:46:34.899] [DEBUG] [calypso-direct] [DATA_IN] AWS=2.7kt AWA=347° Batt=100% Temp=0°C
[2026-06-06T10:46:35.484] [WARNING] [calypso-direct] [TIMING] Large gap: 585ms (expected ~125ms at 8Hz) AWS=2.7kt
[2026-06-06T10:46:35.484] [DEBUG] [calypso-direct] [DATA_IN] AWS=2.7kt AWA=347° Batt=100% Temp=0°C
[2026-06-06T10:46:35.488] [DEBUG] [calypso-direct] [DATA_IN] AWS=2.5kt AWA=347° Batt=100% Temp=0°C
[2026-06-06T10:46:35.489] [DEBUG] [calypso-direct] [DATA_IN] AWS=2.5kt AWA=0° Batt=100% Temp=0°C
[2026-06-06T10:46:35.679] [DEBUG] [calypso-direct] [DATA_IN] AWS=2.5kt AWA=0° Batt=100% Temp=0°C
[2026-06-06T10:46:35.874] [DEBUG] [calypso-direct] [DATA_IN] AWS=2.5kt AWA=344° Batt=100% Temp=0°C
[2026-06-06T10:46:36.264] [WARNING] [calypso-direct] [TIMING] Large gap: 390ms (expected ~125ms at 8Hz) AWS=2.5kt
[2026-06-06T10:46:36.264] [DEBUG] [calypso-direct] [DATA_IN] AWS=2.5kt AWA=344° Batt=100% Temp=0°C
[2026-06-06T10:46:36.459] [DEBUG] [calypso-direct] [DATA_IN] AWS=2.5kt AWA=344° Batt=100% Temp=0°C
[2026-06-06T10:46:36.849] [WARNING] [calypso-direct] [TIMING] Large gap: 390ms (expected ~125ms at 8Hz) AWS=2.3kt
[2026-06-06T10:46:36.849] [DEBUG] [calypso-direct] [DATA_IN] AWS=2.3kt AWA=344° Batt=100% Temp=0°C
[2026-06-06T10:46:36.851] [DEBUG] [calypso-direct] [DATA_IN] AWS=2.3kt AWA=0° Batt=100% Temp=0°C
[2026-06-06T10:46:37.238] [WARNING] [calypso-direct] [TIMING] Large gap: 387ms (expected ~125ms at 8Hz) AWS=2.3kt
[2026-06-06T10:46:37.239] [DEBUG] [calypso-direct] [DATA_IN] AWS=2.3kt AWA=0° Batt=100% Temp=0°C
[2026-06-06T10:46:37.629] [WARNING] [calypso-direct] [TIMING] Large gap: 391ms (expected ~125ms at 8Hz) AWS=2.3kt
[2026-06-06T10:46:37.630] [DEBUG] [calypso-direct] [DATA_IN] AWS=2.3kt AWA=0° Batt=100% Temp=0°C
[2026-06-06T10:46:37.631] [DEBUG] [calypso-direct] [DATA_IN] AWS=2.3kt AWA=1° Batt=100% Temp=0°C
[2026-06-06T10:46:37.824] [DEBUG] [calypso-direct] [DATA_IN] AWS=2.5kt AWA=1° Batt=100% Temp=0°C
[2026-06-06T10:46:38.217] [WARNING] [calypso-direct] [TIMING] Large gap: 393ms (expected ~125ms at 8Hz) AWS=2.5kt
[2026-06-06T10:46:38.218] [DEBUG] [calypso-direct] [DATA_IN] AWS=2.5kt AWA=350° Batt=100% Temp=0°C
[2026-06-06T10:46:38.409] [DEBUG] [calypso-direct] [DATA_IN] AWS=2.5kt AWA=0° Batt=100% Temp=0°C
[2026-06-06T10:46:38.607] [DEBUG] [calypso-direct] [DATA_IN] AWS=2.7kt AWA=0° Batt=100% Temp=0°C
[2026-06-06T10:46:38.799] [DEBUG] [calypso-direct] [DATA_IN] AWS=2.7kt AWA=350° Batt=100% Temp=0°C
[2026-06-06T10:46:39.189] [WARNING] [calypso-direct] [TIMING] Large gap: 390ms (expected ~125ms at 8Hz) AWS=2.7kt
[2026-06-06T10:46:39.189] [DEBUG] [calypso-direct] [DATA_IN] AWS=2.7kt AWA=0° Batt=100% Temp=0°C
[2026-06-06T10:46:39.384] [DEBUG] [calypso-direct] [DATA_IN] AWS=2.7kt AWA=0° Batt=100% Temp=0°C
[2026-06-06T10:46:39.774] [WARNING] [calypso-direct] [TIMING] Large gap: 390ms (expected ~125ms at 8Hz) AWS=2.7kt
[2026-06-06T10:46:39.774] [DEBUG] [calypso-direct] [DATA_IN] AWS=2.7kt AWA=343° Batt=100% Temp=0°C
[2026-06-06T10:46:39.969] [DEBUG] [calypso-direct] [DATA_IN] AWS=2.7kt AWA=343° Batt=100% Temp=0°C
[2026-06-06T10:46:40.164] [DEBUG] [calypso-direct] [DATA_IN] AWS=2.7kt AWA=343° Batt=100% Temp=0°C
[2026-06-06T10:46:40.361] [DEBUG] [calypso-direct] [DATA_IN] AWS=2.7kt AWA=343° Batt=100% Temp=0°C
[2026-06-06T10:46:40.944] [WARNING] [calypso-direct] [TIMING] Large gap: 583ms (expected ~125ms at 8Hz) AWS=2.9kt
[2026-06-06T10:46:40.944] [DEBUG] [calypso-direct] [DATA_IN] AWS=2.9kt AWA=338° Batt=100% Temp=0°C
[2026-06-06T10:46:41.139] [DEBUG] [calypso-direct] [DATA_IN] AWS=3.1kt AWA=337° Batt=100% Temp=0°C
[2026-06-06T10:46:41.140] [DEBUG] [calypso-direct] [DATA_IN] AWS=3.1kt AWA=336° Batt=100% Temp=0°C
[2026-06-06T10:46:41.334] [DEBUG] [calypso-direct] [DATA_IN] AWS=3.1kt AWA=336° Batt=100% Temp=0°C
[2026-06-06T10:46:41.724] [WARNING] [calypso-direct] [TIMING] Large gap: 390ms (expected ~125ms at 8Hz) AWS=2.9kt
[2026-06-06T10:46:41.724] [DEBUG] [calypso-direct] [DATA_IN] AWS=2.9kt AWA=335° Batt=100% Temp=0°C
[2026-06-06T10:46:42.504] [WARNING] [calypso-direct] [TIMING] Large gap: 780ms (expected ~125ms at 8Hz) AWS=2.9kt
[2026-06-06T10:46:42.504] [DEBUG] [calypso-direct] [DATA_IN] AWS=2.9kt AWA=338° Batt=100% Temp=0°C
[2026-06-06T10:46:42.505] [DEBUG] [calypso-direct] [DATA_IN] AWS=2.7kt AWA=338° Batt=100% Temp=0°C
[2026-06-06T10:46:42.699] [DEBUG] [calypso-direct] [DATA_IN] AWS=2.9kt AWA=339° Batt=100% Temp=0°C
[2026-06-06T10:46:42.701] [DEBUG] [calypso-direct] [DATA_IN] AWS=2.7kt AWA=338° Batt=100% Temp=0°C
[2026-06-06T10:46:42.894] [DEBUG] [calypso-direct] [DATA_IN] AWS=2.7kt AWA=338° Batt=100% Temp=0°C
[2026-06-06T10:46:43.284] [WARNING] [calypso-direct] [TIMING] Large gap: 390ms (expected ~125ms at 8Hz) AWS=2.7kt
[2026-06-06T10:46:43.284] [DEBUG] [calypso-direct] [DATA_IN] AWS=2.7kt AWA=328° Batt=100% Temp=0°C
[2026-06-06T10:46:44.064] [WARNING] [calypso-direct] [TIMING] Large gap: 780ms (expected ~125ms at 8Hz) AWS=2.7kt
[2026-06-06T10:46:44.064] [DEBUG] [calypso-direct] [DATA_IN] AWS=2.7kt AWA=328° Batt=100% Temp=0°C
[2026-06-06T10:46:44.259] [DEBUG] [calypso-direct] [DATA_IN] AWS=2.7kt AWA=327° Batt=100% Temp=0°C
[2026-06-06T10:46:44.261] [DEBUG] [calypso-direct] [DATA_IN] AWS=2.9kt AWA=326° Batt=100% Temp=0°C
[2026-06-06T10:46:44.262] [DEBUG] [calypso-direct] [DATA_IN] AWS=2.9kt AWA=326° Batt=100% Temp=0°C
[2026-06-06T10:46:44.455] [DEBUG] [calypso-direct] [DATA_IN] AWS=2.9kt AWA=331° Batt=100% Temp=0°C
[2026-06-06T10:46:45.235] [WARNING] [calypso-direct] [TIMING] Large gap: 780ms (expected ~125ms at 8Hz) AWS=2.9kt
[2026-06-06T10:46:45.235] [DEBUG] [calypso-direct] [DATA_IN] AWS=2.9kt AWA=333° Batt=100% Temp=0°C
[2026-06-06T10:46:45.238] [DEBUG] [calypso-direct] [DATA_IN] AWS=3.1kt AWA=334° Batt=100% Temp=0°C
[2026-06-06T10:46:45.239] [DEBUG] [calypso-direct] [DATA_IN] AWS=3.1kt AWA=334° Batt=100% Temp=0°C
[2026-06-06T10:46:45.430] [DEBUG] [calypso-direct] [DATA_IN] AWS=3.3kt AWA=334° Batt=100% Temp=0°C
[2026-06-06T10:46:45.625] [DEBUG] [calypso-direct] [DATA_IN] AWS=3.1kt AWA=341° Batt=100% Temp=0°C
[2026-06-06T10:46:45.819] [DEBUG] [calypso-direct] [DATA_IN] AWS=2.9kt AWA=341° Batt=100% Temp=0°C
[2026-06-06T10:46:46.209] [WARNING] [calypso-direct] [TIMING] Large gap: 390ms (expected ~125ms at 8Hz) AWS=2.9kt
[2026-06-06T10:46:46.210] [DEBUG] [calypso-direct] [DATA_IN] AWS=2.9kt AWA=342° Batt=100% Temp=0°C
[2026-06-06T10:46:46.405] [DEBUG] [calypso-direct] [DATA_IN] AWS=3.1kt AWA=342° Batt=100% Temp=0°C
[2026-06-06T10:46:46.989] [WARNING] [calypso-direct] [TIMING] Large gap: 584ms (expected ~125ms at 8Hz) AWS=3.1kt
[2026-06-06T10:46:46.989] [DEBUG] [calypso-direct] [DATA_IN] AWS=3.1kt AWA=342° Batt=100% Temp=0°C
[2026-06-06T10:46:46.991] [DEBUG] [calypso-direct] [DATA_IN] AWS=3.1kt AWA=346° Batt=100% Temp=0°C
[2026-06-06T10:46:47.184] [DEBUG] [calypso-direct] [DATA_IN] AWS=3.1kt AWA=345° Batt=100% Temp=0°C
[2026-06-06T10:46:47.379] [DEBUG] [calypso-direct] [DATA_IN] AWS=2.7kt AWA=345° Batt=100% Temp=0°C
[2026-06-06T10:46:47.574] [DEBUG] [calypso-direct] [DATA_IN] AWS=2.5kt AWA=345° Batt=100% Temp=0°C
[2026-06-06T10:46:47.964] [WARNING] [calypso-direct] [TIMING] Large gap: 390ms (expected ~125ms at 8Hz) AWS=2.5kt
[2026-06-06T10:46:47.965] [DEBUG] [calypso-direct] [DATA_IN] AWS=2.5kt AWA=345° Batt=100% Temp=0°C
[2026-06-06T10:46:48.159] [DEBUG] [calypso-direct] [DATA_IN] AWS=2.5kt AWA=336° Batt=100% Temp=0°C
[2026-06-06T10:46:48.354] [DEBUG] [calypso-direct] [DATA_IN] AWS=2.9kt AWA=336° Batt=100% Temp=0°C
[2026-06-06T10:46:48.550] [DEBUG] [calypso-direct] [DATA_IN] AWS=2.9kt AWA=336° Batt=100% Temp=0°C
[2026-06-06T10:46:48.939] [WARNING] [calypso-direct] [TIMING] Large gap: 390ms (expected ~125ms at 8Hz) AWS=2.9kt
[2026-06-06T10:46:48.940] [DEBUG] [calypso-direct] [DATA_IN] AWS=2.9kt AWA=336° Batt=100% Temp=0°C
[2026-06-06T10:46:49.135] [DEBUG] [calypso-direct] [DATA_IN] AWS=2.7kt AWA=336° Batt=100% Temp=0°C
[2026-06-06T10:46:49.329] [DEBUG] [calypso-direct] [DATA_IN] AWS=2.7kt AWA=331° Batt=100% Temp=0°C
[2026-06-06T10:46:49.720] [WARNING] [calypso-direct] [TIMING] Large gap: 390ms (expected ~125ms at 8Hz) AWS=2.7kt
[2026-06-06T10:46:49.720] [INFO] [calypso-direct] [RATE_1MIN] 241 pkts/min (expected 480 at 8Hz) max_gap=976ms gaps_>250ms=81
[2026-06-06T10:46:49.720] [DEBUG] [calypso-direct] [DATA_IN] AWS=2.7kt AWA=331° Batt=100% Temp=0°C
[2026-06-06T10:46:49.914] [DEBUG] [calypso-direct] [DATA_IN] AWS=3.5kt AWA=331° Batt=100% Temp=0°C
[2026-06-06T10:46:50.109] [DEBUG] [calypso-direct] [DATA_IN] AWS=3.5kt AWA=331° Batt=100% Temp=0°C
[2026-06-06T10:46:50.304] [DEBUG] [calypso-direct] [DATA_IN] AWS=3.7kt AWA=331° Batt=100% Temp=0°C
[2026-06-06T10:46:50.694] [WARNING] [calypso-direct] [TIMING] Large gap: 390ms (expected ~125ms at 8Hz) AWS=3.7kt
[2026-06-06T10:46:50.695] [DEBUG] [calypso-direct] [DATA_IN] AWS=3.7kt AWA=344° Batt=100% Temp=0°C
[2026-06-06T10:46:51.084] [WARNING] [calypso-direct] [TIMING] Large gap: 390ms (expected ~125ms at 8Hz) AWS=3.7kt
[2026-06-06T10:46:51.084] [DEBUG] [calypso-direct] [DATA_IN] AWS=3.7kt AWA=344° Batt=100% Temp=0°C
[2026-06-06T10:46:51.279] [DEBUG] [calypso-direct] [DATA_IN] AWS=4.1kt AWA=344° Batt=100% Temp=0°C
[2026-06-06T10:46:51.474] [DEBUG] [calypso-direct] [DATA_IN] AWS=4.1kt AWA=344° Batt=100% Temp=0°C
[2026-06-06T10:46:51.669] [DEBUG] [calypso-direct] [DATA_IN] AWS=4.1kt AWA=343° Batt=100% Temp=0°C
[2026-06-06T10:46:52.645] [WARNING] [calypso-direct] [TIMING] Large gap: 976ms (expected ~125ms at 8Hz) AWS=4.1kt
[2026-06-06T10:46:52.646] [DEBUG] [calypso-direct] [DATA_IN] AWS=4.1kt AWA=329° Batt=100% Temp=0°C
[2026-06-06T10:46:52.647] [DEBUG] [calypso-direct] [DATA_IN] AWS=4.5kt AWA=328° Batt=100% Temp=0°C
[2026-06-06T10:46:52.648] [DEBUG] [calypso-direct] [DATA_IN] AWS=3.9kt AWA=328° Batt=100% Temp=0°C
[2026-06-06T10:46:52.649] [DEBUG] [calypso-direct] [DATA_IN] AWS=3.9kt AWA=328° Batt=100% Temp=0°C
[2026-06-06T10:46:53.035] [WARNING] [calypso-direct] [TIMING] Large gap: 386ms (expected ~125ms at 8Hz) AWS=3.3kt
[2026-06-06T10:46:53.035] [DEBUG] [calypso-direct] [DATA_IN] AWS=3.3kt AWA=328° Batt=100% Temp=0°C
[2026-06-06T10:46:53.619] [WARNING] [calypso-direct] [TIMING] Large gap: 584ms (expected ~125ms at 8Hz) AWS=3.1kt
[2026-06-06T10:46:53.620] [DEBUG] [calypso-direct] [DATA_IN] AWS=3.1kt AWA=350° Batt=100% Temp=0°C
[2026-06-06T10:46:53.622] [DEBUG] [calypso-direct] [DATA_IN] AWS=2.7kt AWA=351° Batt=100% Temp=0°C
[2026-06-06T10:46:54.013] [WARNING] [calypso-direct] [TIMING] Large gap: 392ms (expected ~125ms at 8Hz) AWS=2.7kt
[2026-06-06T10:46:54.014] [DEBUG] [calypso-direct] [DATA_IN] AWS=2.7kt AWA=351° Batt=100% Temp=0°C
[2026-06-06T10:46:54.205] [DEBUG] [calypso-direct] [DATA_IN] AWS=2.7kt AWA=351° Batt=100% Temp=0°C
[2026-06-06T10:46:54.206] [DEBUG] [calypso-direct] [DATA_IN] AWS=2.7kt AWA=351° Batt=100% Temp=0°C
[2026-06-06T10:46:54.399] [DEBUG] [calypso-direct] [DATA_IN] AWS=2.7kt AWA=2° Batt=100% Temp=0°C
[2026-06-06T10:46:54.594] [DEBUG] [calypso-direct] [DATA_IN] AWS=2.7kt AWA=2° Batt=100% Temp=0°C
[2026-06-06T10:46:54.986] [WARNING] [calypso-direct] [TIMING] Large gap: 392ms (expected ~125ms at 8Hz) AWS=2.7kt
[2026-06-06T10:46:54.986] [DEBUG] [calypso-direct] [DATA_IN] AWS=2.7kt AWA=2° Batt=100% Temp=0°C
[2026-06-06T10:46:55.179] [DEBUG] [calypso-direct] [DATA_IN] AWS=3.3kt AWA=2° Batt=100% Temp=0°C
[2026-06-06T10:46:55.570] [WARNING] [calypso-direct] [TIMING] Large gap: 391ms (expected ~125ms at 8Hz) AWS=3.9kt
[2026-06-06T10:46:55.571] [DEBUG] [calypso-direct] [DATA_IN] AWS=3.9kt AWA=2° Batt=100% Temp=0°C
[2026-06-06T10:46:55.572] [DEBUG] [calypso-direct] [DATA_IN] AWS=3.9kt AWA=325° Batt=100% Temp=0°C
[2026-06-06T10:46:55.959] [WARNING] [calypso-direct] [TIMING] Large gap: 387ms (expected ~125ms at 8Hz) AWS=3.9kt
[2026-06-06T10:46:55.960] [DEBUG] [calypso-direct] [DATA_IN] AWS=3.9kt AWA=325° Batt=100% Temp=0°C
[2026-06-06T10:46:56.155] [DEBUG] [calypso-direct] [DATA_IN] AWS=3.5kt AWA=324° Batt=100% Temp=0°C
[2026-06-06T10:46:56.739] [WARNING] [calypso-direct] [TIMING] Large gap: 585ms (expected ~125ms at 8Hz) AWS=3.7kt
[2026-06-06T10:46:56.740] [DEBUG] [calypso-direct] [DATA_IN] AWS=3.7kt AWA=323° Batt=100% Temp=0°C
[2026-06-06T10:46:56.934] [DEBUG] [calypso-direct] [DATA_IN] AWS=3.5kt AWA=323° Batt=100% Temp=0°C
[2026-06-06T10:46:57.129] [DEBUG] [calypso-direct] [DATA_IN] AWS=3.5kt AWA=328° Batt=100% Temp=0°C
[2026-06-06T10:46:57.132] [DEBUG] [calypso-direct] [DATA_IN] AWS=3.1kt AWA=332° Batt=100% Temp=0°C
[2026-06-06T10:46:57.337] [DEBUG] [calypso-direct] [DATA_IN] AWS=3.1kt AWA=332° Batt=100% Temp=0°C
[2026-06-06T10:46:58.495] [WARNING] [calypso-direct] [TIMING] Large gap: 1158ms (expected ~125ms at 8Hz) AWS=3.1kt
[2026-06-06T10:46:58.495] [DEBUG] [calypso-direct] [DATA_IN] AWS=3.1kt AWA=332° Batt=100% Temp=0°C
[2026-06-06T10:46:58.496] [DEBUG] [calypso-direct] [DATA_IN] AWS=3.5kt AWA=332° Batt=100% Temp=0°C
[2026-06-06T10:46:58.497] [DEBUG] [calypso-direct] [DATA_IN] AWS=3.5kt AWA=338° Batt=100% Temp=0°C
[2026-06-06T10:46:58.501] [DEBUG] [calypso-direct] [DATA_IN] AWS=3.7kt AWA=338° Batt=100% Temp=0°C
[2026-06-06T10:46:58.690] [DEBUG] [calypso-direct] [DATA_IN] AWS=3.7kt AWA=338° Batt=100% Temp=0°C
[2026-06-06T10:46:58.884] [DEBUG] [calypso-direct] [DATA_IN] AWS=3.7kt AWA=336° Batt=100% Temp=0°C
[2026-06-06T10:46:59.470] [WARNING] [calypso-direct] [TIMING] Large gap: 586ms (expected ~125ms at 8Hz) AWS=4.7kt
[2026-06-06T10:46:59.470] [DEBUG] [calypso-direct] [DATA_IN] AWS=4.7kt AWA=336° Batt=100% Temp=0°C
[2026-06-06T10:46:59.473] [DEBUG] [calypso-direct] [DATA_IN] AWS=4.7kt AWA=315° Batt=100% Temp=0°C
[2026-06-06T10:46:59.860] [WARNING] [calypso-direct] [TIMING] Large gap: 387ms (expected ~125ms at 8Hz) AWS=5.1kt
[2026-06-06T10:46:59.860] [DEBUG] [calypso-direct] [DATA_IN] AWS=5.1kt AWA=314° Batt=100% Temp=0°C
[2026-06-06T10:46:59.861] [DEBUG] [calypso-direct] [DATA_IN] AWS=5.2kt AWA=314° Batt=100% Temp=0°C
[2026-06-06T10:47:00.055] [DEBUG] [calypso-direct] [DATA_IN] AWS=5.2kt AWA=312° Batt=100% Temp=0°C
[2026-06-06T10:47:01.420] [WARNING] [calypso-direct] [TIMING] Large gap: 1365ms (expected ~125ms at 8Hz) AWS=5.4kt
[2026-06-06T10:47:01.420] [DEBUG] [calypso-direct] [DATA_IN] AWS=5.4kt AWA=312° Batt=100% Temp=0°C
[2026-06-06T10:47:01.421] [DEBUG] [calypso-direct] [DATA_IN] AWS=5.4kt AWA=314° Batt=100% Temp=0°C
[2026-06-06T10:47:01.424] [DEBUG] [calypso-direct] [DATA_IN] AWS=5.4kt AWA=316° Batt=100% Temp=0°C
[2026-06-06T10:47:01.426] [DEBUG] [calypso-direct] [DATA_IN] AWS=4.9kt AWA=316° Batt=100% Temp=0°C
[2026-06-06T10:47:01.426] [DEBUG] [calypso-direct] [DATA_IN] AWS=4.7kt AWA=316° Batt=100% Temp=0°C
[2026-06-06T10:47:01.615] [DEBUG] [calypso-direct] [DATA_IN] AWS=4.1kt AWA=316° Batt=100% Temp=0°C
[2026-06-06T10:47:01.810] [DEBUG] [calypso-direct] [DATA_IN] AWS=4.1kt AWA=311° Batt=100% Temp=0°C
[2026-06-06T10:47:02.786] [WARNING] [calypso-direct] [TIMING] Large gap: 976ms (expected ~125ms at 8Hz) AWS=4.1kt
[2026-06-06T10:47:02.786] [DEBUG] [calypso-direct] [DATA_IN] AWS=4.1kt AWA=311° Batt=100% Temp=0°C
[2026-06-06T10:47:02.787] [DEBUG] [calypso-direct] [DATA_IN] AWS=4.1kt AWA=311° Batt=100% Temp=0°C
[2026-06-06T10:47:02.789] [DEBUG] [calypso-direct] [DATA_IN] AWS=4.3kt AWA=311° Batt=100% Temp=0°C
[2026-06-06T10:47:02.980] [DEBUG] [calypso-direct] [DATA_IN] AWS=4.5kt AWA=310° Batt=100% Temp=0°C
[2026-06-06T10:47:03.175] [DEBUG] [calypso-direct] [DATA_IN] AWS=4.3kt AWA=316° Batt=100% Temp=0°C
[2026-06-06T10:47:03.955] [WARNING] [calypso-direct] [TIMING] Large gap: 780ms (expected ~125ms at 8Hz) AWS=4.5kt
[2026-06-06T10:47:03.955] [DEBUG] [calypso-direct] [DATA_IN] AWS=4.5kt AWA=317° Batt=100% Temp=0°C
[2026-06-06T10:47:03.958] [DEBUG] [calypso-direct] [DATA_IN] AWS=4.5kt AWA=316° Batt=100% Temp=0°C
[2026-06-06T10:47:04.150] [DEBUG] [calypso-direct] [DATA_IN] AWS=4.3kt AWA=317° Batt=100% Temp=0°C
[2026-06-06T10:47:04.153] [DEBUG] [calypso-direct] [DATA_IN] AWS=4.3kt AWA=319° Batt=100% Temp=0°C
[2026-06-06T10:47:04.346] [DEBUG] [calypso-direct] [DATA_IN] AWS=4.1kt AWA=323° Batt=100% Temp=0°C
[2026-06-06T10:47:04.735] [WARNING] [calypso-direct] [TIMING] Large gap: 388ms (expected ~125ms at 8Hz) AWS=4.1kt
[2026-06-06T10:47:04.735] [DEBUG] [calypso-direct] [DATA_IN] AWS=4.1kt AWA=323° Batt=100% Temp=0°C
[2026-06-06T10:47:04.930] [DEBUG] [calypso-direct] [DATA_IN] AWS=4.3kt AWA=323° Batt=100% Temp=0°C
[2026-06-06T10:47:05.710] [WARNING] [calypso-direct] [TIMING] Large gap: 780ms (expected ~125ms at 8Hz) AWS=4.1kt
[2026-06-06T10:47:05.711] [DEBUG] [calypso-direct] [DATA_IN] AWS=4.1kt AWA=320° Batt=100% Temp=0°C
[2026-06-06T10:47:05.713] [DEBUG] [calypso-direct] [DATA_IN] AWS=4.7kt AWA=318° Batt=100% Temp=0°C
[2026-06-06T10:47:05.905] [DEBUG] [calypso-direct] [DATA_IN] AWS=4.7kt AWA=310° Batt=100% Temp=0°C
[2026-06-06T10:47:06.880] [WARNING] [calypso-direct] [TIMING] Large gap: 975ms (expected ~125ms at 8Hz) AWS=6.4kt
[2026-06-06T10:47:06.880] [DEBUG] [calypso-direct] [DATA_IN] AWS=6.4kt AWA=310° Batt=100% Temp=0°C
[2026-06-06T10:47:07.075] [DEBUG] [calypso-direct] [DATA_IN] AWS=6.4kt AWA=311° Batt=100% Temp=0°C
[2026-06-06T10:47:07.078] [DEBUG] [calypso-direct] [DATA_IN] AWS=6.4kt AWA=311° Batt=100% Temp=0°C
[2026-06-06T10:47:07.270] [DEBUG] [calypso-direct] [DATA_IN] AWS=6.0kt AWA=313° Batt=100% Temp=0°C
[2026-06-06T10:47:07.271] [DEBUG] [calypso-direct] [DATA_IN] AWS=5.4kt AWA=315° Batt=100% Temp=0°C
[2026-06-06T10:47:07.273] [DEBUG] [calypso-direct] [DATA_IN] AWS=5.1kt AWA=315° Batt=100% Temp=0°C
[2026-06-06T10:47:07.465] [DEBUG] [calypso-direct] [DATA_IN] AWS=5.1kt AWA=314° Batt=100% Temp=0°C
[2026-06-06T10:47:07.660] [DEBUG] [calypso-direct] [DATA_IN] AWS=4.9kt AWA=314° Batt=100% Temp=0°C
[2026-06-06T10:47:08.050] [WARNING] [calypso-direct] [TIMING] Large gap: 390ms (expected ~125ms at 8Hz) AWS=4.3kt
[2026-06-06T10:47:08.050] [DEBUG] [calypso-direct] [DATA_IN] AWS=4.3kt AWA=314° Batt=100% Temp=0°C
[2026-06-06T10:47:08.245] [DEBUG] [calypso-direct] [DATA_IN] AWS=4.3kt AWA=316° Batt=100% Temp=0°C
[2026-06-06T10:47:08.635] [WARNING] [calypso-direct] [TIMING] Large gap: 390ms (expected ~125ms at 8Hz) AWS=4.7kt
[2026-06-06T10:47:08.635] [DEBUG] [calypso-direct] [DATA_IN] AWS=4.7kt AWA=316° Batt=100% Temp=0°C
[2026-06-06T10:47:08.638] [DEBUG] [calypso-direct] [DATA_IN] AWS=4.5kt AWA=316° Batt=100% Temp=0°C
[2026-06-06T10:47:08.830] [DEBUG] [calypso-direct] [DATA_IN] AWS=4.5kt AWA=316° Batt=100% Temp=0°C
[2026-06-06T10:47:09.220] [WARNING] [calypso-direct] [TIMING] Large gap: 390ms (expected ~125ms at 8Hz) AWS=4.7kt
[2026-06-06T10:47:09.221] [DEBUG] [calypso-direct] [DATA_IN] AWS=4.7kt AWA=316° Batt=100% Temp=0°C
[2026-06-06T10:47:09.611] [WARNING] [calypso-direct] [TIMING] Large gap: 391ms (expected ~125ms at 8Hz) AWS=4.9kt
[2026-06-06T10:47:09.612] [DEBUG] [calypso-direct] [DATA_IN] AWS=4.9kt AWA=314° Batt=100% Temp=0°C
[2026-06-06T10:47:09.615] [DEBUG] [calypso-direct] [DATA_IN] AWS=5.1kt AWA=314° Batt=100% Temp=0°C
[2026-06-06T10:47:10.002] [WARNING] [calypso-direct] [TIMING] Large gap: 387ms (expected ~125ms at 8Hz) AWS=5.2kt
[2026-06-06T10:47:10.003] [DEBUG] [calypso-direct] [DATA_IN] AWS=5.2kt AWA=312° Batt=100% Temp=0°C
[2026-06-06T10:47:10.197] [DEBUG] [calypso-direct] [DATA_IN] AWS=5.2kt AWA=310° Batt=100% Temp=0°C
[2026-06-06T10:47:10.393] [DEBUG] [calypso-direct] [DATA_IN] AWS=5.2kt AWA=310° Batt=100% Temp=0°C
[2026-06-06T10:47:10.586] [DEBUG] [calypso-direct] [DATA_IN] AWS=4.5kt AWA=311° Batt=100% Temp=0°C
[2026-06-06T10:47:10.975] [WARNING] [calypso-direct] [TIMING] Large gap: 389ms (expected ~125ms at 8Hz) AWS=4.5kt
[2026-06-06T10:47:10.975] [DEBUG] [calypso-direct] [DATA_IN] AWS=4.5kt AWA=313° Batt=100% Temp=0°C
[2026-06-06T10:47:11.170] [DEBUG] [calypso-direct] [DATA_IN] AWS=4.5kt AWA=313° Batt=100% Temp=0°C
[2026-06-06T10:47:11.365] [DEBUG] [calypso-direct] [DATA_IN] AWS=4.5kt AWA=314° Batt=100% Temp=0°C
[2026-06-06T10:47:11.560] [DEBUG] [calypso-direct] [DATA_IN] AWS=4.5kt AWA=314° Batt=100% Temp=0°C
[2026-06-06T10:47:11.950] [WARNING] [calypso-direct] [TIMING] Large gap: 390ms (expected ~125ms at 8Hz) AWS=4.5kt
[2026-06-06T10:47:11.950] [DEBUG] [calypso-direct] [DATA_IN] AWS=4.5kt AWA=318° Batt=100% Temp=0°C
[2026-06-06T10:47:12.730] [WARNING] [calypso-direct] [TIMING] Large gap: 780ms (expected ~125ms at 8Hz) AWS=4.7kt
[2026-06-06T10:47:12.731] [DEBUG] [calypso-direct] [DATA_IN] AWS=4.7kt AWA=320° Batt=100% Temp=0°C
[2026-06-06T10:47:12.732] [DEBUG] [calypso-direct] [DATA_IN] AWS=4.7kt AWA=320° Batt=100% Temp=0°C
[2026-06-06T10:47:12.926] [DEBUG] [calypso-direct] [DATA_IN] AWS=4.7kt AWA=318° Batt=100% Temp=0°C
[2026-06-06T10:47:12.930] [DEBUG] [calypso-direct] [DATA_IN] AWS=4.9kt AWA=318° Batt=100% Temp=0°C
[2026-06-06T10:47:13.120] [DEBUG] [calypso-direct] [DATA_IN] AWS=4.9kt AWA=316° Batt=100% Temp=0°C
[2026-06-06T10:47:13.315] [DEBUG] [calypso-direct] [DATA_IN] AWS=4.7kt AWA=316° Batt=100% Temp=0°C
[2026-06-06T10:47:13.901] [WARNING] [calypso-direct] [TIMING] Large gap: 586ms (expected ~125ms at 8Hz) AWS=4.7kt
[2026-06-06T10:47:13.901] [DEBUG] [calypso-direct] [DATA_IN] AWS=4.7kt AWA=317° Batt=100% Temp=0°C
[2026-06-06T10:47:13.903] [DEBUG] [calypso-direct] [DATA_IN] AWS=4.7kt AWA=317° Batt=100% Temp=0°C
[2026-06-06T10:47:14.290] [WARNING] [calypso-direct] [TIMING] Large gap: 387ms (expected ~125ms at 8Hz) AWS=4.7kt
[2026-06-06T10:47:14.290] [DEBUG] [calypso-direct] [DATA_IN] AWS=4.7kt AWA=317° Batt=100% Temp=0°C
[2026-06-06T10:47:14.485] [DEBUG] [calypso-direct] [DATA_IN] AWS=4.7kt AWA=329° Batt=100% Temp=0°C
[2026-06-06T10:47:14.680] [DEBUG] [calypso-direct] [DATA_IN] AWS=4.9kt AWA=329° Batt=100% Temp=0°C
[2026-06-06T10:47:14.875] [DEBUG] [calypso-direct] [DATA_IN] AWS=5.1kt AWA=330° Batt=100% Temp=0°C
[2026-06-06T10:47:15.854] [WARNING] [calypso-direct] [TIMING] Large gap: 979ms (expected ~125ms at 8Hz) AWS=5.1kt
[2026-06-06T10:47:15.855] [DEBUG] [calypso-direct] [DATA_IN] AWS=5.1kt AWA=330° Batt=100% Temp=0°C
[2026-06-06T10:47:15.856] [DEBUG] [calypso-direct] [DATA_IN] AWS=5.4kt AWA=330° Batt=100% Temp=0°C
[2026-06-06T10:47:15.857] [DEBUG] [calypso-direct] [DATA_IN] AWS=5.4kt AWA=316° Batt=100% Temp=0°C
[2026-06-06T10:47:15.860] [DEBUG] [calypso-direct] [DATA_IN] AWS=5.4kt AWA=316° Batt=100% Temp=0°C
[2026-06-06T10:47:16.240] [WARNING] [calypso-direct] [TIMING] Large gap: 380ms (expected ~125ms at 8Hz) AWS=5.4kt
[2026-06-06T10:47:16.241] [DEBUG] [calypso-direct] [DATA_IN] AWS=5.4kt AWA=315° Batt=100% Temp=0°C
[2026-06-06T10:47:16.435] [DEBUG] [calypso-direct] [DATA_IN] AWS=5.2kt AWA=315° Batt=100% Temp=0°C
[2026-06-06T10:47:16.630] [DEBUG] [calypso-direct] [DATA_IN] AWS=4.7kt AWA=316° Batt=100% Temp=0°C
[2026-06-06T10:47:17.215] [WARNING] [calypso-direct] [TIMING] Large gap: 585ms (expected ~125ms at 8Hz) AWS=4.7kt
[2026-06-06T10:47:17.216] [DEBUG] [calypso-direct] [DATA_IN] AWS=4.7kt AWA=319° Batt=100% Temp=0°C
[2026-06-06T10:47:17.217] [DEBUG] [calypso-direct] [DATA_IN] AWS=4.1kt AWA=321° Batt=100% Temp=0°C
[2026-06-06T10:47:17.411] [DEBUG] [calypso-direct] [DATA_IN] AWS=3.5kt AWA=323° Batt=100% Temp=0°C
[2026-06-06T10:47:17.606] [DEBUG] [calypso-direct] [DATA_IN] AWS=3.1kt AWA=323° Batt=100% Temp=0°C
[2026-06-06T10:47:17.801] [DEBUG] [calypso-direct] [DATA_IN] AWS=3.5kt AWA=323° Batt=100% Temp=0°C
