{
  "accel_offset": [
    0.011059650886963696,
    -0.038854617883663366,
    0.03274062757838281
  ],
  "gyro_offset": [
    0.0,
    0.0,
    0.0
  ],
  "angle_offset": [
    -2.1617685450185644,
    -0.619639783802599,
    69.993896484375
  ],
  "timestamp": "2026-04-22T14:45:09Z",
  "samples": 300,
  "constraints": {
    "roll": 0,
    "pitch": 0,
    "yaw": 0,
    "accel_x": 0,
    "accel_y": 0,
    "accel_z": 1
  }
}