[2026-05-29T11:58:40] [INFO] [calypso-direct] [STARTUP] Singleton acquired (PID 194210)
[2026-05-29T11:58:40] [INFO] [calypso-direct] [STARTUP] ============================================================
[2026-05-29T11:58:40] [INFO] [calypso-direct] [STARTUP] calypso_direct — Calypso UP10 BLE Driver
[2026-05-29T11:58:40] [INFO] [calypso-direct] [STARTUP] MAC=F8:5F:12:9D:D2:EE Rate=4Hz SK=UDP:4123
[2026-05-29T11:58:40] [INFO] [calypso-direct] [STARTUP] Timeout=60s L2_threshold=5
[2026-05-29T11:58:40] [INFO] [calypso-direct] [STARTUP] ============================================================
[2026-05-29T11:58:40] [INFO] [calypso-direct] [BLE_SCAN] Connecting to Calypso F8:5F:12:9D:D2:EE...
[2026-05-29T11:59:00] [ERROR] [calypso-direct] [ERROR] BLE error (L1 #1): Device with address F8:5F:12:9D:D2:EE was not found.
[2026-05-29T11:59:00] [INFO] [calypso-direct] [BLE_SCAN] Reconnecting in 5s...
[2026-05-29T11:59:05] [INFO] [calypso-direct] [BLE_SCAN] Connecting to Calypso F8:5F:12:9D:D2:EE...
[2026-05-29T11:59:25] [ERROR] [calypso-direct] [ERROR] BLE error (L1 #2): [org.bluez.Error.Failed] No discovery started
[2026-05-29T11:59:26] [INFO] [calypso-direct] [STARTUP] Singleton acquired (PID 195037)
[2026-05-29T11:59:26] [INFO] [calypso-direct] [STARTUP] ============================================================
[2026-05-29T11:59:26] [INFO] [calypso-direct] [STARTUP] calypso_direct — Calypso UP10 BLE Driver
[2026-05-29T11:59:26] [INFO] [calypso-direct] [STARTUP] MAC=F8:5F:12:9D:D2:EE Rate=4Hz SK=UDP:4123
[2026-05-29T11:59:26] [INFO] [calypso-direct] [STARTUP] Timeout=60s L2_threshold=5
[2026-05-29T11:59:26] [INFO] [calypso-direct] [STARTUP] ============================================================
[2026-05-29T11:59:26] [INFO] [calypso-direct] [BLE_SCAN] Connecting to Calypso F8:5F:12:9D:D2:EE...
[2026-05-29T11:59:47] [ERROR] [calypso-direct] [ERROR] BLE error (L1 #1): Device with address F8:5F:12:9D:D2:EE was not found.
[2026-05-29T11:59:47] [INFO] [calypso-direct] [BLE_SCAN] Reconnecting in 5s...
[2026-05-29T11:59:52] [INFO] [calypso-direct] [BLE_SCAN] Connecting to Calypso F8:5F:12:9D:D2:EE...
[2026-05-29T12:00:12] [ERROR] [calypso-direct] [ERROR] BLE error (L1 #2): Device with address F8:5F:12:9D:D2:EE was not found.
[2026-05-29T12:00:12] [INFO] [calypso-direct] [BLE_SCAN] Reconnecting in 10s...
[2026-05-29T12:00:22] [INFO] [calypso-direct] [BLE_SCAN] Connecting to Calypso F8:5F:12:9D:D2:EE...
[2026-05-29T12:00:42] [ERROR] [calypso-direct] [ERROR] BLE error (L1 #3): Device with address F8:5F:12:9D:D2:EE was not found.
[2026-05-29T12:00:42] [INFO] [calypso-direct] [BLE_SCAN] Reconnecting in 20s...
[2026-05-29T12:01:02] [INFO] [calypso-direct] [BLE_SCAN] Connecting to Calypso F8:5F:12:9D:D2:EE...
[2026-05-29T12:01:22] [ERROR] [calypso-direct] [ERROR] BLE error (L1 #4): Device with address F8:5F:12:9D:D2:EE was not found.
[2026-05-29T12:01:22] [INFO] [calypso-direct] [BLE_SCAN] Reconnecting in 40s...
[2026-05-29T12:02:02] [INFO] [calypso-direct] [BLE_SCAN] Connecting to Calypso F8:5F:12:9D:D2:EE...
[2026-05-29T12:02:22] [ERROR] [calypso-direct] [ERROR] BLE error (L1 #5): Device with address F8:5F:12:9D:D2:EE was not found.
[2026-05-29T12:02:28] [INFO] [calypso-direct] [BLE_SCAN] Reconnecting in 5s...
[2026-05-29T12:02:33] [INFO] [calypso-direct] [BLE_SCAN] Connecting to Calypso F8:5F:12:9D:D2:EE...
[2026-05-29T12:02:54] [ERROR] [calypso-direct] [ERROR] BLE error (L1 #1): Device with address F8:5F:12:9D:D2:EE was not found.
[2026-05-29T12:02:54] [INFO] [calypso-direct] [BLE_SCAN] Reconnecting in 10s...
[2026-05-29T12:03:04] [INFO] [calypso-direct] [BLE_SCAN] Connecting to Calypso F8:5F:12:9D:D2:EE...
[2026-05-29T12:03:24] [ERROR] [calypso-direct] [ERROR] BLE error (L1 #2): Device with address F8:5F:12:9D:D2:EE was not found.
[2026-05-29T12:03:24] [INFO] [calypso-direct] [BLE_SCAN] Reconnecting in 20s...
[2026-05-29T12:03:44] [INFO] [calypso-direct] [BLE_SCAN] Connecting to Calypso F8:5F:12:9D:D2:EE...
[2026-05-29T12:04:04] [ERROR] [calypso-direct] [ERROR] BLE error (L1 #3): Device with address F8:5F:12:9D:D2:EE was not found.
[2026-05-29T12:04:04] [INFO] [calypso-direct] [BLE_SCAN] Reconnecting in 40s...
[2026-05-29T12:04:44] [INFO] [calypso-direct] [BLE_SCAN] Connecting to Calypso F8:5F:12:9D:D2:EE...
[2026-05-29T12:05:04] [ERROR] [calypso-direct] [ERROR] BLE error (L1 #4): Device with address F8:5F:12:9D:D2:EE was not found.
[2026-05-29T12:05:04] [INFO] [calypso-direct] [BLE_SCAN] Reconnecting in 60s...
[2026-05-29T12:06:04] [INFO] [calypso-direct] [BLE_SCAN] Connecting to Calypso F8:5F:12:9D:D2:EE...
[2026-05-29T12:06:24] [ERROR] [calypso-direct] [ERROR] BLE error (L1 #5): Device with address F8:5F:12:9D:D2:EE was not found.
[2026-05-29T12:06:30] [INFO] [calypso-direct] [BLE_SCAN] Reconnecting in 5s...
[2026-05-29T12:06:35] [INFO] [calypso-direct] [BLE_SCAN] Connecting to Calypso F8:5F:12:9D:D2:EE...
[2026-05-29T12:06:56] [ERROR] [calypso-direct] [ERROR] BLE error (L1 #1): Device with address F8:5F:12:9D:D2:EE was not found.
[2026-05-29T12:06:56] [INFO] [calypso-direct] [BLE_SCAN] Reconnecting in 10s...
[2026-05-29T12:07:06] [INFO] [calypso-direct] [BLE_SCAN] Connecting to Calypso F8:5F:12:9D:D2:EE...
[2026-05-29T12:07:26] [ERROR] [calypso-direct] [ERROR] BLE error (L1 #2): Device with address F8:5F:12:9D:D2:EE was not found.
[2026-05-29T12:07:26] [INFO] [calypso-direct] [BLE_SCAN] Reconnecting in 20s...
[2026-05-29T12:07:46] [INFO] [calypso-direct] [BLE_SCAN] Connecting to Calypso F8:5F:12:9D:D2:EE...
[2026-05-29T12:08:06] [ERROR] [calypso-direct] [ERROR] BLE error (L1 #3): Device with address F8:5F:12:9D:D2:EE was not found.
[2026-05-29T12:08:06] [INFO] [calypso-direct] [BLE_SCAN] Reconnecting in 40s...
[2026-05-29T12:08:46] [INFO] [calypso-direct] [BLE_SCAN] Connecting to Calypso F8:5F:12:9D:D2:EE...
[2026-05-29T12:09:06] [ERROR] [calypso-direct] [ERROR] BLE error (L1 #4): Device with address F8:5F:12:9D:D2:EE was not found.
[2026-05-29T12:09:06] [INFO] [calypso-direct] [BLE_SCAN] Reconnecting in 60s...
[2026-05-29T12:10:06] [INFO] [calypso-direct] [BLE_SCAN] Connecting to Calypso F8:5F:12:9D:D2:EE...
[2026-05-29T12:10:26] [ERROR] [calypso-direct] [ERROR] BLE error (L1 #5): Device with address F8:5F:12:9D:D2:EE was not found.
[2026-05-29T12:10:33] [INFO] [calypso-direct] [BLE_SCAN] Reconnecting in 5s...
[2026-05-29T12:10:38] [INFO] [calypso-direct] [BLE_SCAN] Connecting to Calypso F8:5F:12:9D:D2:EE...
[2026-05-29T12:10:58] [ERROR] [calypso-direct] [ERROR] BLE error (L1 #1): Device with address F8:5F:12:9D:D2:EE was not found.
[2026-05-29T12:10:58] [INFO] [calypso-direct] [BLE_SCAN] Reconnecting in 10s...
[2026-05-29T12:11:08] [INFO] [calypso-direct] [BLE_SCAN] Connecting to Calypso F8:5F:12:9D:D2:EE...
[2026-05-29T12:11:28] [ERROR] [calypso-direct] [ERROR] BLE error (L1 #2): Device with address F8:5F:12:9D:D2:EE was not found.
[2026-05-29T12:11:28] [INFO] [calypso-direct] [BLE_SCAN] Reconnecting in 20s...
[2026-05-29T12:11:48] [INFO] [calypso-direct] [BLE_SCAN] Connecting to Calypso F8:5F:12:9D:D2:EE...
[2026-05-29T12:12:08] [ERROR] [calypso-direct] [ERROR] BLE error (L1 #3): Device with address F8:5F:12:9D:D2:EE was not found.
[2026-05-29T12:12:08] [INFO] [calypso-direct] [BLE_SCAN] Reconnecting in 40s...
[2026-05-29T12:12:48] [INFO] [calypso-direct] [BLE_SCAN] Connecting to Calypso F8:5F:12:9D:D2:EE...
[2026-05-29T12:13:08] [ERROR] [calypso-direct] [ERROR] BLE error (L1 #4): Device with address F8:5F:12:9D:D2:EE was not found.
[2026-05-29T12:13:08] [INFO] [calypso-direct] [BLE_SCAN] Reconnecting in 60s...
[2026-05-29T12:14:21] [INFO] [calypso-direct] [STARTUP] Singleton acquired (PID 1216)
[2026-05-29T12:14:21] [INFO] [calypso-direct] [STARTUP] ============================================================
[2026-05-29T12:14:21] [INFO] [calypso-direct] [STARTUP] calypso_direct — Calypso UP10 BLE Driver
[2026-05-29T12:14:21] [INFO] [calypso-direct] [STARTUP] MAC=F8:5F:12:9D:D2:EE Rate=4Hz SK=UDP:4123
[2026-05-29T12:14:21] [INFO] [calypso-direct] [STARTUP] Timeout=60s L2_threshold=5
[2026-05-29T12:14:21] [INFO] [calypso-direct] [STARTUP] ============================================================
[2026-05-29T12:14:21] [INFO] [calypso-direct] [BLE_SCAN] Connecting to Calypso F8:5F:12:9D:D2:EE...
[2026-05-29T12:14:56] [ERROR] [calypso-direct] [ERROR] BLE error (L1 #1): Device with address F8:5F:12:9D:D2:EE was not found.
[2026-05-29T12:14:56] [INFO] [calypso-direct] [BLE_SCAN] Reconnecting in 5s...
[2026-05-29T12:15:01] [INFO] [calypso-direct] [BLE_SCAN] Connecting to Calypso F8:5F:12:9D:D2:EE...
[2026-05-29T12:15:21] [ERROR] [calypso-direct] [ERROR] BLE error (L1 #2): Device with address F8:5F:12:9D:D2:EE was not found.
[2026-05-29T12:15:21] [INFO] [calypso-direct] [BLE_SCAN] Reconnecting in 10s...
[2026-05-29T12:15:31] [INFO] [calypso-direct] [BLE_SCAN] Connecting to Calypso F8:5F:12:9D:D2:EE...
[2026-05-29T12:15:51] [ERROR] [calypso-direct] [ERROR] BLE error (L1 #3): Device with address F8:5F:12:9D:D2:EE was not found.
[2026-05-29T12:15:51] [INFO] [calypso-direct] [BLE_SCAN] Reconnecting in 20s...
[2026-05-29T12:16:11] [INFO] [calypso-direct] [BLE_SCAN] Connecting to Calypso F8:5F:12:9D:D2:EE...
[2026-05-29T12:16:31] [ERROR] [calypso-direct] [ERROR] BLE error (L1 #4): Device with address F8:5F:12:9D:D2:EE was not found.
[2026-05-29T12:16:31] [INFO] [calypso-direct] [BLE_SCAN] Reconnecting in 40s...
[2026-05-29T12:17:11] [INFO] [calypso-direct] [BLE_SCAN] Connecting to Calypso F8:5F:12:9D:D2:EE...
[2026-05-29T12:17:31] [ERROR] [calypso-direct] [ERROR] BLE error (L1 #5): Device with address F8:5F:12:9D:D2:EE was not found.
[2026-05-29T12:17:38] [INFO] [calypso-direct] [BLE_SCAN] Reconnecting in 5s...
[2026-05-29T12:17:43] [INFO] [calypso-direct] [BLE_SCAN] Connecting to Calypso F8:5F:12:9D:D2:EE...
[2026-05-29T12:18:03] [ERROR] [calypso-direct] [ERROR] BLE error (L1 #1): Device with address F8:5F:12:9D:D2:EE was not found.
[2026-05-29T12:18:03] [INFO] [calypso-direct] [BLE_SCAN] Reconnecting in 10s...
[2026-05-29T12:18:13] [INFO] [calypso-direct] [BLE_SCAN] Connecting to Calypso F8:5F:12:9D:D2:EE...
[2026-05-29T12:18:33] [ERROR] [calypso-direct] [ERROR] BLE error (L1 #2): Device with address F8:5F:12:9D:D2:EE was not found.
[2026-05-29T12:18:33] [INFO] [calypso-direct] [BLE_SCAN] Reconnecting in 20s...
[2026-05-29T12:18:53] [INFO] [calypso-direct] [BLE_SCAN] Connecting to Calypso F8:5F:12:9D:D2:EE...
[2026-05-29T12:19:13] [ERROR] [calypso-direct] [ERROR] BLE error (L1 #3): Device with address F8:5F:12:9D:D2:EE was not found.
[2026-05-29T12:19:13] [INFO] [calypso-direct] [BLE_SCAN] Reconnecting in 40s...
[2026-05-29T12:19:53] [INFO] [calypso-direct] [BLE_SCAN] Connecting to Calypso F8:5F:12:9D:D2:EE...
[2026-05-29T12:20:13] [ERROR] [calypso-direct] [ERROR] BLE error (L1 #4): Device with address F8:5F:12:9D:D2:EE was not found.
[2026-05-29T12:20:13] [INFO] [calypso-direct] [BLE_SCAN] Reconnecting in 60s...
[2026-05-29T12:21:13] [INFO] [calypso-direct] [BLE_SCAN] Connecting to Calypso F8:5F:12:9D:D2:EE...
[2026-05-29T12:21:33] [ERROR] [calypso-direct] [ERROR] BLE error (L1 #5): Device with address F8:5F:12:9D:D2:EE was not found.
[2026-05-29T12:21:39] [INFO] [calypso-direct] [BLE_SCAN] Reconnecting in 5s...
[2026-05-29T12:21:44] [INFO] [calypso-direct] [BLE_SCAN] Connecting to Calypso F8:5F:12:9D:D2:EE...
[2026-05-29T12:22:04] [ERROR] [calypso-direct] [ERROR] BLE error (L1 #1): Device with address F8:5F:12:9D:D2:EE was not found.
[2026-05-29T12:22:04] [INFO] [calypso-direct] [BLE_SCAN] Reconnecting in 10s...
[2026-05-29T12:22:14] [INFO] [calypso-direct] [BLE_SCAN] Connecting to Calypso F8:5F:12:9D:D2:EE...
[2026-05-29T12:22:34] [ERROR] [calypso-direct] [ERROR] BLE error (L1 #2): Device with address F8:5F:12:9D:D2:EE was not found.
[2026-05-29T12:22:34] [INFO] [calypso-direct] [BLE_SCAN] Reconnecting in 20s...
[2026-05-29T12:22:54] [INFO] [calypso-direct] [BLE_SCAN] Connecting to Calypso F8:5F:12:9D:D2:EE...
[2026-05-29T12:23:14] [ERROR] [calypso-direct] [ERROR] BLE error (L1 #3): Device with address F8:5F:12:9D:D2:EE was not found.
[2026-05-29T12:23:14] [INFO] [calypso-direct] [BLE_SCAN] Reconnecting in 40s...
[2026-05-29T12:23:54] [INFO] [calypso-direct] [BLE_SCAN] Connecting to Calypso F8:5F:12:9D:D2:EE...
[2026-05-29T12:24:15] [ERROR] [calypso-direct] [ERROR] BLE error (L1 #4): Device with address F8:5F:12:9D:D2:EE was not found.
[2026-05-29T12:24:15] [INFO] [calypso-direct] [BLE_SCAN] Reconnecting in 60s...
[2026-05-29T12:25:15] [INFO] [calypso-direct] [BLE_SCAN] Connecting to Calypso F8:5F:12:9D:D2:EE...
[2026-05-29T12:25:35] [ERROR] [calypso-direct] [ERROR] BLE error (L1 #5): Device with address F8:5F:12:9D:D2:EE was not found.
[2026-05-29T12:25:41] [INFO] [calypso-direct] [BLE_SCAN] Reconnecting in 5s...
[2026-05-29T12:25:46] [INFO] [calypso-direct] [BLE_SCAN] Connecting to Calypso F8:5F:12:9D:D2:EE...
[2026-05-29T12:26:06] [ERROR] [calypso-direct] [ERROR] BLE error (L1 #1): Device with address F8:5F:12:9D:D2:EE was not found.
[2026-05-29T12:26:06] [INFO] [calypso-direct] [BLE_SCAN] Reconnecting in 10s...
[2026-05-29T12:26:16] [INFO] [calypso-direct] [BLE_SCAN] Connecting to Calypso F8:5F:12:9D:D2:EE...
[2026-05-29T12:26:36] [ERROR] [calypso-direct] [ERROR] BLE error (L1 #2): Device with address F8:5F:12:9D:D2:EE was not found.
[2026-05-29T12:26:36] [INFO] [calypso-direct] [BLE_SCAN] Reconnecting in 20s...
[2026-05-29T12:26:56] [INFO] [calypso-direct] [BLE_SCAN] Connecting to Calypso F8:5F:12:9D:D2:EE...
[2026-05-29T12:27:17] [ERROR] [calypso-direct] [ERROR] BLE error (L1 #3): Device with address F8:5F:12:9D:D2:EE was not found.
[2026-05-29T12:27:17] [INFO] [calypso-direct] [BLE_SCAN] Reconnecting in 40s...
[2026-05-29T12:27:57] [INFO] [calypso-direct] [BLE_SCAN] Connecting to Calypso F8:5F:12:9D:D2:EE...
[2026-05-29T12:28:17] [ERROR] [calypso-direct] [ERROR] BLE error (L1 #4): Device with address F8:5F:12:9D:D2:EE was not found.
[2026-05-29T12:28:17] [INFO] [calypso-direct] [BLE_SCAN] Reconnecting in 60s...
[2026-05-29T12:29:17] [INFO] [calypso-direct] [BLE_SCAN] Connecting to Calypso F8:5F:12:9D:D2:EE...
[2026-05-29T12:29:37] [ERROR] [calypso-direct] [ERROR] BLE error (L1 #5): Device with address F8:5F:12:9D:D2:EE was not found.
[2026-05-29T12:29:43] [INFO] [calypso-direct] [BLE_SCAN] Reconnecting in 5s...
[2026-05-29T12:29:48] [INFO] [calypso-direct] [BLE_SCAN] Connecting to Calypso F8:5F:12:9D:D2:EE...
[2026-05-29T12:30:08] [ERROR] [calypso-direct] [ERROR] BLE error (L1 #1): Device with address F8:5F:12:9D:D2:EE was not found.
[2026-05-29T12:30:08] [INFO] [calypso-direct] [BLE_SCAN] Reconnecting in 10s...
[2026-05-29T12:30:19] [INFO] [calypso-direct] [BLE_SCAN] Connecting to Calypso F8:5F:12:9D:D2:EE...
[2026-05-29T12:30:39] [ERROR] [calypso-direct] [ERROR] BLE error (L1 #2): Device with address F8:5F:12:9D:D2:EE was not found.
[2026-05-29T12:30:39] [INFO] [calypso-direct] [BLE_SCAN] Reconnecting in 20s...
[2026-05-29T12:30:59] [INFO] [calypso-direct] [BLE_SCAN] Connecting to Calypso F8:5F:12:9D:D2:EE...
[2026-05-29T12:31:19] [ERROR] [calypso-direct] [ERROR] BLE error (L1 #3): Device with address F8:5F:12:9D:D2:EE was not found.
[2026-05-29T12:31:19] [INFO] [calypso-direct] [BLE_SCAN] Reconnecting in 40s...
[2026-05-29T12:31:59] [INFO] [calypso-direct] [BLE_SCAN] Connecting to Calypso F8:5F:12:9D:D2:EE...
[2026-05-29T12:32:19] [ERROR] [calypso-direct] [ERROR] BLE error (L1 #4): Device with address F8:5F:12:9D:D2:EE was not found.
[2026-05-29T12:32:19] [INFO] [calypso-direct] [BLE_SCAN] Reconnecting in 60s...
[2026-05-29T12:33:19] [INFO] [calypso-direct] [BLE_SCAN] Connecting to Calypso F8:5F:12:9D:D2:EE...
[2026-05-29T12:33:39] [ERROR] [calypso-direct] [ERROR] BLE error (L1 #5): Device with address F8:5F:12:9D:D2:EE was not found.
[2026-05-29T12:33:45] [INFO] [calypso-direct] [BLE_SCAN] Reconnecting in 5s...
[2026-05-29T12:33:50] [INFO] [calypso-direct] [BLE_SCAN] Connecting to Calypso F8:5F:12:9D:D2:EE...
[2026-05-29T12:34:11] [ERROR] [calypso-direct] [ERROR] BLE error (L1 #1): Device with address F8:5F:12:9D:D2:EE was not found.
[2026-05-29T12:34:11] [INFO] [calypso-direct] [BLE_SCAN] Reconnecting in 10s...
[2026-05-29T12:34:21] [INFO] [calypso-direct] [BLE_SCAN] Connecting to Calypso F8:5F:12:9D:D2:EE...
[2026-05-29T12:34:41] [ERROR] [calypso-direct] [ERROR] BLE error (L1 #2): Device with address F8:5F:12:9D:D2:EE was not found.
[2026-05-29T12:34:41] [INFO] [calypso-direct] [BLE_SCAN] Reconnecting in 20s...
[2026-05-29T12:35:01] [INFO] [calypso-direct] [BLE_SCAN] Connecting to Calypso F8:5F:12:9D:D2:EE...
[2026-05-29T12:35:21] [ERROR] [calypso-direct] [ERROR] BLE error (L1 #3): Device with address F8:5F:12:9D:D2:EE was not found.
[2026-05-29T12:35:21] [INFO] [calypso-direct] [BLE_SCAN] Reconnecting in 40s...
[2026-05-29T12:36:01] [INFO] [calypso-direct] [BLE_SCAN] Connecting to Calypso F8:5F:12:9D:D2:EE...
[2026-05-29T12:36:21] [ERROR] [calypso-direct] [ERROR] BLE error (L1 #4): Device with address F8:5F:12:9D:D2:EE was not found.
[2026-05-29T12:36:21] [INFO] [calypso-direct] [BLE_SCAN] Reconnecting in 60s...
[2026-05-29T12:37:21] [INFO] [calypso-direct] [BLE_SCAN] Connecting to Calypso F8:5F:12:9D:D2:EE...
[2026-05-29T12:37:41] [ERROR] [calypso-direct] [ERROR] BLE error (L1 #5): Device with address F8:5F:12:9D:D2:EE was not found.
[2026-05-29T12:37:48] [INFO] [calypso-direct] [BLE_SCAN] Reconnecting in 5s...
[2026-05-29T12:37:53] [INFO] [calypso-direct] [BLE_SCAN] Connecting to Calypso F8:5F:12:9D:D2:EE...
[2026-05-29T12:38:13] [ERROR] [calypso-direct] [ERROR] BLE error (L1 #1): Device with address F8:5F:12:9D:D2:EE was not found.
[2026-05-29T12:38:13] [INFO] [calypso-direct] [BLE_SCAN] Reconnecting in 10s...
[2026-05-29T12:38:23] [INFO] [calypso-direct] [BLE_SCAN] Connecting to Calypso F8:5F:12:9D:D2:EE...
[2026-05-29T12:38:43] [ERROR] [calypso-direct] [ERROR] BLE error (L1 #2): Device with address F8:5F:12:9D:D2:EE was not found.
[2026-05-29T12:38:43] [INFO] [calypso-direct] [BLE_SCAN] Reconnecting in 20s...
[2026-05-29T12:39:03] [INFO] [calypso-direct] [BLE_SCAN] Connecting to Calypso F8:5F:12:9D:D2:EE...
[2026-05-29T12:39:23] [ERROR] [calypso-direct] [ERROR] BLE error (L1 #3): Device with address F8:5F:12:9D:D2:EE was not found.
[2026-05-29T12:39:23] [INFO] [calypso-direct] [BLE_SCAN] Reconnecting in 40s...
[2026-05-29T12:40:03] [INFO] [calypso-direct] [BLE_SCAN] Connecting to Calypso F8:5F:12:9D:D2:EE...
[2026-05-29T12:40:23] [ERROR] [calypso-direct] [ERROR] BLE error (L1 #4): Device with address F8:5F:12:9D:D2:EE was not found.
[2026-05-29T12:40:23] [INFO] [calypso-direct] [BLE_SCAN] Reconnecting in 60s...
[2026-05-29T12:41:23] [INFO] [calypso-direct] [BLE_SCAN] Connecting to Calypso F8:5F:12:9D:D2:EE...
[2026-05-29T12:41:43] [ERROR] [calypso-direct] [ERROR] BLE error (L1 #5): Device with address F8:5F:12:9D:D2:EE was not found.
[2026-05-29T12:41:50] [INFO] [calypso-direct] [BLE_SCAN] Reconnecting in 5s...
[2026-05-29T12:41:55] [INFO] [calypso-direct] [BLE_SCAN] Connecting to Calypso F8:5F:12:9D:D2:EE...
[2026-05-29T12:42:15] [ERROR] [calypso-direct] [ERROR] BLE error (L1 #1): Device with address F8:5F:12:9D:D2:EE was not found.
[2026-05-29T12:42:15] [INFO] [calypso-direct] [BLE_SCAN] Reconnecting in 10s...
[2026-05-29T12:42:25] [INFO] [calypso-direct] [BLE_SCAN] Connecting to Calypso F8:5F:12:9D:D2:EE...
[2026-05-29T12:42:45] [ERROR] [calypso-direct] [ERROR] BLE error (L1 #2): Device with address F8:5F:12:9D:D2:EE was not found.
[2026-05-29T12:42:45] [INFO] [calypso-direct] [BLE_SCAN] Reconnecting in 20s...
[2026-05-29T12:43:05] [INFO] [calypso-direct] [BLE_SCAN] Connecting to Calypso F8:5F:12:9D:D2:EE...
[2026-05-29T12:43:25] [ERROR] [calypso-direct] [ERROR] BLE error (L1 #3): Device with address F8:5F:12:9D:D2:EE was not found.
[2026-05-29T12:43:25] [INFO] [calypso-direct] [BLE_SCAN] Reconnecting in 40s...
[2026-05-29T12:44:05] [INFO] [calypso-direct] [BLE_SCAN] Connecting to Calypso F8:5F:12:9D:D2:EE...
[2026-05-29T12:44:25] [ERROR] [calypso-direct] [ERROR] BLE error (L1 #4): Device with address F8:5F:12:9D:D2:EE was not found.
[2026-05-29T12:44:25] [INFO] [calypso-direct] [BLE_SCAN] Reconnecting in 60s...
[2026-05-29T12:45:25] [INFO] [calypso-direct] [BLE_SCAN] Connecting to Calypso F8:5F:12:9D:D2:EE...
[2026-05-29T12:45:45] [ERROR] [calypso-direct] [ERROR] BLE error (L1 #5): Device with address F8:5F:12:9D:D2:EE was not found.
[2026-05-29T12:45:51] [INFO] [calypso-direct] [BLE_SCAN] Reconnecting in 5s...
[2026-05-29T12:45:56] [INFO] [calypso-direct] [BLE_SCAN] Connecting to Calypso F8:5F:12:9D:D2:EE...
[2026-05-29T12:46:16] [ERROR] [calypso-direct] [ERROR] BLE error (L1 #1): Device with address F8:5F:12:9D:D2:EE was not found.
[2026-05-29T12:46:16] [INFO] [calypso-direct] [BLE_SCAN] Reconnecting in 10s...
[2026-05-29T12:46:26] [INFO] [calypso-direct] [BLE_SCAN] Connecting to Calypso F8:5F:12:9D:D2:EE...
[2026-05-29T12:46:47] [ERROR] [calypso-direct] [ERROR] BLE error (L1 #2): Device with address F8:5F:12:9D:D2:EE was not found.
[2026-05-29T12:46:47] [INFO] [calypso-direct] [BLE_SCAN] Reconnecting in 20s...
[2026-05-29T12:47:07] [INFO] [calypso-direct] [BLE_SCAN] Connecting to Calypso F8:5F:12:9D:D2:EE...
[2026-05-29T12:47:27] [ERROR] [calypso-direct] [ERROR] BLE error (L1 #3): Device with address F8:5F:12:9D:D2:EE was not found.
[2026-05-29T12:47:27] [INFO] [calypso-direct] [BLE_SCAN] Reconnecting in 40s...
[2026-05-29T12:48:07] [INFO] [calypso-direct] [BLE_SCAN] Connecting to Calypso F8:5F:12:9D:D2:EE...
[2026-05-29T12:48:27] [ERROR] [calypso-direct] [ERROR] BLE error (L1 #4): Device with address F8:5F:12:9D:D2:EE was not found.
[2026-05-29T12:48:27] [INFO] [calypso-direct] [BLE_SCAN] Reconnecting in 60s...
[2026-05-29T12:49:27] [INFO] [calypso-direct] [BLE_SCAN] Connecting to Calypso F8:5F:12:9D:D2:EE...
[2026-05-29T12:49:47] [ERROR] [calypso-direct] [ERROR] BLE error (L1 #5): Device with address F8:5F:12:9D:D2:EE was not found.
[2026-05-29T12:49:53] [INFO] [calypso-direct] [BLE_SCAN] Reconnecting in 5s...
[2026-05-29T12:49:58] [INFO] [calypso-direct] [BLE_SCAN] Connecting to Calypso F8:5F:12:9D:D2:EE...
[2026-05-29T12:50:18] [ERROR] [calypso-direct] [ERROR] BLE error (L1 #1): Device with address F8:5F:12:9D:D2:EE was not found.
[2026-05-29T12:50:18] [INFO] [calypso-direct] [BLE_SCAN] Reconnecting in 10s...
[2026-05-29T12:50:28] [INFO] [calypso-direct] [BLE_SCAN] Connecting to Calypso F8:5F:12:9D:D2:EE...
[2026-05-29T12:50:48] [ERROR] [calypso-direct] [ERROR] BLE error (L1 #2): Device with address F8:5F:12:9D:D2:EE was not found.
[2026-05-29T12:50:48] [INFO] [calypso-direct] [BLE_SCAN] Reconnecting in 20s...
[2026-05-29T12:51:08] [INFO] [calypso-direct] [BLE_SCAN] Connecting to Calypso F8:5F:12:9D:D2:EE...
[2026-05-29T12:51:29] [ERROR] [calypso-direct] [ERROR] BLE error (L1 #3): Device with address F8:5F:12:9D:D2:EE was not found.
[2026-05-29T12:51:29] [INFO] [calypso-direct] [BLE_SCAN] Reconnecting in 40s...
[2026-05-29T12:52:09] [INFO] [calypso-direct] [BLE_SCAN] Connecting to Calypso F8:5F:12:9D:D2:EE...
[2026-05-29T12:52:29] [ERROR] [calypso-direct] [ERROR] BLE error (L1 #4): Device with address F8:5F:12:9D:D2:EE was not found.
[2026-05-29T12:52:29] [INFO] [calypso-direct] [BLE_SCAN] Reconnecting in 60s...
[2026-05-29T12:53:29] [INFO] [calypso-direct] [BLE_SCAN] Connecting to Calypso F8:5F:12:9D:D2:EE...
[2026-05-29T12:53:49] [ERROR] [calypso-direct] [ERROR] BLE error (L1 #5): Device with address F8:5F:12:9D:D2:EE was not found.
[2026-05-29T12:53:49] [WARNING] [calypso-direct] [L2] 5 failures — resetting hci0
[2026-05-29T12:53:49] [WARNING] [calypso-direct] [L2] Resetting hci0...
[2026-05-29T12:53:55] [INFO] [calypso-direct] [L2] hci0 reset complete ✅
[2026-05-29T12:53:55] [INFO] [calypso-direct] [BLE_SCAN] Reconnecting in 5s...
[2026-05-29T12:54:00] [INFO] [calypso-direct] [BLE_SCAN] Connecting to Calypso F8:5F:12:9D:D2:EE...
[2026-05-29T12:54:20] [ERROR] [calypso-direct] [ERROR] BLE error (L1 #1): Device with address F8:5F:12:9D:D2:EE was not found.
[2026-05-29T12:54:20] [INFO] [calypso-direct] [BLE_SCAN] Reconnecting in 10s...
[2026-05-29T12:54:30] [INFO] [calypso-direct] [BLE_SCAN] Connecting to Calypso F8:5F:12:9D:D2:EE...
[2026-05-29T12:54:50] [ERROR] [calypso-direct] [ERROR] BLE error (L1 #2): Device with address F8:5F:12:9D:D2:EE was not found.
[2026-05-29T12:54:50] [INFO] [calypso-direct] [BLE_SCAN] Reconnecting in 20s...
[2026-05-29T12:55:10] [INFO] [calypso-direct] [BLE_SCAN] Connecting to Calypso F8:5F:12:9D:D2:EE...
[2026-05-29T12:55:30] [ERROR] [calypso-direct] [ERROR] BLE error (L1 #3): Device with address F8:5F:12:9D:D2:EE was not found.
[2026-05-29T12:55:30] [INFO] [calypso-direct] [BLE_SCAN] Reconnecting in 40s...
[2026-05-29T12:56:10] [INFO] [calypso-direct] [BLE_SCAN] Connecting to Calypso F8:5F:12:9D:D2:EE...
[2026-05-29T12:56:30] [ERROR] [calypso-direct] [ERROR] BLE error (L1 #4): Device with address F8:5F:12:9D:D2:EE was not found.
[2026-05-29T12:56:30] [INFO] [calypso-direct] [BLE_SCAN] Reconnecting in 60s...
[2026-05-29T12:57:30] [INFO] [calypso-direct] [BLE_SCAN] Connecting to Calypso F8:5F:12:9D:D2:EE...
[2026-05-29T12:57:51] [ERROR] [calypso-direct] [ERROR] BLE error (L1 #5): Device with address F8:5F:12:9D:D2:EE was not found.
[2026-05-29T12:57:51] [WARNING] [calypso-direct] [L2] 5 failures — resetting hci0
[2026-05-29T12:57:51] [WARNING] [calypso-direct] [L2] Resetting hci0...
[2026-05-29T12:57:57] [INFO] [calypso-direct] [L2] hci0 reset complete ✅
[2026-05-29T12:57:57] [INFO] [calypso-direct] [BLE_SCAN] Reconnecting in 5s...
[2026-05-29T12:58:02] [INFO] [calypso-direct] [BLE_SCAN] Connecting to Calypso F8:5F:12:9D:D2:EE...
[2026-05-29T12:58:22] [ERROR] [calypso-direct] [ERROR] BLE error (L1 #1): Device with address F8:5F:12:9D:D2:EE was not found.
[2026-05-29T12:58:22] [INFO] [calypso-direct] [BLE_SCAN] Reconnecting in 10s...
[2026-05-29T12:58:32] [INFO] [calypso-direct] [BLE_SCAN] Connecting to Calypso F8:5F:12:9D:D2:EE...
[2026-05-29T12:58:52] [ERROR] [calypso-direct] [ERROR] BLE error (L1 #2): Device with address F8:5F:12:9D:D2:EE was not found.
[2026-05-29T12:58:52] [INFO] [calypso-direct] [BLE_SCAN] Reconnecting in 20s...
[2026-05-29T12:59:12] [INFO] [calypso-direct] [BLE_SCAN] Connecting to Calypso F8:5F:12:9D:D2:EE...
[2026-05-29T12:59:32] [ERROR] [calypso-direct] [ERROR] BLE error (L1 #3): Device with address F8:5F:12:9D:D2:EE was not found.
[2026-05-29T12:59:32] [INFO] [calypso-direct] [BLE_SCAN] Reconnecting in 40s...
[2026-05-29T13:00:12] [INFO] [calypso-direct] [BLE_SCAN] Connecting to Calypso F8:5F:12:9D:D2:EE...
[2026-05-29T13:00:32] [ERROR] [calypso-direct] [ERROR] BLE error (L1 #4): Device with address F8:5F:12:9D:D2:EE was not found.
[2026-05-29T13:00:32] [INFO] [calypso-direct] [BLE_SCAN] Reconnecting in 60s...
[2026-05-29T13:01:32] [INFO] [calypso-direct] [BLE_SCAN] Connecting to Calypso F8:5F:12:9D:D2:EE...
[2026-05-29T13:01:52] [ERROR] [calypso-direct] [ERROR] BLE error (L1 #5): Device with address F8:5F:12:9D:D2:EE was not found.
[2026-05-29T13:01:52] [WARNING] [calypso-direct] [L2] 5 failures — resetting hci0
[2026-05-29T13:01:52] [WARNING] [calypso-direct] [L2] Resetting hci0...
[2026-05-29T13:01:59] [INFO] [calypso-direct] [L2] hci0 reset complete ✅
[2026-05-29T13:01:59] [INFO] [calypso-direct] [BLE_SCAN] Reconnecting in 5s...
[2026-05-29T13:02:04] [INFO] [calypso-direct] [BLE_SCAN] Connecting to Calypso F8:5F:12:9D:D2:EE...
[2026-05-29T13:02:24] [ERROR] [calypso-direct] [ERROR] BLE error (L1 #1): Device with address F8:5F:12:9D:D2:EE was not found.
[2026-05-29T13:02:24] [INFO] [calypso-direct] [BLE_SCAN] Reconnecting in 10s...
[2026-05-29T13:02:34] [INFO] [calypso-direct] [BLE_SCAN] Connecting to Calypso F8:5F:12:9D:D2:EE...
[2026-05-29T13:02:54] [ERROR] [calypso-direct] [ERROR] BLE error (L1 #2): Device with address F8:5F:12:9D:D2:EE was not found.
[2026-05-29T13:02:54] [INFO] [calypso-direct] [BLE_SCAN] Reconnecting in 20s...
[2026-05-29T13:03:14] [INFO] [calypso-direct] [BLE_SCAN] Connecting to Calypso F8:5F:12:9D:D2:EE...
[2026-05-29T13:03:34] [ERROR] [calypso-direct] [ERROR] BLE error (L1 #3): Device with address F8:5F:12:9D:D2:EE was not found.
[2026-05-29T13:03:34] [INFO] [calypso-direct] [BLE_SCAN] Reconnecting in 40s...
[2026-05-29T13:04:14] [INFO] [calypso-direct] [BLE_SCAN] Connecting to Calypso F8:5F:12:9D:D2:EE...
[2026-05-29T13:04:34] [ERROR] [calypso-direct] [ERROR] BLE error (L1 #4): Device with address F8:5F:12:9D:D2:EE was not found.
[2026-05-29T13:04:34] [INFO] [calypso-direct] [BLE_SCAN] Reconnecting in 60s...
[2026-05-29T13:05:34] [INFO] [calypso-direct] [BLE_SCAN] Connecting to Calypso F8:5F:12:9D:D2:EE...
[2026-05-29T13:05:54] [ERROR] [calypso-direct] [ERROR] BLE error (L1 #5): Device with address F8:5F:12:9D:D2:EE was not found.
[2026-05-29T13:05:54] [WARNING] [calypso-direct] [L2] 5 failures — resetting hci0
[2026-05-29T13:05:54] [WARNING] [calypso-direct] [L2] Resetting hci0...
[2026-05-29T13:06:00] [INFO] [calypso-direct] [L2] hci0 reset complete ✅
[2026-05-29T13:06:00] [INFO] [calypso-direct] [BLE_SCAN] Reconnecting in 5s...
[2026-05-29T13:06:05] [INFO] [calypso-direct] [BLE_SCAN] Connecting to Calypso F8:5F:12:9D:D2:EE...
[2026-05-29T13:06:25] [ERROR] [calypso-direct] [ERROR] BLE error (L1 #1): Device with address F8:5F:12:9D:D2:EE was not found.
[2026-05-29T13:06:25] [INFO] [calypso-direct] [BLE_SCAN] Reconnecting in 10s...
[2026-05-29T13:06:35] [INFO] [calypso-direct] [BLE_SCAN] Connecting to Calypso F8:5F:12:9D:D2:EE...
[2026-05-29T13:06:56] [ERROR] [calypso-direct] [ERROR] BLE error (L1 #2): Device with address F8:5F:12:9D:D2:EE was not found.
[2026-05-29T13:06:56] [INFO] [calypso-direct] [BLE_SCAN] Reconnecting in 20s...
[2026-05-29T13:07:16] [INFO] [calypso-direct] [BLE_SCAN] Connecting to Calypso F8:5F:12:9D:D2:EE...
[2026-05-29T13:07:36] [ERROR] [calypso-direct] [ERROR] BLE error (L1 #3): Device with address F8:5F:12:9D:D2:EE was not found.
[2026-05-29T13:07:36] [INFO] [calypso-direct] [BLE_SCAN] Reconnecting in 40s...
[2026-05-29T13:08:16] [INFO] [calypso-direct] [BLE_SCAN] Connecting to Calypso F8:5F:12:9D:D2:EE...
[2026-05-29T13:08:36] [ERROR] [calypso-direct] [ERROR] BLE error (L1 #4): Device with address F8:5F:12:9D:D2:EE was not found.
[2026-05-29T13:08:36] [INFO] [calypso-direct] [BLE_SCAN] Reconnecting in 60s...
[2026-05-29T13:09:36] [INFO] [calypso-direct] [BLE_SCAN] Connecting to Calypso F8:5F:12:9D:D2:EE...
[2026-05-29T13:09:56] [ERROR] [calypso-direct] [ERROR] BLE error (L1 #5): Device with address F8:5F:12:9D:D2:EE was not found.
[2026-05-29T13:09:56] [WARNING] [calypso-direct] [L2] 5 failures — resetting hci0
[2026-05-29T13:09:56] [WARNING] [calypso-direct] [L2] Resetting hci0...
[2026-05-29T13:10:02] [INFO] [calypso-direct] [L2] hci0 reset complete ✅
[2026-05-29T13:10:02] [INFO] [calypso-direct] [BLE_SCAN] Reconnecting in 5s...
[2026-05-29T13:10:07] [INFO] [calypso-direct] [BLE_SCAN] Connecting to Calypso F8:5F:12:9D:D2:EE...
[2026-05-29T13:10:27] [ERROR] [calypso-direct] [ERROR] BLE error (L1 #1): Device with address F8:5F:12:9D:D2:EE was not found.
[2026-05-29T13:10:27] [INFO] [calypso-direct] [BLE_SCAN] Reconnecting in 10s...
[2026-05-29T13:10:37] [INFO] [calypso-direct] [BLE_SCAN] Connecting to Calypso F8:5F:12:9D:D2:EE...
[2026-05-29T13:10:57] [ERROR] [calypso-direct] [ERROR] BLE error (L1 #2): Device with address F8:5F:12:9D:D2:EE was not found.
[2026-05-29T13:10:57] [INFO] [calypso-direct] [BLE_SCAN] Reconnecting in 20s...
[2026-05-29T13:11:17] [INFO] [calypso-direct] [BLE_SCAN] Connecting to Calypso F8:5F:12:9D:D2:EE...
[2026-05-29T13:11:37] [ERROR] [calypso-direct] [ERROR] BLE error (L1 #3): Device with address F8:5F:12:9D:D2:EE was not found.
[2026-05-29T13:11:37] [INFO] [calypso-direct] [BLE_SCAN] Reconnecting in 40s...
[2026-05-29T13:12:17] [INFO] [calypso-direct] [BLE_SCAN] Connecting to Calypso F8:5F:12:9D:D2:EE...
[2026-05-29T13:12:38] [ERROR] [calypso-direct] [ERROR] BLE error (L1 #4): Device with address F8:5F:12:9D:D2:EE was not found.
[2026-05-29T13:12:38] [INFO] [calypso-direct] [BLE_SCAN] Reconnecting in 60s...
[2026-05-29T13:13:38] [INFO] [calypso-direct] [BLE_SCAN] Connecting to Calypso F8:5F:12:9D:D2:EE...
[2026-05-29T13:13:58] [ERROR] [calypso-direct] [ERROR] BLE error (L1 #5): Device with address F8:5F:12:9D:D2:EE was not found.
[2026-05-29T13:13:58] [WARNING] [calypso-direct] [L2] 5 failures — resetting hci0
[2026-05-29T13:13:58] [WARNING] [calypso-direct] [L2] Resetting hci0...
[2026-05-29T13:14:04] [INFO] [calypso-direct] [L2] hci0 reset complete ✅
[2026-05-29T13:14:04] [INFO] [calypso-direct] [BLE_SCAN] Reconnecting in 5s...
[2026-05-29T13:14:09] [INFO] [calypso-direct] [BLE_SCAN] Connecting to Calypso F8:5F:12:9D:D2:EE...
[2026-05-29T13:14:29] [ERROR] [calypso-direct] [ERROR] BLE error (L1 #1): Device with address F8:5F:12:9D:D2:EE was not found.
[2026-05-29T13:14:29] [INFO] [calypso-direct] [BLE_SCAN] Reconnecting in 10s...
[2026-05-29T13:14:39] [INFO] [calypso-direct] [BLE_SCAN] Connecting to Calypso F8:5F:12:9D:D2:EE...
[2026-05-29T13:14:59] [ERROR] [calypso-direct] [ERROR] BLE error (L1 #2): Device with address F8:5F:12:9D:D2:EE was not found.
[2026-05-29T13:14:59] [INFO] [calypso-direct] [BLE_SCAN] Reconnecting in 20s...
[2026-05-29T13:15:19] [INFO] [calypso-direct] [BLE_SCAN] Connecting to Calypso F8:5F:12:9D:D2:EE...
[2026-05-29T13:15:39] [ERROR] [calypso-direct] [ERROR] BLE error (L1 #3): Device with address F8:5F:12:9D:D2:EE was not found.
[2026-05-29T13:15:39] [INFO] [calypso-direct] [BLE_SCAN] Reconnecting in 40s...
[2026-05-29T13:16:19] [INFO] [calypso-direct] [BLE_SCAN] Connecting to Calypso F8:5F:12:9D:D2:EE...
[2026-05-29T13:16:39] [ERROR] [calypso-direct] [ERROR] BLE error (L1 #4): Device with address F8:5F:12:9D:D2:EE was not found.
[2026-05-29T13:16:39] [INFO] [calypso-direct] [BLE_SCAN] Reconnecting in 60s...
[2026-05-29T13:17:39] [INFO] [calypso-direct] [BLE_SCAN] Connecting to Calypso F8:5F:12:9D:D2:EE...
[2026-05-29T13:17:59] [ERROR] [calypso-direct] [ERROR] BLE error (L1 #5): Device with address F8:5F:12:9D:D2:EE was not found.
[2026-05-29T13:17:59] [WARNING] [calypso-direct] [L2] 5 failures — resetting hci0
[2026-05-29T13:17:59] [WARNING] [calypso-direct] [L2] Resetting hci0...
[2026-05-29T13:18:06] [INFO] [calypso-direct] [L2] hci0 reset complete ✅
[2026-05-29T13:18:06] [INFO] [calypso-direct] [BLE_SCAN] Reconnecting in 5s...
[2026-05-29T13:18:11] [INFO] [calypso-direct] [BLE_SCAN] Connecting to Calypso F8:5F:12:9D:D2:EE...
[2026-05-29T13:18:31] [ERROR] [calypso-direct] [ERROR] BLE error (L1 #1): Device with address F8:5F:12:9D:D2:EE was not found.
[2026-05-29T13:18:31] [INFO] [calypso-direct] [BLE_SCAN] Reconnecting in 10s...
[2026-05-29T13:18:41] [INFO] [calypso-direct] [BLE_SCAN] Connecting to Calypso F8:5F:12:9D:D2:EE...
[2026-05-29T13:19:01] [ERROR] [calypso-direct] [ERROR] BLE error (L1 #2): Device with address F8:5F:12:9D:D2:EE was not found.
[2026-05-29T13:19:01] [INFO] [calypso-direct] [BLE_SCAN] Reconnecting in 20s...
[2026-05-29T13:19:21] [INFO] [calypso-direct] [BLE_SCAN] Connecting to Calypso F8:5F:12:9D:D2:EE...
[2026-05-29T13:19:41] [ERROR] [calypso-direct] [ERROR] BLE error (L1 #3): Device with address F8:5F:12:9D:D2:EE was not found.
[2026-05-29T13:19:41] [INFO] [calypso-direct] [BLE_SCAN] Reconnecting in 40s...
[2026-05-29T13:20:21] [INFO] [calypso-direct] [BLE_SCAN] Connecting to Calypso F8:5F:12:9D:D2:EE...
[2026-05-29T13:20:41] [ERROR] [calypso-direct] [ERROR] BLE error (L1 #4): Device with address F8:5F:12:9D:D2:EE was not found.
[2026-05-29T13:20:41] [INFO] [calypso-direct] [BLE_SCAN] Reconnecting in 60s...
[2026-05-29T13:21:41] [INFO] [calypso-direct] [BLE_SCAN] Connecting to Calypso F8:5F:12:9D:D2:EE...
[2026-05-29T13:22:01] [ERROR] [calypso-direct] [ERROR] BLE error (L1 #5): Device with address F8:5F:12:9D:D2:EE was not found.
[2026-05-29T13:22:01] [WARNING] [calypso-direct] [L2] 5 failures — resetting hci0
[2026-05-29T13:22:01] [WARNING] [calypso-direct] [L2] Resetting hci0...
[2026-05-29T13:22:07] [INFO] [calypso-direct] [L2] hci0 reset complete ✅
[2026-05-29T13:22:07] [INFO] [calypso-direct] [BLE_SCAN] Reconnecting in 5s...
[2026-05-29T13:22:12] [INFO] [calypso-direct] [BLE_SCAN] Connecting to Calypso F8:5F:12:9D:D2:EE...
[2026-05-29T13:22:32] [ERROR] [calypso-direct] [ERROR] BLE error (L1 #1): Device with address F8:5F:12:9D:D2:EE was not found.
[2026-05-29T13:22:32] [INFO] [calypso-direct] [BLE_SCAN] Reconnecting in 10s...
[2026-05-29T13:22:42] [INFO] [calypso-direct] [BLE_SCAN] Connecting to Calypso F8:5F:12:9D:D2:EE...
[2026-05-29T13:23:03] [ERROR] [calypso-direct] [ERROR] BLE error (L1 #2): Device with address F8:5F:12:9D:D2:EE was not found.
[2026-05-29T13:23:03] [INFO] [calypso-direct] [BLE_SCAN] Reconnecting in 20s...
[2026-05-29T13:23:23] [INFO] [calypso-direct] [BLE_SCAN] Connecting to Calypso F8:5F:12:9D:D2:EE...
[2026-05-29T13:23:43] [ERROR] [calypso-direct] [ERROR] BLE error (L1 #3): Device with address F8:5F:12:9D:D2:EE was not found.
[2026-05-29T13:23:43] [INFO] [calypso-direct] [BLE_SCAN] Reconnecting in 40s...
[2026-05-29T13:24:23] [INFO] [calypso-direct] [BLE_SCAN] Connecting to Calypso F8:5F:12:9D:D2:EE...
[2026-05-29T13:24:41] [INFO] [calypso-direct] [SHUTDOWN] Signal 15 — stopping
[2026-05-29T13:24:43] [ERROR] [calypso-direct] [ERROR] BLE error (L1 #4): Device with address F8:5F:12:9D:D2:EE was not found.
[2026-05-29T13:24:43] [INFO] [calypso-direct] [SHUTDOWN] calypso_direct stopped — PID released
[2026-05-29T13:25:04] [INFO] [calypso-direct] [STARTUP] Singleton acquired (PID 1210)
[2026-05-29T13:25:04] [INFO] [calypso-direct] [STARTUP] ============================================================
[2026-05-29T13:25:04] [INFO] [calypso-direct] [STARTUP] calypso_direct — Calypso UP10 BLE Driver
[2026-05-29T13:25:04] [INFO] [calypso-direct] [STARTUP] MAC=F8:5F:12:9D:D2:EE Rate=4Hz SK=UDP:4123
[2026-05-29T13:25:04] [INFO] [calypso-direct] [STARTUP] Timeout=60s L2_threshold=5
[2026-05-29T13:25:04] [INFO] [calypso-direct] [STARTUP] ============================================================
[2026-05-29T13:25:04] [INFO] [calypso-direct] [DEPENDENCY_CHECK] hci0: RUNNING ✅
[2026-05-29T13:25:04] [INFO] [calypso-direct] [BLE_SCAN] Connecting to Calypso F8:5F:12:9D:D2:EE...
[2026-05-29T13:25:37] [ERROR] [calypso-direct] [ERROR] BLE error (L1 #1): Device with address F8:5F:12:9D:D2:EE was not found.
[2026-05-29T13:25:37] [INFO] [calypso-direct] [BLE_SCAN] Reconnecting in 5s...
[2026-05-29T13:25:42] [INFO] [calypso-direct] [BLE_SCAN] Connecting to Calypso F8:5F:12:9D:D2:EE...
[2026-05-29T13:26:02] [ERROR] [calypso-direct] [ERROR] BLE error (L1 #2): Device with address F8:5F:12:9D:D2:EE was not found.
[2026-05-29T13:26:02] [INFO] [calypso-direct] [BLE_SCAN] Reconnecting in 10s...
[2026-05-29T13:26:12] [INFO] [calypso-direct] [BLE_SCAN] Connecting to Calypso F8:5F:12:9D:D2:EE...
[2026-05-29T13:26:32] [ERROR] [calypso-direct] [ERROR] BLE error (L1 #3): Device with address F8:5F:12:9D:D2:EE was not found.
[2026-05-29T13:26:32] [INFO] [calypso-direct] [BLE_SCAN] Reconnecting in 20s...
[2026-05-29T13:26:52] [INFO] [calypso-direct] [BLE_SCAN] Connecting to Calypso F8:5F:12:9D:D2:EE...
[2026-05-29T13:27:12] [ERROR] [calypso-direct] [ERROR] BLE error (L1 #4): Device with address F8:5F:12:9D:D2:EE was not found.
[2026-05-29T13:27:12] [INFO] [calypso-direct] [BLE_SCAN] Reconnecting in 40s...
[2026-05-29T13:27:52] [INFO] [calypso-direct] [BLE_SCAN] Connecting to Calypso F8:5F:12:9D:D2:EE...
[2026-05-29T13:28:12] [ERROR] [calypso-direct] [ERROR] BLE error (L1 #5): Device with address F8:5F:12:9D:D2:EE was not found.
[2026-05-29T13:28:12] [WARNING] [calypso-direct] [L2] 5 failures — resetting hci0
[2026-05-29T13:28:12] [WARNING] [calypso-direct] [L2] Resetting hci0...
[2026-05-29T13:28:19] [INFO] [calypso-direct] [L2] hci0 reset complete ✅
[2026-05-29T13:28:19] [INFO] [calypso-direct] [BLE_SCAN] Reconnecting in 5s...
[2026-05-29T13:28:24] [INFO] [calypso-direct] [BLE_SCAN] Connecting to Calypso F8:5F:12:9D:D2:EE...
[2026-05-29T13:28:44] [ERROR] [calypso-direct] [ERROR] BLE error (L1 #1): Device with address F8:5F:12:9D:D2:EE was not found.
[2026-05-29T13:28:44] [INFO] [calypso-direct] [BLE_SCAN] Reconnecting in 10s...
[2026-05-29T13:28:54] [INFO] [calypso-direct] [BLE_SCAN] Connecting to Calypso F8:5F:12:9D:D2:EE...
[2026-05-29T13:29:14] [ERROR] [calypso-direct] [ERROR] BLE error (L1 #2): Device with address F8:5F:12:9D:D2:EE was not found.
[2026-05-29T13:29:14] [INFO] [calypso-direct] [BLE_SCAN] Reconnecting in 20s...
[2026-05-29T13:29:34] [INFO] [calypso-direct] [BLE_SCAN] Connecting to Calypso F8:5F:12:9D:D2:EE...
[2026-05-29T13:29:54] [ERROR] [calypso-direct] [ERROR] BLE error (L1 #3): Device with address F8:5F:12:9D:D2:EE was not found.
[2026-05-29T13:29:54] [INFO] [calypso-direct] [BLE_SCAN] Reconnecting in 40s...
[2026-05-29T13:30:34] [INFO] [calypso-direct] [BLE_SCAN] Connecting to Calypso F8:5F:12:9D:D2:EE...
[2026-05-29T13:30:54] [ERROR] [calypso-direct] [ERROR] BLE error (L1 #4): Device with address F8:5F:12:9D:D2:EE was not found.
[2026-05-29T13:30:54] [INFO] [calypso-direct] [BLE_SCAN] Reconnecting in 60s...
[2026-05-29T13:31:54] [INFO] [calypso-direct] [BLE_SCAN] Connecting to Calypso F8:5F:12:9D:D2:EE...
[2026-05-29T13:32:14] [ERROR] [calypso-direct] [ERROR] BLE error (L1 #5): Device with address F8:5F:12:9D:D2:EE was not found.
[2026-05-29T13:32:14] [WARNING] [calypso-direct] [L2] 5 failures — resetting hci0
[2026-05-29T13:32:14] [WARNING] [calypso-direct] [L2] Resetting hci0...
[2026-05-29T13:32:20] [INFO] [calypso-direct] [L2] hci0 reset complete ✅
[2026-05-29T13:32:20] [INFO] [calypso-direct] [BLE_SCAN] Reconnecting in 5s...
[2026-05-29T13:32:25] [INFO] [calypso-direct] [BLE_SCAN] Connecting to Calypso F8:5F:12:9D:D2:EE...
[2026-05-29T13:32:45] [ERROR] [calypso-direct] [ERROR] BLE error (L1 #1): Device with address F8:5F:12:9D:D2:EE was not found.
[2026-05-29T13:32:45] [INFO] [calypso-direct] [BLE_SCAN] Reconnecting in 10s...
[2026-05-29T13:32:55] [INFO] [calypso-direct] [BLE_SCAN] Connecting to Calypso F8:5F:12:9D:D2:EE...
[2026-05-29T13:33:15] [ERROR] [calypso-direct] [ERROR] BLE error (L1 #2): Device with address F8:5F:12:9D:D2:EE was not found.
[2026-05-29T13:33:15] [INFO] [calypso-direct] [BLE_SCAN] Reconnecting in 20s...
[2026-05-29T13:33:35] [INFO] [calypso-direct] [BLE_SCAN] Connecting to Calypso F8:5F:12:9D:D2:EE...
[2026-05-29T13:33:56] [ERROR] [calypso-direct] [ERROR] BLE error (L1 #3): Device with address F8:5F:12:9D:D2:EE was not found.
[2026-05-29T13:33:56] [INFO] [calypso-direct] [BLE_SCAN] Reconnecting in 40s...
[2026-05-29T13:34:36] [INFO] [calypso-direct] [BLE_SCAN] Connecting to Calypso F8:5F:12:9D:D2:EE...
[2026-05-29T13:34:56] [ERROR] [calypso-direct] [ERROR] BLE error (L1 #4): Device with address F8:5F:12:9D:D2:EE was not found.
[2026-05-29T13:34:56] [INFO] [calypso-direct] [BLE_SCAN] Reconnecting in 60s...
[2026-05-29T13:35:56] [INFO] [calypso-direct] [BLE_SCAN] Connecting to Calypso F8:5F:12:9D:D2:EE...
[2026-05-29T13:36:16] [ERROR] [calypso-direct] [ERROR] BLE error (L1 #5): Device with address F8:5F:12:9D:D2:EE was not found.
[2026-05-29T13:36:16] [WARNING] [calypso-direct] [L2] 5 failures — resetting hci0
[2026-05-29T13:36:16] [WARNING] [calypso-direct] [L2] Resetting hci0...
[2026-05-29T13:36:22] [INFO] [calypso-direct] [L2] hci0 reset complete ✅
[2026-05-29T13:36:22] [INFO] [calypso-direct] [BLE_SCAN] Reconnecting in 5s...
[2026-05-29T13:36:27] [INFO] [calypso-direct] [BLE_SCAN] Connecting to Calypso F8:5F:12:9D:D2:EE...
[2026-05-29T13:36:47] [ERROR] [calypso-direct] [ERROR] BLE error (L1 #1): Device with address F8:5F:12:9D:D2:EE was not found.
[2026-05-29T13:36:47] [INFO] [calypso-direct] [BLE_SCAN] Reconnecting in 10s...
[2026-05-29T13:36:57] [INFO] [calypso-direct] [BLE_SCAN] Connecting to Calypso F8:5F:12:9D:D2:EE...
[2026-05-29T13:37:17] [ERROR] [calypso-direct] [ERROR] BLE error (L1 #2): Device with address F8:5F:12:9D:D2:EE was not found.
[2026-05-29T13:37:17] [INFO] [calypso-direct] [BLE_SCAN] Reconnecting in 20s...
[2026-05-29T13:37:37] [INFO] [calypso-direct] [BLE_SCAN] Connecting to Calypso F8:5F:12:9D:D2:EE...
[2026-05-29T13:37:57] [ERROR] [calypso-direct] [ERROR] BLE error (L1 #3): Device with address F8:5F:12:9D:D2:EE was not found.
[2026-05-29T13:37:57] [INFO] [calypso-direct] [BLE_SCAN] Reconnecting in 40s...
[2026-05-29T13:38:37] [INFO] [calypso-direct] [BLE_SCAN] Connecting to Calypso F8:5F:12:9D:D2:EE...
[2026-05-29T13:38:57] [ERROR] [calypso-direct] [ERROR] BLE error (L1 #4): Device with address F8:5F:12:9D:D2:EE was not found.
[2026-05-29T13:38:57] [INFO] [calypso-direct] [BLE_SCAN] Reconnecting in 60s...
[2026-05-29T13:39:57] [INFO] [calypso-direct] [BLE_SCAN] Connecting to Calypso F8:5F:12:9D:D2:EE...
[2026-05-29T13:40:17] [ERROR] [calypso-direct] [ERROR] BLE error (L1 #5): Device with address F8:5F:12:9D:D2:EE was not found.
[2026-05-29T13:40:17] [WARNING] [calypso-direct] [L2] 5 failures — resetting hci0
[2026-05-29T13:40:17] [WARNING] [calypso-direct] [L2] Resetting hci0...
[2026-05-29T13:40:23] [INFO] [calypso-direct] [L2] hci0 reset complete ✅
[2026-05-29T13:40:23] [INFO] [calypso-direct] [BLE_SCAN] Reconnecting in 5s...
[2026-05-29T13:40:28] [INFO] [calypso-direct] [BLE_SCAN] Connecting to Calypso F8:5F:12:9D:D2:EE...
[2026-05-29T13:40:49] [ERROR] [calypso-direct] [ERROR] BLE error (L1 #1): Device with address F8:5F:12:9D:D2:EE was not found.
[2026-05-29T13:40:49] [INFO] [calypso-direct] [BLE_SCAN] Reconnecting in 10s...
[2026-05-29T13:40:59] [INFO] [calypso-direct] [BLE_SCAN] Connecting to Calypso F8:5F:12:9D:D2:EE...
[2026-05-29T13:41:19] [ERROR] [calypso-direct] [ERROR] BLE error (L1 #2): Device with address F8:5F:12:9D:D2:EE was not found.
[2026-05-29T13:41:19] [INFO] [calypso-direct] [BLE_SCAN] Reconnecting in 20s...
[2026-05-29T13:41:39] [INFO] [calypso-direct] [BLE_SCAN] Connecting to Calypso F8:5F:12:9D:D2:EE...
[2026-05-29T13:41:59] [ERROR] [calypso-direct] [ERROR] BLE error (L1 #3): Device with address F8:5F:12:9D:D2:EE was not found.
[2026-05-29T13:41:59] [INFO] [calypso-direct] [BLE_SCAN] Reconnecting in 40s...
[2026-05-29T13:42:39] [INFO] [calypso-direct] [BLE_SCAN] Connecting to Calypso F8:5F:12:9D:D2:EE...
[2026-05-29T13:42:59] [ERROR] [calypso-direct] [ERROR] BLE error (L1 #4): Device with address F8:5F:12:9D:D2:EE was not found.
[2026-05-29T13:42:59] [INFO] [calypso-direct] [BLE_SCAN] Reconnecting in 60s...
[2026-05-29T13:43:59] [INFO] [calypso-direct] [BLE_SCAN] Connecting to Calypso F8:5F:12:9D:D2:EE...
[2026-05-29T13:44:19] [ERROR] [calypso-direct] [ERROR] BLE error (L1 #5): Device with address F8:5F:12:9D:D2:EE was not found.
[2026-05-29T13:44:19] [WARNING] [calypso-direct] [L2] 5 failures — resetting hci0
[2026-05-29T13:44:19] [WARNING] [calypso-direct] [L2] Resetting hci0...
[2026-05-29T13:44:25] [INFO] [calypso-direct] [L2] hci0 reset complete ✅
[2026-05-29T13:44:25] [INFO] [calypso-direct] [BLE_SCAN] Reconnecting in 5s...
[2026-05-29T13:44:30] [INFO] [calypso-direct] [BLE_SCAN] Connecting to Calypso F8:5F:12:9D:D2:EE...
[2026-05-29T13:44:50] [ERROR] [calypso-direct] [ERROR] BLE error (L1 #1): Device with address F8:5F:12:9D:D2:EE was not found.
[2026-05-29T13:44:50] [INFO] [calypso-direct] [BLE_SCAN] Reconnecting in 10s...
[2026-05-29T13:45:00] [INFO] [calypso-direct] [BLE_SCAN] Connecting to Calypso F8:5F:12:9D:D2:EE...
[2026-05-29T13:45:20] [ERROR] [calypso-direct] [ERROR] BLE error (L1 #2): Device with address F8:5F:12:9D:D2:EE was not found.
[2026-05-29T13:45:20] [INFO] [calypso-direct] [BLE_SCAN] Reconnecting in 20s...
[2026-05-29T13:45:40] [INFO] [calypso-direct] [BLE_SCAN] Connecting to Calypso F8:5F:12:9D:D2:EE...
[2026-05-29T13:46:00] [ERROR] [calypso-direct] [ERROR] BLE error (L1 #3): Device with address F8:5F:12:9D:D2:EE was not found.
[2026-05-29T13:46:00] [INFO] [calypso-direct] [BLE_SCAN] Reconnecting in 40s...
[2026-05-29T13:46:40] [INFO] [calypso-direct] [BLE_SCAN] Connecting to Calypso F8:5F:12:9D:D2:EE...
[2026-05-29T13:47:00] [ERROR] [calypso-direct] [ERROR] BLE error (L1 #4): Device with address F8:5F:12:9D:D2:EE was not found.
[2026-05-29T13:47:00] [INFO] [calypso-direct] [BLE_SCAN] Reconnecting in 60s...
[2026-05-29T13:48:00] [INFO] [calypso-direct] [BLE_SCAN] Connecting to Calypso F8:5F:12:9D:D2:EE...
[2026-05-29T13:48:21] [ERROR] [calypso-direct] [ERROR] BLE error (L1 #5): Device with address F8:5F:12:9D:D2:EE was not found.
[2026-05-29T13:48:21] [WARNING] [calypso-direct] [L2] 5 failures — resetting hci0
[2026-05-29T13:48:21] [WARNING] [calypso-direct] [L2] Resetting hci0...
[2026-05-29T13:48:27] [INFO] [calypso-direct] [L2] hci0 reset complete ✅
[2026-05-29T13:48:27] [INFO] [calypso-direct] [BLE_SCAN] Reconnecting in 5s...
[2026-05-29T13:48:32] [INFO] [calypso-direct] [BLE_SCAN] Connecting to Calypso F8:5F:12:9D:D2:EE...
[2026-05-29T13:48:52] [ERROR] [calypso-direct] [ERROR] BLE error (L1 #1): Device with address F8:5F:12:9D:D2:EE was not found.
[2026-05-29T13:48:52] [INFO] [calypso-direct] [BLE_SCAN] Reconnecting in 10s...
[2026-05-29T13:49:02] [INFO] [calypso-direct] [BLE_SCAN] Connecting to Calypso F8:5F:12:9D:D2:EE...
[2026-05-29T13:49:22] [ERROR] [calypso-direct] [ERROR] BLE error (L1 #2): Device with address F8:5F:12:9D:D2:EE was not found.
[2026-05-29T13:49:22] [INFO] [calypso-direct] [BLE_SCAN] Reconnecting in 20s...
[2026-05-29T13:49:42] [INFO] [calypso-direct] [BLE_SCAN] Connecting to Calypso F8:5F:12:9D:D2:EE...
[2026-05-29T13:50:02] [ERROR] [calypso-direct] [ERROR] BLE error (L1 #3): Device with address F8:5F:12:9D:D2:EE was not found.
[2026-05-29T13:50:02] [INFO] [calypso-direct] [BLE_SCAN] Reconnecting in 40s...
[2026-05-29T13:50:42] [INFO] [calypso-direct] [BLE_SCAN] Connecting to Calypso F8:5F:12:9D:D2:EE...
[2026-05-29T13:51:02] [ERROR] [calypso-direct] [ERROR] BLE error (L1 #4): Device with address F8:5F:12:9D:D2:EE was not found.
[2026-05-29T13:51:02] [INFO] [calypso-direct] [BLE_SCAN] Reconnecting in 60s...
[2026-05-29T13:52:02] [INFO] [calypso-direct] [BLE_SCAN] Connecting to Calypso F8:5F:12:9D:D2:EE...
[2026-05-29T13:52:22] [ERROR] [calypso-direct] [ERROR] BLE error (L1 #5): Device with address F8:5F:12:9D:D2:EE was not found.
[2026-05-29T13:52:22] [WARNING] [calypso-direct] [L2] 5 failures — resetting hci0
[2026-05-29T13:52:22] [WARNING] [calypso-direct] [L2] Resetting hci0...
[2026-05-29T13:52:28] [INFO] [calypso-direct] [L2] hci0 reset complete ✅
[2026-05-29T13:52:28] [INFO] [calypso-direct] [BLE_SCAN] Reconnecting in 5s...
[2026-05-29T13:52:33] [INFO] [calypso-direct] [BLE_SCAN] Connecting to Calypso F8:5F:12:9D:D2:EE...
[2026-05-29T13:52:53] [ERROR] [calypso-direct] [ERROR] BLE error (L1 #1): Device with address F8:5F:12:9D:D2:EE was not found.
[2026-05-29T13:52:53] [INFO] [calypso-direct] [BLE_SCAN] Reconnecting in 10s...
[2026-05-29T13:53:03] [INFO] [calypso-direct] [BLE_SCAN] Connecting to Calypso F8:5F:12:9D:D2:EE...
[2026-05-29T13:53:23] [ERROR] [calypso-direct] [ERROR] BLE error (L1 #2): Device with address F8:5F:12:9D:D2:EE was not found.
[2026-05-29T13:53:23] [INFO] [calypso-direct] [BLE_SCAN] Reconnecting in 20s...
[2026-05-29T13:53:43] [INFO] [calypso-direct] [BLE_SCAN] Connecting to Calypso F8:5F:12:9D:D2:EE...
[2026-05-29T13:54:04] [ERROR] [calypso-direct] [ERROR] BLE error (L1 #3): Device with address F8:5F:12:9D:D2:EE was not found.
[2026-05-29T13:54:04] [INFO] [calypso-direct] [BLE_SCAN] Reconnecting in 40s...
[2026-05-29T13:54:44] [INFO] [calypso-direct] [BLE_SCAN] Connecting to Calypso F8:5F:12:9D:D2:EE...
[2026-05-29T13:55:04] [ERROR] [calypso-direct] [ERROR] BLE error (L1 #4): Device with address F8:5F:12:9D:D2:EE was not found.
[2026-05-29T13:55:04] [INFO] [calypso-direct] [BLE_SCAN] Reconnecting in 60s...
[2026-05-29T13:56:04] [INFO] [calypso-direct] [BLE_SCAN] Connecting to Calypso F8:5F:12:9D:D2:EE...
[2026-05-29T13:56:24] [ERROR] [calypso-direct] [ERROR] BLE error (L1 #5): Device with address F8:5F:12:9D:D2:EE was not found.
[2026-05-29T13:56:24] [WARNING] [calypso-direct] [L2] 5 failures — resetting hci0
[2026-05-29T13:56:24] [WARNING] [calypso-direct] [L2] Resetting hci0...
[2026-05-29T13:56:30] [INFO] [calypso-direct] [L2] hci0 reset complete ✅
[2026-05-29T13:56:30] [INFO] [calypso-direct] [BLE_SCAN] Reconnecting in 5s...
[2026-05-29T13:56:35] [INFO] [calypso-direct] [BLE_SCAN] Connecting to Calypso F8:5F:12:9D:D2:EE...
[2026-05-29T13:56:55] [ERROR] [calypso-direct] [ERROR] BLE error (L1 #1): Device with address F8:5F:12:9D:D2:EE was not found.
[2026-05-29T13:56:55] [INFO] [calypso-direct] [BLE_SCAN] Reconnecting in 10s...
[2026-05-29T13:57:05] [INFO] [calypso-direct] [BLE_SCAN] Connecting to Calypso F8:5F:12:9D:D2:EE...
[2026-05-29T13:57:25] [ERROR] [calypso-direct] [ERROR] BLE error (L1 #2): Device with address F8:5F:12:9D:D2:EE was not found.
[2026-05-29T13:57:25] [INFO] [calypso-direct] [BLE_SCAN] Reconnecting in 20s...
[2026-05-29T13:57:45] [INFO] [calypso-direct] [BLE_SCAN] Connecting to Calypso F8:5F:12:9D:D2:EE...
[2026-05-29T13:58:05] [ERROR] [calypso-direct] [ERROR] BLE error (L1 #3): Device with address F8:5F:12:9D:D2:EE was not found.
[2026-05-29T13:58:05] [INFO] [calypso-direct] [BLE_SCAN] Reconnecting in 40s...
[2026-05-29T13:58:45] [INFO] [calypso-direct] [BLE_SCAN] Connecting to Calypso F8:5F:12:9D:D2:EE...
[2026-05-29T13:59:05] [ERROR] [calypso-direct] [ERROR] BLE error (L1 #4): Device with address F8:5F:12:9D:D2:EE was not found.
[2026-05-29T13:59:05] [INFO] [calypso-direct] [BLE_SCAN] Reconnecting in 60s...
[2026-05-29T14:00:05] [INFO] [calypso-direct] [BLE_SCAN] Connecting to Calypso F8:5F:12:9D:D2:EE...
[2026-05-29T14:00:25] [ERROR] [calypso-direct] [ERROR] BLE error (L1 #5): Device with address F8:5F:12:9D:D2:EE was not found.
[2026-05-29T14:00:25] [WARNING] [calypso-direct] [L2] 5 failures — resetting hci0
[2026-05-29T14:00:25] [WARNING] [calypso-direct] [L2] Resetting hci0...
[2026-05-29T14:00:32] [INFO] [calypso-direct] [L2] hci0 reset complete ✅
[2026-05-29T14:00:32] [INFO] [calypso-direct] [BLE_SCAN] Reconnecting in 5s...
[2026-05-29T14:00:37] [INFO] [calypso-direct] [BLE_SCAN] Connecting to Calypso F8:5F:12:9D:D2:EE...
[2026-05-29T14:00:57] [ERROR] [calypso-direct] [ERROR] BLE error (L1 #1): Device with address F8:5F:12:9D:D2:EE was not found.
[2026-05-29T14:00:57] [INFO] [calypso-direct] [BLE_SCAN] Reconnecting in 10s...
[2026-05-29T14:01:07] [INFO] [calypso-direct] [BLE_SCAN] Connecting to Calypso F8:5F:12:9D:D2:EE...
[2026-05-29T14:01:27] [ERROR] [calypso-direct] [ERROR] BLE error (L1 #2): Device with address F8:5F:12:9D:D2:EE was not found.
[2026-05-29T14:01:27] [INFO] [calypso-direct] [BLE_SCAN] Reconnecting in 20s...
[2026-05-29T14:01:47] [INFO] [calypso-direct] [BLE_SCAN] Connecting to Calypso F8:5F:12:9D:D2:EE...
[2026-05-29T14:02:07] [ERROR] [calypso-direct] [ERROR] BLE error (L1 #3): Device with address F8:5F:12:9D:D2:EE was not found.
[2026-05-29T14:02:07] [INFO] [calypso-direct] [BLE_SCAN] Reconnecting in 40s...
[2026-05-29T14:02:47] [INFO] [calypso-direct] [BLE_SCAN] Connecting to Calypso F8:5F:12:9D:D2:EE...
[2026-05-29T14:03:07] [ERROR] [calypso-direct] [ERROR] BLE error (L1 #4): Device with address F8:5F:12:9D:D2:EE was not found.
[2026-05-29T14:03:07] [INFO] [calypso-direct] [BLE_SCAN] Reconnecting in 60s...
[2026-05-29T14:04:07] [INFO] [calypso-direct] [BLE_SCAN] Connecting to Calypso F8:5F:12:9D:D2:EE...
[2026-05-29T14:04:27] [ERROR] [calypso-direct] [ERROR] BLE error (L1 #5): Device with address F8:5F:12:9D:D2:EE was not found.
[2026-05-29T14:04:27] [WARNING] [calypso-direct] [L2] 5 failures — resetting hci0
[2026-05-29T14:04:27] [WARNING] [calypso-direct] [L2] Resetting hci0...
[2026-05-29T14:04:33] [INFO] [calypso-direct] [L2] hci0 reset complete ✅
[2026-05-29T14:04:33] [INFO] [calypso-direct] [BLE_SCAN] Reconnecting in 5s...
[2026-05-29T14:04:38] [INFO] [calypso-direct] [BLE_SCAN] Connecting to Calypso F8:5F:12:9D:D2:EE...
[2026-05-29T14:04:58] [ERROR] [calypso-direct] [ERROR] BLE error (L1 #1): Device with address F8:5F:12:9D:D2:EE was not found.
[2026-05-29T14:04:58] [INFO] [calypso-direct] [BLE_SCAN] Reconnecting in 10s...
[2026-05-29T14:05:08] [INFO] [calypso-direct] [BLE_SCAN] Connecting to Calypso F8:5F:12:9D:D2:EE...
[2026-05-29T14:05:28] [ERROR] [calypso-direct] [ERROR] BLE error (L1 #2): Device with address F8:5F:12:9D:D2:EE was not found.
[2026-05-29T14:05:28] [INFO] [calypso-direct] [BLE_SCAN] Reconnecting in 20s...
[2026-05-29T14:05:48] [INFO] [calypso-direct] [BLE_SCAN] Connecting to Calypso F8:5F:12:9D:D2:EE...
[2026-05-29T14:06:08] [ERROR] [calypso-direct] [ERROR] BLE error (L1 #3): Device with address F8:5F:12:9D:D2:EE was not found.
[2026-05-29T14:06:08] [INFO] [calypso-direct] [BLE_SCAN] Reconnecting in 40s...
[2026-05-29T14:06:48] [INFO] [calypso-direct] [BLE_SCAN] Connecting to Calypso F8:5F:12:9D:D2:EE...
[2026-05-29T14:07:08] [ERROR] [calypso-direct] [ERROR] BLE error (L1 #4): Device with address F8:5F:12:9D:D2:EE was not found.
[2026-05-29T14:07:08] [INFO] [calypso-direct] [BLE_SCAN] Reconnecting in 60s...
[2026-05-29T14:08:08] [INFO] [calypso-direct] [BLE_SCAN] Connecting to Calypso F8:5F:12:9D:D2:EE...
[2026-05-29T14:08:29] [ERROR] [calypso-direct] [ERROR] BLE error (L1 #5): Device with address F8:5F:12:9D:D2:EE was not found.
[2026-05-29T14:08:29] [WARNING] [calypso-direct] [L2] 5 failures — resetting hci0
[2026-05-29T14:08:29] [WARNING] [calypso-direct] [L2] Resetting hci0...
[2026-05-29T14:08:35] [INFO] [calypso-direct] [L2] hci0 reset complete ✅
[2026-05-29T14:08:35] [INFO] [calypso-direct] [BLE_SCAN] Reconnecting in 5s...
[2026-05-29T14:08:40] [INFO] [calypso-direct] [BLE_SCAN] Connecting to Calypso F8:5F:12:9D:D2:EE...
[2026-05-29T14:09:00] [ERROR] [calypso-direct] [ERROR] BLE error (L1 #1): Device with address F8:5F:12:9D:D2:EE was not found.
[2026-05-29T14:09:00] [INFO] [calypso-direct] [BLE_SCAN] Reconnecting in 10s...
[2026-05-29T14:09:10] [INFO] [calypso-direct] [BLE_SCAN] Connecting to Calypso F8:5F:12:9D:D2:EE...
[2026-05-29T14:09:30] [ERROR] [calypso-direct] [ERROR] BLE error (L1 #2): Device with address F8:5F:12:9D:D2:EE was not found.
[2026-05-29T14:09:30] [INFO] [calypso-direct] [BLE_SCAN] Reconnecting in 20s...
[2026-05-29T14:09:50] [INFO] [calypso-direct] [BLE_SCAN] Connecting to Calypso F8:5F:12:9D:D2:EE...
[2026-05-29T14:10:10] [ERROR] [calypso-direct] [ERROR] BLE error (L1 #3): Device with address F8:5F:12:9D:D2:EE was not found.
[2026-05-29T14:10:10] [INFO] [calypso-direct] [BLE_SCAN] Reconnecting in 40s...
[2026-05-29T14:10:50] [INFO] [calypso-direct] [BLE_SCAN] Connecting to Calypso F8:5F:12:9D:D2:EE...
[2026-05-29T14:11:10] [ERROR] [calypso-direct] [ERROR] BLE error (L1 #4): Device with address F8:5F:12:9D:D2:EE was not found.
[2026-05-29T14:11:10] [INFO] [calypso-direct] [BLE_SCAN] Reconnecting in 60s...
[2026-05-29T14:12:10] [INFO] [calypso-direct] [BLE_SCAN] Connecting to Calypso F8:5F:12:9D:D2:EE...
[2026-05-29T14:12:30] [ERROR] [calypso-direct] [ERROR] BLE error (L1 #5): Device with address F8:5F:12:9D:D2:EE was not found.
[2026-05-29T14:12:30] [WARNING] [calypso-direct] [L2] 5 failures — resetting hci0
[2026-05-29T14:12:30] [WARNING] [calypso-direct] [L2] Resetting hci0...
[2026-05-29T14:12:36] [INFO] [calypso-direct] [L2] hci0 reset complete ✅
[2026-05-29T14:12:36] [INFO] [calypso-direct] [BLE_SCAN] Reconnecting in 5s...
[2026-05-29T14:12:41] [INFO] [calypso-direct] [BLE_SCAN] Connecting to Calypso F8:5F:12:9D:D2:EE...
[2026-05-29T14:13:02] [ERROR] [calypso-direct] [ERROR] BLE error (L1 #1): Device with address F8:5F:12:9D:D2:EE was not found.
[2026-05-29T14:13:02] [INFO] [calypso-direct] [BLE_SCAN] Reconnecting in 10s...
[2026-05-29T14:13:12] [INFO] [calypso-direct] [BLE_SCAN] Connecting to Calypso F8:5F:12:9D:D2:EE...
[2026-05-29T14:13:32] [ERROR] [calypso-direct] [ERROR] BLE error (L1 #2): Device with address F8:5F:12:9D:D2:EE was not found.
[2026-05-29T14:13:32] [INFO] [calypso-direct] [BLE_SCAN] Reconnecting in 20s...
[2026-05-29T14:13:52] [INFO] [calypso-direct] [BLE_SCAN] Connecting to Calypso F8:5F:12:9D:D2:EE...
[2026-05-29T14:14:12] [ERROR] [calypso-direct] [ERROR] BLE error (L1 #3): Device with address F8:5F:12:9D:D2:EE was not found.
[2026-05-29T14:14:12] [INFO] [calypso-direct] [BLE_SCAN] Reconnecting in 40s...
[2026-05-29T14:14:52] [INFO] [calypso-direct] [BLE_SCAN] Connecting to Calypso F8:5F:12:9D:D2:EE...
[2026-05-29T14:15:12] [ERROR] [calypso-direct] [ERROR] BLE error (L1 #4): Device with address F8:5F:12:9D:D2:EE was not found.
[2026-05-29T14:15:12] [INFO] [calypso-direct] [BLE_SCAN] Reconnecting in 60s...
[2026-05-29T14:16:12] [INFO] [calypso-direct] [BLE_SCAN] Connecting to Calypso F8:5F:12:9D:D2:EE...
[2026-05-29T14:16:32] [ERROR] [calypso-direct] [ERROR] BLE error (L1 #5): Device with address F8:5F:12:9D:D2:EE was not found.
[2026-05-29T14:16:32] [WARNING] [calypso-direct] [L2] 5 failures — resetting hci0
[2026-05-29T14:16:32] [WARNING] [calypso-direct] [L2] Resetting hci0...
[2026-05-29T14:16:38] [INFO] [calypso-direct] [L2] hci0 reset complete ✅
[2026-05-29T14:16:38] [INFO] [calypso-direct] [BLE_SCAN] Reconnecting in 5s...
[2026-05-29T14:16:43] [INFO] [calypso-direct] [BLE_SCAN] Connecting to Calypso F8:5F:12:9D:D2:EE...
[2026-05-29T14:17:03] [ERROR] [calypso-direct] [ERROR] BLE error (L1 #1): Device with address F8:5F:12:9D:D2:EE was not found.
[2026-05-29T14:17:03] [INFO] [calypso-direct] [BLE_SCAN] Reconnecting in 10s...
[2026-05-29T14:17:13] [INFO] [calypso-direct] [BLE_SCAN] Connecting to Calypso F8:5F:12:9D:D2:EE...
[2026-05-29T14:17:33] [ERROR] [calypso-direct] [ERROR] BLE error (L1 #2): Device with address F8:5F:12:9D:D2:EE was not found.
[2026-05-29T14:17:33] [INFO] [calypso-direct] [BLE_SCAN] Reconnecting in 20s...
[2026-05-29T14:17:53] [INFO] [calypso-direct] [BLE_SCAN] Connecting to Calypso F8:5F:12:9D:D2:EE...
[2026-05-29T14:18:14] [ERROR] [calypso-direct] [ERROR] BLE error (L1 #3): Device with address F8:5F:12:9D:D2:EE was not found.
[2026-05-29T14:18:14] [INFO] [calypso-direct] [BLE_SCAN] Reconnecting in 40s...
[2026-05-29T14:18:54] [INFO] [calypso-direct] [BLE_SCAN] Connecting to Calypso F8:5F:12:9D:D2:EE...
[2026-05-29T14:19:14] [ERROR] [calypso-direct] [ERROR] BLE error (L1 #4): Device with address F8:5F:12:9D:D2:EE was not found.
[2026-05-29T14:19:14] [INFO] [calypso-direct] [BLE_SCAN] Reconnecting in 60s...
[2026-05-29T14:20:14] [INFO] [calypso-direct] [BLE_SCAN] Connecting to Calypso F8:5F:12:9D:D2:EE...
[2026-05-29T14:20:34] [ERROR] [calypso-direct] [ERROR] BLE error (L1 #5): Device with address F8:5F:12:9D:D2:EE was not found.
[2026-05-29T14:20:34] [WARNING] [calypso-direct] [L2] 5 failures — resetting hci0
[2026-05-29T14:20:34] [WARNING] [calypso-direct] [L2] Resetting hci0...
[2026-05-29T14:20:40] [INFO] [calypso-direct] [L2] hci0 reset complete ✅
[2026-05-29T14:20:40] [INFO] [calypso-direct] [BLE_SCAN] Reconnecting in 5s...
[2026-05-29T14:20:45] [INFO] [calypso-direct] [BLE_SCAN] Connecting to Calypso F8:5F:12:9D:D2:EE...
[2026-05-29T14:21:05] [ERROR] [calypso-direct] [ERROR] BLE error (L1 #1): Device with address F8:5F:12:9D:D2:EE was not found.
[2026-05-29T14:21:05] [INFO] [calypso-direct] [BLE_SCAN] Reconnecting in 10s...
[2026-05-29T14:21:15] [INFO] [calypso-direct] [BLE_SCAN] Connecting to Calypso F8:5F:12:9D:D2:EE...
[2026-05-29T14:21:35] [ERROR] [calypso-direct] [ERROR] BLE error (L1 #2): Device with address F8:5F:12:9D:D2:EE was not found.
[2026-05-29T14:21:35] [INFO] [calypso-direct] [BLE_SCAN] Reconnecting in 20s...
[2026-05-29T14:21:55] [INFO] [calypso-direct] [BLE_SCAN] Connecting to Calypso F8:5F:12:9D:D2:EE...
[2026-05-29T14:22:16] [ERROR] [calypso-direct] [ERROR] BLE error (L1 #3): Device with address F8:5F:12:9D:D2:EE was not found.
[2026-05-29T14:22:16] [INFO] [calypso-direct] [BLE_SCAN] Reconnecting in 40s...
[2026-05-29T14:22:56] [INFO] [calypso-direct] [BLE_SCAN] Connecting to Calypso F8:5F:12:9D:D2:EE...
[2026-05-29T14:23:16] [ERROR] [calypso-direct] [ERROR] BLE error (L1 #4): Device with address F8:5F:12:9D:D2:EE was not found.
[2026-05-29T14:23:16] [INFO] [calypso-direct] [BLE_SCAN] Reconnecting in 60s...
[2026-05-29T14:24:16] [INFO] [calypso-direct] [BLE_SCAN] Connecting to Calypso F8:5F:12:9D:D2:EE...
[2026-05-29T14:24:36] [ERROR] [calypso-direct] [ERROR] BLE error (L1 #5): Device with address F8:5F:12:9D:D2:EE was not found.
[2026-05-29T14:24:36] [WARNING] [calypso-direct] [L2] 5 failures — resetting hci0
[2026-05-29T14:24:36] [WARNING] [calypso-direct] [L2] Resetting hci0...
[2026-05-29T14:24:42] [INFO] [calypso-direct] [L2] hci0 reset complete ✅
[2026-05-29T14:24:42] [INFO] [calypso-direct] [BLE_SCAN] Reconnecting in 5s...
[2026-05-29T14:24:47] [INFO] [calypso-direct] [BLE_SCAN] Connecting to Calypso F8:5F:12:9D:D2:EE...
[2026-05-29T14:25:07] [ERROR] [calypso-direct] [ERROR] BLE error (L1 #1): Device with address F8:5F:12:9D:D2:EE was not found.
[2026-05-29T14:25:07] [INFO] [calypso-direct] [BLE_SCAN] Reconnecting in 10s...
[2026-05-29T14:25:17] [INFO] [calypso-direct] [BLE_SCAN] Connecting to Calypso F8:5F:12:9D:D2:EE...
[2026-05-29T14:25:37] [ERROR] [calypso-direct] [ERROR] BLE error (L1 #2): Device with address F8:5F:12:9D:D2:EE was not found.
[2026-05-29T14:25:37] [INFO] [calypso-direct] [BLE_SCAN] Reconnecting in 20s...
[2026-05-29T14:25:57] [INFO] [calypso-direct] [BLE_SCAN] Connecting to Calypso F8:5F:12:9D:D2:EE...
[2026-05-29T14:26:18] [ERROR] [calypso-direct] [ERROR] BLE error (L1 #3): Device with address F8:5F:12:9D:D2:EE was not found.
[2026-05-29T14:26:18] [INFO] [calypso-direct] [BLE_SCAN] Reconnecting in 40s...
[2026-05-29T14:26:58] [INFO] [calypso-direct] [BLE_SCAN] Connecting to Calypso F8:5F:12:9D:D2:EE...
[2026-05-29T14:27:18] [ERROR] [calypso-direct] [ERROR] BLE error (L1 #4): Device with address F8:5F:12:9D:D2:EE was not found.
[2026-05-29T14:27:18] [INFO] [calypso-direct] [BLE_SCAN] Reconnecting in 60s...
[2026-05-29T14:28:18] [INFO] [calypso-direct] [BLE_SCAN] Connecting to Calypso F8:5F:12:9D:D2:EE...
[2026-05-29T14:28:38] [ERROR] [calypso-direct] [ERROR] BLE error (L1 #5): Device with address F8:5F:12:9D:D2:EE was not found.
[2026-05-29T14:28:38] [WARNING] [calypso-direct] [L2] 5 failures — resetting hci0
[2026-05-29T14:28:38] [WARNING] [calypso-direct] [L2] Resetting hci0...
[2026-05-29T14:28:44] [INFO] [calypso-direct] [L2] hci0 reset complete ✅
[2026-05-29T14:28:44] [INFO] [calypso-direct] [BLE_SCAN] Reconnecting in 5s...
[2026-05-29T14:28:49] [INFO] [calypso-direct] [BLE_SCAN] Connecting to Calypso F8:5F:12:9D:D2:EE...
[2026-05-29T14:29:09] [ERROR] [calypso-direct] [ERROR] BLE error (L1 #1): Device with address F8:5F:12:9D:D2:EE was not found.
[2026-05-29T14:29:09] [INFO] [calypso-direct] [BLE_SCAN] Reconnecting in 10s...
[2026-05-29T14:29:19] [INFO] [calypso-direct] [BLE_SCAN] Connecting to Calypso F8:5F:12:9D:D2:EE...
[2026-05-29T14:29:39] [ERROR] [calypso-direct] [ERROR] BLE error (L1 #2): Device with address F8:5F:12:9D:D2:EE was not found.
[2026-05-29T14:29:39] [INFO] [calypso-direct] [BLE_SCAN] Reconnecting in 20s...
[2026-05-29T14:29:59] [INFO] [calypso-direct] [BLE_SCAN] Connecting to Calypso F8:5F:12:9D:D2:EE...
[2026-05-29T14:30:20] [ERROR] [calypso-direct] [ERROR] BLE error (L1 #3): Device with address F8:5F:12:9D:D2:EE was not found.
[2026-05-29T14:30:20] [INFO] [calypso-direct] [BLE_SCAN] Reconnecting in 40s...
[2026-05-29T14:31:00] [INFO] [calypso-direct] [BLE_SCAN] Connecting to Calypso F8:5F:12:9D:D2:EE...
[2026-05-29T14:31:20] [ERROR] [calypso-direct] [ERROR] BLE error (L1 #4): Device with address F8:5F:12:9D:D2:EE was not found.
[2026-05-29T14:31:20] [INFO] [calypso-direct] [BLE_SCAN] Reconnecting in 60s...
[2026-05-29T14:32:20] [INFO] [calypso-direct] [BLE_SCAN] Connecting to Calypso F8:5F:12:9D:D2:EE...
[2026-05-29T14:32:40] [ERROR] [calypso-direct] [ERROR] BLE error (L1 #5): Device with address F8:5F:12:9D:D2:EE was not found.
[2026-05-29T14:32:40] [WARNING] [calypso-direct] [L2] 5 failures — resetting hci0
[2026-05-29T14:32:40] [WARNING] [calypso-direct] [L2] Resetting hci0...
[2026-05-29T14:32:46] [INFO] [calypso-direct] [L2] hci0 reset complete ✅
[2026-05-29T14:32:46] [INFO] [calypso-direct] [BLE_SCAN] Reconnecting in 5s...
[2026-05-29T14:32:51] [INFO] [calypso-direct] [BLE_SCAN] Connecting to Calypso F8:5F:12:9D:D2:EE...
[2026-05-29T14:33:11] [ERROR] [calypso-direct] [ERROR] BLE error (L1 #1): Device with address F8:5F:12:9D:D2:EE was not found.
[2026-05-29T14:33:11] [INFO] [calypso-direct] [BLE_SCAN] Reconnecting in 10s...
[2026-05-29T14:33:21] [INFO] [calypso-direct] [BLE_SCAN] Connecting to Calypso F8:5F:12:9D:D2:EE...
[2026-05-29T14:33:42] [ERROR] [calypso-direct] [ERROR] BLE error (L1 #2): Device with address F8:5F:12:9D:D2:EE was not found.
[2026-05-29T14:33:42] [INFO] [calypso-direct] [BLE_SCAN] Reconnecting in 20s...
[2026-05-29T14:34:02] [INFO] [calypso-direct] [BLE_SCAN] Connecting to Calypso F8:5F:12:9D:D2:EE...
[2026-05-29T14:34:22] [ERROR] [calypso-direct] [ERROR] BLE error (L1 #3): Device with address F8:5F:12:9D:D2:EE was not found.
[2026-05-29T14:34:22] [INFO] [calypso-direct] [BLE_SCAN] Reconnecting in 40s...
[2026-05-29T14:35:02] [INFO] [calypso-direct] [BLE_SCAN] Connecting to Calypso F8:5F:12:9D:D2:EE...
[2026-05-29T14:35:22] [ERROR] [calypso-direct] [ERROR] BLE error (L1 #4): Device with address F8:5F:12:9D:D2:EE was not found.
[2026-05-29T14:35:22] [INFO] [calypso-direct] [BLE_SCAN] Reconnecting in 60s...
[2026-05-29T14:36:22] [INFO] [calypso-direct] [BLE_SCAN] Connecting to Calypso F8:5F:12:9D:D2:EE...
[2026-05-29T14:36:42] [ERROR] [calypso-direct] [ERROR] BLE error (L1 #5): Device with address F8:5F:12:9D:D2:EE was not found.
[2026-05-29T14:36:42] [WARNING] [calypso-direct] [L2] 5 failures — resetting hci0
[2026-05-29T14:36:42] [WARNING] [calypso-direct] [L2] Resetting hci0...
[2026-05-29T14:36:48] [INFO] [calypso-direct] [L2] hci0 reset complete ✅
[2026-05-29T14:36:48] [INFO] [calypso-direct] [BLE_SCAN] Reconnecting in 5s...
[2026-05-29T14:36:53] [INFO] [calypso-direct] [BLE_SCAN] Connecting to Calypso F8:5F:12:9D:D2:EE...
[2026-05-29T14:37:13] [ERROR] [calypso-direct] [ERROR] BLE error (L1 #1): Device with address F8:5F:12:9D:D2:EE was not found.
[2026-05-29T14:37:13] [INFO] [calypso-direct] [BLE_SCAN] Reconnecting in 10s...
[2026-05-29T14:37:23] [INFO] [calypso-direct] [BLE_SCAN] Connecting to Calypso F8:5F:12:9D:D2:EE...
[2026-05-29T14:37:44] [ERROR] [calypso-direct] [ERROR] BLE error (L1 #2): Device with address F8:5F:12:9D:D2:EE was not found.
[2026-05-29T14:37:44] [INFO] [calypso-direct] [BLE_SCAN] Reconnecting in 20s...
[2026-05-29T14:38:04] [INFO] [calypso-direct] [BLE_SCAN] Connecting to Calypso F8:5F:12:9D:D2:EE...
[2026-05-29T14:38:24] [ERROR] [calypso-direct] [ERROR] BLE error (L1 #3): Device with address F8:5F:12:9D:D2:EE was not found.
[2026-05-29T14:38:24] [INFO] [calypso-direct] [BLE_SCAN] Reconnecting in 40s...
[2026-05-29T14:39:04] [INFO] [calypso-direct] [BLE_SCAN] Connecting to Calypso F8:5F:12:9D:D2:EE...
[2026-05-29T14:39:24] [ERROR] [calypso-direct] [ERROR] BLE error (L1 #4): Device with address F8:5F:12:9D:D2:EE was not found.
[2026-05-29T14:39:24] [INFO] [calypso-direct] [BLE_SCAN] Reconnecting in 60s...
[2026-05-29T14:40:24] [INFO] [calypso-direct] [BLE_SCAN] Connecting to Calypso F8:5F:12:9D:D2:EE...
[2026-05-29T14:40:44] [ERROR] [calypso-direct] [ERROR] BLE error (L1 #5): Device with address F8:5F:12:9D:D2:EE was not found.
[2026-05-29T14:40:44] [WARNING] [calypso-direct] [L2] 5 failures — resetting hci0
[2026-05-29T14:40:44] [WARNING] [calypso-direct] [L2] Resetting hci0...
[2026-05-29T14:40:50] [INFO] [calypso-direct] [L2] hci0 reset complete ✅
[2026-05-29T14:40:50] [INFO] [calypso-direct] [BLE_SCAN] Reconnecting in 5s...
[2026-05-29T14:40:55] [INFO] [calypso-direct] [BLE_SCAN] Connecting to Calypso F8:5F:12:9D:D2:EE...
[2026-05-29T14:41:15] [ERROR] [calypso-direct] [ERROR] BLE error (L1 #1): Device with address F8:5F:12:9D:D2:EE was not found.
[2026-05-29T14:41:15] [INFO] [calypso-direct] [BLE_SCAN] Reconnecting in 10s...
[2026-05-29T14:41:25] [INFO] [calypso-direct] [BLE_SCAN] Connecting to Calypso F8:5F:12:9D:D2:EE...
[2026-05-29T14:41:46] [ERROR] [calypso-direct] [ERROR] BLE error (L1 #2): Device with address F8:5F:12:9D:D2:EE was not found.
[2026-05-29T14:41:46] [INFO] [calypso-direct] [BLE_SCAN] Reconnecting in 20s...
[2026-05-29T14:42:06] [INFO] [calypso-direct] [BLE_SCAN] Connecting to Calypso F8:5F:12:9D:D2:EE...
[2026-05-29T14:42:26] [ERROR] [calypso-direct] [ERROR] BLE error (L1 #3): Device with address F8:5F:12:9D:D2:EE was not found.
[2026-05-29T14:42:26] [INFO] [calypso-direct] [BLE_SCAN] Reconnecting in 40s...
[2026-05-29T14:43:06] [INFO] [calypso-direct] [BLE_SCAN] Connecting to Calypso F8:5F:12:9D:D2:EE...
[2026-05-29T14:43:26] [ERROR] [calypso-direct] [ERROR] BLE error (L1 #4): Device with address F8:5F:12:9D:D2:EE was not found.
[2026-05-29T14:43:26] [INFO] [calypso-direct] [BLE_SCAN] Reconnecting in 60s...
[2026-05-29T14:44:26] [INFO] [calypso-direct] [BLE_SCAN] Connecting to Calypso F8:5F:12:9D:D2:EE...
[2026-05-29T14:44:46] [ERROR] [calypso-direct] [ERROR] BLE error (L1 #5): Device with address F8:5F:12:9D:D2:EE was not found.
[2026-05-29T14:44:46] [WARNING] [calypso-direct] [L2] 5 failures — resetting hci0
[2026-05-29T14:44:46] [WARNING] [calypso-direct] [L2] Resetting hci0...
[2026-05-29T14:44:52] [INFO] [calypso-direct] [L2] hci0 reset complete ✅
[2026-05-29T14:44:52] [INFO] [calypso-direct] [BLE_SCAN] Reconnecting in 5s...
[2026-05-29T14:44:57] [INFO] [calypso-direct] [BLE_SCAN] Connecting to Calypso F8:5F:12:9D:D2:EE...
[2026-05-29T14:45:18] [ERROR] [calypso-direct] [ERROR] BLE error (L1 #1): Device with address F8:5F:12:9D:D2:EE was not found.
[2026-05-29T14:45:18] [INFO] [calypso-direct] [BLE_SCAN] Reconnecting in 10s...
[2026-05-29T14:45:28] [INFO] [calypso-direct] [BLE_SCAN] Connecting to Calypso F8:5F:12:9D:D2:EE...
[2026-05-29T14:45:48] [ERROR] [calypso-direct] [ERROR] BLE error (L1 #2): Device with address F8:5F:12:9D:D2:EE was not found.
[2026-05-29T14:45:48] [INFO] [calypso-direct] [BLE_SCAN] Reconnecting in 20s...
[2026-05-29T14:46:08] [INFO] [calypso-direct] [BLE_SCAN] Connecting to Calypso F8:5F:12:9D:D2:EE...
[2026-05-29T14:46:28] [ERROR] [calypso-direct] [ERROR] BLE error (L1 #3): Device with address F8:5F:12:9D:D2:EE was not found.
[2026-05-29T14:46:28] [INFO] [calypso-direct] [BLE_SCAN] Reconnecting in 40s...
[2026-05-29T14:47:08] [INFO] [calypso-direct] [BLE_SCAN] Connecting to Calypso F8:5F:12:9D:D2:EE...
[2026-05-29T14:47:28] [ERROR] [calypso-direct] [ERROR] BLE error (L1 #4): Device with address F8:5F:12:9D:D2:EE was not found.
[2026-05-29T14:47:28] [INFO] [calypso-direct] [BLE_SCAN] Reconnecting in 60s...
[2026-05-29T14:48:28] [INFO] [calypso-direct] [BLE_SCAN] Connecting to Calypso F8:5F:12:9D:D2:EE...
[2026-05-29T14:48:48] [ERROR] [calypso-direct] [ERROR] BLE error (L1 #5): Device with address F8:5F:12:9D:D2:EE was not found.
[2026-05-29T14:48:48] [WARNING] [calypso-direct] [L2] 5 failures — resetting hci0
[2026-05-29T14:48:48] [WARNING] [calypso-direct] [L2] Resetting hci0...
[2026-05-29T14:48:55] [INFO] [calypso-direct] [L2] hci0 reset complete ✅
[2026-05-29T14:48:55] [INFO] [calypso-direct] [BLE_SCAN] Reconnecting in 5s...
[2026-05-29T14:49:00] [INFO] [calypso-direct] [BLE_SCAN] Connecting to Calypso F8:5F:12:9D:D2:EE...
[2026-05-29T14:49:20] [ERROR] [calypso-direct] [ERROR] BLE error (L1 #1): Device with address F8:5F:12:9D:D2:EE was not found.
[2026-05-29T14:49:20] [INFO] [calypso-direct] [BLE_SCAN] Reconnecting in 10s...
[2026-05-29T14:49:30] [INFO] [calypso-direct] [BLE_SCAN] Connecting to Calypso F8:5F:12:9D:D2:EE...
[2026-05-29T14:49:50] [ERROR] [calypso-direct] [ERROR] BLE error (L1 #2): Device with address F8:5F:12:9D:D2:EE was not found.
[2026-05-29T14:49:50] [INFO] [calypso-direct] [BLE_SCAN] Reconnecting in 20s...
[2026-05-29T14:50:10] [INFO] [calypso-direct] [BLE_SCAN] Connecting to Calypso F8:5F:12:9D:D2:EE...
[2026-05-29T14:50:30] [ERROR] [calypso-direct] [ERROR] BLE error (L1 #3): Device with address F8:5F:12:9D:D2:EE was not found.
[2026-05-29T14:50:30] [INFO] [calypso-direct] [BLE_SCAN] Reconnecting in 40s...
[2026-05-29T14:51:10] [INFO] [calypso-direct] [BLE_SCAN] Connecting to Calypso F8:5F:12:9D:D2:EE...
[2026-05-29T14:51:30] [ERROR] [calypso-direct] [ERROR] BLE error (L1 #4): Device with address F8:5F:12:9D:D2:EE was not found.
[2026-05-29T14:51:30] [INFO] [calypso-direct] [BLE_SCAN] Reconnecting in 60s...
[2026-05-29T14:52:30] [INFO] [calypso-direct] [BLE_SCAN] Connecting to Calypso F8:5F:12:9D:D2:EE...
[2026-05-29T14:52:50] [ERROR] [calypso-direct] [ERROR] BLE error (L1 #5): Device with address F8:5F:12:9D:D2:EE was not found.
[2026-05-29T14:52:50] [WARNING] [calypso-direct] [L2] 5 failures — resetting hci0
[2026-05-29T14:52:50] [WARNING] [calypso-direct] [L2] Resetting hci0...
[2026-05-29T14:52:57] [INFO] [calypso-direct] [L2] hci0 reset complete ✅
[2026-05-29T14:52:57] [INFO] [calypso-direct] [BLE_SCAN] Reconnecting in 5s...
[2026-05-29T14:53:02] [INFO] [calypso-direct] [BLE_SCAN] Connecting to Calypso F8:5F:12:9D:D2:EE...
[2026-05-29T14:53:22] [ERROR] [calypso-direct] [ERROR] BLE error (L1 #1): Device with address F8:5F:12:9D:D2:EE was not found.
[2026-05-29T14:53:22] [INFO] [calypso-direct] [BLE_SCAN] Reconnecting in 10s...
[2026-05-29T14:53:32] [INFO] [calypso-direct] [BLE_SCAN] Connecting to Calypso F8:5F:12:9D:D2:EE...
[2026-05-29T14:53:52] [ERROR] [calypso-direct] [ERROR] BLE error (L1 #2): Device with address F8:5F:12:9D:D2:EE was not found.
[2026-05-29T14:53:52] [INFO] [calypso-direct] [BLE_SCAN] Reconnecting in 20s...
[2026-05-29T14:54:12] [INFO] [calypso-direct] [BLE_SCAN] Connecting to Calypso F8:5F:12:9D:D2:EE...
[2026-05-29T14:54:32] [ERROR] [calypso-direct] [ERROR] BLE error (L1 #3): Device with address F8:5F:12:9D:D2:EE was not found.
[2026-05-29T14:54:32] [INFO] [calypso-direct] [BLE_SCAN] Reconnecting in 40s...
[2026-05-29T14:55:12] [INFO] [calypso-direct] [BLE_SCAN] Connecting to Calypso F8:5F:12:9D:D2:EE...
[2026-05-29T14:55:32] [ERROR] [calypso-direct] [ERROR] BLE error (L1 #4): Device with address F8:5F:12:9D:D2:EE was not found.
[2026-05-29T14:55:32] [INFO] [calypso-direct] [BLE_SCAN] Reconnecting in 60s...
[2026-05-29T14:56:32] [INFO] [calypso-direct] [BLE_SCAN] Connecting to Calypso F8:5F:12:9D:D2:EE...
[2026-05-29T14:56:52] [ERROR] [calypso-direct] [ERROR] BLE error (L1 #5): Device with address F8:5F:12:9D:D2:EE was not found.
[2026-05-29T14:56:52] [WARNING] [calypso-direct] [L2] 5 failures — resetting hci0
[2026-05-29T14:56:52] [WARNING] [calypso-direct] [L2] Resetting hci0...
[2026-05-29T14:56:59] [INFO] [calypso-direct] [L2] hci0 reset complete ✅
[2026-05-29T14:56:59] [INFO] [calypso-direct] [BLE_SCAN] Reconnecting in 5s...
[2026-05-29T14:57:04] [INFO] [calypso-direct] [BLE_SCAN] Connecting to Calypso F8:5F:12:9D:D2:EE...
[2026-05-29T14:57:24] [ERROR] [calypso-direct] [ERROR] BLE error (L1 #1): Device with address F8:5F:12:9D:D2:EE was not found.
[2026-05-29T14:57:24] [INFO] [calypso-direct] [BLE_SCAN] Reconnecting in 10s...
[2026-05-29T14:57:34] [INFO] [calypso-direct] [BLE_SCAN] Connecting to Calypso F8:5F:12:9D:D2:EE...
[2026-05-29T14:57:54] [ERROR] [calypso-direct] [ERROR] BLE error (L1 #2): Device with address F8:5F:12:9D:D2:EE was not found.
[2026-05-29T14:57:54] [INFO] [calypso-direct] [BLE_SCAN] Reconnecting in 20s...
[2026-05-29T14:58:14] [INFO] [calypso-direct] [BLE_SCAN] Connecting to Calypso F8:5F:12:9D:D2:EE...
[2026-05-29T14:58:34] [ERROR] [calypso-direct] [ERROR] BLE error (L1 #3): Device with address F8:5F:12:9D:D2:EE was not found.
[2026-05-29T14:58:34] [INFO] [calypso-direct] [BLE_SCAN] Reconnecting in 40s...
[2026-05-29T14:59:14] [INFO] [calypso-direct] [BLE_SCAN] Connecting to Calypso F8:5F:12:9D:D2:EE...
[2026-05-29T14:59:34] [ERROR] [calypso-direct] [ERROR] BLE error (L1 #4): Device with address F8:5F:12:9D:D2:EE was not found.
[2026-05-29T14:59:34] [INFO] [calypso-direct] [BLE_SCAN] Reconnecting in 60s...
[2026-05-29T15:00:34] [INFO] [calypso-direct] [BLE_SCAN] Connecting to Calypso F8:5F:12:9D:D2:EE...
[2026-05-29T15:00:54] [ERROR] [calypso-direct] [ERROR] BLE error (L1 #5): Device with address F8:5F:12:9D:D2:EE was not found.
[2026-05-29T15:00:54] [WARNING] [calypso-direct] [L2] 5 failures — resetting hci0
[2026-05-29T15:00:54] [WARNING] [calypso-direct] [L2] Resetting hci0...
[2026-05-29T15:01:01] [INFO] [calypso-direct] [L2] hci0 reset complete ✅
[2026-05-29T15:01:01] [INFO] [calypso-direct] [BLE_SCAN] Reconnecting in 5s...
[2026-05-29T15:01:06] [INFO] [calypso-direct] [BLE_SCAN] Connecting to Calypso F8:5F:12:9D:D2:EE...
[2026-05-29T15:01:26] [ERROR] [calypso-direct] [ERROR] BLE error (L1 #1): [org.bluez.Error.Failed] No discovery started
[2026-05-29T15:01:26] [INFO] [calypso-direct] [BLE_SCAN] Reconnecting in 10s...
[2026-05-29T15:01:36] [INFO] [calypso-direct] [BLE_SCAN] Connecting to Calypso F8:5F:12:9D:D2:EE...
[2026-05-29T15:01:56] [ERROR] [calypso-direct] [ERROR] BLE error (L1 #2): Device with address F8:5F:12:9D:D2:EE was not found.
[2026-05-29T15:01:56] [INFO] [calypso-direct] [BLE_SCAN] Reconnecting in 20s...
[2026-05-29T15:02:16] [INFO] [calypso-direct] [BLE_SCAN] Connecting to Calypso F8:5F:12:9D:D2:EE...
[2026-05-29T15:02:36] [ERROR] [calypso-direct] [ERROR] BLE error (L1 #3): Device with address F8:5F:12:9D:D2:EE was not found.
[2026-05-29T15:02:36] [INFO] [calypso-direct] [BLE_SCAN] Reconnecting in 40s...
[2026-05-29T15:03:16] [INFO] [calypso-direct] [BLE_SCAN] Connecting to Calypso F8:5F:12:9D:D2:EE...
[2026-05-29T15:03:36] [ERROR] [calypso-direct] [ERROR] BLE error (L1 #4): Device with address F8:5F:12:9D:D2:EE was not found.
[2026-05-29T15:03:36] [INFO] [calypso-direct] [BLE_SCAN] Reconnecting in 60s...
[2026-05-29T15:04:36] [INFO] [calypso-direct] [BLE_SCAN] Connecting to Calypso F8:5F:12:9D:D2:EE...
[2026-05-29T15:04:56] [ERROR] [calypso-direct] [ERROR] BLE error (L1 #5): Device with address F8:5F:12:9D:D2:EE was not found.
[2026-05-29T15:04:56] [WARNING] [calypso-direct] [L2] 5 failures — resetting hci0
[2026-05-29T15:04:56] [WARNING] [calypso-direct] [L2] Resetting hci0...
[2026-05-29T15:05:03] [INFO] [calypso-direct] [L2] hci0 reset complete ✅
[2026-05-29T15:05:03] [INFO] [calypso-direct] [BLE_SCAN] Reconnecting in 5s...
[2026-05-29T15:05:08] [INFO] [calypso-direct] [BLE_SCAN] Connecting to Calypso F8:5F:12:9D:D2:EE...
[2026-05-29T15:05:28] [ERROR] [calypso-direct] [ERROR] BLE error (L1 #1): Device with address F8:5F:12:9D:D2:EE was not found.
[2026-05-29T15:05:28] [INFO] [calypso-direct] [BLE_SCAN] Reconnecting in 10s...
[2026-05-29T15:05:38] [INFO] [calypso-direct] [BLE_SCAN] Connecting to Calypso F8:5F:12:9D:D2:EE...
[2026-05-29T15:05:58] [ERROR] [calypso-direct] [ERROR] BLE error (L1 #2): Device with address F8:5F:12:9D:D2:EE was not found.
[2026-05-29T15:05:58] [INFO] [calypso-direct] [BLE_SCAN] Reconnecting in 20s...
[2026-05-29T15:06:18] [INFO] [calypso-direct] [BLE_SCAN] Connecting to Calypso F8:5F:12:9D:D2:EE...
[2026-05-29T15:06:38] [ERROR] [calypso-direct] [ERROR] BLE error (L1 #3): Device with address F8:5F:12:9D:D2:EE was not found.
[2026-05-29T15:06:38] [INFO] [calypso-direct] [BLE_SCAN] Reconnecting in 40s...
[2026-05-29T15:07:18] [INFO] [calypso-direct] [BLE_SCAN] Connecting to Calypso F8:5F:12:9D:D2:EE...
[2026-05-29T15:07:38] [ERROR] [calypso-direct] [ERROR] BLE error (L1 #4): Device with address F8:5F:12:9D:D2:EE was not found.
[2026-05-29T15:07:38] [INFO] [calypso-direct] [BLE_SCAN] Reconnecting in 60s...
[2026-05-29T15:08:38] [INFO] [calypso-direct] [BLE_SCAN] Connecting to Calypso F8:5F:12:9D:D2:EE...
[2026-05-29T15:08:59] [ERROR] [calypso-direct] [ERROR] BLE error (L1 #5): Device with address F8:5F:12:9D:D2:EE was not found.
[2026-05-29T15:08:59] [WARNING] [calypso-direct] [L2] 5 failures — resetting hci0
[2026-05-29T15:08:59] [WARNING] [calypso-direct] [L2] Resetting hci0...
[2026-05-29T15:09:05] [INFO] [calypso-direct] [L2] hci0 reset complete ✅
[2026-05-29T15:09:05] [INFO] [calypso-direct] [BLE_SCAN] Reconnecting in 5s...
[2026-05-29T15:09:10] [INFO] [calypso-direct] [BLE_SCAN] Connecting to Calypso F8:5F:12:9D:D2:EE...
[2026-05-29T15:09:30] [ERROR] [calypso-direct] [ERROR] BLE error (L1 #1): Device with address F8:5F:12:9D:D2:EE was not found.
[2026-05-29T15:09:30] [INFO] [calypso-direct] [BLE_SCAN] Reconnecting in 10s...
[2026-05-29T15:09:40] [INFO] [calypso-direct] [BLE_SCAN] Connecting to Calypso F8:5F:12:9D:D2:EE...
[2026-05-29T15:10:01] [ERROR] [calypso-direct] [ERROR] BLE error (L1 #2): Device with address F8:5F:12:9D:D2:EE was not found.
[2026-05-29T15:10:01] [INFO] [calypso-direct] [BLE_SCAN] Reconnecting in 20s...
[2026-05-29T15:10:21] [INFO] [calypso-direct] [BLE_SCAN] Connecting to Calypso F8:5F:12:9D:D2:EE...
[2026-05-29T15:10:41] [ERROR] [calypso-direct] [ERROR] BLE error (L1 #3): Device with address F8:5F:12:9D:D2:EE was not found.
[2026-05-29T15:10:41] [INFO] [calypso-direct] [BLE_SCAN] Reconnecting in 40s...
[2026-05-29T15:11:21] [INFO] [calypso-direct] [BLE_SCAN] Connecting to Calypso F8:5F:12:9D:D2:EE...
[2026-05-29T15:11:41] [ERROR] [calypso-direct] [ERROR] BLE error (L1 #4): Device with address F8:5F:12:9D:D2:EE was not found.
[2026-05-29T15:11:41] [INFO] [calypso-direct] [BLE_SCAN] Reconnecting in 60s...
[2026-05-29T15:12:41] [INFO] [calypso-direct] [BLE_SCAN] Connecting to Calypso F8:5F:12:9D:D2:EE...
[2026-05-29T15:13:01] [ERROR] [calypso-direct] [ERROR] BLE error (L1 #5): Device with address F8:5F:12:9D:D2:EE was not found.
[2026-05-29T15:13:01] [WARNING] [calypso-direct] [L2] 5 failures — resetting hci0
[2026-05-29T15:13:01] [WARNING] [calypso-direct] [L2] Resetting hci0...
[2026-05-29T15:13:07] [INFO] [calypso-direct] [L2] hci0 reset complete ✅
[2026-05-29T15:13:07] [INFO] [calypso-direct] [BLE_SCAN] Reconnecting in 5s...
[2026-05-29T15:13:12] [INFO] [calypso-direct] [BLE_SCAN] Connecting to Calypso F8:5F:12:9D:D2:EE...
[2026-05-29T15:13:33] [ERROR] [calypso-direct] [ERROR] BLE error (L1 #1): Device with address F8:5F:12:9D:D2:EE was not found.
[2026-05-29T15:13:33] [INFO] [calypso-direct] [BLE_SCAN] Reconnecting in 10s...
[2026-05-29T15:13:43] [INFO] [calypso-direct] [BLE_SCAN] Connecting to Calypso F8:5F:12:9D:D2:EE...
[2026-05-29T15:14:03] [ERROR] [calypso-direct] [ERROR] BLE error (L1 #2): Device with address F8:5F:12:9D:D2:EE was not found.
[2026-05-29T15:14:03] [INFO] [calypso-direct] [BLE_SCAN] Reconnecting in 20s...
[2026-05-29T15:14:23] [INFO] [calypso-direct] [BLE_SCAN] Connecting to Calypso F8:5F:12:9D:D2:EE...
[2026-05-29T15:14:43] [ERROR] [calypso-direct] [ERROR] BLE error (L1 #3): Device with address F8:5F:12:9D:D2:EE was not found.
[2026-05-29T15:14:43] [INFO] [calypso-direct] [BLE_SCAN] Reconnecting in 40s...
[2026-05-29T15:15:23] [INFO] [calypso-direct] [BLE_SCAN] Connecting to Calypso F8:5F:12:9D:D2:EE...
[2026-05-29T15:15:43] [ERROR] [calypso-direct] [ERROR] BLE error (L1 #4): Device with address F8:5F:12:9D:D2:EE was not found.
[2026-05-29T15:15:43] [INFO] [calypso-direct] [BLE_SCAN] Reconnecting in 60s...
[2026-05-29T15:16:43] [INFO] [calypso-direct] [BLE_SCAN] Connecting to Calypso F8:5F:12:9D:D2:EE...
[2026-05-29T15:17:03] [ERROR] [calypso-direct] [ERROR] BLE error (L1 #5): Device with address F8:5F:12:9D:D2:EE was not found.
[2026-05-29T15:17:03] [WARNING] [calypso-direct] [L2] 5 failures — resetting hci0
[2026-05-29T15:17:03] [WARNING] [calypso-direct] [L2] Resetting hci0...
[2026-05-29T15:17:10] [INFO] [calypso-direct] [L2] hci0 reset complete ✅
[2026-05-29T15:17:10] [INFO] [calypso-direct] [BLE_SCAN] Reconnecting in 5s...
[2026-05-29T15:17:15] [INFO] [calypso-direct] [BLE_SCAN] Connecting to Calypso F8:5F:12:9D:D2:EE...
[2026-05-29T15:17:35] [ERROR] [calypso-direct] [ERROR] BLE error (L1 #1): Device with address F8:5F:12:9D:D2:EE was not found.
[2026-05-29T15:17:35] [INFO] [calypso-direct] [BLE_SCAN] Reconnecting in 10s...
[2026-05-29T15:17:45] [INFO] [calypso-direct] [BLE_SCAN] Connecting to Calypso F8:5F:12:9D:D2:EE...
[2026-05-29T15:18:05] [ERROR] [calypso-direct] [ERROR] BLE error (L1 #2): Device with address F8:5F:12:9D:D2:EE was not found.
[2026-05-29T15:18:05] [INFO] [calypso-direct] [BLE_SCAN] Reconnecting in 20s...
[2026-05-29T15:18:25] [INFO] [calypso-direct] [BLE_SCAN] Connecting to Calypso F8:5F:12:9D:D2:EE...
[2026-05-29T15:18:45] [ERROR] [calypso-direct] [ERROR] BLE error (L1 #3): Device with address F8:5F:12:9D:D2:EE was not found.
[2026-05-29T15:18:45] [INFO] [calypso-direct] [BLE_SCAN] Reconnecting in 40s...
[2026-05-29T15:19:25] [INFO] [calypso-direct] [BLE_SCAN] Connecting to Calypso F8:5F:12:9D:D2:EE...
[2026-05-29T15:19:45] [ERROR] [calypso-direct] [ERROR] BLE error (L1 #4): Device with address F8:5F:12:9D:D2:EE was not found.
[2026-05-29T15:19:45] [INFO] [calypso-direct] [BLE_SCAN] Reconnecting in 60s...
[2026-05-29T15:20:45] [INFO] [calypso-direct] [BLE_SCAN] Connecting to Calypso F8:5F:12:9D:D2:EE...
[2026-05-29T15:21:05] [ERROR] [calypso-direct] [ERROR] BLE error (L1 #5): Device with address F8:5F:12:9D:D2:EE was not found.
[2026-05-29T15:21:05] [WARNING] [calypso-direct] [L2] 5 failures — resetting hci0
[2026-05-29T15:21:05] [WARNING] [calypso-direct] [L2] Resetting hci0...
[2026-05-29T15:21:12] [INFO] [calypso-direct] [L2] hci0 reset complete ✅
[2026-05-29T15:21:12] [INFO] [calypso-direct] [BLE_SCAN] Reconnecting in 5s...
[2026-05-29T15:21:17] [INFO] [calypso-direct] [BLE_SCAN] Connecting to Calypso F8:5F:12:9D:D2:EE...
[2026-05-29T15:21:37] [ERROR] [calypso-direct] [ERROR] BLE error (L1 #1): Device with address F8:5F:12:9D:D2:EE was not found.
[2026-05-29T15:21:37] [INFO] [calypso-direct] [BLE_SCAN] Reconnecting in 10s...
[2026-05-29T15:21:47] [INFO] [calypso-direct] [BLE_SCAN] Connecting to Calypso F8:5F:12:9D:D2:EE...
[2026-05-29T15:22:08] [ERROR] [calypso-direct] [ERROR] BLE error (L1 #2): Device with address F8:5F:12:9D:D2:EE was not found.
[2026-05-29T15:22:08] [INFO] [calypso-direct] [BLE_SCAN] Reconnecting in 20s...
[2026-05-29T15:22:28] [INFO] [calypso-direct] [BLE_SCAN] Connecting to Calypso F8:5F:12:9D:D2:EE...
[2026-05-29T15:22:48] [ERROR] [calypso-direct] [ERROR] BLE error (L1 #3): Device with address F8:5F:12:9D:D2:EE was not found.
[2026-05-29T15:22:48] [INFO] [calypso-direct] [BLE_SCAN] Reconnecting in 40s...
[2026-05-29T15:23:28] [INFO] [calypso-direct] [BLE_SCAN] Connecting to Calypso F8:5F:12:9D:D2:EE...
[2026-05-29T15:23:48] [ERROR] [calypso-direct] [ERROR] BLE error (L1 #4): Device with address F8:5F:12:9D:D2:EE was not found.
[2026-05-29T15:23:48] [INFO] [calypso-direct] [BLE_SCAN] Reconnecting in 60s...
[2026-05-29T15:24:48] [INFO] [calypso-direct] [BLE_SCAN] Connecting to Calypso F8:5F:12:9D:D2:EE...
[2026-05-29T15:25:08] [ERROR] [calypso-direct] [ERROR] BLE error (L1 #5): Device with address F8:5F:12:9D:D2:EE was not found.
[2026-05-29T15:25:08] [WARNING] [calypso-direct] [L2] 5 failures — resetting hci0
[2026-05-29T15:25:08] [WARNING] [calypso-direct] [L2] Resetting hci0...
[2026-05-29T15:25:14] [INFO] [calypso-direct] [L2] hci0 reset complete ✅
[2026-05-29T15:25:14] [INFO] [calypso-direct] [BLE_SCAN] Reconnecting in 5s...
[2026-05-29T15:25:19] [INFO] [calypso-direct] [BLE_SCAN] Connecting to Calypso F8:5F:12:9D:D2:EE...
[2026-05-29T15:25:40] [ERROR] [calypso-direct] [ERROR] BLE error (L1 #1): Device with address F8:5F:12:9D:D2:EE was not found.
[2026-05-29T15:25:40] [INFO] [calypso-direct] [BLE_SCAN] Reconnecting in 10s...
[2026-05-29T15:25:50] [INFO] [calypso-direct] [BLE_SCAN] Connecting to Calypso F8:5F:12:9D:D2:EE...
[2026-05-29T15:26:10] [ERROR] [calypso-direct] [ERROR] BLE error (L1 #2): Device with address F8:5F:12:9D:D2:EE was not found.
[2026-05-29T15:26:10] [INFO] [calypso-direct] [BLE_SCAN] Reconnecting in 20s...
[2026-05-29T15:26:30] [INFO] [calypso-direct] [BLE_SCAN] Connecting to Calypso F8:5F:12:9D:D2:EE...
[2026-05-29T15:26:50] [ERROR] [calypso-direct] [ERROR] BLE error (L1 #3): Device with address F8:5F:12:9D:D2:EE was not found.
[2026-05-29T15:26:50] [INFO] [calypso-direct] [BLE_SCAN] Reconnecting in 40s...
[2026-05-29T15:27:30] [INFO] [calypso-direct] [BLE_SCAN] Connecting to Calypso F8:5F:12:9D:D2:EE...
[2026-05-29T15:27:50] [ERROR] [calypso-direct] [ERROR] BLE error (L1 #4): Device with address F8:5F:12:9D:D2:EE was not found.
[2026-05-29T15:27:50] [INFO] [calypso-direct] [BLE_SCAN] Reconnecting in 60s...
[2026-05-29T15:28:50] [INFO] [calypso-direct] [BLE_SCAN] Connecting to Calypso F8:5F:12:9D:D2:EE...
[2026-05-29T15:29:10] [ERROR] [calypso-direct] [ERROR] BLE error (L1 #5): Device with address F8:5F:12:9D:D2:EE was not found.
[2026-05-29T15:29:10] [WARNING] [calypso-direct] [L2] 5 failures — resetting hci0
[2026-05-29T15:29:10] [WARNING] [calypso-direct] [L2] Resetting hci0...
[2026-05-29T15:29:17] [INFO] [calypso-direct] [L2] hci0 reset complete ✅
[2026-05-29T15:29:17] [INFO] [calypso-direct] [BLE_SCAN] Reconnecting in 5s...
[2026-05-29T15:29:22] [INFO] [calypso-direct] [BLE_SCAN] Connecting to Calypso F8:5F:12:9D:D2:EE...
[2026-05-29T15:29:42] [ERROR] [calypso-direct] [ERROR] BLE error (L1 #1): Device with address F8:5F:12:9D:D2:EE was not found.
[2026-05-29T15:29:42] [INFO] [calypso-direct] [BLE_SCAN] Reconnecting in 10s...
[2026-05-29T15:29:52] [INFO] [calypso-direct] [BLE_SCAN] Connecting to Calypso F8:5F:12:9D:D2:EE...
[2026-05-29T15:30:12] [ERROR] [calypso-direct] [ERROR] BLE error (L1 #2): Device with address F8:5F:12:9D:D2:EE was not found.
[2026-05-29T15:30:12] [INFO] [calypso-direct] [BLE_SCAN] Reconnecting in 20s...
[2026-05-29T15:30:32] [INFO] [calypso-direct] [BLE_SCAN] Connecting to Calypso F8:5F:12:9D:D2:EE...
[2026-05-29T15:30:52] [ERROR] [calypso-direct] [ERROR] BLE error (L1 #3): Device with address F8:5F:12:9D:D2:EE was not found.
[2026-05-29T15:30:52] [INFO] [calypso-direct] [BLE_SCAN] Reconnecting in 40s...
[2026-05-29T15:31:32] [INFO] [calypso-direct] [BLE_SCAN] Connecting to Calypso F8:5F:12:9D:D2:EE...
[2026-05-29T15:31:52] [ERROR] [calypso-direct] [ERROR] BLE error (L1 #4): Device with address F8:5F:12:9D:D2:EE was not found.
[2026-05-29T15:31:52] [INFO] [calypso-direct] [BLE_SCAN] Reconnecting in 60s...
[2026-05-29T15:32:52] [INFO] [calypso-direct] [BLE_SCAN] Connecting to Calypso F8:5F:12:9D:D2:EE...
[2026-05-29T15:33:12] [ERROR] [calypso-direct] [ERROR] BLE error (L1 #5): [org.bluez.Error.Failed] No discovery started
[2026-05-29T15:33:12] [WARNING] [calypso-direct] [L2] 5 failures — resetting hci0
[2026-05-29T15:33:12] [WARNING] [calypso-direct] [L2] Resetting hci0...
[2026-05-29T15:33:18] [INFO] [calypso-direct] [L2] hci0 reset complete ✅
[2026-05-29T15:33:18] [INFO] [calypso-direct] [BLE_SCAN] Reconnecting in 5s...
[2026-05-29T15:33:23] [INFO] [calypso-direct] [BLE_SCAN] Connecting to Calypso F8:5F:12:9D:D2:EE...
[2026-05-29T15:33:43] [ERROR] [calypso-direct] [ERROR] BLE error (L1 #1): Device with address F8:5F:12:9D:D2:EE was not found.
[2026-05-29T15:33:43] [INFO] [calypso-direct] [BLE_SCAN] Reconnecting in 10s...
[2026-05-29T15:33:53] [INFO] [calypso-direct] [BLE_SCAN] Connecting to Calypso F8:5F:12:9D:D2:EE...
[2026-05-29T15:34:13] [ERROR] [calypso-direct] [ERROR] BLE error (L1 #2): Device with address F8:5F:12:9D:D2:EE was not found.
[2026-05-29T15:34:13] [INFO] [calypso-direct] [BLE_SCAN] Reconnecting in 20s...
[2026-05-29T15:34:33] [INFO] [calypso-direct] [BLE_SCAN] Connecting to Calypso F8:5F:12:9D:D2:EE...
[2026-05-29T15:34:54] [ERROR] [calypso-direct] [ERROR] BLE error (L1 #3): Device with address F8:5F:12:9D:D2:EE was not found.
[2026-05-29T15:34:54] [INFO] [calypso-direct] [BLE_SCAN] Reconnecting in 40s...
[2026-05-29T15:35:34] [INFO] [calypso-direct] [BLE_SCAN] Connecting to Calypso F8:5F:12:9D:D2:EE...
[2026-05-29T15:35:54] [ERROR] [calypso-direct] [ERROR] BLE error (L1 #4): Device with address F8:5F:12:9D:D2:EE was not found.
[2026-05-29T15:35:54] [INFO] [calypso-direct] [BLE_SCAN] Reconnecting in 60s...
[2026-05-29T15:36:54] [INFO] [calypso-direct] [BLE_SCAN] Connecting to Calypso F8:5F:12:9D:D2:EE...
[2026-05-29T15:37:14] [ERROR] [calypso-direct] [ERROR] BLE error (L1 #5): Device with address F8:5F:12:9D:D2:EE was not found.
[2026-05-29T15:37:14] [WARNING] [calypso-direct] [L2] 5 failures — resetting hci0
[2026-05-29T15:37:14] [WARNING] [calypso-direct] [L2] Resetting hci0...
[2026-05-29T15:37:20] [INFO] [calypso-direct] [L2] hci0 reset complete ✅
[2026-05-29T15:37:20] [INFO] [calypso-direct] [BLE_SCAN] Reconnecting in 5s...
[2026-05-29T15:37:25] [INFO] [calypso-direct] [BLE_SCAN] Connecting to Calypso F8:5F:12:9D:D2:EE...
[2026-05-29T15:37:45] [ERROR] [calypso-direct] [ERROR] BLE error (L1 #1): Device with address F8:5F:12:9D:D2:EE was not found.
[2026-05-29T15:37:45] [INFO] [calypso-direct] [BLE_SCAN] Reconnecting in 10s...
[2026-05-29T15:37:55] [INFO] [calypso-direct] [BLE_SCAN] Connecting to Calypso F8:5F:12:9D:D2:EE...
[2026-05-29T15:38:16] [ERROR] [calypso-direct] [ERROR] BLE error (L1 #2): Device with address F8:5F:12:9D:D2:EE was not found.
[2026-05-29T15:38:16] [INFO] [calypso-direct] [BLE_SCAN] Reconnecting in 20s...
[2026-05-29T15:38:36] [INFO] [calypso-direct] [BLE_SCAN] Connecting to Calypso F8:5F:12:9D:D2:EE...
[2026-05-29T15:38:56] [ERROR] [calypso-direct] [ERROR] BLE error (L1 #3): Device with address F8:5F:12:9D:D2:EE was not found.
[2026-05-29T15:38:56] [INFO] [calypso-direct] [BLE_SCAN] Reconnecting in 40s...
[2026-05-29T15:39:36] [INFO] [calypso-direct] [BLE_SCAN] Connecting to Calypso F8:5F:12:9D:D2:EE...
[2026-05-29T15:39:56] [ERROR] [calypso-direct] [ERROR] BLE error (L1 #4): Device with address F8:5F:12:9D:D2:EE was not found.
[2026-05-29T15:39:56] [INFO] [calypso-direct] [BLE_SCAN] Reconnecting in 60s...
[2026-05-29T15:40:09] [INFO] [calypso-direct] [SHUTDOWN] Signal 15 — stopping
[2026-05-29T15:40:56] [INFO] [calypso-direct] [SHUTDOWN] calypso_direct stopped — PID released
[2026-05-29T15:40:57] [INFO] [calypso-direct] [STARTUP] Singleton acquired (PID 107278)
[2026-05-29T15:40:57] [INFO] [calypso-direct] [STARTUP] ============================================================
[2026-05-29T15:40:57] [INFO] [calypso-direct] [STARTUP] calypso_direct — Calypso UP10 BLE Driver
[2026-05-29T15:40:57] [INFO] [calypso-direct] [STARTUP] MAC=F8:5F:12:9D:D2:EE Rate=4Hz SK=UDP:4123
[2026-05-29T15:40:57] [INFO] [calypso-direct] [STARTUP] Timeout=60s L2_threshold=20
[2026-05-29T15:40:57] [INFO] [calypso-direct] [STARTUP] ============================================================
[2026-05-29T15:40:57] [INFO] [calypso-direct] [DEPENDENCY_CHECK] hci0: RUNNING ✅
[2026-05-29T15:40:57] [INFO] [calypso-direct] [BLE_SCAN] Connecting to Calypso F8:5F:12:9D:D2:EE...
[2026-05-29T15:41:18] [ERROR] [calypso-direct] [ERROR] BLE error (L1 #1): Device with address F8:5F:12:9D:D2:EE was not found.
[2026-05-29T15:41:18] [INFO] [calypso-direct] [BLE_SCAN] Reconnecting in 5s...
[2026-05-29T15:41:23] [INFO] [calypso-direct] [BLE_SCAN] Connecting to Calypso F8:5F:12:9D:D2:EE...
[2026-05-29T15:41:43] [ERROR] [calypso-direct] [ERROR] BLE error (L1 #2): Device with address F8:5F:12:9D:D2:EE was not found.
[2026-05-29T15:41:43] [INFO] [calypso-direct] [BLE_SCAN] Reconnecting in 10s...
[2026-05-29T15:41:53] [INFO] [calypso-direct] [BLE_SCAN] Connecting to Calypso F8:5F:12:9D:D2:EE...
[2026-05-29T15:42:13] [ERROR] [calypso-direct] [ERROR] BLE error (L1 #3): Device with address F8:5F:12:9D:D2:EE was not found.
[2026-05-29T15:42:13] [INFO] [calypso-direct] [BLE_SCAN] Reconnecting in 20s...
[2026-05-29T15:42:33] [INFO] [calypso-direct] [BLE_SCAN] Connecting to Calypso F8:5F:12:9D:D2:EE...
[2026-05-29T15:42:53] [ERROR] [calypso-direct] [ERROR] BLE error (L1 #4): Device with address F8:5F:12:9D:D2:EE was not found.
[2026-05-29T15:42:53] [INFO] [calypso-direct] [BLE_SCAN] Reconnecting in 40s...
[2026-05-29T15:43:33] [INFO] [calypso-direct] [BLE_SCAN] Connecting to Calypso F8:5F:12:9D:D2:EE...
[2026-05-29T15:43:53] [ERROR] [calypso-direct] [ERROR] BLE error (L1 #5): Device with address F8:5F:12:9D:D2:EE was not found.
[2026-05-29T15:43:53] [INFO] [calypso-direct] [BLE_SCAN] Reconnecting in 60s...
[2026-05-29T15:44:53] [INFO] [calypso-direct] [BLE_SCAN] Connecting to Calypso F8:5F:12:9D:D2:EE...
[2026-05-29T15:45:13] [ERROR] [calypso-direct] [ERROR] BLE error (L1 #6): Device with address F8:5F:12:9D:D2:EE was not found.
[2026-05-29T15:45:13] [INFO] [calypso-direct] [BLE_SCAN] Reconnecting in 60s...
[2026-05-29T15:46:13] [INFO] [calypso-direct] [BLE_SCAN] Connecting to Calypso F8:5F:12:9D:D2:EE...
[2026-05-29T15:46:33] [ERROR] [calypso-direct] [ERROR] BLE error (L1 #7): Device with address F8:5F:12:9D:D2:EE was not found.
[2026-05-29T15:46:33] [INFO] [calypso-direct] [BLE_SCAN] Reconnecting in 60s...
[2026-05-29T15:47:33] [INFO] [calypso-direct] [BLE_SCAN] Connecting to Calypso F8:5F:12:9D:D2:EE...
[2026-05-29T15:47:53] [ERROR] [calypso-direct] [ERROR] BLE error (L1 #8): Device with address F8:5F:12:9D:D2:EE was not found.
[2026-05-29T15:47:53] [INFO] [calypso-direct] [BLE_SCAN] Reconnecting in 60s...
[2026-05-29T15:48:53] [INFO] [calypso-direct] [BLE_SCAN] Connecting to Calypso F8:5F:12:9D:D2:EE...
[2026-05-29T15:49:14] [ERROR] [calypso-direct] [ERROR] BLE error (L1 #9): Device with address F8:5F:12:9D:D2:EE was not found.
[2026-05-29T15:49:14] [INFO] [calypso-direct] [BLE_SCAN] Reconnecting in 60s...
[2026-05-29T15:50:14] [INFO] [calypso-direct] [BLE_SCAN] Connecting to Calypso F8:5F:12:9D:D2:EE...
[2026-05-29T15:50:34] [ERROR] [calypso-direct] [ERROR] BLE error (L1 #10): Device with address F8:5F:12:9D:D2:EE was not found.
[2026-05-29T15:50:34] [INFO] [calypso-direct] [BLE_SCAN] Reconnecting in 60s...
[2026-05-29T15:51:34] [INFO] [calypso-direct] [BLE_SCAN] Connecting to Calypso F8:5F:12:9D:D2:EE...
[2026-05-29T15:51:54] [ERROR] [calypso-direct] [ERROR] BLE error (L1 #11): Device with address F8:5F:12:9D:D2:EE was not found.
[2026-05-29T15:51:54] [INFO] [calypso-direct] [BLE_SCAN] Reconnecting in 60s...
[2026-05-29T15:52:54] [INFO] [calypso-direct] [BLE_SCAN] Connecting to Calypso F8:5F:12:9D:D2:EE...
[2026-05-29T15:53:14] [ERROR] [calypso-direct] [ERROR] BLE error (L1 #12): Device with address F8:5F:12:9D:D2:EE was not found.
[2026-05-29T15:53:14] [INFO] [calypso-direct] [BLE_SCAN] Reconnecting in 60s...
[2026-05-29T15:54:14] [INFO] [calypso-direct] [BLE_SCAN] Connecting to Calypso F8:5F:12:9D:D2:EE...
[2026-05-29T15:54:34] [ERROR] [calypso-direct] [ERROR] BLE error (L1 #13): Device with address F8:5F:12:9D:D2:EE was not found.
[2026-05-29T15:54:34] [INFO] [calypso-direct] [BLE_SCAN] Reconnecting in 60s...
[2026-05-29T15:55:34] [INFO] [calypso-direct] [BLE_SCAN] Connecting to Calypso F8:5F:12:9D:D2:EE...
[2026-05-29T15:55:54] [ERROR] [calypso-direct] [ERROR] BLE error (L1 #14): Device with address F8:5F:12:9D:D2:EE was not found.
[2026-05-29T15:55:54] [INFO] [calypso-direct] [BLE_SCAN] Reconnecting in 60s...
[2026-05-29T15:56:54] [INFO] [calypso-direct] [BLE_SCAN] Connecting to Calypso F8:5F:12:9D:D2:EE...
[2026-05-29T15:57:15] [ERROR] [calypso-direct] [ERROR] BLE error (L1 #15): Device with address F8:5F:12:9D:D2:EE was not found.
[2026-05-29T15:57:15] [INFO] [calypso-direct] [BLE_SCAN] Reconnecting in 60s...
[2026-05-29T15:58:15] [INFO] [calypso-direct] [BLE_SCAN] Connecting to Calypso F8:5F:12:9D:D2:EE...
[2026-05-29T15:58:35] [ERROR] [calypso-direct] [ERROR] BLE error (L1 #16): Device with address F8:5F:12:9D:D2:EE was not found.
[2026-05-29T15:58:35] [INFO] [calypso-direct] [BLE_SCAN] Reconnecting in 60s...
[2026-05-29T15:59:35] [INFO] [calypso-direct] [BLE_SCAN] Connecting to Calypso F8:5F:12:9D:D2:EE...
[2026-05-29T15:59:55] [ERROR] [calypso-direct] [ERROR] BLE error (L1 #17): Device with address F8:5F:12:9D:D2:EE was not found.
[2026-05-29T15:59:55] [INFO] [calypso-direct] [BLE_SCAN] Reconnecting in 60s...
[2026-05-29T16:00:55] [INFO] [calypso-direct] [BLE_SCAN] Connecting to Calypso F8:5F:12:9D:D2:EE...
[2026-05-29T16:01:15] [ERROR] [calypso-direct] [ERROR] BLE error (L1 #18): Device with address F8:5F:12:9D:D2:EE was not found.
[2026-05-29T16:01:15] [INFO] [calypso-direct] [BLE_SCAN] Reconnecting in 60s...
[2026-05-29T16:02:15] [INFO] [calypso-direct] [BLE_SCAN] Connecting to Calypso F8:5F:12:9D:D2:EE...
[2026-05-29T16:02:35] [ERROR] [calypso-direct] [ERROR] BLE error (L1 #19): Device with address F8:5F:12:9D:D2:EE was not found.
[2026-05-29T16:02:35] [INFO] [calypso-direct] [BLE_SCAN] Reconnecting in 60s...
[2026-05-29T16:03:35] [INFO] [calypso-direct] [BLE_SCAN] Connecting to Calypso F8:5F:12:9D:D2:EE...
[2026-05-29T16:03:55] [ERROR] [calypso-direct] [ERROR] BLE error (L1 #20): Device with address F8:5F:12:9D:D2:EE was not found.
[2026-05-29T16:03:55] [WARNING] [calypso-direct] [L2] 20 failures — resetting hci0
[2026-05-29T16:03:55] [WARNING] [calypso-direct] [L2] Resetting hci0...
[2026-05-29T16:04:02] [INFO] [calypso-direct] [L2] hci0 reset complete ✅
[2026-05-29T16:04:02] [INFO] [calypso-direct] [BLE_SCAN] Reconnecting in 5s...
[2026-05-29T16:04:07] [INFO] [calypso-direct] [BLE_SCAN] Connecting to Calypso F8:5F:12:9D:D2:EE...
[2026-05-29T16:04:27] [ERROR] [calypso-direct] [ERROR] BLE error (L1 #1): Device with address F8:5F:12:9D:D2:EE was not found.
[2026-05-29T16:04:27] [INFO] [calypso-direct] [BLE_SCAN] Reconnecting in 10s...
[2026-05-29T16:04:37] [INFO] [calypso-direct] [BLE_SCAN] Connecting to Calypso F8:5F:12:9D:D2:EE...
[2026-05-29T16:04:57] [ERROR] [calypso-direct] [ERROR] BLE error (L1 #2): Device with address F8:5F:12:9D:D2:EE was not found.
[2026-05-29T16:04:57] [INFO] [calypso-direct] [BLE_SCAN] Reconnecting in 20s...
[2026-05-29T16:05:17] [INFO] [calypso-direct] [BLE_SCAN] Connecting to Calypso F8:5F:12:9D:D2:EE...
[2026-05-29T16:05:37] [ERROR] [calypso-direct] [ERROR] BLE error (L1 #3): Device with address F8:5F:12:9D:D2:EE was not found.
[2026-05-29T16:05:37] [INFO] [calypso-direct] [BLE_SCAN] Reconnecting in 40s...
[2026-05-29T16:06:17] [INFO] [calypso-direct] [BLE_SCAN] Connecting to Calypso F8:5F:12:9D:D2:EE...
[2026-05-29T16:06:37] [ERROR] [calypso-direct] [ERROR] BLE error (L1 #4): Device with address F8:5F:12:9D:D2:EE was not found.
[2026-05-29T16:06:37] [INFO] [calypso-direct] [BLE_SCAN] Reconnecting in 60s...
[2026-05-29T16:07:37] [INFO] [calypso-direct] [BLE_SCAN] Connecting to Calypso F8:5F:12:9D:D2:EE...
[2026-05-29T16:07:57] [ERROR] [calypso-direct] [ERROR] BLE error (L1 #5): Device with address F8:5F:12:9D:D2:EE was not found.
[2026-05-29T16:07:57] [INFO] [calypso-direct] [BLE_SCAN] Reconnecting in 60s...
[2026-05-29T16:08:57] [INFO] [calypso-direct] [BLE_SCAN] Connecting to Calypso F8:5F:12:9D:D2:EE...
[2026-05-29T16:09:17] [ERROR] [calypso-direct] [ERROR] BLE error (L1 #6): Device with address F8:5F:12:9D:D2:EE was not found.
[2026-05-29T16:09:17] [INFO] [calypso-direct] [BLE_SCAN] Reconnecting in 60s...
[2026-05-29T16:10:17] [INFO] [calypso-direct] [BLE_SCAN] Connecting to Calypso F8:5F:12:9D:D2:EE...
[2026-05-29T16:10:38] [ERROR] [calypso-direct] [ERROR] BLE error (L1 #7): Device with address F8:5F:12:9D:D2:EE was not found.
[2026-05-29T16:10:38] [INFO] [calypso-direct] [BLE_SCAN] Reconnecting in 60s...
[2026-05-29T16:11:38] [INFO] [calypso-direct] [BLE_SCAN] Connecting to Calypso F8:5F:12:9D:D2:EE...
[2026-05-29T16:11:58] [ERROR] [calypso-direct] [ERROR] BLE error (L1 #8): Device with address F8:5F:12:9D:D2:EE was not found.
[2026-05-29T16:11:58] [INFO] [calypso-direct] [BLE_SCAN] Reconnecting in 60s...
[2026-05-29T16:12:58] [INFO] [calypso-direct] [BLE_SCAN] Connecting to Calypso F8:5F:12:9D:D2:EE...
[2026-05-29T16:13:18] [ERROR] [calypso-direct] [ERROR] BLE error (L1 #9): Device with address F8:5F:12:9D:D2:EE was not found.
[2026-05-29T16:13:18] [INFO] [calypso-direct] [BLE_SCAN] Reconnecting in 60s...
[2026-05-29T16:14:18] [INFO] [calypso-direct] [BLE_SCAN] Connecting to Calypso F8:5F:12:9D:D2:EE...
[2026-05-29T16:14:38] [ERROR] [calypso-direct] [ERROR] BLE error (L1 #10): Device with address F8:5F:12:9D:D2:EE was not found.
[2026-05-29T16:14:38] [INFO] [calypso-direct] [BLE_SCAN] Reconnecting in 60s...
[2026-05-29T16:15:38] [INFO] [calypso-direct] [BLE_SCAN] Connecting to Calypso F8:5F:12:9D:D2:EE...
[2026-05-29T16:15:58] [ERROR] [calypso-direct] [ERROR] BLE error (L1 #11): Device with address F8:5F:12:9D:D2:EE was not found.
[2026-05-29T16:15:58] [INFO] [calypso-direct] [BLE_SCAN] Reconnecting in 60s...
[2026-05-29T16:16:58] [INFO] [calypso-direct] [BLE_SCAN] Connecting to Calypso F8:5F:12:9D:D2:EE...
[2026-05-29T16:17:18] [ERROR] [calypso-direct] [ERROR] BLE error (L1 #12): Device with address F8:5F:12:9D:D2:EE was not found.
[2026-05-29T16:17:18] [INFO] [calypso-direct] [BLE_SCAN] Reconnecting in 60s...
[2026-05-29T16:18:18] [INFO] [calypso-direct] [BLE_SCAN] Connecting to Calypso F8:5F:12:9D:D2:EE...
[2026-05-29T16:18:39] [ERROR] [calypso-direct] [ERROR] BLE error (L1 #13): Device with address F8:5F:12:9D:D2:EE was not found.
[2026-05-29T16:18:39] [INFO] [calypso-direct] [BLE_SCAN] Reconnecting in 60s...
[2026-05-29T16:19:39] [INFO] [calypso-direct] [BLE_SCAN] Connecting to Calypso F8:5F:12:9D:D2:EE...
[2026-05-29T16:19:59] [ERROR] [calypso-direct] [ERROR] BLE error (L1 #14): Device with address F8:5F:12:9D:D2:EE was not found.
[2026-05-29T16:19:59] [INFO] [calypso-direct] [BLE_SCAN] Reconnecting in 60s...
[2026-05-29T16:20:59] [INFO] [calypso-direct] [BLE_SCAN] Connecting to Calypso F8:5F:12:9D:D2:EE...
[2026-05-29T16:21:19] [ERROR] [calypso-direct] [ERROR] BLE error (L1 #15): Device with address F8:5F:12:9D:D2:EE was not found.
[2026-05-29T16:21:19] [INFO] [calypso-direct] [BLE_SCAN] Reconnecting in 60s...
[2026-05-29T16:22:19] [INFO] [calypso-direct] [BLE_SCAN] Connecting to Calypso F8:5F:12:9D:D2:EE...
[2026-05-29T16:22:39] [ERROR] [calypso-direct] [ERROR] BLE error (L1 #16): Device with address F8:5F:12:9D:D2:EE was not found.
[2026-05-29T16:22:39] [INFO] [calypso-direct] [BLE_SCAN] Reconnecting in 60s...
[2026-05-29T16:23:39] [INFO] [calypso-direct] [BLE_SCAN] Connecting to Calypso F8:5F:12:9D:D2:EE...
[2026-05-29T16:23:59] [ERROR] [calypso-direct] [ERROR] BLE error (L1 #17): Device with address F8:5F:12:9D:D2:EE was not found.
[2026-05-29T16:23:59] [INFO] [calypso-direct] [BLE_SCAN] Reconnecting in 60s...
[2026-05-29T16:24:59] [INFO] [calypso-direct] [BLE_SCAN] Connecting to Calypso F8:5F:12:9D:D2:EE...
[2026-05-29T16:25:19] [ERROR] [calypso-direct] [ERROR] BLE error (L1 #18): Device with address F8:5F:12:9D:D2:EE was not found.
[2026-05-29T16:25:19] [INFO] [calypso-direct] [BLE_SCAN] Reconnecting in 60s...
[2026-05-29T16:26:19] [INFO] [calypso-direct] [BLE_SCAN] Connecting to Calypso F8:5F:12:9D:D2:EE...
[2026-05-29T16:26:40] [ERROR] [calypso-direct] [ERROR] BLE error (L1 #19): Device with address F8:5F:12:9D:D2:EE was not found.
[2026-05-29T16:26:40] [INFO] [calypso-direct] [BLE_SCAN] Reconnecting in 60s...
[2026-05-29T16:27:40] [INFO] [calypso-direct] [BLE_SCAN] Connecting to Calypso F8:5F:12:9D:D2:EE...
[2026-05-29T16:28:00] [ERROR] [calypso-direct] [ERROR] BLE error (L1 #20): Device with address F8:5F:12:9D:D2:EE was not found.
[2026-05-29T16:28:00] [WARNING] [calypso-direct] [L2] 20 failures — resetting hci0
[2026-05-29T16:28:00] [WARNING] [calypso-direct] [L2] Resetting hci0...
[2026-05-29T16:28:06] [INFO] [calypso-direct] [L2] hci0 reset complete ✅
[2026-05-29T16:28:06] [INFO] [calypso-direct] [BLE_SCAN] Reconnecting in 5s...
[2026-05-29T16:28:11] [INFO] [calypso-direct] [BLE_SCAN] Connecting to Calypso F8:5F:12:9D:D2:EE...
[2026-05-29T16:28:33] [ERROR] [calypso-direct] [ERROR] BLE error (L1 #1): Device with address F8:5F:12:9D:D2:EE was not found.
[2026-05-29T16:28:33] [INFO] [calypso-direct] [BLE_SCAN] Reconnecting in 10s...
[2026-05-29T16:28:43] [INFO] [calypso-direct] [BLE_SCAN] Connecting to Calypso F8:5F:12:9D:D2:EE...
[2026-05-29T16:29:03] [ERROR] [calypso-direct] [ERROR] BLE error (L1 #2): Device with address F8:5F:12:9D:D2:EE was not found.
[2026-05-29T16:29:03] [INFO] [calypso-direct] [BLE_SCAN] Reconnecting in 20s...
[2026-05-29T16:29:23] [INFO] [calypso-direct] [BLE_SCAN] Connecting to Calypso F8:5F:12:9D:D2:EE...
[2026-05-29T16:29:43] [ERROR] [calypso-direct] [ERROR] BLE error (L1 #3): Device with address F8:5F:12:9D:D2:EE was not found.
[2026-05-29T16:29:43] [INFO] [calypso-direct] [BLE_SCAN] Reconnecting in 40s...
[2026-05-29T16:30:23] [INFO] [calypso-direct] [BLE_SCAN] Connecting to Calypso F8:5F:12:9D:D2:EE...
[2026-05-29T16:30:43] [ERROR] [calypso-direct] [ERROR] BLE error (L1 #4): Device with address F8:5F:12:9D:D2:EE was not found.
[2026-05-29T16:30:43] [INFO] [calypso-direct] [BLE_SCAN] Reconnecting in 60s...
[2026-05-29T16:31:43] [INFO] [calypso-direct] [BLE_SCAN] Connecting to Calypso F8:5F:12:9D:D2:EE...
[2026-05-29T16:32:04] [ERROR] [calypso-direct] [ERROR] BLE error (L1 #5): Device with address F8:5F:12:9D:D2:EE was not found.
[2026-05-29T16:32:04] [INFO] [calypso-direct] [BLE_SCAN] Reconnecting in 60s...
[2026-05-29T16:33:04] [INFO] [calypso-direct] [BLE_SCAN] Connecting to Calypso F8:5F:12:9D:D2:EE...
[2026-05-29T16:33:24] [ERROR] [calypso-direct] [ERROR] BLE error (L1 #6): Device with address F8:5F:12:9D:D2:EE was not found.
[2026-05-29T16:33:24] [INFO] [calypso-direct] [BLE_SCAN] Reconnecting in 60s...
[2026-05-29T16:34:24] [INFO] [calypso-direct] [BLE_SCAN] Connecting to Calypso F8:5F:12:9D:D2:EE...
[2026-05-29T16:34:44] [ERROR] [calypso-direct] [ERROR] BLE error (L1 #7): Device with address F8:5F:12:9D:D2:EE was not found.
[2026-05-29T16:34:44] [INFO] [calypso-direct] [BLE_SCAN] Reconnecting in 60s...
[2026-05-29T16:35:44] [INFO] [calypso-direct] [BLE_SCAN] Connecting to Calypso F8:5F:12:9D:D2:EE...
[2026-05-29T16:36:04] [ERROR] [calypso-direct] [ERROR] BLE error (L1 #8): Device with address F8:5F:12:9D:D2:EE was not found.
[2026-05-29T16:36:04] [INFO] [calypso-direct] [BLE_SCAN] Reconnecting in 60s...
[2026-05-29T16:37:04] [INFO] [calypso-direct] [BLE_SCAN] Connecting to Calypso F8:5F:12:9D:D2:EE...
[2026-05-29T16:37:24] [ERROR] [calypso-direct] [ERROR] BLE error (L1 #9): Device with address F8:5F:12:9D:D2:EE was not found.
[2026-05-29T16:37:24] [INFO] [calypso-direct] [BLE_SCAN] Reconnecting in 60s...
[2026-05-29T16:38:24] [INFO] [calypso-direct] [BLE_SCAN] Connecting to Calypso F8:5F:12:9D:D2:EE...
[2026-05-29T16:38:44] [ERROR] [calypso-direct] [ERROR] BLE error (L1 #10): Device with address F8:5F:12:9D:D2:EE was not found.
[2026-05-29T16:38:44] [INFO] [calypso-direct] [BLE_SCAN] Reconnecting in 60s...
[2026-05-29T16:39:44] [INFO] [calypso-direct] [BLE_SCAN] Connecting to Calypso F8:5F:12:9D:D2:EE...
[2026-05-29T16:40:04] [ERROR] [calypso-direct] [ERROR] BLE error (L1 #11): Device with address F8:5F:12:9D:D2:EE was not found.
[2026-05-29T16:40:04] [INFO] [calypso-direct] [BLE_SCAN] Reconnecting in 60s...
[2026-05-29T16:41:04] [INFO] [calypso-direct] [BLE_SCAN] Connecting to Calypso F8:5F:12:9D:D2:EE...
[2026-05-29T16:41:25] [ERROR] [calypso-direct] [ERROR] BLE error (L1 #12): Device with address F8:5F:12:9D:D2:EE was not found.
[2026-05-29T16:41:25] [INFO] [calypso-direct] [BLE_SCAN] Reconnecting in 60s...
[2026-05-29T16:42:25] [INFO] [calypso-direct] [BLE_SCAN] Connecting to Calypso F8:5F:12:9D:D2:EE...
[2026-05-29T16:42:45] [ERROR] [calypso-direct] [ERROR] BLE error (L1 #13): Device with address F8:5F:12:9D:D2:EE was not found.
[2026-05-29T16:42:45] [INFO] [calypso-direct] [BLE_SCAN] Reconnecting in 60s...
[2026-05-29T16:43:45] [INFO] [calypso-direct] [BLE_SCAN] Connecting to Calypso F8:5F:12:9D:D2:EE...
[2026-05-29T16:44:05] [ERROR] [calypso-direct] [ERROR] BLE error (L1 #14): Device with address F8:5F:12:9D:D2:EE was not found.
[2026-05-29T16:44:05] [INFO] [calypso-direct] [BLE_SCAN] Reconnecting in 60s...
[2026-05-29T16:45:05] [INFO] [calypso-direct] [BLE_SCAN] Connecting to Calypso F8:5F:12:9D:D2:EE...
[2026-05-29T16:45:25] [ERROR] [calypso-direct] [ERROR] BLE error (L1 #15): Device with address F8:5F:12:9D:D2:EE was not found.
[2026-05-29T16:45:25] [INFO] [calypso-direct] [BLE_SCAN] Reconnecting in 60s...
[2026-05-29T16:46:25] [INFO] [calypso-direct] [BLE_SCAN] Connecting to Calypso F8:5F:12:9D:D2:EE...
[2026-05-29T16:46:45] [ERROR] [calypso-direct] [ERROR] BLE error (L1 #16): Device with address F8:5F:12:9D:D2:EE was not found.
[2026-05-29T16:46:45] [INFO] [calypso-direct] [BLE_SCAN] Reconnecting in 60s...
[2026-05-29T16:47:45] [INFO] [calypso-direct] [BLE_SCAN] Connecting to Calypso F8:5F:12:9D:D2:EE...
[2026-05-29T16:48:05] [ERROR] [calypso-direct] [ERROR] BLE error (L1 #17): Device with address F8:5F:12:9D:D2:EE was not found.
[2026-05-29T16:48:05] [INFO] [calypso-direct] [BLE_SCAN] Reconnecting in 60s...
[2026-05-29T16:49:05] [INFO] [calypso-direct] [BLE_SCAN] Connecting to Calypso F8:5F:12:9D:D2:EE...
[2026-05-29T16:49:25] [ERROR] [calypso-direct] [ERROR] BLE error (L1 #18): Device with address F8:5F:12:9D:D2:EE was not found.
[2026-05-29T16:49:25] [INFO] [calypso-direct] [BLE_SCAN] Reconnecting in 60s...
[2026-05-29T16:50:25] [INFO] [calypso-direct] [BLE_SCAN] Connecting to Calypso F8:5F:12:9D:D2:EE...
[2026-05-29T16:50:46] [ERROR] [calypso-direct] [ERROR] BLE error (L1 #19): Device with address F8:5F:12:9D:D2:EE was not found.
[2026-05-29T16:50:46] [INFO] [calypso-direct] [BLE_SCAN] Reconnecting in 60s...
[2026-05-29T16:51:46] [INFO] [calypso-direct] [BLE_SCAN] Connecting to Calypso F8:5F:12:9D:D2:EE...
[2026-05-29T16:52:06] [ERROR] [calypso-direct] [ERROR] BLE error (L1 #20): Device with address F8:5F:12:9D:D2:EE was not found.
[2026-05-29T16:52:06] [WARNING] [calypso-direct] [L2] 20 failures — resetting hci0
[2026-05-29T16:52:06] [WARNING] [calypso-direct] [L2] Resetting hci0...
[2026-05-29T16:52:12] [INFO] [calypso-direct] [L2] hci0 reset complete ✅
[2026-05-29T16:52:12] [INFO] [calypso-direct] [BLE_SCAN] Reconnecting in 5s...
[2026-05-29T16:52:17] [INFO] [calypso-direct] [BLE_SCAN] Connecting to Calypso F8:5F:12:9D:D2:EE...
[2026-05-29T16:52:37] [ERROR] [calypso-direct] [ERROR] BLE error (L1 #1): Device with address F8:5F:12:9D:D2:EE was not found.
[2026-05-29T16:52:37] [INFO] [calypso-direct] [BLE_SCAN] Reconnecting in 10s...
[2026-05-29T16:52:47] [INFO] [calypso-direct] [BLE_SCAN] Connecting to Calypso F8:5F:12:9D:D2:EE...
[2026-05-29T16:53:07] [ERROR] [calypso-direct] [ERROR] BLE error (L1 #2): Device with address F8:5F:12:9D:D2:EE was not found.
[2026-05-29T16:53:07] [INFO] [calypso-direct] [BLE_SCAN] Reconnecting in 20s...
[2026-05-29T16:53:27] [INFO] [calypso-direct] [BLE_SCAN] Connecting to Calypso F8:5F:12:9D:D2:EE...
[2026-05-29T16:53:47] [ERROR] [calypso-direct] [ERROR] BLE error (L1 #3): Device with address F8:5F:12:9D:D2:EE was not found.
[2026-05-29T16:53:47] [INFO] [calypso-direct] [BLE_SCAN] Reconnecting in 40s...
[2026-05-29T16:54:27] [INFO] [calypso-direct] [BLE_SCAN] Connecting to Calypso F8:5F:12:9D:D2:EE...
[2026-05-29T16:54:48] [ERROR] [calypso-direct] [ERROR] BLE error (L1 #4): Device with address F8:5F:12:9D:D2:EE was not found.
[2026-05-29T16:54:48] [INFO] [calypso-direct] [BLE_SCAN] Reconnecting in 60s...
[2026-05-29T16:55:48] [INFO] [calypso-direct] [BLE_SCAN] Connecting to Calypso F8:5F:12:9D:D2:EE...
[2026-05-29T16:56:08] [ERROR] [calypso-direct] [ERROR] BLE error (L1 #5): Device with address F8:5F:12:9D:D2:EE was not found.
[2026-05-29T16:56:08] [INFO] [calypso-direct] [BLE_SCAN] Reconnecting in 60s...
[2026-05-29T16:57:08] [INFO] [calypso-direct] [BLE_SCAN] Connecting to Calypso F8:5F:12:9D:D2:EE...
[2026-05-29T16:57:28] [ERROR] [calypso-direct] [ERROR] BLE error (L1 #6): Device with address F8:5F:12:9D:D2:EE was not found.
[2026-05-29T16:57:28] [INFO] [calypso-direct] [BLE_SCAN] Reconnecting in 60s...
[2026-05-29T16:58:28] [INFO] [calypso-direct] [BLE_SCAN] Connecting to Calypso F8:5F:12:9D:D2:EE...
[2026-05-29T16:58:48] [ERROR] [calypso-direct] [ERROR] BLE error (L1 #7): Device with address F8:5F:12:9D:D2:EE was not found.
[2026-05-29T16:58:48] [INFO] [calypso-direct] [BLE_SCAN] Reconnecting in 60s...
[2026-05-29T16:59:48] [INFO] [calypso-direct] [BLE_SCAN] Connecting to Calypso F8:5F:12:9D:D2:EE...
[2026-05-29T17:00:08] [ERROR] [calypso-direct] [ERROR] BLE error (L1 #8): Device with address F8:5F:12:9D:D2:EE was not found.
[2026-05-29T17:00:08] [INFO] [calypso-direct] [BLE_SCAN] Reconnecting in 60s...
[2026-05-29T17:01:08] [INFO] [calypso-direct] [BLE_SCAN] Connecting to Calypso F8:5F:12:9D:D2:EE...
[2026-05-29T17:01:28] [ERROR] [calypso-direct] [ERROR] BLE error (L1 #9): Device with address F8:5F:12:9D:D2:EE was not found.
[2026-05-29T17:01:28] [INFO] [calypso-direct] [BLE_SCAN] Reconnecting in 60s...
[2026-05-29T17:02:28] [INFO] [calypso-direct] [BLE_SCAN] Connecting to Calypso F8:5F:12:9D:D2:EE...
[2026-05-29T17:02:48] [ERROR] [calypso-direct] [ERROR] BLE error (L1 #10): Device with address F8:5F:12:9D:D2:EE was not found.
[2026-05-29T17:02:48] [INFO] [calypso-direct] [BLE_SCAN] Reconnecting in 60s...
[2026-05-29T17:03:01] [INFO] [calypso-direct] [SHUTDOWN] Signal 15 — stopping
[2026-05-29T17:03:48] [INFO] [calypso-direct] [SHUTDOWN] calypso_direct stopped — PID released
[2026-05-29T17:03:50] [INFO] [calypso-direct] [STARTUP] Singleton acquired (PID 165078)
[2026-05-29T17:03:50] [INFO] [calypso-direct] [STARTUP] ============================================================
[2026-05-29T17:03:50] [INFO] [calypso-direct] [STARTUP] calypso_direct — Calypso UP10 BLE Driver
[2026-05-29T17:03:50] [INFO] [calypso-direct] [STARTUP] MAC=F8:5F:12:9D:D2:EE Rate=4Hz SK=UDP:4123
[2026-05-29T17:03:50] [INFO] [calypso-direct] [STARTUP] Timeout=60s L2_threshold=20
[2026-05-29T17:03:50] [INFO] [calypso-direct] [STARTUP] ============================================================
[2026-05-29T17:03:50] [INFO] [calypso-direct] [DEPENDENCY_CHECK] hci0: RUNNING ✅
[2026-05-29T17:03:50] [INFO] [calypso-direct] [BLE_SCAN] Connecting to Calypso F8:5F:12:9D:D2:EE...
[2026-05-29T17:04:10] [ERROR] [calypso-direct] [ERROR] BLE error (L1 #1): Device with address F8:5F:12:9D:D2:EE was not found.
[2026-05-29T17:04:10] [INFO] [calypso-direct] [BLE_SCAN] Reconnecting in 5s...
[2026-05-29T17:04:15] [INFO] [calypso-direct] [BLE_SCAN] Connecting to Calypso F8:5F:12:9D:D2:EE...
[2026-05-29T17:04:35] [ERROR] [calypso-direct] [ERROR] BLE error (L1 #2): Device with address F8:5F:12:9D:D2:EE was not found.
[2026-05-29T17:04:35] [INFO] [calypso-direct] [BLE_SCAN] Reconnecting in 10s...
[2026-05-29T17:04:45] [INFO] [calypso-direct] [BLE_SCAN] Connecting to Calypso F8:5F:12:9D:D2:EE...
[2026-05-29T17:05:06] [ERROR] [calypso-direct] [ERROR] BLE error (L1 #3): Device with address F8:5F:12:9D:D2:EE was not found.
[2026-05-29T17:05:06] [INFO] [calypso-direct] [BLE_SCAN] Reconnecting in 20s...
[2026-05-29T17:05:26] [INFO] [calypso-direct] [BLE_SCAN] Connecting to Calypso F8:5F:12:9D:D2:EE...
[2026-05-29T17:05:46] [ERROR] [calypso-direct] [ERROR] BLE error (L1 #4): Device with address F8:5F:12:9D:D2:EE was not found.
[2026-05-29T17:05:46] [INFO] [calypso-direct] [BLE_SCAN] Reconnecting in 40s...
[2026-05-29T17:06:26] [INFO] [calypso-direct] [BLE_SCAN] Connecting to Calypso F8:5F:12:9D:D2:EE...
[2026-05-29T17:06:46] [ERROR] [calypso-direct] [ERROR] BLE error (L1 #5): Device with address F8:5F:12:9D:D2:EE was not found.
[2026-05-29T17:06:46] [INFO] [calypso-direct] [BLE_SCAN] Reconnecting in 60s...
[2026-05-29T17:07:46] [INFO] [calypso-direct] [BLE_SCAN] Connecting to Calypso F8:5F:12:9D:D2:EE...
[2026-05-29T17:08:06] [ERROR] [calypso-direct] [ERROR] BLE error (L1 #6): Device with address F8:5F:12:9D:D2:EE was not found.
[2026-05-29T17:08:06] [INFO] [calypso-direct] [BLE_SCAN] Reconnecting in 60s...
[2026-05-29T17:09:06] [INFO] [calypso-direct] [BLE_SCAN] Connecting to Calypso F8:5F:12:9D:D2:EE...
[2026-05-29T17:09:26] [ERROR] [calypso-direct] [ERROR] BLE error (L1 #7): Device with address F8:5F:12:9D:D2:EE was not found.
[2026-05-29T17:09:26] [INFO] [calypso-direct] [BLE_SCAN] Reconnecting in 60s...
[2026-05-29T17:10:26] [INFO] [calypso-direct] [BLE_SCAN] Connecting to Calypso F8:5F:12:9D:D2:EE...
[2026-05-29T17:10:46] [ERROR] [calypso-direct] [ERROR] BLE error (L1 #8): Device with address F8:5F:12:9D:D2:EE was not found.
[2026-05-29T17:10:46] [INFO] [calypso-direct] [BLE_SCAN] Reconnecting in 60s...
[2026-05-29T17:11:46] [INFO] [calypso-direct] [BLE_SCAN] Connecting to Calypso F8:5F:12:9D:D2:EE...
[2026-05-29T17:12:07] [ERROR] [calypso-direct] [ERROR] BLE error (L1 #9): Device with address F8:5F:12:9D:D2:EE was not found.
[2026-05-29T17:12:07] [INFO] [calypso-direct] [BLE_SCAN] Reconnecting in 60s...
[2026-05-29T17:13:07] [INFO] [calypso-direct] [BLE_SCAN] Connecting to Calypso F8:5F:12:9D:D2:EE...
[2026-05-29T17:13:27] [ERROR] [calypso-direct] [ERROR] BLE error (L1 #10): Device with address F8:5F:12:9D:D2:EE was not found.
[2026-05-29T17:13:27] [INFO] [calypso-direct] [BLE_SCAN] Reconnecting in 60s...
[2026-05-29T17:14:27] [INFO] [calypso-direct] [BLE_SCAN] Connecting to Calypso F8:5F:12:9D:D2:EE...
[2026-05-29T17:14:47] [ERROR] [calypso-direct] [ERROR] BLE error (L1 #11): Device with address F8:5F:12:9D:D2:EE was not found.
[2026-05-29T17:14:47] [INFO] [calypso-direct] [BLE_SCAN] Reconnecting in 60s...
[2026-05-29T17:15:47] [INFO] [calypso-direct] [BLE_SCAN] Connecting to Calypso F8:5F:12:9D:D2:EE...
[2026-05-29T17:16:07] [ERROR] [calypso-direct] [ERROR] BLE error (L1 #12): Device with address F8:5F:12:9D:D2:EE was not found.
[2026-05-29T17:16:07] [INFO] [calypso-direct] [BLE_SCAN] Reconnecting in 60s...
[2026-05-29T17:17:07] [INFO] [calypso-direct] [BLE_SCAN] Connecting to Calypso F8:5F:12:9D:D2:EE...
[2026-05-29T17:17:27] [ERROR] [calypso-direct] [ERROR] BLE error (L1 #13): Device with address F8:5F:12:9D:D2:EE was not found.
[2026-05-29T17:17:27] [INFO] [calypso-direct] [BLE_SCAN] Reconnecting in 60s...
[2026-05-29T17:18:27] [INFO] [calypso-direct] [BLE_SCAN] Connecting to Calypso F8:5F:12:9D:D2:EE...
[2026-05-29T17:18:47] [ERROR] [calypso-direct] [ERROR] BLE error (L1 #14): Device with address F8:5F:12:9D:D2:EE was not found.
[2026-05-29T17:18:47] [INFO] [calypso-direct] [BLE_SCAN] Reconnecting in 60s...
[2026-05-29T17:19:47] [INFO] [calypso-direct] [BLE_SCAN] Connecting to Calypso F8:5F:12:9D:D2:EE...
[2026-05-29T17:20:07] [ERROR] [calypso-direct] [ERROR] BLE error (L1 #15): Device with address F8:5F:12:9D:D2:EE was not found.
[2026-05-29T17:20:07] [INFO] [calypso-direct] [BLE_SCAN] Reconnecting in 60s...
[2026-05-29T17:21:07] [INFO] [calypso-direct] [BLE_SCAN] Connecting to Calypso F8:5F:12:9D:D2:EE...
[2026-05-29T17:21:28] [ERROR] [calypso-direct] [ERROR] BLE error (L1 #16): Device with address F8:5F:12:9D:D2:EE was not found.
[2026-05-29T17:21:28] [INFO] [calypso-direct] [BLE_SCAN] Reconnecting in 60s...
[2026-05-29T17:22:28] [INFO] [calypso-direct] [BLE_SCAN] Connecting to Calypso F8:5F:12:9D:D2:EE...
[2026-05-29T17:22:48] [ERROR] [calypso-direct] [ERROR] BLE error (L1 #17): Device with address F8:5F:12:9D:D2:EE was not found.
[2026-05-29T17:22:48] [INFO] [calypso-direct] [BLE_SCAN] Reconnecting in 60s...
[2026-05-29T17:23:48] [INFO] [calypso-direct] [BLE_SCAN] Connecting to Calypso F8:5F:12:9D:D2:EE...
[2026-05-29T17:24:08] [ERROR] [calypso-direct] [ERROR] BLE error (L1 #18): [org.bluez.Error.Failed] No discovery started
[2026-05-29T17:24:08] [INFO] [calypso-direct] [BLE_SCAN] Reconnecting in 60s...
[2026-05-29T17:25:08] [INFO] [calypso-direct] [BLE_SCAN] Connecting to Calypso F8:5F:12:9D:D2:EE...
[2026-05-29T17:25:28] [ERROR] [calypso-direct] [ERROR] BLE error (L1 #19): Device with address F8:5F:12:9D:D2:EE was not found.
[2026-05-29T17:25:28] [INFO] [calypso-direct] [BLE_SCAN] Reconnecting in 60s...
[2026-05-29T17:26:28] [INFO] [calypso-direct] [BLE_SCAN] Connecting to Calypso F8:5F:12:9D:D2:EE...
[2026-05-29T17:26:48] [ERROR] [calypso-direct] [ERROR] BLE error (L1 #20): Device with address F8:5F:12:9D:D2:EE was not found.
[2026-05-29T17:26:48] [WARNING] [calypso-direct] [L2] 20 failures — resetting hci0
[2026-05-29T17:26:48] [INFO] [calypso-direct] [SHUTDOWN] calypso_direct stopped — PID released
[2026-05-29T17:26:59] [INFO] [calypso-direct] [STARTUP] Singleton acquired (PID 181749)
[2026-05-29T17:26:59] [INFO] [calypso-direct] [STARTUP] ============================================================
[2026-05-29T17:26:59] [INFO] [calypso-direct] [STARTUP] calypso_direct — Calypso UP10 BLE Driver
[2026-05-29T17:26:59] [INFO] [calypso-direct] [STARTUP] MAC=F8:5F:12:9D:D2:EE Rate=4Hz SK=UDP:4123
[2026-05-29T17:26:59] [INFO] [calypso-direct] [STARTUP] Timeout=60s L2_threshold=20
[2026-05-29T17:26:59] [INFO] [calypso-direct] [STARTUP] ============================================================
[2026-05-29T17:26:59] [INFO] [calypso-direct] [DEPENDENCY_CHECK] hci0: RUNNING ✅
[2026-05-29T17:26:59] [INFO] [calypso-direct] [BLE_SCAN] Connecting to Calypso F8:5F:12:9D:D2:EE...
[2026-05-29T17:27:20] [ERROR] [calypso-direct] [ERROR] BLE error (L1 #1): Device with address F8:5F:12:9D:D2:EE was not found.
[2026-05-29T17:27:20] [INFO] [calypso-direct] [BLE_SCAN] Reconnecting in 5s...
[2026-05-29T17:27:25] [INFO] [calypso-direct] [BLE_SCAN] Connecting to Calypso F8:5F:12:9D:D2:EE...
[2026-05-29T17:27:45] [ERROR] [calypso-direct] [ERROR] BLE error (L1 #2): Device with address F8:5F:12:9D:D2:EE was not found.
[2026-05-29T17:27:45] [INFO] [calypso-direct] [BLE_SCAN] Reconnecting in 10s...
[2026-05-29T17:27:55] [INFO] [calypso-direct] [BLE_SCAN] Connecting to Calypso F8:5F:12:9D:D2:EE...
[2026-05-29T17:28:15] [ERROR] [calypso-direct] [ERROR] BLE error (L1 #3): Device with address F8:5F:12:9D:D2:EE was not found.
[2026-05-29T17:28:15] [INFO] [calypso-direct] [BLE_SCAN] Reconnecting in 20s...
[2026-05-29T17:28:35] [INFO] [calypso-direct] [BLE_SCAN] Connecting to Calypso F8:5F:12:9D:D2:EE...
[2026-05-29T17:28:55] [ERROR] [calypso-direct] [ERROR] BLE error (L1 #4): Device with address F8:5F:12:9D:D2:EE was not found.
[2026-05-29T17:28:55] [INFO] [calypso-direct] [BLE_SCAN] Reconnecting in 40s...
[2026-05-29T17:29:35] [INFO] [calypso-direct] [BLE_SCAN] Connecting to Calypso F8:5F:12:9D:D2:EE...
[2026-05-29T17:29:55] [ERROR] [calypso-direct] [ERROR] BLE error (L1 #5): Device with address F8:5F:12:9D:D2:EE was not found.
[2026-05-29T17:29:55] [INFO] [calypso-direct] [BLE_SCAN] Reconnecting in 60s...
[2026-05-29T17:30:55] [INFO] [calypso-direct] [BLE_SCAN] Connecting to Calypso F8:5F:12:9D:D2:EE...
[2026-05-29T17:31:15] [ERROR] [calypso-direct] [ERROR] BLE error (L1 #6): Device with address F8:5F:12:9D:D2:EE was not found.
[2026-05-29T17:31:15] [INFO] [calypso-direct] [BLE_SCAN] Reconnecting in 60s...
[2026-05-29T17:32:15] [INFO] [calypso-direct] [BLE_SCAN] Connecting to Calypso F8:5F:12:9D:D2:EE...
[2026-05-29T17:32:36] [ERROR] [calypso-direct] [ERROR] BLE error (L1 #7): Device with address F8:5F:12:9D:D2:EE was not found.
[2026-05-29T17:32:36] [INFO] [calypso-direct] [BLE_SCAN] Reconnecting in 60s...
[2026-05-29T17:33:36] [INFO] [calypso-direct] [BLE_SCAN] Connecting to Calypso F8:5F:12:9D:D2:EE...
[2026-05-29T17:33:56] [ERROR] [calypso-direct] [ERROR] BLE error (L1 #8): Device with address F8:5F:12:9D:D2:EE was not found.
[2026-05-29T17:33:56] [INFO] [calypso-direct] [BLE_SCAN] Reconnecting in 60s...
[2026-05-29T17:34:56] [INFO] [calypso-direct] [BLE_SCAN] Connecting to Calypso F8:5F:12:9D:D2:EE...
[2026-05-29T17:35:16] [ERROR] [calypso-direct] [ERROR] BLE error (L1 #9): Device with address F8:5F:12:9D:D2:EE was not found.
[2026-05-29T17:35:16] [INFO] [calypso-direct] [BLE_SCAN] Reconnecting in 60s...
[2026-05-29T17:36:16] [INFO] [calypso-direct] [BLE_SCAN] Connecting to Calypso F8:5F:12:9D:D2:EE...
[2026-05-29T17:36:36] [ERROR] [calypso-direct] [ERROR] BLE error (L1 #10): Device with address F8:5F:12:9D:D2:EE was not found.
[2026-05-29T17:36:36] [INFO] [calypso-direct] [BLE_SCAN] Reconnecting in 60s...
[2026-05-29T17:37:36] [INFO] [calypso-direct] [BLE_SCAN] Connecting to Calypso F8:5F:12:9D:D2:EE...
[2026-05-29T17:37:56] [ERROR] [calypso-direct] [ERROR] BLE error (L1 #11): Device with address F8:5F:12:9D:D2:EE was not found.
[2026-05-29T17:37:56] [INFO] [calypso-direct] [BLE_SCAN] Reconnecting in 60s...
[2026-05-29T17:38:56] [INFO] [calypso-direct] [BLE_SCAN] Connecting to Calypso F8:5F:12:9D:D2:EE...
[2026-05-29T17:39:16] [ERROR] [calypso-direct] [ERROR] BLE error (L1 #12): Device with address F8:5F:12:9D:D2:EE was not found.
[2026-05-29T17:39:16] [INFO] [calypso-direct] [BLE_SCAN] Reconnecting in 60s...
[2026-05-29T17:40:16] [INFO] [calypso-direct] [BLE_SCAN] Connecting to Calypso F8:5F:12:9D:D2:EE...
[2026-05-29T17:40:37] [ERROR] [calypso-direct] [ERROR] BLE error (L1 #13): Device with address F8:5F:12:9D:D2:EE was not found.
[2026-05-29T17:40:37] [INFO] [calypso-direct] [BLE_SCAN] Reconnecting in 60s...
[2026-05-29T17:41:37] [INFO] [calypso-direct] [BLE_SCAN] Connecting to Calypso F8:5F:12:9D:D2:EE...
[2026-05-29T17:41:57] [ERROR] [calypso-direct] [ERROR] BLE error (L1 #14): Device with address F8:5F:12:9D:D2:EE was not found.
[2026-05-29T17:41:57] [INFO] [calypso-direct] [BLE_SCAN] Reconnecting in 60s...
[2026-05-29T17:42:57] [INFO] [calypso-direct] [BLE_SCAN] Connecting to Calypso F8:5F:12:9D:D2:EE...
[2026-05-29T17:43:17] [ERROR] [calypso-direct] [ERROR] BLE error (L1 #15): Device with address F8:5F:12:9D:D2:EE was not found.
[2026-05-29T17:43:17] [INFO] [calypso-direct] [BLE_SCAN] Reconnecting in 60s...
[2026-05-29T17:44:17] [INFO] [calypso-direct] [BLE_SCAN] Connecting to Calypso F8:5F:12:9D:D2:EE...
[2026-05-29T17:44:37] [ERROR] [calypso-direct] [ERROR] BLE error (L1 #16): Device with address F8:5F:12:9D:D2:EE was not found.
[2026-05-29T17:44:37] [INFO] [calypso-direct] [BLE_SCAN] Reconnecting in 60s...
[2026-05-29T17:45:37] [INFO] [calypso-direct] [BLE_SCAN] Connecting to Calypso F8:5F:12:9D:D2:EE...
[2026-05-29T17:45:57] [ERROR] [calypso-direct] [ERROR] BLE error (L1 #17): Device with address F8:5F:12:9D:D2:EE was not found.
[2026-05-29T17:45:57] [INFO] [calypso-direct] [BLE_SCAN] Reconnecting in 60s...
[2026-05-29T17:46:57] [INFO] [calypso-direct] [BLE_SCAN] Connecting to Calypso F8:5F:12:9D:D2:EE...
[2026-05-29T17:47:17] [ERROR] [calypso-direct] [ERROR] BLE error (L1 #18): Device with address F8:5F:12:9D:D2:EE was not found.
[2026-05-29T17:47:17] [INFO] [calypso-direct] [BLE_SCAN] Reconnecting in 60s...
[2026-05-29T17:48:17] [INFO] [calypso-direct] [BLE_SCAN] Connecting to Calypso F8:5F:12:9D:D2:EE...
[2026-05-29T17:48:37] [ERROR] [calypso-direct] [ERROR] BLE error (L1 #19): Device with address F8:5F:12:9D:D2:EE was not found.
[2026-05-29T17:48:37] [INFO] [calypso-direct] [BLE_SCAN] Reconnecting in 60s...
[2026-05-29T17:49:37] [INFO] [calypso-direct] [BLE_SCAN] Connecting to Calypso F8:5F:12:9D:D2:EE...
[2026-05-29T17:49:58] [ERROR] [calypso-direct] [ERROR] BLE error (L1 #20): Device with address F8:5F:12:9D:D2:EE was not found.
[2026-05-29T17:49:58] [WARNING] [calypso-direct] [L2] 20 failures — resetting hci0
[2026-05-29T17:49:58] [INFO] [calypso-direct] [SHUTDOWN] calypso_direct stopped — PID released
[2026-05-29T17:50:09] [INFO] [calypso-direct] [STARTUP] Singleton acquired (PID 197697)
[2026-05-29T17:50:09] [INFO] [calypso-direct] [STARTUP] ============================================================
[2026-05-29T17:50:09] [INFO] [calypso-direct] [STARTUP] calypso_direct — Calypso UP10 BLE Driver
[2026-05-29T17:50:09] [INFO] [calypso-direct] [STARTUP] MAC=F8:5F:12:9D:D2:EE Rate=4Hz SK=UDP:4123
[2026-05-29T17:50:09] [INFO] [calypso-direct] [STARTUP] Timeout=60s L2_threshold=20
[2026-05-29T17:50:09] [INFO] [calypso-direct] [STARTUP] ============================================================
[2026-05-29T17:50:09] [INFO] [calypso-direct] [DEPENDENCY_CHECK] hci0: RUNNING ✅
[2026-05-29T17:50:09] [INFO] [calypso-direct] [BLE_SCAN] Connecting to Calypso F8:5F:12:9D:D2:EE...
[2026-05-29T17:50:30] [ERROR] [calypso-direct] [ERROR] BLE error (L1 #1): Device with address F8:5F:12:9D:D2:EE was not found.
[2026-05-29T17:50:30] [INFO] [calypso-direct] [BLE_SCAN] Reconnecting in 5s...
[2026-05-29T17:50:35] [INFO] [calypso-direct] [BLE_SCAN] Connecting to Calypso F8:5F:12:9D:D2:EE...
[2026-05-29T17:50:55] [ERROR] [calypso-direct] [ERROR] BLE error (L1 #2): Device with address F8:5F:12:9D:D2:EE was not found.
[2026-05-29T17:50:55] [INFO] [calypso-direct] [BLE_SCAN] Reconnecting in 10s...
[2026-05-29T17:51:05] [INFO] [calypso-direct] [BLE_SCAN] Connecting to Calypso F8:5F:12:9D:D2:EE...
[2026-05-29T17:51:25] [ERROR] [calypso-direct] [ERROR] BLE error (L1 #3): Device with address F8:5F:12:9D:D2:EE was not found.
[2026-05-29T17:51:25] [INFO] [calypso-direct] [BLE_SCAN] Reconnecting in 20s...
[2026-05-29T17:51:45] [INFO] [calypso-direct] [BLE_SCAN] Connecting to Calypso F8:5F:12:9D:D2:EE...
[2026-05-29T17:52:05] [ERROR] [calypso-direct] [ERROR] BLE error (L1 #4): Device with address F8:5F:12:9D:D2:EE was not found.
[2026-05-29T17:52:05] [INFO] [calypso-direct] [BLE_SCAN] Reconnecting in 40s...
[2026-05-29T17:52:45] [INFO] [calypso-direct] [BLE_SCAN] Connecting to Calypso F8:5F:12:9D:D2:EE...
[2026-05-29T17:53:05] [ERROR] [calypso-direct] [ERROR] BLE error (L1 #5): Device with address F8:5F:12:9D:D2:EE was not found.
[2026-05-29T17:53:05] [INFO] [calypso-direct] [BLE_SCAN] Reconnecting in 60s...
[2026-05-29T17:54:04] [INFO] [calypso-direct] [SHUTDOWN] Signal 15 — stopping
[2026-05-29T17:54:05] [INFO] [calypso-direct] [SHUTDOWN] calypso_direct stopped — PID released
[2026-05-29T17:54:06] [INFO] [calypso-direct] [STARTUP] Singleton acquired (PID 200714)
[2026-05-29T17:54:06] [INFO] [calypso-direct] [STARTUP] ============================================================
[2026-05-29T17:54:06] [INFO] [calypso-direct] [STARTUP] calypso_direct — Calypso UP10 BLE Driver
[2026-05-29T17:54:06] [INFO] [calypso-direct] [STARTUP] MAC=F8:5F:12:9D:D2:EE Rate=4Hz SK=UDP:4123
[2026-05-29T17:54:06] [INFO] [calypso-direct] [STARTUP] Timeout=60s L2_threshold=20
[2026-05-29T17:54:06] [INFO] [calypso-direct] [STARTUP] ============================================================
[2026-05-29T17:54:06] [INFO] [calypso-direct] [DEPENDENCY_CHECK] hci0: RUNNING ✅
[2026-05-29T17:54:06] [INFO] [calypso-direct] [BLE_SCAN] Connecting to Calypso F8:5F:12:9D:D2:EE...
[2026-05-29T17:54:27] [ERROR] [calypso-direct] [ERROR] BLE error (L1 #1): Device with address F8:5F:12:9D:D2:EE was not found.
[2026-05-29T17:54:27] [INFO] [calypso-direct] [BLE_SCAN] Reconnecting in 5s...
[2026-05-29T17:54:32] [INFO] [calypso-direct] [BLE_SCAN] Connecting to Calypso F8:5F:12:9D:D2:EE...
[2026-05-29T17:54:52] [ERROR] [calypso-direct] [ERROR] BLE error (L1 #2): Device with address F8:5F:12:9D:D2:EE was not found.
[2026-05-29T17:54:52] [INFO] [calypso-direct] [BLE_SCAN] Reconnecting in 10s...
[2026-05-29T17:55:02] [INFO] [calypso-direct] [BLE_SCAN] Connecting to Calypso F8:5F:12:9D:D2:EE...
[2026-05-29T17:55:22] [ERROR] [calypso-direct] [ERROR] BLE error (L1 #3): Device with address F8:5F:12:9D:D2:EE was not found.
[2026-05-29T17:55:22] [INFO] [calypso-direct] [BLE_SCAN] Reconnecting in 20s...
[2026-05-29T17:55:42] [INFO] [calypso-direct] [BLE_SCAN] Connecting to Calypso F8:5F:12:9D:D2:EE...
[2026-05-29T17:56:02] [ERROR] [calypso-direct] [ERROR] BLE error (L1 #4): Device with address F8:5F:12:9D:D2:EE was not found.
[2026-05-29T17:56:02] [INFO] [calypso-direct] [BLE_SCAN] Reconnecting in 40s...
[2026-05-29T17:56:42] [INFO] [calypso-direct] [BLE_SCAN] Connecting to Calypso F8:5F:12:9D:D2:EE...
[2026-05-29T17:57:02] [ERROR] [calypso-direct] [ERROR] BLE error (L1 #5): Device with address F8:5F:12:9D:D2:EE was not found.
[2026-05-29T17:57:02] [INFO] [calypso-direct] [BLE_SCAN] Reconnecting in 60s...
[2026-05-29T17:58:02] [INFO] [calypso-direct] [BLE_SCAN] Connecting to Calypso F8:5F:12:9D:D2:EE...
[2026-05-29T17:58:23] [ERROR] [calypso-direct] [ERROR] BLE error (L1 #6): Device with address F8:5F:12:9D:D2:EE was not found.
[2026-05-29T17:58:23] [INFO] [calypso-direct] [BLE_SCAN] Reconnecting in 60s...
[2026-05-29T17:59:23] [INFO] [calypso-direct] [BLE_SCAN] Connecting to Calypso F8:5F:12:9D:D2:EE...
[2026-05-29T17:59:43] [ERROR] [calypso-direct] [ERROR] BLE error (L1 #7): Device with address F8:5F:12:9D:D2:EE was not found.
[2026-05-29T17:59:43] [INFO] [calypso-direct] [BLE_SCAN] Reconnecting in 60s...
[2026-05-29T18:00:43] [INFO] [calypso-direct] [BLE_SCAN] Connecting to Calypso F8:5F:12:9D:D2:EE...
[2026-05-29T18:01:03] [ERROR] [calypso-direct] [ERROR] BLE error (L1 #8): Device with address F8:5F:12:9D:D2:EE was not found.
[2026-05-29T18:01:03] [INFO] [calypso-direct] [BLE_SCAN] Reconnecting in 60s...
[2026-05-29T18:02:03] [INFO] [calypso-direct] [BLE_SCAN] Connecting to Calypso F8:5F:12:9D:D2:EE...
[2026-05-29T18:02:23] [ERROR] [calypso-direct] [ERROR] BLE error (L1 #9): Device with address F8:5F:12:9D:D2:EE was not found.
[2026-05-29T18:02:23] [INFO] [calypso-direct] [BLE_SCAN] Reconnecting in 60s...
[2026-05-29T18:03:23] [INFO] [calypso-direct] [BLE_SCAN] Connecting to Calypso F8:5F:12:9D:D2:EE...
[2026-05-29T18:03:43] [ERROR] [calypso-direct] [ERROR] BLE error (L1 #10): Device with address F8:5F:12:9D:D2:EE was not found.
[2026-05-29T18:03:43] [INFO] [calypso-direct] [BLE_SCAN] Reconnecting in 60s...
[2026-05-29T18:04:43] [INFO] [calypso-direct] [BLE_SCAN] Connecting to Calypso F8:5F:12:9D:D2:EE...
[2026-05-29T18:05:03] [ERROR] [calypso-direct] [ERROR] BLE error (L1 #11): Device with address F8:5F:12:9D:D2:EE was not found.
[2026-05-29T18:05:03] [INFO] [calypso-direct] [BLE_SCAN] Reconnecting in 60s...
[2026-05-29T18:06:03] [INFO] [calypso-direct] [BLE_SCAN] Connecting to Calypso F8:5F:12:9D:D2:EE...
[2026-05-29T18:06:24] [ERROR] [calypso-direct] [ERROR] BLE error (L1 #12): Device with address F8:5F:12:9D:D2:EE was not found.
[2026-05-29T18:06:24] [INFO] [calypso-direct] [BLE_SCAN] Reconnecting in 60s...
[2026-05-29T18:07:24] [INFO] [calypso-direct] [BLE_SCAN] Connecting to Calypso F8:5F:12:9D:D2:EE...
[2026-05-29T18:07:44] [ERROR] [calypso-direct] [ERROR] BLE error (L1 #13): Device with address F8:5F:12:9D:D2:EE was not found.
[2026-05-29T18:07:44] [INFO] [calypso-direct] [BLE_SCAN] Reconnecting in 60s...
[2026-05-29T18:08:44] [INFO] [calypso-direct] [BLE_SCAN] Connecting to Calypso F8:5F:12:9D:D2:EE...
[2026-05-29T18:09:04] [ERROR] [calypso-direct] [ERROR] BLE error (L1 #14): Device with address F8:5F:12:9D:D2:EE was not found.
[2026-05-29T18:09:04] [INFO] [calypso-direct] [BLE_SCAN] Reconnecting in 60s...
[2026-05-29T18:10:04] [INFO] [calypso-direct] [BLE_SCAN] Connecting to Calypso F8:5F:12:9D:D2:EE...
[2026-05-29T18:10:24] [ERROR] [calypso-direct] [ERROR] BLE error (L1 #15): Device with address F8:5F:12:9D:D2:EE was not found.
[2026-05-29T18:10:24] [INFO] [calypso-direct] [BLE_SCAN] Reconnecting in 60s...
[2026-05-29T18:11:24] [INFO] [calypso-direct] [BLE_SCAN] Connecting to Calypso F8:5F:12:9D:D2:EE...
[2026-05-29T18:11:44] [ERROR] [calypso-direct] [ERROR] BLE error (L1 #16): Device with address F8:5F:12:9D:D2:EE was not found.
[2026-05-29T18:11:44] [INFO] [calypso-direct] [BLE_SCAN] Reconnecting in 60s...
[2026-05-29T18:12:44] [INFO] [calypso-direct] [BLE_SCAN] Connecting to Calypso F8:5F:12:9D:D2:EE...
[2026-05-29T18:13:04] [ERROR] [calypso-direct] [ERROR] BLE error (L1 #17): Device with address F8:5F:12:9D:D2:EE was not found.
[2026-05-29T18:13:04] [INFO] [calypso-direct] [BLE_SCAN] Reconnecting in 60s...
[2026-05-29T18:14:04] [INFO] [calypso-direct] [BLE_SCAN] Connecting to Calypso F8:5F:12:9D:D2:EE...
[2026-05-29T18:14:25] [ERROR] [calypso-direct] [ERROR] BLE error (L1 #18): Device with address F8:5F:12:9D:D2:EE was not found.
[2026-05-29T18:14:25] [INFO] [calypso-direct] [BLE_SCAN] Reconnecting in 60s...
[2026-05-29T18:15:25] [INFO] [calypso-direct] [BLE_SCAN] Connecting to Calypso F8:5F:12:9D:D2:EE...
[2026-05-29T18:15:45] [ERROR] [calypso-direct] [ERROR] BLE error (L1 #19): Device with address F8:5F:12:9D:D2:EE was not found.
[2026-05-29T18:15:45] [INFO] [calypso-direct] [BLE_SCAN] Reconnecting in 60s...
[2026-05-29T18:16:45] [INFO] [calypso-direct] [BLE_SCAN] Connecting to Calypso F8:5F:12:9D:D2:EE...
[2026-05-29T18:17:05] [ERROR] [calypso-direct] [ERROR] BLE error (L1 #20): Device with address F8:5F:12:9D:D2:EE was not found.
[2026-05-29T18:17:05] [WARNING] [calypso-direct] [L2] 20 failures — clean exit for systemd restart
[2026-05-29T18:17:05] [WARNING] [calypso-direct] [L2] hci0 NOT reset: would disrupt WIT BLE connection
[2026-05-29T18:17:05] [INFO] [calypso-direct] [SHUTDOWN] calypso_direct stopped — PID released
[2026-05-29T18:34:31] [INFO] [calypso-direct] [STARTUP] Singleton acquired (PID 1209)
[2026-05-29T18:34:31] [INFO] [calypso-direct] [STARTUP] ============================================================
[2026-05-29T18:34:31] [INFO] [calypso-direct] [STARTUP] calypso_direct — Calypso UP10 BLE Driver
[2026-05-29T18:34:31] [INFO] [calypso-direct] [STARTUP] MAC=F8:5F:12:9D:D2:EE Rate=4Hz SK=UDP:4123
[2026-05-29T18:34:31] [INFO] [calypso-direct] [STARTUP] Timeout=60s L2_threshold=20
[2026-05-29T18:34:31] [INFO] [calypso-direct] [STARTUP] ============================================================
[2026-05-29T18:34:32] [INFO] [calypso-direct] [DEPENDENCY_CHECK] hci0: RUNNING ✅
[2026-05-29T18:34:32] [INFO] [calypso-direct] [BLE_SCAN] Connecting to Calypso F8:5F:12:9D:D2:EE...
[2026-05-29T18:35:05] [ERROR] [calypso-direct] [ERROR] BLE error (L1 #1): Device with address F8:5F:12:9D:D2:EE was not found.
[2026-05-29T18:35:05] [INFO] [calypso-direct] [BLE_SCAN] Reconnecting in 5s...
[2026-05-29T18:35:10] [INFO] [calypso-direct] [BLE_SCAN] Connecting to Calypso F8:5F:12:9D:D2:EE...
[2026-05-29T18:35:31] [ERROR] [calypso-direct] [ERROR] BLE error (L1 #2): Device with address F8:5F:12:9D:D2:EE was not found.
[2026-05-29T18:35:31] [INFO] [calypso-direct] [BLE_SCAN] Reconnecting in 10s...
[2026-05-29T18:35:41] [INFO] [calypso-direct] [BLE_SCAN] Connecting to Calypso F8:5F:12:9D:D2:EE...
[2026-05-29T18:36:01] [ERROR] [calypso-direct] [ERROR] BLE error (L1 #3): Device with address F8:5F:12:9D:D2:EE was not found.
[2026-05-29T18:36:01] [INFO] [calypso-direct] [BLE_SCAN] Reconnecting in 20s...
[2026-05-29T18:36:21] [INFO] [calypso-direct] [BLE_SCAN] Connecting to Calypso F8:5F:12:9D:D2:EE...
[2026-05-29T18:36:41] [ERROR] [calypso-direct] [ERROR] BLE error (L1 #4): Device with address F8:5F:12:9D:D2:EE was not found.
[2026-05-29T18:36:41] [INFO] [calypso-direct] [BLE_SCAN] Reconnecting in 40s...
[2026-05-29T18:37:21] [INFO] [calypso-direct] [BLE_SCAN] Connecting to Calypso F8:5F:12:9D:D2:EE...
[2026-05-29T18:37:41] [ERROR] [calypso-direct] [ERROR] BLE error (L1 #5): Device with address F8:5F:12:9D:D2:EE was not found.
[2026-05-29T18:37:41] [INFO] [calypso-direct] [BLE_SCAN] Reconnecting in 60s...
[2026-05-29T18:38:41] [INFO] [calypso-direct] [BLE_SCAN] Connecting to Calypso F8:5F:12:9D:D2:EE...
[2026-05-29T18:39:01] [ERROR] [calypso-direct] [ERROR] BLE error (L1 #6): Device with address F8:5F:12:9D:D2:EE was not found.
[2026-05-29T18:39:01] [INFO] [calypso-direct] [BLE_SCAN] Reconnecting in 60s...
[2026-05-29T18:40:01] [INFO] [calypso-direct] [BLE_SCAN] Connecting to Calypso F8:5F:12:9D:D2:EE...
[2026-05-29T18:40:21] [ERROR] [calypso-direct] [ERROR] BLE error (L1 #7): Device with address F8:5F:12:9D:D2:EE was not found.
[2026-05-29T18:40:21] [INFO] [calypso-direct] [BLE_SCAN] Reconnecting in 60s...
[2026-05-29T18:41:21] [INFO] [calypso-direct] [BLE_SCAN] Connecting to Calypso F8:5F:12:9D:D2:EE...
[2026-05-29T18:41:41] [ERROR] [calypso-direct] [ERROR] BLE error (L1 #8): Device with address F8:5F:12:9D:D2:EE was not found.
[2026-05-29T18:41:41] [INFO] [calypso-direct] [BLE_SCAN] Reconnecting in 60s...
[2026-05-29T18:42:41] [INFO] [calypso-direct] [BLE_SCAN] Connecting to Calypso F8:5F:12:9D:D2:EE...
[2026-05-29T18:43:01] [ERROR] [calypso-direct] [ERROR] BLE error (L1 #9): Device with address F8:5F:12:9D:D2:EE was not found.
[2026-05-29T18:43:01] [INFO] [calypso-direct] [BLE_SCAN] Reconnecting in 60s...
[2026-05-29T18:44:01] [INFO] [calypso-direct] [BLE_SCAN] Connecting to Calypso F8:5F:12:9D:D2:EE...
[2026-05-29T18:44:22] [ERROR] [calypso-direct] [ERROR] BLE error (L1 #10): Device with address F8:5F:12:9D:D2:EE was not found.
[2026-05-29T18:44:22] [INFO] [calypso-direct] [BLE_SCAN] Reconnecting in 60s...
[2026-05-29T18:45:22] [INFO] [calypso-direct] [BLE_SCAN] Connecting to Calypso F8:5F:12:9D:D2:EE...
[2026-05-29T18:45:42] [ERROR] [calypso-direct] [ERROR] BLE error (L1 #11): Device with address F8:5F:12:9D:D2:EE was not found.
[2026-05-29T18:45:42] [INFO] [calypso-direct] [BLE_SCAN] Reconnecting in 60s...
[2026-05-29T18:46:42] [INFO] [calypso-direct] [BLE_SCAN] Connecting to Calypso F8:5F:12:9D:D2:EE...
[2026-05-29T18:47:02] [ERROR] [calypso-direct] [ERROR] BLE error (L1 #12): Device with address F8:5F:12:9D:D2:EE was not found.
[2026-05-29T18:47:02] [INFO] [calypso-direct] [BLE_SCAN] Reconnecting in 60s...
[2026-05-29T18:48:02] [INFO] [calypso-direct] [BLE_SCAN] Connecting to Calypso F8:5F:12:9D:D2:EE...
[2026-05-29T18:48:22] [ERROR] [calypso-direct] [ERROR] BLE error (L1 #13): Device with address F8:5F:12:9D:D2:EE was not found.
[2026-05-29T18:48:22] [INFO] [calypso-direct] [BLE_SCAN] Reconnecting in 60s...
[2026-05-29T18:49:22] [INFO] [calypso-direct] [BLE_SCAN] Connecting to Calypso F8:5F:12:9D:D2:EE...
[2026-05-29T18:49:42] [ERROR] [calypso-direct] [ERROR] BLE error (L1 #14): Device with address F8:5F:12:9D:D2:EE was not found.
[2026-05-29T18:49:42] [INFO] [calypso-direct] [BLE_SCAN] Reconnecting in 60s...
[2026-05-29T18:50:42] [INFO] [calypso-direct] [BLE_SCAN] Connecting to Calypso F8:5F:12:9D:D2:EE...
[2026-05-29T18:51:02] [ERROR] [calypso-direct] [ERROR] BLE error (L1 #15): Device with address F8:5F:12:9D:D2:EE was not found.
[2026-05-29T18:51:02] [INFO] [calypso-direct] [BLE_SCAN] Reconnecting in 60s...
[2026-05-29T18:52:02] [INFO] [calypso-direct] [BLE_SCAN] Connecting to Calypso F8:5F:12:9D:D2:EE...
[2026-05-29T18:52:22] [ERROR] [calypso-direct] [ERROR] BLE error (L1 #16): Device with address F8:5F:12:9D:D2:EE was not found.
[2026-05-29T18:52:22] [INFO] [calypso-direct] [BLE_SCAN] Reconnecting in 60s...
[2026-05-29T18:53:22] [INFO] [calypso-direct] [BLE_SCAN] Connecting to Calypso F8:5F:12:9D:D2:EE...
[2026-05-29T18:53:42] [ERROR] [calypso-direct] [ERROR] BLE error (L1 #17): Device with address F8:5F:12:9D:D2:EE was not found.
[2026-05-29T18:53:42] [INFO] [calypso-direct] [BLE_SCAN] Reconnecting in 60s...
[2026-05-29T18:54:42] [INFO] [calypso-direct] [BLE_SCAN] Connecting to Calypso F8:5F:12:9D:D2:EE...
[2026-05-29T18:55:03] [ERROR] [calypso-direct] [ERROR] BLE error (L1 #18): Device with address F8:5F:12:9D:D2:EE was not found.
[2026-05-29T18:55:03] [INFO] [calypso-direct] [BLE_SCAN] Reconnecting in 60s...
[2026-05-29T18:56:03] [INFO] [calypso-direct] [BLE_SCAN] Connecting to Calypso F8:5F:12:9D:D2:EE...
[2026-05-29T18:56:23] [ERROR] [calypso-direct] [ERROR] BLE error (L1 #19): Device with address F8:5F:12:9D:D2:EE was not found.
[2026-05-29T18:56:23] [INFO] [calypso-direct] [BLE_SCAN] Reconnecting in 60s...
[2026-05-29T18:57:23] [INFO] [calypso-direct] [BLE_SCAN] Connecting to Calypso F8:5F:12:9D:D2:EE...
[2026-05-29T18:57:43] [ERROR] [calypso-direct] [ERROR] BLE error (L1 #20): Device with address F8:5F:12:9D:D2:EE was not found.
[2026-05-29T18:57:43] [WARNING] [calypso-direct] [L2] 20 failures — clean exit for systemd restart
[2026-05-29T18:57:43] [WARNING] [calypso-direct] [L2] hci0 NOT reset: would disrupt WIT BLE connection
[2026-05-29T18:57:43] [INFO] [calypso-direct] [SHUTDOWN] calypso_direct stopped — PID released
[2026-05-29T19:40:44] [INFO] [calypso-direct] [STARTUP] Singleton acquired (PID 19489)
[2026-05-29T19:40:44] [INFO] [calypso-direct] [STARTUP] ============================================================
[2026-05-29T19:40:44] [INFO] [calypso-direct] [STARTUP] calypso_direct — Calypso UP10 BLE Driver
[2026-05-29T19:40:44] [INFO] [calypso-direct] [STARTUP] MAC=F8:5F:12:9D:D2:EE Rate=4Hz SK=UDP:4123
[2026-05-29T19:40:44] [INFO] [calypso-direct] [STARTUP] Timeout=60s L2_threshold=20
[2026-05-29T19:40:44] [INFO] [calypso-direct] [STARTUP] ============================================================
[2026-05-29T19:40:44] [INFO] [calypso-direct] [DEPENDENCY_CHECK] hci0: RUNNING ✅
[2026-05-29T19:40:44] [INFO] [calypso-direct] [BLE_SCAN] Connecting to Calypso F8:5F:12:9D:D2:EE...
[2026-05-29T19:41:04] [ERROR] [calypso-direct] [ERROR] BLE error (L1 #1): Device with address F8:5F:12:9D:D2:EE was not found.
[2026-05-29T19:41:04] [INFO] [calypso-direct] [BLE_SCAN] Reconnecting in 5s...
[2026-05-29T19:41:09] [INFO] [calypso-direct] [BLE_SCAN] Connecting to Calypso F8:5F:12:9D:D2:EE...
[2026-05-29T19:41:29] [ERROR] [calypso-direct] [ERROR] BLE error (L1 #2): Device with address F8:5F:12:9D:D2:EE was not found.
[2026-05-29T19:41:29] [INFO] [calypso-direct] [BLE_SCAN] Reconnecting in 10s...
[2026-05-29T19:41:39] [INFO] [calypso-direct] [BLE_SCAN] Connecting to Calypso F8:5F:12:9D:D2:EE...
[2026-05-29T19:42:00] [ERROR] [calypso-direct] [ERROR] BLE error (L1 #3): Device with address F8:5F:12:9D:D2:EE was not found.
[2026-05-29T19:42:00] [INFO] [calypso-direct] [BLE_SCAN] Reconnecting in 20s...
[2026-05-29T19:42:20] [INFO] [calypso-direct] [BLE_SCAN] Connecting to Calypso F8:5F:12:9D:D2:EE...
[2026-05-29T19:42:40] [ERROR] [calypso-direct] [ERROR] BLE error (L1 #4): Device with address F8:5F:12:9D:D2:EE was not found.
[2026-05-29T19:42:40] [INFO] [calypso-direct] [BLE_SCAN] Reconnecting in 40s...
[2026-05-29T19:43:20] [INFO] [calypso-direct] [BLE_SCAN] Connecting to Calypso F8:5F:12:9D:D2:EE...
[2026-05-29T19:43:40] [ERROR] [calypso-direct] [ERROR] BLE error (L1 #5): Device with address F8:5F:12:9D:D2:EE was not found.
[2026-05-29T19:43:40] [INFO] [calypso-direct] [BLE_SCAN] Reconnecting in 60s...
[2026-05-29T19:44:40] [INFO] [calypso-direct] [BLE_SCAN] Connecting to Calypso F8:5F:12:9D:D2:EE...
[2026-05-29T19:45:00] [ERROR] [calypso-direct] [ERROR] BLE error (L1 #6): Device with address F8:5F:12:9D:D2:EE was not found.
[2026-05-29T19:45:00] [INFO] [calypso-direct] [BLE_SCAN] Reconnecting in 60s...
[2026-05-29T19:46:00] [INFO] [calypso-direct] [BLE_SCAN] Connecting to Calypso F8:5F:12:9D:D2:EE...
[2026-05-29T19:46:20] [ERROR] [calypso-direct] [ERROR] BLE error (L1 #7): Device with address F8:5F:12:9D:D2:EE was not found.
[2026-05-29T19:46:20] [INFO] [calypso-direct] [BLE_SCAN] Reconnecting in 60s...
[2026-05-29T19:46:40] [INFO] [calypso-direct] [SHUTDOWN] Signal 15 — stopping
[2026-05-29T19:47:20] [INFO] [calypso-direct] [SHUTDOWN] calypso_direct stopped — PID released
[2026-05-29T19:47:22] [INFO] [calypso-direct] [STARTUP] Singleton acquired (PID 23537)
[2026-05-29T19:47:22] [INFO] [calypso-direct] [STARTUP] ============================================================
[2026-05-29T19:47:22] [INFO] [calypso-direct] [STARTUP] calypso_direct — Calypso UP10 BLE Driver
[2026-05-29T19:47:22] [INFO] [calypso-direct] [STARTUP] MAC=F8:5F:12:9D:D2:EE Rate=4Hz SK=UDP:4123
[2026-05-29T19:47:22] [INFO] [calypso-direct] [STARTUP] Timeout=60s L2_threshold=20
[2026-05-29T19:47:22] [INFO] [calypso-direct] [STARTUP] ============================================================
[2026-05-29T19:47:22] [INFO] [calypso-direct] [DEPENDENCY_CHECK] hci0: RUNNING ✅
[2026-05-29T19:47:22] [INFO] [calypso-direct] [BLE_SCAN] Connecting to Calypso F8:5F:12:9D:D2:EE...
[2026-05-29T19:47:42] [ERROR] [calypso-direct] [ERROR] BLE error (L1 #1): Device with address F8:5F:12:9D:D2:EE was not found.
[2026-05-29T19:47:42] [INFO] [calypso-direct] [SHUTDOWN] calypso_direct stopped — PID released
[2026-05-29T19:47:54] [INFO] [calypso-direct] [STARTUP] Singleton acquired (PID 24023)
[2026-05-29T19:47:54] [INFO] [calypso-direct] [STARTUP] ============================================================
[2026-05-29T19:47:54] [INFO] [calypso-direct] [STARTUP] calypso_direct — Calypso UP10 BLE Driver
[2026-05-29T19:47:54] [INFO] [calypso-direct] [STARTUP] MAC=F8:5F:12:9D:D2:EE Rate=4Hz SK=UDP:4123
[2026-05-29T19:47:54] [INFO] [calypso-direct] [STARTUP] Timeout=60s L2_threshold=20
[2026-05-29T19:47:54] [INFO] [calypso-direct] [STARTUP] ============================================================
[2026-05-29T19:47:54] [INFO] [calypso-direct] [DEPENDENCY_CHECK] hci0: RUNNING ✅
[2026-05-29T19:47:54] [INFO] [calypso-direct] [BLE_SCAN] Connecting to Calypso F8:5F:12:9D:D2:EE...
[2026-05-29T19:48:15] [ERROR] [calypso-direct] [ERROR] BLE error (L1 #1): Device with address F8:5F:12:9D:D2:EE was not found.
[2026-05-29T19:48:15] [INFO] [calypso-direct] [SHUTDOWN] calypso_direct stopped — PID released
[2026-05-29T19:48:27] [INFO] [calypso-direct] [STARTUP] Singleton acquired (PID 24331)
[2026-05-29T19:48:27] [INFO] [calypso-direct] [STARTUP] ============================================================
[2026-05-29T19:48:27] [INFO] [calypso-direct] [STARTUP] calypso_direct — Calypso UP10 BLE Driver
[2026-05-29T19:48:27] [INFO] [calypso-direct] [STARTUP] MAC=F8:5F:12:9D:D2:EE Rate=4Hz SK=UDP:4123
[2026-05-29T19:48:27] [INFO] [calypso-direct] [STARTUP] Timeout=60s L2_threshold=20
[2026-05-29T19:48:27] [INFO] [calypso-direct] [STARTUP] ============================================================
[2026-05-29T19:48:27] [INFO] [calypso-direct] [DEPENDENCY_CHECK] hci0: RUNNING ✅
[2026-05-29T19:48:27] [INFO] [calypso-direct] [BLE_SCAN] Connecting to Calypso F8:5F:12:9D:D2:EE...
[2026-05-29T19:48:47] [ERROR] [calypso-direct] [ERROR] BLE error (L1 #1): Device with address F8:5F:12:9D:D2:EE was not found.
[2026-05-29T19:48:47] [INFO] [calypso-direct] [SHUTDOWN] calypso_direct stopped — PID released
[2026-05-29T19:48:59] [INFO] [calypso-direct] [STARTUP] Singleton acquired (PID 24628)
[2026-05-29T19:48:59] [INFO] [calypso-direct] [STARTUP] ============================================================
[2026-05-29T19:48:59] [INFO] [calypso-direct] [STARTUP] calypso_direct — Calypso UP10 BLE Driver
[2026-05-29T19:48:59] [INFO] [calypso-direct] [STARTUP] MAC=F8:5F:12:9D:D2:EE Rate=4Hz SK=UDP:4123
[2026-05-29T19:48:59] [INFO] [calypso-direct] [STARTUP] Timeout=60s L2_threshold=20
[2026-05-29T19:48:59] [INFO] [calypso-direct] [STARTUP] ============================================================
[2026-05-29T19:48:59] [INFO] [calypso-direct] [DEPENDENCY_CHECK] hci0: RUNNING ✅
[2026-05-29T19:48:59] [INFO] [calypso-direct] [BLE_SCAN] Connecting to Calypso F8:5F:12:9D:D2:EE...
[2026-05-29T19:49:20] [ERROR] [calypso-direct] [ERROR] BLE error (L1 #1): Device with address F8:5F:12:9D:D2:EE was not found.
[2026-05-29T19:49:20] [INFO] [calypso-direct] [SHUTDOWN] calypso_direct stopped — PID released
[2026-05-29T19:49:32] [INFO] [calypso-direct] [STARTUP] Singleton acquired (PID 24884)
[2026-05-29T19:49:32] [INFO] [calypso-direct] [STARTUP] ============================================================
[2026-05-29T19:49:32] [INFO] [calypso-direct] [STARTUP] calypso_direct — Calypso UP10 BLE Driver
[2026-05-29T19:49:32] [INFO] [calypso-direct] [STARTUP] MAC=F8:5F:12:9D:D2:EE Rate=4Hz SK=UDP:4123
[2026-05-29T19:49:32] [INFO] [calypso-direct] [STARTUP] Timeout=60s L2_threshold=20
[2026-05-29T19:49:32] [INFO] [calypso-direct] [STARTUP] ============================================================
[2026-05-29T19:49:32] [INFO] [calypso-direct] [DEPENDENCY_CHECK] hci0: RUNNING ✅
[2026-05-29T19:49:32] [INFO] [calypso-direct] [BLE_SCAN] Connecting to Calypso F8:5F:12:9D:D2:EE...
[2026-05-29T19:49:52] [ERROR] [calypso-direct] [ERROR] BLE error (L1 #1): Device with address F8:5F:12:9D:D2:EE was not found.
[2026-05-29T19:49:52] [INFO] [calypso-direct] [SHUTDOWN] calypso_direct stopped — PID released
[2026-05-29T19:50:04] [INFO] [calypso-direct] [STARTUP] Singleton acquired (PID 25184)
[2026-05-29T19:50:04] [INFO] [calypso-direct] [STARTUP] ============================================================
[2026-05-29T19:50:04] [INFO] [calypso-direct] [STARTUP] calypso_direct — Calypso UP10 BLE Driver
[2026-05-29T19:50:04] [INFO] [calypso-direct] [STARTUP] MAC=F8:5F:12:9D:D2:EE Rate=4Hz SK=UDP:4123
[2026-05-29T19:50:04] [INFO] [calypso-direct] [STARTUP] Timeout=60s L2_threshold=20
[2026-05-29T19:50:04] [INFO] [calypso-direct] [STARTUP] ============================================================
[2026-05-29T19:50:04] [INFO] [calypso-direct] [DEPENDENCY_CHECK] hci0: RUNNING ✅
[2026-05-29T19:50:04] [INFO] [calypso-direct] [BLE_SCAN] Connecting to Calypso F8:5F:12:9D:D2:EE...
[2026-05-29T19:50:24] [ERROR] [calypso-direct] [ERROR] BLE error (L1 #1): Device with address F8:5F:12:9D:D2:EE was not found.
[2026-05-29T19:50:24] [INFO] [calypso-direct] [SHUTDOWN] calypso_direct stopped — PID released
[2026-05-29T19:50:36] [INFO] [calypso-direct] [STARTUP] Singleton acquired (PID 25510)
[2026-05-29T19:50:36] [INFO] [calypso-direct] [STARTUP] ============================================================
[2026-05-29T19:50:36] [INFO] [calypso-direct] [STARTUP] calypso_direct — Calypso UP10 BLE Driver
[2026-05-29T19:50:36] [INFO] [calypso-direct] [STARTUP] MAC=F8:5F:12:9D:D2:EE Rate=4Hz SK=UDP:4123
[2026-05-29T19:50:36] [INFO] [calypso-direct] [STARTUP] Timeout=60s L2_threshold=20
[2026-05-29T19:50:36] [INFO] [calypso-direct] [STARTUP] ============================================================
[2026-05-29T19:50:36] [INFO] [calypso-direct] [DEPENDENCY_CHECK] hci0: RUNNING ✅
[2026-05-29T19:50:36] [INFO] [calypso-direct] [BLE_SCAN] Connecting to Calypso F8:5F:12:9D:D2:EE...
[2026-05-29T19:50:56] [ERROR] [calypso-direct] [ERROR] BLE error (L1 #1): Device with address F8:5F:12:9D:D2:EE was not found.
[2026-05-29T19:50:56] [INFO] [calypso-direct] [SHUTDOWN] calypso_direct stopped — PID released
[2026-05-29T19:51:08] [INFO] [calypso-direct] [STARTUP] Singleton acquired (PID 25934)
[2026-05-29T19:51:08] [INFO] [calypso-direct] [STARTUP] ============================================================
[2026-05-29T19:51:08] [INFO] [calypso-direct] [STARTUP] calypso_direct — Calypso UP10 BLE Driver
[2026-05-29T19:51:08] [INFO] [calypso-direct] [STARTUP] MAC=F8:5F:12:9D:D2:EE Rate=4Hz SK=UDP:4123
[2026-05-29T19:51:08] [INFO] [calypso-direct] [STARTUP] Timeout=60s L2_threshold=20
[2026-05-29T19:51:08] [INFO] [calypso-direct] [STARTUP] ============================================================
[2026-05-29T19:51:08] [INFO] [calypso-direct] [DEPENDENCY_CHECK] hci0: RUNNING ✅
[2026-05-29T19:51:08] [INFO] [calypso-direct] [BLE_SCAN] Connecting to Calypso F8:5F:12:9D:D2:EE...
[2026-05-29T19:51:28] [ERROR] [calypso-direct] [ERROR] BLE error (L1 #1): Device with address F8:5F:12:9D:D2:EE was not found.
[2026-05-29T19:51:28] [INFO] [calypso-direct] [SHUTDOWN] calypso_direct stopped — PID released
[2026-05-29T19:51:40] [INFO] [calypso-direct] [STARTUP] Singleton acquired (PID 26209)
[2026-05-29T19:51:40] [INFO] [calypso-direct] [STARTUP] ============================================================
[2026-05-29T19:51:40] [INFO] [calypso-direct] [STARTUP] calypso_direct — Calypso UP10 BLE Driver
[2026-05-29T19:51:40] [INFO] [calypso-direct] [STARTUP] MAC=F8:5F:12:9D:D2:EE Rate=4Hz SK=UDP:4123
[2026-05-29T19:51:40] [INFO] [calypso-direct] [STARTUP] Timeout=60s L2_threshold=20
[2026-05-29T19:51:40] [INFO] [calypso-direct] [STARTUP] ============================================================
[2026-05-29T19:51:40] [INFO] [calypso-direct] [DEPENDENCY_CHECK] hci0: RUNNING ✅
[2026-05-29T19:51:40] [INFO] [calypso-direct] [BLE_SCAN] Connecting to Calypso F8:5F:12:9D:D2:EE...
[2026-05-29T19:52:00] [ERROR] [calypso-direct] [ERROR] BLE error (L1 #1): Device with address F8:5F:12:9D:D2:EE was not found.
[2026-05-29T19:52:00] [INFO] [calypso-direct] [SHUTDOWN] calypso_direct stopped — PID released
[2026-05-29T19:52:12] [INFO] [calypso-direct] [STARTUP] Singleton acquired (PID 26554)
[2026-05-29T19:52:12] [INFO] [calypso-direct] [STARTUP] ============================================================
[2026-05-29T19:52:12] [INFO] [calypso-direct] [STARTUP] calypso_direct — Calypso UP10 BLE Driver
[2026-05-29T19:52:12] [INFO] [calypso-direct] [STARTUP] MAC=F8:5F:12:9D:D2:EE Rate=4Hz SK=UDP:4123
[2026-05-29T19:52:12] [INFO] [calypso-direct] [STARTUP] Timeout=60s L2_threshold=20
[2026-05-29T19:52:12] [INFO] [calypso-direct] [STARTUP] ============================================================
[2026-05-29T19:52:12] [INFO] [calypso-direct] [DEPENDENCY_CHECK] hci0: RUNNING ✅
[2026-05-29T19:52:12] [INFO] [calypso-direct] [BLE_SCAN] Connecting to Calypso F8:5F:12:9D:D2:EE...
[2026-05-29T19:52:32] [ERROR] [calypso-direct] [ERROR] BLE error (L1 #1): Device with address F8:5F:12:9D:D2:EE was not found.
[2026-05-29T19:52:32] [INFO] [calypso-direct] [SHUTDOWN] calypso_direct stopped — PID released
[2026-05-29T19:52:44] [INFO] [calypso-direct] [STARTUP] Singleton acquired (PID 26854)
[2026-05-29T19:52:44] [INFO] [calypso-direct] [STARTUP] ============================================================
[2026-05-29T19:52:44] [INFO] [calypso-direct] [STARTUP] calypso_direct — Calypso UP10 BLE Driver
[2026-05-29T19:52:44] [INFO] [calypso-direct] [STARTUP] MAC=F8:5F:12:9D:D2:EE Rate=4Hz SK=UDP:4123
[2026-05-29T19:52:44] [INFO] [calypso-direct] [STARTUP] Timeout=60s L2_threshold=20
[2026-05-29T19:52:44] [INFO] [calypso-direct] [STARTUP] ============================================================
[2026-05-29T19:52:44] [INFO] [calypso-direct] [DEPENDENCY_CHECK] hci0: RUNNING ✅
[2026-05-29T19:52:44] [INFO] [calypso-direct] [BLE_SCAN] Connecting to Calypso F8:5F:12:9D:D2:EE...
[2026-05-29T19:53:04] [ERROR] [calypso-direct] [ERROR] BLE error (L1 #1): Device with address F8:5F:12:9D:D2:EE was not found.
[2026-05-29T19:53:04] [INFO] [calypso-direct] [SHUTDOWN] calypso_direct stopped — PID released
[2026-05-29T19:53:16] [INFO] [calypso-direct] [STARTUP] Singleton acquired (PID 27102)
[2026-05-29T19:53:16] [INFO] [calypso-direct] [STARTUP] ============================================================
[2026-05-29T19:53:16] [INFO] [calypso-direct] [STARTUP] calypso_direct — Calypso UP10 BLE Driver
[2026-05-29T19:53:16] [INFO] [calypso-direct] [STARTUP] MAC=F8:5F:12:9D:D2:EE Rate=4Hz SK=UDP:4123
[2026-05-29T19:53:16] [INFO] [calypso-direct] [STARTUP] Timeout=60s L2_threshold=20
[2026-05-29T19:53:16] [INFO] [calypso-direct] [STARTUP] ============================================================
[2026-05-29T19:53:16] [INFO] [calypso-direct] [DEPENDENCY_CHECK] hci0: RUNNING ✅
[2026-05-29T19:53:16] [INFO] [calypso-direct] [BLE_SCAN] Connecting to Calypso F8:5F:12:9D:D2:EE...
[2026-05-29T19:53:36] [ERROR] [calypso-direct] [ERROR] BLE error (L1 #1): Device with address F8:5F:12:9D:D2:EE was not found.
[2026-05-29T19:53:36] [INFO] [calypso-direct] [SHUTDOWN] calypso_direct stopped — PID released
[2026-05-29T19:53:48] [INFO] [calypso-direct] [STARTUP] Singleton acquired (PID 27386)
[2026-05-29T19:53:48] [INFO] [calypso-direct] [STARTUP] ============================================================
[2026-05-29T19:53:48] [INFO] [calypso-direct] [STARTUP] calypso_direct — Calypso UP10 BLE Driver
[2026-05-29T19:53:48] [INFO] [calypso-direct] [STARTUP] MAC=F8:5F:12:9D:D2:EE Rate=4Hz SK=UDP:4123
[2026-05-29T19:53:48] [INFO] [calypso-direct] [STARTUP] Timeout=60s L2_threshold=20
[2026-05-29T19:53:48] [INFO] [calypso-direct] [STARTUP] ============================================================
[2026-05-29T19:53:48] [INFO] [calypso-direct] [DEPENDENCY_CHECK] hci0: RUNNING ✅
[2026-05-29T19:53:48] [INFO] [calypso-direct] [BLE_SCAN] Connecting to Calypso F8:5F:12:9D:D2:EE...
[2026-05-29T19:54:08] [ERROR] [calypso-direct] [ERROR] BLE error (L1 #1): Device with address F8:5F:12:9D:D2:EE was not found.
[2026-05-29T19:54:08] [INFO] [calypso-direct] [SHUTDOWN] calypso_direct stopped — PID released
[2026-05-29T19:54:20] [INFO] [calypso-direct] [STARTUP] Singleton acquired (PID 27715)
[2026-05-29T19:54:20] [INFO] [calypso-direct] [STARTUP] ============================================================
[2026-05-29T19:54:20] [INFO] [calypso-direct] [STARTUP] calypso_direct — Calypso UP10 BLE Driver
[2026-05-29T19:54:20] [INFO] [calypso-direct] [STARTUP] MAC=F8:5F:12:9D:D2:EE Rate=4Hz SK=UDP:4123
[2026-05-29T19:54:20] [INFO] [calypso-direct] [STARTUP] Timeout=60s L2_threshold=20
[2026-05-29T19:54:20] [INFO] [calypso-direct] [STARTUP] ============================================================
[2026-05-29T19:54:20] [INFO] [calypso-direct] [DEPENDENCY_CHECK] hci0: RUNNING ✅
[2026-05-29T19:54:20] [INFO] [calypso-direct] [BLE_SCAN] Connecting to Calypso F8:5F:12:9D:D2:EE...
[2026-05-29T19:54:40] [ERROR] [calypso-direct] [ERROR] BLE error (L1 #1): Device with address F8:5F:12:9D:D2:EE was not found.
[2026-05-29T19:54:40] [INFO] [calypso-direct] [SHUTDOWN] calypso_direct stopped — PID released
[2026-05-29T19:54:52] [INFO] [calypso-direct] [STARTUP] Singleton acquired (PID 28013)
[2026-05-29T19:54:52] [INFO] [calypso-direct] [STARTUP] ============================================================
[2026-05-29T19:54:52] [INFO] [calypso-direct] [STARTUP] calypso_direct — Calypso UP10 BLE Driver
[2026-05-29T19:54:52] [INFO] [calypso-direct] [STARTUP] MAC=F8:5F:12:9D:D2:EE Rate=4Hz SK=UDP:4123
[2026-05-29T19:54:52] [INFO] [calypso-direct] [STARTUP] Timeout=60s L2_threshold=20
[2026-05-29T19:54:52] [INFO] [calypso-direct] [STARTUP] ============================================================
[2026-05-29T19:54:52] [INFO] [calypso-direct] [DEPENDENCY_CHECK] hci0: RUNNING ✅
[2026-05-29T19:54:52] [INFO] [calypso-direct] [BLE_SCAN] Connecting to Calypso F8:5F:12:9D:D2:EE...
[2026-05-29T19:55:12] [ERROR] [calypso-direct] [ERROR] BLE error (L1 #1): Device with address F8:5F:12:9D:D2:EE was not found.
[2026-05-29T19:55:12] [INFO] [calypso-direct] [SHUTDOWN] calypso_direct stopped — PID released
[2026-05-29T19:55:24] [INFO] [calypso-direct] [STARTUP] Singleton acquired (PID 28277)
[2026-05-29T19:55:24] [INFO] [calypso-direct] [STARTUP] ============================================================
[2026-05-29T19:55:24] [INFO] [calypso-direct] [STARTUP] calypso_direct — Calypso UP10 BLE Driver
[2026-05-29T19:55:24] [INFO] [calypso-direct] [STARTUP] MAC=F8:5F:12:9D:D2:EE Rate=4Hz SK=UDP:4123
[2026-05-29T19:55:24] [INFO] [calypso-direct] [STARTUP] Timeout=60s L2_threshold=20
[2026-05-29T19:55:24] [INFO] [calypso-direct] [STARTUP] ============================================================
[2026-05-29T19:55:24] [INFO] [calypso-direct] [DEPENDENCY_CHECK] hci0: RUNNING ✅
[2026-05-29T19:55:24] [INFO] [calypso-direct] [BLE_SCAN] Connecting to Calypso F8:5F:12:9D:D2:EE...
[2026-05-29T19:55:44] [ERROR] [calypso-direct] [ERROR] BLE error (L1 #1): Device with address F8:5F:12:9D:D2:EE was not found.
[2026-05-29T19:55:44] [INFO] [calypso-direct] [SHUTDOWN] calypso_direct stopped — PID released
[2026-05-29T19:55:56] [INFO] [calypso-direct] [STARTUP] Singleton acquired (PID 28602)
[2026-05-29T19:55:56] [INFO] [calypso-direct] [STARTUP] ============================================================
[2026-05-29T19:55:56] [INFO] [calypso-direct] [STARTUP] calypso_direct — Calypso UP10 BLE Driver
[2026-05-29T19:55:56] [INFO] [calypso-direct] [STARTUP] MAC=F8:5F:12:9D:D2:EE Rate=4Hz SK=UDP:4123
[2026-05-29T19:55:56] [INFO] [calypso-direct] [STARTUP] Timeout=60s L2_threshold=20
[2026-05-29T19:55:56] [INFO] [calypso-direct] [STARTUP] ============================================================
[2026-05-29T19:55:56] [INFO] [calypso-direct] [DEPENDENCY_CHECK] hci0: RUNNING ✅
[2026-05-29T19:55:56] [INFO] [calypso-direct] [BLE_SCAN] Connecting to Calypso F8:5F:12:9D:D2:EE...
[2026-05-29T19:56:16] [ERROR] [calypso-direct] [ERROR] BLE error (L1 #1): Device with address F8:5F:12:9D:D2:EE was not found.
[2026-05-29T19:56:16] [INFO] [calypso-direct] [SHUTDOWN] calypso_direct stopped — PID released
[2026-05-29T19:56:28] [INFO] [calypso-direct] [STARTUP] Singleton acquired (PID 28883)
[2026-05-29T19:56:28] [INFO] [calypso-direct] [STARTUP] ============================================================
[2026-05-29T19:56:28] [INFO] [calypso-direct] [STARTUP] calypso_direct — Calypso UP10 BLE Driver
[2026-05-29T19:56:28] [INFO] [calypso-direct] [STARTUP] MAC=F8:5F:12:9D:D2:EE Rate=4Hz SK=UDP:4123
[2026-05-29T19:56:28] [INFO] [calypso-direct] [STARTUP] Timeout=60s L2_threshold=20
[2026-05-29T19:56:28] [INFO] [calypso-direct] [STARTUP] ============================================================
[2026-05-29T19:56:28] [INFO] [calypso-direct] [DEPENDENCY_CHECK] hci0: RUNNING ✅
[2026-05-29T19:56:28] [INFO] [calypso-direct] [BLE_SCAN] Connecting to Calypso F8:5F:12:9D:D2:EE...
[2026-05-29T19:56:48] [ERROR] [calypso-direct] [ERROR] BLE error (L1 #1): Device with address F8:5F:12:9D:D2:EE was not found.
[2026-05-29T19:56:48] [INFO] [calypso-direct] [SHUTDOWN] calypso_direct stopped — PID released
[2026-05-29T19:57:00] [INFO] [calypso-direct] [STARTUP] Singleton acquired (PID 29183)
[2026-05-29T19:57:00] [INFO] [calypso-direct] [STARTUP] ============================================================
[2026-05-29T19:57:00] [INFO] [calypso-direct] [STARTUP] calypso_direct — Calypso UP10 BLE Driver
[2026-05-29T19:57:00] [INFO] [calypso-direct] [STARTUP] MAC=F8:5F:12:9D:D2:EE Rate=4Hz SK=UDP:4123
[2026-05-29T19:57:00] [INFO] [calypso-direct] [STARTUP] Timeout=60s L2_threshold=20
[2026-05-29T19:57:00] [INFO] [calypso-direct] [STARTUP] ============================================================
[2026-05-29T19:57:00] [INFO] [calypso-direct] [DEPENDENCY_CHECK] hci0: RUNNING ✅
[2026-05-29T19:57:00] [INFO] [calypso-direct] [BLE_SCAN] Connecting to Calypso F8:5F:12:9D:D2:EE...
[2026-05-29T19:57:20] [ERROR] [calypso-direct] [ERROR] BLE error (L1 #1): Device with address F8:5F:12:9D:D2:EE was not found.
[2026-05-29T19:57:20] [INFO] [calypso-direct] [SHUTDOWN] calypso_direct stopped — PID released
[2026-05-29T19:57:32] [INFO] [calypso-direct] [STARTUP] Singleton acquired (PID 29476)
[2026-05-29T19:57:32] [INFO] [calypso-direct] [STARTUP] ============================================================
[2026-05-29T19:57:32] [INFO] [calypso-direct] [STARTUP] calypso_direct — Calypso UP10 BLE Driver
[2026-05-29T19:57:32] [INFO] [calypso-direct] [STARTUP] MAC=F8:5F:12:9D:D2:EE Rate=4Hz SK=UDP:4123
[2026-05-29T19:57:32] [INFO] [calypso-direct] [STARTUP] Timeout=60s L2_threshold=20
[2026-05-29T19:57:32] [INFO] [calypso-direct] [STARTUP] ============================================================
[2026-05-29T19:57:32] [INFO] [calypso-direct] [DEPENDENCY_CHECK] hci0: RUNNING ✅
[2026-05-29T19:57:32] [INFO] [calypso-direct] [BLE_SCAN] Connecting to Calypso F8:5F:12:9D:D2:EE...
[2026-05-29T19:57:52] [ERROR] [calypso-direct] [ERROR] BLE error (L1 #1): Device with address F8:5F:12:9D:D2:EE was not found.
[2026-05-29T19:57:52] [INFO] [calypso-direct] [SHUTDOWN] calypso_direct stopped — PID released
[2026-05-29T19:58:04] [INFO] [calypso-direct] [STARTUP] Singleton acquired (PID 29792)
[2026-05-29T19:58:04] [INFO] [calypso-direct] [STARTUP] ============================================================
[2026-05-29T19:58:04] [INFO] [calypso-direct] [STARTUP] calypso_direct — Calypso UP10 BLE Driver
[2026-05-29T19:58:04] [INFO] [calypso-direct] [STARTUP] MAC=F8:5F:12:9D:D2:EE Rate=4Hz SK=UDP:4123
[2026-05-29T19:58:04] [INFO] [calypso-direct] [STARTUP] Timeout=60s L2_threshold=20
[2026-05-29T19:58:04] [INFO] [calypso-direct] [STARTUP] ============================================================
[2026-05-29T19:58:04] [INFO] [calypso-direct] [DEPENDENCY_CHECK] hci0: RUNNING ✅
[2026-05-29T19:58:04] [INFO] [calypso-direct] [BLE_SCAN] Connecting to Calypso F8:5F:12:9D:D2:EE...
[2026-05-29T19:58:24] [ERROR] [calypso-direct] [ERROR] BLE error (L1 #1): Device with address F8:5F:12:9D:D2:EE was not found.
[2026-05-29T19:58:24] [INFO] [calypso-direct] [SHUTDOWN] calypso_direct stopped — PID released
[2026-05-29T19:58:36] [INFO] [calypso-direct] [STARTUP] Singleton acquired (PID 30094)
[2026-05-29T19:58:36] [INFO] [calypso-direct] [STARTUP] ============================================================
[2026-05-29T19:58:36] [INFO] [calypso-direct] [STARTUP] calypso_direct — Calypso UP10 BLE Driver
[2026-05-29T19:58:36] [INFO] [calypso-direct] [STARTUP] MAC=F8:5F:12:9D:D2:EE Rate=4Hz SK=UDP:4123
[2026-05-29T19:58:36] [INFO] [calypso-direct] [STARTUP] Timeout=60s L2_threshold=20
[2026-05-29T19:58:36] [INFO] [calypso-direct] [STARTUP] ============================================================
[2026-05-29T19:58:36] [INFO] [calypso-direct] [DEPENDENCY_CHECK] hci0: RUNNING ✅
[2026-05-29T19:58:36] [INFO] [calypso-direct] [BLE_SCAN] Connecting to Calypso F8:5F:12:9D:D2:EE...
[2026-05-29T19:58:56] [ERROR] [calypso-direct] [ERROR] BLE error (L1 #1): Device with address F8:5F:12:9D:D2:EE was not found.
[2026-05-29T19:58:56] [INFO] [calypso-direct] [SHUTDOWN] calypso_direct stopped — PID released
[2026-05-29T19:59:08] [INFO] [calypso-direct] [STARTUP] Singleton acquired (PID 30385)
[2026-05-29T19:59:08] [INFO] [calypso-direct] [STARTUP] ============================================================
[2026-05-29T19:59:08] [INFO] [calypso-direct] [STARTUP] calypso_direct — Calypso UP10 BLE Driver
[2026-05-29T19:59:08] [INFO] [calypso-direct] [STARTUP] MAC=F8:5F:12:9D:D2:EE Rate=4Hz SK=UDP:4123
[2026-05-29T19:59:08] [INFO] [calypso-direct] [STARTUP] Timeout=60s L2_threshold=20
[2026-05-29T19:59:08] [INFO] [calypso-direct] [STARTUP] ============================================================
[2026-05-29T19:59:08] [INFO] [calypso-direct] [DEPENDENCY_CHECK] hci0: RUNNING ✅
[2026-05-29T19:59:08] [INFO] [calypso-direct] [BLE_SCAN] Connecting to Calypso F8:5F:12:9D:D2:EE...
[2026-05-29T19:59:28] [ERROR] [calypso-direct] [ERROR] BLE error (L1 #1): Device with address F8:5F:12:9D:D2:EE was not found.
[2026-05-29T19:59:28] [INFO] [calypso-direct] [SHUTDOWN] calypso_direct stopped — PID released
[2026-05-29T19:59:40] [INFO] [calypso-direct] [STARTUP] Singleton acquired (PID 30731)
[2026-05-29T19:59:40] [INFO] [calypso-direct] [STARTUP] ============================================================
[2026-05-29T19:59:40] [INFO] [calypso-direct] [STARTUP] calypso_direct — Calypso UP10 BLE Driver
[2026-05-29T19:59:40] [INFO] [calypso-direct] [STARTUP] MAC=F8:5F:12:9D:D2:EE Rate=4Hz SK=UDP:4123
[2026-05-29T19:59:40] [INFO] [calypso-direct] [STARTUP] Timeout=60s L2_threshold=20
[2026-05-29T19:59:40] [INFO] [calypso-direct] [STARTUP] ============================================================
[2026-05-29T19:59:40] [INFO] [calypso-direct] [DEPENDENCY_CHECK] hci0: RUNNING ✅
[2026-05-29T19:59:40] [INFO] [calypso-direct] [BLE_SCAN] Connecting to Calypso F8:5F:12:9D:D2:EE...
[2026-05-29T20:00:00] [ERROR] [calypso-direct] [ERROR] BLE error (L1 #1): Device with address F8:5F:12:9D:D2:EE was not found.
[2026-05-29T20:00:12] [INFO] [calypso-direct] [STARTUP] Singleton acquired (PID 31032)
[2026-05-29T20:00:12] [INFO] [calypso-direct] [STARTUP] ============================================================
[2026-05-29T20:00:12] [INFO] [calypso-direct] [STARTUP] calypso_direct — Calypso UP10 BLE Driver
[2026-05-29T20:00:12] [INFO] [calypso-direct] [STARTUP] MAC=F8:5F:12:9D:D2:EE Rate=4Hz SK=UDP:4123
[2026-05-29T20:00:12] [INFO] [calypso-direct] [STARTUP] Timeout=60s L2_threshold=20
[2026-05-29T20:00:12] [INFO] [calypso-direct] [STARTUP] ============================================================
[2026-05-29T20:00:12] [INFO] [calypso-direct] [BLE_SCAN] Connecting to Calypso F8:5F:12:9D:D2:EE...
[2026-05-29T20:00:32] [ERROR] [calypso-direct] [ERROR] BLE error (L1 #1): Device with address F8:5F:12:9D:D2:EE was not found.
[2026-05-29T20:00:44] [INFO] [calypso-direct] [STARTUP] Singleton acquired (PID 31394)
[2026-05-29T20:00:44] [INFO] [calypso-direct] [STARTUP] ============================================================
[2026-05-29T20:00:44] [INFO] [calypso-direct] [STARTUP] calypso_direct — Calypso UP10 BLE Driver
[2026-05-29T20:00:44] [INFO] [calypso-direct] [STARTUP] MAC=F8:5F:12:9D:D2:EE Rate=4Hz SK=UDP:4123
[2026-05-29T20:00:44] [INFO] [calypso-direct] [STARTUP] Timeout=60s L2_threshold=20
[2026-05-29T20:00:44] [INFO] [calypso-direct] [STARTUP] ============================================================
[2026-05-29T20:00:44] [INFO] [calypso-direct] [BLE_SCAN] Connecting to Calypso F8:5F:12:9D:D2:EE...
[2026-05-29T20:01:04] [ERROR] [calypso-direct] [ERROR] BLE error (L1 #1): Device with address F8:5F:12:9D:D2:EE was not found.
[2026-05-29T20:01:16] [INFO] [calypso-direct] [STARTUP] Singleton acquired (PID 31722)
[2026-05-29T20:01:16] [INFO] [calypso-direct] [STARTUP] ============================================================
[2026-05-29T20:01:16] [INFO] [calypso-direct] [STARTUP] calypso_direct — Calypso UP10 BLE Driver
[2026-05-29T20:01:16] [INFO] [calypso-direct] [STARTUP] MAC=F8:5F:12:9D:D2:EE Rate=4Hz SK=UDP:4123
[2026-05-29T20:01:16] [INFO] [calypso-direct] [STARTUP] Timeout=60s L2_threshold=20
[2026-05-29T20:01:16] [INFO] [calypso-direct] [STARTUP] ============================================================
[2026-05-29T20:01:16] [INFO] [calypso-direct] [BLE_SCAN] Connecting to Calypso F8:5F:12:9D:D2:EE...
[2026-05-29T20:01:36] [ERROR] [calypso-direct] [ERROR] BLE error (L1 #1): Device with address F8:5F:12:9D:D2:EE was not found.
[2026-05-29T20:01:48] [INFO] [calypso-direct] [STARTUP] Singleton acquired (PID 32085)
[2026-05-29T20:01:48] [INFO] [calypso-direct] [STARTUP] ============================================================
[2026-05-29T20:01:48] [INFO] [calypso-direct] [STARTUP] calypso_direct — Calypso UP10 BLE Driver
[2026-05-29T20:01:48] [INFO] [calypso-direct] [STARTUP] MAC=F8:5F:12:9D:D2:EE Rate=4Hz SK=UDP:4123
[2026-05-29T20:01:48] [INFO] [calypso-direct] [STARTUP] Timeout=60s L2_threshold=20
[2026-05-29T20:01:48] [INFO] [calypso-direct] [STARTUP] ============================================================
[2026-05-29T20:01:48] [INFO] [calypso-direct] [BLE_SCAN] Connecting to Calypso F8:5F:12:9D:D2:EE...
[2026-05-29T20:02:08] [ERROR] [calypso-direct] [ERROR] BLE error (L1 #1): Device with address F8:5F:12:9D:D2:EE was not found.
[2026-05-29T20:02:20] [INFO] [calypso-direct] [STARTUP] Singleton acquired (PID 32368)
[2026-05-29T20:02:20] [INFO] [calypso-direct] [STARTUP] ============================================================
[2026-05-29T20:02:20] [INFO] [calypso-direct] [STARTUP] calypso_direct — Calypso UP10 BLE Driver
[2026-05-29T20:02:20] [INFO] [calypso-direct] [STARTUP] MAC=F8:5F:12:9D:D2:EE Rate=4Hz SK=UDP:4123
[2026-05-29T20:02:20] [INFO] [calypso-direct] [STARTUP] Timeout=60s L2_threshold=20
[2026-05-29T20:02:20] [INFO] [calypso-direct] [STARTUP] ============================================================
[2026-05-29T20:02:20] [INFO] [calypso-direct] [BLE_SCAN] Connecting to Calypso F8:5F:12:9D:D2:EE...
[2026-05-29T20:02:40] [ERROR] [calypso-direct] [ERROR] BLE error (L1 #1): Device with address F8:5F:12:9D:D2:EE was not found.
[2026-05-29T20:02:52] [INFO] [calypso-direct] [STARTUP] Singleton acquired (PID 32633)
[2026-05-29T20:02:52] [INFO] [calypso-direct] [STARTUP] ============================================================
[2026-05-29T20:02:52] [INFO] [calypso-direct] [STARTUP] calypso_direct — Calypso UP10 BLE Driver
[2026-05-29T20:02:52] [INFO] [calypso-direct] [STARTUP] MAC=F8:5F:12:9D:D2:EE Rate=4Hz SK=UDP:4123
[2026-05-29T20:02:52] [INFO] [calypso-direct] [STARTUP] Timeout=60s L2_threshold=20
[2026-05-29T20:02:52] [INFO] [calypso-direct] [STARTUP] ============================================================
[2026-05-29T20:02:52] [INFO] [calypso-direct] [BLE_SCAN] Connecting to Calypso F8:5F:12:9D:D2:EE...
[2026-05-29T20:03:12] [ERROR] [calypso-direct] [ERROR] BLE error (L1 #1): Device with address F8:5F:12:9D:D2:EE was not found.
[2026-05-29T20:03:24] [INFO] [calypso-direct] [STARTUP] Singleton acquired (PID 32942)
[2026-05-29T20:03:24] [INFO] [calypso-direct] [STARTUP] ============================================================
[2026-05-29T20:03:24] [INFO] [calypso-direct] [STARTUP] calypso_direct — Calypso UP10 BLE Driver
[2026-05-29T20:03:24] [INFO] [calypso-direct] [STARTUP] MAC=F8:5F:12:9D:D2:EE Rate=4Hz SK=UDP:4123
[2026-05-29T20:03:24] [INFO] [calypso-direct] [STARTUP] Timeout=60s L2_threshold=20
[2026-05-29T20:03:24] [INFO] [calypso-direct] [STARTUP] ============================================================
[2026-05-29T20:03:24] [INFO] [calypso-direct] [BLE_SCAN] Connecting to Calypso F8:5F:12:9D:D2:EE...
[2026-05-29T20:03:44] [ERROR] [calypso-direct] [ERROR] BLE error (L1 #1): Device with address F8:5F:12:9D:D2:EE was not found.
[2026-05-29T20:03:56] [INFO] [calypso-direct] [STARTUP] Singleton acquired (PID 33315)
[2026-05-29T20:03:56] [INFO] [calypso-direct] [STARTUP] ============================================================
[2026-05-29T20:03:56] [INFO] [calypso-direct] [STARTUP] calypso_direct — Calypso UP10 BLE Driver
[2026-05-29T20:03:56] [INFO] [calypso-direct] [STARTUP] MAC=F8:5F:12:9D:D2:EE Rate=4Hz SK=UDP:4123
[2026-05-29T20:03:56] [INFO] [calypso-direct] [STARTUP] Timeout=60s L2_threshold=20
[2026-05-29T20:03:56] [INFO] [calypso-direct] [STARTUP] ============================================================
[2026-05-29T20:03:56] [INFO] [calypso-direct] [BLE_SCAN] Connecting to Calypso F8:5F:12:9D:D2:EE...
[2026-05-29T20:04:16] [ERROR] [calypso-direct] [ERROR] BLE error (L1 #1): Device with address F8:5F:12:9D:D2:EE was not found.
[2026-05-29T20:04:28] [INFO] [calypso-direct] [STARTUP] Singleton acquired (PID 33642)
[2026-05-29T20:04:28] [INFO] [calypso-direct] [STARTUP] ============================================================
[2026-05-29T20:04:28] [INFO] [calypso-direct] [STARTUP] calypso_direct — Calypso UP10 BLE Driver
[2026-05-29T20:04:28] [INFO] [calypso-direct] [STARTUP] MAC=F8:5F:12:9D:D2:EE Rate=4Hz SK=UDP:4123
[2026-05-29T20:04:28] [INFO] [calypso-direct] [STARTUP] Timeout=60s L2_threshold=20
[2026-05-29T20:04:28] [INFO] [calypso-direct] [STARTUP] ============================================================
[2026-05-29T20:04:28] [INFO] [calypso-direct] [BLE_SCAN] Connecting to Calypso F8:5F:12:9D:D2:EE...
[2026-05-29T20:04:48] [ERROR] [calypso-direct] [ERROR] BLE error (L1 #1): Device with address F8:5F:12:9D:D2:EE was not found.
[2026-05-29T20:05:00] [INFO] [calypso-direct] [STARTUP] Singleton acquired (PID 33917)
[2026-05-29T20:05:00] [INFO] [calypso-direct] [STARTUP] ============================================================
[2026-05-29T20:05:00] [INFO] [calypso-direct] [STARTUP] calypso_direct — Calypso UP10 BLE Driver
[2026-05-29T20:05:00] [INFO] [calypso-direct] [STARTUP] MAC=F8:5F:12:9D:D2:EE Rate=4Hz SK=UDP:4123
[2026-05-29T20:05:00] [INFO] [calypso-direct] [STARTUP] Timeout=60s L2_threshold=20
[2026-05-29T20:05:00] [INFO] [calypso-direct] [STARTUP] ============================================================
[2026-05-29T20:05:00] [INFO] [calypso-direct] [BLE_SCAN] Connecting to Calypso F8:5F:12:9D:D2:EE...
[2026-05-29T20:05:20] [ERROR] [calypso-direct] [ERROR] BLE error (L1 #1): Device with address F8:5F:12:9D:D2:EE was not found.
[2026-05-29T20:05:32] [INFO] [calypso-direct] [STARTUP] Singleton acquired (PID 34254)
[2026-05-29T20:05:32] [INFO] [calypso-direct] [STARTUP] ============================================================
[2026-05-29T20:05:32] [INFO] [calypso-direct] [STARTUP] calypso_direct — Calypso UP10 BLE Driver
[2026-05-29T20:05:32] [INFO] [calypso-direct] [STARTUP] MAC=F8:5F:12:9D:D2:EE Rate=4Hz SK=UDP:4123
[2026-05-29T20:05:32] [INFO] [calypso-direct] [STARTUP] Timeout=60s L2_threshold=20
[2026-05-29T20:05:32] [INFO] [calypso-direct] [STARTUP] ============================================================
[2026-05-29T20:05:32] [INFO] [calypso-direct] [BLE_SCAN] Connecting to Calypso F8:5F:12:9D:D2:EE...
[2026-05-29T20:05:53] [ERROR] [calypso-direct] [ERROR] BLE error (L1 #1): Device with address F8:5F:12:9D:D2:EE was not found.
[2026-05-29T20:06:04] [INFO] [calypso-direct] [STARTUP] Singleton acquired (PID 34491)
[2026-05-29T20:06:04] [INFO] [calypso-direct] [STARTUP] ============================================================
[2026-05-29T20:06:04] [INFO] [calypso-direct] [STARTUP] calypso_direct — Calypso UP10 BLE Driver
[2026-05-29T20:06:04] [INFO] [calypso-direct] [STARTUP] MAC=F8:5F:12:9D:D2:EE Rate=4Hz SK=UDP:4123
[2026-05-29T20:06:04] [INFO] [calypso-direct] [STARTUP] Timeout=60s L2_threshold=20
[2026-05-29T20:06:04] [INFO] [calypso-direct] [STARTUP] ============================================================
[2026-05-29T20:06:04] [INFO] [calypso-direct] [BLE_SCAN] Connecting to Calypso F8:5F:12:9D:D2:EE...
[2026-05-29T20:06:24] [ERROR] [calypso-direct] [ERROR] BLE error (L1 #1): Device with address F8:5F:12:9D:D2:EE was not found.
[2026-05-29T20:06:36] [INFO] [calypso-direct] [STARTUP] Singleton acquired (PID 34782)
[2026-05-29T20:06:36] [INFO] [calypso-direct] [STARTUP] ============================================================
[2026-05-29T20:06:36] [INFO] [calypso-direct] [STARTUP] calypso_direct — Calypso UP10 BLE Driver
[2026-05-29T20:06:36] [INFO] [calypso-direct] [STARTUP] MAC=F8:5F:12:9D:D2:EE Rate=4Hz SK=UDP:4123
[2026-05-29T20:06:36] [INFO] [calypso-direct] [STARTUP] Timeout=60s L2_threshold=20
[2026-05-29T20:06:36] [INFO] [calypso-direct] [STARTUP] ============================================================
[2026-05-29T20:06:36] [INFO] [calypso-direct] [BLE_SCAN] Connecting to Calypso F8:5F:12:9D:D2:EE...
[2026-05-29T20:06:56] [ERROR] [calypso-direct] [ERROR] BLE error (L1 #1): Device with address F8:5F:12:9D:D2:EE was not found.
[2026-05-29T20:07:08] [INFO] [calypso-direct] [STARTUP] Singleton acquired (PID 35183)
[2026-05-29T20:07:08] [INFO] [calypso-direct] [STARTUP] ============================================================
[2026-05-29T20:07:08] [INFO] [calypso-direct] [STARTUP] calypso_direct — Calypso UP10 BLE Driver
[2026-05-29T20:07:08] [INFO] [calypso-direct] [STARTUP] MAC=F8:5F:12:9D:D2:EE Rate=4Hz SK=UDP:4123
[2026-05-29T20:07:08] [INFO] [calypso-direct] [STARTUP] Timeout=60s L2_threshold=20
[2026-05-29T20:07:08] [INFO] [calypso-direct] [STARTUP] ============================================================
[2026-05-29T20:07:08] [INFO] [calypso-direct] [BLE_SCAN] Connecting to Calypso F8:5F:12:9D:D2:EE...
[2026-05-29T20:07:28] [ERROR] [calypso-direct] [ERROR] BLE error (L1 #1): Device with address F8:5F:12:9D:D2:EE was not found.
[2026-05-29T20:07:40] [INFO] [calypso-direct] [STARTUP] Singleton acquired (PID 35507)
[2026-05-29T20:07:40] [INFO] [calypso-direct] [STARTUP] ============================================================
[2026-05-29T20:07:40] [INFO] [calypso-direct] [STARTUP] calypso_direct — Calypso UP10 BLE Driver
[2026-05-29T20:07:40] [INFO] [calypso-direct] [STARTUP] MAC=F8:5F:12:9D:D2:EE Rate=4Hz SK=UDP:4123
[2026-05-29T20:07:40] [INFO] [calypso-direct] [STARTUP] Timeout=60s L2_threshold=20
[2026-05-29T20:07:40] [INFO] [calypso-direct] [STARTUP] ============================================================
[2026-05-29T20:07:40] [INFO] [calypso-direct] [BLE_SCAN] Connecting to Calypso F8:5F:12:9D:D2:EE...
[2026-05-29T20:08:00] [ERROR] [calypso-direct] [ERROR] BLE error (L1 #1): Device with address F8:5F:12:9D:D2:EE was not found.
[2026-05-29T20:08:12] [INFO] [calypso-direct] [STARTUP] Singleton acquired (PID 35835)
[2026-05-29T20:08:12] [INFO] [calypso-direct] [STARTUP] ============================================================
[2026-05-29T20:08:12] [INFO] [calypso-direct] [STARTUP] calypso_direct — Calypso UP10 BLE Driver
[2026-05-29T20:08:12] [INFO] [calypso-direct] [STARTUP] MAC=F8:5F:12:9D:D2:EE Rate=4Hz SK=UDP:4123
[2026-05-29T20:08:12] [INFO] [calypso-direct] [STARTUP] Timeout=60s L2_threshold=20
[2026-05-29T20:08:12] [INFO] [calypso-direct] [STARTUP] ============================================================
[2026-05-29T20:08:12] [INFO] [calypso-direct] [BLE_SCAN] Connecting to Calypso F8:5F:12:9D:D2:EE...
[2026-05-29T20:08:32] [ERROR] [calypso-direct] [ERROR] BLE error (L1 #1): Device with address F8:5F:12:9D:D2:EE was not found.
[2026-05-29T20:08:44] [INFO] [calypso-direct] [STARTUP] Singleton acquired (PID 36117)
[2026-05-29T20:08:44] [INFO] [calypso-direct] [STARTUP] ============================================================
[2026-05-29T20:08:44] [INFO] [calypso-direct] [STARTUP] calypso_direct — Calypso UP10 BLE Driver
[2026-05-29T20:08:44] [INFO] [calypso-direct] [STARTUP] MAC=F8:5F:12:9D:D2:EE Rate=4Hz SK=UDP:4123
[2026-05-29T20:08:44] [INFO] [calypso-direct] [STARTUP] Timeout=60s L2_threshold=20
[2026-05-29T20:08:44] [INFO] [calypso-direct] [STARTUP] ============================================================
[2026-05-29T20:08:44] [INFO] [calypso-direct] [BLE_SCAN] Connecting to Calypso F8:5F:12:9D:D2:EE...
[2026-05-29T20:09:04] [ERROR] [calypso-direct] [ERROR] BLE error (L1 #1): Device with address F8:5F:12:9D:D2:EE was not found.
[2026-05-29T20:09:16] [INFO] [calypso-direct] [STARTUP] Singleton acquired (PID 36417)
[2026-05-29T20:09:16] [INFO] [calypso-direct] [STARTUP] ============================================================
[2026-05-29T20:09:16] [INFO] [calypso-direct] [STARTUP] calypso_direct — Calypso UP10 BLE Driver
[2026-05-29T20:09:16] [INFO] [calypso-direct] [STARTUP] MAC=F8:5F:12:9D:D2:EE Rate=4Hz SK=UDP:4123
[2026-05-29T20:09:16] [INFO] [calypso-direct] [STARTUP] Timeout=60s L2_threshold=20
[2026-05-29T20:09:16] [INFO] [calypso-direct] [STARTUP] ============================================================
[2026-05-29T20:09:16] [INFO] [calypso-direct] [BLE_SCAN] Connecting to Calypso F8:5F:12:9D:D2:EE...
[2026-05-29T20:09:36] [ERROR] [calypso-direct] [ERROR] BLE error (L1 #1): Device with address F8:5F:12:9D:D2:EE was not found.
[2026-05-29T20:09:48] [INFO] [calypso-direct] [STARTUP] Singleton acquired (PID 36708)
[2026-05-29T20:09:48] [INFO] [calypso-direct] [STARTUP] ============================================================
[2026-05-29T20:09:48] [INFO] [calypso-direct] [STARTUP] calypso_direct — Calypso UP10 BLE Driver
[2026-05-29T20:09:48] [INFO] [calypso-direct] [STARTUP] MAC=F8:5F:12:9D:D2:EE Rate=4Hz SK=UDP:4123
[2026-05-29T20:09:48] [INFO] [calypso-direct] [STARTUP] Timeout=60s L2_threshold=20
[2026-05-29T20:09:48] [INFO] [calypso-direct] [STARTUP] ============================================================
[2026-05-29T20:09:48] [INFO] [calypso-direct] [BLE_SCAN] Connecting to Calypso F8:5F:12:9D:D2:EE...
[2026-05-29T20:10:08] [ERROR] [calypso-direct] [ERROR] BLE error (L1 #1): Device with address F8:5F:12:9D:D2:EE was not found.
[2026-05-29T20:10:20] [INFO] [calypso-direct] [STARTUP] Singleton acquired (PID 37121)
[2026-05-29T20:10:20] [INFO] [calypso-direct] [STARTUP] ============================================================
[2026-05-29T20:10:20] [INFO] [calypso-direct] [STARTUP] calypso_direct — Calypso UP10 BLE Driver
[2026-05-29T20:10:20] [INFO] [calypso-direct] [STARTUP] MAC=F8:5F:12:9D:D2:EE Rate=4Hz SK=UDP:4123
[2026-05-29T20:10:20] [INFO] [calypso-direct] [STARTUP] Timeout=60s L2_threshold=20
[2026-05-29T20:10:20] [INFO] [calypso-direct] [STARTUP] ============================================================
[2026-05-29T20:10:20] [INFO] [calypso-direct] [BLE_SCAN] Connecting to Calypso F8:5F:12:9D:D2:EE...
[2026-05-29T20:10:40] [ERROR] [calypso-direct] [ERROR] BLE error (L1 #1): Device with address F8:5F:12:9D:D2:EE was not found.
[2026-05-29T20:10:52] [INFO] [calypso-direct] [STARTUP] Singleton acquired (PID 37467)
[2026-05-29T20:10:52] [INFO] [calypso-direct] [STARTUP] ============================================================
[2026-05-29T20:10:52] [INFO] [calypso-direct] [STARTUP] calypso_direct — Calypso UP10 BLE Driver
[2026-05-29T20:10:52] [INFO] [calypso-direct] [STARTUP] MAC=F8:5F:12:9D:D2:EE Rate=4Hz SK=UDP:4123
[2026-05-29T20:10:52] [INFO] [calypso-direct] [STARTUP] Timeout=60s L2_threshold=20
[2026-05-29T20:10:52] [INFO] [calypso-direct] [STARTUP] ============================================================
[2026-05-29T20:10:52] [INFO] [calypso-direct] [BLE_SCAN] Connecting to Calypso F8:5F:12:9D:D2:EE...
[2026-05-29T20:11:12] [ERROR] [calypso-direct] [ERROR] BLE error (L1 #1): Device with address F8:5F:12:9D:D2:EE was not found.
[2026-05-29T20:11:24] [INFO] [calypso-direct] [STARTUP] Singleton acquired (PID 37787)
[2026-05-29T20:11:24] [INFO] [calypso-direct] [STARTUP] ============================================================
[2026-05-29T20:11:24] [INFO] [calypso-direct] [STARTUP] calypso_direct — Calypso UP10 BLE Driver
[2026-05-29T20:11:24] [INFO] [calypso-direct] [STARTUP] MAC=F8:5F:12:9D:D2:EE Rate=4Hz SK=UDP:4123
[2026-05-29T20:11:24] [INFO] [calypso-direct] [STARTUP] Timeout=60s L2_threshold=20
[2026-05-29T20:11:24] [INFO] [calypso-direct] [STARTUP] ============================================================
[2026-05-29T20:11:24] [INFO] [calypso-direct] [BLE_SCAN] Connecting to Calypso F8:5F:12:9D:D2:EE...
[2026-05-29T20:11:45] [ERROR] [calypso-direct] [ERROR] BLE error (L1 #1): Device with address F8:5F:12:9D:D2:EE was not found.
[2026-05-29T20:11:56] [INFO] [calypso-direct] [STARTUP] Singleton acquired (PID 38034)
[2026-05-29T20:11:56] [INFO] [calypso-direct] [STARTUP] ============================================================
[2026-05-29T20:11:56] [INFO] [calypso-direct] [STARTUP] calypso_direct — Calypso UP10 BLE Driver
[2026-05-29T20:11:56] [INFO] [calypso-direct] [STARTUP] MAC=F8:5F:12:9D:D2:EE Rate=4Hz SK=UDP:4123
[2026-05-29T20:11:56] [INFO] [calypso-direct] [STARTUP] Timeout=60s L2_threshold=20
[2026-05-29T20:11:56] [INFO] [calypso-direct] [STARTUP] ============================================================
[2026-05-29T20:11:56] [INFO] [calypso-direct] [BLE_SCAN] Connecting to Calypso F8:5F:12:9D:D2:EE...
[2026-05-29T20:12:16] [ERROR] [calypso-direct] [ERROR] BLE error (L1 #1): Device with address F8:5F:12:9D:D2:EE was not found.
[2026-05-29T20:12:28] [INFO] [calypso-direct] [STARTUP] Singleton acquired (PID 38353)
[2026-05-29T20:12:28] [INFO] [calypso-direct] [STARTUP] ============================================================
[2026-05-29T20:12:28] [INFO] [calypso-direct] [STARTUP] calypso_direct — Calypso UP10 BLE Driver
[2026-05-29T20:12:28] [INFO] [calypso-direct] [STARTUP] MAC=F8:5F:12:9D:D2:EE Rate=4Hz SK=UDP:4123
[2026-05-29T20:12:28] [INFO] [calypso-direct] [STARTUP] Timeout=60s L2_threshold=20
[2026-05-29T20:12:28] [INFO] [calypso-direct] [STARTUP] ============================================================
[2026-05-29T20:12:28] [INFO] [calypso-direct] [BLE_SCAN] Connecting to Calypso F8:5F:12:9D:D2:EE...
[2026-05-29T20:12:48] [ERROR] [calypso-direct] [ERROR] BLE error (L1 #1): Device with address F8:5F:12:9D:D2:EE was not found.
[2026-05-29T20:13:00] [INFO] [calypso-direct] [STARTUP] Singleton acquired (PID 38616)
[2026-05-29T20:13:00] [INFO] [calypso-direct] [STARTUP] ============================================================
[2026-05-29T20:13:00] [INFO] [calypso-direct] [STARTUP] calypso_direct — Calypso UP10 BLE Driver
[2026-05-29T20:13:00] [INFO] [calypso-direct] [STARTUP] MAC=F8:5F:12:9D:D2:EE Rate=4Hz SK=UDP:4123
[2026-05-29T20:13:00] [INFO] [calypso-direct] [STARTUP] Timeout=60s L2_threshold=20
[2026-05-29T20:13:00] [INFO] [calypso-direct] [STARTUP] ============================================================
[2026-05-29T20:13:00] [INFO] [calypso-direct] [BLE_SCAN] Connecting to Calypso F8:5F:12:9D:D2:EE...
[2026-05-29T20:13:21] [ERROR] [calypso-direct] [ERROR] BLE error (L1 #1): Device with address F8:5F:12:9D:D2:EE was not found.
[2026-05-29T20:13:32] [INFO] [calypso-direct] [STARTUP] Singleton acquired (PID 38971)
[2026-05-29T20:13:32] [INFO] [calypso-direct] [STARTUP] ============================================================
[2026-05-29T20:13:32] [INFO] [calypso-direct] [STARTUP] calypso_direct — Calypso UP10 BLE Driver
[2026-05-29T20:13:32] [INFO] [calypso-direct] [STARTUP] MAC=F8:5F:12:9D:D2:EE Rate=4Hz SK=UDP:4123
[2026-05-29T20:13:32] [INFO] [calypso-direct] [STARTUP] Timeout=60s L2_threshold=20
[2026-05-29T20:13:32] [INFO] [calypso-direct] [STARTUP] ============================================================
[2026-05-29T20:13:32] [INFO] [calypso-direct] [BLE_SCAN] Connecting to Calypso F8:5F:12:9D:D2:EE...
[2026-05-29T20:13:53] [ERROR] [calypso-direct] [ERROR] BLE error (L1 #1): Device with address F8:5F:12:9D:D2:EE was not found.
[2026-05-29T20:14:04] [INFO] [calypso-direct] [STARTUP] Singleton acquired (PID 39325)
[2026-05-29T20:14:04] [INFO] [calypso-direct] [STARTUP] ============================================================
[2026-05-29T20:14:04] [INFO] [calypso-direct] [STARTUP] calypso_direct — Calypso UP10 BLE Driver
[2026-05-29T20:14:04] [INFO] [calypso-direct] [STARTUP] MAC=F8:5F:12:9D:D2:EE Rate=4Hz SK=UDP:4123
[2026-05-29T20:14:04] [INFO] [calypso-direct] [STARTUP] Timeout=60s L2_threshold=20
[2026-05-29T20:14:04] [INFO] [calypso-direct] [STARTUP] ============================================================
[2026-05-29T20:14:04] [INFO] [calypso-direct] [BLE_SCAN] Connecting to Calypso F8:5F:12:9D:D2:EE...
[2026-05-29T20:14:25] [ERROR] [calypso-direct] [ERROR] BLE error (L1 #1): Device with address F8:5F:12:9D:D2:EE was not found.
[2026-05-29T20:14:36] [INFO] [calypso-direct] [STARTUP] Singleton acquired (PID 39678)
[2026-05-29T20:14:36] [INFO] [calypso-direct] [STARTUP] ============================================================
[2026-05-29T20:14:36] [INFO] [calypso-direct] [STARTUP] calypso_direct — Calypso UP10 BLE Driver
[2026-05-29T20:14:36] [INFO] [calypso-direct] [STARTUP] MAC=F8:5F:12:9D:D2:EE Rate=4Hz SK=UDP:4123
[2026-05-29T20:14:36] [INFO] [calypso-direct] [STARTUP] Timeout=60s L2_threshold=20
[2026-05-29T20:14:36] [INFO] [calypso-direct] [STARTUP] ============================================================
[2026-05-29T20:14:36] [INFO] [calypso-direct] [BLE_SCAN] Connecting to Calypso F8:5F:12:9D:D2:EE...
[2026-05-29T20:14:57] [ERROR] [calypso-direct] [ERROR] BLE error (L1 #1): Device with address F8:5F:12:9D:D2:EE was not found.
[2026-05-29T20:15:08] [INFO] [calypso-direct] [STARTUP] Singleton acquired (PID 39918)
[2026-05-29T20:15:08] [INFO] [calypso-direct] [STARTUP] ============================================================
[2026-05-29T20:15:08] [INFO] [calypso-direct] [STARTUP] calypso_direct — Calypso UP10 BLE Driver
[2026-05-29T20:15:08] [INFO] [calypso-direct] [STARTUP] MAC=F8:5F:12:9D:D2:EE Rate=4Hz SK=UDP:4123
[2026-05-29T20:15:08] [INFO] [calypso-direct] [STARTUP] Timeout=60s L2_threshold=20
[2026-05-29T20:15:08] [INFO] [calypso-direct] [STARTUP] ============================================================
[2026-05-29T20:15:08] [INFO] [calypso-direct] [BLE_SCAN] Connecting to Calypso F8:5F:12:9D:D2:EE...
[2026-05-29T20:15:29] [ERROR] [calypso-direct] [ERROR] BLE error (L1 #1): Device with address F8:5F:12:9D:D2:EE was not found.
[2026-05-29T20:15:40] [INFO] [calypso-direct] [STARTUP] Singleton acquired (PID 40290)
[2026-05-29T20:15:40] [INFO] [calypso-direct] [STARTUP] ============================================================
[2026-05-29T20:15:40] [INFO] [calypso-direct] [STARTUP] calypso_direct — Calypso UP10 BLE Driver
[2026-05-29T20:15:40] [INFO] [calypso-direct] [STARTUP] MAC=F8:5F:12:9D:D2:EE Rate=4Hz SK=UDP:4123
[2026-05-29T20:15:40] [INFO] [calypso-direct] [STARTUP] Timeout=60s L2_threshold=20
[2026-05-29T20:15:40] [INFO] [calypso-direct] [STARTUP] ============================================================
[2026-05-29T20:15:40] [INFO] [calypso-direct] [BLE_SCAN] Connecting to Calypso F8:5F:12:9D:D2:EE...
[2026-05-29T20:16:01] [ERROR] [calypso-direct] [ERROR] BLE error (L1 #1): Device with address F8:5F:12:9D:D2:EE was not found.
[2026-05-29T20:16:12] [INFO] [calypso-direct] [STARTUP] Singleton acquired (PID 40590)
[2026-05-29T20:16:12] [INFO] [calypso-direct] [STARTUP] ============================================================
[2026-05-29T20:16:12] [INFO] [calypso-direct] [STARTUP] calypso_direct — Calypso UP10 BLE Driver
[2026-05-29T20:16:12] [INFO] [calypso-direct] [STARTUP] MAC=F8:5F:12:9D:D2:EE Rate=4Hz SK=UDP:4123
[2026-05-29T20:16:12] [INFO] [calypso-direct] [STARTUP] Timeout=60s L2_threshold=20
[2026-05-29T20:16:12] [INFO] [calypso-direct] [STARTUP] ============================================================
[2026-05-29T20:16:12] [INFO] [calypso-direct] [BLE_SCAN] Connecting to Calypso F8:5F:12:9D:D2:EE...
[2026-05-29T20:16:33] [ERROR] [calypso-direct] [ERROR] BLE error (L1 #1): Device with address F8:5F:12:9D:D2:EE was not found.
[2026-05-29T20:16:44] [INFO] [calypso-direct] [STARTUP] Singleton acquired (PID 40900)
[2026-05-29T20:16:44] [INFO] [calypso-direct] [STARTUP] ============================================================
[2026-05-29T20:16:44] [INFO] [calypso-direct] [STARTUP] calypso_direct — Calypso UP10 BLE Driver
[2026-05-29T20:16:44] [INFO] [calypso-direct] [STARTUP] MAC=F8:5F:12:9D:D2:EE Rate=4Hz SK=UDP:4123
[2026-05-29T20:16:44] [INFO] [calypso-direct] [STARTUP] Timeout=60s L2_threshold=20
[2026-05-29T20:16:44] [INFO] [calypso-direct] [STARTUP] ============================================================
[2026-05-29T20:16:44] [INFO] [calypso-direct] [BLE_SCAN] Connecting to Calypso F8:5F:12:9D:D2:EE...
[2026-05-29T20:17:05] [ERROR] [calypso-direct] [ERROR] BLE error (L1 #1): Device with address F8:5F:12:9D:D2:EE was not found.
[2026-05-29T20:17:16] [INFO] [calypso-direct] [STARTUP] Singleton acquired (PID 41248)
[2026-05-29T20:17:16] [INFO] [calypso-direct] [STARTUP] ============================================================
[2026-05-29T20:17:16] [INFO] [calypso-direct] [STARTUP] calypso_direct — Calypso UP10 BLE Driver
[2026-05-29T20:17:16] [INFO] [calypso-direct] [STARTUP] MAC=F8:5F:12:9D:D2:EE Rate=4Hz SK=UDP:4123
[2026-05-29T20:17:16] [INFO] [calypso-direct] [STARTUP] Timeout=60s L2_threshold=20
[2026-05-29T20:17:16] [INFO] [calypso-direct] [STARTUP] ============================================================
[2026-05-29T20:17:16] [INFO] [calypso-direct] [BLE_SCAN] Connecting to Calypso F8:5F:12:9D:D2:EE...
[2026-05-29T20:17:37] [ERROR] [calypso-direct] [ERROR] BLE error (L1 #1): Device with address F8:5F:12:9D:D2:EE was not found.
[2026-05-29T20:17:48] [INFO] [calypso-direct] [STARTUP] Singleton acquired (PID 41585)
[2026-05-29T20:17:48] [INFO] [calypso-direct] [STARTUP] ============================================================
[2026-05-29T20:17:48] [INFO] [calypso-direct] [STARTUP] calypso_direct — Calypso UP10 BLE Driver
[2026-05-29T20:17:48] [INFO] [calypso-direct] [STARTUP] MAC=F8:5F:12:9D:D2:EE Rate=4Hz SK=UDP:4123
[2026-05-29T20:17:48] [INFO] [calypso-direct] [STARTUP] Timeout=60s L2_threshold=20
[2026-05-29T20:17:48] [INFO] [calypso-direct] [STARTUP] ============================================================
[2026-05-29T20:17:48] [INFO] [calypso-direct] [BLE_SCAN] Connecting to Calypso F8:5F:12:9D:D2:EE...
[2026-05-29T20:18:09] [ERROR] [calypso-direct] [ERROR] BLE error (L1 #1): Device with address F8:5F:12:9D:D2:EE was not found.
[2026-05-29T20:18:20] [INFO] [calypso-direct] [STARTUP] Singleton acquired (PID 41912)
[2026-05-29T20:18:20] [INFO] [calypso-direct] [STARTUP] ============================================================
[2026-05-29T20:18:20] [INFO] [calypso-direct] [STARTUP] calypso_direct — Calypso UP10 BLE Driver
[2026-05-29T20:18:20] [INFO] [calypso-direct] [STARTUP] MAC=F8:5F:12:9D:D2:EE Rate=4Hz SK=UDP:4123
[2026-05-29T20:18:20] [INFO] [calypso-direct] [STARTUP] Timeout=60s L2_threshold=20
[2026-05-29T20:18:20] [INFO] [calypso-direct] [STARTUP] ============================================================
[2026-05-29T20:18:20] [INFO] [calypso-direct] [BLE_SCAN] Connecting to Calypso F8:5F:12:9D:D2:EE...
[2026-05-29T20:18:41] [ERROR] [calypso-direct] [ERROR] BLE error (L1 #1): Device with address F8:5F:12:9D:D2:EE was not found.
[2026-05-29T20:18:52] [INFO] [calypso-direct] [STARTUP] Singleton acquired (PID 42251)
[2026-05-29T20:18:52] [INFO] [calypso-direct] [STARTUP] ============================================================
[2026-05-29T20:18:52] [INFO] [calypso-direct] [STARTUP] calypso_direct — Calypso UP10 BLE Driver
[2026-05-29T20:18:52] [INFO] [calypso-direct] [STARTUP] MAC=F8:5F:12:9D:D2:EE Rate=4Hz SK=UDP:4123
[2026-05-29T20:18:52] [INFO] [calypso-direct] [STARTUP] Timeout=60s L2_threshold=20
[2026-05-29T20:18:52] [INFO] [calypso-direct] [STARTUP] ============================================================
[2026-05-29T20:18:52] [INFO] [calypso-direct] [BLE_SCAN] Connecting to Calypso F8:5F:12:9D:D2:EE...
[2026-05-29T20:19:13] [ERROR] [calypso-direct] [ERROR] BLE error (L1 #1): Device with address F8:5F:12:9D:D2:EE was not found.
[2026-05-29T20:19:24] [INFO] [calypso-direct] [STARTUP] Singleton acquired (PID 42560)
[2026-05-29T20:19:24] [INFO] [calypso-direct] [STARTUP] ============================================================
[2026-05-29T20:19:24] [INFO] [calypso-direct] [STARTUP] calypso_direct — Calypso UP10 BLE Driver
[2026-05-29T20:19:24] [INFO] [calypso-direct] [STARTUP] MAC=F8:5F:12:9D:D2:EE Rate=4Hz SK=UDP:4123
[2026-05-29T20:19:24] [INFO] [calypso-direct] [STARTUP] Timeout=60s L2_threshold=20
[2026-05-29T20:19:24] [INFO] [calypso-direct] [STARTUP] ============================================================
[2026-05-29T20:19:24] [INFO] [calypso-direct] [BLE_SCAN] Connecting to Calypso F8:5F:12:9D:D2:EE...
[2026-05-29T20:19:45] [ERROR] [calypso-direct] [ERROR] BLE error (L1 #1): Device with address F8:5F:12:9D:D2:EE was not found.
[2026-05-29T20:19:56] [INFO] [calypso-direct] [STARTUP] Singleton acquired (PID 42922)
[2026-05-29T20:19:56] [INFO] [calypso-direct] [STARTUP] ============================================================
[2026-05-29T20:19:56] [INFO] [calypso-direct] [STARTUP] calypso_direct — Calypso UP10 BLE Driver
[2026-05-29T20:19:56] [INFO] [calypso-direct] [STARTUP] MAC=F8:5F:12:9D:D2:EE Rate=4Hz SK=UDP:4123
[2026-05-29T20:19:56] [INFO] [calypso-direct] [STARTUP] Timeout=60s L2_threshold=20
[2026-05-29T20:19:56] [INFO] [calypso-direct] [STARTUP] ============================================================
[2026-05-29T20:19:56] [INFO] [calypso-direct] [BLE_SCAN] Connecting to Calypso F8:5F:12:9D:D2:EE...
[2026-05-29T20:20:17] [ERROR] [calypso-direct] [ERROR] BLE error (L1 #1): Device with address F8:5F:12:9D:D2:EE was not found.
[2026-05-29T20:20:28] [INFO] [calypso-direct] [STARTUP] Singleton acquired (PID 43224)
[2026-05-29T20:20:28] [INFO] [calypso-direct] [STARTUP] ============================================================
[2026-05-29T20:20:28] [INFO] [calypso-direct] [STARTUP] calypso_direct — Calypso UP10 BLE Driver
[2026-05-29T20:20:28] [INFO] [calypso-direct] [STARTUP] MAC=F8:5F:12:9D:D2:EE Rate=4Hz SK=UDP:4123
[2026-05-29T20:20:28] [INFO] [calypso-direct] [STARTUP] Timeout=60s L2_threshold=20
[2026-05-29T20:20:28] [INFO] [calypso-direct] [STARTUP] ============================================================
[2026-05-29T20:20:28] [INFO] [calypso-direct] [BLE_SCAN] Connecting to Calypso F8:5F:12:9D:D2:EE...
[2026-05-29T20:20:49] [ERROR] [calypso-direct] [ERROR] BLE error (L1 #1): Device with address F8:5F:12:9D:D2:EE was not found.
[2026-05-29T20:21:00] [INFO] [calypso-direct] [STARTUP] Singleton acquired (PID 43528)
[2026-05-29T20:21:00] [INFO] [calypso-direct] [STARTUP] ============================================================
[2026-05-29T20:21:00] [INFO] [calypso-direct] [STARTUP] calypso_direct — Calypso UP10 BLE Driver
[2026-05-29T20:21:00] [INFO] [calypso-direct] [STARTUP] MAC=F8:5F:12:9D:D2:EE Rate=4Hz SK=UDP:4123
[2026-05-29T20:21:00] [INFO] [calypso-direct] [STARTUP] Timeout=60s L2_threshold=20
[2026-05-29T20:21:00] [INFO] [calypso-direct] [STARTUP] ============================================================
[2026-05-29T20:21:00] [INFO] [calypso-direct] [BLE_SCAN] Connecting to Calypso F8:5F:12:9D:D2:EE...
[2026-05-29T20:21:21] [ERROR] [calypso-direct] [ERROR] BLE error (L1 #1): Device with address F8:5F:12:9D:D2:EE was not found.
[2026-05-29T20:21:32] [INFO] [calypso-direct] [STARTUP] Singleton acquired (PID 43836)
[2026-05-29T20:21:32] [INFO] [calypso-direct] [STARTUP] ============================================================
[2026-05-29T20:21:32] [INFO] [calypso-direct] [STARTUP] calypso_direct — Calypso UP10 BLE Driver
[2026-05-29T20:21:32] [INFO] [calypso-direct] [STARTUP] MAC=F8:5F:12:9D:D2:EE Rate=4Hz SK=UDP:4123
[2026-05-29T20:21:32] [INFO] [calypso-direct] [STARTUP] Timeout=60s L2_threshold=20
[2026-05-29T20:21:32] [INFO] [calypso-direct] [STARTUP] ============================================================
[2026-05-29T20:21:32] [INFO] [calypso-direct] [BLE_SCAN] Connecting to Calypso F8:5F:12:9D:D2:EE...
[2026-05-29T20:21:53] [ERROR] [calypso-direct] [ERROR] BLE error (L1 #1): Device with address F8:5F:12:9D:D2:EE was not found.
[2026-05-29T20:22:04] [INFO] [calypso-direct] [STARTUP] Singleton acquired (PID 44155)
[2026-05-29T20:22:04] [INFO] [calypso-direct] [STARTUP] ============================================================
[2026-05-29T20:22:04] [INFO] [calypso-direct] [STARTUP] calypso_direct — Calypso UP10 BLE Driver
[2026-05-29T20:22:04] [INFO] [calypso-direct] [STARTUP] MAC=F8:5F:12:9D:D2:EE Rate=4Hz SK=UDP:4123
[2026-05-29T20:22:04] [INFO] [calypso-direct] [STARTUP] Timeout=60s L2_threshold=20
[2026-05-29T20:22:04] [INFO] [calypso-direct] [STARTUP] ============================================================
[2026-05-29T20:22:04] [INFO] [calypso-direct] [BLE_SCAN] Connecting to Calypso F8:5F:12:9D:D2:EE...
[2026-05-29T20:22:25] [ERROR] [calypso-direct] [ERROR] BLE error (L1 #1): Device with address F8:5F:12:9D:D2:EE was not found.
[2026-05-29T20:22:36] [INFO] [calypso-direct] [STARTUP] Singleton acquired (PID 44491)
[2026-05-29T20:22:36] [INFO] [calypso-direct] [STARTUP] ============================================================
[2026-05-29T20:22:36] [INFO] [calypso-direct] [STARTUP] calypso_direct — Calypso UP10 BLE Driver
[2026-05-29T20:22:36] [INFO] [calypso-direct] [STARTUP] MAC=F8:5F:12:9D:D2:EE Rate=4Hz SK=UDP:4123
[2026-05-29T20:22:36] [INFO] [calypso-direct] [STARTUP] Timeout=60s L2_threshold=20
[2026-05-29T20:22:36] [INFO] [calypso-direct] [STARTUP] ============================================================
[2026-05-29T20:22:36] [INFO] [calypso-direct] [BLE_SCAN] Connecting to Calypso F8:5F:12:9D:D2:EE...
[2026-05-29T20:22:57] [ERROR] [calypso-direct] [ERROR] BLE error (L1 #1): Device with address F8:5F:12:9D:D2:EE was not found.
[2026-05-29T20:23:08] [INFO] [calypso-direct] [STARTUP] Singleton acquired (PID 44835)
[2026-05-29T20:23:08] [INFO] [calypso-direct] [STARTUP] ============================================================
[2026-05-29T20:23:08] [INFO] [calypso-direct] [STARTUP] calypso_direct — Calypso UP10 BLE Driver
[2026-05-29T20:23:08] [INFO] [calypso-direct] [STARTUP] MAC=F8:5F:12:9D:D2:EE Rate=4Hz SK=UDP:4123
[2026-05-29T20:23:08] [INFO] [calypso-direct] [STARTUP] Timeout=60s L2_threshold=20
[2026-05-29T20:23:08] [INFO] [calypso-direct] [STARTUP] ============================================================
[2026-05-29T20:23:08] [INFO] [calypso-direct] [BLE_SCAN] Connecting to Calypso F8:5F:12:9D:D2:EE...
[2026-05-29T20:23:29] [ERROR] [calypso-direct] [ERROR] BLE error (L1 #1): Device with address F8:5F:12:9D:D2:EE was not found.
[2026-05-29T20:23:40] [INFO] [calypso-direct] [STARTUP] Singleton acquired (PID 45109)
[2026-05-29T20:23:40] [INFO] [calypso-direct] [STARTUP] ============================================================
[2026-05-29T20:23:40] [INFO] [calypso-direct] [STARTUP] calypso_direct — Calypso UP10 BLE Driver
[2026-05-29T20:23:40] [INFO] [calypso-direct] [STARTUP] MAC=F8:5F:12:9D:D2:EE Rate=4Hz SK=UDP:4123
[2026-05-29T20:23:40] [INFO] [calypso-direct] [STARTUP] Timeout=60s L2_threshold=20
[2026-05-29T20:23:40] [INFO] [calypso-direct] [STARTUP] ============================================================
[2026-05-29T20:23:40] [INFO] [calypso-direct] [BLE_SCAN] Connecting to Calypso F8:5F:12:9D:D2:EE...
[2026-05-29T20:24:01] [ERROR] [calypso-direct] [ERROR] BLE error (L1 #1): Device with address F8:5F:12:9D:D2:EE was not found.
[2026-05-29T20:24:12] [INFO] [calypso-direct] [STARTUP] Singleton acquired (PID 45390)
[2026-05-29T20:24:12] [INFO] [calypso-direct] [STARTUP] ============================================================
[2026-05-29T20:24:12] [INFO] [calypso-direct] [STARTUP] calypso_direct — Calypso UP10 BLE Driver
[2026-05-29T20:24:12] [INFO] [calypso-direct] [STARTUP] MAC=F8:5F:12:9D:D2:EE Rate=4Hz SK=UDP:4123
[2026-05-29T20:24:12] [INFO] [calypso-direct] [STARTUP] Timeout=60s L2_threshold=20
[2026-05-29T20:24:12] [INFO] [calypso-direct] [STARTUP] ============================================================
[2026-05-29T20:24:12] [INFO] [calypso-direct] [BLE_SCAN] Connecting to Calypso F8:5F:12:9D:D2:EE...
[2026-05-29T20:24:33] [ERROR] [calypso-direct] [ERROR] BLE error (L1 #1): Device with address F8:5F:12:9D:D2:EE was not found.
[2026-05-29T20:24:44] [INFO] [calypso-direct] [STARTUP] Singleton acquired (PID 45762)
[2026-05-29T20:24:44] [INFO] [calypso-direct] [STARTUP] ============================================================
[2026-05-29T20:24:44] [INFO] [calypso-direct] [STARTUP] calypso_direct — Calypso UP10 BLE Driver
[2026-05-29T20:24:44] [INFO] [calypso-direct] [STARTUP] MAC=F8:5F:12:9D:D2:EE Rate=4Hz SK=UDP:4123
[2026-05-29T20:24:44] [INFO] [calypso-direct] [STARTUP] Timeout=60s L2_threshold=20
[2026-05-29T20:24:44] [INFO] [calypso-direct] [STARTUP] ============================================================
[2026-05-29T20:24:44] [INFO] [calypso-direct] [BLE_SCAN] Connecting to Calypso F8:5F:12:9D:D2:EE...
[2026-05-29T20:25:05] [ERROR] [calypso-direct] [ERROR] BLE error (L1 #1): Device with address F8:5F:12:9D:D2:EE was not found.
[2026-05-29T20:25:16] [INFO] [calypso-direct] [STARTUP] Singleton acquired (PID 46140)
[2026-05-29T20:25:16] [INFO] [calypso-direct] [STARTUP] ============================================================
[2026-05-29T20:25:16] [INFO] [calypso-direct] [STARTUP] calypso_direct — Calypso UP10 BLE Driver
[2026-05-29T20:25:16] [INFO] [calypso-direct] [STARTUP] MAC=F8:5F:12:9D:D2:EE Rate=4Hz SK=UDP:4123
[2026-05-29T20:25:16] [INFO] [calypso-direct] [STARTUP] Timeout=60s L2_threshold=20
[2026-05-29T20:25:16] [INFO] [calypso-direct] [STARTUP] ============================================================
[2026-05-29T20:25:16] [INFO] [calypso-direct] [BLE_SCAN] Connecting to Calypso F8:5F:12:9D:D2:EE...
[2026-05-29T20:25:37] [ERROR] [calypso-direct] [ERROR] BLE error (L1 #1): Device with address F8:5F:12:9D:D2:EE was not found.
[2026-05-29T20:25:48] [INFO] [calypso-direct] [STARTUP] Singleton acquired (PID 46460)
[2026-05-29T20:25:48] [INFO] [calypso-direct] [STARTUP] ============================================================
[2026-05-29T20:25:48] [INFO] [calypso-direct] [STARTUP] calypso_direct — Calypso UP10 BLE Driver
[2026-05-29T20:25:48] [INFO] [calypso-direct] [STARTUP] MAC=F8:5F:12:9D:D2:EE Rate=4Hz SK=UDP:4123
[2026-05-29T20:25:48] [INFO] [calypso-direct] [STARTUP] Timeout=60s L2_threshold=20
[2026-05-29T20:25:48] [INFO] [calypso-direct] [STARTUP] ============================================================
[2026-05-29T20:25:48] [INFO] [calypso-direct] [BLE_SCAN] Connecting to Calypso F8:5F:12:9D:D2:EE...
[2026-05-29T20:26:09] [ERROR] [calypso-direct] [ERROR] BLE error (L1 #1): Device with address F8:5F:12:9D:D2:EE was not found.
[2026-05-29T20:26:20] [INFO] [calypso-direct] [STARTUP] Singleton acquired (PID 46724)
[2026-05-29T20:26:20] [INFO] [calypso-direct] [STARTUP] ============================================================
[2026-05-29T20:26:20] [INFO] [calypso-direct] [STARTUP] calypso_direct — Calypso UP10 BLE Driver
[2026-05-29T20:26:20] [INFO] [calypso-direct] [STARTUP] MAC=F8:5F:12:9D:D2:EE Rate=4Hz SK=UDP:4123
[2026-05-29T20:26:20] [INFO] [calypso-direct] [STARTUP] Timeout=60s L2_threshold=20
[2026-05-29T20:26:20] [INFO] [calypso-direct] [STARTUP] ============================================================
[2026-05-29T20:26:20] [INFO] [calypso-direct] [BLE_SCAN] Connecting to Calypso F8:5F:12:9D:D2:EE...
[2026-05-29T20:26:41] [ERROR] [calypso-direct] [ERROR] BLE error (L1 #1): Device with address F8:5F:12:9D:D2:EE was not found.
[2026-05-29T20:26:52] [INFO] [calypso-direct] [STARTUP] Singleton acquired (PID 47023)
[2026-05-29T20:26:52] [INFO] [calypso-direct] [STARTUP] ============================================================
[2026-05-29T20:26:52] [INFO] [calypso-direct] [STARTUP] calypso_direct — Calypso UP10 BLE Driver
[2026-05-29T20:26:52] [INFO] [calypso-direct] [STARTUP] MAC=F8:5F:12:9D:D2:EE Rate=4Hz SK=UDP:4123
[2026-05-29T20:26:52] [INFO] [calypso-direct] [STARTUP] Timeout=60s L2_threshold=20
[2026-05-29T20:26:52] [INFO] [calypso-direct] [STARTUP] ============================================================
[2026-05-29T20:26:52] [INFO] [calypso-direct] [BLE_SCAN] Connecting to Calypso F8:5F:12:9D:D2:EE...
[2026-05-29T20:27:13] [ERROR] [calypso-direct] [ERROR] BLE error (L1 #1): Device with address F8:5F:12:9D:D2:EE was not found.
[2026-05-29T20:27:24] [INFO] [calypso-direct] [STARTUP] Singleton acquired (PID 47305)
[2026-05-29T20:27:24] [INFO] [calypso-direct] [STARTUP] ============================================================
[2026-05-29T20:27:24] [INFO] [calypso-direct] [STARTUP] calypso_direct — Calypso UP10 BLE Driver
[2026-05-29T20:27:24] [INFO] [calypso-direct] [STARTUP] MAC=F8:5F:12:9D:D2:EE Rate=4Hz SK=UDP:4123
[2026-05-29T20:27:24] [INFO] [calypso-direct] [STARTUP] Timeout=60s L2_threshold=20
[2026-05-29T20:27:24] [INFO] [calypso-direct] [STARTUP] ============================================================
[2026-05-29T20:27:24] [INFO] [calypso-direct] [BLE_SCAN] Connecting to Calypso F8:5F:12:9D:D2:EE...
[2026-05-29T20:27:45] [ERROR] [calypso-direct] [ERROR] BLE error (L1 #1): Device with address F8:5F:12:9D:D2:EE was not found.
[2026-05-29T20:27:56] [INFO] [calypso-direct] [STARTUP] Singleton acquired (PID 47571)
[2026-05-29T20:27:56] [INFO] [calypso-direct] [STARTUP] ============================================================
[2026-05-29T20:27:56] [INFO] [calypso-direct] [STARTUP] calypso_direct — Calypso UP10 BLE Driver
[2026-05-29T20:27:56] [INFO] [calypso-direct] [STARTUP] MAC=F8:5F:12:9D:D2:EE Rate=4Hz SK=UDP:4123
[2026-05-29T20:27:56] [INFO] [calypso-direct] [STARTUP] Timeout=60s L2_threshold=20
[2026-05-29T20:27:56] [INFO] [calypso-direct] [STARTUP] ============================================================
[2026-05-29T20:27:56] [INFO] [calypso-direct] [BLE_SCAN] Connecting to Calypso F8:5F:12:9D:D2:EE...
[2026-05-29T20:28:17] [ERROR] [calypso-direct] [ERROR] BLE error (L1 #1): Device with address F8:5F:12:9D:D2:EE was not found.
[2026-05-29T20:28:28] [INFO] [calypso-direct] [STARTUP] Singleton acquired (PID 47880)
[2026-05-29T20:28:28] [INFO] [calypso-direct] [STARTUP] ============================================================
[2026-05-29T20:28:28] [INFO] [calypso-direct] [STARTUP] calypso_direct — Calypso UP10 BLE Driver
[2026-05-29T20:28:28] [INFO] [calypso-direct] [STARTUP] MAC=F8:5F:12:9D:D2:EE Rate=4Hz SK=UDP:4123
[2026-05-29T20:28:28] [INFO] [calypso-direct] [STARTUP] Timeout=60s L2_threshold=20
[2026-05-29T20:28:28] [INFO] [calypso-direct] [STARTUP] ============================================================
[2026-05-29T20:28:28] [INFO] [calypso-direct] [BLE_SCAN] Connecting to Calypso F8:5F:12:9D:D2:EE...
[2026-05-29T20:28:49] [ERROR] [calypso-direct] [ERROR] BLE error (L1 #1): Device with address F8:5F:12:9D:D2:EE was not found.
[2026-05-29T20:29:00] [INFO] [calypso-direct] [STARTUP] Singleton acquired (PID 48227)
[2026-05-29T20:29:00] [INFO] [calypso-direct] [STARTUP] ============================================================
[2026-05-29T20:29:00] [INFO] [calypso-direct] [STARTUP] calypso_direct — Calypso UP10 BLE Driver
[2026-05-29T20:29:00] [INFO] [calypso-direct] [STARTUP] MAC=F8:5F:12:9D:D2:EE Rate=4Hz SK=UDP:4123
[2026-05-29T20:29:00] [INFO] [calypso-direct] [STARTUP] Timeout=60s L2_threshold=20
[2026-05-29T20:29:00] [INFO] [calypso-direct] [STARTUP] ============================================================
[2026-05-29T20:29:00] [INFO] [calypso-direct] [BLE_SCAN] Connecting to Calypso F8:5F:12:9D:D2:EE...
[2026-05-29T20:29:21] [ERROR] [calypso-direct] [ERROR] BLE error (L1 #1): Device with address F8:5F:12:9D:D2:EE was not found.
[2026-05-29T20:29:32] [INFO] [calypso-direct] [STARTUP] Singleton acquired (PID 48546)
[2026-05-29T20:29:32] [INFO] [calypso-direct] [STARTUP] ============================================================
[2026-05-29T20:29:32] [INFO] [calypso-direct] [STARTUP] calypso_direct — Calypso UP10 BLE Driver
[2026-05-29T20:29:32] [INFO] [calypso-direct] [STARTUP] MAC=F8:5F:12:9D:D2:EE Rate=4Hz SK=UDP:4123
[2026-05-29T20:29:32] [INFO] [calypso-direct] [STARTUP] Timeout=60s L2_threshold=20
[2026-05-29T20:29:32] [INFO] [calypso-direct] [STARTUP] ============================================================
[2026-05-29T20:29:32] [INFO] [calypso-direct] [BLE_SCAN] Connecting to Calypso F8:5F:12:9D:D2:EE...
[2026-05-29T20:29:53] [ERROR] [calypso-direct] [ERROR] BLE error (L1 #1): Device with address F8:5F:12:9D:D2:EE was not found.
[2026-05-29T20:30:05] [INFO] [calypso-direct] [STARTUP] Singleton acquired (PID 48910)
[2026-05-29T20:30:05] [INFO] [calypso-direct] [STARTUP] ============================================================
[2026-05-29T20:30:05] [INFO] [calypso-direct] [STARTUP] calypso_direct — Calypso UP10 BLE Driver
[2026-05-29T20:30:05] [INFO] [calypso-direct] [STARTUP] MAC=F8:5F:12:9D:D2:EE Rate=4Hz SK=UDP:4123
[2026-05-29T20:30:05] [INFO] [calypso-direct] [STARTUP] Timeout=60s L2_threshold=20
[2026-05-29T20:30:05] [INFO] [calypso-direct] [STARTUP] ============================================================
[2026-05-29T20:30:05] [INFO] [calypso-direct] [BLE_SCAN] Connecting to Calypso F8:5F:12:9D:D2:EE...
[2026-05-29T20:30:25] [ERROR] [calypso-direct] [ERROR] BLE error (L1 #1): Device with address F8:5F:12:9D:D2:EE was not found.
[2026-05-29T20:30:37] [INFO] [calypso-direct] [STARTUP] Singleton acquired (PID 49219)
[2026-05-29T20:30:37] [INFO] [calypso-direct] [STARTUP] ============================================================
[2026-05-29T20:30:37] [INFO] [calypso-direct] [STARTUP] calypso_direct — Calypso UP10 BLE Driver
[2026-05-29T20:30:37] [INFO] [calypso-direct] [STARTUP] MAC=F8:5F:12:9D:D2:EE Rate=4Hz SK=UDP:4123
[2026-05-29T20:30:37] [INFO] [calypso-direct] [STARTUP] Timeout=60s L2_threshold=20
[2026-05-29T20:30:37] [INFO] [calypso-direct] [STARTUP] ============================================================
[2026-05-29T20:30:37] [INFO] [calypso-direct] [BLE_SCAN] Connecting to Calypso F8:5F:12:9D:D2:EE...
[2026-05-29T20:30:57] [ERROR] [calypso-direct] [ERROR] BLE error (L1 #1): Device with address F8:5F:12:9D:D2:EE was not found.
[2026-05-29T20:31:09] [INFO] [calypso-direct] [STARTUP] Singleton acquired (PID 49573)
[2026-05-29T20:31:09] [INFO] [calypso-direct] [STARTUP] ============================================================
[2026-05-29T20:31:09] [INFO] [calypso-direct] [STARTUP] calypso_direct — Calypso UP10 BLE Driver
[2026-05-29T20:31:09] [INFO] [calypso-direct] [STARTUP] MAC=F8:5F:12:9D:D2:EE Rate=4Hz SK=UDP:4123
[2026-05-29T20:31:09] [INFO] [calypso-direct] [STARTUP] Timeout=60s L2_threshold=20
[2026-05-29T20:31:09] [INFO] [calypso-direct] [STARTUP] ============================================================
[2026-05-29T20:31:09] [INFO] [calypso-direct] [BLE_SCAN] Connecting to Calypso F8:5F:12:9D:D2:EE...
[2026-05-29T20:31:29] [ERROR] [calypso-direct] [ERROR] BLE error (L1 #1): Device with address F8:5F:12:9D:D2:EE was not found.
[2026-05-29T20:31:41] [INFO] [calypso-direct] [STARTUP] Singleton acquired (PID 50007)
[2026-05-29T20:31:41] [INFO] [calypso-direct] [STARTUP] ============================================================
[2026-05-29T20:31:41] [INFO] [calypso-direct] [STARTUP] calypso_direct — Calypso UP10 BLE Driver
[2026-05-29T20:31:41] [INFO] [calypso-direct] [STARTUP] MAC=F8:5F:12:9D:D2:EE Rate=4Hz SK=UDP:4123
[2026-05-29T20:31:41] [INFO] [calypso-direct] [STARTUP] Timeout=60s L2_threshold=20
[2026-05-29T20:31:41] [INFO] [calypso-direct] [STARTUP] ============================================================
[2026-05-29T20:31:41] [INFO] [calypso-direct] [BLE_SCAN] Connecting to Calypso F8:5F:12:9D:D2:EE...
[2026-05-29T20:32:01] [ERROR] [calypso-direct] [ERROR] BLE error (L1 #1): Device with address F8:5F:12:9D:D2:EE was not found.
[2026-05-29T20:32:13] [INFO] [calypso-direct] [STARTUP] Singleton acquired (PID 50289)
[2026-05-29T20:32:13] [INFO] [calypso-direct] [STARTUP] ============================================================
[2026-05-29T20:32:13] [INFO] [calypso-direct] [STARTUP] calypso_direct — Calypso UP10 BLE Driver
[2026-05-29T20:32:13] [INFO] [calypso-direct] [STARTUP] MAC=F8:5F:12:9D:D2:EE Rate=4Hz SK=UDP:4123
[2026-05-29T20:32:13] [INFO] [calypso-direct] [STARTUP] Timeout=60s L2_threshold=20
[2026-05-29T20:32:13] [INFO] [calypso-direct] [STARTUP] ============================================================
[2026-05-29T20:32:13] [INFO] [calypso-direct] [BLE_SCAN] Connecting to Calypso F8:5F:12:9D:D2:EE...
[2026-05-29T20:32:33] [ERROR] [calypso-direct] [ERROR] BLE error (L1 #1): Device with address F8:5F:12:9D:D2:EE was not found.
[2026-05-29T20:32:45] [INFO] [calypso-direct] [STARTUP] Singleton acquired (PID 50670)
[2026-05-29T20:32:45] [INFO] [calypso-direct] [STARTUP] ============================================================
[2026-05-29T20:32:45] [INFO] [calypso-direct] [STARTUP] calypso_direct — Calypso UP10 BLE Driver
[2026-05-29T20:32:45] [INFO] [calypso-direct] [STARTUP] MAC=F8:5F:12:9D:D2:EE Rate=4Hz SK=UDP:4123
[2026-05-29T20:32:45] [INFO] [calypso-direct] [STARTUP] Timeout=60s L2_threshold=20
[2026-05-29T20:32:45] [INFO] [calypso-direct] [STARTUP] ============================================================
[2026-05-29T20:32:45] [INFO] [calypso-direct] [BLE_SCAN] Connecting to Calypso F8:5F:12:9D:D2:EE...
[2026-05-29T20:33:05] [ERROR] [calypso-direct] [ERROR] BLE error (L1 #1): Device with address F8:5F:12:9D:D2:EE was not found.
[2026-05-29T20:33:17] [INFO] [calypso-direct] [STARTUP] Singleton acquired (PID 51007)
[2026-05-29T20:33:17] [INFO] [calypso-direct] [STARTUP] ============================================================
[2026-05-29T20:33:17] [INFO] [calypso-direct] [STARTUP] calypso_direct — Calypso UP10 BLE Driver
[2026-05-29T20:33:17] [INFO] [calypso-direct] [STARTUP] MAC=F8:5F:12:9D:D2:EE Rate=4Hz SK=UDP:4123
[2026-05-29T20:33:17] [INFO] [calypso-direct] [STARTUP] Timeout=60s L2_threshold=20
[2026-05-29T20:33:17] [INFO] [calypso-direct] [STARTUP] ============================================================
[2026-05-29T20:33:17] [INFO] [calypso-direct] [BLE_SCAN] Connecting to Calypso F8:5F:12:9D:D2:EE...
[2026-05-29T20:33:37] [ERROR] [calypso-direct] [ERROR] BLE error (L1 #1): Device with address F8:5F:12:9D:D2:EE was not found.
[2026-05-29T20:33:49] [INFO] [calypso-direct] [STARTUP] Singleton acquired (PID 51327)
[2026-05-29T20:33:49] [INFO] [calypso-direct] [STARTUP] ============================================================
[2026-05-29T20:33:49] [INFO] [calypso-direct] [STARTUP] calypso_direct — Calypso UP10 BLE Driver
[2026-05-29T20:33:49] [INFO] [calypso-direct] [STARTUP] MAC=F8:5F:12:9D:D2:EE Rate=4Hz SK=UDP:4123
[2026-05-29T20:33:49] [INFO] [calypso-direct] [STARTUP] Timeout=60s L2_threshold=20
[2026-05-29T20:33:49] [INFO] [calypso-direct] [STARTUP] ============================================================
[2026-05-29T20:33:49] [INFO] [calypso-direct] [BLE_SCAN] Connecting to Calypso F8:5F:12:9D:D2:EE...
[2026-05-29T20:34:09] [ERROR] [calypso-direct] [ERROR] BLE error (L1 #1): Device with address F8:5F:12:9D:D2:EE was not found.
[2026-05-29T20:34:21] [INFO] [calypso-direct] [STARTUP] Singleton acquired (PID 51618)
[2026-05-29T20:34:21] [INFO] [calypso-direct] [STARTUP] ============================================================
[2026-05-29T20:34:21] [INFO] [calypso-direct] [STARTUP] calypso_direct — Calypso UP10 BLE Driver
[2026-05-29T20:34:21] [INFO] [calypso-direct] [STARTUP] MAC=F8:5F:12:9D:D2:EE Rate=4Hz SK=UDP:4123
[2026-05-29T20:34:21] [INFO] [calypso-direct] [STARTUP] Timeout=60s L2_threshold=20
[2026-05-29T20:34:21] [INFO] [calypso-direct] [STARTUP] ============================================================
[2026-05-29T20:34:21] [INFO] [calypso-direct] [BLE_SCAN] Connecting to Calypso F8:5F:12:9D:D2:EE...
[2026-05-29T20:34:42] [ERROR] [calypso-direct] [ERROR] BLE error (L1 #1): Device with address F8:5F:12:9D:D2:EE was not found.
[2026-05-29T20:34:53] [INFO] [calypso-direct] [STARTUP] Singleton acquired (PID 51990)
[2026-05-29T20:34:53] [INFO] [calypso-direct] [STARTUP] ============================================================
[2026-05-29T20:34:53] [INFO] [calypso-direct] [STARTUP] calypso_direct — Calypso UP10 BLE Driver
[2026-05-29T20:34:53] [INFO] [calypso-direct] [STARTUP] MAC=F8:5F:12:9D:D2:EE Rate=4Hz SK=UDP:4123
[2026-05-29T20:34:53] [INFO] [calypso-direct] [STARTUP] Timeout=60s L2_threshold=20
[2026-05-29T20:34:53] [INFO] [calypso-direct] [STARTUP] ============================================================
[2026-05-29T20:34:53] [INFO] [calypso-direct] [BLE_SCAN] Connecting to Calypso F8:5F:12:9D:D2:EE...
[2026-05-29T20:35:14] [ERROR] [calypso-direct] [ERROR] BLE error (L1 #1): Device with address F8:5F:12:9D:D2:EE was not found.
[2026-05-29T20:35:25] [INFO] [calypso-direct] [STARTUP] Singleton acquired (PID 52289)
[2026-05-29T20:35:25] [INFO] [calypso-direct] [STARTUP] ============================================================
[2026-05-29T20:35:25] [INFO] [calypso-direct] [STARTUP] calypso_direct — Calypso UP10 BLE Driver
[2026-05-29T20:35:25] [INFO] [calypso-direct] [STARTUP] MAC=F8:5F:12:9D:D2:EE Rate=4Hz SK=UDP:4123
[2026-05-29T20:35:25] [INFO] [calypso-direct] [STARTUP] Timeout=60s L2_threshold=20
[2026-05-29T20:35:25] [INFO] [calypso-direct] [STARTUP] ============================================================
[2026-05-29T20:35:25] [INFO] [calypso-direct] [BLE_SCAN] Connecting to Calypso F8:5F:12:9D:D2:EE...
[2026-05-29T20:35:45] [ERROR] [calypso-direct] [ERROR] BLE error (L1 #1): Device with address F8:5F:12:9D:D2:EE was not found.
[2026-05-29T20:35:57] [INFO] [calypso-direct] [STARTUP] Singleton acquired (PID 52697)
[2026-05-29T20:35:57] [INFO] [calypso-direct] [STARTUP] ============================================================
[2026-05-29T20:35:57] [INFO] [calypso-direct] [STARTUP] calypso_direct — Calypso UP10 BLE Driver
[2026-05-29T20:35:57] [INFO] [calypso-direct] [STARTUP] MAC=F8:5F:12:9D:D2:EE Rate=4Hz SK=UDP:4123
[2026-05-29T20:35:57] [INFO] [calypso-direct] [STARTUP] Timeout=60s L2_threshold=20
[2026-05-29T20:35:57] [INFO] [calypso-direct] [STARTUP] ============================================================
[2026-05-29T20:35:57] [INFO] [calypso-direct] [BLE_SCAN] Connecting to Calypso F8:5F:12:9D:D2:EE...
[2026-05-29T20:36:17] [ERROR] [calypso-direct] [ERROR] BLE error (L1 #1): Device with address F8:5F:12:9D:D2:EE was not found.
[2026-05-29T20:36:29] [INFO] [calypso-direct] [STARTUP] Singleton acquired (PID 53069)
[2026-05-29T20:36:29] [INFO] [calypso-direct] [STARTUP] ============================================================
[2026-05-29T20:36:29] [INFO] [calypso-direct] [STARTUP] calypso_direct — Calypso UP10 BLE Driver
[2026-05-29T20:36:29] [INFO] [calypso-direct] [STARTUP] MAC=F8:5F:12:9D:D2:EE Rate=4Hz SK=UDP:4123
[2026-05-29T20:36:29] [INFO] [calypso-direct] [STARTUP] Timeout=60s L2_threshold=20
[2026-05-29T20:36:29] [INFO] [calypso-direct] [STARTUP] ============================================================
[2026-05-29T20:36:29] [INFO] [calypso-direct] [BLE_SCAN] Connecting to Calypso F8:5F:12:9D:D2:EE...
[2026-05-29T20:36:50] [ERROR] [calypso-direct] [ERROR] BLE error (L1 #1): Device with address F8:5F:12:9D:D2:EE was not found.
[2026-05-29T20:37:01] [INFO] [calypso-direct] [STARTUP] Singleton acquired (PID 53396)
[2026-05-29T20:37:01] [INFO] [calypso-direct] [STARTUP] ============================================================
[2026-05-29T20:37:01] [INFO] [calypso-direct] [STARTUP] calypso_direct — Calypso UP10 BLE Driver
[2026-05-29T20:37:01] [INFO] [calypso-direct] [STARTUP] MAC=F8:5F:12:9D:D2:EE Rate=4Hz SK=UDP:4123
[2026-05-29T20:37:01] [INFO] [calypso-direct] [STARTUP] Timeout=60s L2_threshold=20
[2026-05-29T20:37:01] [INFO] [calypso-direct] [STARTUP] ============================================================
[2026-05-29T20:37:01] [INFO] [calypso-direct] [BLE_SCAN] Connecting to Calypso F8:5F:12:9D:D2:EE...
[2026-05-29T20:37:22] [ERROR] [calypso-direct] [ERROR] BLE error (L1 #1): Device with address F8:5F:12:9D:D2:EE was not found.
[2026-05-29T20:37:33] [INFO] [calypso-direct] [STARTUP] Singleton acquired (PID 53777)
[2026-05-29T20:37:33] [INFO] [calypso-direct] [STARTUP] ============================================================
[2026-05-29T20:37:33] [INFO] [calypso-direct] [STARTUP] calypso_direct — Calypso UP10 BLE Driver
[2026-05-29T20:37:33] [INFO] [calypso-direct] [STARTUP] MAC=F8:5F:12:9D:D2:EE Rate=4Hz SK=UDP:4123
[2026-05-29T20:37:33] [INFO] [calypso-direct] [STARTUP] Timeout=60s L2_threshold=20
[2026-05-29T20:37:33] [INFO] [calypso-direct] [STARTUP] ============================================================
[2026-05-29T20:37:33] [INFO] [calypso-direct] [BLE_SCAN] Connecting to Calypso F8:5F:12:9D:D2:EE...
[2026-05-29T20:37:54] [ERROR] [calypso-direct] [ERROR] BLE error (L1 #1): Device with address F8:5F:12:9D:D2:EE was not found.
[2026-05-29T20:38:05] [INFO] [calypso-direct] [STARTUP] Singleton acquired (PID 54105)
[2026-05-29T20:38:05] [INFO] [calypso-direct] [STARTUP] ============================================================
[2026-05-29T20:38:05] [INFO] [calypso-direct] [STARTUP] calypso_direct — Calypso UP10 BLE Driver
[2026-05-29T20:38:05] [INFO] [calypso-direct] [STARTUP] MAC=F8:5F:12:9D:D2:EE Rate=4Hz SK=UDP:4123
[2026-05-29T20:38:05] [INFO] [calypso-direct] [STARTUP] Timeout=60s L2_threshold=20
[2026-05-29T20:38:05] [INFO] [calypso-direct] [STARTUP] ============================================================
[2026-05-29T20:38:05] [INFO] [calypso-direct] [BLE_SCAN] Connecting to Calypso F8:5F:12:9D:D2:EE...
[2026-05-29T20:38:26] [ERROR] [calypso-direct] [ERROR] BLE error (L1 #1): Device with address F8:5F:12:9D:D2:EE was not found.
[2026-05-29T20:38:37] [INFO] [calypso-direct] [STARTUP] Singleton acquired (PID 54435)
[2026-05-29T20:38:37] [INFO] [calypso-direct] [STARTUP] ============================================================
[2026-05-29T20:38:37] [INFO] [calypso-direct] [STARTUP] calypso_direct — Calypso UP10 BLE Driver
[2026-05-29T20:38:37] [INFO] [calypso-direct] [STARTUP] MAC=F8:5F:12:9D:D2:EE Rate=4Hz SK=UDP:4123
[2026-05-29T20:38:37] [INFO] [calypso-direct] [STARTUP] Timeout=60s L2_threshold=20
[2026-05-29T20:38:37] [INFO] [calypso-direct] [STARTUP] ============================================================
[2026-05-29T20:38:37] [INFO] [calypso-direct] [BLE_SCAN] Connecting to Calypso F8:5F:12:9D:D2:EE...
[2026-05-29T20:38:58] [ERROR] [calypso-direct] [ERROR] BLE error (L1 #1): Device with address F8:5F:12:9D:D2:EE was not found.
[2026-05-29T20:39:09] [INFO] [calypso-direct] [STARTUP] Singleton acquired (PID 54796)
[2026-05-29T20:39:09] [INFO] [calypso-direct] [STARTUP] ============================================================
[2026-05-29T20:39:09] [INFO] [calypso-direct] [STARTUP] calypso_direct — Calypso UP10 BLE Driver
[2026-05-29T20:39:09] [INFO] [calypso-direct] [STARTUP] MAC=F8:5F:12:9D:D2:EE Rate=4Hz SK=UDP:4123
[2026-05-29T20:39:09] [INFO] [calypso-direct] [STARTUP] Timeout=60s L2_threshold=20
[2026-05-29T20:39:09] [INFO] [calypso-direct] [STARTUP] ============================================================
[2026-05-29T20:39:09] [INFO] [calypso-direct] [BLE_SCAN] Connecting to Calypso F8:5F:12:9D:D2:EE...
[2026-05-29T20:39:30] [ERROR] [calypso-direct] [ERROR] BLE error (L1 #1): Device with address F8:5F:12:9D:D2:EE was not found.
[2026-05-29T20:39:41] [INFO] [calypso-direct] [STARTUP] Singleton acquired (PID 55132)
[2026-05-29T20:39:41] [INFO] [calypso-direct] [STARTUP] ============================================================
[2026-05-29T20:39:41] [INFO] [calypso-direct] [STARTUP] calypso_direct — Calypso UP10 BLE Driver
[2026-05-29T20:39:41] [INFO] [calypso-direct] [STARTUP] MAC=F8:5F:12:9D:D2:EE Rate=4Hz SK=UDP:4123
[2026-05-29T20:39:41] [INFO] [calypso-direct] [STARTUP] Timeout=60s L2_threshold=20
[2026-05-29T20:39:41] [INFO] [calypso-direct] [STARTUP] ============================================================
[2026-05-29T20:39:41] [INFO] [calypso-direct] [BLE_SCAN] Connecting to Calypso F8:5F:12:9D:D2:EE...
[2026-05-29T20:40:02] [ERROR] [calypso-direct] [ERROR] BLE error (L1 #1): Device with address F8:5F:12:9D:D2:EE was not found.
[2026-05-29T20:40:13] [INFO] [calypso-direct] [STARTUP] Singleton acquired (PID 55473)
[2026-05-29T20:40:13] [INFO] [calypso-direct] [STARTUP] ============================================================
[2026-05-29T20:40:13] [INFO] [calypso-direct] [STARTUP] calypso_direct — Calypso UP10 BLE Driver
[2026-05-29T20:40:13] [INFO] [calypso-direct] [STARTUP] MAC=F8:5F:12:9D:D2:EE Rate=4Hz SK=UDP:4123
[2026-05-29T20:40:13] [INFO] [calypso-direct] [STARTUP] Timeout=60s L2_threshold=20
[2026-05-29T20:40:13] [INFO] [calypso-direct] [STARTUP] ============================================================
[2026-05-29T20:40:13] [INFO] [calypso-direct] [BLE_SCAN] Connecting to Calypso F8:5F:12:9D:D2:EE...
[2026-05-29T20:40:34] [ERROR] [calypso-direct] [ERROR] BLE error (L1 #1): Device with address F8:5F:12:9D:D2:EE was not found.
[2026-05-29T20:40:45] [INFO] [calypso-direct] [STARTUP] Singleton acquired (PID 55918)
[2026-05-29T20:40:45] [INFO] [calypso-direct] [STARTUP] ============================================================
[2026-05-29T20:40:45] [INFO] [calypso-direct] [STARTUP] calypso_direct — Calypso UP10 BLE Driver
[2026-05-29T20:40:45] [INFO] [calypso-direct] [STARTUP] MAC=F8:5F:12:9D:D2:EE Rate=4Hz SK=UDP:4123
[2026-05-29T20:40:45] [INFO] [calypso-direct] [STARTUP] Timeout=60s L2_threshold=20
[2026-05-29T20:40:45] [INFO] [calypso-direct] [STARTUP] ============================================================
[2026-05-29T20:40:45] [INFO] [calypso-direct] [BLE_SCAN] Connecting to Calypso F8:5F:12:9D:D2:EE...
[2026-05-29T20:41:06] [ERROR] [calypso-direct] [ERROR] BLE error (L1 #1): Device with address F8:5F:12:9D:D2:EE was not found.
[2026-05-29T20:41:17] [INFO] [calypso-direct] [STARTUP] Singleton acquired (PID 56228)
[2026-05-29T20:41:17] [INFO] [calypso-direct] [STARTUP] ============================================================
[2026-05-29T20:41:17] [INFO] [calypso-direct] [STARTUP] calypso_direct — Calypso UP10 BLE Driver
[2026-05-29T20:41:17] [INFO] [calypso-direct] [STARTUP] MAC=F8:5F:12:9D:D2:EE Rate=4Hz SK=UDP:4123
[2026-05-29T20:41:17] [INFO] [calypso-direct] [STARTUP] Timeout=60s L2_threshold=20
[2026-05-29T20:41:17] [INFO] [calypso-direct] [STARTUP] ============================================================
[2026-05-29T20:41:17] [INFO] [calypso-direct] [BLE_SCAN] Connecting to Calypso F8:5F:12:9D:D2:EE...
[2026-05-29T20:41:38] [ERROR] [calypso-direct] [ERROR] BLE error (L1 #1): Device with address F8:5F:12:9D:D2:EE was not found.
[2026-05-29T20:41:49] [INFO] [calypso-direct] [STARTUP] Singleton acquired (PID 56600)
[2026-05-29T20:41:49] [INFO] [calypso-direct] [STARTUP] ============================================================
[2026-05-29T20:41:49] [INFO] [calypso-direct] [STARTUP] calypso_direct — Calypso UP10 BLE Driver
[2026-05-29T20:41:49] [INFO] [calypso-direct] [STARTUP] MAC=F8:5F:12:9D:D2:EE Rate=4Hz SK=UDP:4123
[2026-05-29T20:41:49] [INFO] [calypso-direct] [STARTUP] Timeout=60s L2_threshold=20
[2026-05-29T20:41:49] [INFO] [calypso-direct] [STARTUP] ============================================================
[2026-05-29T20:41:49] [INFO] [calypso-direct] [BLE_SCAN] Connecting to Calypso F8:5F:12:9D:D2:EE...
[2026-05-29T20:42:10] [ERROR] [calypso-direct] [ERROR] BLE error (L1 #1): Device with address F8:5F:12:9D:D2:EE was not found.
[2026-05-29T20:42:21] [INFO] [calypso-direct] [STARTUP] Singleton acquired (PID 56954)
[2026-05-29T20:42:21] [INFO] [calypso-direct] [STARTUP] ============================================================
[2026-05-29T20:42:21] [INFO] [calypso-direct] [STARTUP] calypso_direct — Calypso UP10 BLE Driver
[2026-05-29T20:42:21] [INFO] [calypso-direct] [STARTUP] MAC=F8:5F:12:9D:D2:EE Rate=4Hz SK=UDP:4123
[2026-05-29T20:42:21] [INFO] [calypso-direct] [STARTUP] Timeout=60s L2_threshold=20
[2026-05-29T20:42:21] [INFO] [calypso-direct] [STARTUP] ============================================================
[2026-05-29T20:42:21] [INFO] [calypso-direct] [BLE_SCAN] Connecting to Calypso F8:5F:12:9D:D2:EE...
[2026-05-29T20:42:42] [ERROR] [calypso-direct] [ERROR] BLE error (L1 #1): Device with address F8:5F:12:9D:D2:EE was not found.
[2026-05-29T20:42:54] [INFO] [calypso-direct] [STARTUP] Singleton acquired (PID 57345)
[2026-05-29T20:42:54] [INFO] [calypso-direct] [STARTUP] ============================================================
[2026-05-29T20:42:54] [INFO] [calypso-direct] [STARTUP] calypso_direct — Calypso UP10 BLE Driver
[2026-05-29T20:42:54] [INFO] [calypso-direct] [STARTUP] MAC=F8:5F:12:9D:D2:EE Rate=4Hz SK=UDP:4123
[2026-05-29T20:42:54] [INFO] [calypso-direct] [STARTUP] Timeout=60s L2_threshold=20
[2026-05-29T20:42:54] [INFO] [calypso-direct] [STARTUP] ============================================================
[2026-05-29T20:42:54] [INFO] [calypso-direct] [BLE_SCAN] Connecting to Calypso F8:5F:12:9D:D2:EE...
[2026-05-29T20:43:14] [ERROR] [calypso-direct] [ERROR] BLE error (L1 #1): Device with address F8:5F:12:9D:D2:EE was not found.
[2026-05-29T20:43:25] [INFO] [calypso-direct] [STARTUP] Singleton acquired (PID 57735)
[2026-05-29T20:43:25] [INFO] [calypso-direct] [STARTUP] ============================================================
[2026-05-29T20:43:25] [INFO] [calypso-direct] [STARTUP] calypso_direct — Calypso UP10 BLE Driver
[2026-05-29T20:43:25] [INFO] [calypso-direct] [STARTUP] MAC=F8:5F:12:9D:D2:EE Rate=4Hz SK=UDP:4123
[2026-05-29T20:43:25] [INFO] [calypso-direct] [STARTUP] Timeout=60s L2_threshold=20
[2026-05-29T20:43:25] [INFO] [calypso-direct] [STARTUP] ============================================================
[2026-05-29T20:43:25] [INFO] [calypso-direct] [BLE_SCAN] Connecting to Calypso F8:5F:12:9D:D2:EE...
[2026-05-29T20:43:46] [ERROR] [calypso-direct] [ERROR] BLE error (L1 #1): Device with address F8:5F:12:9D:D2:EE was not found.
[2026-05-29T20:43:58] [INFO] [calypso-direct] [STARTUP] Singleton acquired (PID 58100)
[2026-05-29T20:43:58] [INFO] [calypso-direct] [STARTUP] ============================================================
[2026-05-29T20:43:58] [INFO] [calypso-direct] [STARTUP] calypso_direct — Calypso UP10 BLE Driver
[2026-05-29T20:43:58] [INFO] [calypso-direct] [STARTUP] MAC=F8:5F:12:9D:D2:EE Rate=4Hz SK=UDP:4123
[2026-05-29T20:43:58] [INFO] [calypso-direct] [STARTUP] Timeout=60s L2_threshold=20
[2026-05-29T20:43:58] [INFO] [calypso-direct] [STARTUP] ============================================================
[2026-05-29T20:43:58] [INFO] [calypso-direct] [BLE_SCAN] Connecting to Calypso F8:5F:12:9D:D2:EE...
[2026-05-29T20:44:18] [ERROR] [calypso-direct] [ERROR] BLE error (L1 #1): Device with address F8:5F:12:9D:D2:EE was not found.
[2026-05-29T20:44:30] [INFO] [calypso-direct] [STARTUP] Singleton acquired (PID 58508)
[2026-05-29T20:44:30] [INFO] [calypso-direct] [STARTUP] ============================================================
[2026-05-29T20:44:30] [INFO] [calypso-direct] [STARTUP] calypso_direct — Calypso UP10 BLE Driver
[2026-05-29T20:44:30] [INFO] [calypso-direct] [STARTUP] MAC=F8:5F:12:9D:D2:EE Rate=4Hz SK=UDP:4123
[2026-05-29T20:44:30] [INFO] [calypso-direct] [STARTUP] Timeout=60s L2_threshold=20
[2026-05-29T20:44:30] [INFO] [calypso-direct] [STARTUP] ============================================================
[2026-05-29T20:44:30] [INFO] [calypso-direct] [BLE_SCAN] Connecting to Calypso F8:5F:12:9D:D2:EE...
[2026-05-29T20:44:50] [ERROR] [calypso-direct] [ERROR] BLE error (L1 #1): Device with address F8:5F:12:9D:D2:EE was not found.
[2026-05-29T20:45:02] [INFO] [calypso-direct] [STARTUP] Singleton acquired (PID 58890)
[2026-05-29T20:45:02] [INFO] [calypso-direct] [STARTUP] ============================================================
[2026-05-29T20:45:02] [INFO] [calypso-direct] [STARTUP] calypso_direct — Calypso UP10 BLE Driver
[2026-05-29T20:45:02] [INFO] [calypso-direct] [STARTUP] MAC=F8:5F:12:9D:D2:EE Rate=4Hz SK=UDP:4123
[2026-05-29T20:45:02] [INFO] [calypso-direct] [STARTUP] Timeout=60s L2_threshold=20
[2026-05-29T20:45:02] [INFO] [calypso-direct] [STARTUP] ============================================================
[2026-05-29T20:45:02] [INFO] [calypso-direct] [BLE_SCAN] Connecting to Calypso F8:5F:12:9D:D2:EE...
[2026-05-29T20:45:22] [ERROR] [calypso-direct] [ERROR] BLE error (L1 #1): Device with address F8:5F:12:9D:D2:EE was not found.
[2026-05-29T20:45:34] [INFO] [calypso-direct] [STARTUP] Singleton acquired (PID 59264)
[2026-05-29T20:45:34] [INFO] [calypso-direct] [STARTUP] ============================================================
[2026-05-29T20:45:34] [INFO] [calypso-direct] [STARTUP] calypso_direct — Calypso UP10 BLE Driver
[2026-05-29T20:45:34] [INFO] [calypso-direct] [STARTUP] MAC=F8:5F:12:9D:D2:EE Rate=4Hz SK=UDP:4123
[2026-05-29T20:45:34] [INFO] [calypso-direct] [STARTUP] Timeout=60s L2_threshold=20
[2026-05-29T20:45:34] [INFO] [calypso-direct] [STARTUP] ============================================================
[2026-05-29T20:45:34] [INFO] [calypso-direct] [BLE_SCAN] Connecting to Calypso F8:5F:12:9D:D2:EE...
[2026-05-29T20:45:54] [ERROR] [calypso-direct] [ERROR] BLE error (L1 #1): Device with address F8:5F:12:9D:D2:EE was not found.
[2026-05-29T20:46:06] [INFO] [calypso-direct] [STARTUP] Singleton acquired (PID 59618)
[2026-05-29T20:46:06] [INFO] [calypso-direct] [STARTUP] ============================================================
[2026-05-29T20:46:06] [INFO] [calypso-direct] [STARTUP] calypso_direct — Calypso UP10 BLE Driver
[2026-05-29T20:46:06] [INFO] [calypso-direct] [STARTUP] MAC=F8:5F:12:9D:D2:EE Rate=4Hz SK=UDP:4123
[2026-05-29T20:46:06] [INFO] [calypso-direct] [STARTUP] Timeout=60s L2_threshold=20
[2026-05-29T20:46:06] [INFO] [calypso-direct] [STARTUP] ============================================================
[2026-05-29T20:46:06] [INFO] [calypso-direct] [BLE_SCAN] Connecting to Calypso F8:5F:12:9D:D2:EE...
[2026-05-29T20:46:26] [ERROR] [calypso-direct] [ERROR] BLE error (L1 #1): Device with address F8:5F:12:9D:D2:EE was not found.
[2026-05-29T20:46:38] [INFO] [calypso-direct] [STARTUP] Singleton acquired (PID 60044)
[2026-05-29T20:46:38] [INFO] [calypso-direct] [STARTUP] ============================================================
[2026-05-29T20:46:38] [INFO] [calypso-direct] [STARTUP] calypso_direct — Calypso UP10 BLE Driver
[2026-05-29T20:46:38] [INFO] [calypso-direct] [STARTUP] MAC=F8:5F:12:9D:D2:EE Rate=4Hz SK=UDP:4123
[2026-05-29T20:46:38] [INFO] [calypso-direct] [STARTUP] Timeout=60s L2_threshold=20
[2026-05-29T20:46:38] [INFO] [calypso-direct] [STARTUP] ============================================================
[2026-05-29T20:46:38] [INFO] [calypso-direct] [BLE_SCAN] Connecting to Calypso F8:5F:12:9D:D2:EE...
[2026-05-29T20:46:58] [ERROR] [calypso-direct] [ERROR] BLE error (L1 #1): Device with address F8:5F:12:9D:D2:EE was not found.
[2026-05-29T20:47:10] [INFO] [calypso-direct] [STARTUP] Singleton acquired (PID 60418)
[2026-05-29T20:47:10] [INFO] [calypso-direct] [STARTUP] ============================================================
[2026-05-29T20:47:10] [INFO] [calypso-direct] [STARTUP] calypso_direct — Calypso UP10 BLE Driver
[2026-05-29T20:47:10] [INFO] [calypso-direct] [STARTUP] MAC=F8:5F:12:9D:D2:EE Rate=4Hz SK=UDP:4123
[2026-05-29T20:47:10] [INFO] [calypso-direct] [STARTUP] Timeout=60s L2_threshold=20
[2026-05-29T20:47:10] [INFO] [calypso-direct] [STARTUP] ============================================================
[2026-05-29T20:47:10] [INFO] [calypso-direct] [BLE_SCAN] Connecting to Calypso F8:5F:12:9D:D2:EE...
[2026-05-29T20:47:31] [ERROR] [calypso-direct] [ERROR] BLE error (L1 #1): Device with address F8:5F:12:9D:D2:EE was not found.
[2026-05-29T20:47:42] [INFO] [calypso-direct] [STARTUP] Singleton acquired (PID 60772)
[2026-05-29T20:47:42] [INFO] [calypso-direct] [STARTUP] ============================================================
[2026-05-29T20:47:42] [INFO] [calypso-direct] [STARTUP] calypso_direct — Calypso UP10 BLE Driver
[2026-05-29T20:47:42] [INFO] [calypso-direct] [STARTUP] MAC=F8:5F:12:9D:D2:EE Rate=4Hz SK=UDP:4123
[2026-05-29T20:47:42] [INFO] [calypso-direct] [STARTUP] Timeout=60s L2_threshold=20
[2026-05-29T20:47:42] [INFO] [calypso-direct] [STARTUP] ============================================================
[2026-05-29T20:47:42] [INFO] [calypso-direct] [BLE_SCAN] Connecting to Calypso F8:5F:12:9D:D2:EE...
[2026-05-29T20:48:03] [ERROR] [calypso-direct] [ERROR] BLE error (L1 #1): Device with address F8:5F:12:9D:D2:EE was not found.
[2026-05-29T20:48:14] [INFO] [calypso-direct] [STARTUP] Singleton acquired (PID 61116)
[2026-05-29T20:48:14] [INFO] [calypso-direct] [STARTUP] ============================================================
[2026-05-29T20:48:14] [INFO] [calypso-direct] [STARTUP] calypso_direct — Calypso UP10 BLE Driver
[2026-05-29T20:48:14] [INFO] [calypso-direct] [STARTUP] MAC=F8:5F:12:9D:D2:EE Rate=4Hz SK=UDP:4123
[2026-05-29T20:48:14] [INFO] [calypso-direct] [STARTUP] Timeout=60s L2_threshold=20
[2026-05-29T20:48:14] [INFO] [calypso-direct] [STARTUP] ============================================================
[2026-05-29T20:48:14] [INFO] [calypso-direct] [BLE_SCAN] Connecting to Calypso F8:5F:12:9D:D2:EE...
[2026-05-29T20:48:35] [ERROR] [calypso-direct] [ERROR] BLE error (L1 #1): Device with address F8:5F:12:9D:D2:EE was not found.
[2026-05-29T20:48:47] [INFO] [calypso-direct] [STARTUP] Singleton acquired (PID 61439)
[2026-05-29T20:48:47] [INFO] [calypso-direct] [STARTUP] ============================================================
[2026-05-29T20:48:47] [INFO] [calypso-direct] [STARTUP] calypso_direct — Calypso UP10 BLE Driver
[2026-05-29T20:48:47] [INFO] [calypso-direct] [STARTUP] MAC=F8:5F:12:9D:D2:EE Rate=4Hz SK=UDP:4123
[2026-05-29T20:48:47] [INFO] [calypso-direct] [STARTUP] Timeout=60s L2_threshold=20
[2026-05-29T20:48:47] [INFO] [calypso-direct] [STARTUP] ============================================================
[2026-05-29T20:48:47] [INFO] [calypso-direct] [BLE_SCAN] Connecting to Calypso F8:5F:12:9D:D2:EE...
[2026-05-29T20:49:07] [ERROR] [calypso-direct] [ERROR] BLE error (L1 #1): Device with address F8:5F:12:9D:D2:EE was not found.
[2026-05-29T20:49:19] [INFO] [calypso-direct] [STARTUP] Singleton acquired (PID 61820)
[2026-05-29T20:49:19] [INFO] [calypso-direct] [STARTUP] ============================================================
[2026-05-29T20:49:19] [INFO] [calypso-direct] [STARTUP] calypso_direct — Calypso UP10 BLE Driver
[2026-05-29T20:49:19] [INFO] [calypso-direct] [STARTUP] MAC=F8:5F:12:9D:D2:EE Rate=4Hz SK=UDP:4123
[2026-05-29T20:49:19] [INFO] [calypso-direct] [STARTUP] Timeout=60s L2_threshold=20
[2026-05-29T20:49:19] [INFO] [calypso-direct] [STARTUP] ============================================================
[2026-05-29T20:49:19] [INFO] [calypso-direct] [BLE_SCAN] Connecting to Calypso F8:5F:12:9D:D2:EE...
[2026-05-29T20:49:39] [ERROR] [calypso-direct] [ERROR] BLE error (L1 #1): Device with address F8:5F:12:9D:D2:EE was not found.
[2026-05-29T20:49:51] [INFO] [calypso-direct] [STARTUP] Singleton acquired (PID 62177)
[2026-05-29T20:49:51] [INFO] [calypso-direct] [STARTUP] ============================================================
[2026-05-29T20:49:51] [INFO] [calypso-direct] [STARTUP] calypso_direct — Calypso UP10 BLE Driver
[2026-05-29T20:49:51] [INFO] [calypso-direct] [STARTUP] MAC=F8:5F:12:9D:D2:EE Rate=4Hz SK=UDP:4123
[2026-05-29T20:49:51] [INFO] [calypso-direct] [STARTUP] Timeout=60s L2_threshold=20
[2026-05-29T20:49:51] [INFO] [calypso-direct] [STARTUP] ============================================================
[2026-05-29T20:49:51] [INFO] [calypso-direct] [BLE_SCAN] Connecting to Calypso F8:5F:12:9D:D2:EE...
[2026-05-29T20:50:11] [ERROR] [calypso-direct] [ERROR] BLE error (L1 #1): Device with address F8:5F:12:9D:D2:EE was not found.
[2026-05-29T20:50:23] [INFO] [calypso-direct] [STARTUP] Singleton acquired (PID 62600)
[2026-05-29T20:50:23] [INFO] [calypso-direct] [STARTUP] ============================================================
[2026-05-29T20:50:23] [INFO] [calypso-direct] [STARTUP] calypso_direct — Calypso UP10 BLE Driver
[2026-05-29T20:50:23] [INFO] [calypso-direct] [STARTUP] MAC=F8:5F:12:9D:D2:EE Rate=4Hz SK=UDP:4123
[2026-05-29T20:50:23] [INFO] [calypso-direct] [STARTUP] Timeout=60s L2_threshold=20
[2026-05-29T20:50:23] [INFO] [calypso-direct] [STARTUP] ============================================================
[2026-05-29T20:50:23] [INFO] [calypso-direct] [BLE_SCAN] Connecting to Calypso F8:5F:12:9D:D2:EE...
[2026-05-29T20:50:43] [ERROR] [calypso-direct] [ERROR] BLE error (L1 #1): Device with address F8:5F:12:9D:D2:EE was not found.
[2026-05-29T20:50:55] [INFO] [calypso-direct] [STARTUP] Singleton acquired (PID 63008)
[2026-05-29T20:50:55] [INFO] [calypso-direct] [STARTUP] ============================================================
[2026-05-29T20:50:55] [INFO] [calypso-direct] [STARTUP] calypso_direct — Calypso UP10 BLE Driver
[2026-05-29T20:50:55] [INFO] [calypso-direct] [STARTUP] MAC=F8:5F:12:9D:D2:EE Rate=4Hz SK=UDP:4123
[2026-05-29T20:50:55] [INFO] [calypso-direct] [STARTUP] Timeout=60s L2_threshold=20
[2026-05-29T20:50:55] [INFO] [calypso-direct] [STARTUP] ============================================================
[2026-05-29T20:50:55] [INFO] [calypso-direct] [BLE_SCAN] Connecting to Calypso F8:5F:12:9D:D2:EE...
[2026-05-29T20:51:16] [ERROR] [calypso-direct] [ERROR] BLE error (L1 #1): Device with address F8:5F:12:9D:D2:EE was not found.
[2026-05-29T20:51:27] [INFO] [calypso-direct] [STARTUP] Singleton acquired (PID 63336)
[2026-05-29T20:51:27] [INFO] [calypso-direct] [STARTUP] ============================================================
[2026-05-29T20:51:27] [INFO] [calypso-direct] [STARTUP] calypso_direct — Calypso UP10 BLE Driver
[2026-05-29T20:51:27] [INFO] [calypso-direct] [STARTUP] MAC=F8:5F:12:9D:D2:EE Rate=4Hz SK=UDP:4123
[2026-05-29T20:51:27] [INFO] [calypso-direct] [STARTUP] Timeout=60s L2_threshold=20
[2026-05-29T20:51:27] [INFO] [calypso-direct] [STARTUP] ============================================================
[2026-05-29T20:51:27] [INFO] [calypso-direct] [BLE_SCAN] Connecting to Calypso F8:5F:12:9D:D2:EE...
[2026-05-29T20:51:47] [ERROR] [calypso-direct] [ERROR] BLE error (L1 #1): Device with address F8:5F:12:9D:D2:EE was not found.
[2026-05-29T20:51:59] [INFO] [calypso-direct] [STARTUP] Singleton acquired (PID 63681)
[2026-05-29T20:51:59] [INFO] [calypso-direct] [STARTUP] ============================================================
[2026-05-29T20:51:59] [INFO] [calypso-direct] [STARTUP] calypso_direct — Calypso UP10 BLE Driver
[2026-05-29T20:51:59] [INFO] [calypso-direct] [STARTUP] MAC=F8:5F:12:9D:D2:EE Rate=4Hz SK=UDP:4123
[2026-05-29T20:51:59] [INFO] [calypso-direct] [STARTUP] Timeout=60s L2_threshold=20
[2026-05-29T20:51:59] [INFO] [calypso-direct] [STARTUP] ============================================================
[2026-05-29T20:51:59] [INFO] [calypso-direct] [BLE_SCAN] Connecting to Calypso F8:5F:12:9D:D2:EE...
[2026-05-29T20:52:20] [ERROR] [calypso-direct] [ERROR] BLE error (L1 #1): Device with address F8:5F:12:9D:D2:EE was not found.
[2026-05-29T20:52:31] [INFO] [calypso-direct] [STARTUP] Singleton acquired (PID 64089)
[2026-05-29T20:52:31] [INFO] [calypso-direct] [STARTUP] ============================================================
[2026-05-29T20:52:31] [INFO] [calypso-direct] [STARTUP] calypso_direct — Calypso UP10 BLE Driver
[2026-05-29T20:52:31] [INFO] [calypso-direct] [STARTUP] MAC=F8:5F:12:9D:D2:EE Rate=4Hz SK=UDP:4123
[2026-05-29T20:52:31] [INFO] [calypso-direct] [STARTUP] Timeout=60s L2_threshold=20
[2026-05-29T20:52:31] [INFO] [calypso-direct] [STARTUP] ============================================================
[2026-05-29T20:52:31] [INFO] [calypso-direct] [BLE_SCAN] Connecting to Calypso F8:5F:12:9D:D2:EE...
[2026-05-29T20:52:52] [ERROR] [calypso-direct] [ERROR] BLE error (L1 #1): Device with address F8:5F:12:9D:D2:EE was not found.
[2026-05-29T20:53:03] [INFO] [calypso-direct] [STARTUP] Singleton acquired (PID 64489)
[2026-05-29T20:53:03] [INFO] [calypso-direct] [STARTUP] ============================================================
[2026-05-29T20:53:03] [INFO] [calypso-direct] [STARTUP] calypso_direct — Calypso UP10 BLE Driver
[2026-05-29T20:53:03] [INFO] [calypso-direct] [STARTUP] MAC=F8:5F:12:9D:D2:EE Rate=4Hz SK=UDP:4123
[2026-05-29T20:53:03] [INFO] [calypso-direct] [STARTUP] Timeout=60s L2_threshold=20
[2026-05-29T20:53:03] [INFO] [calypso-direct] [STARTUP] ============================================================
[2026-05-29T20:53:03] [INFO] [calypso-direct] [BLE_SCAN] Connecting to Calypso F8:5F:12:9D:D2:EE...
[2026-05-29T20:53:24] [ERROR] [calypso-direct] [ERROR] BLE error (L1 #1): Device with address F8:5F:12:9D:D2:EE was not found.
[2026-05-29T20:53:36] [INFO] [calypso-direct] [STARTUP] Singleton acquired (PID 64833)
[2026-05-29T20:53:36] [INFO] [calypso-direct] [STARTUP] ============================================================
[2026-05-29T20:53:36] [INFO] [calypso-direct] [STARTUP] calypso_direct — Calypso UP10 BLE Driver
[2026-05-29T20:53:36] [INFO] [calypso-direct] [STARTUP] MAC=F8:5F:12:9D:D2:EE Rate=4Hz SK=UDP:4123
[2026-05-29T20:53:36] [INFO] [calypso-direct] [STARTUP] Timeout=60s L2_threshold=20
[2026-05-29T20:53:36] [INFO] [calypso-direct] [STARTUP] ============================================================
[2026-05-29T20:53:36] [INFO] [calypso-direct] [BLE_SCAN] Connecting to Calypso F8:5F:12:9D:D2:EE...
[2026-05-29T20:53:56] [ERROR] [calypso-direct] [ERROR] BLE error (L1 #1): Device with address F8:5F:12:9D:D2:EE was not found.
[2026-05-29T20:54:08] [INFO] [calypso-direct] [STARTUP] Singleton acquired (PID 65235)
[2026-05-29T20:54:08] [INFO] [calypso-direct] [STARTUP] ============================================================
[2026-05-29T20:54:08] [INFO] [calypso-direct] [STARTUP] calypso_direct — Calypso UP10 BLE Driver
[2026-05-29T20:54:08] [INFO] [calypso-direct] [STARTUP] MAC=F8:5F:12:9D:D2:EE Rate=4Hz SK=UDP:4123
[2026-05-29T20:54:08] [INFO] [calypso-direct] [STARTUP] Timeout=60s L2_threshold=20
[2026-05-29T20:54:08] [INFO] [calypso-direct] [STARTUP] ============================================================
[2026-05-29T20:54:08] [INFO] [calypso-direct] [BLE_SCAN] Connecting to Calypso F8:5F:12:9D:D2:EE...
[2026-05-29T20:54:28] [ERROR] [calypso-direct] [ERROR] BLE error (L1 #1): Device with address F8:5F:12:9D:D2:EE was not found.
[2026-05-29T20:54:40] [INFO] [calypso-direct] [STARTUP] Singleton acquired (PID 65651)
[2026-05-29T20:54:40] [INFO] [calypso-direct] [STARTUP] ============================================================
[2026-05-29T20:54:40] [INFO] [calypso-direct] [STARTUP] calypso_direct — Calypso UP10 BLE Driver
[2026-05-29T20:54:40] [INFO] [calypso-direct] [STARTUP] MAC=F8:5F:12:9D:D2:EE Rate=4Hz SK=UDP:4123
[2026-05-29T20:54:40] [INFO] [calypso-direct] [STARTUP] Timeout=60s L2_threshold=20
[2026-05-29T20:54:40] [INFO] [calypso-direct] [STARTUP] ============================================================
[2026-05-29T20:54:40] [INFO] [calypso-direct] [BLE_SCAN] Connecting to Calypso F8:5F:12:9D:D2:EE...
[2026-05-29T20:55:00] [ERROR] [calypso-direct] [ERROR] BLE error (L1 #1): Device with address F8:5F:12:9D:D2:EE was not found.
[2026-05-29T20:55:12] [INFO] [calypso-direct] [STARTUP] Singleton acquired (PID 66047)
[2026-05-29T20:55:12] [INFO] [calypso-direct] [STARTUP] ============================================================
[2026-05-29T20:55:12] [INFO] [calypso-direct] [STARTUP] calypso_direct — Calypso UP10 BLE Driver
[2026-05-29T20:55:12] [INFO] [calypso-direct] [STARTUP] MAC=F8:5F:12:9D:D2:EE Rate=4Hz SK=UDP:4123
[2026-05-29T20:55:12] [INFO] [calypso-direct] [STARTUP] Timeout=60s L2_threshold=20
[2026-05-29T20:55:12] [INFO] [calypso-direct] [STARTUP] ============================================================
[2026-05-29T20:55:12] [INFO] [calypso-direct] [BLE_SCAN] Connecting to Calypso F8:5F:12:9D:D2:EE...
[2026-05-29T20:55:32] [ERROR] [calypso-direct] [ERROR] BLE error (L1 #1): Device with address F8:5F:12:9D:D2:EE was not found.
[2026-05-29T20:55:44] [INFO] [calypso-direct] [STARTUP] Singleton acquired (PID 66456)
[2026-05-29T20:55:44] [INFO] [calypso-direct] [STARTUP] ============================================================
[2026-05-29T20:55:44] [INFO] [calypso-direct] [STARTUP] calypso_direct — Calypso UP10 BLE Driver
[2026-05-29T20:55:44] [INFO] [calypso-direct] [STARTUP] MAC=F8:5F:12:9D:D2:EE Rate=4Hz SK=UDP:4123
[2026-05-29T20:55:44] [INFO] [calypso-direct] [STARTUP] Timeout=60s L2_threshold=20
[2026-05-29T20:55:44] [INFO] [calypso-direct] [STARTUP] ============================================================
[2026-05-29T20:55:44] [INFO] [calypso-direct] [BLE_SCAN] Connecting to Calypso F8:5F:12:9D:D2:EE...
[2026-05-29T20:56:05] [ERROR] [calypso-direct] [ERROR] BLE error (L1 #1): Device with address F8:5F:12:9D:D2:EE was not found.
[2026-05-29T20:56:16] [INFO] [calypso-direct] [STARTUP] Singleton acquired (PID 66873)
[2026-05-29T20:56:16] [INFO] [calypso-direct] [STARTUP] ============================================================
[2026-05-29T20:56:16] [INFO] [calypso-direct] [STARTUP] calypso_direct — Calypso UP10 BLE Driver
[2026-05-29T20:56:16] [INFO] [calypso-direct] [STARTUP] MAC=F8:5F:12:9D:D2:EE Rate=4Hz SK=UDP:4123
[2026-05-29T20:56:16] [INFO] [calypso-direct] [STARTUP] Timeout=60s L2_threshold=20
[2026-05-29T20:56:16] [INFO] [calypso-direct] [STARTUP] ============================================================
[2026-05-29T20:56:16] [INFO] [calypso-direct] [BLE_SCAN] Connecting to Calypso F8:5F:12:9D:D2:EE...
[2026-05-29T20:56:37] [ERROR] [calypso-direct] [ERROR] BLE error (L1 #1): Device with address F8:5F:12:9D:D2:EE was not found.
[2026-05-29T20:56:48] [INFO] [calypso-direct] [STARTUP] Singleton acquired (PID 67244)
[2026-05-29T20:56:48] [INFO] [calypso-direct] [STARTUP] ============================================================
[2026-05-29T20:56:48] [INFO] [calypso-direct] [STARTUP] calypso_direct — Calypso UP10 BLE Driver
[2026-05-29T20:56:48] [INFO] [calypso-direct] [STARTUP] MAC=F8:5F:12:9D:D2:EE Rate=4Hz SK=UDP:4123
[2026-05-29T20:56:48] [INFO] [calypso-direct] [STARTUP] Timeout=60s L2_threshold=20
[2026-05-29T20:56:48] [INFO] [calypso-direct] [STARTUP] ============================================================
[2026-05-29T20:56:48] [INFO] [calypso-direct] [BLE_SCAN] Connecting to Calypso F8:5F:12:9D:D2:EE...
[2026-05-29T20:57:09] [ERROR] [calypso-direct] [ERROR] BLE error (L1 #1): Device with address F8:5F:12:9D:D2:EE was not found.
[2026-05-29T20:57:20] [INFO] [calypso-direct] [STARTUP] Singleton acquired (PID 67616)
[2026-05-29T20:57:20] [INFO] [calypso-direct] [STARTUP] ============================================================
[2026-05-29T20:57:20] [INFO] [calypso-direct] [STARTUP] calypso_direct — Calypso UP10 BLE Driver
[2026-05-29T20:57:20] [INFO] [calypso-direct] [STARTUP] MAC=F8:5F:12:9D:D2:EE Rate=4Hz SK=UDP:4123
[2026-05-29T20:57:20] [INFO] [calypso-direct] [STARTUP] Timeout=60s L2_threshold=20
[2026-05-29T20:57:20] [INFO] [calypso-direct] [STARTUP] ============================================================
[2026-05-29T20:57:20] [INFO] [calypso-direct] [BLE_SCAN] Connecting to Calypso F8:5F:12:9D:D2:EE...
[2026-05-29T20:57:41] [ERROR] [calypso-direct] [ERROR] BLE error (L1 #1): Device with address F8:5F:12:9D:D2:EE was not found.
[2026-05-29T20:57:52] [INFO] [calypso-direct] [STARTUP] Singleton acquired (PID 67996)
[2026-05-29T20:57:52] [INFO] [calypso-direct] [STARTUP] ============================================================
[2026-05-29T20:57:52] [INFO] [calypso-direct] [STARTUP] calypso_direct — Calypso UP10 BLE Driver
[2026-05-29T20:57:52] [INFO] [calypso-direct] [STARTUP] MAC=F8:5F:12:9D:D2:EE Rate=4Hz SK=UDP:4123
[2026-05-29T20:57:52] [INFO] [calypso-direct] [STARTUP] Timeout=60s L2_threshold=20
[2026-05-29T20:57:52] [INFO] [calypso-direct] [STARTUP] ============================================================
[2026-05-29T20:57:52] [INFO] [calypso-direct] [BLE_SCAN] Connecting to Calypso F8:5F:12:9D:D2:EE...
[2026-05-29T20:58:13] [ERROR] [calypso-direct] [ERROR] BLE error (L1 #1): Device with address F8:5F:12:9D:D2:EE was not found.
[2026-05-29T20:58:24] [INFO] [calypso-direct] [STARTUP] Singleton acquired (PID 68381)
[2026-05-29T20:58:24] [INFO] [calypso-direct] [STARTUP] ============================================================
[2026-05-29T20:58:24] [INFO] [calypso-direct] [STARTUP] calypso_direct — Calypso UP10 BLE Driver
[2026-05-29T20:58:24] [INFO] [calypso-direct] [STARTUP] MAC=F8:5F:12:9D:D2:EE Rate=4Hz SK=UDP:4123
[2026-05-29T20:58:24] [INFO] [calypso-direct] [STARTUP] Timeout=60s L2_threshold=20
[2026-05-29T20:58:24] [INFO] [calypso-direct] [STARTUP] ============================================================
[2026-05-29T20:58:24] [INFO] [calypso-direct] [BLE_SCAN] Connecting to Calypso F8:5F:12:9D:D2:EE...
[2026-05-29T20:58:45] [ERROR] [calypso-direct] [ERROR] BLE error (L1 #1): Device with address F8:5F:12:9D:D2:EE was not found.
[2026-05-29T20:58:57] [INFO] [calypso-direct] [STARTUP] Singleton acquired (PID 68800)
[2026-05-29T20:58:57] [INFO] [calypso-direct] [STARTUP] ============================================================
[2026-05-29T20:58:57] [INFO] [calypso-direct] [STARTUP] calypso_direct — Calypso UP10 BLE Driver
[2026-05-29T20:58:57] [INFO] [calypso-direct] [STARTUP] MAC=F8:5F:12:9D:D2:EE Rate=4Hz SK=UDP:4123
[2026-05-29T20:58:57] [INFO] [calypso-direct] [STARTUP] Timeout=60s L2_threshold=20
[2026-05-29T20:58:57] [INFO] [calypso-direct] [STARTUP] ============================================================
[2026-05-29T20:58:57] [INFO] [calypso-direct] [BLE_SCAN] Connecting to Calypso F8:5F:12:9D:D2:EE...
[2026-05-29T20:59:17] [ERROR] [calypso-direct] [ERROR] BLE error (L1 #1): Device with address F8:5F:12:9D:D2:EE was not found.
[2026-05-29T20:59:29] [INFO] [calypso-direct] [STARTUP] Singleton acquired (PID 69180)
[2026-05-29T20:59:29] [INFO] [calypso-direct] [STARTUP] ============================================================
[2026-05-29T20:59:29] [INFO] [calypso-direct] [STARTUP] calypso_direct — Calypso UP10 BLE Driver
[2026-05-29T20:59:29] [INFO] [calypso-direct] [STARTUP] MAC=F8:5F:12:9D:D2:EE Rate=4Hz SK=UDP:4123
[2026-05-29T20:59:29] [INFO] [calypso-direct] [STARTUP] Timeout=60s L2_threshold=20
[2026-05-29T20:59:29] [INFO] [calypso-direct] [STARTUP] ============================================================
[2026-05-29T20:59:29] [INFO] [calypso-direct] [BLE_SCAN] Connecting to Calypso F8:5F:12:9D:D2:EE...
[2026-05-29T20:59:49] [ERROR] [calypso-direct] [ERROR] BLE error (L1 #1): Device with address F8:5F:12:9D:D2:EE was not found.
[2026-05-29T21:00:01] [INFO] [calypso-direct] [STARTUP] Singleton acquired (PID 69597)
[2026-05-29T21:00:01] [INFO] [calypso-direct] [STARTUP] ============================================================
[2026-05-29T21:00:01] [INFO] [calypso-direct] [STARTUP] calypso_direct — Calypso UP10 BLE Driver
[2026-05-29T21:00:01] [INFO] [calypso-direct] [STARTUP] MAC=F8:5F:12:9D:D2:EE Rate=4Hz SK=UDP:4123
[2026-05-29T21:00:01] [INFO] [calypso-direct] [STARTUP] Timeout=60s L2_threshold=20
[2026-05-29T21:00:01] [INFO] [calypso-direct] [STARTUP] ============================================================
[2026-05-29T21:00:01] [INFO] [calypso-direct] [BLE_SCAN] Connecting to Calypso F8:5F:12:9D:D2:EE...
[2026-05-29T21:00:22] [ERROR] [calypso-direct] [ERROR] BLE error (L1 #1): Device with address F8:5F:12:9D:D2:EE was not found.
[2026-05-29T21:00:33] [INFO] [calypso-direct] [STARTUP] Singleton acquired (PID 70021)
[2026-05-29T21:00:33] [INFO] [calypso-direct] [STARTUP] ============================================================
[2026-05-29T21:00:33] [INFO] [calypso-direct] [STARTUP] calypso_direct — Calypso UP10 BLE Driver
[2026-05-29T21:00:33] [INFO] [calypso-direct] [STARTUP] MAC=F8:5F:12:9D:D2:EE Rate=4Hz SK=UDP:4123
[2026-05-29T21:00:33] [INFO] [calypso-direct] [STARTUP] Timeout=60s L2_threshold=20
[2026-05-29T21:00:33] [INFO] [calypso-direct] [STARTUP] ============================================================
[2026-05-29T21:00:33] [INFO] [calypso-direct] [BLE_SCAN] Connecting to Calypso F8:5F:12:9D:D2:EE...
[2026-05-29T21:00:54] [ERROR] [calypso-direct] [ERROR] BLE error (L1 #1): Device with address F8:5F:12:9D:D2:EE was not found.
[2026-05-29T21:01:05] [INFO] [calypso-direct] [STARTUP] Singleton acquired (PID 70330)
[2026-05-29T21:01:05] [INFO] [calypso-direct] [STARTUP] ============================================================
[2026-05-29T21:01:05] [INFO] [calypso-direct] [STARTUP] calypso_direct — Calypso UP10 BLE Driver
[2026-05-29T21:01:05] [INFO] [calypso-direct] [STARTUP] MAC=F8:5F:12:9D:D2:EE Rate=4Hz SK=UDP:4123
[2026-05-29T21:01:05] [INFO] [calypso-direct] [STARTUP] Timeout=60s L2_threshold=20
[2026-05-29T21:01:05] [INFO] [calypso-direct] [STARTUP] ============================================================
[2026-05-29T21:01:05] [INFO] [calypso-direct] [BLE_SCAN] Connecting to Calypso F8:5F:12:9D:D2:EE...
[2026-05-29T21:01:26] [ERROR] [calypso-direct] [ERROR] BLE error (L1 #1): Device with address F8:5F:12:9D:D2:EE was not found.
[2026-05-29T21:01:37] [INFO] [calypso-direct] [STARTUP] Singleton acquired (PID 70686)
[2026-05-29T21:01:37] [INFO] [calypso-direct] [STARTUP] ============================================================
[2026-05-29T21:01:37] [INFO] [calypso-direct] [STARTUP] calypso_direct — Calypso UP10 BLE Driver
[2026-05-29T21:01:37] [INFO] [calypso-direct] [STARTUP] MAC=F8:5F:12:9D:D2:EE Rate=4Hz SK=UDP:4123
[2026-05-29T21:01:37] [INFO] [calypso-direct] [STARTUP] Timeout=60s L2_threshold=20
[2026-05-29T21:01:37] [INFO] [calypso-direct] [STARTUP] ============================================================
[2026-05-29T21:01:37] [INFO] [calypso-direct] [BLE_SCAN] Connecting to Calypso F8:5F:12:9D:D2:EE...
[2026-05-29T21:01:58] [ERROR] [calypso-direct] [ERROR] BLE error (L1 #1): Device with address F8:5F:12:9D:D2:EE was not found.
[2026-05-29T21:02:09] [INFO] [calypso-direct] [STARTUP] Singleton acquired (PID 71034)
[2026-05-29T21:02:09] [INFO] [calypso-direct] [STARTUP] ============================================================
[2026-05-29T21:02:09] [INFO] [calypso-direct] [STARTUP] calypso_direct — Calypso UP10 BLE Driver
[2026-05-29T21:02:09] [INFO] [calypso-direct] [STARTUP] MAC=F8:5F:12:9D:D2:EE Rate=4Hz SK=UDP:4123
[2026-05-29T21:02:09] [INFO] [calypso-direct] [STARTUP] Timeout=60s L2_threshold=20
[2026-05-29T21:02:09] [INFO] [calypso-direct] [STARTUP] ============================================================
[2026-05-29T21:02:09] [INFO] [calypso-direct] [BLE_SCAN] Connecting to Calypso F8:5F:12:9D:D2:EE...
[2026-05-29T21:02:30] [ERROR] [calypso-direct] [ERROR] BLE error (L1 #1): Device with address F8:5F:12:9D:D2:EE was not found.
[2026-05-29T21:02:41] [INFO] [calypso-direct] [STARTUP] Singleton acquired (PID 71369)
[2026-05-29T21:02:41] [INFO] [calypso-direct] [STARTUP] ============================================================
[2026-05-29T21:02:41] [INFO] [calypso-direct] [STARTUP] calypso_direct — Calypso UP10 BLE Driver
[2026-05-29T21:02:41] [INFO] [calypso-direct] [STARTUP] MAC=F8:5F:12:9D:D2:EE Rate=4Hz SK=UDP:4123
[2026-05-29T21:02:41] [INFO] [calypso-direct] [STARTUP] Timeout=60s L2_threshold=20
[2026-05-29T21:02:41] [INFO] [calypso-direct] [STARTUP] ============================================================
[2026-05-29T21:02:41] [INFO] [calypso-direct] [BLE_SCAN] Connecting to Calypso F8:5F:12:9D:D2:EE...
[2026-05-29T21:03:02] [ERROR] [calypso-direct] [ERROR] BLE error (L1 #1): Device with address F8:5F:12:9D:D2:EE was not found.
[2026-05-29T21:03:13] [INFO] [calypso-direct] [STARTUP] Singleton acquired (PID 71730)
[2026-05-29T21:03:13] [INFO] [calypso-direct] [STARTUP] ============================================================
[2026-05-29T21:03:13] [INFO] [calypso-direct] [STARTUP] calypso_direct — Calypso UP10 BLE Driver
[2026-05-29T21:03:13] [INFO] [calypso-direct] [STARTUP] MAC=F8:5F:12:9D:D2:EE Rate=4Hz SK=UDP:4123
[2026-05-29T21:03:13] [INFO] [calypso-direct] [STARTUP] Timeout=60s L2_threshold=20
[2026-05-29T21:03:13] [INFO] [calypso-direct] [STARTUP] ============================================================
[2026-05-29T21:03:13] [INFO] [calypso-direct] [BLE_SCAN] Connecting to Calypso F8:5F:12:9D:D2:EE...
[2026-05-29T21:03:34] [ERROR] [calypso-direct] [ERROR] BLE error (L1 #1): Device with address F8:5F:12:9D:D2:EE was not found.
[2026-05-29T21:03:45] [INFO] [calypso-direct] [STARTUP] Singleton acquired (PID 72022)
[2026-05-29T21:03:45] [INFO] [calypso-direct] [STARTUP] ============================================================
[2026-05-29T21:03:45] [INFO] [calypso-direct] [STARTUP] calypso_direct — Calypso UP10 BLE Driver
[2026-05-29T21:03:45] [INFO] [calypso-direct] [STARTUP] MAC=F8:5F:12:9D:D2:EE Rate=4Hz SK=UDP:4123
[2026-05-29T21:03:45] [INFO] [calypso-direct] [STARTUP] Timeout=60s L2_threshold=20
[2026-05-29T21:03:45] [INFO] [calypso-direct] [STARTUP] ============================================================
[2026-05-29T21:03:45] [INFO] [calypso-direct] [BLE_SCAN] Connecting to Calypso F8:5F:12:9D:D2:EE...
[2026-05-29T21:04:06] [ERROR] [calypso-direct] [ERROR] BLE error (L1 #1): Device with address F8:5F:12:9D:D2:EE was not found.
[2026-05-29T21:04:17] [INFO] [calypso-direct] [STARTUP] Singleton acquired (PID 72350)
[2026-05-29T21:04:17] [INFO] [calypso-direct] [STARTUP] ============================================================
[2026-05-29T21:04:17] [INFO] [calypso-direct] [STARTUP] calypso_direct — Calypso UP10 BLE Driver
[2026-05-29T21:04:17] [INFO] [calypso-direct] [STARTUP] MAC=F8:5F:12:9D:D2:EE Rate=4Hz SK=UDP:4123
[2026-05-29T21:04:17] [INFO] [calypso-direct] [STARTUP] Timeout=60s L2_threshold=20
[2026-05-29T21:04:17] [INFO] [calypso-direct] [STARTUP] ============================================================
[2026-05-29T21:04:17] [INFO] [calypso-direct] [BLE_SCAN] Connecting to Calypso F8:5F:12:9D:D2:EE...
[2026-05-29T21:04:38] [ERROR] [calypso-direct] [ERROR] BLE error (L1 #1): Device with address F8:5F:12:9D:D2:EE was not found.
[2026-05-29T21:04:50] [INFO] [calypso-direct] [STARTUP] Singleton acquired (PID 72698)
[2026-05-29T21:04:50] [INFO] [calypso-direct] [STARTUP] ============================================================
[2026-05-29T21:04:50] [INFO] [calypso-direct] [STARTUP] calypso_direct — Calypso UP10 BLE Driver
[2026-05-29T21:04:50] [INFO] [calypso-direct] [STARTUP] MAC=F8:5F:12:9D:D2:EE Rate=4Hz SK=UDP:4123
[2026-05-29T21:04:50] [INFO] [calypso-direct] [STARTUP] Timeout=60s L2_threshold=20
[2026-05-29T21:04:50] [INFO] [calypso-direct] [STARTUP] ============================================================
[2026-05-29T21:04:50] [INFO] [calypso-direct] [BLE_SCAN] Connecting to Calypso F8:5F:12:9D:D2:EE...
[2026-05-29T21:05:10] [ERROR] [calypso-direct] [ERROR] BLE error (L1 #1): Device with address F8:5F:12:9D:D2:EE was not found.
[2026-05-29T21:05:22] [INFO] [calypso-direct] [STARTUP] Singleton acquired (PID 73007)
[2026-05-29T21:05:22] [INFO] [calypso-direct] [STARTUP] ============================================================
[2026-05-29T21:05:22] [INFO] [calypso-direct] [STARTUP] calypso_direct — Calypso UP10 BLE Driver
[2026-05-29T21:05:22] [INFO] [calypso-direct] [STARTUP] MAC=F8:5F:12:9D:D2:EE Rate=4Hz SK=UDP:4123
[2026-05-29T21:05:22] [INFO] [calypso-direct] [STARTUP] Timeout=60s L2_threshold=20
[2026-05-29T21:05:22] [INFO] [calypso-direct] [STARTUP] ============================================================
[2026-05-29T21:05:22] [INFO] [calypso-direct] [BLE_SCAN] Connecting to Calypso F8:5F:12:9D:D2:EE...
[2026-05-29T21:05:42] [ERROR] [calypso-direct] [ERROR] BLE error (L1 #1): Device with address F8:5F:12:9D:D2:EE was not found.
[2026-05-29T21:05:54] [INFO] [calypso-direct] [STARTUP] Singleton acquired (PID 73343)
[2026-05-29T21:05:54] [INFO] [calypso-direct] [STARTUP] ============================================================
[2026-05-29T21:05:54] [INFO] [calypso-direct] [STARTUP] calypso_direct — Calypso UP10 BLE Driver
[2026-05-29T21:05:54] [INFO] [calypso-direct] [STARTUP] MAC=F8:5F:12:9D:D2:EE Rate=4Hz SK=UDP:4123
[2026-05-29T21:05:54] [INFO] [calypso-direct] [STARTUP] Timeout=60s L2_threshold=20
[2026-05-29T21:05:54] [INFO] [calypso-direct] [STARTUP] ============================================================
[2026-05-29T21:05:54] [INFO] [calypso-direct] [BLE_SCAN] Connecting to Calypso F8:5F:12:9D:D2:EE...
[2026-05-29T21:06:14] [ERROR] [calypso-direct] [ERROR] BLE error (L1 #1): Device with address F8:5F:12:9D:D2:EE was not found.
[2026-05-29T21:06:26] [INFO] [calypso-direct] [STARTUP] Singleton acquired (PID 73709)
[2026-05-29T21:06:26] [INFO] [calypso-direct] [STARTUP] ============================================================
[2026-05-29T21:06:26] [INFO] [calypso-direct] [STARTUP] calypso_direct — Calypso UP10 BLE Driver
[2026-05-29T21:06:26] [INFO] [calypso-direct] [STARTUP] MAC=F8:5F:12:9D:D2:EE Rate=4Hz SK=UDP:4123
[2026-05-29T21:06:26] [INFO] [calypso-direct] [STARTUP] Timeout=60s L2_threshold=20
[2026-05-29T21:06:26] [INFO] [calypso-direct] [STARTUP] ============================================================
[2026-05-29T21:06:26] [INFO] [calypso-direct] [BLE_SCAN] Connecting to Calypso F8:5F:12:9D:D2:EE...
[2026-05-29T21:06:46] [ERROR] [calypso-direct] [ERROR] BLE error (L1 #1): Device with address F8:5F:12:9D:D2:EE was not found.
[2026-05-29T21:06:58] [INFO] [calypso-direct] [STARTUP] Singleton acquired (PID 74008)
[2026-05-29T21:06:58] [INFO] [calypso-direct] [STARTUP] ============================================================
[2026-05-29T21:06:58] [INFO] [calypso-direct] [STARTUP] calypso_direct — Calypso UP10 BLE Driver
[2026-05-29T21:06:58] [INFO] [calypso-direct] [STARTUP] MAC=F8:5F:12:9D:D2:EE Rate=4Hz SK=UDP:4123
[2026-05-29T21:06:58] [INFO] [calypso-direct] [STARTUP] Timeout=60s L2_threshold=20
[2026-05-29T21:06:58] [INFO] [calypso-direct] [STARTUP] ============================================================
[2026-05-29T21:06:58] [INFO] [calypso-direct] [BLE_SCAN] Connecting to Calypso F8:5F:12:9D:D2:EE...
[2026-05-29T21:07:18] [ERROR] [calypso-direct] [ERROR] BLE error (L1 #1): Device with address F8:5F:12:9D:D2:EE was not found.
[2026-05-29T21:07:30] [INFO] [calypso-direct] [STARTUP] Singleton acquired (PID 74426)
[2026-05-29T21:07:30] [INFO] [calypso-direct] [STARTUP] ============================================================
[2026-05-29T21:07:30] [INFO] [calypso-direct] [STARTUP] calypso_direct — Calypso UP10 BLE Driver
[2026-05-29T21:07:30] [INFO] [calypso-direct] [STARTUP] MAC=F8:5F:12:9D:D2:EE Rate=4Hz SK=UDP:4123
[2026-05-29T21:07:30] [INFO] [calypso-direct] [STARTUP] Timeout=60s L2_threshold=20
[2026-05-29T21:07:30] [INFO] [calypso-direct] [STARTUP] ============================================================
[2026-05-29T21:07:30] [INFO] [calypso-direct] [BLE_SCAN] Connecting to Calypso F8:5F:12:9D:D2:EE...
[2026-05-29T21:07:50] [ERROR] [calypso-direct] [ERROR] BLE error (L1 #1): Device with address F8:5F:12:9D:D2:EE was not found.
[2026-05-29T21:08:02] [INFO] [calypso-direct] [STARTUP] Singleton acquired (PID 74861)
[2026-05-29T21:08:02] [INFO] [calypso-direct] [STARTUP] ============================================================
[2026-05-29T21:08:02] [INFO] [calypso-direct] [STARTUP] calypso_direct — Calypso UP10 BLE Driver
[2026-05-29T21:08:02] [INFO] [calypso-direct] [STARTUP] MAC=F8:5F:12:9D:D2:EE Rate=4Hz SK=UDP:4123
[2026-05-29T21:08:02] [INFO] [calypso-direct] [STARTUP] Timeout=60s L2_threshold=20
[2026-05-29T21:08:02] [INFO] [calypso-direct] [STARTUP] ============================================================
[2026-05-29T21:08:02] [INFO] [calypso-direct] [BLE_SCAN] Connecting to Calypso F8:5F:12:9D:D2:EE...
[2026-05-29T21:08:22] [ERROR] [calypso-direct] [ERROR] BLE error (L1 #1): Device with address F8:5F:12:9D:D2:EE was not found.
[2026-05-29T21:08:34] [INFO] [calypso-direct] [STARTUP] Singleton acquired (PID 75275)
[2026-05-29T21:08:34] [INFO] [calypso-direct] [STARTUP] ============================================================
[2026-05-29T21:08:34] [INFO] [calypso-direct] [STARTUP] calypso_direct — Calypso UP10 BLE Driver
[2026-05-29T21:08:34] [INFO] [calypso-direct] [STARTUP] MAC=F8:5F:12:9D:D2:EE Rate=4Hz SK=UDP:4123
[2026-05-29T21:08:34] [INFO] [calypso-direct] [STARTUP] Timeout=60s L2_threshold=20
[2026-05-29T21:08:34] [INFO] [calypso-direct] [STARTUP] ============================================================
[2026-05-29T21:08:34] [INFO] [calypso-direct] [BLE_SCAN] Connecting to Calypso F8:5F:12:9D:D2:EE...
[2026-05-29T21:08:54] [ERROR] [calypso-direct] [ERROR] BLE error (L1 #1): Device with address F8:5F:12:9D:D2:EE was not found.
[2026-05-29T21:09:06] [INFO] [calypso-direct] [STARTUP] Singleton acquired (PID 75673)
[2026-05-29T21:09:06] [INFO] [calypso-direct] [STARTUP] ============================================================
[2026-05-29T21:09:06] [INFO] [calypso-direct] [STARTUP] calypso_direct — Calypso UP10 BLE Driver
[2026-05-29T21:09:06] [INFO] [calypso-direct] [STARTUP] MAC=F8:5F:12:9D:D2:EE Rate=4Hz SK=UDP:4123
[2026-05-29T21:09:06] [INFO] [calypso-direct] [STARTUP] Timeout=60s L2_threshold=20
[2026-05-29T21:09:06] [INFO] [calypso-direct] [STARTUP] ============================================================
[2026-05-29T21:09:06] [INFO] [calypso-direct] [BLE_SCAN] Connecting to Calypso F8:5F:12:9D:D2:EE...
[2026-05-29T21:09:27] [ERROR] [calypso-direct] [ERROR] BLE error (L1 #1): Device with address F8:5F:12:9D:D2:EE was not found.
                                                                                                                                                                                                                                                                                                                                                                                                                                                                                                                                                                                                                                                                                                                                                                                                                  [2026-05-29T21:06:28] [INFO] [calypso-direct] [STARTUP] Singleton acquired (PID 1222)
[2026-05-29T21:06:28] [INFO] [calypso-direct] [STARTUP] ============================================================
[2026-05-29T21:06:28] [INFO] [calypso-direct] [STARTUP] calypso_direct — Calypso UP10 BLE Driver
[2026-05-29T21:06:28] [INFO] [calypso-direct] [STARTUP] MAC=F8:5F:12:9D:D2:EE Rate=4Hz SK=UDP:4123
[2026-05-29T21:06:28] [INFO] [calypso-direct] [STARTUP] Timeout=60s L2_threshold=20
[2026-05-29T21:06:28] [INFO] [calypso-direct] [STARTUP] ============================================================
[2026-05-29T21:06:28] [INFO] [calypso-direct] [BLE_SCAN] Connecting to Calypso F8:5F:12:9D:D2:EE...
[2026-05-30T10:54:51] [ERROR] [calypso-direct] [ERROR] BLE error (L1 #1): Device with address F8:5F:12:9D:D2:EE was not found.
[2026-05-30T10:55:02] [INFO] [calypso-direct] [STARTUP] Singleton acquired (PID 2912)
[2026-05-30T10:55:02] [INFO] [calypso-direct] [STARTUP] ============================================================
[2026-05-30T10:55:02] [INFO] [calypso-direct] [STARTUP] calypso_direct — Calypso UP10 BLE Driver
[2026-05-30T10:55:02] [INFO] [calypso-direct] [STARTUP] MAC=F8:5F:12:9D:D2:EE Rate=4Hz SK=UDP:4123
[2026-05-30T10:55:02] [INFO] [calypso-direct] [STARTUP] Timeout=60s L2_threshold=20
[2026-05-30T10:55:02] [INFO] [calypso-direct] [STARTUP] ============================================================
[2026-05-30T10:55:02] [INFO] [calypso-direct] [BLE_SCAN] Connecting to Calypso F8:5F:12:9D:D2:EE...
[2026-05-30T10:55:22] [ERROR] [calypso-direct] [ERROR] BLE error (L1 #1): Device with address F8:5F:12:9D:D2:EE was not found.
[2026-05-30T10:55:33] [INFO] [calypso-direct] [STARTUP] Singleton acquired (PID 3324)
[2026-05-30T10:55:33] [INFO] [calypso-direct] [STARTUP] ============================================================
[2026-05-30T10:55:33] [INFO] [calypso-direct] [STARTUP] calypso_direct — Calypso UP10 BLE Driver
[2026-05-30T10:55:33] [INFO] [calypso-direct] [STARTUP] MAC=F8:5F:12:9D:D2:EE Rate=4Hz SK=UDP:4123
[2026-05-30T10:55:33] [INFO] [calypso-direct] [STARTUP] Timeout=60s L2_threshold=20
[2026-05-30T10:55:33] [INFO] [calypso-direct] [STARTUP] ============================================================
[2026-05-30T10:55:33] [INFO] [calypso-direct] [BLE_SCAN] Connecting to Calypso F8:5F:12:9D:D2:EE...
[2026-05-30T10:55:53] [ERROR] [calypso-direct] [ERROR] BLE error (L1 #1): Device with address F8:5F:12:9D:D2:EE was not found.
[2026-05-30T10:56:04] [INFO] [calypso-direct] [STARTUP] Singleton acquired (PID 3718)
[2026-05-30T10:56:04] [INFO] [calypso-direct] [STARTUP] ============================================================
[2026-05-30T10:56:04] [INFO] [calypso-direct] [STARTUP] calypso_direct — Calypso UP10 BLE Driver
[2026-05-30T10:56:04] [INFO] [calypso-direct] [STARTUP] MAC=F8:5F:12:9D:D2:EE Rate=4Hz SK=UDP:4123
[2026-05-30T10:56:04] [INFO] [calypso-direct] [STARTUP] Timeout=60s L2_threshold=20
[2026-05-30T10:56:04] [INFO] [calypso-direct] [STARTUP] ============================================================
[2026-05-30T10:56:04] [INFO] [calypso-direct] [BLE_SCAN] Connecting to Calypso F8:5F:12:9D:D2:EE...
[2026-05-30T10:56:25] [ERROR] [calypso-direct] [ERROR] BLE error (L1 #1): Device with address F8:5F:12:9D:D2:EE was not found.
[2026-05-30T10:56:36] [INFO] [calypso-direct] [STARTUP] Singleton acquired (PID 4129)
[2026-05-30T10:56:36] [INFO] [calypso-direct] [STARTUP] ============================================================
[2026-05-30T10:56:36] [INFO] [calypso-direct] [STARTUP] calypso_direct — Calypso UP10 BLE Driver
[2026-05-30T10:56:36] [INFO] [calypso-direct] [STARTUP] MAC=F8:5F:12:9D:D2:EE Rate=4Hz SK=UDP:4123
[2026-05-30T10:56:36] [INFO] [calypso-direct] [STARTUP] Timeout=60s L2_threshold=20
[2026-05-30T10:56:36] [INFO] [calypso-direct] [STARTUP] ============================================================
[2026-05-30T10:56:36] [INFO] [calypso-direct] [BLE_SCAN] Connecting to Calypso F8:5F:12:9D:D2:EE...
[2026-05-30T10:56:56] [ERROR] [calypso-direct] [ERROR] BLE error (L1 #1): Device with address F8:5F:12:9D:D2:EE was not found.
[2026-05-30T10:57:07] [INFO] [calypso-direct] [STARTUP] Singleton acquired (PID 4469)
[2026-05-30T10:57:07] [INFO] [calypso-direct] [STARTUP] ============================================================
[2026-05-30T10:57:07] [INFO] [calypso-direct] [STARTUP] calypso_direct — Calypso UP10 BLE Driver
[2026-05-30T10:57:07] [INFO] [calypso-direct] [STARTUP] MAC=F8:5F:12:9D:D2:EE Rate=4Hz SK=UDP:4123
[2026-05-30T10:57:07] [INFO] [calypso-direct] [STARTUP] Timeout=60s L2_threshold=20
[2026-05-30T10:57:07] [INFO] [calypso-direct] [STARTUP] ============================================================
[2026-05-30T10:57:07] [INFO] [calypso-direct] [BLE_SCAN] Connecting to Calypso F8:5F:12:9D:D2:EE...
[2026-05-30T10:57:27] [ERROR] [calypso-direct] [ERROR] BLE error (L1 #1): Device with address F8:5F:12:9D:D2:EE was not found.
[2026-05-30T10:57:38] [INFO] [calypso-direct] [STARTUP] Singleton acquired (PID 4884)
[2026-05-30T10:57:38] [INFO] [calypso-direct] [STARTUP] ============================================================
[2026-05-30T10:57:38] [INFO] [calypso-direct] [STARTUP] calypso_direct — Calypso UP10 BLE Driver
[2026-05-30T10:57:38] [INFO] [calypso-direct] [STARTUP] MAC=F8:5F:12:9D:D2:EE Rate=4Hz SK=UDP:4123
[2026-05-30T10:57:38] [INFO] [calypso-direct] [STARTUP] Timeout=60s L2_threshold=20
[2026-05-30T10:57:38] [INFO] [calypso-direct] [STARTUP] ============================================================
[2026-05-30T10:57:38] [INFO] [calypso-direct] [BLE_SCAN] Connecting to Calypso F8:5F:12:9D:D2:EE...
[2026-05-30T10:57:59] [ERROR] [calypso-direct] [ERROR] BLE error (L1 #1): Device with address F8:5F:12:9D:D2:EE was not found.
[2026-05-30T10:58:09] [INFO] [calypso-direct] [STARTUP] Singleton acquired (PID 5402)
[2026-05-30T10:58:09] [INFO] [calypso-direct] [STARTUP] ============================================================
[2026-05-30T10:58:09] [INFO] [calypso-direct] [STARTUP] calypso_direct — Calypso UP10 BLE Driver
[2026-05-30T10:58:09] [INFO] [calypso-direct] [STARTUP] MAC=F8:5F:12:9D:D2:EE Rate=4Hz SK=UDP:4123
[2026-05-30T10:58:09] [INFO] [calypso-direct] [STARTUP] Timeout=60s L2_threshold=20
[2026-05-30T10:58:09] [INFO] [calypso-direct] [STARTUP] ============================================================
[2026-05-30T10:58:09] [INFO] [calypso-direct] [BLE_SCAN] Connecting to Calypso F8:5F:12:9D:D2:EE...
[2026-05-30T10:58:30] [ERROR] [calypso-direct] [ERROR] BLE error (L1 #1): Device with address F8:5F:12:9D:D2:EE was not found.
[2026-05-30T10:58:40] [INFO] [calypso-direct] [STARTUP] Singleton acquired (PID 5813)
[2026-05-30T10:58:40] [INFO] [calypso-direct] [STARTUP] ============================================================
[2026-05-30T10:58:40] [INFO] [calypso-direct] [STARTUP] calypso_direct — Calypso UP10 BLE Driver
[2026-05-30T10:58:40] [INFO] [calypso-direct] [STARTUP] MAC=F8:5F:12:9D:D2:EE Rate=4Hz SK=UDP:4123
[2026-05-30T10:58:40] [INFO] [calypso-direct] [STARTUP] Timeout=60s L2_threshold=20
[2026-05-30T10:58:40] [INFO] [calypso-direct] [STARTUP] ============================================================
[2026-05-30T10:58:40] [INFO] [calypso-direct] [BLE_SCAN] Connecting to Calypso F8:5F:12:9D:D2:EE...
[2026-05-30T10:59:01] [ERROR] [calypso-direct] [ERROR] BLE error (L1 #1): Device with address F8:5F:12:9D:D2:EE was not found.
[2026-05-30T10:59:12] [INFO] [calypso-direct] [STARTUP] Singleton acquired (PID 6341)
[2026-05-30T10:59:12] [INFO] [calypso-direct] [STARTUP] ============================================================
[2026-05-30T10:59:12] [INFO] [calypso-direct] [STARTUP] calypso_direct — Calypso UP10 BLE Driver
[2026-05-30T10:59:12] [INFO] [calypso-direct] [STARTUP] MAC=F8:5F:12:9D:D2:EE Rate=4Hz SK=UDP:4123
[2026-05-30T10:59:12] [INFO] [calypso-direct] [STARTUP] Timeout=60s L2_threshold=20
[2026-05-30T10:59:12] [INFO] [calypso-direct] [STARTUP] ============================================================
[2026-05-30T10:59:12] [INFO] [calypso-direct] [BLE_SCAN] Connecting to Calypso F8:5F:12:9D:D2:EE...
[2026-05-30T10:59:32] [ERROR] [calypso-direct] [ERROR] BLE error (L1 #1): Device with address F8:5F:12:9D:D2:EE was not found.
[2026-05-30T10:59:43] [INFO] [calypso-direct] [STARTUP] Singleton acquired (PID 6755)
[2026-05-30T10:59:43] [INFO] [calypso-direct] [STARTUP] ============================================================
[2026-05-30T10:59:43] [INFO] [calypso-direct] [STARTUP] calypso_direct — Calypso UP10 BLE Driver
[2026-05-30T10:59:43] [INFO] [calypso-direct] [STARTUP] MAC=F8:5F:12:9D:D2:EE Rate=4Hz SK=UDP:4123
[2026-05-30T10:59:43] [INFO] [calypso-direct] [STARTUP] Timeout=60s L2_threshold=20
[2026-05-30T10:59:43] [INFO] [calypso-direct] [STARTUP] ============================================================
[2026-05-30T10:59:43] [INFO] [calypso-direct] [BLE_SCAN] Connecting to Calypso F8:5F:12:9D:D2:EE...
[2026-05-30T11:00:03] [ERROR] [calypso-direct] [ERROR] BLE error (L1 #1): Device with address F8:5F:12:9D:D2:EE was not found.
[2026-05-30T11:00:14] [INFO] [calypso-direct] [STARTUP] Singleton acquired (PID 7246)
[2026-05-30T11:00:14] [INFO] [calypso-direct] [STARTUP] ============================================================
[2026-05-30T11:00:14] [INFO] [calypso-direct] [STARTUP] calypso_direct — Calypso UP10 BLE Driver
[2026-05-30T11:00:14] [INFO] [calypso-direct] [STARTUP] MAC=F8:5F:12:9D:D2:EE Rate=4Hz SK=UDP:4123
[2026-05-30T11:00:14] [INFO] [calypso-direct] [STARTUP] Timeout=60s L2_threshold=20
[2026-05-30T11:00:14] [INFO] [calypso-direct] [STARTUP] ============================================================
[2026-05-30T11:00:14] [INFO] [calypso-direct] [BLE_SCAN] Connecting to Calypso F8:5F:12:9D:D2:EE...
[2026-05-30T11:00:34] [ERROR] [calypso-direct] [ERROR] BLE error (L1 #1): Device with address F8:5F:12:9D:D2:EE was not found.
[2026-05-30T11:00:45] [INFO] [calypso-direct] [STARTUP] Singleton acquired (PID 7726)
[2026-05-30T11:00:45] [INFO] [calypso-direct] [STARTUP] ============================================================
[2026-05-30T11:00:45] [INFO] [calypso-direct] [STARTUP] calypso_direct — Calypso UP10 BLE Driver
[2026-05-30T11:00:45] [INFO] [calypso-direct] [STARTUP] MAC=F8:5F:12:9D:D2:EE Rate=4Hz SK=UDP:4123
[2026-05-30T11:00:45] [INFO] [calypso-direct] [STARTUP] Timeout=60s L2_threshold=20
[2026-05-30T11:00:45] [INFO] [calypso-direct] [STARTUP] ============================================================
[2026-05-30T11:00:45] [INFO] [calypso-direct] [BLE_SCAN] Connecting to Calypso F8:5F:12:9D:D2:EE...
[2026-05-30T11:01:05] [ERROR] [calypso-direct] [ERROR] BLE error (L1 #1): Device with address F8:5F:12:9D:D2:EE was not found.
[2026-05-30T11:01:16] [INFO] [calypso-direct] [STARTUP] Singleton acquired (PID 8107)
[2026-05-30T11:01:16] [INFO] [calypso-direct] [STARTUP] ============================================================
[2026-05-30T11:01:16] [INFO] [calypso-direct] [STARTUP] calypso_direct — Calypso UP10 BLE Driver
[2026-05-30T11:01:16] [INFO] [calypso-direct] [STARTUP] MAC=F8:5F:12:9D:D2:EE Rate=4Hz SK=UDP:4123
[2026-05-30T11:01:16] [INFO] [calypso-direct] [STARTUP] Timeout=60s L2_threshold=20
[2026-05-30T11:01:16] [INFO] [calypso-direct] [STARTUP] ============================================================
[2026-05-30T11:01:16] [INFO] [calypso-direct] [BLE_SCAN] Connecting to Calypso F8:5F:12:9D:D2:EE...
[2026-05-30T11:01:36] [ERROR] [calypso-direct] [ERROR] BLE error (L1 #1): Device with address F8:5F:12:9D:D2:EE was not found.
[2026-05-30T11:01:47] [INFO] [calypso-direct] [STARTUP] Singleton acquired (PID 8541)
[2026-05-30T11:01:47] [INFO] [calypso-direct] [STARTUP] ============================================================
[2026-05-30T11:01:47] [INFO] [calypso-direct] [STARTUP] calypso_direct — Calypso UP10 BLE Driver
[2026-05-30T11:01:47] [INFO] [calypso-direct] [STARTUP] MAC=F8:5F:12:9D:D2:EE Rate=4Hz SK=UDP:4123
[2026-05-30T11:01:47] [INFO] [calypso-direct] [STARTUP] Timeout=60s L2_threshold=20
[2026-05-30T11:01:47] [INFO] [calypso-direct] [STARTUP] ============================================================
[2026-05-30T11:01:47] [INFO] [calypso-direct] [BLE_SCAN] Connecting to Calypso F8:5F:12:9D:D2:EE...
[2026-05-30T11:02:07] [ERROR] [calypso-direct] [ERROR] BLE error (L1 #1): Device with address F8:5F:12:9D:D2:EE was not found.
[2026-05-30T11:02:18] [INFO] [calypso-direct] [STARTUP] Singleton acquired (PID 8921)
[2026-05-30T11:02:18] [INFO] [calypso-direct] [STARTUP] ============================================================
[2026-05-30T11:02:18] [INFO] [calypso-direct] [STARTUP] calypso_direct — Calypso UP10 BLE Driver
[2026-05-30T11:02:18] [INFO] [calypso-direct] [STARTUP] MAC=F8:5F:12:9D:D2:EE Rate=4Hz SK=UDP:4123
[2026-05-30T11:02:18] [INFO] [calypso-direct] [STARTUP] Timeout=60s L2_threshold=20
[2026-05-30T11:02:18] [INFO] [calypso-direct] [STARTUP] ============================================================
[2026-05-30T11:02:18] [INFO] [calypso-direct] [BLE_SCAN] Connecting to Calypso F8:5F:12:9D:D2:EE...
[2026-05-30T11:02:38] [ERROR] [calypso-direct] [ERROR] BLE error (L1 #1): Device with address F8:5F:12:9D:D2:EE was not found.
[2026-05-30T11:02:49] [INFO] [calypso-direct] [STARTUP] Singleton acquired (PID 9265)
[2026-05-30T11:02:49] [INFO] [calypso-direct] [STARTUP] ============================================================
[2026-05-30T11:02:49] [INFO] [calypso-direct] [STARTUP] calypso_direct — Calypso UP10 BLE Driver
[2026-05-30T11:02:49] [INFO] [calypso-direct] [STARTUP] MAC=F8:5F:12:9D:D2:EE Rate=4Hz SK=UDP:4123
[2026-05-30T11:02:49] [INFO] [calypso-direct] [STARTUP] Timeout=60s L2_threshold=20
[2026-05-30T11:02:49] [INFO] [calypso-direct] [STARTUP] ============================================================
[2026-05-30T11:02:49] [INFO] [calypso-direct] [BLE_SCAN] Connecting to Calypso F8:5F:12:9D:D2:EE...
[2026-05-30T11:03:09] [ERROR] [calypso-direct] [ERROR] BLE error (L1 #1): Device with address F8:5F:12:9D:D2:EE was not found.
[2026-05-30T11:03:10] [INFO] [calypso-direct] [STARTUP] Singleton acquired (PID 9666)
[2026-05-30T11:03:10] [INFO] [calypso-direct] [STARTUP] ============================================================
[2026-05-30T11:03:10] [INFO] [calypso-direct] [STARTUP] calypso_direct — Calypso UP10 BLE Driver
[2026-05-30T11:03:10] [INFO] [calypso-direct] [STARTUP] MAC=F8:5F:12:9D:D2:EE Rate=4Hz SK=UDP:4123
[2026-05-30T11:03:10] [INFO] [calypso-direct] [STARTUP] Timeout=60s L2_threshold=20
[2026-05-30T11:03:10] [INFO] [calypso-direct] [STARTUP] ============================================================
[2026-05-30T11:03:10] [INFO] [calypso-direct] [BLE_SCAN] Connecting to Calypso F8:5F:12:9D:D2:EE...
[2026-05-30T11:03:30] [ERROR] [calypso-direct] [ERROR] BLE error (L1 #1): Device with address F8:5F:12:9D:D2:EE was not found.
[2026-05-30T11:03:30] [INFO] [calypso-direct] [BLE_SCAN] Reconnecting in 5s...
[2026-05-30T11:03:35] [INFO] [calypso-direct] [BLE_SCAN] Connecting to Calypso F8:5F:12:9D:D2:EE...
[2026-05-30T11:03:55] [ERROR] [calypso-direct] [ERROR] BLE error (L1 #2): Device with address F8:5F:12:9D:D2:EE was not found.
[2026-05-30T11:03:55] [INFO] [calypso-direct] [BLE_SCAN] Reconnecting in 10s...
[2026-05-30T11:04:05] [INFO] [calypso-direct] [BLE_SCAN] Connecting to Calypso F8:5F:12:9D:D2:EE...
[2026-05-30T11:04:25] [ERROR] [calypso-direct] [ERROR] BLE error (L1 #3): Device with address F8:5F:12:9D:D2:EE was not found.
[2026-05-30T11:04:25] [INFO] [calypso-direct] [BLE_SCAN] Reconnecting in 20s...
[2026-05-30T11:04:45] [INFO] [calypso-direct] [BLE_SCAN] Connecting to Calypso F8:5F:12:9D:D2:EE...
[2026-05-30T11:05:06] [ERROR] [calypso-direct] [ERROR] BLE error (L1 #4): Device with address F8:5F:12:9D:D2:EE was not found.
[2026-05-30T11:05:06] [INFO] [calypso-direct] [BLE_SCAN] Reconnecting in 40s...
[2026-05-30T11:05:46] [INFO] [calypso-direct] [BLE_SCAN] Connecting to Calypso F8:5F:12:9D:D2:EE...
[2026-05-30T11:06:06] [ERROR] [calypso-direct] [ERROR] BLE error (L1 #5): Device with address F8:5F:12:9D:D2:EE was not found.
[2026-05-30T11:06:06] [INFO] [calypso-direct] [BLE_SCAN] Reconnecting in 60s...
[2026-05-30T11:07:06] [INFO] [calypso-direct] [BLE_SCAN] Connecting to Calypso F8:5F:12:9D:D2:EE...
[2026-05-30T11:07:26] [ERROR] [calypso-direct] [ERROR] BLE error (L1 #6): Device with address F8:5F:12:9D:D2:EE was not found.
[2026-05-30T11:07:26] [INFO] [calypso-direct] [BLE_SCAN] Reconnecting in 60s...
[2026-05-30T11:08:26] [INFO] [calypso-direct] [BLE_SCAN] Connecting to Calypso F8:5F:12:9D:D2:EE...
[2026-05-30T11:08:46] [ERROR] [calypso-direct] [ERROR] BLE error (L1 #7): Device with address F8:5F:12:9D:D2:EE was not found.
[2026-05-30T11:08:46] [INFO] [calypso-direct] [BLE_SCAN] Reconnecting in 60s...
[2026-05-30T11:09:46] [INFO] [calypso-direct] [BLE_SCAN] Connecting to Calypso F8:5F:12:9D:D2:EE...
[2026-05-30T11:10:06] [ERROR] [calypso-direct] [ERROR] BLE error (L1 #8): Device with address F8:5F:12:9D:D2:EE was not found.
[2026-05-30T11:10:06] [INFO] [calypso-direct] [BLE_SCAN] Reconnecting in 60s...
[2026-05-30T11:11:06] [INFO] [calypso-direct] [BLE_SCAN] Connecting to Calypso F8:5F:12:9D:D2:EE...
[2026-05-30T11:11:26] [ERROR] [calypso-direct] [ERROR] BLE error (L1 #9): Device with address F8:5F:12:9D:D2:EE was not found.
[2026-05-30T11:11:26] [INFO] [calypso-direct] [BLE_SCAN] Reconnecting in 60s...
[2026-05-30T11:12:26] [INFO] [calypso-direct] [BLE_SCAN] Connecting to Calypso F8:5F:12:9D:D2:EE...
[2026-05-30T11:12:46] [ERROR] [calypso-direct] [ERROR] BLE error (L1 #10): Device with address F8:5F:12:9D:D2:EE was not found.
[2026-05-30T11:12:46] [INFO] [calypso-direct] [BLE_SCAN] Reconnecting in 60s...
[2026-05-30T11:13:46] [INFO] [calypso-direct] [BLE_SCAN] Connecting to Calypso F8:5F:12:9D:D2:EE...
[2026-05-30T11:14:06] [ERROR] [calypso-direct] [ERROR] BLE error (L1 #11): Device with address F8:5F:12:9D:D2:EE was not found.
[2026-05-30T11:14:06] [INFO] [calypso-direct] [BLE_SCAN] Reconnecting in 60s...
[2026-05-30T11:15:07] [INFO] [calypso-direct] [STARTUP] Singleton acquired (PID 18053)
[2026-05-30T11:15:07] [INFO] [calypso-direct] [STARTUP] ============================================================
[2026-05-30T11:15:07] [INFO] [calypso-direct] [STARTUP] calypso_direct — Calypso UP10 BLE Driver
[2026-05-30T11:15:07] [INFO] [calypso-direct] [STARTUP] MAC=F8:5F:12:9D:D2:EE Rate=4Hz SK=UDP:4123
[2026-05-30T11:15:07] [INFO] [calypso-direct] [STARTUP] Timeout=60s L2_threshold=20
[2026-05-30T11:15:07] [INFO] [calypso-direct] [STARTUP] ============================================================
[2026-05-30T11:15:07] [INFO] [calypso-direct] [BLE_SCAN] Connecting to Calypso F8:5F:12:9D:D2:EE...
[2026-05-30T11:15:27] [ERROR] [calypso-direct] [ERROR] BLE error (L1 #1): Device with address F8:5F:12:9D:D2:EE was not found.
[2026-05-30T11:15:27] [INFO] [calypso-direct] [BLE_SCAN] Reconnecting in 5s...
[2026-05-30T11:15:32] [INFO] [calypso-direct] [BLE_SCAN] Connecting to Calypso F8:5F:12:9D:D2:EE...
[2026-05-30T11:15:52] [ERROR] [calypso-direct] [ERROR] BLE error (L1 #2): Device with address F8:5F:12:9D:D2:EE was not found.
[2026-05-30T11:15:52] [INFO] [calypso-direct] [BLE_SCAN] Reconnecting in 10s...
[2026-05-30T11:16:02] [INFO] [calypso-direct] [BLE_SCAN] Connecting to Calypso F8:5F:12:9D:D2:EE...
[2026-05-30T11:16:22] [ERROR] [calypso-direct] [ERROR] BLE error (L1 #3): Device with address F8:5F:12:9D:D2:EE was not found.
[2026-05-30T11:16:22] [INFO] [calypso-direct] [BLE_SCAN] Reconnecting in 20s...
[2026-05-30T11:16:42] [INFO] [calypso-direct] [BLE_SCAN] Connecting to Calypso F8:5F:12:9D:D2:EE...
[2026-05-30T11:17:02] [ERROR] [calypso-direct] [ERROR] BLE error (L1 #4): Device with address F8:5F:12:9D:D2:EE was not found.
[2026-05-30T11:17:02] [INFO] [calypso-direct] [BLE_SCAN] Reconnecting in 40s...
[2026-05-30T11:17:42] [INFO] [calypso-direct] [BLE_SCAN] Connecting to Calypso F8:5F:12:9D:D2:EE...
[2026-05-30T11:18:02] [ERROR] [calypso-direct] [ERROR] BLE error (L1 #5): Device with address F8:5F:12:9D:D2:EE was not found.
[2026-05-30T11:18:02] [INFO] [calypso-direct] [BLE_SCAN] Reconnecting in 60s...
[2026-05-30T11:19:02] [INFO] [calypso-direct] [BLE_SCAN] Connecting to Calypso F8:5F:12:9D:D2:EE...
[2026-05-30T11:19:23] [ERROR] [calypso-direct] [ERROR] BLE error (L1 #6): Device with address F8:5F:12:9D:D2:EE was not found.
[2026-05-30T11:19:23] [INFO] [calypso-direct] [BLE_SCAN] Reconnecting in 60s...
[2026-05-30T11:20:23] [INFO] [calypso-direct] [BLE_SCAN] Connecting to Calypso F8:5F:12:9D:D2:EE...
[2026-05-30T11:20:43] [ERROR] [calypso-direct] [ERROR] BLE error (L1 #7): Device with address F8:5F:12:9D:D2:EE was not found.
[2026-05-30T11:20:43] [INFO] [calypso-direct] [BLE_SCAN] Reconnecting in 60s...
[2026-05-30T11:21:43] [INFO] [calypso-direct] [BLE_SCAN] Connecting to Calypso F8:5F:12:9D:D2:EE...
[2026-05-30T11:22:03] [ERROR] [calypso-direct] [ERROR] BLE error (L1 #8): Device with address F8:5F:12:9D:D2:EE was not found.
[2026-05-30T11:22:03] [INFO] [calypso-direct] [BLE_SCAN] Reconnecting in 60s...
[2026-05-30T11:23:03] [INFO] [calypso-direct] [BLE_SCAN] Connecting to Calypso F8:5F:12:9D:D2:EE...
[2026-05-30T11:23:23] [ERROR] [calypso-direct] [ERROR] BLE error (L1 #9): Device with address F8:5F:12:9D:D2:EE was not found.
[2026-05-30T11:23:23] [INFO] [calypso-direct] [BLE_SCAN] Reconnecting in 60s...
[2026-05-30T11:24:23] [INFO] [calypso-direct] [BLE_SCAN] Connecting to Calypso F8:5F:12:9D:D2:EE...
[2026-05-30T11:24:43] [ERROR] [calypso-direct] [ERROR] BLE error (L1 #10): Device with address F8:5F:12:9D:D2:EE was not found.
[2026-05-30T11:24:43] [INFO] [calypso-direct] [BLE_SCAN] Reconnecting in 60s...
[2026-05-30T11:25:43] [INFO] [calypso-direct] [BLE_SCAN] Connecting to Calypso F8:5F:12:9D:D2:EE...
[2026-05-30T11:26:03] [ERROR] [calypso-direct] [ERROR] BLE error (L1 #11): Device with address F8:5F:12:9D:D2:EE was not found.
[2026-05-30T11:26:04] [INFO] [calypso-direct] [main] [STARTUP] ==========================================================
[2026-05-30T11:26:04] [INFO] [calypso-direct] [main] [STARTUP] calypso_direct — Calypso UP10 BLE Driver
[2026-05-30T11:26:04] [INFO] [calypso-direct] [main] [STARTUP] MAC=F8:5F:12:9D:D2:EE Rate=4Hz SK=UDP:4123
[2026-05-30T11:26:04] [INFO] [calypso-direct] [main] [STARTUP] Timeout=60s L2_threshold=20
[2026-05-30T11:26:04] [INFO] [calypso-direct] [main] [STARTUP] ==========================================================
[2026-05-30T11:26:04] [INFO] [calypso-direct] [main] [BLE_SCAN] Connecting to Calypso F8:5F:12:9D:D2:EE...
[2026-05-30T11:26:24] [ERROR] [calypso-direct] [main] [ERROR] BLE error (L1 #1): Device with address F8:5F:12:9D:D2:EE was not found.
[2026-05-30T11:26:24] [INFO] [calypso-direct] [main] [BLE_SCAN] Reconnecting in 5s...
[2026-05-30T11:26:29] [INFO] [calypso-direct] [main] [BLE_SCAN] Connecting to Calypso F8:5F:12:9D:D2:EE...
[2026-05-30T11:26:49] [ERROR] [calypso-direct] [main] [ERROR] BLE error (L1 #2): Device with address F8:5F:12:9D:D2:EE was not found.
[2026-05-30T11:26:49] [INFO] [calypso-direct] [main] [BLE_SCAN] Reconnecting in 10s...
[2026-05-30T11:26:59] [INFO] [calypso-direct] [main] [BLE_SCAN] Connecting to Calypso F8:5F:12:9D:D2:EE...
[2026-05-30T11:27:19] [ERROR] [calypso-direct] [main] [ERROR] BLE error (L1 #3): Device with address F8:5F:12:9D:D2:EE was not found.
[2026-05-30T11:27:19] [INFO] [calypso-direct] [main] [BLE_SCAN] Reconnecting in 20s...
[2026-05-30T11:27:39] [INFO] [calypso-direct] [main] [BLE_SCAN] Connecting to Calypso F8:5F:12:9D:D2:EE...
[2026-05-30T11:27:59] [ERROR] [calypso-direct] [main] [ERROR] BLE error (L1 #4): Device with address F8:5F:12:9D:D2:EE was not found.
[2026-05-30T11:27:59] [INFO] [calypso-direct] [main] [BLE_SCAN] Reconnecting in 40s...
[2026-05-30T11:28:39] [INFO] [calypso-direct] [main] [BLE_SCAN] Connecting to Calypso F8:5F:12:9D:D2:EE...
[2026-05-30T11:28:59] [ERROR] [calypso-direct] [main] [ERROR] BLE error (L1 #5): Device with address F8:5F:12:9D:D2:EE was not found.
[2026-05-30T11:28:59] [INFO] [calypso-direct] [main] [BLE_SCAN] Reconnecting in 60s...
[2026-05-30T11:29:59] [INFO] [calypso-direct] [main] [BLE_SCAN] Connecting to Calypso F8:5F:12:9D:D2:EE...
[2026-05-30T11:30:19] [ERROR] [calypso-direct] [main] [ERROR] BLE error (L1 #6): Device with address F8:5F:12:9D:D2:EE was not found.
[2026-05-30T11:30:19] [INFO] [calypso-direct] [main] [BLE_SCAN] Reconnecting in 60s...
[2026-05-30T11:31:19] [INFO] [calypso-direct] [main] [BLE_SCAN] Connecting to Calypso F8:5F:12:9D:D2:EE...
[2026-05-30T11:31:39] [ERROR] [calypso-direct] [main] [ERROR] BLE error (L1 #7): Device with address F8:5F:12:9D:D2:EE was not found.
[2026-05-30T11:31:39] [INFO] [calypso-direct] [main] [BLE_SCAN] Reconnecting in 60s...
[2026-05-30T11:32:39] [INFO] [calypso-direct] [main] [BLE_SCAN] Connecting to Calypso F8:5F:12:9D:D2:EE...
[2026-05-30T11:33:00] [ERROR] [calypso-direct] [main] [ERROR] BLE error (L1 #8): Device with address F8:5F:12:9D:D2:EE was not found.
[2026-05-30T11:33:00] [INFO] [calypso-direct] [main] [BLE_SCAN] Reconnecting in 60s...
[2026-05-30T11:34:00] [INFO] [calypso-direct] [main] [BLE_SCAN] Connecting to Calypso F8:5F:12:9D:D2:EE...
[2026-05-30T11:34:20] [ERROR] [calypso-direct] [main] [ERROR] BLE error (L1 #9): Device with address F8:5F:12:9D:D2:EE was not found.
[2026-05-30T11:34:20] [INFO] [calypso-direct] [main] [BLE_SCAN] Reconnecting in 60s...
[2026-05-30T11:35:20] [INFO] [calypso-direct] [main] [BLE_SCAN] Connecting to Calypso F8:5F:12:9D:D2:EE...
[2026-05-30T11:35:40] [ERROR] [calypso-direct] [main] [ERROR] BLE error (L1 #10): Device with address F8:5F:12:9D:D2:EE was not found.
[2026-05-30T11:35:40] [INFO] [calypso-direct] [main] [BLE_SCAN] Reconnecting in 60s...
[2026-05-30T11:36:40] [INFO] [calypso-direct] [main] [BLE_SCAN] Connecting to Calypso F8:5F:12:9D:D2:EE...
[2026-05-30T11:37:00] [ERROR] [calypso-direct] [main] [ERROR] BLE error (L1 #11): Device with address F8:5F:12:9D:D2:EE was not found.
[2026-05-30T11:37:00] [INFO] [calypso-direct] [main] [BLE_SCAN] Reconnecting in 60s...
[2026-05-30T11:38:00] [INFO] [calypso-direct] [main] [BLE_SCAN] Connecting to Calypso F8:5F:12:9D:D2:EE...
[2026-05-30T11:38:20] [ERROR] [calypso-direct] [main] [ERROR] BLE error (L1 #12): Device with address F8:5F:12:9D:D2:EE was not found.
[2026-05-30T11:38:20] [INFO] [calypso-direct] [main] [BLE_SCAN] Reconnecting in 60s...
[2026-05-30T11:39:20] [INFO] [calypso-direct] [main] [BLE_SCAN] Connecting to Calypso F8:5F:12:9D:D2:EE...
[2026-05-30T11:39:40] [ERROR] [calypso-direct] [main] [ERROR] BLE error (L1 #13): Device with address F8:5F:12:9D:D2:EE was not found.
[2026-05-30T11:39:40] [INFO] [calypso-direct] [main] [BLE_SCAN] Reconnecting in 60s...
[2026-05-30T11:40:40] [INFO] [calypso-direct] [main] [BLE_SCAN] Connecting to Calypso F8:5F:12:9D:D2:EE...
[2026-05-30T11:41:00] [ERROR] [calypso-direct] [main] [ERROR] BLE error (L1 #14): Device with address F8:5F:12:9D:D2:EE was not found.
[2026-05-30T11:41:00] [INFO] [calypso-direct] [main] [BLE_SCAN] Reconnecting in 60s...
[2026-05-30T11:42:00] [INFO] [calypso-direct] [main] [BLE_SCAN] Connecting to Calypso F8:5F:12:9D:D2:EE...
[2026-05-30T11:42:20] [ERROR] [calypso-direct] [main] [ERROR] BLE error (L1 #15): Device with address F8:5F:12:9D:D2:EE was not found.
[2026-05-30T11:42:20] [INFO] [calypso-direct] [main] [BLE_SCAN] Reconnecting in 60s...
[2026-05-30T11:43:20] [INFO] [calypso-direct] [main] [BLE_SCAN] Connecting to Calypso F8:5F:12:9D:D2:EE...
[2026-05-30T11:43:40] [ERROR] [calypso-direct] [main] [ERROR] BLE error (L1 #16): Device with address F8:5F:12:9D:D2:EE was not found.
[2026-05-30T11:43:40] [INFO] [calypso-direct] [main] [BLE_SCAN] Reconnecting in 60s...
[2026-05-30T11:44:40] [INFO] [calypso-direct] [main] [BLE_SCAN] Connecting to Calypso F8:5F:12:9D:D2:EE...
[2026-05-30T11:45:00] [ERROR] [calypso-direct] [main] [ERROR] BLE error (L1 #17): Device with address F8:5F:12:9D:D2:EE was not found.
[2026-05-30T11:45:00] [INFO] [calypso-direct] [main] [BLE_SCAN] Reconnecting in 60s...
[2026-05-30T11:46:00] [INFO] [calypso-direct] [main] [BLE_SCAN] Connecting to Calypso F8:5F:12:9D:D2:EE...
[2026-05-30T11:46:20] [ERROR] [calypso-direct] [main] [ERROR] BLE error (L1 #18): Device with address F8:5F:12:9D:D2:EE was not found.
[2026-05-30T11:46:20] [INFO] [calypso-direct] [main] [BLE_SCAN] Reconnecting in 60s...
[2026-05-30T11:47:20] [INFO] [calypso-direct] [main] [BLE_SCAN] Connecting to Calypso F8:5F:12:9D:D2:EE...
[2026-05-30T11:47:41] [ERROR] [calypso-direct] [main] [ERROR] BLE error (L1 #19): Device with address F8:5F:12:9D:D2:EE was not found.
[2026-05-30T11:47:41] [INFO] [calypso-direct] [main] [BLE_SCAN] Reconnecting in 60s...
[2026-05-30T11:48:41] [INFO] [calypso-direct] [main] [BLE_SCAN] Connecting to Calypso F8:5F:12:9D:D2:EE...
[2026-05-30T11:49:01] [ERROR] [calypso-direct] [main] [ERROR] BLE error (L1 #20): Device with address F8:5F:12:9D:D2:EE was not found.
[2026-05-30T17:09:57] [INFO] [calypso-direct] [acquire_singleton] Singleton acquired (PID 1218)
[2026-05-30T17:09:58] [INFO] [calypso-direct] [main] [STARTUP] ==========================================================
[2026-05-30T17:09:58] [INFO] [calypso-direct] [main] [STARTUP] calypso_direct — Calypso UP10 BLE Driver
[2026-05-30T17:09:58] [INFO] [calypso-direct] [main] [STARTUP] MAC=F8:5F:12:9D:D2:EE Rate=4Hz SK=UDP:4123
[2026-05-30T17:09:58] [INFO] [calypso-direct] [main] [STARTUP] Timeout=60s L2_threshold=20
[2026-05-30T17:09:58] [INFO] [calypso-direct] [main] [STARTUP] ==========================================================
[2026-05-30T17:09:58] [INFO] [calypso-direct] [main] [BLE_SCAN] Connecting to Calypso F8:5F:12:9D:D2:EE...
[2026-05-30T18:01:06] [INFO] [calypso-direct] [_stop] Signal 15 — stopping cleanly (BLE disconnect will follow)
[2026-05-30T18:01:05] [INFO] [calypso-direct] [acquire_singleton] Singleton acquired (PID 1205)
[2026-05-30T18:01:05] [INFO] [calypso-direct] [main] [STARTUP] ==========================================================
[2026-05-30T18:01:05] [INFO] [calypso-direct] [main] [STARTUP] calypso_direct — Calypso UP10 BLE Driver
[2026-05-30T18:01:05] [INFO] [calypso-direct] [main] [STARTUP] MAC=F8:5F:12:9D:D2:EE Rate=4Hz SK=UDP:4123
[2026-05-30T18:01:05] [INFO] [calypso-direct] [main] [STARTUP] Timeout=60s L2_threshold=20
[2026-05-30T18:01:05] [INFO] [calypso-direct] [main] [STARTUP] ==========================================================
[2026-05-30T18:01:05] [INFO] [calypso-direct] [main] [BLE_SCAN] Connecting to Calypso F8:5F:12:9D:D2:EE...
[2026-05-30T18:01:16] [INFO] [calypso-direct] [main] [BLE_CONNECT] Connected ✅
[2026-05-30T18:01:16] [WARNING] [calypso-direct] [configure_device] [CONFIG_WRITE] NORMAL mode failed: Characteristic 0000a001-0000-1000-8000-00805f9b34fb does not support write operations!
[2026-05-30T18:01:17] [INFO] [calypso-direct] [configure_device] [CONFIG_WRITE] 4 Hz ✅
[2026-05-30T18:01:18] [INFO] [calypso-direct] [configure_device] [CONFIG_WRITE] compass OFF (prevents sentinel -90/-90/360) ✅
[2026-05-30T18:01:20] [INFO] [calypso-direct] [main] [DATA_IN] Receiving Calypso wind data...
[2026-05-30T18:01:20] [INFO] [calypso-direct] [on_notify] [DATA_FIRST] First packet: [120, 0, 35, 0, 10, 100, 0, 0, 0, 0] (10 bytes)
[2026-05-30T18:01:20] [DEBUG] [calypso-direct] [on_notify] [DATA_IN] AWS=2.3kt AWA=35° Batt=100% Temp=0°C
[2026-05-30T18:01:20] [DEBUG] [calypso-direct] [on_notify] [DATA_IN] AWS=2.1kt AWA=32° Batt=100% Temp=0°C
[2026-05-30T18:01:20] [DEBUG] [calypso-direct] [on_notify] [DATA_IN] AWS=1.9kt AWA=30° Batt=100% Temp=0°C
[2026-05-30T18:01:21] [DEBUG] [calypso-direct] [on_notify] [DATA_IN] AWS=1.7kt AWA=30° Batt=100% Temp=0°C
[2026-05-30T18:01:21] [DEBUG] [calypso-direct] [on_notify] [DATA_IN] AWS=1.7kt AWA=30° Batt=100% Temp=0°C
[2026-05-30T18:01:21] [DEBUG] [calypso-direct] [on_notify] [DATA_IN] AWS=1.7kt AWA=30° Batt=100% Temp=0°C
[2026-05-30T18:01:21] [DEBUG] [calypso-direct] [on_notify] [DATA_IN] AWS=1.7kt AWA=30° Batt=100% Temp=0°C
[2026-05-30T18:01:22] [DEBUG] [calypso-direct] [on_notify] [DATA_IN] AWS=1.9kt AWA=41° Batt=100% Temp=0°C
[2026-05-30T18:01:22] [DEBUG] [calypso-direct] [on_notify] [DATA_IN] AWS=2.3kt AWA=41° Batt=100% Temp=0°C
[2026-05-30T18:01:22] [DEBUG] [calypso-direct] [on_notify] [DATA_IN] AWS=2.5kt AWA=42° Batt=100% Temp=0°C
[2026-05-30T18:01:22] [DEBUG] [calypso-direct] [on_notify] [DATA_IN] AWS=2.7kt AWA=41° Batt=100% Temp=0°C
[2026-05-30T18:01:23] [DEBUG] [calypso-direct] [on_notify] [DATA_IN] AWS=2.9kt AWA=42° Batt=100% Temp=0°C
[2026-05-30T18:01:23] [DEBUG] [calypso-direct] [on_notify] [DATA_IN] AWS=2.9kt AWA=42° Batt=100% Temp=0°C
[2026-05-30T18:01:23] [DEBUG] [calypso-direct] [on_notify] [DATA_IN] AWS=2.9kt AWA=43° Batt=100% Temp=0°C
[2026-05-30T18:01:23] [DEBUG] [calypso-direct] [on_notify] [DATA_IN] AWS=2.9kt AWA=43° Batt=100% Temp=0°C
[2026-05-30T18:01:24] [DEBUG] [calypso-direct] [on_notify] [DATA_IN] AWS=2.7kt AWA=45° Batt=100% Temp=0°C
[2026-05-30T18:01:24] [DEBUG] [calypso-direct] [on_notify] [DATA_IN] AWS=2.5kt AWA=45° Batt=100% Temp=0°C
[2026-05-30T18:01:24] [DEBUG] [calypso-direct] [on_notify] [DATA_IN] AWS=2.5kt AWA=44° Batt=100% Temp=0°C
[2026-05-30T18:01:25] [DEBUG] [calypso-direct] [on_notify] [DATA_IN] AWS=2.5kt AWA=44° Batt=100% Temp=0°C
[2026-05-30T18:01:25] [DEBUG] [calypso-direct] [on_notify] [DATA_IN] AWS=2.5kt AWA=43° Batt=100% Temp=0°C
[2026-05-30T18:01:25] [DEBUG] [calypso-direct] [on_notify] [DATA_IN] AWS=2.5kt AWA=43° Batt=100% Temp=0°C
[2026-05-30T18:01:25] [DEBUG] [calypso-direct] [on_notify] [DATA_IN] AWS=2.5kt AWA=44° Batt=100% Temp=0°C
[2026-05-30T18:01:26] [DEBUG] [calypso-direct] [on_notify] [DATA_IN] AWS=2.3kt AWA=45° Batt=100% Temp=0°C
[2026-05-30T18:01:26] [DEBUG] [calypso-direct] [on_notify] [DATA_IN] AWS=2.3kt AWA=45° Batt=100% Temp=0°C
[2026-05-30T18:01:26] [DEBUG] [calypso-direct] [on_notify] [DATA_IN] AWS=2.3kt AWA=45° Batt=100% Temp=0°C
[2026-05-30T18:01:26] [DEBUG] [calypso-direct] [on_notify] [DATA_IN] AWS=2.5kt AWA=44° Batt=100% Temp=0°C
[2026-05-30T18:01:27] [DEBUG] [calypso-direct] [on_notify] [DATA_IN] AWS=3.1kt AWA=44° Batt=100% Temp=0°C
[2026-05-30T18:01:27] [DEBUG] [calypso-direct] [on_notify] [DATA_IN] AWS=3.1kt AWA=44° Batt=100% Temp=0°C
[2026-05-30T18:01:27] [DEBUG] [calypso-direct] [on_notify] [DATA_IN] AWS=3.1kt AWA=45° Batt=100% Temp=0°C
[2026-05-30T18:01:27] [DEBUG] [calypso-direct] [on_notify] [DATA_IN] AWS=3.1kt AWA=45° Batt=100% Temp=0°C
[2026-05-30T18:01:27] [DEBUG] [calypso-direct] [on_notify] [DATA_IN] AWS=2.9kt AWA=45° Batt=100% Temp=0°C
[2026-05-30T18:01:28] [DEBUG] [calypso-direct] [on_notify] [DATA_IN] AWS=2.7kt AWA=44° Batt=100% Temp=0°C
[2026-05-30T18:01:28] [DEBUG] [calypso-direct] [on_notify] [DATA_IN] AWS=2.3kt AWA=40° Batt=100% Temp=0°C
[2026-05-30T18:01:28] [DEBUG] [calypso-direct] [on_notify] [DATA_IN] AWS=2.3kt AWA=39° Batt=100% Temp=0°C
[2026-05-30T18:01:28] [DEBUG] [calypso-direct] [on_notify] [DATA_IN] AWS=2.3kt AWA=39° Batt=100% Temp=0°C
[2026-05-30T18:01:29] [DEBUG] [calypso-direct] [on_notify] [DATA_IN] AWS=2.3kt AWA=39° Batt=100% Temp=0°C
[2026-05-30T18:01:30] [DEBUG] [calypso-direct] [on_notify] [DATA_IN] AWS=2.3kt AWA=38° Batt=100% Temp=0°C
[2026-05-30T18:01:30] [DEBUG] [calypso-direct] [on_notify] [DATA_IN] AWS=2.3kt AWA=38° Batt=100% Temp=0°C
[2026-05-30T18:01:30] [DEBUG] [calypso-direct] [on_notify] [DATA_IN] AWS=2.3kt AWA=38° Batt=100% Temp=0°C
[2026-05-30T18:01:30] [DEBUG] [calypso-direct] [on_notify] [DATA_IN] AWS=2.5kt AWA=42° Batt=100% Temp=0°C
[2026-05-30T18:01:30] [DEBUG] [calypso-direct] [on_notify] [DATA_IN] AWS=2.5kt AWA=44° Batt=100% Temp=0°C
[2026-05-30T18:01:30] [DEBUG] [calypso-direct] [on_notify] [DATA_IN] AWS=2.5kt AWA=49° Batt=100% Temp=0°C
[2026-05-30T18:01:30] [DEBUG] [calypso-direct] [on_notify] [DATA_IN] AWS=2.5kt AWA=49° Batt=100% Temp=0°C
[2026-05-30T18:01:30] [DEBUG] [calypso-direct] [on_notify] [DATA_IN] AWS=2.5kt AWA=49° Batt=100% Temp=0°C
[2026-05-30T18:01:31] [DEBUG] [calypso-direct] [on_notify] [DATA_IN] AWS=2.3kt AWA=46° Batt=100% Temp=0°C
[2026-05-30T18:01:31] [DEBUG] [calypso-direct] [on_notify] [DATA_IN] AWS=2.3kt AWA=41° Batt=100% Temp=0°C
[2026-05-30T18:01:31] [DEBUG] [calypso-direct] [on_notify] [DATA_IN] AWS=2.1kt AWA=41° Batt=100% Temp=0°C
[2026-05-30T18:01:31] [DEBUG] [calypso-direct] [on_notify] [DATA_IN] AWS=1.9kt AWA=39° Batt=100% Temp=0°C
[2026-05-30T18:01:32] [DEBUG] [calypso-direct] [on_notify] [DATA_IN] AWS=1.9kt AWA=39° Batt=100% Temp=0°C
[2026-05-30T18:01:32] [DEBUG] [calypso-direct] [on_notify] [DATA_IN] AWS=1.7kt AWA=39° Batt=100% Temp=0°C
[2026-05-30T18:01:32] [DEBUG] [calypso-direct] [on_notify] [DATA_IN] AWS=1.7kt AWA=39° Batt=100% Temp=0°C
[2026-05-30T18:01:33] [DEBUG] [calypso-direct] [on_notify] [DATA_IN] AWS=1.7kt AWA=39° Batt=100% Temp=0°C
[2026-05-30T18:01:33] [DEBUG] [calypso-direct] [on_notify] [DATA_IN] AWS=1.9kt AWA=41° Batt=100% Temp=0°C
[2026-05-30T18:01:33] [DEBUG] [calypso-direct] [on_notify] [DATA_IN] AWS=2.1kt AWA=45° Batt=100% Temp=0°C
[2026-05-30T18:01:33] [DEBUG] [calypso-direct] [on_notify] [DATA_IN] AWS=2.1kt AWA=46° Batt=100% Temp=0°C
[2026-05-30T18:01:34] [DEBUG] [calypso-direct] [on_notify] [DATA_IN] AWS=2.3kt AWA=46° Batt=100% Temp=0°C
[2026-05-30T18:01:34] [DEBUG] [calypso-direct] [on_notify] [DATA_IN] AWS=2.3kt AWA=47° Batt=100% Temp=0°C
[2026-05-30T18:01:34] [DEBUG] [calypso-direct] [on_notify] [DATA_IN] AWS=2.3kt AWA=47° Batt=100% Temp=0°C
[2026-05-30T18:01:34] [DEBUG] [calypso-direct] [on_notify] [DATA_IN] AWS=2.3kt AWA=47° Batt=100% Temp=0°C
[2026-05-30T18:01:35] [DEBUG] [calypso-direct] [on_notify] [DATA_IN] AWS=2.3kt AWA=44° Batt=100% Temp=0°C
[2026-05-30T18:01:35] [DEBUG] [calypso-direct] [on_notify] [DATA_IN] AWS=2.3kt AWA=44° Batt=100% Temp=0°C
[2026-05-30T18:01:35] [DEBUG] [calypso-direct] [on_notify] [DATA_IN] AWS=1.9kt AWA=38° Batt=100% Temp=0°C
[2026-05-30T18:01:35] [DEBUG] [calypso-direct] [on_notify] [DATA_IN] AWS=1.9kt AWA=37° Batt=100% Temp=0°C
[2026-05-30T18:01:36] [DEBUG] [calypso-direct] [on_notify] [DATA_IN] AWS=1.9kt AWA=35° Batt=100% Temp=0°C
[2026-05-30T18:01:36] [DEBUG] [calypso-direct] [on_notify] [DATA_IN] AWS=1.9kt AWA=35° Batt=100% Temp=0°C
[2026-05-30T18:01:36] [DEBUG] [calypso-direct] [on_notify] [DATA_IN] AWS=1.9kt AWA=35° Batt=100% Temp=0°C
[2026-05-30T18:01:37] [DEBUG] [calypso-direct] [on_notify] [DATA_IN] AWS=2.3kt AWA=37° Batt=100% Temp=0°C
[2026-05-30T18:01:37] [DEBUG] [calypso-direct] [on_notify] [DATA_IN] AWS=2.3kt AWA=42° Batt=100% Temp=0°C
[2026-05-30T18:01:37] [DEBUG] [calypso-direct] [on_notify] [DATA_IN] AWS=2.5kt AWA=44° Batt=100% Temp=0°C
[2026-05-30T18:01:37] [DEBUG] [calypso-direct] [on_notify] [DATA_IN] AWS=2.5kt AWA=44° Batt=100% Temp=0°C
[2026-05-30T18:01:37] [DEBUG] [calypso-direct] [on_notify] [DATA_IN] AWS=2.5kt AWA=44° Batt=100% Temp=0°C
[2026-05-30T18:01:38] [DEBUG] [calypso-direct] [on_notify] [DATA_IN] AWS=2.5kt AWA=44° Batt=100% Temp=0°C
[2026-05-30T18:01:38] [DEBUG] [calypso-direct] [on_notify] [DATA_IN] AWS=2.5kt AWA=41° Batt=100% Temp=0°C
[2026-05-30T18:01:38] [DEBUG] [calypso-direct] [on_notify] [DATA_IN] AWS=2.3kt AWA=39° Batt=100% Temp=0°C
[2026-05-30T18:01:38] [DEBUG] [calypso-direct] [on_notify] [DATA_IN] AWS=2.1kt AWA=38° Batt=100% Temp=0°C
[2026-05-30T18:01:39] [DEBUG] [calypso-direct] [on_notify] [DATA_IN] AWS=1.9kt AWA=32° Batt=100% Temp=0°C
[2026-05-30T18:01:39] [DEBUG] [calypso-direct] [on_notify] [DATA_IN] AWS=1.9kt AWA=29° Batt=100% Temp=0°C
[2026-05-30T18:01:39] [DEBUG] [calypso-direct] [on_notify] [DATA_IN] AWS=1.9kt AWA=27° Batt=100% Temp=0°C
[2026-05-30T18:01:39] [DEBUG] [calypso-direct] [on_notify] [DATA_IN] AWS=1.9kt AWA=27° Batt=100% Temp=0°C
[2026-05-30T18:01:40] [DEBUG] [calypso-direct] [on_notify] [DATA_IN] AWS=2.1kt AWA=29° Batt=100% Temp=0°C
[2026-05-30T18:01:40] [DEBUG] [calypso-direct] [on_notify] [DATA_IN] AWS=2.3kt AWA=37° Batt=100% Temp=0°C
[2026-05-30T18:01:40] [DEBUG] [calypso-direct] [on_notify] [DATA_IN] AWS=2.7kt AWA=38° Batt=100% Temp=0°C
[2026-05-30T18:01:41] [DEBUG] [calypso-direct] [on_notify] [DATA_IN] AWS=2.9kt AWA=42° Batt=100% Temp=0°C
[2026-05-30T18:01:41] [DEBUG] [calypso-direct] [on_notify] [DATA_IN] AWS=2.9kt AWA=42° Batt=100% Temp=0°C
[2026-05-30T18:01:41] [DEBUG] [calypso-direct] [on_notify] [DATA_IN] AWS=2.9kt AWA=42° Batt=100% Temp=0°C
[2026-05-30T18:01:41] [DEBUG] [calypso-direct] [on_notify] [DATA_IN] AWS=2.9kt AWA=40° Batt=100% Temp=0°C
[2026-05-30T18:01:42] [DEBUG] [calypso-direct] [on_notify] [DATA_IN] AWS=2.7kt AWA=39° Batt=100% Temp=0°C
[2026-05-30T18:01:42] [DEBUG] [calypso-direct] [on_notify] [DATA_IN] AWS=2.5kt AWA=37° Batt=100% Temp=0°C
[2026-05-30T18:01:42] [DEBUG] [calypso-direct] [on_notify] [DATA_IN] AWS=2.3kt AWA=32° Batt=100% Temp=0°C
[2026-05-30T18:01:42] [DEBUG] [calypso-direct] [on_notify] [DATA_IN] AWS=1.7kt AWA=32° Batt=100% Temp=0°C
[2026-05-30T18:01:42] [DEBUG] [calypso-direct] [on_notify] [DATA_IN] AWS=1.7kt AWA=32° Batt=100% Temp=0°C
[2026-05-30T18:01:43] [DEBUG] [calypso-direct] [on_notify] [DATA_IN] AWS=1.7kt AWA=32° Batt=100% Temp=0°C
[2026-05-30T18:01:43] [DEBUG] [calypso-direct] [on_notify] [DATA_IN] AWS=1.7kt AWA=32° Batt=100% Temp=0°C
[2026-05-30T18:01:43] [DEBUG] [calypso-direct] [on_notify] [DATA_IN] AWS=2.1kt AWA=21° Batt=100% Temp=0°C
[2026-05-30T18:01:43] [DEBUG] [calypso-direct] [on_notify] [DATA_IN] AWS=2.1kt AWA=21° Batt=100% Temp=0°C
[2026-05-30T18:01:44] [DEBUG] [calypso-direct] [on_notify] [DATA_IN] AWS=2.3kt AWA=24° Batt=100% Temp=0°C
[2026-05-30T18:01:44] [DEBUG] [calypso-direct] [on_notify] [DATA_IN] AWS=2.3kt AWA=28° Batt=100% Temp=0°C
[2026-05-30T18:01:44] [DEBUG] [calypso-direct] [on_notify] [DATA_IN] AWS=2.3kt AWA=28° Batt=100% Temp=0°C
[2026-05-30T18:01:44] [DEBUG] [calypso-direct] [on_notify] [DATA_IN] AWS=2.3kt AWA=28° Batt=100% Temp=0°C
[2026-05-30T18:01:45] [DEBUG] [calypso-direct] [on_notify] [DATA_IN] AWS=2.3kt AWA=26° Batt=100% Temp=0°C
[2026-05-30T18:01:45] [DEBUG] [calypso-direct] [on_notify] [DATA_IN] AWS=2.1kt AWA=23° Batt=100% Temp=0°C
[2026-05-30T18:01:45] [DEBUG] [calypso-direct] [on_notify] [DATA_IN] AWS=1.9kt AWA=17° Batt=100% Temp=0°C
[2026-05-30T18:01:45] [DEBUG] [calypso-direct] [on_notify] [DATA_IN] AWS=1.7kt AWA=17° Batt=100% Temp=0°C
[2026-05-30T18:01:46] [DEBUG] [calypso-direct] [on_notify] [DATA_IN] AWS=1.7kt AWA=17° Batt=100% Temp=0°C
[2026-05-30T18:01:46] [DEBUG] [calypso-direct] [on_notify] [DATA_IN] AWS=1.7kt AWA=17° Batt=100% Temp=0°C
[2026-05-30T18:01:46] [DEBUG] [calypso-direct] [on_notify] [DATA_IN] AWS=1.7kt AWA=17° Batt=100% Temp=0°C
[2026-05-30T18:01:47] [DEBUG] [calypso-direct] [on_notify] [DATA_IN] AWS=1.9kt AWA=21° Batt=100% Temp=0°C
[2026-05-30T18:01:47] [DEBUG] [calypso-direct] [on_notify] [DATA_IN] AWS=1.9kt AWA=31° Batt=100% Temp=0°C
[2026-05-30T18:01:47] [DEBUG] [calypso-direct] [on_notify] [DATA_IN] AWS=2.1kt AWA=31° Batt=100% Temp=0°C
[2026-05-30T18:01:47] [DEBUG] [calypso-direct] [on_notify] [DATA_IN] AWS=2.3kt AWA=33° Batt=100% Temp=0°C
[2026-05-30T18:01:48] [DEBUG] [calypso-direct] [on_notify] [DATA_IN] AWS=2.3kt AWA=34° Batt=100% Temp=0°C
[2026-05-30T18:01:48] [DEBUG] [calypso-direct] [on_notify] [DATA_IN] AWS=2.3kt AWA=34° Batt=100% Temp=0°C
[2026-05-30T18:01:48] [DEBUG] [calypso-direct] [on_notify] [DATA_IN] AWS=2.3kt AWA=34° Batt=100% Temp=0°C
[2026-05-30T18:01:48] [DEBUG] [calypso-direct] [on_notify] [DATA_IN] AWS=2.3kt AWA=35° Batt=100% Temp=0°C
[2026-05-30T18:01:49] [DEBUG] [calypso-direct] [on_notify] [DATA_IN] AWS=2.5kt AWA=35° Batt=100% Temp=0°C
[2026-05-30T18:01:49] [DEBUG] [calypso-direct] [on_notify] [DATA_IN] AWS=2.5kt AWA=37° Batt=100% Temp=0°C
[2026-05-30T18:01:49] [DEBUG] [calypso-direct] [on_notify] [DATA_IN] AWS=2.5kt AWA=37° Batt=100% Temp=0°C
[2026-05-30T18:01:49] [DEBUG] [calypso-direct] [on_notify] [DATA_IN] AWS=2.3kt AWA=33° Batt=100% Temp=0°C
[2026-05-30T18:01:50] [DEBUG] [calypso-direct] [on_notify] [DATA_IN] AWS=2.3kt AWA=31° Batt=100% Temp=0°C
[2026-05-30T18:01:50] [DEBUG] [calypso-direct] [on_notify] [DATA_IN] AWS=2.3kt AWA=31° Batt=100% Temp=0°C
[2026-05-30T18:01:50] [DEBUG] [calypso-direct] [on_notify] [DATA_IN] AWS=2.3kt AWA=30° Batt=100% Temp=0°C
[2026-05-30T18:01:51] [DEBUG] [calypso-direct] [on_notify] [DATA_IN] AWS=2.1kt AWA=31° Batt=100% Temp=0°C
[2026-05-30T18:01:51] [DEBUG] [calypso-direct] [on_notify] [DATA_IN] AWS=2.1kt AWA=33° Batt=100% Temp=0°C
[2026-05-30T18:01:51] [DEBUG] [calypso-direct] [on_notify] [DATA_IN] AWS=2.1kt AWA=33° Batt=100% Temp=0°C
[2026-05-30T18:01:51] [DEBUG] [calypso-direct] [on_notify] [DATA_IN] AWS=2.1kt AWA=32° Batt=100% Temp=0°C
[2026-05-30T18:01:52] [DEBUG] [calypso-direct] [on_notify] [DATA_IN] AWS=1.9kt AWA=33° Batt=100% Temp=0°C
[2026-05-30T18:01:52] [DEBUG] [calypso-direct] [on_notify] [DATA_IN] AWS=1.9kt AWA=32° Batt=100% Temp=0°C
[2026-05-30T18:01:52] [DEBUG] [calypso-direct] [on_notify] [DATA_IN] AWS=1.9kt AWA=31° Batt=100% Temp=0°C
[2026-05-30T18:01:52] [DEBUG] [calypso-direct] [on_notify] [DATA_IN] AWS=1.7kt AWA=31° Batt=100% Temp=0°C
[2026-05-30T18:01:52] [DEBUG] [calypso-direct] [on_notify] [DATA_IN] AWS=1.2kt AWA=31° Batt=100% Temp=0°C
[2026-05-30T18:01:52] [DEBUG] [calypso-direct] [on_notify] [DATA_IN] AWS=1.0kt AWA=31° Batt=100% Temp=0°C
[2026-05-30T18:01:53] [DEBUG] [calypso-direct] [on_notify] [DATA_IN] AWS=1.0kt AWA=31° Batt=100% Temp=0°C
[2026-05-30T18:01:53] [DEBUG] [calypso-direct] [on_notify] [DATA_IN] AWS=1.0kt AWA=31° Batt=100% Temp=0°C
[2026-05-30T18:01:53] [DEBUG] [calypso-direct] [on_notify] [DATA_IN] AWS=1.2kt AWA=31° Batt=100% Temp=0°C
[2026-05-30T18:01:53] [DEBUG] [calypso-direct] [on_notify] [DATA_IN] AWS=1.9kt AWA=33° Batt=100% Temp=0°C
[2026-05-30T18:01:54] [DEBUG] [calypso-direct] [on_notify] [DATA_IN] AWS=2.1kt AWA=32° Batt=100% Temp=0°C
[2026-05-30T18:01:54] [DEBUG] [calypso-direct] [on_notify] [DATA_IN] AWS=2.1kt AWA=32° Batt=100% Temp=0°C
[2026-05-30T18:01:54] [DEBUG] [calypso-direct] [on_notify] [DATA_IN] AWS=2.1kt AWA=32° Batt=100% Temp=0°C
[2026-05-30T18:01:54] [DEBUG] [calypso-direct] [on_notify] [DATA_IN] AWS=1.9kt AWA=30° Batt=100% Temp=0°C
[2026-05-30T18:01:55] [DEBUG] [calypso-direct] [on_notify] [DATA_IN] AWS=1.9kt AWA=32° Batt=100% Temp=0°C
[2026-05-30T18:01:55] [DEBUG] [calypso-direct] [on_notify] [DATA_IN] AWS=1.9kt AWA=31° Batt=100% Temp=0°C
[2026-05-30T18:01:55] [DEBUG] [calypso-direct] [on_notify] [DATA_IN] AWS=1.9kt AWA=31° Batt=100% Temp=0°C
[2026-05-30T18:01:56] [DEBUG] [calypso-direct] [on_notify] [DATA_IN] AWS=2.1kt AWA=31° Batt=100% Temp=0°C
[2026-05-30T18:01:56] [DEBUG] [calypso-direct] [on_notify] [DATA_IN] AWS=2.1kt AWA=31° Batt=100% Temp=0°C
[2026-05-30T18:01:56] [DEBUG] [calypso-direct] [on_notify] [DATA_IN] AWS=2.1kt AWA=31° Batt=100% Temp=0°C
[2026-05-30T18:01:56] [DEBUG] [calypso-direct] [on_notify] [DATA_IN] AWS=2.1kt AWA=31° Batt=100% Temp=0°C
[2026-05-30T18:01:57] [DEBUG] [calypso-direct] [on_notify] [DATA_IN] AWS=2.1kt AWA=31° Batt=100% Temp=0°C
[2026-05-30T18:01:57] [DEBUG] [calypso-direct] [on_notify] [DATA_IN] AWS=1.9kt AWA=32° Batt=100% Temp=0°C
[2026-05-30T18:01:58] [DEBUG] [calypso-direct] [on_notify] [DATA_IN] AWS=1.9kt AWA=33° Batt=100% Temp=0°C
[2026-05-30T18:01:58] [DEBUG] [calypso-direct] [on_notify] [DATA_IN] AWS=1.7kt AWA=33° Batt=100% Temp=0°C
[2026-05-30T18:01:58] [DEBUG] [calypso-direct] [on_notify] [DATA_IN] AWS=1.7kt AWA=33° Batt=100% Temp=0°C
[2026-05-30T18:01:58] [DEBUG] [calypso-direct] [on_notify] [DATA_IN] AWS=1.7kt AWA=33° Batt=100% Temp=0°C
[2026-05-30T18:01:58] [DEBUG] [calypso-direct] [on_notify] [DATA_IN] AWS=1.6kt AWA=33° Batt=100% Temp=0°C
[2026-05-30T18:01:58] [DEBUG] [calypso-direct] [on_notify] [DATA_IN] AWS=1.6kt AWA=33° Batt=100% Temp=0°C
[2026-05-30T18:01:58] [DEBUG] [calypso-direct] [on_notify] [DATA_IN] AWS=1.6kt AWA=33° Batt=100% Temp=0°C
[2026-05-30T18:01:59] [DEBUG] [calypso-direct] [on_notify] [DATA_IN] AWS=1.6kt AWA=33° Batt=100% Temp=0°C
[2026-05-30T18:01:59] [DEBUG] [calypso-direct] [on_notify] [DATA_IN] AWS=1.4kt AWA=33° Batt=100% Temp=0°C
[2026-05-30T18:01:59] [DEBUG] [calypso-direct] [on_notify] [DATA_IN] AWS=1.4kt AWA=33° Batt=100% Temp=0°C
[2026-05-30T18:02:00] [DEBUG] [calypso-direct] [on_notify] [DATA_IN] AWS=1.4kt AWA=33° Batt=100% Temp=0°C
[2026-05-30T18:02:00] [DEBUG] [calypso-direct] [on_notify] [DATA_IN] AWS=1.6kt AWA=33° Batt=100% Temp=0°C
[2026-05-30T18:02:00] [DEBUG] [calypso-direct] [on_notify] [DATA_IN] AWS=1.6kt AWA=33° Batt=100% Temp=0°C
[2026-05-30T18:02:00] [DEBUG] [calypso-direct] [on_notify] [DATA_IN] AWS=1.6kt AWA=33° Batt=100% Temp=0°C
[2026-05-30T18:02:00] [DEBUG] [calypso-direct] [on_notify] [DATA_IN] AWS=1.6kt AWA=33° Batt=100% Temp=0°C
[2026-05-30T18:02:01] [DEBUG] [calypso-direct] [on_notify] [DATA_IN] AWS=1.6kt AWA=33° Batt=100% Temp=0°C
[2026-05-30T18:02:01] [DEBUG] [calypso-direct] [on_notify] [DATA_IN] AWS=1.6kt AWA=33° Batt=100% Temp=0°C
[2026-05-30T18:02:01] [DEBUG] [calypso-direct] [on_notify] [DATA_IN] AWS=1.7kt AWA=33° Batt=100% Temp=0°C
[2026-05-30T18:02:01] [DEBUG] [calypso-direct] [on_notify] [DATA_IN] AWS=1.7kt AWA=33° Batt=100% Temp=0°C
[2026-05-30T18:02:01] [DEBUG] [calypso-direct] [on_notify] [DATA_IN] AWS=1.7kt AWA=33° Batt=100% Temp=0°C
[2026-05-30T18:02:02] [DEBUG] [calypso-direct] [on_notify] [DATA_IN] AWS=1.7kt AWA=33° Batt=100% Temp=0°C
[2026-05-30T18:02:02] [DEBUG] [calypso-direct] [on_notify] [DATA_IN] AWS=1.7kt AWA=33° Batt=100% Temp=0°C
[2026-05-30T18:02:02] [DEBUG] [calypso-direct] [on_notify] [DATA_IN] AWS=1.7kt AWA=33° Batt=100% Temp=0°C
[2026-05-30T18:02:03] [DEBUG] [calypso-direct] [on_notify] [DATA_IN] AWS=1.7kt AWA=33° Batt=100% Temp=0°C
[2026-05-30T18:02:03] [DEBUG] [calypso-direct] [on_notify] [DATA_IN] AWS=1.7kt AWA=33° Batt=100% Temp=0°C
[2026-05-30T18:02:03] [DEBUG] [calypso-direct] [on_notify] [DATA_IN] AWS=1.7kt AWA=33° Batt=100% Temp=0°C
[2026-05-30T18:02:03] [DEBUG] [calypso-direct] [on_notify] [DATA_IN] AWS=1.6kt AWA=33° Batt=100% Temp=0°C
[2026-05-30T18:02:04] [DEBUG] [calypso-direct] [on_notify] [DATA_IN] AWS=1.6kt AWA=33° Batt=100% Temp=0°C
[2026-05-30T18:02:04] [DEBUG] [calypso-direct] [on_notify] [DATA_IN] AWS=1.6kt AWA=33° Batt=100% Temp=0°C
[2026-05-30T18:02:04] [DEBUG] [calypso-direct] [on_notify] [DATA_IN] AWS=1.7kt AWA=33° Batt=100% Temp=0°C
[2026-05-30T18:02:04] [DEBUG] [calypso-direct] [on_notify] [DATA_IN] AWS=1.7kt AWA=33° Batt=100% Temp=0°C
[2026-05-30T18:02:05] [DEBUG] [calypso-direct] [on_notify] [DATA_IN] AWS=1.7kt AWA=33° Batt=100% Temp=0°C
[2026-05-30T18:02:05] [DEBUG] [calypso-direct] [on_notify] [DATA_IN] AWS=1.7kt AWA=33° Batt=100% Temp=0°C
[2026-05-30T18:02:05] [DEBUG] [calypso-direct] [on_notify] [DATA_IN] AWS=1.7kt AWA=33° Batt=100% Temp=0°C
[2026-05-30T18:02:05] [DEBUG] [calypso-direct] [on_notify] [DATA_IN] AWS=1.7kt AWA=33° Batt=100% Temp=0°C
[2026-05-30T18:02:06] [DEBUG] [calypso-direct] [on_notify] [DATA_IN] AWS=1.6kt AWA=33° Batt=100% Temp=0°C
[2026-05-30T18:02:06] [DEBUG] [calypso-direct] [on_notify] [DATA_IN] AWS=1.4kt AWA=33° Batt=100% Temp=0°C
[2026-05-30T18:02:06] [DEBUG] [calypso-direct] [on_notify] [DATA_IN] AWS=1.4kt AWA=33° Batt=100% Temp=0°C
[2026-05-30T18:02:06] [DEBUG] [calypso-direct] [on_notify] [DATA_IN] AWS=1.4kt AWA=33° Batt=100% Temp=0°C
[2026-05-30T18:02:07] [DEBUG] [calypso-direct] [on_notify] [DATA_IN] AWS=1.2kt AWA=33° Batt=100% Temp=0°C
[2026-05-30T18:02:07] [DEBUG] [calypso-direct] [on_notify] [DATA_IN] AWS=1.4kt AWA=33° Batt=100% Temp=0°C
[2026-05-30T18:02:07] [DEBUG] [calypso-direct] [on_notify] [DATA_IN] AWS=1.4kt AWA=33° Batt=100% Temp=0°C
[2026-05-30T18:02:07] [DEBUG] [calypso-direct] [on_notify] [DATA_IN] AWS=1.4kt AWA=33° Batt=100% Temp=0°C
[2026-05-30T18:02:08] [DEBUG] [calypso-direct] [on_notify] [DATA_IN] AWS=1.4kt AWA=33° Batt=100% Temp=0°C
[2026-05-30T18:02:08] [DEBUG] [calypso-direct] [on_notify] [DATA_IN] AWS=1.4kt AWA=33° Batt=100% Temp=0°C
[2026-05-30T18:02:08] [DEBUG] [calypso-direct] [on_notify] [DATA_IN] AWS=1.2kt AWA=33° Batt=100% Temp=0°C
[2026-05-30T18:02:09] [DEBUG] [calypso-direct] [on_notify] [DATA_IN] AWS=1.2kt AWA=33° Batt=100% Temp=0°C
[2026-05-30T18:02:09] [DEBUG] [calypso-direct] [on_notify] [DATA_IN] AWS=1.2kt AWA=33° Batt=100% Temp=0°C
[2026-05-30T18:02:09] [DEBUG] [calypso-direct] [on_notify] [DATA_IN] AWS=1.0kt AWA=33° Batt=100% Temp=0°C
[2026-05-30T18:02:09] [DEBUG] [calypso-direct] [on_notify] [DATA_IN] AWS=0.0kt AWA=0° Batt=100% Temp=0°C
[2026-05-30T18:02:10] [DEBUG] [calypso-direct] [on_notify] [DATA_IN] AWS=0.0kt AWA=0° Batt=100% Temp=0°C
[2026-05-30T18:02:10] [DEBUG] [calypso-direct] [on_notify] [DATA_IN] AWS=0.0kt AWA=0° Batt=100% Temp=0°C
[2026-05-30T18:02:10] [DEBUG] [calypso-direct] [on_notify] [DATA_IN] AWS=0.0kt AWA=0° Batt=100% Temp=0°C
[2026-05-30T18:02:11] [DEBUG] [calypso-direct] [on_notify] [DATA_IN] AWS=0.0kt AWA=0° Batt=100% Temp=0°C
[2026-05-30T18:02:11] [DEBUG] [calypso-direct] [on_notify] [DATA_IN] AWS=1.2kt AWA=33° Batt=100% Temp=0°C
[2026-05-30T18:02:11] [DEBUG] [calypso-direct] [on_notify] [DATA_IN] AWS=1.4kt AWA=33° Batt=100% Temp=0°C
[2026-05-30T18:02:11] [DEBUG] [calypso-direct] [on_notify] [DATA_IN] AWS=1.4kt AWA=33° Batt=100% Temp=0°C
[2026-05-30T18:02:11] [DEBUG] [calypso-direct] [on_notify] [DATA_IN] AWS=1.6kt AWA=33° Batt=100% Temp=0°C
[2026-05-30T18:02:11] [DEBUG] [calypso-direct] [on_notify] [DATA_IN] AWS=1.6kt AWA=33° Batt=100% Temp=0°C
[2026-05-30T18:02:12] [DEBUG] [calypso-direct] [on_notify] [DATA_IN] AWS=1.6kt AWA=33° Batt=100% Temp=0°C
[2026-05-30T18:02:12] [DEBUG] [calypso-direct] [on_notify] [DATA_IN] AWS=1.6kt AWA=33° Batt=100% Temp=0°C
[2026-05-30T18:02:12] [DEBUG] [calypso-direct] [on_notify] [DATA_IN] AWS=1.6kt AWA=33° Batt=100% Temp=0°C
[2026-05-30T18:02:13] [DEBUG] [calypso-direct] [on_notify] [DATA_IN] AWS=1.6kt AWA=33° Batt=100% Temp=0°C
[2026-05-30T18:02:13] [DEBUG] [calypso-direct] [on_notify] [DATA_IN] AWS=1.6kt AWA=33° Batt=100% Temp=0°C
[2026-05-30T18:02:13] [DEBUG] [calypso-direct] [on_notify] [DATA_IN] AWS=1.4kt AWA=33° Batt=100% Temp=0°C
[2026-05-30T18:02:13] [DEBUG] [calypso-direct] [on_notify] [DATA_IN] AWS=1.4kt AWA=33° Batt=100% Temp=0°C
[2026-05-30T18:02:13] [DEBUG] [calypso-direct] [on_notify] [DATA_IN] AWS=1.4kt AWA=33° Batt=100% Temp=0°C
[2026-05-30T18:02:14] [DEBUG] [calypso-direct] [on_notify] [DATA_IN] AWS=1.4kt AWA=33° Batt=100% Temp=0°C
[2026-05-30T18:02:14] [DEBUG] [calypso-direct] [on_notify] [DATA_IN] AWS=1.4kt AWA=33° Batt=100% Temp=0°C
[2026-05-30T18:02:14] [DEBUG] [calypso-direct] [on_notify] [DATA_IN] AWS=1.6kt AWA=33° Batt=100% Temp=0°C
[2026-05-30T18:02:14] [DEBUG] [calypso-direct] [on_notify] [DATA_IN] AWS=1.7kt AWA=33° Batt=100% Temp=0°C
[2026-05-30T18:02:15] [DEBUG] [calypso-direct] [on_notify] [DATA_IN] AWS=1.7kt AWA=33° Batt=100% Temp=0°C
[2026-05-30T18:02:15] [DEBUG] [calypso-direct] [on_notify] [DATA_IN] AWS=1.7kt AWA=33° Batt=100% Temp=0°C
[2026-05-30T18:02:15] [DEBUG] [calypso-direct] [on_notify] [DATA_IN] AWS=1.6kt AWA=33° Batt=100% Temp=0°C
[2026-05-30T18:02:15] [DEBUG] [calypso-direct] [on_notify] [DATA_IN] AWS=1.6kt AWA=33° Batt=100% Temp=0°C
[2026-05-30T18:02:16] [DEBUG] [calypso-direct] [on_notify] [DATA_IN] AWS=1.4kt AWA=33° Batt=100% Temp=0°C
[2026-05-30T18:02:16] [DEBUG] [calypso-direct] [on_notify] [DATA_IN] AWS=1.4kt AWA=33° Batt=100% Temp=0°C
[2026-05-30T18:02:16] [DEBUG] [calypso-direct] [on_notify] [DATA_IN] AWS=1.2kt AWA=33° Batt=100% Temp=0°C
[2026-05-30T18:02:16] [DEBUG] [calypso-direct] [on_notify] [DATA_IN] AWS=1.2kt AWA=33° Batt=100% Temp=0°C
[2026-05-30T18:02:17] [DEBUG] [calypso-direct] [on_notify] [DATA_IN] AWS=1.2kt AWA=33° Batt=100% Temp=0°C
[2026-05-30T18:02:17] [DEBUG] [calypso-direct] [on_notify] [DATA_IN] AWS=1.2kt AWA=33° Batt=100% Temp=0°C
[2026-05-30T18:02:17] [DEBUG] [calypso-direct] [on_notify] [DATA_IN] AWS=1.2kt AWA=33° Batt=100% Temp=0°C
[2026-05-30T18:02:18] [DEBUG] [calypso-direct] [on_notify] [DATA_IN] AWS=1.4kt AWA=33° Batt=100% Temp=0°C
[2026-05-30T18:02:18] [DEBUG] [calypso-direct] [on_notify] [DATA_IN] AWS=1.4kt AWA=33° Batt=100% Temp=0°C
[2026-05-30T18:02:18] [DEBUG] [calypso-direct] [on_notify] [DATA_IN] AWS=1.6kt AWA=33° Batt=100% Temp=0°C
[2026-05-30T18:02:18] [DEBUG] [calypso-direct] [on_notify] [DATA_IN] AWS=1.6kt AWA=33° Batt=100% Temp=0°C
[2026-05-30T18:02:19] [DEBUG] [calypso-direct] [on_notify] [DATA_IN] AWS=1.6kt AWA=33° Batt=100% Temp=0°C
[2026-05-30T18:02:19] [DEBUG] [calypso-direct] [on_notify] [DATA_IN] AWS=1.6kt AWA=33° Batt=100% Temp=0°C
[2026-05-30T18:02:19] [DEBUG] [calypso-direct] [on_notify] [DATA_IN] AWS=1.6kt AWA=33° Batt=100% Temp=0°C
[2026-05-30T18:02:19] [DEBUG] [calypso-direct] [on_notify] [DATA_IN] AWS=1.2kt AWA=33° Batt=100% Temp=0°C
[2026-05-30T18:02:20] [DEBUG] [calypso-direct] [on_notify] [DATA_IN] AWS=1.0kt AWA=33° Batt=100% Temp=0°C
[2026-05-30T18:02:20] [DEBUG] [calypso-direct] [on_notify] [DATA_IN] AWS=1.0kt AWA=33° Batt=100% Temp=0°C
[2026-05-30T18:02:20] [DEBUG] [calypso-direct] [on_notify] [DATA_IN] AWS=0.0kt AWA=0° Batt=100% Temp=0°C
[2026-05-30T18:02:20] [DEBUG] [calypso-direct] [on_notify] [DATA_IN] AWS=0.0kt AWA=0° Batt=100% Temp=0°C
[2026-05-30T18:02:20] [DEBUG] [calypso-direct] [on_notify] [DATA_IN] AWS=0.0kt AWA=0° Batt=100% Temp=0°C
[2026-05-30T18:02:21] [DEBUG] [calypso-direct] [on_notify] [DATA_IN] AWS=0.0kt AWA=0° Batt=100% Temp=0°C
[2026-05-30T18:02:21] [DEBUG] [calypso-direct] [on_notify] [DATA_IN] AWS=0.0kt AWA=0° Batt=100% Temp=0°C
[2026-05-30T18:02:21] [DEBUG] [calypso-direct] [on_notify] [DATA_IN] AWS=0.0kt AWA=0° Batt=100% Temp=0°C
[2026-05-30T18:02:22] [DEBUG] [calypso-direct] [on_notify] [DATA_IN] AWS=1.2kt AWA=33° Batt=100% Temp=0°C
[2026-05-30T18:02:22] [DEBUG] [calypso-direct] [on_notify] [DATA_IN] AWS=1.2kt AWA=33° Batt=100% Temp=0°C
[2026-05-30T18:02:22] [DEBUG] [calypso-direct] [on_notify] [DATA_IN] AWS=1.4kt AWA=33° Batt=100% Temp=0°C
[2026-05-30T18:02:22] [DEBUG] [calypso-direct] [on_notify] [DATA_IN] AWS=1.4kt AWA=33° Batt=100% Temp=0°C
[2026-05-30T18:02:22] [DEBUG] [calypso-direct] [on_notify] [DATA_IN] AWS=1.2kt AWA=33° Batt=100% Temp=0°C
[2026-05-30T18:02:23] [DEBUG] [calypso-direct] [on_notify] [DATA_IN] AWS=1.2kt AWA=33° Batt=100% Temp=0°C
[2026-05-30T18:02:23] [DEBUG] [calypso-direct] [on_notify] [DATA_IN] AWS=1.0kt AWA=33° Batt=100% Temp=0°C
[2026-05-30T18:02:23] [DEBUG] [calypso-direct] [on_notify] [DATA_IN] AWS=1.0kt AWA=33° Batt=100% Temp=0°C
[2026-05-30T18:02:23] [DEBUG] [calypso-direct] [on_notify] [DATA_IN] AWS=1.0kt AWA=33° Batt=100% Temp=0°C
[2026-05-30T18:02:24] [DEBUG] [calypso-direct] [on_notify] [DATA_IN] AWS=1.0kt AWA=33° Batt=100% Temp=0°C
[2026-05-30T18:02:24] [DEBUG] [calypso-direct] [on_notify] [DATA_IN] AWS=1.0kt AWA=33° Batt=100% Temp=0°C
[2026-05-30T18:02:24] [DEBUG] [calypso-direct] [on_notify] [DATA_IN] AWS=1.2kt AWA=33° Batt=100% Temp=0°C
[2026-05-30T18:02:24] [DEBUG] [calypso-direct] [on_notify] [DATA_IN] AWS=1.4kt AWA=33° Batt=100% Temp=0°C
[2026-05-30T18:02:25] [DEBUG] [calypso-direct] [on_notify] [DATA_IN] AWS=1.4kt AWA=33° Batt=100% Temp=0°C
[2026-05-30T18:02:25] [DEBUG] [calypso-direct] [on_notify] [DATA_IN] AWS=1.4kt AWA=33° Batt=100% Temp=0°C
[2026-05-30T18:02:25] [DEBUG] [calypso-direct] [on_notify] [DATA_IN] AWS=1.4kt AWA=33° Batt=100% Temp=0°C
[2026-05-30T18:02:25] [DEBUG] [calypso-direct] [on_notify] [DATA_IN] AWS=1.6kt AWA=33° Batt=100% Temp=0°C
[2026-05-30T18:02:26] [DEBUG] [calypso-direct] [on_notify] [DATA_IN] AWS=1.4kt AWA=33° Batt=100% Temp=0°C
[2026-05-30T18:02:26] [DEBUG] [calypso-direct] [on_notify] [DATA_IN] AWS=1.6kt AWA=33° Batt=100% Temp=0°C
[2026-05-30T18:02:27] [DEBUG] [calypso-direct] [on_notify] [DATA_IN] AWS=1.6kt AWA=33° Batt=100% Temp=0°C
[2026-05-30T18:02:27] [DEBUG] [calypso-direct] [on_notify] [DATA_IN] AWS=1.6kt AWA=33° Batt=100% Temp=0°C
[2026-05-30T18:02:28] [DEBUG] [calypso-direct] [on_notify] [DATA_IN] AWS=1.7kt AWA=33° Batt=100% Temp=0°C
[2026-05-30T18:02:28] [DEBUG] [calypso-direct] [on_notify] [DATA_IN] AWS=1.7kt AWA=33° Batt=100% Temp=0°C
[2026-05-30T18:02:28] [DEBUG] [calypso-direct] [on_notify] [DATA_IN] AWS=1.7kt AWA=33° Batt=100% Temp=0°C
[2026-05-30T18:02:28] [DEBUG] [calypso-direct] [on_notify] [DATA_IN] AWS=1.7kt AWA=33° Batt=100% Temp=0°C
[2026-05-30T18:02:28] [DEBUG] [calypso-direct] [on_notify] [DATA_IN] AWS=1.6kt AWA=33° Batt=100% Temp=0°C
[2026-05-30T18:02:28] [DEBUG] [calypso-direct] [on_notify] [DATA_IN] AWS=1.4kt AWA=33° Batt=100% Temp=0°C
[2026-05-30T18:02:29] [DEBUG] [calypso-direct] [on_notify] [DATA_IN] AWS=1.4kt AWA=33° Batt=100% Temp=0°C
[2026-05-30T18:02:29] [DEBUG] [calypso-direct] [on_notify] [DATA_IN] AWS=1.4kt AWA=33° Batt=100% Temp=0°C
[2026-05-30T18:02:29] [DEBUG] [calypso-direct] [on_notify] [DATA_IN] AWS=1.4kt AWA=33° Batt=100% Temp=0°C
[2026-05-30T18:02:29] [DEBUG] [calypso-direct] [on_notify] [DATA_IN] AWS=1.4kt AWA=33° Batt=100% Temp=0°C
[2026-05-30T18:02:29] [DEBUG] [calypso-direct] [on_notify] [DATA_IN] AWS=1.6kt AWA=33° Batt=100% Temp=0°C
[2026-05-30T18:02:29] [DEBUG] [calypso-direct] [on_notify] [DATA_IN] AWS=1.6kt AWA=33° Batt=100% Temp=0°C
[2026-05-30T18:02:30] [DEBUG] [calypso-direct] [on_notify] [DATA_IN] AWS=1.6kt AWA=33° Batt=100% Temp=0°C
[2026-05-30T18:02:30] [DEBUG] [calypso-direct] [on_notify] [DATA_IN] AWS=1.6kt AWA=33° Batt=100% Temp=0°C
[2026-05-30T18:02:30] [DEBUG] [calypso-direct] [on_notify] [DATA_IN] AWS=1.4kt AWA=33° Batt=100% Temp=0°C
[2026-05-30T18:02:31] [DEBUG] [calypso-direct] [on_notify] [DATA_IN] AWS=1.4kt AWA=33° Batt=100% Temp=0°C
[2026-05-30T18:02:31] [DEBUG] [calypso-direct] [on_notify] [DATA_IN] AWS=1.4kt AWA=33° Batt=100% Temp=0°C
[2026-05-30T18:02:31] [DEBUG] [calypso-direct] [on_notify] [DATA_IN] AWS=1.4kt AWA=33° Batt=100% Temp=0°C
[2026-05-30T18:02:31] [DEBUG] [calypso-direct] [on_notify] [DATA_IN] AWS=1.6kt AWA=33° Batt=100% Temp=0°C
[2026-05-30T18:02:32] [DEBUG] [calypso-direct] [on_notify] [DATA_IN] AWS=1.7kt AWA=33° Batt=100% Temp=0°C
[2026-05-30T18:02:32] [DEBUG] [calypso-direct] [on_notify] [DATA_IN] AWS=1.9kt AWA=28° Batt=100% Temp=0°C
[2026-05-30T18:02:32] [DEBUG] [calypso-direct] [on_notify] [DATA_IN] AWS=1.9kt AWA=28° Batt=100% Temp=0°C
[2026-05-30T18:02:32] [DEBUG] [calypso-direct] [on_notify] [DATA_IN] AWS=2.3kt AWA=29° Batt=100% Temp=0°C
[2026-05-30T18:02:32] [DEBUG] [calypso-direct] [on_notify] [DATA_IN] AWS=1.9kt AWA=28° Batt=100% Temp=0°C
[2026-05-30T18:02:33] [DEBUG] [calypso-direct] [on_notify] [DATA_IN] AWS=1.9kt AWA=28° Batt=100% Temp=0°C
[2026-05-30T18:02:33] [DEBUG] [calypso-direct] [on_notify] [DATA_IN] AWS=1.7kt AWA=28° Batt=100% Temp=0°C
[2026-05-30T18:02:33] [DEBUG] [calypso-direct] [on_notify] [DATA_IN] AWS=1.7kt AWA=28° Batt=100% Temp=0°C
[2026-05-30T18:02:33] [DEBUG] [calypso-direct] [on_notify] [DATA_IN] AWS=1.7kt AWA=28° Batt=100% Temp=0°C
[2026-05-30T18:02:33] [DEBUG] [calypso-direct] [on_notify] [DATA_IN] AWS=1.7kt AWA=28° Batt=100% Temp=0°C
[2026-05-30T18:02:34] [DEBUG] [calypso-direct] [on_notify] [DATA_IN] AWS=2.1kt AWA=29° Batt=100% Temp=0°C
[2026-05-30T18:02:34] [DEBUG] [calypso-direct] [on_notify] [DATA_IN] AWS=2.3kt AWA=32° Batt=100% Temp=0°C
[2026-05-30T18:02:34] [DEBUG] [calypso-direct] [on_notify] [DATA_IN] AWS=2.3kt AWA=32° Batt=100% Temp=0°C
[2026-05-30T18:02:35] [DEBUG] [calypso-direct] [on_notify] [DATA_IN] AWS=2.3kt AWA=32° Batt=100% Temp=0°C
[2026-05-30T18:02:35] [DEBUG] [calypso-direct] [on_notify] [DATA_IN] AWS=2.1kt AWA=29° Batt=100% Temp=0°C
[2026-05-30T18:02:35] [DEBUG] [calypso-direct] [on_notify] [DATA_IN] AWS=2.1kt AWA=28° Batt=100% Temp=0°C
[2026-05-30T18:02:36] [DEBUG] [calypso-direct] [on_notify] [DATA_IN] AWS=2.1kt AWA=25° Batt=100% Temp=0°C
[2026-05-30T18:02:36] [DEBUG] [calypso-direct] [on_notify] [DATA_IN] AWS=2.1kt AWA=24° Batt=100% Temp=0°C
[2026-05-30T18:02:36] [DEBUG] [calypso-direct] [on_notify] [DATA_IN] AWS=2.1kt AWA=24° Batt=100% Temp=0°C
[2026-05-30T18:02:37] [DEBUG] [calypso-direct] [on_notify] [DATA_IN] AWS=2.1kt AWA=24° Batt=100% Temp=0°C
[2026-05-30T18:02:37] [DEBUG] [calypso-direct] [on_notify] [DATA_IN] AWS=2.3kt AWA=25° Batt=100% Temp=0°C
[2026-05-30T18:02:37] [DEBUG] [calypso-direct] [on_notify] [DATA_IN] AWS=2.5kt AWA=27° Batt=100% Temp=0°C
[2026-05-30T18:02:37] [DEBUG] [calypso-direct] [on_notify] [DATA_IN] AWS=2.5kt AWA=28° Batt=100% Temp=0°C
[2026-05-30T18:02:37] [DEBUG] [calypso-direct] [on_notify] [DATA_IN] AWS=2.5kt AWA=33° Batt=100% Temp=0°C
[2026-05-30T18:02:37] [DEBUG] [calypso-direct] [on_notify] [DATA_IN] AWS=2.3kt AWA=34° Batt=100% Temp=0°C
[2026-05-30T18:02:38] [DEBUG] [calypso-direct] [on_notify] [DATA_IN] AWS=2.3kt AWA=34° Batt=100% Temp=0°C
[2026-05-30T18:02:38] [DEBUG] [calypso-direct] [on_notify] [DATA_IN] AWS=2.3kt AWA=33° Batt=100% Temp=0°C
[2026-05-30T18:02:38] [DEBUG] [calypso-direct] [on_notify] [DATA_IN] AWS=2.3kt AWA=30° Batt=100% Temp=0°C
[2026-05-30T18:02:38] [DEBUG] [calypso-direct] [on_notify] [DATA_IN] AWS=2.3kt AWA=30° Batt=100% Temp=0°C
[2026-05-30T18:02:39] [DEBUG] [calypso-direct] [on_notify] [DATA_IN] AWS=2.3kt AWA=30° Batt=100% Temp=0°C
[2026-05-30T18:02:39] [DEBUG] [calypso-direct] [on_notify] [DATA_IN] AWS=2.3kt AWA=29° Batt=100% Temp=0°C
[2026-05-30T18:02:40] [DEBUG] [calypso-direct] [on_notify] [DATA_IN] AWS=2.1kt AWA=28° Batt=100% Temp=0°C
[2026-05-30T18:02:40] [DEBUG] [calypso-direct] [on_notify] [DATA_IN] AWS=1.9kt AWA=27° Batt=100% Temp=0°C
[2026-05-30T18:02:40] [DEBUG] [calypso-direct] [on_notify] [DATA_IN] AWS=1.9kt AWA=27° Batt=100% Temp=0°C
[2026-05-30T18:02:40] [DEBUG] [calypso-direct] [on_notify] [DATA_IN] AWS=1.9kt AWA=27° Batt=100% Temp=0°C
[2026-05-30T18:02:40] [DEBUG] [calypso-direct] [on_notify] [DATA_IN] AWS=1.9kt AWA=29° Batt=100% Temp=0°C
[2026-05-30T18:02:41] [DEBUG] [calypso-direct] [on_notify] [DATA_IN] AWS=1.9kt AWA=29° Batt=100% Temp=0°C
[2026-05-30T18:02:41] [DEBUG] [calypso-direct] [on_notify] [DATA_IN] AWS=1.9kt AWA=30° Batt=100% Temp=0°C
[2026-05-30T18:02:41] [DEBUG] [calypso-direct] [on_notify] [DATA_IN] AWS=1.9kt AWA=30° Batt=100% Temp=0°C
[2026-05-30T18:02:42] [DEBUG] [calypso-direct] [on_notify] [DATA_IN] AWS=2.1kt AWA=34° Batt=100% Temp=0°C
[2026-05-30T18:02:42] [DEBUG] [calypso-direct] [on_notify] [DATA_IN] AWS=2.1kt AWA=35° Batt=100% Temp=0°C
[2026-05-30T18:02:42] [DEBUG] [calypso-direct] [on_notify] [DATA_IN] AWS=2.1kt AWA=40° Batt=100% Temp=0°C
[2026-05-30T18:02:42] [DEBUG] [calypso-direct] [on_notify] [DATA_IN] AWS=2.1kt AWA=40° Batt=100% Temp=0°C
[2026-05-30T18:02:43] [DEBUG] [calypso-direct] [on_notify] [DATA_IN] AWS=2.1kt AWA=40° Batt=100% Temp=0°C
[2026-05-30T18:02:43] [DEBUG] [calypso-direct] [on_notify] [DATA_IN] AWS=2.1kt AWA=40° Batt=100% Temp=0°C
[2026-05-30T18:02:43] [DEBUG] [calypso-direct] [on_notify] [DATA_IN] AWS=2.1kt AWA=34° Batt=100% Temp=0°C
[2026-05-30T18:02:43] [DEBUG] [calypso-direct] [on_notify] [DATA_IN] AWS=2.1kt AWA=34° Batt=100% Temp=0°C
[2026-05-30T18:02:43] [DEBUG] [calypso-direct] [on_notify] [DATA_IN] AWS=2.1kt AWA=34° Batt=100% Temp=0°C
[2026-05-30T18:02:43] [DEBUG] [calypso-direct] [on_notify] [DATA_IN] AWS=2.1kt AWA=38° Batt=100% Temp=0°C
[2026-05-30T18:02:44] [DEBUG] [calypso-direct] [on_notify] [DATA_IN] AWS=2.1kt AWA=39° Batt=100% Temp=0°C
[2026-05-30T18:02:44] [DEBUG] [calypso-direct] [on_notify] [DATA_IN] AWS=2.1kt AWA=42° Batt=100% Temp=0°C
[2026-05-30T18:02:44] [DEBUG] [calypso-direct] [on_notify] [DATA_IN] AWS=2.3kt AWA=43° Batt=100% Temp=0°C
[2026-05-30T18:02:45] [DEBUG] [calypso-direct] [on_notify] [DATA_IN] AWS=2.5kt AWA=44° Batt=100% Temp=0°C
[2026-05-30T18:02:45] [DEBUG] [calypso-direct] [on_notify] [DATA_IN] AWS=2.5kt AWA=44° Batt=100% Temp=0°C
[2026-05-30T18:02:45] [DEBUG] [calypso-direct] [on_notify] [DATA_IN] AWS=2.5kt AWA=44° Batt=100% Temp=0°C
[2026-05-30T18:02:45] [DEBUG] [calypso-direct] [on_notify] [DATA_IN] AWS=2.5kt AWA=43° Batt=100% Temp=0°C
[2026-05-30T18:02:46] [DEBUG] [calypso-direct] [on_notify] [DATA_IN] AWS=2.3kt AWA=42° Batt=100% Temp=0°C
[2026-05-30T18:02:46] [DEBUG] [calypso-direct] [on_notify] [DATA_IN] AWS=2.3kt AWA=41° Batt=100% Temp=0°C
[2026-05-30T18:02:46] [DEBUG] [calypso-direct] [on_notify] [DATA_IN] AWS=2.1kt AWA=38° Batt=100% Temp=0°C
[2026-05-30T18:02:47] [DEBUG] [calypso-direct] [on_notify] [DATA_IN] AWS=2.1kt AWA=38° Batt=100% Temp=0°C
[2026-05-30T18:02:47] [DEBUG] [calypso-direct] [on_notify] [DATA_IN] AWS=2.1kt AWA=38° Batt=100% Temp=0°C
[2026-05-30T18:02:47] [DEBUG] [calypso-direct] [on_notify] [DATA_IN] AWS=2.1kt AWA=38° Batt=100% Temp=0°C
[2026-05-30T18:02:47] [DEBUG] [calypso-direct] [on_notify] [DATA_IN] AWS=2.1kt AWA=38° Batt=100% Temp=0°C
[2026-05-30T18:02:47] [DEBUG] [calypso-direct] [on_notify] [DATA_IN] AWS=2.1kt AWA=40° Batt=100% Temp=0°C
[2026-05-30T18:02:47] [DEBUG] [calypso-direct] [on_notify] [DATA_IN] AWS=2.1kt AWA=42° Batt=100% Temp=0°C
[2026-05-30T18:02:48] [DEBUG] [calypso-direct] [on_notify] [DATA_IN] AWS=2.1kt AWA=42° Batt=100% Temp=0°C
[2026-05-30T18:02:49] [DEBUG] [calypso-direct] [on_notify] [DATA_IN] AWS=2.1kt AWA=42° Batt=100% Temp=0°C
[2026-05-30T18:02:49] [DEBUG] [calypso-direct] [on_notify] [DATA_IN] AWS=2.1kt AWA=41° Batt=100% Temp=0°C
[2026-05-30T18:02:49] [DEBUG] [calypso-direct] [on_notify] [DATA_IN] AWS=2.1kt AWA=40° Batt=100% Temp=0°C
[2026-05-30T18:02:49] [DEBUG] [calypso-direct] [on_notify] [DATA_IN] AWS=2.1kt AWA=40° Batt=100% Temp=0°C
[2026-05-30T18:02:49] [DEBUG] [calypso-direct] [on_notify] [DATA_IN] AWS=1.9kt AWA=40° Batt=100% Temp=0°C
[2026-05-30T18:02:49] [DEBUG] [calypso-direct] [on_notify] [DATA_IN] AWS=1.9kt AWA=40° Batt=100% Temp=0°C
[2026-05-30T18:02:51] [DEBUG] [calypso-direct] [on_notify] [DATA_IN] AWS=1.9kt AWA=40° Batt=100% Temp=0°C
[2026-05-30T18:02:51] [DEBUG] [calypso-direct] [on_notify] [DATA_IN] AWS=1.9kt AWA=36° Batt=100% Temp=0°C
[2026-05-30T18:02:51] [DEBUG] [calypso-direct] [on_notify] [DATA_IN] AWS=1.9kt AWA=34° Batt=100% Temp=0°C
[2026-05-30T18:02:51] [DEBUG] [calypso-direct] [on_notify] [DATA_IN] AWS=1.9kt AWA=34° Batt=100% Temp=0°C
[2026-05-30T18:02:51] [DEBUG] [calypso-direct] [on_notify] [DATA_IN] AWS=1.9kt AWA=33° Batt=100% Temp=0°C
[2026-05-30T18:02:51] [DEBUG] [calypso-direct] [on_notify] [DATA_IN] AWS=1.9kt AWA=33° Batt=100% Temp=0°C
[2026-05-30T18:02:51] [DEBUG] [calypso-direct] [on_notify] [DATA_IN] AWS=1.9kt AWA=33° Batt=100% Temp=0°C
[2026-05-30T18:02:52] [DEBUG] [calypso-direct] [on_notify] [DATA_IN] AWS=1.7kt AWA=33° Batt=100% Temp=0°C
[2026-05-30T18:02:52] [DEBUG] [calypso-direct] [on_notify] [DATA_IN] AWS=1.7kt AWA=33° Batt=100% Temp=0°C
[2026-05-30T18:02:52] [DEBUG] [calypso-direct] [on_notify] [DATA_IN] AWS=1.7kt AWA=33° Batt=100% Temp=0°C
[2026-05-30T18:02:52] [DEBUG] [calypso-direct] [on_notify] [DATA_IN] AWS=1.9kt AWA=35° Batt=100% Temp=0°C
[2026-05-30T18:02:52] [DEBUG] [calypso-direct] [on_notify] [DATA_IN] AWS=2.1kt AWA=38° Batt=100% Temp=0°C
[2026-05-30T18:02:52] [DEBUG] [calypso-direct] [on_notify] [DATA_IN] AWS=2.1kt AWA=38° Batt=100% Temp=0°C
[2026-05-30T18:02:53] [DEBUG] [calypso-direct] [on_notify] [DATA_IN] AWS=2.1kt AWA=38° Batt=100% Temp=0°C
[2026-05-30T18:02:53] [DEBUG] [calypso-direct] [on_notify] [DATA_IN] AWS=1.9kt AWA=38° Batt=100% Temp=0°C
[2026-05-30T18:02:53] [DEBUG] [calypso-direct] [on_notify] [DATA_IN] AWS=1.9kt AWA=37° Batt=100% Temp=0°C
[2026-05-30T18:02:54] [DEBUG] [calypso-direct] [on_notify] [DATA_IN] AWS=1.9kt AWA=37° Batt=100% Temp=0°C
[2026-05-30T18:02:54] [DEBUG] [calypso-direct] [on_notify] [DATA_IN] AWS=1.9kt AWA=37° Batt=100% Temp=0°C
[2026-05-30T18:02:54] [DEBUG] [calypso-direct] [on_notify] [DATA_IN] AWS=1.9kt AWA=38° Batt=100% Temp=0°C
[2026-05-30T18:02:55] [DEBUG] [calypso-direct] [on_notify] [DATA_IN] AWS=1.9kt AWA=38° Batt=100% Temp=0°C
[2026-05-30T18:02:55] [DEBUG] [calypso-direct] [on_notify] [DATA_IN] AWS=2.1kt AWA=38° Batt=100% Temp=0°C
[2026-05-30T18:02:55] [DEBUG] [calypso-direct] [on_notify] [DATA_IN] AWS=2.1kt AWA=37° Batt=100% Temp=0°C
[2026-05-30T18:02:55] [DEBUG] [calypso-direct] [on_notify] [DATA_IN] AWS=2.1kt AWA=37° Batt=100% Temp=0°C
[2026-05-30T18:02:56] [DEBUG] [calypso-direct] [on_notify] [DATA_IN] AWS=1.9kt AWA=37° Batt=100% Temp=0°C
[2026-05-30T18:02:56] [DEBUG] [calypso-direct] [on_notify] [DATA_IN] AWS=1.9kt AWA=33° Batt=100% Temp=0°C
[2026-05-30T18:02:56] [DEBUG] [calypso-direct] [on_notify] [DATA_IN] AWS=1.9kt AWA=33° Batt=100% Temp=0°C
[2026-05-30T18:02:56] [DEBUG] [calypso-direct] [on_notify] [DATA_IN] AWS=1.9kt AWA=33° Batt=100% Temp=0°C
[2026-05-30T18:02:56] [DEBUG] [calypso-direct] [on_notify] [DATA_IN] AWS=1.9kt AWA=33° Batt=100% Temp=0°C
[2026-05-30T18:02:56] [DEBUG] [calypso-direct] [on_notify] [DATA_IN] AWS=2.1kt AWA=33° Batt=100% Temp=0°C
[2026-05-30T18:02:58] [DEBUG] [calypso-direct] [on_notify] [DATA_IN] AWS=2.1kt AWA=33° Batt=100% Temp=0°C
[2026-05-30T18:02:58] [DEBUG] [calypso-direct] [on_notify] [DATA_IN] AWS=1.9kt AWA=32° Batt=100% Temp=0°C
[2026-05-30T18:02:58] [DEBUG] [calypso-direct] [on_notify] [DATA_IN] AWS=1.9kt AWA=25° Batt=100% Temp=0°C
[2026-05-30T18:02:58] [DEBUG] [calypso-direct] [on_notify] [DATA_IN] AWS=1.9kt AWA=25° Batt=100% Temp=0°C
[2026-05-30T18:02:58] [DEBUG] [calypso-direct] [on_notify] [DATA_IN] AWS=1.9kt AWA=25° Batt=100% Temp=0°C
[2026-05-30T18:02:58] [DEBUG] [calypso-direct] [on_notify] [DATA_IN] AWS=1.9kt AWA=25° Batt=100% Temp=0°C
[2026-05-30T18:02:58] [DEBUG] [calypso-direct] [on_notify] [DATA_IN] AWS=1.9kt AWA=28° Batt=100% Temp=0°C
[2026-05-30T18:02:59] [DEBUG] [calypso-direct] [on_notify] [DATA_IN] AWS=1.9kt AWA=30° Batt=100% Temp=0°C
[2026-05-30T18:02:59] [DEBUG] [calypso-direct] [on_notify] [DATA_IN] AWS=2.1kt AWA=32° Batt=100% Temp=0°C
[2026-05-30T18:02:59] [DEBUG] [calypso-direct] [on_notify] [DATA_IN] AWS=2.1kt AWA=34° Batt=100% Temp=0°C
[2026-05-30T18:03:00] [DEBUG] [calypso-direct] [on_notify] [DATA_IN] AWS=2.3kt AWA=38° Batt=100% Temp=0°C
[2026-05-30T18:03:00] [DEBUG] [calypso-direct] [on_notify] [DATA_IN] AWS=2.3kt AWA=38° Batt=100% Temp=0°C
[2026-05-30T18:03:00] [DEBUG] [calypso-direct] [on_notify] [DATA_IN] AWS=2.3kt AWA=38° Batt=100% Temp=0°C
[2026-05-30T18:03:01] [DEBUG] [calypso-direct] [on_notify] [DATA_IN] AWS=2.3kt AWA=34° Batt=100% Temp=0°C
[2026-05-30T18:03:01] [DEBUG] [calypso-direct] [on_notify] [DATA_IN] AWS=2.3kt AWA=33° Batt=100% Temp=0°C
[2026-05-30T18:03:01] [DEBUG] [calypso-direct] [on_notify] [DATA_IN] AWS=2.3kt AWA=31° Batt=100% Temp=0°C
[2026-05-30T18:03:01] [DEBUG] [calypso-direct] [on_notify] [DATA_IN] AWS=2.3kt AWA=31° Batt=100% Temp=0°C
[2026-05-30T18:03:01] [DEBUG] [calypso-direct] [on_notify] [DATA_IN] AWS=2.3kt AWA=30° Batt=100% Temp=0°C
[2026-05-30T18:03:01] [DEBUG] [calypso-direct] [on_notify] [DATA_IN] AWS=2.3kt AWA=30° Batt=100% Temp=0°C
[2026-05-30T18:03:01] [DEBUG] [calypso-direct] [on_notify] [DATA_IN] AWS=2.3kt AWA=31° Batt=100% Temp=0°C
[2026-05-30T18:03:02] [DEBUG] [calypso-direct] [on_notify] [DATA_IN] AWS=2.3kt AWA=31° Batt=100% Temp=0°C
[2026-05-30T18:03:02] [DEBUG] [calypso-direct] [on_notify] [DATA_IN] AWS=2.5kt AWA=34° Batt=100% Temp=0°C
[2026-05-30T18:03:02] [DEBUG] [calypso-direct] [on_notify] [DATA_IN] AWS=2.5kt AWA=34° Batt=100% Temp=0°C
[2026-05-30T18:03:02] [DEBUG] [calypso-direct] [on_notify] [DATA_IN] AWS=2.7kt AWA=34° Batt=100% Temp=0°C
[2026-05-30T18:03:03] [DEBUG] [calypso-direct] [on_notify] [DATA_IN] AWS=2.7kt AWA=37° Batt=100% Temp=0°C
[2026-05-30T18:03:03] [DEBUG] [calypso-direct] [on_notify] [DATA_IN] AWS=2.7kt AWA=37° Batt=100% Temp=0°C
[2026-05-30T18:03:04] [DEBUG] [calypso-direct] [on_notify] [DATA_IN] AWS=2.9kt AWA=37° Batt=100% Temp=0°C
[2026-05-30T18:03:04] [DEBUG] [calypso-direct] [on_notify] [DATA_IN] AWS=2.9kt AWA=37° Batt=100% Temp=0°C
[2026-05-30T18:03:04] [DEBUG] [calypso-direct] [on_notify] [DATA_IN] AWS=2.7kt AWA=37° Batt=100% Temp=0°C
[2026-05-30T18:03:04] [DEBUG] [calypso-direct] [on_notify] [DATA_IN] AWS=2.7kt AWA=37° Batt=100% Temp=0°C
[2026-05-30T18:03:05] [DEBUG] [calypso-direct] [on_notify] [DATA_IN] AWS=2.5kt AWA=35° Batt=100% Temp=0°C
[2026-05-30T18:03:05] [DEBUG] [calypso-direct] [on_notify] [DATA_IN] AWS=2.5kt AWA=35° Batt=100% Temp=0°C
[2026-05-30T18:03:05] [DEBUG] [calypso-direct] [on_notify] [DATA_IN] AWS=2.5kt AWA=35° Batt=100% Temp=0°C
[2026-05-30T18:03:05] [DEBUG] [calypso-direct] [on_notify] [DATA_IN] AWS=2.5kt AWA=37° Batt=100% Temp=0°C
[2026-05-30T18:03:05] [DEBUG] [calypso-direct] [on_notify] [DATA_IN] AWS=2.5kt AWA=38° Batt=100% Temp=0°C
[2026-05-30T18:03:05] [DEBUG] [calypso-direct] [on_notify] [DATA_IN] AWS=2.5kt AWA=39° Batt=100% Temp=0°C
[2026-05-30T18:03:05] [DEBUG] [calypso-direct] [on_notify] [DATA_IN] AWS=2.5kt AWA=39° Batt=100% Temp=0°C
[2026-05-30T18:03:06] [DEBUG] [calypso-direct] [on_notify] [DATA_IN] AWS=2.3kt AWA=44° Batt=100% Temp=0°C
[2026-05-30T18:03:06] [DEBUG] [calypso-direct] [on_notify] [DATA_IN] AWS=2.3kt AWA=45° Batt=100% Temp=0°C
[2026-05-30T18:03:06] [DEBUG] [calypso-direct] [on_notify] [DATA_IN] AWS=2.3kt AWA=45° Batt=100% Temp=0°C
[2026-05-30T18:03:07] [DEBUG] [calypso-direct] [on_notify] [DATA_IN] AWS=2.3kt AWA=45° Batt=100% Temp=0°C
[2026-05-30T18:03:07] [DEBUG] [calypso-direct] [on_notify] [DATA_IN] AWS=2.1kt AWA=45° Batt=100% Temp=0°C
[2026-05-30T18:03:07] [DEBUG] [calypso-direct] [on_notify] [DATA_IN] AWS=2.1kt AWA=45° Batt=100% Temp=0°C
[2026-05-30T18:03:08] [DEBUG] [calypso-direct] [on_notify] [DATA_IN] AWS=2.1kt AWA=44° Batt=100% Temp=0°C
[2026-05-30T18:03:08] [DEBUG] [calypso-direct] [on_notify] [DATA_IN] AWS=2.1kt AWA=42° Batt=100% Temp=0°C
[2026-05-30T18:03:08] [DEBUG] [calypso-direct] [on_notify] [DATA_IN] AWS=2.3kt AWA=42° Batt=100% Temp=0°C
[2026-05-30T18:03:09] [DEBUG] [calypso-direct] [on_notify] [DATA_IN] AWS=2.3kt AWA=42° Batt=100% Temp=0°C
[2026-05-30T18:03:09] [DEBUG] [calypso-direct] [on_notify] [DATA_IN] AWS=2.3kt AWA=42° Batt=100% Temp=0°C
[2026-05-30T18:03:09] [DEBUG] [calypso-direct] [on_notify] [DATA_IN] AWS=2.3kt AWA=42° Batt=100% Temp=0°C
[2026-05-30T18:03:09] [DEBUG] [calypso-direct] [on_notify] [DATA_IN] AWS=2.3kt AWA=42° Batt=100% Temp=0°C
[2026-05-30T18:03:09] [DEBUG] [calypso-direct] [on_notify] [DATA_IN] AWS=2.1kt AWA=40° Batt=100% Temp=0°C
[2026-05-30T18:03:09] [DEBUG] [calypso-direct] [on_notify] [DATA_IN] AWS=2.1kt AWA=39° Batt=100% Temp=0°C
[2026-05-30T18:03:10] [DEBUG] [calypso-direct] [on_notify] [DATA_IN] AWS=2.1kt AWA=39° Batt=100% Temp=0°C
[2026-05-30T18:03:11] [DEBUG] [calypso-direct] [on_notify] [DATA_IN] AWS=2.1kt AWA=39° Batt=100% Temp=0°C
[2026-05-30T18:03:11] [DEBUG] [calypso-direct] [on_notify] [DATA_IN] AWS=2.1kt AWA=39° Batt=100% Temp=0°C
[2026-05-30T18:03:11] [DEBUG] [calypso-direct] [on_notify] [DATA_IN] AWS=2.3kt AWA=40° Batt=100% Temp=0°C
[2026-05-30T18:03:11] [DEBUG] [calypso-direct] [on_notify] [DATA_IN] AWS=2.3kt AWA=41° Batt=100% Temp=0°C
[2026-05-30T18:03:11] [DEBUG] [calypso-direct] [on_notify] [DATA_IN] AWS=2.3kt AWA=41° Batt=100% Temp=0°C
[2026-05-30T18:03:11] [DEBUG] [calypso-direct] [on_notify] [DATA_IN] AWS=2.3kt AWA=42° Batt=100% Temp=0°C
[2026-05-30T18:03:11] [DEBUG] [calypso-direct] [on_notify] [DATA_IN] AWS=2.5kt AWA=42° Batt=100% Temp=0°C
[2026-05-30T18:03:13] [DEBUG] [calypso-direct] [on_notify] [DATA_IN] AWS=2.5kt AWA=41° Batt=100% Temp=0°C
[2026-05-30T18:03:13] [DEBUG] [calypso-direct] [on_notify] [DATA_IN] AWS=2.3kt AWA=34° Batt=100% Temp=0°C
[2026-05-30T18:03:13] [DEBUG] [calypso-direct] [on_notify] [DATA_IN] AWS=2.1kt AWA=30° Batt=100% Temp=0°C
[2026-05-30T18:03:13] [DEBUG] [calypso-direct] [on_notify] [DATA_IN] AWS=1.7kt AWA=30° Batt=100% Temp=0°C
[2026-05-30T18:03:13] [DEBUG] [calypso-direct] [on_notify] [DATA_IN] AWS=1.6kt AWA=30° Batt=100% Temp=0°C
[2026-05-30T18:03:13] [DEBUG] [calypso-direct] [on_notify] [DATA_IN] AWS=1.6kt AWA=30° Batt=100% Temp=0°C
[2026-05-30T18:03:14] [DEBUG] [calypso-direct] [on_notify] [DATA_IN] AWS=1.6kt AWA=30° Batt=100% Temp=0°C
[2026-05-30T18:03:14] [DEBUG] [calypso-direct] [on_notify] [DATA_IN] AWS=1.7kt AWA=30° Batt=100% Temp=0°C
[2026-05-30T18:03:14] [DEBUG] [calypso-direct] [on_notify] [DATA_IN] AWS=1.7kt AWA=30° Batt=100% Temp=0°C
[2026-05-30T18:03:14] [DEBUG] [calypso-direct] [on_notify] [DATA_IN] AWS=2.1kt AWA=31° Batt=100% Temp=0°C
[2026-05-30T18:03:14] [DEBUG] [calypso-direct] [on_notify] [DATA_IN] AWS=2.3kt AWA=31° Batt=100% Temp=0°C
[2026-05-30T18:03:14] [DEBUG] [calypso-direct] [on_notify] [DATA_IN] AWS=2.3kt AWA=32° Batt=100% Temp=0°C
[2026-05-30T18:03:15] [DEBUG] [calypso-direct] [on_notify] [DATA_IN] AWS=2.3kt AWA=33° Batt=100% Temp=0°C
[2026-05-30T18:03:15] [DEBUG] [calypso-direct] [on_notify] [DATA_IN] AWS=2.3kt AWA=33° Batt=100% Temp=0°C
[2026-05-30T18:03:15] [DEBUG] [calypso-direct] [on_notify] [DATA_IN] AWS=1.9kt AWA=32° Batt=100% Temp=0°C
[2026-05-30T18:03:16] [DEBUG] [calypso-direct] [on_notify] [DATA_IN] AWS=1.9kt AWA=31° Batt=100% Temp=0°C
[2026-05-30T18:03:16] [DEBUG] [calypso-direct] [on_notify] [DATA_IN] AWS=1.9kt AWA=28° Batt=100% Temp=0°C
[2026-05-30T18:03:16] [DEBUG] [calypso-direct] [on_notify] [DATA_IN] AWS=1.4kt AWA=28° Batt=100% Temp=0°C
[2026-05-30T18:03:16] [DEBUG] [calypso-direct] [on_notify] [DATA_IN] AWS=1.4kt AWA=28° Batt=100% Temp=0°C
[2026-05-30T18:03:17] [DEBUG] [calypso-direct] [on_notify] [DATA_IN] AWS=1.2kt AWA=28° Batt=100% Temp=0°C
[2026-05-30T18:03:17] [DEBUG] [calypso-direct] [on_notify] [DATA_IN] AWS=1.2kt AWA=28° Batt=100% Temp=0°C
[2026-05-30T18:03:17] [DEBUG] [calypso-direct] [on_notify] [DATA_IN] AWS=1.2kt AWA=28° Batt=100% Temp=0°C
[2026-05-30T18:03:17] [DEBUG] [calypso-direct] [on_notify] [DATA_IN] AWS=1.2kt AWA=28° Batt=100% Temp=0°C
[2026-05-30T18:03:18] [DEBUG] [calypso-direct] [on_notify] [DATA_IN] AWS=1.2kt AWA=28° Batt=100% Temp=0°C
[2026-05-30T18:03:18] [DEBUG] [calypso-direct] [on_notify] [DATA_IN] AWS=1.2kt AWA=28° Batt=100% Temp=0°C
[2026-05-30T18:03:18] [DEBUG] [calypso-direct] [on_notify] [DATA_IN] AWS=1.2kt AWA=28° Batt=100% Temp=0°C
[2026-05-30T18:03:18] [DEBUG] [calypso-direct] [on_notify] [DATA_IN] AWS=1.0kt AWA=28° Batt=100% Temp=0°C
[2026-05-30T18:03:18] [DEBUG] [calypso-direct] [on_notify] [DATA_IN] AWS=1.2kt AWA=28° Batt=100% Temp=0°C
[2026-05-30T18:03:19] [DEBUG] [calypso-direct] [on_notify] [DATA_IN] AWS=1.2kt AWA=28° Batt=100% Temp=0°C
[2026-05-30T18:03:20] [DEBUG] [calypso-direct] [on_notify] [DATA_IN] AWS=1.2kt AWA=28° Batt=100% Temp=0°C
[2026-05-30T18:03:20] [DEBUG] [calypso-direct] [on_notify] [DATA_IN] AWS=1.0kt AWA=28° Batt=100% Temp=0°C
[2026-05-30T18:03:20] [DEBUG] [calypso-direct] [on_notify] [DATA_IN] AWS=1.2kt AWA=28° Batt=100% Temp=0°C
[2026-05-30T18:03:20] [DEBUG] [calypso-direct] [on_notify] [DATA_IN] AWS=1.0kt AWA=28° Batt=100% Temp=0°C
[2026-05-30T18:03:20] [DEBUG] [calypso-direct] [on_notify] [DATA_IN] AWS=1.0kt AWA=28° Batt=100% Temp=0°C
[2026-05-30T18:03:20] [DEBUG] [calypso-direct] [on_notify] [DATA_IN] AWS=0.0kt AWA=0° Batt=100% Temp=0°C
[2026-05-30T18:03:21] [DEBUG] [calypso-direct] [on_notify] [DATA_IN] AWS=1.0kt AWA=28° Batt=100% Temp=0°C
[2026-05-30T18:03:21] [DEBUG] [calypso-direct] [on_notify] [DATA_IN] AWS=1.0kt AWA=28° Batt=100% Temp=0°C
[2026-05-30T18:03:21] [DEBUG] [calypso-direct] [on_notify] [DATA_IN] AWS=1.2kt AWA=28° Batt=100% Temp=0°C
[2026-05-30T18:03:21] [DEBUG] [calypso-direct] [on_notify] [DATA_IN] AWS=1.4kt AWA=28° Batt=100% Temp=0°C
[2026-05-30T18:03:22] [DEBUG] [calypso-direct] [on_notify] [DATA_IN] AWS=1.6kt AWA=28° Batt=100% Temp=0°C
[2026-05-30T18:03:22] [DEBUG] [calypso-direct] [on_notify] [DATA_IN] AWS=1.6kt AWA=28° Batt=100% Temp=0°C
[2026-05-30T18:03:22] [DEBUG] [calypso-direct] [on_notify] [DATA_IN] AWS=1.6kt AWA=28° Batt=100% Temp=0°C
[2026-05-30T18:03:23] [DEBUG] [calypso-direct] [on_notify] [DATA_IN] AWS=1.6kt AWA=28° Batt=100% Temp=0°C
[2026-05-30T18:03:23] [DEBUG] [calypso-direct] [on_notify] [DATA_IN] AWS=1.4kt AWA=28° Batt=100% Temp=0°C
[2026-05-30T18:03:23] [DEBUG] [calypso-direct] [on_notify] [DATA_IN] AWS=1.2kt AWA=28° Batt=100% Temp=0°C
[2026-05-30T18:03:23] [DEBUG] [calypso-direct] [on_notify] [DATA_IN] AWS=1.0kt AWA=28° Batt=100% Temp=0°C
[2026-05-30T18:03:23] [DEBUG] [calypso-direct] [on_notify] [DATA_IN] AWS=1.0kt AWA=28° Batt=100% Temp=0°C
[2026-05-30T18:03:23] [DEBUG] [calypso-direct] [on_notify] [DATA_IN] AWS=1.0kt AWA=28° Batt=100% Temp=0°C
[2026-05-30T18:03:24] [DEBUG] [calypso-direct] [on_notify] [DATA_IN] AWS=1.0kt AWA=28° Batt=100% Temp=0°C
[2026-05-30T18:03:24] [DEBUG] [calypso-direct] [on_notify] [DATA_IN] AWS=1.0kt AWA=28° Batt=100% Temp=0°C
[2026-05-30T18:03:24] [DEBUG] [calypso-direct] [on_notify] [DATA_IN] AWS=1.0kt AWA=28° Batt=100% Temp=0°C
[2026-05-30T18:03:24] [DEBUG] [calypso-direct] [on_notify] [DATA_IN] AWS=1.0kt AWA=28° Batt=100% Temp=0°C
[2026-05-30T18:03:26] [DEBUG] [calypso-direct] [on_notify] [DATA_IN] AWS=1.0kt AWA=28° Batt=100% Temp=0°C
[2026-05-30T18:03:26] [DEBUG] [calypso-direct] [on_notify] [DATA_IN] AWS=1.7kt AWA=28° Batt=100% Temp=0°C
[2026-05-30T18:03:26] [DEBUG] [calypso-direct] [on_notify] [DATA_IN] AWS=1.9kt AWA=39° Batt=100% Temp=0°C
[2026-05-30T18:03:26] [DEBUG] [calypso-direct] [on_notify] [DATA_IN] AWS=1.9kt AWA=39° Batt=100% Temp=0°C
[2026-05-30T18:03:26] [DEBUG] [calypso-direct] [on_notify] [DATA_IN] AWS=1.9kt AWA=41° Batt=100% Temp=0°C
[2026-05-30T18:03:26] [DEBUG] [calypso-direct] [on_notify] [DATA_IN] AWS=1.9kt AWA=41° Batt=100% Temp=0°C
[2026-05-30T18:03:27] [DEBUG] [calypso-direct] [on_notify] [DATA_IN] AWS=1.9kt AWA=44° Batt=100% Temp=0°C
[2026-05-30T18:03:27] [DEBUG] [calypso-direct] [on_notify] [DATA_IN] AWS=1.6kt AWA=44° Batt=100% Temp=0°C
[2026-05-30T18:03:27] [DEBUG] [calypso-direct] [on_notify] [DATA_IN] AWS=1.4kt AWA=44° Batt=100% Temp=0°C
[2026-05-30T18:03:27] [DEBUG] [calypso-direct] [on_notify] [DATA_IN] AWS=1.0kt AWA=44° Batt=100% Temp=0°C
[2026-05-30T18:03:27] [DEBUG] [calypso-direct] [on_notify] [DATA_IN] AWS=1.0kt AWA=44° Batt=100% Temp=0°C
[2026-05-30T18:03:28] [DEBUG] [calypso-direct] [on_notify] [DATA_IN] AWS=0.0kt AWA=0° Batt=100% Temp=0°C
[2026-05-30T18:03:28] [DEBUG] [calypso-direct] [on_notify] [DATA_IN] AWS=0.0kt AWA=0° Batt=100% Temp=0°C
[2026-05-30T18:03:28] [DEBUG] [calypso-direct] [on_notify] [DATA_IN] AWS=0.0kt AWA=0° Batt=100% Temp=0°C
[2026-05-30T18:03:28] [DEBUG] [calypso-direct] [on_notify] [DATA_IN] AWS=0.0kt AWA=0° Batt=100% Temp=0°C
[2026-05-30T18:03:28] [DEBUG] [calypso-direct] [on_notify] [DATA_IN] AWS=0.0kt AWA=0° Batt=100% Temp=0°C
[2026-05-30T18:03:29] [DEBUG] [calypso-direct] [on_notify] [DATA_IN] AWS=0.0kt AWA=0° Batt=100% Temp=0°C
[2026-05-30T18:03:29] [DEBUG] [calypso-direct] [on_notify] [DATA_IN] AWS=0.0kt AWA=0° Batt=100% Temp=0°C
[2026-05-30T18:03:29] [DEBUG] [calypso-direct] [on_notify] [DATA_IN] AWS=0.0kt AWA=0° Batt=100% Temp=0°C
[2026-05-30T18:03:30] [DEBUG] [calypso-direct] [on_notify] [DATA_IN] AWS=0.0kt AWA=0° Batt=100% Temp=0°C
[2026-05-30T18:03:30] [DEBUG] [calypso-direct] [on_notify] [DATA_IN] AWS=0.0kt AWA=0° Batt=100% Temp=0°C
[2026-05-30T18:03:30] [DEBUG] [calypso-direct] [on_notify] [DATA_IN] AWS=0.0kt AWA=0° Batt=100% Temp=0°C
[2026-05-30T18:03:31] [DEBUG] [calypso-direct] [on_notify] [DATA_IN] AWS=0.0kt AWA=0° Batt=100% Temp=0°C
[2026-05-30T18:03:31] [DEBUG] [calypso-direct] [on_notify] [DATA_IN] AWS=0.0kt AWA=0° Batt=100% Temp=0°C
[2026-05-30T18:03:32] [DEBUG] [calypso-direct] [on_notify] [DATA_IN] AWS=0.0kt AWA=0° Batt=100% Temp=0°C
[2026-05-30T18:03:32] [DEBUG] [calypso-direct] [on_notify] [DATA_IN] AWS=0.0kt AWA=0° Batt=100% Temp=0°C
[2026-05-30T18:03:32] [DEBUG] [calypso-direct] [on_notify] [DATA_IN] AWS=0.0kt AWA=0° Batt=100% Temp=0°C
[2026-05-30T18:03:32] [DEBUG] [calypso-direct] [on_notify] [DATA_IN] AWS=1.0kt AWA=44° Batt=100% Temp=0°C
[2026-05-30T18:03:33] [DEBUG] [calypso-direct] [on_notify] [DATA_IN] AWS=1.0kt AWA=44° Batt=100% Temp=0°C
[2026-05-30T18:03:33] [DEBUG] [calypso-direct] [on_notify] [DATA_IN] AWS=1.0kt AWA=44° Batt=100% Temp=0°C
[2026-05-30T18:03:33] [DEBUG] [calypso-direct] [on_notify] [DATA_IN] AWS=0.0kt AWA=0° Batt=100% Temp=0°C
[2026-05-30T18:03:33] [DEBUG] [calypso-direct] [on_notify] [DATA_IN] AWS=0.0kt AWA=0° Batt=100% Temp=0°C
[2026-05-30T18:03:33] [DEBUG] [calypso-direct] [on_notify] [DATA_IN] AWS=0.0kt AWA=0° Batt=100% Temp=0°C
[2026-05-30T18:03:33] [DEBUG] [calypso-direct] [on_notify] [DATA_IN] AWS=0.0kt AWA=0° Batt=100% Temp=0°C
[2026-05-30T18:03:33] [DEBUG] [calypso-direct] [on_notify] [DATA_IN] AWS=0.0kt AWA=0° Batt=100% Temp=0°C
[2026-05-30T18:03:35] [DEBUG] [calypso-direct] [on_notify] [DATA_IN] AWS=0.0kt AWA=0° Batt=100% Temp=0°C
[2026-05-30T18:03:35] [DEBUG] [calypso-direct] [on_notify] [DATA_IN] AWS=0.0kt AWA=0° Batt=100% Temp=0°C
[2026-05-30T18:03:35] [DEBUG] [calypso-direct] [on_notify] [DATA_IN] AWS=0.0kt AWA=0° Batt=100% Temp=0°C
[2026-05-30T18:03:35] [DEBUG] [calypso-direct] [on_notify] [DATA_IN] AWS=1.4kt AWA=44° Batt=100% Temp=0°C
[2026-05-30T18:03:35] [DEBUG] [calypso-direct] [on_notify] [DATA_IN] AWS=1.9kt AWA=28° Batt=100% Temp=0°C
[2026-05-30T18:03:35] [DEBUG] [calypso-direct] [on_notify] [DATA_IN] AWS=1.9kt AWA=30° Batt=100% Temp=0°C
[2026-05-30T18:03:36] [DEBUG] [calypso-direct] [on_notify] [DATA_IN] AWS=1.9kt AWA=32° Batt=100% Temp=0°C
[2026-05-30T18:03:36] [DEBUG] [calypso-direct] [on_notify] [DATA_IN] AWS=1.7kt AWA=32° Batt=100% Temp=0°C
[2026-05-30T18:03:36] [DEBUG] [calypso-direct] [on_notify] [DATA_IN] AWS=1.4kt AWA=32° Batt=100% Temp=0°C
[2026-05-30T18:03:36] [DEBUG] [calypso-direct] [on_notify] [DATA_IN] AWS=1.4kt AWA=32° Batt=100% Temp=0°C
[2026-05-30T18:03:36] [DEBUG] [calypso-direct] [on_notify] [DATA_IN] AWS=1.2kt AWA=32° Batt=100% Temp=0°C
[2026-05-30T18:03:36] [DEBUG] [calypso-direct] [on_notify] [DATA_IN] AWS=1.2kt AWA=32° Batt=100% Temp=0°C
[2026-05-30T18:03:36] [DEBUG] [calypso-direct] [on_notify] [DATA_IN] AWS=1.2kt AWA=32° Batt=100% Temp=0°C
[2026-05-30T18:03:37] [DEBUG] [calypso-direct] [on_notify] [DATA_IN] AWS=1.6kt AWA=32° Batt=100% Temp=0°C
[2026-05-30T18:03:37] [DEBUG] [calypso-direct] [on_notify] [DATA_IN] AWS=1.6kt AWA=32° Batt=100% Temp=0°C
[2026-05-30T18:03:37] [DEBUG] [calypso-direct] [on_notify] [DATA_IN] AWS=1.6kt AWA=32° Batt=100% Temp=0°C
[2026-05-30T18:03:38] [DEBUG] [calypso-direct] [on_notify] [DATA_IN] AWS=1.9kt AWA=18° Batt=100% Temp=0°C
[2026-05-30T18:03:38] [DEBUG] [calypso-direct] [on_notify] [DATA_IN] AWS=1.9kt AWA=18° Batt=100% Temp=0°C
[2026-05-30T18:03:38] [DEBUG] [calypso-direct] [on_notify] [DATA_IN] AWS=2.1kt AWA=18° Batt=100% Temp=0°C
[2026-05-30T18:03:39] [DEBUG] [calypso-direct] [on_notify] [DATA_IN] AWS=2.1kt AWA=21° Batt=100% Temp=0°C
[2026-05-30T18:03:39] [DEBUG] [calypso-direct] [on_notify] [DATA_IN] AWS=2.1kt AWA=22° Batt=100% Temp=0°C
[2026-05-30T18:03:39] [DEBUG] [calypso-direct] [on_notify] [DATA_IN] AWS=2.1kt AWA=23° Batt=100% Temp=0°C
[2026-05-30T18:03:39] [DEBUG] [calypso-direct] [on_notify] [DATA_IN] AWS=1.7kt AWA=23° Batt=100% Temp=0°C
[2026-05-30T18:03:40] [DEBUG] [calypso-direct] [on_notify] [DATA_IN] AWS=1.7kt AWA=23° Batt=100% Temp=0°C
[2026-05-30T18:03:40] [DEBUG] [calypso-direct] [on_notify] [DATA_IN] AWS=1.7kt AWA=23° Batt=100% Temp=0°C
[2026-05-30T18:03:40] [DEBUG] [calypso-direct] [on_notify] [DATA_IN] AWS=1.7kt AWA=23° Batt=100% Temp=0°C
[2026-05-30T18:03:40] [DEBUG] [calypso-direct] [on_notify] [DATA_IN] AWS=1.7kt AWA=23° Batt=100% Temp=0°C
[2026-05-30T18:03:40] [DEBUG] [calypso-direct] [on_notify] [DATA_IN] AWS=1.9kt AWA=18° Batt=100% Temp=0°C
[2026-05-30T18:03:41] [DEBUG] [calypso-direct] [on_notify] [DATA_IN] AWS=2.1kt AWA=18° Batt=100% Temp=0°C
[2026-05-30T18:03:42] [DEBUG] [calypso-direct] [on_notify] [DATA_IN] AWS=2.5kt AWA=23° Batt=100% Temp=0°C
[2026-05-30T18:03:42] [DEBUG] [calypso-direct] [on_notify] [DATA_IN] AWS=2.9kt AWA=29° Batt=100% Temp=0°C
[2026-05-30T18:03:42] [DEBUG] [calypso-direct] [on_notify] [DATA_IN] AWS=2.9kt AWA=29° Batt=100% Temp=0°C
[2026-05-30T18:03:42] [DEBUG] [calypso-direct] [on_notify] [DATA_IN] AWS=2.9kt AWA=33° Batt=100% Temp=0°C
[2026-05-30T18:03:42] [DEBUG] [calypso-direct] [on_notify] [DATA_IN] AWS=2.7kt AWA=33° Batt=100% Temp=0°C
[2026-05-30T18:03:42] [DEBUG] [calypso-direct] [on_notify] [DATA_IN] AWS=2.7kt AWA=33° Batt=100% Temp=0°C
[2026-05-30T18:03:42] [DEBUG] [calypso-direct] [on_notify] [DATA_IN] AWS=2.5kt AWA=31° Batt=100% Temp=0°C
[2026-05-30T18:03:43] [DEBUG] [calypso-direct] [on_notify] [DATA_IN] AWS=2.1kt AWA=28° Batt=100% Temp=0°C
[2026-05-30T18:03:43] [DEBUG] [calypso-direct] [on_notify] [DATA_IN] AWS=1.9kt AWA=22° Batt=100% Temp=0°C
[2026-05-30T18:03:43] [DEBUG] [calypso-direct] [on_notify] [DATA_IN] AWS=1.9kt AWA=22° Batt=100% Temp=0°C
[2026-05-30T18:03:44] [DEBUG] [calypso-direct] [on_notify] [DATA_IN] AWS=1.9kt AWA=22° Batt=100% Temp=0°C
[2026-05-30T18:03:44] [DEBUG] [calypso-direct] [on_notify] [DATA_IN] AWS=1.9kt AWA=22° Batt=100% Temp=0°C
[2026-05-30T18:03:44] [DEBUG] [calypso-direct] [on_notify] [DATA_IN] AWS=2.1kt AWA=26° Batt=100% Temp=0°C
[2026-05-30T18:03:45] [DEBUG] [calypso-direct] [on_notify] [DATA_IN] AWS=2.1kt AWA=27° Batt=100% Temp=0°C
[2026-05-30T18:03:45] [DEBUG] [calypso-direct] [on_notify] [DATA_IN] AWS=2.5kt AWA=30° Batt=100% Temp=0°C
[2026-05-30T18:03:45] [DEBUG] [calypso-direct] [on_notify] [DATA_IN] AWS=2.7kt AWA=32° Batt=100% Temp=0°C
[2026-05-30T18:03:45] [DEBUG] [calypso-direct] [on_notify] [DATA_IN] AWS=2.7kt AWA=35° Batt=100% Temp=0°C
[2026-05-30T18:03:45] [DEBUG] [calypso-direct] [on_notify] [DATA_IN] AWS=2.7kt AWA=35° Batt=100% Temp=0°C
[2026-05-30T18:03:45] [DEBUG] [calypso-direct] [on_notify] [DATA_IN] AWS=2.7kt AWA=35° Batt=100% Temp=0°C
[2026-05-30T18:03:46] [DEBUG] [calypso-direct] [on_notify] [DATA_IN] AWS=2.3kt AWA=31° Batt=100% Temp=0°C
[2026-05-30T18:03:46] [DEBUG] [calypso-direct] [on_notify] [DATA_IN] AWS=2.1kt AWA=27° Batt=100% Temp=0°C
[2026-05-30T18:03:46] [DEBUG] [calypso-direct] [on_notify] [DATA_IN] AWS=2.1kt AWA=27° Batt=100% Temp=0°C
[2026-05-30T18:03:46] [DEBUG] [calypso-direct] [on_notify] [DATA_IN] AWS=2.1kt AWA=25° Batt=100% Temp=0°C
[2026-05-30T18:03:48] [DEBUG] [calypso-direct] [on_notify] [DATA_IN] AWS=2.1kt AWA=25° Batt=100% Temp=0°C
[2026-05-30T18:03:48] [DEBUG] [calypso-direct] [on_notify] [DATA_IN] AWS=2.1kt AWA=25° Batt=100% Temp=0°C
[2026-05-30T18:03:48] [DEBUG] [calypso-direct] [on_notify] [DATA_IN] AWS=2.1kt AWA=27° Batt=100% Temp=0°C
[2026-05-30T18:03:48] [DEBUG] [calypso-direct] [on_notify] [DATA_IN] AWS=2.1kt AWA=28° Batt=100% Temp=0°C
[2026-05-30T18:03:48] [DEBUG] [calypso-direct] [on_notify] [DATA_IN] AWS=2.3kt AWA=29° Batt=100% Temp=0°C
[2026-05-30T18:03:48] [DEBUG] [calypso-direct] [on_notify] [DATA_IN] AWS=2.3kt AWA=30° Batt=100% Temp=0°C
[2026-05-30T18:03:48] [DEBUG] [calypso-direct] [on_notify] [DATA_IN] AWS=2.3kt AWA=31° Batt=100% Temp=0°C
[2026-05-30T18:03:49] [DEBUG] [calypso-direct] [on_notify] [DATA_IN] AWS=2.3kt AWA=32° Batt=100% Temp=0°C
[2026-05-30T18:03:49] [DEBUG] [calypso-direct] [on_notify] [DATA_IN] AWS=2.3kt AWA=31° Batt=100% Temp=0°C
[2026-05-30T18:03:49] [DEBUG] [calypso-direct] [on_notify] [DATA_IN] AWS=2.3kt AWA=30° Batt=100% Temp=0°C
[2026-05-30T18:03:49] [DEBUG] [calypso-direct] [on_notify] [DATA_IN] AWS=1.9kt AWA=30° Batt=100% Temp=0°C
[2026-05-30T18:03:50] [DEBUG] [calypso-direct] [on_notify] [DATA_IN] AWS=1.9kt AWA=25° Batt=100% Temp=0°C
[2026-05-30T18:03:50] [DEBUG] [calypso-direct] [on_notify] [DATA_IN] AWS=1.7kt AWA=25° Batt=100% Temp=0°C
[2026-05-30T18:03:50] [DEBUG] [calypso-direct] [on_notify] [DATA_IN] AWS=1.7kt AWA=25° Batt=100% Temp=0°C
[2026-05-30T18:03:50] [DEBUG] [calypso-direct] [on_notify] [DATA_IN] AWS=1.7kt AWA=25° Batt=100% Temp=0°C
[2026-05-30T18:03:50] [DEBUG] [calypso-direct] [on_notify] [DATA_IN] AWS=2.1kt AWA=30° Batt=100% Temp=0°C
[2026-05-30T18:03:51] [DEBUG] [calypso-direct] [on_notify] [DATA_IN] AWS=2.1kt AWA=32° Batt=100% Temp=0°C
[2026-05-30T18:03:51] [DEBUG] [calypso-direct] [on_notify] [DATA_IN] AWS=2.1kt AWA=32° Batt=100% Temp=0°C
[2026-05-30T18:03:51] [DEBUG] [calypso-direct] [on_notify] [DATA_IN] AWS=2.1kt AWA=32° Batt=100% Temp=0°C
[2026-05-30T18:03:52] [DEBUG] [calypso-direct] [on_notify] [DATA_IN] AWS=1.9kt AWA=33° Batt=100% Temp=0°C
[2026-05-30T18:03:52] [DEBUG] [calypso-direct] [on_notify] [DATA_IN] AWS=1.9kt AWA=35° Batt=100% Temp=0°C
[2026-05-30T18:03:52] [DEBUG] [calypso-direct] [on_notify] [DATA_IN] AWS=1.9kt AWA=35° Batt=100% Temp=0°C
[2026-05-30T18:03:52] [DEBUG] [calypso-direct] [on_notify] [DATA_IN] AWS=2.1kt AWA=40° Batt=100% Temp=0°C
[2026-05-30T18:03:53] [DEBUG] [calypso-direct] [on_notify] [DATA_IN] AWS=2.1kt AWA=44° Batt=100% Temp=0°C
[2026-05-30T18:03:53] [DEBUG] [calypso-direct] [on_notify] [DATA_IN] AWS=2.1kt AWA=44° Batt=100% Temp=0°C
[2026-05-30T18:03:53] [DEBUG] [calypso-direct] [on_notify] [DATA_IN] AWS=1.9kt AWA=44° Batt=100% Temp=0°C
[2026-05-30T18:03:54] [DEBUG] [calypso-direct] [on_notify] [DATA_IN] AWS=1.9kt AWA=37° Batt=100% Temp=0°C
[2026-05-30T18:03:54] [DEBUG] [calypso-direct] [on_notify] [DATA_IN] AWS=1.9kt AWA=27° Batt=100% Temp=0°C
[2026-05-30T18:03:54] [DEBUG] [calypso-direct] [on_notify] [DATA_IN] AWS=1.9kt AWA=27° Batt=100% Temp=0°C
[2026-05-30T18:03:54] [DEBUG] [calypso-direct] [on_notify] [DATA_IN] AWS=1.9kt AWA=27° Batt=100% Temp=0°C
[2026-05-30T18:03:54] [DEBUG] [calypso-direct] [on_notify] [DATA_IN] AWS=1.9kt AWA=27° Batt=100% Temp=0°C
[2026-05-30T18:03:54] [DEBUG] [calypso-direct] [on_notify] [DATA_IN] AWS=1.9kt AWA=27° Batt=100% Temp=0°C
[2026-05-30T18:03:55] [DEBUG] [calypso-direct] [on_notify] [DATA_IN] AWS=1.9kt AWA=30° Batt=100% Temp=0°C
[2026-05-30T18:03:55] [DEBUG] [calypso-direct] [on_notify] [DATA_IN] AWS=1.9kt AWA=35° Batt=100% Temp=0°C
[2026-05-30T18:03:55] [DEBUG] [calypso-direct] [on_notify] [DATA_IN] AWS=1.9kt AWA=35° Batt=100% Temp=0°C
[2026-05-30T18:03:55] [DEBUG] [calypso-direct] [on_notify] [DATA_IN] AWS=1.9kt AWA=35° Batt=100% Temp=0°C
[2026-05-30T18:03:57] [DEBUG] [calypso-direct] [on_notify] [DATA_IN] AWS=1.9kt AWA=35° Batt=100% Temp=0°C
[2026-05-30T18:03:57] [DEBUG] [calypso-direct] [on_notify] [DATA_IN] AWS=1.9kt AWA=33° Batt=100% Temp=0°C
[2026-05-30T18:03:57] [DEBUG] [calypso-direct] [on_notify] [DATA_IN] AWS=1.9kt AWA=33° Batt=100% Temp=0°C
[2026-05-30T18:03:57] [DEBUG] [calypso-direct] [on_notify] [DATA_IN] AWS=1.9kt AWA=32° Batt=100% Temp=0°C
[2026-05-30T18:03:57] [DEBUG] [calypso-direct] [on_notify] [DATA_IN] AWS=1.9kt AWA=32° Batt=100% Temp=0°C
[2026-05-30T18:03:57] [DEBUG] [calypso-direct] [on_notify] [DATA_IN] AWS=1.7kt AWA=32° Batt=100% Temp=0°C
[2026-05-30T18:03:58] [DEBUG] [calypso-direct] [on_notify] [DATA_IN] AWS=1.7kt AWA=32° Batt=100% Temp=0°C
[2026-05-30T18:03:58] [DEBUG] [calypso-direct] [on_notify] [DATA_IN] AWS=1.7kt AWA=32° Batt=100% Temp=0°C
[2026-05-30T18:03:58] [DEBUG] [calypso-direct] [on_notify] [DATA_IN] AWS=1.6kt AWA=32° Batt=100% Temp=0°C
[2026-05-30T18:03:58] [DEBUG] [calypso-direct] [on_notify] [DATA_IN] AWS=1.6kt AWA=32° Batt=100% Temp=0°C
[2026-05-30T18:03:59] [DEBUG] [calypso-direct] [on_notify] [DATA_IN] AWS=1.6kt AWA=32° Batt=100% Temp=0°C
[2026-05-30T18:03:59] [DEBUG] [calypso-direct] [on_notify] [DATA_IN] AWS=1.6kt AWA=32° Batt=100% Temp=0°C
[2026-05-30T18:03:59] [DEBUG] [calypso-direct] [on_notify] [DATA_IN] AWS=1.7kt AWA=32° Batt=100% Temp=0°C
[2026-05-30T18:03:59] [DEBUG] [calypso-direct] [on_notify] [DATA_IN] AWS=2.1kt AWA=33° Batt=100% Temp=0°C
[2026-05-30T18:03:59] [DEBUG] [calypso-direct] [on_notify] [DATA_IN] AWS=2.1kt AWA=33° Batt=100% Temp=0°C
[2026-05-30T18:03:59] [DEBUG] [calypso-direct] [on_notify] [DATA_IN] AWS=2.1kt AWA=34° Batt=100% Temp=0°C
[2026-05-30T18:04:00] [DEBUG] [calypso-direct] [on_notify] [DATA_IN] AWS=2.1kt AWA=35° Batt=100% Temp=0°C
[2026-05-30T18:04:00] [DEBUG] [calypso-direct] [on_notify] [DATA_IN] AWS=2.1kt AWA=34° Batt=100% Temp=0°C
[2026-05-30T18:04:00] [DEBUG] [calypso-direct] [on_notify] [DATA_IN] AWS=1.9kt AWA=33° Batt=100% Temp=0°C
[2026-05-30T18:04:01] [DEBUG] [calypso-direct] [on_notify] [DATA_IN] AWS=1.9kt AWA=35° Batt=100% Temp=0°C
[2026-05-30T18:04:01] [DEBUG] [calypso-direct] [on_notify] [DATA_IN] AWS=1.9kt AWA=35° Batt=100% Temp=0°C
[2026-05-30T18:04:01] [DEBUG] [calypso-direct] [on_notify] [DATA_IN] AWS=1.9kt AWA=33° Batt=100% Temp=0°C
[2026-05-30T18:04:01] [DEBUG] [calypso-direct] [on_notify] [DATA_IN] AWS=1.9kt AWA=33° Batt=100% Temp=0°C
[2026-05-30T18:04:02] [DEBUG] [calypso-direct] [on_notify] [DATA_IN] AWS=1.9kt AWA=32° Batt=100% Temp=0°C
[2026-05-30T18:04:02] [DEBUG] [calypso-direct] [on_notify] [DATA_IN] AWS=1.9kt AWA=32° Batt=100% Temp=0°C
[2026-05-30T18:04:02] [DEBUG] [calypso-direct] [on_notify] [DATA_IN] AWS=1.9kt AWA=32° Batt=100% Temp=0°C
[2026-05-30T18:04:03] [DEBUG] [calypso-direct] [on_notify] [DATA_IN] AWS=1.9kt AWA=32° Batt=100% Temp=0°C
[2026-05-30T18:04:03] [DEBUG] [calypso-direct] [on_notify] [DATA_IN] AWS=1.9kt AWA=32° Batt=100% Temp=0°C
[2026-05-30T18:04:03] [DEBUG] [calypso-direct] [on_notify] [DATA_IN] AWS=1.9kt AWA=33° Batt=100% Temp=0°C
[2026-05-30T18:04:03] [DEBUG] [calypso-direct] [on_notify] [DATA_IN] AWS=1.9kt AWA=33° Batt=100% Temp=0°C
[2026-05-30T18:04:04] [DEBUG] [calypso-direct] [on_notify] [DATA_IN] AWS=2.1kt AWA=33° Batt=100% Temp=0°C
[2026-05-30T18:04:04] [DEBUG] [calypso-direct] [on_notify] [DATA_IN] AWS=2.1kt AWA=34° Batt=100% Temp=0°C
[2026-05-30T18:04:04] [DEBUG] [calypso-direct] [on_notify] [DATA_IN] AWS=2.1kt AWA=37° Batt=100% Temp=0°C
[2026-05-30T18:04:04] [DEBUG] [calypso-direct] [on_notify] [DATA_IN] AWS=2.1kt AWA=38° Batt=100% Temp=0°C
[2026-05-30T18:04:04] [DEBUG] [calypso-direct] [on_notify] [DATA_IN] AWS=2.1kt AWA=39° Batt=100% Temp=0°C
[2026-05-30T18:04:04] [DEBUG] [calypso-direct] [on_notify] [DATA_IN] AWS=2.1kt AWA=39° Batt=100% Temp=0°C
[2026-05-30T18:04:05] [DEBUG] [calypso-direct] [on_notify] [DATA_IN] AWS=2.1kt AWA=38° Batt=100% Temp=0°C
[2026-05-30T18:04:05] [DEBUG] [calypso-direct] [on_notify] [DATA_IN] AWS=2.1kt AWA=38° Batt=100% Temp=0°C
[2026-05-30T18:04:05] [DEBUG] [calypso-direct] [on_notify] [DATA_IN] AWS=1.9kt AWA=35° Batt=100% Temp=0°C
[2026-05-30T18:04:06] [DEBUG] [calypso-direct] [on_notify] [DATA_IN] AWS=1.7kt AWA=35° Batt=100% Temp=0°C
[2026-05-30T18:04:06] [DEBUG] [calypso-direct] [on_notify] [DATA_IN] AWS=1.6kt AWA=35° Batt=100% Temp=0°C
[2026-05-30T18:04:06] [DEBUG] [calypso-direct] [on_notify] [DATA_IN] AWS=1.6kt AWA=35° Batt=100% Temp=0°C
[2026-05-30T18:04:07] [DEBUG] [calypso-direct] [on_notify] [DATA_IN] AWS=1.6kt AWA=35° Batt=100% Temp=0°C
[2026-05-30T18:04:07] [DEBUG] [calypso-direct] [on_notify] [DATA_IN] AWS=1.6kt AWA=35° Batt=100% Temp=0°C
[2026-05-30T18:04:07] [DEBUG] [calypso-direct] [on_notify] [DATA_IN] AWS=1.6kt AWA=35° Batt=100% Temp=0°C
[2026-05-30T18:04:07] [DEBUG] [calypso-direct] [on_notify] [DATA_IN] AWS=1.6kt AWA=35° Batt=100% Temp=0°C
[2026-05-30T18:04:07] [DEBUG] [calypso-direct] [on_notify] [DATA_IN] AWS=1.7kt AWA=35° Batt=100% Temp=0°C
[2026-05-30T18:04:07] [DEBUG] [calypso-direct] [on_notify] [DATA_IN] AWS=1.9kt AWA=40° Batt=100% Temp=0°C
[2026-05-30T18:04:07] [DEBUG] [calypso-direct] [on_notify] [DATA_IN] AWS=2.1kt AWA=41° Batt=100% Temp=0°C
[2026-05-30T18:04:08] [DEBUG] [calypso-direct] [on_notify] [DATA_IN] AWS=2.3kt AWA=41° Batt=100% Temp=0°C
[2026-05-30T18:04:08] [DEBUG] [calypso-direct] [on_notify] [DATA_IN] AWS=2.3kt AWA=41° Batt=100% Temp=0°C
[2026-05-30T18:04:08] [DEBUG] [calypso-direct] [on_notify] [DATA_IN] AWS=2.3kt AWA=39° Batt=100% Temp=0°C
[2026-05-30T18:04:08] [DEBUG] [calypso-direct] [on_notify] [DATA_IN] AWS=2.3kt AWA=37° Batt=100% Temp=0°C
[2026-05-30T18:04:09] [DEBUG] [calypso-direct] [on_notify] [DATA_IN] AWS=2.3kt AWA=35° Batt=100% Temp=0°C
[2026-05-30T18:04:09] [DEBUG] [calypso-direct] [on_notify] [DATA_IN] AWS=2.3kt AWA=35° Batt=100% Temp=0°C
[2026-05-30T18:04:10] [DEBUG] [calypso-direct] [on_notify] [DATA_IN] AWS=2.3kt AWA=32° Batt=100% Temp=0°C
[2026-05-30T18:04:10] [DEBUG] [calypso-direct] [on_notify] [DATA_IN] AWS=2.1kt AWA=31° Batt=100% Temp=0°C
[2026-05-30T18:04:10] [DEBUG] [calypso-direct] [on_notify] [DATA_IN] AWS=2.1kt AWA=29° Batt=100% Temp=0°C
[2026-05-30T18:04:10] [DEBUG] [calypso-direct] [on_notify] [DATA_IN] AWS=2.1kt AWA=29° Batt=100% Temp=0°C
[2026-05-30T18:04:11] [DEBUG] [calypso-direct] [on_notify] [DATA_IN] AWS=2.3kt AWA=29° Batt=100% Temp=0°C
[2026-05-30T18:04:11] [DEBUG] [calypso-direct] [on_notify] [DATA_IN] AWS=2.5kt AWA=37° Batt=100% Temp=0°C
[2026-05-30T18:04:11] [DEBUG] [calypso-direct] [on_notify] [DATA_IN] AWS=2.7kt AWA=39° Batt=100% Temp=0°C
[2026-05-30T18:04:11] [DEBUG] [calypso-direct] [on_notify] [DATA_IN] AWS=2.7kt AWA=41° Batt=100% Temp=0°C
[2026-05-30T18:04:11] [DEBUG] [calypso-direct] [on_notify] [DATA_IN] AWS=2.7kt AWA=41° Batt=100% Temp=0°C
[2026-05-30T18:04:12] [DEBUG] [calypso-direct] [on_notify] [DATA_IN] AWS=2.7kt AWA=41° Batt=100% Temp=0°C
[2026-05-30T18:04:12] [DEBUG] [calypso-direct] [on_notify] [DATA_IN] AWS=2.3kt AWA=38° Batt=100% Temp=0°C
[2026-05-30T18:04:12] [DEBUG] [calypso-direct] [on_notify] [DATA_IN] AWS=2.1kt AWA=28° Batt=100% Temp=0°C
[2026-05-30T18:04:12] [DEBUG] [calypso-direct] [on_notify] [DATA_IN] AWS=1.9kt AWA=24° Batt=100% Temp=0°C
[2026-05-30T18:04:13] [DEBUG] [calypso-direct] [on_notify] [DATA_IN] AWS=1.7kt AWA=24° Batt=100% Temp=0°C
[2026-05-30T18:04:13] [DEBUG] [calypso-direct] [on_notify] [DATA_IN] AWS=1.4kt AWA=24° Batt=100% Temp=0°C
[2026-05-30T18:04:13] [DEBUG] [calypso-direct] [on_notify] [DATA_IN] AWS=1.4kt AWA=24° Batt=100% Temp=0°C
[2026-05-30T18:04:13] [DEBUG] [calypso-direct] [on_notify] [DATA_IN] AWS=1.2kt AWA=24° Batt=100% Temp=0°C
[2026-05-30T18:04:14] [DEBUG] [calypso-direct] [on_notify] [DATA_IN] AWS=1.2kt AWA=24° Batt=100% Temp=0°C
[2026-05-30T18:04:14] [DEBUG] [calypso-direct] [on_notify] [DATA_IN] AWS=1.2kt AWA=24° Batt=100% Temp=0°C
[2026-05-30T18:04:14] [DEBUG] [calypso-direct] [on_notify] [DATA_IN] AWS=1.6kt AWA=24° Batt=100% Temp=0°C
[2026-05-30T18:04:15] [DEBUG] [calypso-direct] [on_notify] [DATA_IN] AWS=2.1kt AWA=40° Batt=100% Temp=0°C
[2026-05-30T18:04:15] [DEBUG] [calypso-direct] [on_notify] [DATA_IN] AWS=2.5kt AWA=42° Batt=100% Temp=0°C
[2026-05-30T18:04:15] [DEBUG] [calypso-direct] [on_notify] [DATA_IN] AWS=2.5kt AWA=43° Batt=100% Temp=0°C
[2026-05-30T18:04:16] [DEBUG] [calypso-direct] [on_notify] [DATA_IN] AWS=2.5kt AWA=44° Batt=100% Temp=0°C
[2026-05-30T18:04:16] [DEBUG] [calypso-direct] [on_notify] [DATA_IN] AWS=2.3kt AWA=45° Batt=100% Temp=0°C
[2026-05-30T18:04:16] [DEBUG] [calypso-direct] [on_notify] [DATA_IN] AWS=2.1kt AWA=46° Batt=100% Temp=0°C
[2026-05-30T18:04:16] [DEBUG] [calypso-direct] [on_notify] [DATA_IN] AWS=1.6kt AWA=46° Batt=100% Temp=0°C
[2026-05-30T18:04:16] [DEBUG] [calypso-direct] [on_notify] [DATA_IN] AWS=1.4kt AWA=46° Batt=100% Temp=0°C
[2026-05-30T18:04:16] [DEBUG] [calypso-direct] [on_notify] [DATA_IN] AWS=1.4kt AWA=46° Batt=100% Temp=0°C
[2026-05-30T18:04:17] [DEBUG] [calypso-direct] [on_notify] [DATA_IN] AWS=1.4kt AWA=46° Batt=100% Temp=0°C
[2026-05-30T18:04:17] [DEBUG] [calypso-direct] [on_notify] [DATA_IN] AWS=1.4kt AWA=46° Batt=100% Temp=0°C
[2026-05-30T18:04:17] [DEBUG] [calypso-direct] [on_notify] [DATA_IN] AWS=1.6kt AWA=46° Batt=100% Temp=0°C
[2026-05-30T18:04:17] [DEBUG] [calypso-direct] [on_notify] [DATA_IN] AWS=1.7kt AWA=46° Batt=100% Temp=0°C
[2026-05-30T18:04:18] [DEBUG] [calypso-direct] [on_notify] [DATA_IN] AWS=1.9kt AWA=48° Batt=100% Temp=0°C
[2026-05-30T18:04:18] [DEBUG] [calypso-direct] [on_notify] [DATA_IN] AWS=1.9kt AWA=48° Batt=100% Temp=0°C
[2026-05-30T18:04:19] [DEBUG] [calypso-direct] [on_notify] [DATA_IN] AWS=1.9kt AWA=49° Batt=100% Temp=0°C
[2026-05-30T18:04:19] [DEBUG] [calypso-direct] [on_notify] [DATA_IN] AWS=1.9kt AWA=49° Batt=100% Temp=0°C
[2026-05-30T18:04:19] [DEBUG] [calypso-direct] [on_notify] [DATA_IN] AWS=1.9kt AWA=48° Batt=100% Temp=0°C
[2026-05-30T18:04:19] [DEBUG] [calypso-direct] [on_notify] [DATA_IN] AWS=1.6kt AWA=48° Batt=100% Temp=0°C
[2026-05-30T18:04:19] [DEBUG] [calypso-direct] [on_notify] [DATA_IN] AWS=1.4kt AWA=48° Batt=100% Temp=0°C
[2026-05-30T18:04:20] [DEBUG] [calypso-direct] [on_notify] [DATA_IN] AWS=1.0kt AWA=48° Batt=100% Temp=0°C
[2026-05-30T18:04:20] [DEBUG] [calypso-direct] [on_notify] [DATA_IN] AWS=1.0kt AWA=48° Batt=100% Temp=0°C
[2026-05-30T18:04:20] [DEBUG] [calypso-direct] [on_notify] [DATA_IN] AWS=1.0kt AWA=48° Batt=100% Temp=0°C
[2026-05-30T18:04:21] [DEBUG] [calypso-direct] [on_notify] [DATA_IN] AWS=1.0kt AWA=48° Batt=100% Temp=0°C
[2026-05-30T18:04:21] [DEBUG] [calypso-direct] [on_notify] [DATA_IN] AWS=1.0kt AWA=48° Batt=100% Temp=0°C
[2026-05-30T18:04:21] [DEBUG] [calypso-direct] [on_notify] [DATA_IN] AWS=1.6kt AWA=48° Batt=100% Temp=0°C
[2026-05-30T18:04:21] [DEBUG] [calypso-direct] [on_notify] [DATA_IN] AWS=2.1kt AWA=51° Batt=100% Temp=0°C
[2026-05-30T18:04:21] [DEBUG] [calypso-direct] [on_notify] [DATA_IN] AWS=2.3kt AWA=50° Batt=100% Temp=0°C
[2026-05-30T18:04:21] [DEBUG] [calypso-direct] [on_notify] [DATA_IN] AWS=2.3kt AWA=47° Batt=100% Temp=0°C
[2026-05-30T18:04:22] [DEBUG] [calypso-direct] [on_notify] [DATA_IN] AWS=2.3kt AWA=46° Batt=100% Temp=0°C
[2026-05-30T18:04:22] [DEBUG] [calypso-direct] [on_notify] [DATA_IN] AWS=1.9kt AWA=44° Batt=100% Temp=0°C
[2026-05-30T18:04:22] [DEBUG] [calypso-direct] [on_notify] [DATA_IN] AWS=1.6kt AWA=44° Batt=100% Temp=0°C
[2026-05-30T18:04:23] [DEBUG] [calypso-direct] [on_notify] [DATA_IN] AWS=1.6kt AWA=44° Batt=100% Temp=0°C
[2026-05-30T18:04:23] [DEBUG] [calypso-direct] [on_notify] [DATA_IN] AWS=1.6kt AWA=44° Batt=100% Temp=0°C
[2026-05-30T18:04:23] [DEBUG] [calypso-direct] [on_notify] [DATA_IN] AWS=1.6kt AWA=44° Batt=100% Temp=0°C
[2026-05-30T18:04:23] [DEBUG] [calypso-direct] [on_notify] [DATA_IN] AWS=1.4kt AWA=44° Batt=100% Temp=0°C
[2026-05-30T18:04:24] [DEBUG] [calypso-direct] [on_notify] [DATA_IN] AWS=1.7kt AWA=44° Batt=100% Temp=0°C
[2026-05-30T18:04:25] [DEBUG] [calypso-direct] [on_notify] [DATA_IN] AWS=1.7kt AWA=44° Batt=100% Temp=0°C
[2026-05-30T18:04:25] [DEBUG] [calypso-direct] [on_notify] [DATA_IN] AWS=1.7kt AWA=44° Batt=100% Temp=0°C
[2026-05-30T18:04:25] [DEBUG] [calypso-direct] [on_notify] [DATA_IN] AWS=1.9kt AWA=48° Batt=100% Temp=0°C
[2026-05-30T18:04:25] [DEBUG] [calypso-direct] [on_notify] [DATA_IN] AWS=2.1kt AWA=49° Batt=100% Temp=0°C
[2026-05-30T18:04:25] [DEBUG] [calypso-direct] [on_notify] [DATA_IN] AWS=2.1kt AWA=49° Batt=100% Temp=0°C
[2026-05-30T18:04:25] [DEBUG] [calypso-direct] [on_notify] [DATA_IN] AWS=2.1kt AWA=48° Batt=100% Temp=0°C
[2026-05-30T18:04:26] [DEBUG] [calypso-direct] [on_notify] [DATA_IN] AWS=1.9kt AWA=44° Batt=100% Temp=0°C
[2026-05-30T18:04:26] [DEBUG] [calypso-direct] [on_notify] [DATA_IN] AWS=1.7kt AWA=44° Batt=100% Temp=0°C
[2026-05-30T18:04:26] [DEBUG] [calypso-direct] [on_notify] [DATA_IN] AWS=1.4kt AWA=44° Batt=100% Temp=0°C
[2026-05-30T18:04:26] [DEBUG] [calypso-direct] [on_notify] [DATA_IN] AWS=1.4kt AWA=44° Batt=100% Temp=0°C
[2026-05-30T18:04:26] [DEBUG] [calypso-direct] [on_notify] [DATA_IN] AWS=1.4kt AWA=44° Batt=100% Temp=0°C
[2026-05-30T18:04:26] [DEBUG] [calypso-direct] [on_notify] [DATA_IN] AWS=1.4kt AWA=44° Batt=100% Temp=0°C
[2026-05-30T18:04:27] [DEBUG] [calypso-direct] [on_notify] [DATA_IN] AWS=1.6kt AWA=44° Batt=100% Temp=0°C
[2026-05-30T18:04:27] [DEBUG] [calypso-direct] [on_notify] [DATA_IN] AWS=1.9kt AWA=44° Batt=100% Temp=0°C
[2026-05-30T18:04:27] [DEBUG] [calypso-direct] [on_notify] [DATA_IN] AWS=2.1kt AWA=52° Batt=100% Temp=0°C
[2026-05-30T18:04:28] [DEBUG] [calypso-direct] [on_notify] [DATA_IN] AWS=2.5kt AWA=52° Batt=100% Temp=0°C
[2026-05-30T18:04:28] [DEBUG] [calypso-direct] [on_notify] [DATA_IN] AWS=2.5kt AWA=52° Batt=100% Temp=0°C
[2026-05-30T18:04:28] [DEBUG] [calypso-direct] [on_notify] [DATA_IN] AWS=2.5kt AWA=52° Batt=100% Temp=0°C
[2026-05-30T18:04:29] [DEBUG] [calypso-direct] [on_notify] [DATA_IN] AWS=1.9kt AWA=46° Batt=100% Temp=0°C
[2026-05-30T18:04:29] [DEBUG] [calypso-direct] [on_notify] [DATA_IN] AWS=1.6kt AWA=46° Batt=100% Temp=0°C
[2026-05-30T18:04:29] [DEBUG] [calypso-direct] [on_notify] [DATA_IN] AWS=1.6kt AWA=46° Batt=100% Temp=0°C
[2026-05-30T18:04:29] [DEBUG] [calypso-direct] [on_notify] [DATA_IN] AWS=1.6kt AWA=46° Batt=100% Temp=0°C
[2026-05-30T18:04:30] [DEBUG] [calypso-direct] [on_notify] [DATA_IN] AWS=1.6kt AWA=46° Batt=100% Temp=0°C
[2026-05-30T18:04:30] [DEBUG] [calypso-direct] [on_notify] [DATA_IN] AWS=1.6kt AWA=46° Batt=100% Temp=0°C
[2026-05-30T18:04:30] [DEBUG] [calypso-direct] [on_notify] [DATA_IN] AWS=1.6kt AWA=46° Batt=100% Temp=0°C
[2026-05-30T18:04:30] [DEBUG] [calypso-direct] [on_notify] [DATA_IN] AWS=1.7kt AWA=46° Batt=100% Temp=0°C
[2026-05-30T18:04:30] [DEBUG] [calypso-direct] [on_notify] [DATA_IN] AWS=1.7kt AWA=46° Batt=100% Temp=0°C
[2026-05-30T18:04:30] [DEBUG] [calypso-direct] [on_notify] [DATA_IN] AWS=2.1kt AWA=35° Batt=100% Temp=0°C
[2026-05-30T18:04:31] [DEBUG] [calypso-direct] [on_notify] [DATA_IN] AWS=2.5kt AWA=46° Batt=100% Temp=0°C
[2026-05-30T18:04:32] [DEBUG] [calypso-direct] [on_notify] [DATA_IN] AWS=2.7kt AWA=47° Batt=100% Temp=0°C
[2026-05-30T18:04:32] [DEBUG] [calypso-direct] [on_notify] [DATA_IN] AWS=2.7kt AWA=51° Batt=100% Temp=0°C
[2026-05-30T18:04:32] [DEBUG] [calypso-direct] [on_notify] [DATA_IN] AWS=2.7kt AWA=56° Batt=100% Temp=0°C
[2026-05-30T18:04:32] [DEBUG] [calypso-direct] [on_notify] [DATA_IN] AWS=2.7kt AWA=56° Batt=100% Temp=0°C
[2026-05-30T18:04:32] [DEBUG] [calypso-direct] [on_notify] [DATA_IN] AWS=2.7kt AWA=56° Batt=100% Temp=0°C
[2026-05-30T18:04:32] [DEBUG] [calypso-direct] [on_notify] [DATA_IN] AWS=2.7kt AWA=55° Batt=100% Temp=0°C
[2026-05-30T18:04:33] [DEBUG] [calypso-direct] [on_notify] [DATA_IN] AWS=2.5kt AWA=51° Batt=100% Temp=0°C
[2026-05-30T18:04:34] [DEBUG] [calypso-direct] [on_notify] [DATA_IN] AWS=2.1kt AWA=50° Batt=100% Temp=0°C
[2026-05-30T18:04:34] [DEBUG] [calypso-direct] [on_notify] [DATA_IN] AWS=1.7kt AWA=50° Batt=100% Temp=0°C
[2026-05-30T18:04:34] [DEBUG] [calypso-direct] [on_notify] [DATA_IN] AWS=1.7kt AWA=50° Batt=100% Temp=0°C
[2026-05-30T18:04:34] [DEBUG] [calypso-direct] [on_notify] [DATA_IN] AWS=1.7kt AWA=50° Batt=100% Temp=0°C
[2026-05-30T18:04:34] [DEBUG] [calypso-direct] [on_notify] [DATA_IN] AWS=1.9kt AWA=40° Batt=100% Temp=0°C
[2026-05-30T18:04:34] [DEBUG] [calypso-direct] [on_notify] [DATA_IN] AWS=1.9kt AWA=43° Batt=100% Temp=0°C
[2026-05-30T18:04:35] [DEBUG] [calypso-direct] [on_notify] [DATA_IN] AWS=2.1kt AWA=50° Batt=100% Temp=0°C
[2026-05-30T18:04:35] [DEBUG] [calypso-direct] [on_notify] [DATA_IN] AWS=2.3kt AWA=55° Batt=100% Temp=0°C
[2026-05-30T18:04:35] [DEBUG] [calypso-direct] [on_notify] [DATA_IN] AWS=2.5kt AWA=58° Batt=100% Temp=0°C
[2026-05-30T18:04:35] [DEBUG] [calypso-direct] [on_notify] [DATA_IN] AWS=2.5kt AWA=58° Batt=100% Temp=0°C
[2026-05-30T18:04:35] [DEBUG] [calypso-direct] [on_notify] [DATA_IN] AWS=2.5kt AWA=58° Batt=100% Temp=0°C
[2026-05-30T18:04:35] [DEBUG] [calypso-direct] [on_notify] [DATA_IN] AWS=2.5kt AWA=57° Batt=100% Temp=0°C
[2026-05-30T18:04:36] [DEBUG] [calypso-direct] [on_notify] [DATA_IN] AWS=2.5kt AWA=57° Batt=100% Temp=0°C
[2026-05-30T18:04:36] [DEBUG] [calypso-direct] [on_notify] [DATA_IN] AWS=2.3kt AWA=57° Batt=100% Temp=0°C
[2026-05-30T18:04:36] [DEBUG] [calypso-direct] [on_notify] [DATA_IN] AWS=2.1kt AWA=56° Batt=100% Temp=0°C
[2026-05-30T18:04:37] [DEBUG] [calypso-direct] [on_notify] [DATA_IN] AWS=1.9kt AWA=54° Batt=100% Temp=0°C
[2026-05-30T18:04:37] [DEBUG] [calypso-direct] [on_notify] [DATA_IN] AWS=1.6kt AWA=54° Batt=100% Temp=0°C
[2026-05-30T18:04:37] [DEBUG] [calypso-direct] [on_notify] [DATA_IN] AWS=1.6kt AWA=54° Batt=100% Temp=0°C
[2026-05-30T18:04:38] [DEBUG] [calypso-direct] [on_notify] [DATA_IN] AWS=1.6kt AWA=54° Batt=100% Temp=0°C
[2026-05-30T18:04:38] [DEBUG] [calypso-direct] [on_notify] [DATA_IN] AWS=1.6kt AWA=54° Batt=100% Temp=0°C
[2026-05-30T18:04:38] [DEBUG] [calypso-direct] [on_notify] [DATA_IN] AWS=1.6kt AWA=54° Batt=100% Temp=0°C
[2026-05-30T18:04:39] [DEBUG] [calypso-direct] [on_notify] [DATA_IN] AWS=1.6kt AWA=54° Batt=100% Temp=0°C
[2026-05-30T18:04:39] [DEBUG] [calypso-direct] [on_notify] [DATA_IN] AWS=1.7kt AWA=54° Batt=100% Temp=0°C
[2026-05-30T18:04:39] [DEBUG] [calypso-direct] [on_notify] [DATA_IN] AWS=1.9kt AWA=51° Batt=100% Temp=0°C
[2026-05-30T18:04:39] [DEBUG] [calypso-direct] [on_notify] [DATA_IN] AWS=1.9kt AWA=51° Batt=100% Temp=0°C
[2026-05-30T18:04:39] [DEBUG] [calypso-direct] [on_notify] [DATA_IN] AWS=1.9kt AWA=51° Batt=100% Temp=0°C
[2026-05-30T18:04:39] [DEBUG] [calypso-direct] [on_notify] [DATA_IN] AWS=1.9kt AWA=48° Batt=100% Temp=0°C
[2026-05-30T18:04:39] [DEBUG] [calypso-direct] [on_notify] [DATA_IN] AWS=1.9kt AWA=45° Batt=100% Temp=0°C
[2026-05-30T18:04:39] [DEBUG] [calypso-direct] [on_notify] [DATA_IN] AWS=1.7kt AWA=45° Batt=100% Temp=0°C
[2026-05-30T18:04:40] [DEBUG] [calypso-direct] [on_notify] [DATA_IN] AWS=1.6kt AWA=45° Batt=100% Temp=0°C
[2026-05-30T18:04:40] [DEBUG] [calypso-direct] [on_notify] [DATA_IN] AWS=1.4kt AWA=45° Batt=100% Temp=0°C
[2026-05-30T18:04:41] [DEBUG] [calypso-direct] [on_notify] [DATA_IN] AWS=1.4kt AWA=45° Batt=100% Temp=0°C
[2026-05-30T18:04:41] [DEBUG] [calypso-direct] [on_notify] [DATA_IN] AWS=1.4kt AWA=45° Batt=100% Temp=0°C
[2026-05-30T18:04:41] [DEBUG] [calypso-direct] [on_notify] [DATA_IN] AWS=1.6kt AWA=45° Batt=100% Temp=0°C
[2026-05-30T18:04:41] [DEBUG] [calypso-direct] [on_notify] [DATA_IN] AWS=1.6kt AWA=45° Batt=100% Temp=0°C
[2026-05-30T18:04:42] [DEBUG] [calypso-direct] [on_notify] [DATA_IN] AWS=1.6kt AWA=45° Batt=100% Temp=0°C
[2026-05-30T18:04:42] [DEBUG] [calypso-direct] [on_notify] [DATA_IN] AWS=1.4kt AWA=45° Batt=100% Temp=0°C
[2026-05-30T18:04:42] [DEBUG] [calypso-direct] [on_notify] [DATA_IN] AWS=1.4kt AWA=45° Batt=100% Temp=0°C
[2026-05-30T18:04:42] [DEBUG] [calypso-direct] [on_notify] [DATA_IN] AWS=1.4kt AWA=45° Batt=100% Temp=0°C
[2026-05-30T18:04:42] [DEBUG] [calypso-direct] [on_notify] [DATA_IN] AWS=1.4kt AWA=45° Batt=100% Temp=0°C
[2026-05-30T18:04:43] [DEBUG] [calypso-direct] [on_notify] [DATA_IN] AWS=1.4kt AWA=45° Batt=100% Temp=0°C
[2026-05-30T18:04:43] [DEBUG] [calypso-direct] [on_notify] [DATA_IN] AWS=1.6kt AWA=45° Batt=100% Temp=0°C
[2026-05-30T18:04:43] [DEBUG] [calypso-direct] [on_notify] [DATA_IN] AWS=1.6kt AWA=45° Batt=100% Temp=0°C
[2026-05-30T18:04:43] [DEBUG] [calypso-direct] [on_notify] [DATA_IN] AWS=1.6kt AWA=45° Batt=100% Temp=0°C
[2026-05-30T18:04:44] [DEBUG] [calypso-direct] [on_notify] [DATA_IN] AWS=1.2kt AWA=45° Batt=100% Temp=0°C
[2026-05-30T18:04:44] [DEBUG] [calypso-direct] [on_notify] [DATA_IN] AWS=1.2kt AWA=45° Batt=100% Temp=0°C
[2026-05-30T18:04:44] [DEBUG] [calypso-direct] [on_notify] [DATA_IN] AWS=1.2kt AWA=45° Batt=100% Temp=0°C
[2026-05-30T18:04:45] [DEBUG] [calypso-direct] [on_notify] [DATA_IN] AWS=1.2kt AWA=45° Batt=100% Temp=0°C
[2026-05-30T18:04:45] [DEBUG] [calypso-direct] [on_notify] [DATA_IN] AWS=1.4kt AWA=45° Batt=100% Temp=0°C
[2026-05-30T18:04:45] [DEBUG] [calypso-direct] [on_notify] [DATA_IN] AWS=1.6kt AWA=45° Batt=100% Temp=0°C
[2026-05-30T18:04:45] [DEBUG] [calypso-direct] [on_notify] [DATA_IN] AWS=1.6kt AWA=45° Batt=100% Temp=0°C
[2026-05-30T18:04:46] [DEBUG] [calypso-direct] [on_notify] [DATA_IN] AWS=1.6kt AWA=45° Batt=100% Temp=0°C
[2026-05-30T18:04:46] [DEBUG] [calypso-direct] [on_notify] [DATA_IN] AWS=1.6kt AWA=45° Batt=100% Temp=0°C
[2026-05-30T18:04:46] [DEBUG] [calypso-direct] [on_notify] [DATA_IN] AWS=1.4kt AWA=45° Batt=100% Temp=0°C
[2026-05-30T18:04:46] [DEBUG] [calypso-direct] [on_notify] [DATA_IN] AWS=1.4kt AWA=45° Batt=100% Temp=0°C
[2026-05-30T18:04:46] [DEBUG] [calypso-direct] [on_notify] [DATA_IN] AWS=1.4kt AWA=45° Batt=100% Temp=0°C
[2026-05-30T18:04:47] [DEBUG] [calypso-direct] [on_notify] [DATA_IN] AWS=1.4kt AWA=45° Batt=100% Temp=0°C
[2026-05-30T18:04:47] [DEBUG] [calypso-direct] [on_notify] [DATA_IN] AWS=1.4kt AWA=45° Batt=100% Temp=0°C
[2026-05-30T18:04:47] [DEBUG] [calypso-direct] [on_notify] [DATA_IN] AWS=1.4kt AWA=45° Batt=100% Temp=0°C
[2026-05-30T18:04:47] [DEBUG] [calypso-direct] [on_notify] [DATA_IN] AWS=1.4kt AWA=45° Batt=100% Temp=0°C
[2026-05-30T18:04:48] [DEBUG] [calypso-direct] [on_notify] [DATA_IN] AWS=1.4kt AWA=45° Batt=100% Temp=0°C
[2026-05-30T18:04:48] [DEBUG] [calypso-direct] [on_notify] [DATA_IN] AWS=1.4kt AWA=45° Batt=100% Temp=0°C
[2026-05-30T18:04:48] [DEBUG] [calypso-direct] [on_notify] [DATA_IN] AWS=1.4kt AWA=45° Batt=100% Temp=0°C
[2026-05-30T18:04:48] [DEBUG] [calypso-direct] [on_notify] [DATA_IN] AWS=1.4kt AWA=45° Batt=100% Temp=0°C
[2026-05-30T18:04:49] [DEBUG] [calypso-direct] [on_notify] [DATA_IN] AWS=1.4kt AWA=45° Batt=100% Temp=0°C
[2026-05-30T18:04:49] [DEBUG] [calypso-direct] [on_notify] [DATA_IN] AWS=1.6kt AWA=45° Batt=100% Temp=0°C
[2026-05-30T18:04:49] [DEBUG] [calypso-direct] [on_notify] [DATA_IN] AWS=1.7kt AWA=45° Batt=100% Temp=0°C
[2026-05-30T18:04:49] [DEBUG] [calypso-direct] [on_notify] [DATA_IN] AWS=1.7kt AWA=45° Batt=100% Temp=0°C
[2026-05-30T18:04:50] [DEBUG] [calypso-direct] [on_notify] [DATA_IN] AWS=1.7kt AWA=45° Batt=100% Temp=0°C
[2026-05-30T18:04:50] [DEBUG] [calypso-direct] [on_notify] [DATA_IN] AWS=1.6kt AWA=45° Batt=100% Temp=0°C
[2026-05-30T18:04:50] [DEBUG] [calypso-direct] [on_notify] [DATA_IN] AWS=1.6kt AWA=45° Batt=100% Temp=0°C
[2026-05-30T18:04:51] [DEBUG] [calypso-direct] [on_notify] [DATA_IN] AWS=1.4kt AWA=45° Batt=100% Temp=0°C
[2026-05-30T18:04:51] [DEBUG] [calypso-direct] [on_notify] [DATA_IN] AWS=1.4kt AWA=45° Batt=100% Temp=0°C
[2026-05-30T18:04:51] [DEBUG] [calypso-direct] [on_notify] [DATA_IN] AWS=1.6kt AWA=45° Batt=100% Temp=0°C
[2026-05-30T18:04:52] [DEBUG] [calypso-direct] [on_notify] [DATA_IN] AWS=1.6kt AWA=45° Batt=100% Temp=0°C
[2026-05-30T18:04:52] [DEBUG] [calypso-direct] [on_notify] [DATA_IN] AWS=1.4kt AWA=45° Batt=100% Temp=0°C
[2026-05-30T18:04:52] [DEBUG] [calypso-direct] [on_notify] [DATA_IN] AWS=1.6kt AWA=45° Batt=100% Temp=0°C
[2026-05-30T18:04:52] [DEBUG] [calypso-direct] [on_notify] [DATA_IN] AWS=1.6kt AWA=45° Batt=100% Temp=0°C
[2026-05-30T18:04:52] [DEBUG] [calypso-direct] [on_notify] [DATA_IN] AWS=1.6kt AWA=45° Batt=100% Temp=0°C
[2026-05-30T18:04:52] [DEBUG] [calypso-direct] [on_notify] [DATA_IN] AWS=1.6kt AWA=45° Batt=100% Temp=0°C
[2026-05-30T18:04:53] [DEBUG] [calypso-direct] [on_notify] [DATA_IN] AWS=1.6kt AWA=45° Batt=100% Temp=0°C
[2026-05-30T18:04:53] [DEBUG] [calypso-direct] [on_notify] [DATA_IN] AWS=1.6kt AWA=45° Batt=100% Temp=0°C
[2026-05-30T18:04:53] [DEBUG] [calypso-direct] [on_notify] [DATA_IN] AWS=1.6kt AWA=45° Batt=100% Temp=0°C
[2026-05-30T18:04:54] [DEBUG] [calypso-direct] [on_notify] [DATA_IN] AWS=1.6kt AWA=45° Batt=100% Temp=0°C
[2026-05-30T18:04:54] [DEBUG] [calypso-direct] [on_notify] [DATA_IN] AWS=1.7kt AWA=45° Batt=100% Temp=0°C
[2026-05-30T18:04:54] [DEBUG] [calypso-direct] [on_notify] [DATA_IN] AWS=1.7kt AWA=45° Batt=100% Temp=0°C
[2026-05-30T18:04:54] [DEBUG] [calypso-direct] [on_notify] [DATA_IN] AWS=1.7kt AWA=45° Batt=100% Temp=0°C
[2026-05-30T18:04:55] [DEBUG] [calypso-direct] [on_notify] [DATA_IN] AWS=1.7kt AWA=45° Batt=100% Temp=0°C
[2026-05-30T18:04:55] [DEBUG] [calypso-direct] [on_notify] [DATA_IN] AWS=1.7kt AWA=45° Batt=100% Temp=0°C
[2026-05-30T18:04:55] [DEBUG] [calypso-direct] [on_notify] [DATA_IN] AWS=1.6kt AWA=45° Batt=100% Temp=0°C
[2026-05-30T18:04:55] [DEBUG] [calypso-direct] [on_notify] [DATA_IN] AWS=1.6kt AWA=45° Batt=100% Temp=0°C
[2026-05-30T18:04:56] [DEBUG] [calypso-direct] [on_notify] [DATA_IN] AWS=1.6kt AWA=45° Batt=100% Temp=0°C
[2026-05-30T18:04:56] [DEBUG] [calypso-direct] [on_notify] [DATA_IN] AWS=1.7kt AWA=45° Batt=100% Temp=0°C
[2026-05-30T18:04:56] [DEBUG] [calypso-direct] [on_notify] [DATA_IN] AWS=1.9kt AWA=37° Batt=100% Temp=0°C
[2026-05-30T18:04:57] [DEBUG] [calypso-direct] [on_notify] [DATA_IN] AWS=2.1kt AWA=42° Batt=100% Temp=0°C
[2026-05-30T18:04:57] [DEBUG] [calypso-direct] [on_notify] [DATA_IN] AWS=2.5kt AWA=49° Batt=100% Temp=0°C
[2026-05-30T18:04:57] [DEBUG] [calypso-direct] [on_notify] [DATA_IN] AWS=2.5kt AWA=54° Batt=100% Temp=0°C
[2026-05-30T18:04:57] [DEBUG] [calypso-direct] [on_notify] [DATA_IN] AWS=2.5kt AWA=54° Batt=100% Temp=0°C
[2026-05-30T18:04:57] [DEBUG] [calypso-direct] [on_notify] [DATA_IN] AWS=2.5kt AWA=57° Batt=100% Temp=0°C
[2026-05-30T18:04:57] [DEBUG] [calypso-direct] [on_notify] [DATA_IN] AWS=2.5kt AWA=58° Batt=100% Temp=0°C
[2026-05-30T18:04:58] [DEBUG] [calypso-direct] [on_notify] [DATA_IN] AWS=2.3kt AWA=58° Batt=100% Temp=0°C
[2026-05-30T18:04:58] [DEBUG] [calypso-direct] [on_notify] [DATA_IN] AWS=2.1kt AWA=58° Batt=100% Temp=0°C
[2026-05-30T18:04:58] [DEBUG] [calypso-direct] [on_notify] [DATA_IN] AWS=1.9kt AWA=56° Batt=100% Temp=0°C
[2026-05-30T18:04:59] [DEBUG] [calypso-direct] [on_notify] [DATA_IN] AWS=1.7kt AWA=56° Batt=100% Temp=0°C
[2026-05-30T18:04:59] [DEBUG] [calypso-direct] [on_notify] [DATA_IN] AWS=1.7kt AWA=56° Batt=100% Temp=0°C
[2026-05-30T18:04:59] [DEBUG] [calypso-direct] [on_notify] [DATA_IN] AWS=1.7kt AWA=56° Batt=100% Temp=0°C
[2026-05-30T18:05:00] [DEBUG] [calypso-direct] [on_notify] [DATA_IN] AWS=1.7kt AWA=56° Batt=100% Temp=0°C
[2026-05-30T18:05:00] [DEBUG] [calypso-direct] [on_notify] [DATA_IN] AWS=1.9kt AWA=47° Batt=100% Temp=0°C
[2026-05-30T18:05:00] [DEBUG] [calypso-direct] [on_notify] [DATA_IN] AWS=1.9kt AWA=50° Batt=100% Temp=0°C
[2026-05-30T18:05:00] [DEBUG] [calypso-direct] [on_notify] [DATA_IN] AWS=2.1kt AWA=51° Batt=100% Temp=0°C
[2026-05-30T18:05:01] [DEBUG] [calypso-direct] [on_notify] [DATA_IN] AWS=2.1kt AWA=51° Batt=100% Temp=0°C
[2026-05-30T18:05:01] [DEBUG] [calypso-direct] [on_notify] [DATA_IN] AWS=2.1kt AWA=51° Batt=100% Temp=0°C
[2026-05-30T18:05:01] [DEBUG] [calypso-direct] [on_notify] [DATA_IN] AWS=2.1kt AWA=51° Batt=100% Temp=0°C
[2026-05-30T18:05:01] [DEBUG] [calypso-direct] [on_notify] [DATA_IN] AWS=2.1kt AWA=50° Batt=100% Temp=0°C
[2026-05-30T18:05:01] [DEBUG] [calypso-direct] [on_notify] [DATA_IN] AWS=1.9kt AWA=47° Batt=100% Temp=0°C
[2026-05-30T18:05:01] [DEBUG] [calypso-direct] [on_notify] [DATA_IN] AWS=1.9kt AWA=45° Batt=100% Temp=0°C
[2026-05-30T18:05:02] [DEBUG] [calypso-direct] [on_notify] [DATA_IN] AWS=1.9kt AWA=43° Batt=100% Temp=0°C
[2026-05-30T18:05:02] [DEBUG] [calypso-direct] [on_notify] [DATA_IN] AWS=1.7kt AWA=43° Batt=100% Temp=0°C
[2026-05-30T18:05:02] [DEBUG] [calypso-direct] [on_notify] [DATA_IN] AWS=1.7kt AWA=43° Batt=100% Temp=0°C
[2026-05-30T18:05:03] [DEBUG] [calypso-direct] [on_notify] [DATA_IN] AWS=1.6kt AWA=43° Batt=100% Temp=0°C
[2026-05-30T18:05:03] [DEBUG] [calypso-direct] [on_notify] [DATA_IN] AWS=1.6kt AWA=43° Batt=100% Temp=0°C
[2026-05-30T18:05:03] [DEBUG] [calypso-direct] [on_notify] [DATA_IN] AWS=1.6kt AWA=43° Batt=100% Temp=0°C
[2026-05-30T18:05:03] [DEBUG] [calypso-direct] [on_notify] [DATA_IN] AWS=1.7kt AWA=43° Batt=100% Temp=0°C
[2026-05-30T18:05:04] [DEBUG] [calypso-direct] [on_notify] [DATA_IN] AWS=1.7kt AWA=43° Batt=100% Temp=0°C
[2026-05-30T18:05:04] [DEBUG] [calypso-direct] [on_notify] [DATA_IN] AWS=2.1kt AWA=47° Batt=100% Temp=0°C
[2026-05-30T18:05:04] [DEBUG] [calypso-direct] [on_notify] [DATA_IN] AWS=2.3kt AWA=48° Batt=100% Temp=0°C
[2026-05-30T18:05:05] [DEBUG] [calypso-direct] [on_notify] [DATA_IN] AWS=2.3kt AWA=48° Batt=100% Temp=0°C
[2026-05-30T18:05:05] [DEBUG] [calypso-direct] [on_notify] [DATA_IN] AWS=2.3kt AWA=48° Batt=100% Temp=0°C
[2026-05-30T18:05:05] [DEBUG] [calypso-direct] [on_notify] [DATA_IN] AWS=2.3kt AWA=48° Batt=100% Temp=0°C
[2026-05-30T18:05:05] [DEBUG] [calypso-direct] [on_notify] [DATA_IN] AWS=2.3kt AWA=47° Batt=100% Temp=0°C
[2026-05-30T18:05:06] [DEBUG] [calypso-direct] [on_notify] [DATA_IN] AWS=1.9kt AWA=47° Batt=100% Temp=0°C
[2026-05-30T18:05:06] [DEBUG] [calypso-direct] [on_notify] [DATA_IN] AWS=1.9kt AWA=46° Batt=100% Temp=0°C
[2026-05-30T18:05:06] [DEBUG] [calypso-direct] [on_notify] [DATA_IN] AWS=1.7kt AWA=46° Batt=100% Temp=0°C
[2026-05-30T18:05:06] [DEBUG] [calypso-direct] [on_notify] [DATA_IN] AWS=1.7kt AWA=46° Batt=100% Temp=0°C
[2026-05-30T18:05:06] [DEBUG] [calypso-direct] [on_notify] [DATA_IN] AWS=1.7kt AWA=46° Batt=100% Temp=0°C
[2026-05-30T18:05:06] [DEBUG] [calypso-direct] [on_notify] [DATA_IN] AWS=1.7kt AWA=46° Batt=100% Temp=0°C
[2026-05-30T18:05:07] [DEBUG] [calypso-direct] [on_notify] [DATA_IN] AWS=1.7kt AWA=46° Batt=100% Temp=0°C
[2026-05-30T18:05:07] [DEBUG] [calypso-direct] [on_notify] [DATA_IN] AWS=1.7kt AWA=46° Batt=100% Temp=0°C
[2026-05-30T18:05:08] [DEBUG] [calypso-direct] [on_notify] [DATA_IN] AWS=1.9kt AWA=50° Batt=100% Temp=0°C
[2026-05-30T18:05:08] [DEBUG] [calypso-direct] [on_notify] [DATA_IN] AWS=2.3kt AWA=51° Batt=100% Temp=0°C
[2026-05-30T18:05:08] [DEBUG] [calypso-direct] [on_notify] [DATA_IN] AWS=2.3kt AWA=51° Batt=100% Temp=0°C
[2026-05-30T18:05:08] [DEBUG] [calypso-direct] [on_notify] [DATA_IN] AWS=2.3kt AWA=51° Batt=100% Temp=0°C
[2026-05-30T18:05:09] [DEBUG] [calypso-direct] [on_notify] [DATA_IN] AWS=2.3kt AWA=52° Batt=100% Temp=0°C
[2026-05-30T18:05:09] [DEBUG] [calypso-direct] [on_notify] [DATA_IN] AWS=2.3kt AWA=52° Batt=100% Temp=0°C
[2026-05-30T18:05:09] [DEBUG] [calypso-direct] [on_notify] [DATA_IN] AWS=2.1kt AWA=51° Batt=100% Temp=0°C
[2026-05-30T18:05:09] [DEBUG] [calypso-direct] [on_notify] [DATA_IN] AWS=2.1kt AWA=51° Batt=100% Temp=0°C
[2026-05-30T18:05:10] [DEBUG] [calypso-direct] [on_notify] [DATA_IN] AWS=1.9kt AWA=47° Batt=100% Temp=0°C
[2026-05-30T18:05:10] [DEBUG] [calypso-direct] [on_notify] [DATA_IN] AWS=1.6kt AWA=47° Batt=100% Temp=0°C
[2026-05-30T18:05:10] [DEBUG] [calypso-direct] [on_notify] [DATA_IN] AWS=1.6kt AWA=47° Batt=100% Temp=0°C
[2026-05-30T18:05:10] [DEBUG] [calypso-direct] [on_notify] [DATA_IN] AWS=1.6kt AWA=47° Batt=100% Temp=0°C
[2026-05-30T18:05:10] [DEBUG] [calypso-direct] [on_notify] [DATA_IN] AWS=1.6kt AWA=47° Batt=100% Temp=0°C
[2026-05-30T18:05:11] [DEBUG] [calypso-direct] [on_notify] [DATA_IN] AWS=1.6kt AWA=47° Batt=100% Temp=0°C
[2026-05-30T18:05:11] [DEBUG] [calypso-direct] [on_notify] [DATA_IN] AWS=1.7kt AWA=47° Batt=100% Temp=0°C
[2026-05-30T23:18:39] [INFO] [calypso-direct] [on_notify] [HEARTBEAT] packets=924 last_data=0s ago l1_fails=0
[2026-05-30T23:22:41] [WARNING] [calypso-direct] [main] [BLE_DISCONNECT] Disconnected or data timeout
[2026-05-30T23:22:41] [INFO] [calypso-direct] [main] [BLE_SCAN] Reconnecting in 5s...
[2026-05-30T23:22:46] [INFO] [calypso-direct] [main] [BLE_SCAN] Connecting to Calypso F8:5F:12:9D:D2:EE...
[2026-05-30T23:22:55] [INFO] [calypso-direct] [main] [BLE_CONNECT] Connected ✅
[2026-05-30T23:22:55] [WARNING] [calypso-direct] [configure_device] [CONFIG_WRITE] NORMAL mode failed: Characteristic 0000a001-0000-1000-8000-00805f9b34fb does not support write operations!
[2026-05-30T23:22:55] [INFO] [calypso-direct] [configure_device] [CONFIG_WRITE] 4 Hz ✅
[2026-05-30T23:22:56] [INFO] [calypso-direct] [configure_device] [CONFIG_WRITE] compass OFF (prevents sentinel -90/-90/360) ✅
[2026-05-30T23:22:57] [INFO] [calypso-direct] [on_notify] [DATA_FIRST] First packet: [0, 0, 0, 0, 10, 100, 0, 0, 0, 0] (10 bytes)
[2026-05-30T23:23:39] [INFO] [calypso-direct] [on_notify] [HEARTBEAT] packets=987 last_data=0s ago l1_fails=0
[2026-05-30T23:28:40] [INFO] [calypso-direct] [on_notify] [HEARTBEAT] packets=1134 last_data=0s ago l1_fails=0
[2026-05-30T23:33:26] [WARNING] [calypso-direct] [main] [BLE_DISCONNECT] Disconnected or data timeout
[2026-05-30T23:33:26] [INFO] [calypso-direct] [main] [BLE_SCAN] Reconnecting in 5s...
[2026-05-30T23:33:31] [INFO] [calypso-direct] [main] [BLE_SCAN] Connecting to Calypso F8:5F:12:9D:D2:EE...
[2026-05-30T23:33:49] [ERROR] [calypso-direct] [main] [ERROR] BLE error (L1 #1): failed to discover services, device disconnected
[2026-05-30T23:33:49] [INFO] [calypso-direct] [main] [BLE_SCAN] Reconnecting in 10s...
[2026-05-30T23:33:59] [INFO] [calypso-direct] [main] [BLE_SCAN] Connecting to Calypso F8:5F:12:9D:D2:EE...
[2026-05-30T23:34:13] [ERROR] [calypso-direct] [main] [ERROR] BLE error (L1 #2): failed to discover services, device disconnected
[2026-05-30T23:34:13] [INFO] [calypso-direct] [main] [BLE_SCAN] Reconnecting in 20s...
[2026-05-30T23:34:33] [INFO] [calypso-direct] [main] [BLE_SCAN] Connecting to Calypso F8:5F:12:9D:D2:EE...
[2026-05-30T23:34:47] [ERROR] [calypso-direct] [main] [ERROR] BLE error (L1 #3): failed to discover services, device disconnected
[2026-05-30T23:34:47] [INFO] [calypso-direct] [main] [BLE_SCAN] Reconnecting in 40s...
[2026-05-30T23:35:27] [INFO] [calypso-direct] [main] [BLE_SCAN] Connecting to Calypso F8:5F:12:9D:D2:EE...
[2026-05-30T23:35:40] [ERROR] [calypso-direct] [main] [ERROR] BLE error (L1 #4): failed to discover services, device disconnected
[2026-05-30T23:35:40] [INFO] [calypso-direct] [main] [BLE_SCAN] Reconnecting in 60s...
[2026-05-30T23:36:40] [INFO] [calypso-direct] [main] [BLE_SCAN] Connecting to Calypso F8:5F:12:9D:D2:EE...
[2026-05-30T23:36:49] [ERROR] [calypso-direct] [main] [ERROR] BLE error (L1 #5): [org.bluez.Error.Failed] le-connection-abort-by-local
[2026-05-30T23:36:49] [INFO] [calypso-direct] [main] [BLE_SCAN] Reconnecting in 60s...
[2026-05-30T23:37:49] [INFO] [calypso-direct] [main] [BLE_SCAN] Connecting to Calypso F8:5F:12:9D:D2:EE...
[2026-05-30T23:38:03] [ERROR] [calypso-direct] [main] [ERROR] BLE error (L1 #6): failed to discover services, device disconnected
[2026-05-30T23:38:03] [INFO] [calypso-direct] [main] [BLE_SCAN] Reconnecting in 60s...
[2026-05-30T23:39:03] [INFO] [calypso-direct] [main] [BLE_SCAN] Connecting to Calypso F8:5F:12:9D:D2:EE...
[2026-05-30T23:39:12] [ERROR] [calypso-direct] [main] [ERROR] BLE error (L1 #7): [org.bluez.Error.Failed] le-connection-abort-by-local
[2026-05-30T23:39:12] [INFO] [calypso-direct] [main] [BLE_SCAN] Reconnecting in 60s...
[2026-05-30T23:40:12] [INFO] [calypso-direct] [main] [BLE_SCAN] Connecting to Calypso F8:5F:12:9D:D2:EE...
[2026-05-30T23:40:32] [ERROR] [calypso-direct] [main] [ERROR] BLE error (L1 #8): Device with address F8:5F:12:9D:D2:EE was not found.
[2026-05-30T23:40:37] [INFO] [calypso-direct] [main] [BLE_SCAN] Reconnecting in 5s...
[2026-05-30T23:40:42] [INFO] [calypso-direct] [main] [BLE_SCAN] Connecting to Calypso F8:5F:12:9D:D2:EE...
[2026-05-30T23:41:03] [ERROR] [calypso-direct] [main] [ERROR] BLE error (L1 #1): Device with address F8:5F:12:9D:D2:EE was not found.
[2026-05-30T23:41:03] [INFO] [calypso-direct] [main] [BLE_SCAN] Reconnecting in 10s...
[2026-05-30T23:41:13] [INFO] [calypso-direct] [main] [BLE_SCAN] Connecting to Calypso F8:5F:12:9D:D2:EE...
[2026-05-30T23:41:47] [ERROR] [calypso-direct] [main] [ERROR] BLE error (L1 #2): failed to discover services, device disconnected
[2026-05-30T23:41:47] [INFO] [calypso-direct] [main] [BLE_SCAN] Reconnecting in 20s...
[2026-05-30T23:42:07] [INFO] [calypso-direct] [main] [BLE_SCAN] Connecting to Calypso F8:5F:12:9D:D2:EE...
[2026-05-30T23:42:30] [ERROR] [calypso-direct] [main] [ERROR] BLE error (L1 #3): failed to discover services, device disconnected
[2026-05-30T23:42:30] [INFO] [calypso-direct] [main] [BLE_SCAN] Reconnecting in 40s...
[2026-05-30T23:43:10] [INFO] [calypso-direct] [main] [BLE_SCAN] Connecting to Calypso F8:5F:12:9D:D2:EE...
[2026-05-30T23:43:27] [ERROR] [calypso-direct] [main] [ERROR] BLE error (L1 #4): failed to discover services, device disconnected
[2026-05-30T23:43:27] [INFO] [calypso-direct] [main] [BLE_SCAN] Reconnecting in 60s...
[2026-05-30T23:44:27] [INFO] [calypso-direct] [main] [BLE_SCAN] Connecting to Calypso F8:5F:12:9D:D2:EE...
[2026-05-30T23:44:47] [ERROR] [calypso-direct] [main] [ERROR] BLE error (L1 #5): Device with address F8:5F:12:9D:D2:EE was not found.
[2026-05-30T23:44:47] [INFO] [calypso-direct] [main] [BLE_SCAN] Reconnecting in 60s...
[2026-05-30T23:45:47] [INFO] [calypso-direct] [main] [BLE_SCAN] Connecting to Calypso F8:5F:12:9D:D2:EE...
[2026-05-30T23:46:03] [INFO] [calypso-direct] [main] [BLE_CONNECT] Connected ✅
[2026-05-30T23:46:03] [WARNING] [calypso-direct] [configure_device] [CONFIG_WRITE] NORMAL mode failed: Characteristic 0000a001-0000-1000-8000-00805f9b34fb does not support write operations!
[2026-05-30T23:46:05] [INFO] [calypso-direct] [configure_device] [CONFIG_WRITE] 4 Hz ✅
[2026-05-30T23:46:06] [INFO] [calypso-direct] [configure_device] [CONFIG_WRITE] compass OFF (prevents sentinel -90/-90/360) ✅
[2026-05-30T23:46:07] [INFO] [calypso-direct] [on_notify] [DATA_FIRST] First packet: [160, 0, 52, 0, 10, 100, 0, 0, 0, 0] (10 bytes)
[2026-05-30T23:46:07] [INFO] [calypso-direct] [on_notify] [HEARTBEAT] packets=617 last_data=0s ago l1_fails=13
[2026-05-30T23:51:08] [INFO] [calypso-direct] [on_notify] [HEARTBEAT] packets=1200 last_data=0s ago l1_fails=13
[2026-05-30T23:56:09] [INFO] [calypso-direct] [on_notify] [HEARTBEAT] packets=1198 last_data=0s ago l1_fails=13
[2026-05-31T00:01:10] [INFO] [calypso-direct] [on_notify] [HEARTBEAT] packets=1208 last_data=0s ago l1_fails=13
[2026-05-31T00:05:31] [WARNING] [calypso-direct] [main] [BLE_DISCONNECT] Disconnected or data timeout
[2026-05-31T00:05:54] [INFO] [calypso-direct] [main] [STARTUP] ==========================================================
[2026-05-31T00:05:54] [INFO] [calypso-direct] [main] [STARTUP] calypso_direct — Calypso UP10 BLE Driver
[2026-05-31T00:05:54] [INFO] [calypso-direct] [main] [STARTUP] MAC=F8:5F:12:9D:D2:EE Rate=4Hz SK=UDP:4123
[2026-05-31T00:05:54] [INFO] [calypso-direct] [main] [STARTUP] Timeout=60s L2_threshold=20
[2026-05-31T00:05:54] [INFO] [calypso-direct] [main] [STARTUP] ==========================================================
[2026-05-31T00:05:54] [INFO] [calypso-direct] [main] [BLE_SCAN] Connecting to Calypso F8:5F:12:9D:D2:EE...
[2026-05-31T12:25:22] [INFO] [calypso-direct] [main] [STARTUP] ==========================================================
[2026-05-31T12:25:22] [INFO] [calypso-direct] [main] [STARTUP] calypso_direct — Calypso UP10 BLE Driver
[2026-05-31T12:25:22] [INFO] [calypso-direct] [main] [STARTUP] MAC=F8:5F:12:9D:D2:EE Rate=4Hz SK=UDP:4123
[2026-05-31T12:25:22] [INFO] [calypso-direct] [main] [STARTUP] Timeout=60s L2_threshold=10
[2026-05-31T12:25:22] [INFO] [calypso-direct] [main] [STARTUP] ==========================================================
[2026-05-31T12:25:22] [INFO] [calypso-direct] [main] [STARTUP] BlueZ GATT cache cleared for F8:5F:12:9D:D2:EE
[2026-05-31T12:25:22] [INFO] [calypso-direct] [main] [BLE_CLEANUP] BlueZ cache cleared for F8:5F:12:9D:D2:EE
[2026-05-31T12:25:22] [INFO] [calypso-direct] [main] [BLE_SCAN] Connecting to Calypso F8:5F:12:9D:D2:EE...
[2026-05-31T12:25:29] [ERROR] [calypso-direct] [main] [ERROR] BLE error (L1 #1): [org.bluez.Error.Failed] le-connection-abort-by-local
[2026-05-31T12:25:29] [INFO] [calypso-direct] [main] [BLE_SCAN] Reconnecting in 5s...
[2026-05-31T12:25:34] [INFO] [calypso-direct] [main] [BLE_CLEANUP] BlueZ cache cleared for F8:5F:12:9D:D2:EE
[2026-05-31T12:25:34] [INFO] [calypso-direct] [main] [BLE_SCAN] Connecting to Calypso F8:5F:12:9D:D2:EE...
[2026-05-31T12:25:40] [ERROR] [calypso-direct] [main] [ERROR] BLE error (L1 #2): [org.bluez.Error.Failed] le-connection-abort-by-local
[2026-05-31T12:25:40] [INFO] [calypso-direct] [main] [BLE_SCAN] Reconnecting in 10s...
[2026-05-31T12:25:50] [INFO] [calypso-direct] [main] [BLE_CLEANUP] BlueZ cache cleared for F8:5F:12:9D:D2:EE
[2026-05-31T12:25:50] [INFO] [calypso-direct] [main] [BLE_SCAN] Connecting to Calypso F8:5F:12:9D:D2:EE...
[2026-05-31T12:25:57] [ERROR] [calypso-direct] [main] [ERROR] BLE error (L1 #3): [org.bluez.Error.Failed] le-connection-abort-by-local
[2026-05-31T12:25:57] [INFO] [calypso-direct] [main] [BLE_SCAN] Reconnecting in 20s...
[2026-05-31T12:26:17] [INFO] [calypso-direct] [main] [BLE_CLEANUP] BlueZ cache cleared for F8:5F:12:9D:D2:EE
[2026-05-31T12:26:17] [INFO] [calypso-direct] [main] [BLE_SCAN] Connecting to Calypso F8:5F:12:9D:D2:EE...
[2026-05-31T12:26:25] [ERROR] [calypso-direct] [main] [ERROR] BLE error (L1 #4): [org.bluez.Error.Failed] le-connection-abort-by-local
[2026-05-31T12:26:25] [INFO] [calypso-direct] [main] [BLE_SCAN] Reconnecting in 40s...
[2026-05-31T12:27:05] [INFO] [calypso-direct] [main] [BLE_CLEANUP] BlueZ cache cleared for F8:5F:12:9D:D2:EE
[2026-05-31T12:27:05] [INFO] [calypso-direct] [main] [BLE_SCAN] Connecting to Calypso F8:5F:12:9D:D2:EE...
[2026-05-31T12:27:09] [ERROR] [calypso-direct] [main] [ERROR] BLE error (L1 #5): [org.bluez.Error.Failed] le-connection-abort-by-local
[2026-05-31T12:27:09] [INFO] [calypso-direct] [main] [BLE_SCAN] Reconnecting in 60s...
[2026-05-31T12:28:09] [INFO] [calypso-direct] [main] [BLE_CLEANUP] BlueZ cache cleared for F8:5F:12:9D:D2:EE
[2026-05-31T12:28:09] [INFO] [calypso-direct] [main] [BLE_SCAN] Connecting to Calypso F8:5F:12:9D:D2:EE...
[2026-05-31T12:28:15] [ERROR] [calypso-direct] [main] [ERROR] BLE error (L1 #6): failed to discover services, device disconnected
[2026-05-31T12:28:15] [INFO] [calypso-direct] [main] [BLE_SCAN] Reconnecting in 60s...
[2026-05-31T12:29:15] [INFO] [calypso-direct] [main] [BLE_CLEANUP] BlueZ cache cleared for F8:5F:12:9D:D2:EE
[2026-05-31T12:29:15] [INFO] [calypso-direct] [main] [BLE_SCAN] Connecting to Calypso F8:5F:12:9D:D2:EE...
[2026-05-31T12:29:27] [INFO] [calypso-direct] [main] [BLE_CONNECT] Connected ✅
[2026-05-31T12:29:27] [WARNING] [calypso-direct] [configure_device] [CONFIG_WRITE] NORMAL mode failed: Characteristic 0000a001-0000-1000-8000-00805f9b34fb does not support write operations!
[2026-05-31T12:29:28] [INFO] [calypso-direct] [configure_device] [CONFIG_WRITE] 4 Hz ✅
[2026-05-31T12:29:30] [INFO] [calypso-direct] [configure_device] [CONFIG_WRITE] compass OFF (prevents sentinel -90/-90/360) ✅
[2026-05-31T12:29:31] [INFO] [calypso-direct] [on_notify] [DATA_FIRST] First packet: [200, 0, 24, 0, 10, 100, 0, 0, 0, 0] (10 bytes)
[2026-05-31T12:30:23] [INFO] [calypso-direct] [on_notify] [HEARTBEAT] packets=205 last_data=0s ago l1_fails=6
[2026-05-31T12:35:23] [INFO] [calypso-direct] [on_notify] [HEARTBEAT] packets=1197 last_data=0s ago l1_fails=6
[2026-05-31T12:40:23] [INFO] [calypso-direct] [on_notify] [HEARTBEAT] packets=1200 last_data=0s ago l1_fails=6
[2026-05-31T12:45:23] [INFO] [calypso-direct] [on_notify] [HEARTBEAT] packets=1197 last_data=0s ago l1_fails=6
[2026-05-31T12:48:18] [WARNING] [calypso-direct] [main] [BLE_DISCONNECT] Disconnected or data timeout
[2026-05-31T12:48:21] [INFO] [calypso-direct] [main] [STARTUP] ==========================================================
[2026-05-31T12:48:21] [INFO] [calypso-direct] [main] [STARTUP] calypso_direct — Calypso UP10 BLE Driver
[2026-05-31T12:48:21] [INFO] [calypso-direct] [main] [STARTUP] MAC=F8:5F:12:9D:D2:EE Rate=4Hz SK=UDP:4123
[2026-05-31T12:48:21] [INFO] [calypso-direct] [main] [STARTUP] Timeout=60s L2_threshold=10
[2026-05-31T12:48:21] [INFO] [calypso-direct] [main] [STARTUP] ==========================================================
[2026-05-31T12:48:21] [INFO] [calypso-direct] [main] [STARTUP] BlueZ GATT cache cleared for F8:5F:12:9D:D2:EE
[2026-05-31T12:48:23] [INFO] [calypso-direct] [main] [BLE_CLEANUP] BlueZ cache cleared for F8:5F:12:9D:D2:EE
[2026-05-31T12:48:25] [INFO] [calypso-direct] [main] [BLE_SCAN] Connecting to Calypso F8:5F:12:9D:D2:EE...
[2026-05-31T12:48:57] [INFO] [calypso-direct] [main] [BLE_CONNECT] Connected ✅
[2026-05-31T12:48:57] [WARNING] [calypso-direct] [configure_device] [CONFIG_WRITE] NORMAL mode failed: Characteristic 0000a001-0000-1000-8000-00805f9b34fb does not support write operations!
[2026-05-31T12:49:04] [INFO] [calypso-direct] [configure_device] [CONFIG_WRITE] 4 Hz ✅
[2026-05-31T12:49:07] [INFO] [calypso-direct] [configure_device] [CONFIG_WRITE] compass OFF (prevents sentinel -90/-90/360) ✅
[2026-05-31T12:49:08] [INFO] [calypso-direct] [on_notify] [DATA_FIRST] First packet: [54, 1, 75, 0, 10, 100, 0, 0, 0, 0] (10 bytes)
[2026-05-31T12:50:00] [DEBUG] [calypso-direct] [on_notify] [DATA_IN] AWS=7.0kt AWA=72° Batt=100% Temp=0°C
[2026-05-31T12:50:00] [DEBUG] [calypso-direct] [on_notify] [DATA_IN] AWS=7.0kt AWA=71° Batt=100% Temp=0°C
[2026-05-31T12:50:01] [DEBUG] [calypso-direct] [on_notify] [DATA_IN] AWS=6.8kt AWA=66° Batt=100% Temp=0°C
[2026-05-31T12:50:01] [DEBUG] [calypso-direct] [on_notify] [DATA_IN] AWS=6.4kt AWA=65° Batt=100% Temp=0°C
[2026-05-31T12:50:01] [DEBUG] [calypso-direct] [on_notify] [DATA_IN] AWS=6.2kt AWA=62° Batt=100% Temp=0°C
[2026-05-31T12:50:02] [DEBUG] [calypso-direct] [on_notify] [DATA_IN] AWS=6.2kt AWA=62° Batt=100% Temp=0°C
[2026-05-31T12:50:02] [DEBUG] [calypso-direct] [on_notify] [DATA_IN] AWS=5.6kt AWA=58° Batt=100% Temp=0°C
[2026-05-31T12:50:02] [DEBUG] [calypso-direct] [on_notify] [DATA_IN] AWS=5.6kt AWA=63° Batt=100% Temp=0°C
[2026-05-31T12:50:02] [DEBUG] [calypso-direct] [on_notify] [DATA_IN] AWS=5.6kt AWA=63° Batt=100% Temp=0°C
[2026-05-31T12:50:02] [DEBUG] [calypso-direct] [on_notify] [DATA_IN] AWS=6.2kt AWA=63° Batt=100% Temp=0°C
[2026-05-31T12:50:04] [DEBUG] [calypso-direct] [on_notify] [DATA_IN] AWS=6.2kt AWA=61° Batt=100% Temp=0°C
[2026-05-31T12:50:04] [DEBUG] [calypso-direct] [on_notify] [DATA_IN] AWS=6.2kt AWA=58° Batt=100% Temp=0°C
[2026-05-31T12:50:04] [DEBUG] [calypso-direct] [on_notify] [DATA_IN] AWS=5.8kt AWA=58° Batt=100% Temp=0°C
[2026-05-31T12:50:04] [DEBUG] [calypso-direct] [on_notify] [DATA_IN] AWS=5.6kt AWA=58° Batt=100% Temp=0°C
[2026-05-31T12:50:04] [DEBUG] [calypso-direct] [on_notify] [DATA_IN] AWS=5.6kt AWA=58° Batt=100% Temp=0°C
[2026-05-31T12:50:05] [DEBUG] [calypso-direct] [on_notify] [DATA_IN] AWS=5.4kt AWA=58° Batt=100% Temp=0°C
[2026-05-31T12:50:05] [DEBUG] [calypso-direct] [on_notify] [DATA_IN] AWS=5.4kt AWA=57° Batt=100% Temp=0°C
[2026-05-31T12:50:05] [DEBUG] [calypso-direct] [on_notify] [DATA_IN] AWS=5.2kt AWA=54° Batt=100% Temp=0°C
[2026-05-31T12:50:05] [DEBUG] [calypso-direct] [on_notify] [DATA_IN] AWS=5.1kt AWA=50° Batt=100% Temp=0°C
[2026-05-31T12:50:05] [DEBUG] [calypso-direct] [on_notify] [DATA_IN] AWS=5.1kt AWA=50° Batt=100% Temp=0°C
[2026-05-31T12:50:07] [DEBUG] [calypso-direct] [on_notify] [DATA_IN] AWS=5.1kt AWA=50° Batt=100% Temp=0°C
[2026-05-31T12:50:07] [DEBUG] [calypso-direct] [on_notify] [DATA_IN] AWS=5.2kt AWA=50° Batt=100% Temp=0°C
[2026-05-31T12:50:07] [DEBUG] [calypso-direct] [on_notify] [DATA_IN] AWS=5.2kt AWA=52° Batt=100% Temp=0°C
[2026-05-31T12:50:07] [DEBUG] [calypso-direct] [on_notify] [DATA_IN] AWS=5.4kt AWA=59° Batt=100% Temp=0°C
[2026-05-31T12:50:07] [DEBUG] [calypso-direct] [on_notify] [DATA_IN] AWS=5.1kt AWA=55° Batt=100% Temp=0°C
[2026-05-31T12:50:07] [DEBUG] [calypso-direct] [on_notify] [DATA_IN] AWS=5.1kt AWA=55° Batt=100% Temp=0°C
[2026-05-31T12:50:07] [DEBUG] [calypso-direct] [on_notify] [DATA_IN] AWS=4.9kt AWA=55° Batt=100% Temp=0°C
[2026-05-31T12:50:07] [DEBUG] [calypso-direct] [on_notify] [DATA_IN] AWS=4.9kt AWA=60° Batt=100% Temp=0°C
[2026-05-31T12:50:08] [DEBUG] [calypso-direct] [on_notify] [DATA_IN] AWS=4.9kt AWA=60° Batt=100% Temp=0°C
[2026-05-31T12:50:08] [DEBUG] [calypso-direct] [on_notify] [DATA_IN] AWS=5.1kt AWA=61° Batt=100% Temp=0°C
[2026-05-31T12:50:08] [DEBUG] [calypso-direct] [on_notify] [DATA_IN] AWS=5.1kt AWA=61° Batt=100% Temp=0°C
[2026-05-31T12:50:08] [DEBUG] [calypso-direct] [on_notify] [DATA_IN] AWS=5.1kt AWA=61° Batt=100% Temp=0°C
[2026-05-31T12:50:11] [DEBUG] [calypso-direct] [on_notify] [DATA_IN] AWS=4.9kt AWA=60° Batt=100% Temp=0°C
[2026-05-31T12:50:11] [DEBUG] [calypso-direct] [on_notify] [DATA_IN] AWS=5.6kt AWA=60° Batt=100% Temp=0°C
[2026-05-31T12:50:11] [DEBUG] [calypso-direct] [on_notify] [DATA_IN] AWS=6.6kt AWA=59° Batt=100% Temp=0°C
[2026-05-31T12:50:11] [DEBUG] [calypso-direct] [on_notify] [DATA_IN] AWS=6.6kt AWA=64° Batt=100% Temp=0°C
[2026-05-31T12:50:11] [DEBUG] [calypso-direct] [on_notify] [DATA_IN] AWS=6.6kt AWA=64° Batt=100% Temp=0°C
[2026-05-31T12:50:11] [DEBUG] [calypso-direct] [on_notify] [DATA_IN] AWS=6.4kt AWA=59° Batt=100% Temp=0°C
[2026-05-31T12:50:11] [DEBUG] [calypso-direct] [on_notify] [DATA_IN] AWS=6.4kt AWA=55° Batt=100% Temp=0°C
[2026-05-31T12:50:11] [DEBUG] [calypso-direct] [on_notify] [DATA_IN] AWS=6.4kt AWA=57° Batt=100% Temp=0°C
[2026-05-31T12:50:11] [DEBUG] [calypso-direct] [on_notify] [DATA_IN] AWS=6.4kt AWA=57° Batt=100% Temp=0°C
[2026-05-31T12:50:14] [DEBUG] [calypso-direct] [on_notify] [DATA_IN] AWS=6.4kt AWA=57° Batt=100% Temp=0°C
[2026-05-31T12:50:14] [DEBUG] [calypso-direct] [on_notify] [DATA_IN] AWS=6.4kt AWA=57° Batt=100% Temp=0°C
[2026-05-31T12:50:14] [DEBUG] [calypso-direct] [on_notify] [DATA_IN] AWS=6.6kt AWA=57° Batt=100% Temp=0°C
[2026-05-31T12:50:15] [DEBUG] [calypso-direct] [on_notify] [DATA_IN] AWS=6.6kt AWA=57° Batt=100% Temp=0°C
[2026-05-31T12:50:15] [DEBUG] [calypso-direct] [on_notify] [DATA_IN] AWS=7.2kt AWA=57° Batt=100% Temp=0°C
[2026-05-31T12:50:15] [DEBUG] [calypso-direct] [on_notify] [DATA_IN] AWS=7.2kt AWA=58° Batt=100% Temp=0°C
[2026-05-31T12:50:15] [DEBUG] [calypso-direct] [on_notify] [DATA_IN] AWS=7.2kt AWA=58° Batt=100% Temp=0°C
[2026-05-31T12:50:15] [DEBUG] [calypso-direct] [on_notify] [DATA_IN] AWS=7.4kt AWA=58° Batt=100% Temp=0°C
[2026-05-31T12:50:18] [DEBUG] [calypso-direct] [on_notify] [DATA_IN] AWS=7.4kt AWA=58° Batt=100% Temp=0°C
[2026-05-31T12:50:18] [DEBUG] [calypso-direct] [on_notify] [DATA_IN] AWS=7.4kt AWA=58° Batt=100% Temp=0°C
[2026-05-31T12:50:18] [DEBUG] [calypso-direct] [on_notify] [DATA_IN] AWS=7.4kt AWA=57° Batt=100% Temp=0°C
[2026-05-31T12:50:18] [DEBUG] [calypso-direct] [on_notify] [DATA_IN] AWS=7.4kt AWA=57° Batt=100% Temp=0°C
[2026-05-31T12:50:18] [DEBUG] [calypso-direct] [on_notify] [DATA_IN] AWS=7.2kt AWA=59° Batt=100% Temp=0°C
[2026-05-31T12:50:20] [DEBUG] [calypso-direct] [on_notify] [DATA_IN] AWS=7.6kt AWA=59° Batt=100% Temp=0°C
[2026-05-31T12:50:21] [DEBUG] [calypso-direct] [on_notify] [DATA_IN] AWS=7.6kt AWA=59° Batt=100% Temp=0°C
[2026-05-31T12:50:21] [DEBUG] [calypso-direct] [on_notify] [DATA_IN] AWS=7.8kt AWA=58° Batt=100% Temp=0°C
[2026-05-31T12:50:22] [DEBUG] [calypso-direct] [on_notify] [DATA_IN] AWS=7.8kt AWA=59° Batt=100% Temp=0°C
[2026-05-31T12:50:22] [DEBUG] [calypso-direct] [on_notify] [DATA_IN] AWS=7.8kt AWA=59° Batt=100% Temp=0°C
[2026-05-31T12:50:22] [DEBUG] [calypso-direct] [on_notify] [DATA_IN] AWS=7.8kt AWA=59° Batt=100% Temp=0°C
[2026-05-31T12:50:22] [DEBUG] [calypso-direct] [on_notify] [DATA_IN] AWS=8.0kt AWA=59° Batt=100% Temp=0°C
[2026-05-31T12:50:22] [DEBUG] [calypso-direct] [on_notify] [DATA_IN] AWS=8.0kt AWA=59° Batt=100% Temp=0°C
[2026-05-31T12:50:23] [DEBUG] [calypso-direct] [on_notify] [DATA_IN] AWS=8.0kt AWA=59° Batt=100% Temp=0°C
[2026-05-31T12:50:23] [DEBUG] [calypso-direct] [on_notify] [DATA_IN] AWS=7.8kt AWA=55° Batt=100% Temp=0°C
[2026-05-31T12:50:24] [DEBUG] [calypso-direct] [on_notify] [DATA_IN] AWS=7.6kt AWA=55° Batt=100% Temp=0°C
[2026-05-31T12:50:24] [DEBUG] [calypso-direct] [on_notify] [DATA_IN] AWS=7.0kt AWA=55° Batt=100% Temp=0°C
[2026-05-31T12:50:24] [DEBUG] [calypso-direct] [on_notify] [DATA_IN] AWS=7.0kt AWA=56° Batt=100% Temp=0°C
[2026-05-31T12:50:25] [DEBUG] [calypso-direct] [on_notify] [DATA_IN] AWS=7.0kt AWA=56° Batt=100% Temp=0°C
[2026-05-31T12:50:25] [DEBUG] [calypso-direct] [on_notify] [DATA_IN] AWS=7.2kt AWA=57° Batt=100% Temp=0°C
[2026-05-31T12:50:25] [DEBUG] [calypso-direct] [on_notify] [DATA_IN] AWS=7.2kt AWA=57° Batt=100% Temp=0°C
[2026-05-31T12:50:25] [DEBUG] [calypso-direct] [on_notify] [DATA_IN] AWS=7.2kt AWA=56° Batt=100% Temp=0°C
[2026-05-31T12:50:25] [DEBUG] [calypso-direct] [on_notify] [DATA_IN] AWS=7.0kt AWA=56° Batt=100% Temp=0°C
[2026-05-31T12:50:28] [DEBUG] [calypso-direct] [on_notify] [DATA_IN] AWS=7.2kt AWA=55° Batt=100% Temp=0°C
[2026-05-31T12:50:28] [DEBUG] [calypso-direct] [on_notify] [DATA_IN] AWS=7.0kt AWA=55° Batt=100% Temp=0°C
[2026-05-31T12:50:28] [DEBUG] [calypso-direct] [on_notify] [DATA_IN] AWS=7.2kt AWA=55° Batt=100% Temp=0°C
[2026-05-31T12:50:28] [DEBUG] [calypso-direct] [on_notify] [DATA_IN] AWS=7.2kt AWA=55° Batt=100% Temp=0°C
[2026-05-31T12:50:28] [DEBUG] [calypso-direct] [on_notify] [DATA_IN] AWS=7.2kt AWA=55° Batt=100% Temp=0°C
[2026-05-31T12:50:28] [DEBUG] [calypso-direct] [on_notify] [DATA_IN] AWS=8.0kt AWA=55° Batt=100% Temp=0°C
[2026-05-31T12:50:28] [DEBUG] [calypso-direct] [on_notify] [DATA_IN] AWS=8.0kt AWA=58° Batt=100% Temp=0°C
[2026-05-31T12:50:28] [DEBUG] [calypso-direct] [on_notify] [DATA_IN] AWS=8.6kt AWA=58° Batt=100% Temp=0°C
[2026-05-31T12:50:28] [DEBUG] [calypso-direct] [on_notify] [DATA_IN] AWS=8.7kt AWA=58° Batt=100% Temp=0°C
[2026-05-31T12:50:30] [DEBUG] [calypso-direct] [on_notify] [DATA_IN] AWS=8.9kt AWA=58° Batt=100% Temp=0°C
[2026-05-31T12:50:31] [DEBUG] [calypso-direct] [on_notify] [DATA_IN] AWS=8.9kt AWA=58° Batt=100% Temp=0°C
[2026-05-31T12:50:31] [DEBUG] [calypso-direct] [on_notify] [DATA_IN] AWS=8.9kt AWA=58° Batt=100% Temp=0°C
[2026-05-31T12:50:31] [DEBUG] [calypso-direct] [on_notify] [DATA_IN] AWS=9.3kt AWA=56° Batt=100% Temp=0°C
[2026-05-31T12:50:31] [DEBUG] [calypso-direct] [on_notify] [DATA_IN] AWS=9.5kt AWA=56° Batt=100% Temp=0°C
[2026-05-31T12:50:31] [DEBUG] [calypso-direct] [on_notify] [DATA_IN] AWS=9.3kt AWA=55° Batt=100% Temp=0°C
[2026-05-31T12:50:31] [DEBUG] [calypso-direct] [on_notify] [DATA_IN] AWS=9.1kt AWA=55° Batt=100% Temp=0°C
[2026-05-31T12:50:32] [DEBUG] [calypso-direct] [on_notify] [DATA_IN] AWS=9.1kt AWA=54° Batt=100% Temp=0°C
[2026-05-31T12:50:32] [DEBUG] [calypso-direct] [on_notify] [DATA_IN] AWS=9.1kt AWA=54° Batt=100% Temp=0°C
[2026-05-31T12:50:32] [DEBUG] [calypso-direct] [on_notify] [DATA_IN] AWS=9.1kt AWA=55° Batt=100% Temp=0°C
[2026-05-31T12:50:32] [DEBUG] [calypso-direct] [on_notify] [DATA_IN] AWS=9.1kt AWA=56° Batt=100% Temp=0°C
[2026-05-31T12:50:32] [DEBUG] [calypso-direct] [on_notify] [DATA_IN] AWS=9.1kt AWA=56° Batt=100% Temp=0°C
[2026-05-31T12:50:35] [DEBUG] [calypso-direct] [on_notify] [DATA_IN] AWS=8.9kt AWA=56° Batt=100% Temp=0°C
[2026-05-31T12:50:35] [DEBUG] [calypso-direct] [on_notify] [DATA_IN] AWS=8.2kt AWA=58° Batt=100% Temp=0°C
[2026-05-31T12:50:35] [DEBUG] [calypso-direct] [on_notify] [DATA_IN] AWS=8.2kt AWA=56° Batt=100% Temp=0°C
[2026-05-31T12:50:35] [DEBUG] [calypso-direct] [on_notify] [DATA_IN] AWS=8.4kt AWA=56° Batt=100% Temp=0°C
[2026-05-31T12:50:35] [DEBUG] [calypso-direct] [on_notify] [DATA_IN] AWS=8.4kt AWA=55° Batt=100% Temp=0°C
[2026-05-31T12:50:36] [DEBUG] [calypso-direct] [on_notify] [DATA_IN] AWS=8.4kt AWA=55° Batt=100% Temp=0°C
[2026-05-31T12:50:37] [DEBUG] [calypso-direct] [on_notify] [DATA_IN] AWS=8.4kt AWA=55° Batt=100% Temp=0°C
[2026-05-31T12:50:37] [DEBUG] [calypso-direct] [on_notify] [DATA_IN] AWS=8.4kt AWA=56° Batt=100% Temp=0°C
[2026-05-31T12:50:38] [DEBUG] [calypso-direct] [on_notify] [DATA_IN] AWS=8.6kt AWA=56° Batt=100% Temp=0°C
[2026-05-31T12:50:38] [DEBUG] [calypso-direct] [on_notify] [DATA_IN] AWS=8.6kt AWA=56° Batt=100% Temp=0°C
[2026-05-31T12:50:38] [DEBUG] [calypso-direct] [on_notify] [DATA_IN] AWS=9.1kt AWA=53° Batt=100% Temp=0°C
[2026-05-31T12:50:38] [DEBUG] [calypso-direct] [on_notify] [DATA_IN] AWS=9.7kt AWA=51° Batt=100% Temp=0°C
[2026-05-31T12:50:39] [DEBUG] [calypso-direct] [on_notify] [DATA_IN] AWS=9.7kt AWA=51° Batt=100% Temp=0°C
[2026-05-31T12:50:40] [DEBUG] [calypso-direct] [on_notify] [DATA_IN] AWS=9.9kt AWA=51° Batt=100% Temp=0°C
[2026-05-31T12:50:40] [DEBUG] [calypso-direct] [on_notify] [DATA_IN] AWS=10.1kt AWA=51° Batt=100% Temp=0°C
[2026-05-31T12:50:40] [DEBUG] [calypso-direct] [on_notify] [DATA_IN] AWS=10.1kt AWA=51° Batt=100% Temp=0°C
[2026-05-31T12:50:41] [DEBUG] [calypso-direct] [on_notify] [DATA_IN] AWS=10.1kt AWA=52° Batt=100% Temp=0°C
[2026-05-31T12:50:41] [DEBUG] [calypso-direct] [on_notify] [DATA_IN] AWS=10.1kt AWA=52° Batt=100% Temp=0°C
[2026-05-31T12:50:41] [DEBUG] [calypso-direct] [on_notify] [DATA_IN] AWS=10.1kt AWA=51° Batt=100% Temp=0°C
[2026-05-31T12:50:41] [DEBUG] [calypso-direct] [on_notify] [DATA_IN] AWS=9.9kt AWA=51° Batt=100% Temp=0°C
[2026-05-31T12:50:41] [DEBUG] [calypso-direct] [on_notify] [DATA_IN] AWS=9.9kt AWA=51° Batt=100% Temp=0°C
[2026-05-31T12:50:41] [DEBUG] [calypso-direct] [on_notify] [DATA_IN] AWS=10.1kt AWA=51° Batt=100% Temp=0°C
[2026-05-31T12:50:41] [DEBUG] [calypso-direct] [on_notify] [DATA_IN] AWS=10.9kt AWA=55° Batt=100% Temp=0°C
[2026-05-31T12:50:41] [DEBUG] [calypso-direct] [on_notify] [DATA_IN] AWS=10.9kt AWA=55° Batt=100% Temp=0°C
[2026-05-31T12:50:42] [DEBUG] [calypso-direct] [on_notify] [DATA_IN] AWS=11.1kt AWA=52° Batt=100% Temp=0°C
[2026-05-31T12:50:42] [DEBUG] [calypso-direct] [on_notify] [DATA_IN] AWS=11.1kt AWA=49° Batt=100% Temp=0°C
[2026-05-31T12:50:42] [DEBUG] [calypso-direct] [on_notify] [DATA_IN] AWS=11.3kt AWA=49° Batt=100% Temp=0°C
[2026-05-31T12:50:42] [DEBUG] [calypso-direct] [on_notify] [DATA_IN] AWS=11.5kt AWA=49° Batt=100% Temp=0°C
[2026-05-31T12:50:42] [DEBUG] [calypso-direct] [on_notify] [DATA_IN] AWS=11.7kt AWA=49° Batt=100% Temp=0°C
[2026-05-31T12:50:43] [DEBUG] [calypso-direct] [on_notify] [DATA_IN] AWS=11.7kt AWA=49° Batt=100% Temp=0°C
[2026-05-31T12:50:44] [DEBUG] [calypso-direct] [on_notify] [DATA_IN] AWS=11.7kt AWA=49° Batt=100% Temp=0°C
[2026-05-31T12:50:45] [DEBUG] [calypso-direct] [on_notify] [DATA_IN] AWS=11.7kt AWA=51° Batt=100% Temp=0°C
[2026-05-31T12:50:45] [DEBUG] [calypso-direct] [on_notify] [DATA_IN] AWS=11.7kt AWA=51° Batt=100% Temp=0°C
[2026-05-31T12:50:45] [DEBUG] [calypso-direct] [on_notify] [DATA_IN] AWS=11.3kt AWA=48° Batt=100% Temp=0°C
[2026-05-31T12:50:45] [DEBUG] [calypso-direct] [on_notify] [DATA_IN] AWS=11.3kt AWA=45° Batt=100% Temp=0°C
[2026-05-31T12:50:45] [DEBUG] [calypso-direct] [on_notify] [DATA_IN] AWS=13.2kt AWA=43° Batt=100% Temp=0°C
[2026-05-31T12:50:46] [DEBUG] [calypso-direct] [on_notify] [DATA_IN] AWS=13.2kt AWA=42° Batt=100% Temp=0°C
[2026-05-31T12:50:46] [DEBUG] [calypso-direct] [on_notify] [DATA_IN] AWS=13.2kt AWA=42° Batt=100% Temp=0°C
[2026-05-31T12:50:47] [DEBUG] [calypso-direct] [on_notify] [DATA_IN] AWS=13.2kt AWA=42° Batt=100% Temp=0°C
[2026-05-31T12:50:48] [DEBUG] [calypso-direct] [on_notify] [DATA_IN] AWS=13.2kt AWA=41° Batt=100% Temp=0°C
[2026-05-31T12:50:48] [DEBUG] [calypso-direct] [on_notify] [DATA_IN] AWS=13.4kt AWA=39° Batt=100% Temp=0°C
[2026-05-31T12:50:48] [DEBUG] [calypso-direct] [on_notify] [DATA_IN] AWS=13.4kt AWA=39° Batt=100% Temp=0°C
[2026-05-31T12:50:48] [DEBUG] [calypso-direct] [on_notify] [DATA_IN] AWS=11.5kt AWA=39° Batt=100% Temp=0°C
[2026-05-31T12:50:48] [DEBUG] [calypso-direct] [on_notify] [DATA_IN] AWS=11.5kt AWA=31° Batt=100% Temp=0°C
[2026-05-31T12:50:50] [DEBUG] [calypso-direct] [on_notify] [DATA_IN] AWS=12.6kt AWA=31° Batt=100% Temp=0°C
[2026-05-31T12:50:50] [DEBUG] [calypso-direct] [on_notify] [DATA_IN] AWS=12.6kt AWA=31° Batt=100% Temp=0°C
[2026-05-31T12:50:50] [DEBUG] [calypso-direct] [on_notify] [DATA_IN] AWS=12.6kt AWA=31° Batt=100% Temp=0°C
[2026-05-31T12:50:50] [DEBUG] [calypso-direct] [on_notify] [DATA_IN] AWS=12.6kt AWA=31° Batt=100% Temp=0°C
[2026-05-31T12:50:50] [DEBUG] [calypso-direct] [on_notify] [DATA_IN] AWS=12.8kt AWA=32° Batt=100% Temp=0°C
[2026-05-31T12:50:51] [DEBUG] [calypso-direct] [on_notify] [DATA_IN] AWS=12.8kt AWA=38° Batt=100% Temp=0°C
[2026-05-31T12:50:51] [DEBUG] [calypso-direct] [on_notify] [DATA_IN] AWS=12.8kt AWA=38° Batt=100% Temp=0°C
[2026-05-31T12:50:51] [DEBUG] [calypso-direct] [on_notify] [DATA_IN] AWS=12.8kt AWA=38° Batt=100% Temp=0°C
[2026-05-31T12:50:52] [DEBUG] [calypso-direct] [on_notify] [DATA_IN] AWS=12.2kt AWA=38° Batt=100% Temp=0°C
[2026-05-31T12:50:52] [DEBUG] [calypso-direct] [on_notify] [DATA_IN] AWS=11.5kt AWA=38° Batt=100% Temp=0°C
[2026-05-31T12:50:52] [DEBUG] [calypso-direct] [on_notify] [DATA_IN] AWS=11.3kt AWA=40° Batt=100% Temp=0°C
[2026-05-31T12:50:52] [DEBUG] [calypso-direct] [on_notify] [DATA_IN] AWS=11.3kt AWA=40° Batt=100% Temp=0°C
[2026-05-31T12:50:52] [DEBUG] [calypso-direct] [on_notify] [DATA_IN] AWS=11.3kt AWA=40° Batt=100% Temp=0°C
[2026-05-31T12:50:53] [DEBUG] [calypso-direct] [on_notify] [DATA_IN] AWS=11.3kt AWA=37° Batt=100% Temp=0°C
[2026-05-31T12:50:53] [DEBUG] [calypso-direct] [on_notify] [DATA_IN] AWS=11.1kt AWA=35° Batt=100% Temp=0°C
[2026-05-31T12:50:53] [DEBUG] [calypso-direct] [on_notify] [DATA_IN] AWS=10.3kt AWA=25° Batt=100% Temp=0°C
[2026-05-31T12:50:53] [DEBUG] [calypso-direct] [on_notify] [DATA_IN] AWS=9.5kt AWA=20° Batt=100% Temp=0°C
[2026-05-31T12:50:53] [DEBUG] [calypso-direct] [on_notify] [DATA_IN] AWS=7.4kt AWA=19° Batt=100% Temp=0°C
[2026-05-31T12:50:53] [DEBUG] [calypso-direct] [on_notify] [DATA_IN] AWS=7.4kt AWA=24° Batt=100% Temp=0°C
[2026-05-31T12:50:53] [DEBUG] [calypso-direct] [on_notify] [DATA_IN] AWS=7.2kt AWA=18° Batt=100% Temp=0°C
[2026-05-31T12:50:53] [DEBUG] [calypso-direct] [on_notify] [DATA_IN] AWS=7.4kt AWA=16° Batt=100% Temp=0°C
[2026-05-31T12:50:53] [DEBUG] [calypso-direct] [on_notify] [DATA_IN] AWS=9.3kt AWA=24° Batt=100% Temp=0°C
[2026-05-31T12:50:54] [DEBUG] [calypso-direct] [on_notify] [DATA_IN] AWS=10.7kt AWA=24° Batt=100% Temp=0°C
[2026-05-31T12:50:54] [DEBUG] [calypso-direct] [on_notify] [DATA_IN] AWS=10.3kt AWA=23° Batt=100% Temp=0°C
[2026-05-31T12:50:54] [DEBUG] [calypso-direct] [on_notify] [DATA_IN] AWS=8.9kt AWA=23° Batt=100% Temp=0°C
[2026-05-31T12:50:54] [DEBUG] [calypso-direct] [on_notify] [DATA_IN] AWS=8.9kt AWA=22° Batt=100% Temp=0°C
[2026-05-31T12:50:55] [DEBUG] [calypso-direct] [on_notify] [DATA_IN] AWS=8.9kt AWA=19° Batt=100% Temp=0°C
[2026-05-31T12:50:55] [DEBUG] [calypso-direct] [on_notify] [DATA_IN] AWS=9.1kt AWA=19° Batt=100% Temp=0°C
[2026-05-31T12:50:55] [DEBUG] [calypso-direct] [on_notify] [DATA_IN] AWS=9.3kt AWA=22° Batt=100% Temp=0°C
[2026-05-31T12:50:55] [DEBUG] [calypso-direct] [on_notify] [DATA_IN] AWS=9.5kt AWA=22° Batt=100% Temp=0°C
[2026-05-31T12:50:55] [DEBUG] [calypso-direct] [on_notify] [DATA_IN] AWS=9.5kt AWA=22° Batt=100% Temp=0°C
[2026-05-31T12:50:57] [DEBUG] [calypso-direct] [on_notify] [DATA_IN] AWS=9.5kt AWA=22° Batt=100% Temp=0°C
[2026-05-31T12:50:57] [DEBUG] [calypso-direct] [on_notify] [DATA_IN] AWS=9.7kt AWA=22° Batt=100% Temp=0°C
[2026-05-31T12:50:57] [DEBUG] [calypso-direct] [on_notify] [DATA_IN] AWS=10.1kt AWA=21° Batt=100% Temp=0°C
[2026-05-31T12:50:57] [DEBUG] [calypso-direct] [on_notify] [DATA_IN] AWS=10.1kt AWA=21° Batt=100% Temp=0°C
[2026-05-31T12:50:57] [DEBUG] [calypso-direct] [on_notify] [DATA_IN] AWS=9.9kt AWA=25° Batt=100% Temp=0°C
[2026-05-31T12:50:58] [DEBUG] [calypso-direct] [on_notify] [DATA_IN] AWS=10.1kt AWA=25° Batt=100% Temp=0°C
[2026-05-31T12:50:58] [DEBUG] [calypso-direct] [on_notify] [DATA_IN] AWS=10.1kt AWA=25° Batt=100% Temp=0°C
[2026-05-31T12:50:58] [DEBUG] [calypso-direct] [on_notify] [DATA_IN] AWS=9.9kt AWA=25° Batt=100% Temp=0°C
[2026-05-31T12:50:58] [DEBUG] [calypso-direct] [on_notify] [DATA_IN] AWS=10.1kt AWA=25° Batt=100% Temp=0°C
[2026-05-31T12:50:58] [DEBUG] [calypso-direct] [on_notify] [DATA_IN] AWS=10.1kt AWA=25° Batt=100% Temp=0°C
[2026-05-31T12:51:01] [DEBUG] [calypso-direct] [on_notify] [DATA_IN] AWS=9.7kt AWA=25° Batt=100% Temp=0°C
[2026-05-31T12:51:01] [DEBUG] [calypso-direct] [on_notify] [DATA_IN] AWS=9.7kt AWA=24° Batt=100% Temp=0°C
[2026-05-31T12:51:01] [DEBUG] [calypso-direct] [on_notify] [DATA_IN] AWS=9.7kt AWA=21° Batt=100% Temp=0°C
[2026-05-31T12:51:01] [DEBUG] [calypso-direct] [on_notify] [DATA_IN] AWS=9.3kt AWA=21° Batt=100% Temp=0°C
[2026-05-31T12:51:01] [DEBUG] [calypso-direct] [on_notify] [DATA_IN] AWS=9.1kt AWA=20° Batt=100% Temp=0°C
[2026-05-31T12:51:02] [DEBUG] [calypso-direct] [on_notify] [DATA_IN] AWS=9.3kt AWA=20° Batt=100% Temp=0°C
[2026-05-31T12:51:02] [DEBUG] [calypso-direct] [on_notify] [DATA_IN] AWS=9.1kt AWA=20° Batt=100% Temp=0°C
[2026-05-31T12:51:02] [DEBUG] [calypso-direct] [on_notify] [DATA_IN] AWS=8.4kt AWA=20° Batt=100% Temp=0°C
[2026-05-31T12:51:02] [DEBUG] [calypso-direct] [on_notify] [DATA_IN] AWS=8.2kt AWA=20° Batt=100% Temp=0°C
[2026-05-31T12:51:02] [DEBUG] [calypso-direct] [on_notify] [DATA_IN] AWS=8.2kt AWA=20° Batt=100% Temp=0°C
[2026-05-31T12:51:04] [DEBUG] [calypso-direct] [on_notify] [DATA_IN] AWS=8.2kt AWA=20° Batt=100% Temp=0°C
[2026-05-31T12:51:04] [DEBUG] [calypso-direct] [on_notify] [DATA_IN] AWS=8.2kt AWA=21° Batt=100% Temp=0°C
[2026-05-31T12:51:04] [DEBUG] [calypso-direct] [on_notify] [DATA_IN] AWS=7.8kt AWA=21° Batt=100% Temp=0°C
[2026-05-31T12:51:04] [DEBUG] [calypso-direct] [on_notify] [DATA_IN] AWS=7.6kt AWA=24° Batt=100% Temp=0°C
[2026-05-31T12:51:04] [DEBUG] [calypso-direct] [on_notify] [DATA_IN] AWS=7.6kt AWA=24° Batt=100% Temp=0°C
[2026-05-31T12:51:04] [DEBUG] [calypso-direct] [on_notify] [DATA_IN] AWS=7.4kt AWA=24° Batt=100% Temp=0°C
[2026-05-31T12:51:04] [DEBUG] [calypso-direct] [on_notify] [DATA_IN] AWS=7.2kt AWA=23° Batt=100% Temp=0°C
[2026-05-31T12:51:04] [DEBUG] [calypso-direct] [on_notify] [DATA_IN] AWS=6.6kt AWA=23° Batt=100% Temp=0°C
[2026-05-31T12:51:04] [DEBUG] [calypso-direct] [on_notify] [DATA_IN] AWS=6.4kt AWA=23° Batt=100% Temp=0°C
[2026-05-31T12:51:05] [DEBUG] [calypso-direct] [on_notify] [DATA_IN] AWS=6.4kt AWA=22° Batt=100% Temp=0°C
[2026-05-31T12:51:06] [DEBUG] [calypso-direct] [on_notify] [DATA_IN] AWS=5.6kt AWA=22° Batt=100% Temp=0°C
[2026-05-31T12:51:06] [DEBUG] [calypso-direct] [on_notify] [DATA_IN] AWS=5.6kt AWA=21° Batt=100% Temp=0°C
[2026-05-31T12:51:06] [DEBUG] [calypso-direct] [on_notify] [DATA_IN] AWS=5.6kt AWA=22° Batt=100% Temp=0°C
[2026-05-31T12:51:07] [DEBUG] [calypso-direct] [on_notify] [DATA_IN] AWS=5.6kt AWA=22° Batt=100% Temp=0°C
[2026-05-31T12:51:07] [DEBUG] [calypso-direct] [on_notify] [DATA_IN] AWS=5.8kt AWA=23° Batt=100% Temp=0°C
[2026-05-31T12:51:07] [DEBUG] [calypso-direct] [on_notify] [DATA_IN] AWS=6.2kt AWA=23° Batt=100% Temp=0°C
[2026-05-31T12:51:07] [DEBUG] [calypso-direct] [on_notify] [DATA_IN] AWS=5.8kt AWA=24° Batt=100% Temp=0°C
[2026-05-31T12:51:07] [DEBUG] [calypso-direct] [on_notify] [DATA_IN] AWS=5.8kt AWA=24° Batt=100% Temp=0°C
[2026-05-31T12:51:08] [DEBUG] [calypso-direct] [on_notify] [DATA_IN] AWS=6.2kt AWA=21° Batt=100% Temp=0°C
[2026-05-31T12:51:08] [DEBUG] [calypso-direct] [on_notify] [DATA_IN] AWS=6.4kt AWA=21° Batt=100% Temp=0°C
[2026-05-31T12:51:08] [DEBUG] [calypso-direct] [on_notify] [DATA_IN] AWS=6.6kt AWA=24° Batt=100% Temp=0°C
[2026-05-31T12:51:08] [DEBUG] [calypso-direct] [on_notify] [DATA_IN] AWS=6.6kt AWA=25° Batt=100% Temp=0°C
[2026-05-31T12:51:08] [DEBUG] [calypso-direct] [on_notify] [DATA_IN] AWS=5.8kt AWA=20° Batt=100% Temp=0°C
[2026-05-31T12:51:08] [DEBUG] [calypso-direct] [on_notify] [DATA_IN] AWS=4.5kt AWA=20° Batt=100% Temp=0°C
[2026-05-31T12:51:08] [DEBUG] [calypso-direct] [on_notify] [DATA_IN] AWS=4.5kt AWA=20° Batt=100% Temp=0°C
[2026-05-31T12:51:08] [DEBUG] [calypso-direct] [on_notify] [DATA_IN] AWS=4.5kt AWA=26° Batt=100% Temp=0°C
[2026-05-31T12:51:08] [DEBUG] [calypso-direct] [on_notify] [DATA_IN] AWS=4.5kt AWA=27° Batt=100% Temp=0°C
[2026-05-31T12:51:08] [DEBUG] [calypso-direct] [on_notify] [DATA_IN] AWS=5.2kt AWA=31° Batt=100% Temp=0°C
[2026-05-31T12:51:09] [DEBUG] [calypso-direct] [on_notify] [DATA_IN] AWS=5.4kt AWA=31° Batt=100% Temp=0°C
[2026-05-31T12:51:10] [DEBUG] [calypso-direct] [on_notify] [DATA_IN] AWS=5.6kt AWA=27° Batt=100% Temp=0°C
[2026-05-31T12:51:10] [DEBUG] [calypso-direct] [on_notify] [DATA_IN] AWS=6.4kt AWA=27° Batt=100% Temp=0°C
[2026-05-31T12:51:10] [DEBUG] [calypso-direct] [on_notify] [DATA_IN] AWS=6.8kt AWA=24° Batt=100% Temp=0°C
[2026-05-31T12:51:10] [DEBUG] [calypso-direct] [on_notify] [DATA_IN] AWS=6.8kt AWA=24° Batt=100% Temp=0°C
[2026-05-31T12:51:10] [DEBUG] [calypso-direct] [on_notify] [DATA_IN] AWS=6.8kt AWA=24° Batt=100% Temp=0°C
[2026-05-31T12:51:11] [DEBUG] [calypso-direct] [on_notify] [DATA_IN] AWS=6.0kt AWA=24° Batt=100% Temp=0°C
[2026-05-31T12:51:11] [DEBUG] [calypso-direct] [on_notify] [DATA_IN] AWS=6.0kt AWA=21° Batt=100% Temp=0°C
[2026-05-31T12:51:11] [DEBUG] [calypso-direct] [on_notify] [DATA_IN] AWS=6.2kt AWA=21° Batt=100% Temp=0°C
[2026-05-31T12:51:11] [DEBUG] [calypso-direct] [on_notify] [DATA_IN] AWS=7.0kt AWA=25° Batt=100% Temp=0°C
[2026-05-31T12:51:11] [DEBUG] [calypso-direct] [on_notify] [DATA_IN] AWS=7.0kt AWA=25° Batt=100% Temp=0°C
[2026-05-31T12:51:11] [DEBUG] [calypso-direct] [on_notify] [DATA_IN] AWS=7.0kt AWA=26° Batt=100% Temp=0°C
[2026-05-31T12:51:11] [DEBUG] [calypso-direct] [on_notify] [DATA_IN] AWS=7.0kt AWA=28° Batt=100% Temp=0°C
[2026-05-31T12:51:13] [DEBUG] [calypso-direct] [on_notify] [DATA_IN] AWS=7.0kt AWA=28° Batt=100% Temp=0°C
[2026-05-31T12:51:14] [DEBUG] [calypso-direct] [on_notify] [DATA_IN] AWS=7.0kt AWA=32° Batt=100% Temp=0°C
[2026-05-31T12:51:14] [DEBUG] [calypso-direct] [on_notify] [DATA_IN] AWS=7.6kt AWA=28° Batt=100% Temp=0°C
[2026-05-31T12:51:14] [DEBUG] [calypso-direct] [on_notify] [DATA_IN] AWS=8.4kt AWA=28° Batt=100% Temp=0°C
[2026-05-31T12:51:14] [DEBUG] [calypso-direct] [on_notify] [DATA_IN] AWS=8.4kt AWA=32° Batt=100% Temp=0°C
[2026-05-31T12:51:14] [DEBUG] [calypso-direct] [on_notify] [DATA_IN] AWS=8.4kt AWA=30° Batt=100% Temp=0°C
[2026-05-31T12:51:14] [DEBUG] [calypso-direct] [on_notify] [DATA_IN] AWS=8.0kt AWA=28° Batt=100% Temp=0°C
[2026-05-31T12:51:14] [DEBUG] [calypso-direct] [on_notify] [DATA_IN] AWS=6.8kt AWA=25° Batt=100% Temp=0°C
[2026-05-31T12:51:14] [DEBUG] [calypso-direct] [on_notify] [DATA_IN] AWS=6.8kt AWA=25° Batt=100% Temp=0°C
[2026-05-31T12:51:14] [DEBUG] [calypso-direct] [on_notify] [DATA_IN] AWS=6.8kt AWA=24° Batt=100% Temp=0°C
[2026-05-31T12:51:14] [DEBUG] [calypso-direct] [on_notify] [DATA_IN] AWS=6.4kt AWA=21° Batt=100% Temp=0°C
[2026-05-31T12:51:15] [DEBUG] [calypso-direct] [on_notify] [DATA_IN] AWS=6.8kt AWA=21° Batt=100% Temp=0°C
[2026-05-31T12:51:15] [DEBUG] [calypso-direct] [on_notify] [DATA_IN] AWS=6.4kt AWA=24° Batt=100% Temp=0°C
[2026-05-31T12:51:15] [DEBUG] [calypso-direct] [on_notify] [DATA_IN] AWS=6.4kt AWA=30° Batt=100% Temp=0°C
[2026-05-31T12:51:15] [DEBUG] [calypso-direct] [on_notify] [DATA_IN] AWS=6.8kt AWA=30° Batt=100% Temp=0°C
[2026-05-31T12:51:15] [DEBUG] [calypso-direct] [on_notify] [DATA_IN] AWS=6.8kt AWA=32° Batt=100% Temp=0°C
[2026-05-31T12:51:16] [DEBUG] [calypso-direct] [on_notify] [DATA_IN] AWS=6.4kt AWA=32° Batt=100% Temp=0°C
[2026-05-31T12:51:16] [DEBUG] [calypso-direct] [on_notify] [DATA_IN] AWS=6.8kt AWA=32° Batt=100% Temp=0°C
[2026-05-31T12:51:16] [DEBUG] [calypso-direct] [on_notify] [DATA_IN] AWS=6.4kt AWA=28° Batt=100% Temp=0°C
[2026-05-31T12:51:16] [DEBUG] [calypso-direct] [on_notify] [DATA_IN] AWS=6.4kt AWA=30° Batt=100% Temp=0°C
[2026-05-31T12:51:16] [DEBUG] [calypso-direct] [on_notify] [DATA_IN] AWS=6.8kt AWA=27° Batt=100% Temp=0°C
[2026-05-31T12:51:17] [DEBUG] [calypso-direct] [on_notify] [DATA_IN] AWS=6.8kt AWA=27° Batt=100% Temp=0°C
[2026-05-31T12:51:17] [DEBUG] [calypso-direct] [on_notify] [DATA_IN] AWS=6.8kt AWA=25° Batt=100% Temp=0°C
[2026-05-31T12:51:17] [DEBUG] [calypso-direct] [on_notify] [DATA_IN] AWS=7.8kt AWA=25° Batt=100% Temp=0°C
[2026-05-31T12:51:17] [DEBUG] [calypso-direct] [on_notify] [DATA_IN] AWS=7.8kt AWA=25° Batt=100% Temp=0°C
[2026-05-31T12:51:17] [DEBUG] [calypso-direct] [on_notify] [DATA_IN] AWS=7.8kt AWA=26° Batt=100% Temp=0°C
[2026-05-31T12:51:17] [DEBUG] [calypso-direct] [on_notify] [DATA_IN] AWS=7.8kt AWA=23° Batt=100% Temp=0°C
[2026-05-31T12:51:17] [DEBUG] [calypso-direct] [on_notify] [DATA_IN] AWS=7.8kt AWA=23° Batt=100% Temp=0°C
[2026-05-31T12:51:17] [DEBUG] [calypso-direct] [on_notify] [DATA_IN] AWS=7.6kt AWA=25° Batt=100% Temp=0°C
[2026-05-31T12:51:17] [DEBUG] [calypso-direct] [on_notify] [DATA_IN] AWS=7.2kt AWA=25° Batt=100% Temp=0°C
[2026-05-31T12:51:17] [DEBUG] [calypso-direct] [on_notify] [DATA_IN] AWS=7.0kt AWA=25° Batt=100% Temp=0°C
[2026-05-31T12:51:18] [DEBUG] [calypso-direct] [on_notify] [DATA_IN] AWS=6.8kt AWA=26° Batt=100% Temp=0°C
[2026-05-31T12:51:18] [DEBUG] [calypso-direct] [on_notify] [DATA_IN] AWS=6.8kt AWA=26° Batt=100% Temp=0°C
[2026-05-31T12:51:18] [DEBUG] [calypso-direct] [on_notify] [DATA_IN] AWS=6.8kt AWA=26° Batt=100% Temp=0°C
[2026-05-31T12:51:18] [DEBUG] [calypso-direct] [on_notify] [DATA_IN] AWS=7.0kt AWA=26° Batt=100% Temp=0°C
[2026-05-31T12:51:18] [DEBUG] [calypso-direct] [on_notify] [DATA_IN] AWS=7.2kt AWA=26° Batt=100% Temp=0°C
[2026-05-31T12:51:21] [DEBUG] [calypso-direct] [on_notify] [DATA_IN] AWS=7.4kt AWA=26° Batt=100% Temp=0°C
[2026-05-31T12:51:21] [DEBUG] [calypso-direct] [on_notify] [DATA_IN] AWS=7.4kt AWA=26° Batt=100% Temp=0°C
[2026-05-31T12:51:21] [DEBUG] [calypso-direct] [on_notify] [DATA_IN] AWS=7.4kt AWA=26° Batt=100% Temp=0°C
[2026-05-31T12:51:21] [DEBUG] [calypso-direct] [on_notify] [DATA_IN] AWS=7.4kt AWA=27° Batt=100% Temp=0°C
[2026-05-31T12:51:21] [DEBUG] [calypso-direct] [on_notify] [DATA_IN] AWS=7.4kt AWA=27° Batt=100% Temp=0°C
[2026-05-31T12:51:21] [DEBUG] [calypso-direct] [on_notify] [DATA_IN] AWS=7.6kt AWA=26° Batt=100% Temp=0°C
[2026-05-31T12:51:22] [DEBUG] [calypso-direct] [on_notify] [DATA_IN] AWS=7.4kt AWA=25° Batt=100% Temp=0°C
[2026-05-31T12:51:22] [DEBUG] [calypso-direct] [on_notify] [DATA_IN] AWS=7.6kt AWA=25° Batt=100% Temp=0°C
[2026-05-31T12:51:22] [DEBUG] [calypso-direct] [on_notify] [DATA_IN] AWS=7.8kt AWA=25° Batt=100% Temp=0°C
[2026-05-31T12:51:22] [DEBUG] [calypso-direct] [on_notify] [DATA_IN] AWS=8.4kt AWA=25° Batt=100% Temp=0°C
[2026-05-31T12:51:22] [DEBUG] [calypso-direct] [on_notify] [DATA_IN] AWS=8.4kt AWA=25° Batt=100% Temp=0°C
[2026-05-31T12:51:23] [DEBUG] [calypso-direct] [on_notify] [DATA_IN] AWS=8.4kt AWA=28° Batt=100% Temp=0°C
[2026-05-31T12:51:23] [DEBUG] [calypso-direct] [on_notify] [DATA_IN] AWS=8.6kt AWA=29° Batt=100% Temp=0°C
[2026-05-31T12:51:23] [DEBUG] [calypso-direct] [on_notify] [DATA_IN] AWS=8.6kt AWA=31° Batt=100% Temp=0°C
[2026-05-31T12:51:23] [DEBUG] [calypso-direct] [on_notify] [DATA_IN] AWS=8.6kt AWA=31° Batt=100% Temp=0°C
[2026-05-31T12:51:24] [DEBUG] [calypso-direct] [on_notify] [DATA_IN] AWS=8.6kt AWA=34° Batt=100% Temp=0°C
[2026-05-31T12:51:24] [DEBUG] [calypso-direct] [on_notify] [DATA_IN] AWS=8.6kt AWA=35° Batt=100% Temp=0°C
[2026-05-31T12:51:24] [DEBUG] [calypso-direct] [on_notify] [DATA_IN] AWS=8.6kt AWA=37° Batt=100% Temp=0°C
[2026-05-31T12:51:24] [DEBUG] [calypso-direct] [on_notify] [DATA_IN] AWS=8.6kt AWA=38° Batt=100% Temp=0°C
[2026-05-31T12:51:24] [DEBUG] [calypso-direct] [on_notify] [DATA_IN] AWS=8.4kt AWA=38° Batt=100% Temp=0°C
[2026-05-31T12:51:24] [DEBUG] [calypso-direct] [on_notify] [DATA_IN] AWS=8.4kt AWA=38° Batt=100% Temp=0°C
[2026-05-31T12:51:24] [DEBUG] [calypso-direct] [on_notify] [DATA_IN] AWS=8.4kt AWA=38° Batt=100% Temp=0°C
[2026-05-31T12:51:24] [DEBUG] [calypso-direct] [on_notify] [DATA_IN] AWS=8.4kt AWA=38° Batt=100% Temp=0°C
[2026-05-31T12:51:24] [DEBUG] [calypso-direct] [on_notify] [DATA_IN] AWS=8.4kt AWA=33° Batt=100% Temp=0°C
[2026-05-31T12:51:24] [DEBUG] [calypso-direct] [on_notify] [DATA_IN] AWS=8.4kt AWA=31° Batt=100% Temp=0°C
[2026-05-31T12:51:24] [DEBUG] [calypso-direct] [on_notify] [DATA_IN] AWS=8.4kt AWA=31° Batt=100% Temp=0°C
[2026-05-31T12:51:24] [DEBUG] [calypso-direct] [on_notify] [DATA_IN] AWS=8.2kt AWA=31° Batt=100% Temp=0°C
[2026-05-31T12:51:26] [DEBUG] [calypso-direct] [on_notify] [DATA_IN] AWS=8.0kt AWA=31° Batt=100% Temp=0°C
[2026-05-31T12:51:26] [DEBUG] [calypso-direct] [on_notify] [DATA_IN] AWS=7.8kt AWA=34° Batt=100% Temp=0°C
[2026-05-31T12:51:26] [DEBUG] [calypso-direct] [on_notify] [DATA_IN] AWS=7.8kt AWA=38° Batt=100% Temp=0°C
[2026-05-31T12:51:27] [DEBUG] [calypso-direct] [on_notify] [DATA_IN] AWS=8.0kt AWA=38° Batt=100% Temp=0°C
[2026-05-31T12:51:27] [DEBUG] [calypso-direct] [on_notify] [DATA_IN] AWS=8.0kt AWA=38° Batt=100% Temp=0°C
[2026-05-31T12:51:27] [DEBUG] [calypso-direct] [on_notify] [DATA_IN] AWS=8.0kt AWA=37° Batt=100% Temp=0°C
[2026-05-31T12:51:27] [DEBUG] [calypso-direct] [on_notify] [DATA_IN] AWS=8.0kt AWA=32° Batt=100% Temp=0°C
[2026-05-31T12:51:27] [DEBUG] [calypso-direct] [on_notify] [DATA_IN] AWS=7.8kt AWA=31° Batt=100% Temp=0°C
[2026-05-31T12:51:27] [DEBUG] [calypso-direct] [on_notify] [DATA_IN] AWS=7.6kt AWA=25° Batt=100% Temp=0°C
[2026-05-31T12:51:28] [DEBUG] [calypso-direct] [on_notify] [DATA_IN] AWS=7.6kt AWA=25° Batt=100% Temp=0°C
[2026-05-31T12:51:28] [DEBUG] [calypso-direct] [on_notify] [DATA_IN] AWS=7.6kt AWA=25° Batt=100% Temp=0°C
[2026-05-31T12:51:28] [DEBUG] [calypso-direct] [on_notify] [DATA_IN] AWS=7.6kt AWA=25° Batt=100% Temp=0°C
[2026-05-31T12:51:28] [DEBUG] [calypso-direct] [on_notify] [DATA_IN] AWS=8.2kt AWA=27° Batt=100% Temp=0°C
[2026-05-31T12:51:28] [DEBUG] [calypso-direct] [on_notify] [DATA_IN] AWS=8.2kt AWA=28° Batt=100% Temp=0°C
[2026-05-31T12:51:28] [DEBUG] [calypso-direct] [on_notify] [DATA_IN] AWS=8.4kt AWA=30° Batt=100% Temp=0°C
[2026-05-31T12:51:30] [DEBUG] [calypso-direct] [on_notify] [DATA_IN] AWS=8.4kt AWA=30° Batt=100% Temp=0°C
[2026-05-31T12:51:30] [DEBUG] [calypso-direct] [on_notify] [DATA_IN] AWS=8.4kt AWA=32° Batt=100% Temp=0°C
[2026-05-31T12:51:30] [DEBUG] [calypso-direct] [on_notify] [DATA_IN] AWS=8.2kt AWA=32° Batt=100% Temp=0°C
[2026-05-31T12:51:30] [DEBUG] [calypso-direct] [on_notify] [DATA_IN] AWS=7.8kt AWA=32° Batt=100% Temp=0°C
[2026-05-31T12:51:30] [DEBUG] [calypso-direct] [on_notify] [DATA_IN] AWS=7.8kt AWA=32° Batt=100% Temp=0°C
[2026-05-31T12:51:30] [DEBUG] [calypso-direct] [on_notify] [DATA_IN] AWS=8.0kt AWA=33° Batt=100% Temp=0°C
[2026-05-31T12:51:30] [DEBUG] [calypso-direct] [on_notify] [DATA_IN] AWS=7.8kt AWA=32° Batt=100% Temp=0°C
[2026-05-31T12:51:30] [DEBUG] [calypso-direct] [on_notify] [DATA_IN] AWS=8.0kt AWA=29° Batt=100% Temp=0°C
[2026-05-31T12:51:31] [DEBUG] [calypso-direct] [on_notify] [DATA_IN] AWS=8.0kt AWA=29° Batt=100% Temp=0°C
[2026-05-31T12:51:31] [DEBUG] [calypso-direct] [on_notify] [DATA_IN] AWS=8.2kt AWA=30° Batt=100% Temp=0°C
[2026-05-31T12:51:31] [DEBUG] [calypso-direct] [on_notify] [DATA_IN] AWS=8.2kt AWA=29° Batt=100% Temp=0°C
[2026-05-31T12:51:31] [DEBUG] [calypso-direct] [on_notify] [DATA_IN] AWS=8.2kt AWA=30° Batt=100% Temp=0°C
[2026-05-31T12:51:32] [DEBUG] [calypso-direct] [on_notify] [DATA_IN] AWS=8.2kt AWA=30° Batt=100% Temp=0°C
[2026-05-31T12:51:32] [DEBUG] [calypso-direct] [on_notify] [DATA_IN] AWS=8.2kt AWA=29° Batt=100% Temp=0°C
[2026-05-31T12:51:33] [DEBUG] [calypso-direct] [on_notify] [DATA_IN] AWS=8.2kt AWA=25° Batt=100% Temp=0°C
[2026-05-31T12:51:33] [DEBUG] [calypso-direct] [on_notify] [DATA_IN] AWS=8.2kt AWA=25° Batt=100% Temp=0°C
[2026-05-31T12:51:34] [DEBUG] [calypso-direct] [on_notify] [DATA_IN] AWS=8.2kt AWA=25° Batt=100% Temp=0°C
[2026-05-31T12:51:34] [DEBUG] [calypso-direct] [on_notify] [DATA_IN] AWS=8.0kt AWA=26° Batt=100% Temp=0°C
[2026-05-31T12:51:34] [DEBUG] [calypso-direct] [on_notify] [DATA_IN] AWS=7.4kt AWA=26° Batt=100% Temp=0°C
[2026-05-31T12:51:34] [DEBUG] [calypso-direct] [on_notify] [DATA_IN] AWS=7.0kt AWA=26° Batt=100% Temp=0°C
[2026-05-31T12:51:34] [DEBUG] [calypso-direct] [on_notify] [DATA_IN] AWS=7.0kt AWA=26° Batt=100% Temp=0°C
[2026-05-31T12:51:34] [DEBUG] [calypso-direct] [on_notify] [DATA_IN] AWS=7.0kt AWA=24° Batt=100% Temp=0°C
[2026-05-31T12:51:34] [DEBUG] [calypso-direct] [on_notify] [DATA_IN] AWS=7.0kt AWA=21° Batt=100% Temp=0°C
[2026-05-31T12:51:35] [DEBUG] [calypso-direct] [on_notify] [DATA_IN] AWS=7.2kt AWA=21° Batt=100% Temp=0°C
[2026-05-31T12:51:35] [DEBUG] [calypso-direct] [on_notify] [DATA_IN] AWS=7.8kt AWA=24° Batt=100% Temp=0°C
[2026-05-31T12:51:35] [DEBUG] [calypso-direct] [on_notify] [DATA_IN] AWS=7.2kt AWA=24° Batt=100% Temp=0°C
[2026-05-31T12:51:35] [DEBUG] [calypso-direct] [on_notify] [DATA_IN] AWS=8.4kt AWA=24° Batt=100% Temp=0°C
[2026-05-31T12:51:36] [DEBUG] [calypso-direct] [on_notify] [DATA_IN] AWS=8.4kt AWA=25° Batt=100% Temp=0°C
[2026-05-31T12:51:37] [DEBUG] [calypso-direct] [on_notify] [DATA_IN] AWS=8.4kt AWA=24° Batt=100% Temp=0°C
[2026-05-31T12:51:37] [DEBUG] [calypso-direct] [on_notify] [DATA_IN] AWS=8.4kt AWA=25° Batt=100% Temp=0°C
[2026-05-31T12:51:37] [DEBUG] [calypso-direct] [on_notify] [DATA_IN] AWS=8.4kt AWA=26° Batt=100% Temp=0°C
[2026-05-31T12:51:37] [DEBUG] [calypso-direct] [on_notify] [DATA_IN] AWS=8.4kt AWA=27° Batt=100% Temp=0°C
[2026-05-31T12:51:37] [DEBUG] [calypso-direct] [on_notify] [DATA_IN] AWS=8.0kt AWA=27° Batt=100% Temp=0°C
[2026-05-31T12:51:38] [DEBUG] [calypso-direct] [on_notify] [DATA_IN] AWS=7.8kt AWA=27° Batt=100% Temp=0°C
[2026-05-31T12:51:38] [DEBUG] [calypso-direct] [on_notify] [DATA_IN] AWS=7.8kt AWA=27° Batt=100% Temp=0°C
[2026-05-31T12:51:38] [DEBUG] [calypso-direct] [on_notify] [DATA_IN] AWS=7.8kt AWA=27° Batt=100% Temp=0°C
[2026-05-31T12:51:38] [DEBUG] [calypso-direct] [on_notify] [DATA_IN] AWS=7.8kt AWA=26° Batt=100% Temp=0°C
[2026-05-31T12:51:38] [DEBUG] [calypso-direct] [on_notify] [DATA_IN] AWS=7.8kt AWA=26° Batt=100% Temp=0°C
[2026-05-31T12:51:38] [DEBUG] [calypso-direct] [on_notify] [DATA_IN] AWS=7.8kt AWA=22° Batt=100% Temp=0°C
[2026-05-31T12:51:40] [DEBUG] [calypso-direct] [on_notify] [DATA_IN] AWS=8.0kt AWA=22° Batt=100% Temp=0°C
[2026-05-31T12:51:40] [DEBUG] [calypso-direct] [on_notify] [DATA_IN] AWS=7.8kt AWA=19° Batt=100% Temp=0°C
[2026-05-31T12:51:40] [DEBUG] [calypso-direct] [on_notify] [DATA_IN] AWS=8.0kt AWA=19° Batt=100% Temp=0°C
[2026-05-31T12:51:40] [DEBUG] [calypso-direct] [on_notify] [DATA_IN] AWS=8.2kt AWA=22° Batt=100% Temp=0°C
[2026-05-31T12:51:40] [DEBUG] [calypso-direct] [on_notify] [DATA_IN] AWS=8.0kt AWA=22° Batt=100% Temp=0°C
[2026-05-31T12:51:41] [DEBUG] [calypso-direct] [on_notify] [DATA_IN] AWS=8.4kt AWA=22° Batt=100% Temp=0°C
[2026-05-31T12:51:41] [DEBUG] [calypso-direct] [on_notify] [DATA_IN] AWS=8.4kt AWA=22° Batt=100% Temp=0°C
[2026-05-31T12:51:41] [DEBUG] [calypso-direct] [on_notify] [DATA_IN] AWS=8.4kt AWA=16° Batt=100% Temp=0°C
[2026-05-31T12:51:41] [DEBUG] [calypso-direct] [on_notify] [DATA_IN] AWS=8.4kt AWA=15° Batt=100% Temp=0°C
[2026-05-31T12:51:41] [DEBUG] [calypso-direct] [on_notify] [DATA_IN] AWS=8.4kt AWA=11° Batt=100% Temp=0°C
[2026-05-31T12:51:41] [DEBUG] [calypso-direct] [on_notify] [DATA_IN] AWS=8.4kt AWA=11° Batt=100% Temp=0°C
[2026-05-31T12:51:41] [DEBUG] [calypso-direct] [on_notify] [DATA_IN] AWS=8.2kt AWA=11° Batt=100% Temp=0°C
[2026-05-31T12:51:42] [DEBUG] [calypso-direct] [on_notify] [DATA_IN] AWS=7.6kt AWA=11° Batt=100% Temp=0°C
[2026-05-31T12:51:42] [DEBUG] [calypso-direct] [on_notify] [DATA_IN] AWS=7.6kt AWA=11° Batt=100% Temp=0°C
[2026-05-31T12:51:43] [DEBUG] [calypso-direct] [on_notify] [DATA_IN] AWS=7.6kt AWA=6° Batt=100% Temp=0°C
[2026-05-31T12:51:43] [DEBUG] [calypso-direct] [on_notify] [DATA_IN] AWS=7.4kt AWA=6° Batt=100% Temp=0°C
[2026-05-31T12:51:44] [DEBUG] [calypso-direct] [on_notify] [DATA_IN] AWS=7.4kt AWA=6° Batt=100% Temp=0°C
[2026-05-31T12:51:44] [DEBUG] [calypso-direct] [on_notify] [DATA_IN] AWS=7.4kt AWA=12° Batt=100% Temp=0°C
[2026-05-31T12:51:44] [DEBUG] [calypso-direct] [on_notify] [DATA_IN] AWS=7.4kt AWA=12° Batt=100% Temp=0°C
[2026-05-31T12:51:44] [DEBUG] [calypso-direct] [on_notify] [DATA_IN] AWS=7.4kt AWA=13° Batt=100% Temp=0°C
[2026-05-31T12:51:44] [DEBUG] [calypso-direct] [on_notify] [DATA_IN] AWS=7.4kt AWA=13° Batt=100% Temp=0°C
[2026-05-31T12:51:44] [DEBUG] [calypso-direct] [on_notify] [DATA_IN] AWS=7.4kt AWA=11° Batt=100% Temp=0°C
[2026-05-31T12:51:44] [DEBUG] [calypso-direct] [on_notify] [DATA_IN] AWS=7.4kt AWA=10° Batt=100% Temp=0°C
[2026-05-31T12:51:44] [DEBUG] [calypso-direct] [on_notify] [DATA_IN] AWS=8.0kt AWA=6° Batt=100% Temp=0°C
[2026-05-31T12:51:44] [DEBUG] [calypso-direct] [on_notify] [DATA_IN] AWS=8.0kt AWA=4° Batt=100% Temp=0°C
[2026-05-31T12:51:46] [DEBUG] [calypso-direct] [on_notify] [DATA_IN] AWS=8.2kt AWA=4° Batt=100% Temp=0°C
[2026-05-31T12:51:46] [DEBUG] [calypso-direct] [on_notify] [DATA_IN] AWS=8.2kt AWA=4° Batt=100% Temp=0°C
[2026-05-31T12:51:46] [DEBUG] [calypso-direct] [on_notify] [DATA_IN] AWS=8.2kt AWA=5° Batt=100% Temp=0°C
[2026-05-31T12:51:47] [DEBUG] [calypso-direct] [on_notify] [DATA_IN] AWS=8.0kt AWA=4° Batt=100% Temp=0°C
[2026-05-31T12:51:47] [DEBUG] [calypso-direct] [on_notify] [DATA_IN] AWS=8.0kt AWA=353° Batt=100% Temp=0°C
[2026-05-31T12:51:47] [DEBUG] [calypso-direct] [on_notify] [DATA_IN] AWS=8.0kt AWA=353° Batt=100% Temp=0°C
[2026-05-31T12:51:47] [DEBUG] [calypso-direct] [on_notify] [DATA_IN] AWS=7.8kt AWA=5° Batt=100% Temp=0°C
[2026-05-31T12:51:47] [DEBUG] [calypso-direct] [on_notify] [DATA_IN] AWS=7.8kt AWA=5° Batt=100% Temp=0°C
[2026-05-31T12:51:48] [DEBUG] [calypso-direct] [on_notify] [DATA_IN] AWS=8.0kt AWA=9° Batt=100% Temp=0°C
[2026-05-31T12:51:48] [DEBUG] [calypso-direct] [on_notify] [DATA_IN] AWS=8.2kt AWA=14° Batt=100% Temp=0°C
[2026-05-31T12:51:48] [DEBUG] [calypso-direct] [on_notify] [DATA_IN] AWS=8.6kt AWA=14° Batt=100% Temp=0°C
[2026-05-31T12:51:48] [DEBUG] [calypso-direct] [on_notify] [DATA_IN] AWS=8.6kt AWA=14° Batt=100% Temp=0°C
[2026-05-31T12:51:48] [DEBUG] [calypso-direct] [on_notify] [DATA_IN] AWS=8.6kt AWA=14° Batt=100% Temp=0°C
[2026-05-31T12:51:48] [DEBUG] [calypso-direct] [on_notify] [DATA_IN] AWS=7.8kt AWA=13° Batt=100% Temp=0°C
[2026-05-31T12:51:48] [DEBUG] [calypso-direct] [on_notify] [DATA_IN] AWS=7.8kt AWA=8° Batt=100% Temp=0°C
[2026-05-31T12:51:48] [DEBUG] [calypso-direct] [on_notify] [DATA_IN] AWS=7.6kt AWA=8° Batt=100% Temp=0°C
[2026-05-31T12:51:49] [DEBUG] [calypso-direct] [on_notify] [DATA_IN] AWS=7.6kt AWA=5° Batt=100% Temp=0°C
[2026-05-31T12:51:49] [DEBUG] [calypso-direct] [on_notify] [DATA_IN] AWS=7.6kt AWA=5° Batt=100% Temp=0°C
[2026-05-31T12:51:49] [DEBUG] [calypso-direct] [on_notify] [DATA_IN] AWS=7.8kt AWA=5° Batt=100% Temp=0°C
[2026-05-31T12:51:49] [DEBUG] [calypso-direct] [on_notify] [DATA_IN] AWS=7.8kt AWA=2° Batt=100% Temp=0°C
[2026-05-31T12:51:50] [DEBUG] [calypso-direct] [on_notify] [DATA_IN] AWS=7.8kt AWA=2° Batt=100% Temp=0°C
[2026-05-31T12:51:50] [DEBUG] [calypso-direct] [on_notify] [DATA_IN] AWS=7.8kt AWA=2° Batt=100% Temp=0°C
[2026-05-31T12:51:50] [DEBUG] [calypso-direct] [on_notify] [DATA_IN] AWS=7.8kt AWA=3° Batt=100% Temp=0°C
[2026-05-31T12:51:51] [DEBUG] [calypso-direct] [on_notify] [DATA_IN] AWS=7.8kt AWA=2° Batt=100% Temp=0°C
[2026-05-31T12:51:51] [DEBUG] [calypso-direct] [on_notify] [DATA_IN] AWS=8.2kt AWA=3° Batt=100% Temp=0°C
[2026-05-31T12:51:51] [DEBUG] [calypso-direct] [on_notify] [DATA_IN] AWS=8.2kt AWA=4° Batt=100% Temp=0°C
[2026-05-31T12:51:51] [DEBUG] [calypso-direct] [on_notify] [DATA_IN] AWS=8.2kt AWA=4° Batt=100% Temp=0°C
[2026-05-31T12:51:52] [DEBUG] [calypso-direct] [on_notify] [DATA_IN] AWS=8.2kt AWA=4° Batt=100% Temp=0°C
[2026-05-31T12:51:53] [DEBUG] [calypso-direct] [on_notify] [DATA_IN] AWS=8.2kt AWA=4° Batt=100% Temp=0°C
[2026-05-31T12:51:53] [DEBUG] [calypso-direct] [on_notify] [DATA_IN] AWS=8.0kt AWA=350° Batt=100% Temp=0°C
[2026-05-31T12:51:53] [DEBUG] [calypso-direct] [on_notify] [DATA_IN] AWS=8.0kt AWA=350° Batt=100% Temp=0°C
[2026-05-31T12:51:53] [DEBUG] [calypso-direct] [on_notify] [DATA_IN] AWS=8.0kt AWA=350° Batt=100% Temp=0°C
[2026-05-31T12:51:54] [DEBUG] [calypso-direct] [on_notify] [DATA_IN] AWS=8.0kt AWA=350° Batt=100% Temp=0°C
[2026-05-31T12:51:54] [DEBUG] [calypso-direct] [on_notify] [DATA_IN] AWS=8.7kt AWA=0° Batt=100% Temp=0°C
[2026-05-31T12:51:54] [DEBUG] [calypso-direct] [on_notify] [DATA_IN] AWS=8.7kt AWA=0° Batt=100% Temp=0°C
[2026-05-31T12:51:54] [DEBUG] [calypso-direct] [on_notify] [DATA_IN] AWS=8.7kt AWA=0° Batt=100% Temp=0°C
[2026-05-31T12:51:54] [DEBUG] [calypso-direct] [on_notify] [DATA_IN] AWS=8.7kt AWA=0° Batt=100% Temp=0°C
[2026-05-31T12:51:55] [DEBUG] [calypso-direct] [on_notify] [DATA_IN] AWS=8.7kt AWA=351° Batt=100% Temp=0°C
[2026-05-31T12:51:55] [DEBUG] [calypso-direct] [on_notify] [DATA_IN] AWS=8.7kt AWA=351° Batt=100% Temp=0°C
[2026-05-31T12:51:55] [DEBUG] [calypso-direct] [on_notify] [DATA_IN] AWS=8.6kt AWA=2° Batt=100% Temp=0°C
[2026-05-31T12:51:55] [DEBUG] [calypso-direct] [on_notify] [DATA_IN] AWS=8.6kt AWA=2° Batt=100% Temp=0°C
[2026-05-31T12:51:55] [DEBUG] [calypso-direct] [on_notify] [DATA_IN] AWS=8.6kt AWA=2° Batt=100% Temp=0°C
[2026-05-31T12:51:56] [DEBUG] [calypso-direct] [on_notify] [DATA_IN] AWS=7.6kt AWA=2° Batt=100% Temp=0°C
[2026-05-31T12:51:57] [DEBUG] [calypso-direct] [on_notify] [DATA_IN] AWS=7.6kt AWA=2° Batt=100% Temp=0°C
[2026-05-31T12:51:57] [DEBUG] [calypso-direct] [on_notify] [DATA_IN] AWS=7.6kt AWA=351° Batt=100% Temp=0°C
[2026-05-31T12:51:57] [DEBUG] [calypso-direct] [on_notify] [DATA_IN] AWS=7.6kt AWA=351° Batt=100% Temp=0°C
[2026-05-31T12:51:57] [DEBUG] [calypso-direct] [on_notify] [DATA_IN] AWS=8.2kt AWA=351° Batt=100% Temp=0°C
[2026-05-31T12:51:57] [DEBUG] [calypso-direct] [on_notify] [DATA_IN] AWS=8.2kt AWA=351° Batt=100% Temp=0°C
[2026-05-31T12:51:58] [DEBUG] [calypso-direct] [on_notify] [DATA_IN] AWS=8.4kt AWA=351° Batt=100% Temp=0°C
[2026-05-31T12:51:58] [DEBUG] [calypso-direct] [on_notify] [DATA_IN] AWS=8.2kt AWA=350° Batt=100% Temp=0°C
[2026-05-31T12:51:58] [DEBUG] [calypso-direct] [on_notify] [DATA_IN] AWS=7.8kt AWA=350° Batt=100% Temp=0°C
[2026-05-31T12:51:58] [DEBUG] [calypso-direct] [on_notify] [DATA_IN] AWS=7.6kt AWA=350° Batt=100% Temp=0°C
[2026-05-31T12:51:58] [DEBUG] [calypso-direct] [on_notify] [DATA_IN] AWS=7.6kt AWA=350° Batt=100% Temp=0°C
[2026-05-31T12:51:59] [DEBUG] [calypso-direct] [on_notify] [DATA_IN] AWS=7.4kt AWA=350° Batt=100% Temp=0°C
[2026-05-31T12:51:59] [DEBUG] [calypso-direct] [on_notify] [DATA_IN] AWS=7.2kt AWA=336° Batt=100% Temp=0°C
[2026-05-31T12:52:00] [DEBUG] [calypso-direct] [on_notify] [DATA_IN] AWS=7.2kt AWA=336° Batt=100% Temp=0°C
[2026-05-31T12:52:00] [DEBUG] [calypso-direct] [on_notify] [DATA_IN] AWS=7.2kt AWA=336° Batt=100% Temp=0°C
[2026-05-31T12:52:00] [DEBUG] [calypso-direct] [on_notify] [DATA_IN] AWS=7.2kt AWA=335° Batt=100% Temp=0°C
[2026-05-31T12:52:00] [DEBUG] [calypso-direct] [on_notify] [DATA_IN] AWS=7.2kt AWA=335° Batt=100% Temp=0°C
[2026-05-31T12:52:00] [DEBUG] [calypso-direct] [on_notify] [DATA_IN] AWS=7.4kt AWA=326° Batt=100% Temp=0°C
[2026-05-31T12:52:00] [DEBUG] [calypso-direct] [on_notify] [DATA_IN] AWS=7.4kt AWA=325° Batt=100% Temp=0°C
[2026-05-31T12:52:00] [DEBUG] [calypso-direct] [on_notify] [DATA_IN] AWS=7.4kt AWA=325° Batt=100% Temp=0°C
[2026-05-31T12:52:00] [DEBUG] [calypso-direct] [on_notify] [DATA_IN] AWS=7.4kt AWA=325° Batt=100% Temp=0°C
[2026-05-31T12:52:00] [DEBUG] [calypso-direct] [on_notify] [DATA_IN] AWS=7.2kt AWA=325° Batt=100% Temp=0°C
[2026-05-31T12:52:01] [DEBUG] [calypso-direct] [on_notify] [DATA_IN] AWS=7.0kt AWA=324° Batt=100% Temp=0°C
[2026-05-31T12:52:02] [DEBUG] [calypso-direct] [on_notify] [DATA_IN] AWS=7.0kt AWA=324° Batt=100% Temp=0°C
[2026-05-31T12:52:02] [DEBUG] [calypso-direct] [on_notify] [DATA_IN] AWS=7.2kt AWA=324° Batt=100% Temp=0°C
[2026-05-31T12:52:02] [DEBUG] [calypso-direct] [on_notify] [DATA_IN] AWS=7.0kt AWA=325° Batt=100% Temp=0°C
[2026-05-31T12:52:02] [DEBUG] [calypso-direct] [on_notify] [DATA_IN] AWS=7.2kt AWA=324° Batt=100% Temp=0°C
[2026-05-31T12:52:02] [DEBUG] [calypso-direct] [on_notify] [DATA_IN] AWS=7.2kt AWA=323° Batt=100% Temp=0°C
[2026-05-31T12:52:04] [DEBUG] [calypso-direct] [on_notify] [DATA_IN] AWS=6.6kt AWA=323° Batt=100% Temp=0°C
[2026-05-31T12:52:04] [DEBUG] [calypso-direct] [on_notify] [DATA_IN] AWS=6.6kt AWA=323° Batt=100% Temp=0°C
[2026-05-31T12:52:04] [DEBUG] [calypso-direct] [on_notify] [DATA_IN] AWS=6.2kt AWA=323° Batt=100% Temp=0°C
[2026-05-31T12:52:04] [DEBUG] [calypso-direct] [on_notify] [DATA_IN] AWS=6.2kt AWA=324° Batt=100% Temp=0°C
[2026-05-31T12:52:04] [DEBUG] [calypso-direct] [on_notify] [DATA_IN] AWS=7.0kt AWA=324° Batt=100% Temp=0°C
[2026-05-31T12:52:04] [DEBUG] [calypso-direct] [on_notify] [DATA_IN] AWS=7.0kt AWA=324° Batt=100% Temp=0°C
[2026-05-31T12:52:04] [DEBUG] [calypso-direct] [on_notify] [DATA_IN] AWS=6.4kt AWA=324° Batt=100% Temp=0°C
[2026-05-31T12:52:04] [DEBUG] [calypso-direct] [on_notify] [DATA_IN] AWS=6.4kt AWA=324° Batt=100% Temp=0°C
[2026-05-31T12:52:04] [DEBUG] [calypso-direct] [on_notify] [DATA_IN] AWS=6.2kt AWA=324° Batt=100% Temp=0°C
[2026-05-31T12:52:04] [DEBUG] [calypso-direct] [on_notify] [DATA_IN] AWS=6.0kt AWA=322° Batt=100% Temp=0°C
[2026-05-31T12:52:06] [DEBUG] [calypso-direct] [on_notify] [DATA_IN] AWS=6.0kt AWA=323° Batt=100% Temp=0°C
[2026-05-31T12:52:06] [DEBUG] [calypso-direct] [on_notify] [DATA_IN] AWS=6.2kt AWA=323° Batt=100% Temp=0°C
[2026-05-31T12:52:06] [DEBUG] [calypso-direct] [on_notify] [DATA_IN] AWS=7.0kt AWA=322° Batt=100% Temp=0°C
[2026-05-31T12:52:06] [DEBUG] [calypso-direct] [on_notify] [DATA_IN] AWS=7.4kt AWA=321° Batt=100% Temp=0°C
[2026-05-31T12:52:06] [DEBUG] [calypso-direct] [on_notify] [DATA_IN] AWS=7.8kt AWA=322° Batt=100% Temp=0°C
[2026-05-31T12:52:07] [DEBUG] [calypso-direct] [on_notify] [DATA_IN] AWS=7.8kt AWA=321° Batt=100% Temp=0°C
[2026-05-31T12:52:07] [DEBUG] [calypso-direct] [on_notify] [DATA_IN] AWS=7.8kt AWA=320° Batt=100% Temp=0°C
[2026-05-31T12:52:07] [DEBUG] [calypso-direct] [on_notify] [DATA_IN] AWS=7.8kt AWA=321° Batt=100% Temp=0°C
[2026-05-31T12:52:07] [DEBUG] [calypso-direct] [on_notify] [DATA_IN] AWS=7.2kt AWA=321° Batt=100% Temp=0°C
[2026-05-31T12:52:07] [DEBUG] [calypso-direct] [on_notify] [DATA_IN] AWS=7.0kt AWA=324° Batt=100% Temp=0°C
[2026-05-31T12:52:08] [DEBUG] [calypso-direct] [on_notify] [DATA_IN] AWS=6.8kt AWA=324° Batt=100% Temp=0°C
[2026-05-31T12:52:08] [DEBUG] [calypso-direct] [on_notify] [DATA_IN] AWS=6.8kt AWA=325° Batt=100% Temp=0°C
[2026-05-31T12:52:08] [DEBUG] [calypso-direct] [on_notify] [DATA_IN] AWS=6.6kt AWA=327° Batt=100% Temp=0°C
[2026-05-31T12:52:08] [DEBUG] [calypso-direct] [on_notify] [DATA_IN] AWS=6.6kt AWA=327° Batt=100% Temp=0°C
[2026-05-31T12:52:08] [DEBUG] [calypso-direct] [on_notify] [DATA_IN] AWS=6.6kt AWA=322° Batt=100% Temp=0°C
[2026-05-31T12:52:09] [DEBUG] [calypso-direct] [on_notify] [DATA_IN] AWS=6.2kt AWA=320° Batt=100% Temp=0°C
[2026-05-31T12:52:09] [DEBUG] [calypso-direct] [on_notify] [DATA_IN] AWS=5.8kt AWA=320° Batt=100% Temp=0°C
[2026-05-31T12:52:10] [DEBUG] [calypso-direct] [on_notify] [DATA_IN] AWS=5.8kt AWA=319° Batt=100% Temp=0°C
[2026-05-31T12:52:10] [DEBUG] [calypso-direct] [on_notify] [DATA_IN] AWS=5.8kt AWA=317° Batt=100% Temp=0°C
[2026-05-31T12:52:10] [DEBUG] [calypso-direct] [on_notify] [DATA_IN] AWS=5.6kt AWA=330° Batt=100% Temp=0°C
[2026-05-31T12:52:10] [DEBUG] [calypso-direct] [on_notify] [DATA_IN] AWS=5.8kt AWA=330° Batt=100% Temp=0°C
[2026-05-31T12:52:10] [DEBUG] [calypso-direct] [on_notify] [DATA_IN] AWS=6.8kt AWA=330° Batt=100% Temp=0°C
[2026-05-31T12:52:10] [DEBUG] [calypso-direct] [on_notify] [DATA_IN] AWS=7.4kt AWA=330° Batt=100% Temp=0°C
[2026-05-31T12:52:11] [DEBUG] [calypso-direct] [on_notify] [DATA_IN] AWS=8.0kt AWA=330° Batt=100% Temp=0°C
[2026-05-31T12:52:11] [DEBUG] [calypso-direct] [on_notify] [DATA_IN] AWS=8.2kt AWA=320° Batt=100% Temp=0°C
[2026-05-31T12:52:11] [DEBUG] [calypso-direct] [on_notify] [DATA_IN] AWS=9.5kt AWA=318° Batt=100% Temp=0°C
[2026-05-31T12:52:11] [DEBUG] [calypso-direct] [on_notify] [DATA_IN] AWS=9.7kt AWA=318° Batt=100% Temp=0°C
[2026-05-31T12:52:13] [DEBUG] [calypso-direct] [on_notify] [DATA_IN] AWS=9.7kt AWA=317° Batt=100% Temp=0°C
[2026-05-31T12:52:13] [DEBUG] [calypso-direct] [on_notify] [DATA_IN] AWS=9.9kt AWA=317° Batt=100% Temp=0°C
[2026-05-31T12:52:14] [DEBUG] [calypso-direct] [on_notify] [DATA_IN] AWS=9.9kt AWA=314° Batt=100% Temp=0°C
[2026-05-31T12:52:14] [DEBUG] [calypso-direct] [on_notify] [DATA_IN] AWS=9.9kt AWA=313° Batt=100% Temp=0°C
[2026-05-31T12:52:14] [DEBUG] [calypso-direct] [on_notify] [DATA_IN] AWS=9.1kt AWA=313° Batt=100% Temp=0°C
[2026-05-31T12:52:14] [DEBUG] [calypso-direct] [on_notify] [DATA_IN] AWS=8.6kt AWA=313° Batt=100% Temp=0°C
[2026-05-31T12:52:15] [DEBUG] [calypso-direct] [on_notify] [DATA_IN] AWS=7.2kt AWA=314° Batt=100% Temp=0°C
[2026-05-31T12:52:15] [DEBUG] [calypso-direct] [on_notify] [DATA_IN] AWS=7.2kt AWA=322° Batt=100% Temp=0°C
[2026-05-31T12:52:15] [DEBUG] [calypso-direct] [on_notify] [DATA_IN] AWS=7.2kt AWA=322° Batt=100% Temp=0°C
[2026-05-31T12:52:15] [DEBUG] [calypso-direct] [on_notify] [DATA_IN] AWS=7.4kt AWA=320° Batt=100% Temp=0°C
[2026-05-31T12:52:15] [DEBUG] [calypso-direct] [on_notify] [DATA_IN] AWS=9.5kt AWA=318° Batt=100% Temp=0°C
[2026-05-31T12:52:16] [DEBUG] [calypso-direct] [on_notify] [DATA_IN] AWS=9.5kt AWA=316° Batt=100% Temp=0°C
[2026-05-31T12:52:16] [DEBUG] [calypso-direct] [on_notify] [DATA_IN] AWS=9.7kt AWA=306° Batt=100% Temp=0°C
[2026-05-31T12:52:16] [DEBUG] [calypso-direct] [on_notify] [DATA_IN] AWS=10.1kt AWA=306° Batt=100% Temp=0°C
[2026-05-31T12:52:16] [DEBUG] [calypso-direct] [on_notify] [DATA_IN] AWS=10.3kt AWA=305° Batt=100% Temp=0°C
[2026-05-31T12:52:16] [DEBUG] [calypso-direct] [on_notify] [DATA_IN] AWS=10.9kt AWA=304° Batt=100% Temp=0°C
[2026-05-31T12:52:16] [DEBUG] [calypso-direct] [on_notify] [DATA_IN] AWS=11.3kt AWA=303° Batt=100% Temp=0°C
[2026-05-31T12:52:17] [DEBUG] [calypso-direct] [on_notify] [DATA_IN] AWS=11.3kt AWA=301° Batt=100% Temp=0°C
[2026-05-31T12:52:17] [DEBUG] [calypso-direct] [on_notify] [DATA_IN] AWS=11.3kt AWA=301° Batt=100% Temp=0°C
[2026-05-31T12:52:17] [DEBUG] [calypso-direct] [on_notify] [DATA_IN] AWS=11.1kt AWA=301° Batt=100% Temp=0°C
[2026-05-31T12:52:17] [DEBUG] [calypso-direct] [on_notify] [DATA_IN] AWS=10.9kt AWA=301° Batt=100% Temp=0°C
[2026-05-31T12:52:17] [DEBUG] [calypso-direct] [on_notify] [DATA_IN] AWS=10.3kt AWA=302° Batt=100% Temp=0°C
[2026-05-31T12:52:18] [DEBUG] [calypso-direct] [on_notify] [DATA_IN] AWS=10.1kt AWA=305° Batt=100% Temp=0°C
[2026-05-31T12:52:18] [DEBUG] [calypso-direct] [on_notify] [DATA_IN] AWS=10.1kt AWA=305° Batt=100% Temp=0°C
[2026-05-31T12:52:18] [DEBUG] [calypso-direct] [on_notify] [DATA_IN] AWS=10.1kt AWA=305° Batt=100% Temp=0°C
[2026-05-31T12:52:18] [DEBUG] [calypso-direct] [on_notify] [DATA_IN] AWS=9.9kt AWA=305° Batt=100% Temp=0°C
[2026-05-31T12:52:18] [DEBUG] [calypso-direct] [on_notify] [DATA_IN] AWS=10.1kt AWA=305° Batt=100% Temp=0°C
[2026-05-31T12:52:19] [DEBUG] [calypso-direct] [on_notify] [DATA_IN] AWS=10.3kt AWA=305° Batt=100% Temp=0°C
[2026-05-31T12:52:19] [DEBUG] [calypso-direct] [on_notify] [DATA_IN] AWS=10.5kt AWA=304° Batt=100% Temp=0°C
[2026-05-31T12:52:20] [DEBUG] [calypso-direct] [on_notify] [DATA_IN] AWS=10.7kt AWA=304° Batt=100% Temp=0°C
[2026-05-31T12:52:20] [DEBUG] [calypso-direct] [on_notify] [DATA_IN] AWS=10.7kt AWA=304° Batt=100% Temp=0°C
[2026-05-31T12:52:20] [DEBUG] [calypso-direct] [on_notify] [DATA_IN] AWS=10.7kt AWA=303° Batt=100% Temp=0°C
[2026-05-31T12:52:20] [DEBUG] [calypso-direct] [on_notify] [DATA_IN] AWS=10.7kt AWA=301° Batt=100% Temp=0°C
[2026-05-31T12:52:20] [DEBUG] [calypso-direct] [on_notify] [DATA_IN] AWS=10.7kt AWA=301° Batt=100% Temp=0°C
[2026-05-31T12:52:21] [DEBUG] [calypso-direct] [on_notify] [DATA_IN] AWS=10.7kt AWA=301° Batt=100% Temp=0°C
[2026-05-31T12:52:21] [DEBUG] [calypso-direct] [on_notify] [DATA_IN] AWS=10.7kt AWA=301° Batt=100% Temp=0°C
[2026-05-31T12:52:21] [DEBUG] [calypso-direct] [on_notify] [DATA_IN] AWS=10.5kt AWA=302° Batt=100% Temp=0°C
[2026-05-31T12:52:21] [DEBUG] [calypso-direct] [on_notify] [DATA_IN] AWS=10.5kt AWA=303° Batt=100% Temp=0°C
[2026-05-31T12:52:21] [DEBUG] [calypso-direct] [on_notify] [DATA_IN] AWS=10.3kt AWA=303° Batt=100% Temp=0°C
[2026-05-31T12:52:21] [DEBUG] [calypso-direct] [on_notify] [DATA_IN] AWS=10.1kt AWA=303° Batt=100% Temp=0°C
[2026-05-31T12:52:22] [DEBUG] [calypso-direct] [on_notify] [DATA_IN] AWS=9.9kt AWA=304° Batt=100% Temp=0°C
[2026-05-31T12:52:22] [DEBUG] [calypso-direct] [on_notify] [DATA_IN] AWS=9.9kt AWA=304° Batt=100% Temp=0°C
[2026-05-31T12:52:23] [DEBUG] [calypso-direct] [on_notify] [DATA_IN] AWS=9.9kt AWA=303° Batt=100% Temp=0°C
[2026-05-31T12:52:23] [DEBUG] [calypso-direct] [on_notify] [DATA_IN] AWS=10.1kt AWA=303° Batt=100% Temp=0°C
[2026-05-31T12:52:24] [DEBUG] [calypso-direct] [on_notify] [DATA_IN] AWS=10.1kt AWA=301° Batt=100% Temp=0°C
[2026-05-31T12:52:24] [DEBUG] [calypso-direct] [on_notify] [DATA_IN] AWS=10.1kt AWA=301° Batt=100% Temp=0°C
[2026-05-31T12:52:24] [DEBUG] [calypso-direct] [on_notify] [DATA_IN] AWS=10.1kt AWA=301° Batt=100% Temp=0°C
[2026-05-31T12:52:24] [DEBUG] [calypso-direct] [on_notify] [DATA_IN] AWS=10.1kt AWA=302° Batt=100% Temp=0°C
[2026-05-31T12:52:24] [DEBUG] [calypso-direct] [on_notify] [DATA_IN] AWS=9.9kt AWA=304° Batt=100% Temp=0°C
[2026-05-31T12:52:24] [DEBUG] [calypso-direct] [on_notify] [DATA_IN] AWS=9.7kt AWA=304° Batt=100% Temp=0°C
[2026-05-31T12:52:24] [DEBUG] [calypso-direct] [on_notify] [DATA_IN] AWS=9.5kt AWA=305° Batt=100% Temp=0°C
[2026-05-31T12:52:24] [DEBUG] [calypso-direct] [on_notify] [DATA_IN] AWS=9.3kt AWA=307° Batt=100% Temp=0°C
[2026-05-31T12:52:24] [DEBUG] [calypso-direct] [on_notify] [DATA_IN] AWS=9.1kt AWA=308° Batt=100% Temp=0°C
[2026-05-31T12:52:25] [DEBUG] [calypso-direct] [on_notify] [DATA_IN] AWS=9.3kt AWA=308° Batt=100% Temp=0°C
[2026-05-31T12:52:25] [DEBUG] [calypso-direct] [on_notify] [DATA_IN] AWS=9.5kt AWA=308° Batt=100% Temp=0°C
[2026-05-31T12:52:27] [DEBUG] [calypso-direct] [on_notify] [DATA_IN] AWS=9.5kt AWA=307° Batt=100% Temp=0°C
[2026-05-31T12:52:27] [DEBUG] [calypso-direct] [on_notify] [DATA_IN] AWS=9.7kt AWA=307° Batt=100% Temp=0°C
[2026-05-31T12:52:27] [DEBUG] [calypso-direct] [on_notify] [DATA_IN] AWS=9.7kt AWA=307° Batt=100% Temp=0°C
[2026-05-31T12:52:27] [DEBUG] [calypso-direct] [on_notify] [DATA_IN] AWS=9.9kt AWA=306° Batt=100% Temp=0°C
[2026-05-31T12:52:27] [DEBUG] [calypso-direct] [on_notify] [DATA_IN] AWS=9.7kt AWA=306° Batt=100% Temp=0°C
[2026-05-31T12:52:27] [DEBUG] [calypso-direct] [on_notify] [DATA_IN] AWS=9.7kt AWA=306° Batt=100% Temp=0°C
[2026-05-31T12:52:27] [DEBUG] [calypso-direct] [on_notify] [DATA_IN] AWS=9.5kt AWA=306° Batt=100% Temp=0°C
[2026-05-31T12:52:27] [DEBUG] [calypso-direct] [on_notify] [DATA_IN] AWS=9.1kt AWA=306° Batt=100% Temp=0°C
[2026-05-31T12:52:28] [DEBUG] [calypso-direct] [on_notify] [DATA_IN] AWS=8.9kt AWA=307° Batt=100% Temp=0°C
[2026-05-31T12:52:28] [DEBUG] [calypso-direct] [on_notify] [DATA_IN] AWS=8.9kt AWA=308° Batt=100% Temp=0°C
[2026-05-31T12:52:28] [DEBUG] [calypso-direct] [on_notify] [DATA_IN] AWS=8.7kt AWA=310° Batt=100% Temp=0°C
[2026-05-31T12:52:28] [DEBUG] [calypso-direct] [on_notify] [DATA_IN] AWS=8.6kt AWA=310° Batt=100% Temp=0°C
[2026-05-31T12:52:28] [DEBUG] [calypso-direct] [on_notify] [DATA_IN] AWS=8.6kt AWA=311° Batt=100% Temp=0°C
[2026-05-31T12:52:28] [DEBUG] [calypso-direct] [on_notify] [DATA_IN] AWS=8.6kt AWA=312° Batt=100% Temp=0°C
[2026-05-31T12:52:30] [DEBUG] [calypso-direct] [on_notify] [DATA_IN] AWS=8.9kt AWA=311° Batt=100% Temp=0°C
[2026-05-31T12:52:30] [DEBUG] [calypso-direct] [on_notify] [DATA_IN] AWS=9.7kt AWA=310° Batt=100% Temp=0°C
[2026-05-31T12:52:30] [DEBUG] [calypso-direct] [on_notify] [DATA_IN] AWS=11.5kt AWA=309° Batt=100% Temp=0°C
[2026-05-31T12:52:30] [DEBUG] [calypso-direct] [on_notify] [DATA_IN] AWS=11.5kt AWA=310° Batt=100% Temp=0°C
[2026-05-31T12:52:30] [DEBUG] [calypso-direct] [on_notify] [DATA_IN] AWS=11.5kt AWA=310° Batt=100% Temp=0°C
[2026-05-31T12:52:30] [DEBUG] [calypso-direct] [on_notify] [DATA_IN] AWS=10.9kt AWA=312° Batt=100% Temp=0°C
[2026-05-31T12:52:30] [DEBUG] [calypso-direct] [on_notify] [DATA_IN] AWS=10.7kt AWA=313° Batt=100% Temp=0°C
[2026-05-31T12:52:31] [DEBUG] [calypso-direct] [on_notify] [DATA_IN] AWS=9.1kt AWA=315° Batt=100% Temp=0°C
[2026-05-31T12:52:31] [DEBUG] [calypso-direct] [on_notify] [DATA_IN] AWS=9.1kt AWA=320° Batt=100% Temp=0°C
[2026-05-31T12:52:31] [DEBUG] [calypso-direct] [on_notify] [DATA_IN] AWS=8.9kt AWA=320° Batt=100% Temp=0°C
[2026-05-31T12:52:31] [DEBUG] [calypso-direct] [on_notify] [DATA_IN] AWS=8.9kt AWA=319° Batt=100% Temp=0°C
[2026-05-31T12:52:31] [DEBUG] [calypso-direct] [on_notify] [DATA_IN] AWS=9.1kt AWA=319° Batt=100% Temp=0°C
[2026-05-31T12:52:33] [DEBUG] [calypso-direct] [on_notify] [DATA_IN] AWS=9.1kt AWA=319° Batt=100% Temp=0°C
[2026-05-31T12:52:33] [DEBUG] [calypso-direct] [on_notify] [DATA_IN] AWS=8.9kt AWA=318° Batt=100% Temp=0°C
[2026-05-31T12:52:33] [DEBUG] [calypso-direct] [on_notify] [DATA_IN] AWS=9.1kt AWA=315° Batt=100% Temp=0°C
[2026-05-31T12:52:33] [DEBUG] [calypso-direct] [on_notify] [DATA_IN] AWS=9.1kt AWA=315° Batt=100% Temp=0°C
[2026-05-31T12:52:33] [DEBUG] [calypso-direct] [on_notify] [DATA_IN] AWS=8.7kt AWA=315° Batt=100% Temp=0°C
[2026-05-31T12:52:34] [DEBUG] [calypso-direct] [on_notify] [DATA_IN] AWS=8.4kt AWA=316° Batt=100% Temp=0°C
[2026-05-31T12:52:34] [DEBUG] [calypso-direct] [on_notify] [DATA_IN] AWS=8.2kt AWA=314° Batt=100% Temp=0°C
[2026-05-31T12:52:34] [DEBUG] [calypso-direct] [on_notify] [DATA_IN] AWS=8.0kt AWA=315° Batt=100% Temp=0°C
[2026-05-31T12:52:34] [DEBUG] [calypso-direct] [on_notify] [DATA_IN] AWS=8.0kt AWA=316° Batt=100% Temp=0°C
[2026-05-31T12:52:34] [DEBUG] [calypso-direct] [on_notify] [DATA_IN] AWS=8.0kt AWA=317° Batt=100% Temp=0°C
[2026-05-31T12:52:35] [DEBUG] [calypso-direct] [on_notify] [DATA_IN] AWS=6.6kt AWA=318° Batt=100% Temp=0°C
[2026-05-31T12:52:35] [DEBUG] [calypso-direct] [on_notify] [DATA_IN] AWS=6.6kt AWA=341° Batt=100% Temp=0°C
[2026-05-31T12:52:35] [DEBUG] [calypso-direct] [on_notify] [DATA_IN] AWS=6.6kt AWA=341° Batt=100% Temp=0°C
[2026-05-31T12:52:35] [DEBUG] [calypso-direct] [on_notify] [DATA_IN] AWS=5.4kt AWA=343° Batt=100% Temp=0°C
[2026-05-31T12:52:35] [DEBUG] [calypso-direct] [on_notify] [DATA_IN] AWS=4.9kt AWA=343° Batt=100% Temp=0°C
[2026-05-31T12:52:36] [DEBUG] [calypso-direct] [on_notify] [DATA_IN] AWS=4.5kt AWA=343° Batt=100% Temp=0°C
[2026-05-31T12:52:36] [DEBUG] [calypso-direct] [on_notify] [DATA_IN] AWS=4.9kt AWA=315° Batt=100% Temp=0°C
[2026-05-31T12:52:36] [DEBUG] [calypso-direct] [on_notify] [DATA_IN] AWS=4.9kt AWA=315° Batt=100% Temp=0°C
[2026-05-31T12:52:36] [DEBUG] [calypso-direct] [on_notify] [DATA_IN] AWS=5.8kt AWA=304° Batt=100% Temp=0°C
[2026-05-31T12:52:36] [DEBUG] [calypso-direct] [on_notify] [DATA_IN] AWS=7.6kt AWA=301° Batt=100% Temp=0°C
[2026-05-31T12:52:37] [DEBUG] [calypso-direct] [on_notify] [DATA_IN] AWS=7.6kt AWA=301° Batt=100% Temp=0°C
[2026-05-31T12:52:37] [DEBUG] [calypso-direct] [on_notify] [DATA_IN] AWS=7.6kt AWA=304° Batt=100% Temp=0°C
[2026-05-31T12:52:37] [DEBUG] [calypso-direct] [on_notify] [DATA_IN] AWS=7.6kt AWA=304° Batt=100% Temp=0°C
[2026-05-31T12:52:38] [DEBUG] [calypso-direct] [on_notify] [DATA_IN] AWS=7.0kt AWA=305° Batt=100% Temp=0°C
[2026-05-31T12:52:38] [DEBUG] [calypso-direct] [on_notify] [DATA_IN] AWS=6.6kt AWA=305° Batt=100% Temp=0°C
[2026-05-31T12:52:38] [DEBUG] [calypso-direct] [on_notify] [DATA_IN] AWS=6.4kt AWA=305° Batt=100% Temp=0°C
[2026-05-31T12:52:39] [DEBUG] [calypso-direct] [on_notify] [DATA_IN] AWS=6.4kt AWA=305° Batt=100% Temp=0°C
[2026-05-31T12:52:39] [DEBUG] [calypso-direct] [on_notify] [DATA_IN] AWS=6.4kt AWA=305° Batt=100% Temp=0°C
[2026-05-31T12:52:39] [DEBUG] [calypso-direct] [on_notify] [DATA_IN] AWS=7.4kt AWA=305° Batt=100% Temp=0°C
[2026-05-31T12:52:39] [DEBUG] [calypso-direct] [on_notify] [DATA_IN] AWS=8.2kt AWA=305° Batt=100% Temp=0°C
[2026-05-31T12:52:40] [DEBUG] [calypso-direct] [on_notify] [DATA_IN] AWS=8.2kt AWA=305° Batt=100% Temp=0°C
[2026-05-31T12:52:40] [DEBUG] [calypso-direct] [on_notify] [DATA_IN] AWS=8.2kt AWA=305° Batt=100% Temp=0°C
[2026-05-31T12:52:40] [DEBUG] [calypso-direct] [on_notify] [DATA_IN] AWS=7.8kt AWA=306° Batt=100% Temp=0°C
[2026-05-31T12:52:40] [DEBUG] [calypso-direct] [on_notify] [DATA_IN] AWS=7.4kt AWA=308° Batt=100% Temp=0°C
[2026-05-31T12:52:41] [DEBUG] [calypso-direct] [on_notify] [DATA_IN] AWS=7.4kt AWA=309° Batt=100% Temp=0°C
[2026-05-31T12:52:41] [DEBUG] [calypso-direct] [on_notify] [DATA_IN] AWS=6.4kt AWA=313° Batt=100% Temp=0°C
[2026-05-31T12:52:41] [DEBUG] [calypso-direct] [on_notify] [DATA_IN] AWS=5.4kt AWA=331° Batt=100% Temp=0°C
[2026-05-31T12:52:42] [DEBUG] [calypso-direct] [on_notify] [DATA_IN] AWS=5.1kt AWA=333° Batt=100% Temp=0°C
[2026-05-31T12:52:42] [DEBUG] [calypso-direct] [on_notify] [DATA_IN] AWS=5.1kt AWA=333° Batt=100% Temp=0°C
[2026-05-31T12:52:42] [DEBUG] [calypso-direct] [on_notify] [DATA_IN] AWS=5.4kt AWA=333° Batt=100% Temp=0°C
[2026-05-31T12:52:42] [DEBUG] [calypso-direct] [on_notify] [DATA_IN] AWS=8.9kt AWA=330° Batt=100% Temp=0°C
[2026-05-31T12:52:43] [DEBUG] [calypso-direct] [on_notify] [DATA_IN] AWS=8.9kt AWA=312° Batt=100% Temp=0°C
[2026-05-31T12:52:43] [DEBUG] [calypso-direct] [on_notify] [DATA_IN] AWS=8.9kt AWA=312° Batt=100% Temp=0°C
[2026-05-31T12:52:43] [DEBUG] [calypso-direct] [on_notify] [DATA_IN] AWS=8.9kt AWA=312° Batt=100% Temp=0°C
[2026-05-31T12:52:43] [DEBUG] [calypso-direct] [on_notify] [DATA_IN] AWS=8.7kt AWA=312° Batt=100% Temp=0°C
[2026-05-31T12:52:43] [DEBUG] [calypso-direct] [on_notify] [DATA_IN] AWS=8.4kt AWA=312° Batt=100% Temp=0°C
[2026-05-31T12:52:43] [DEBUG] [calypso-direct] [on_notify] [DATA_IN] AWS=8.4kt AWA=313° Batt=100% Temp=0°C
[2026-05-31T12:52:47] [DEBUG] [calypso-direct] [on_notify] [DATA_IN] AWS=8.2kt AWA=314° Batt=100% Temp=0°C
[2026-05-31T12:52:47] [DEBUG] [calypso-direct] [on_notify] [DATA_IN] AWS=7.2kt AWA=315° Batt=100% Temp=0°C
[2026-05-31T12:52:47] [DEBUG] [calypso-direct] [on_notify] [DATA_IN] AWS=6.0kt AWA=319° Batt=100% Temp=0°C
[2026-05-31T12:52:47] [DEBUG] [calypso-direct] [on_notify] [DATA_IN] AWS=6.0kt AWA=319° Batt=100% Temp=0°C
[2026-05-31T12:52:48] [DEBUG] [calypso-direct] [on_notify] [DATA_IN] AWS=5.6kt AWA=336° Batt=100% Temp=0°C
[2026-05-31T12:52:48] [DEBUG] [calypso-direct] [on_notify] [DATA_IN] AWS=4.3kt AWA=337° Batt=100% Temp=0°C
[2026-05-31T12:52:48] [DEBUG] [calypso-direct] [on_notify] [DATA_IN] AWS=3.3kt AWA=337° Batt=100% Temp=0°C
[2026-05-31T12:52:48] [DEBUG] [calypso-direct] [on_notify] [DATA_IN] AWS=3.3kt AWA=337° Batt=100% Temp=0°C
[2026-05-31T12:52:48] [DEBUG] [calypso-direct] [on_notify] [DATA_IN] AWS=3.3kt AWA=338° Batt=100% Temp=0°C
[2026-05-31T12:52:49] [DEBUG] [calypso-direct] [on_notify] [DATA_IN] AWS=3.5kt AWA=330° Batt=100% Temp=0°C
[2026-05-31T12:52:50] [DEBUG] [calypso-direct] [on_notify] [DATA_IN] AWS=3.9kt AWA=329° Batt=100% Temp=0°C
[2026-05-31T12:52:50] [DEBUG] [calypso-direct] [on_notify] [DATA_IN] AWS=4.3kt AWA=326° Batt=100% Temp=0°C
[2026-05-31T12:52:50] [DEBUG] [calypso-direct] [on_notify] [DATA_IN] AWS=4.5kt AWA=326° Batt=100% Temp=0°C
[2026-05-31T12:52:50] [DEBUG] [calypso-direct] [on_notify] [DATA_IN] AWS=4.5kt AWA=326° Batt=100% Temp=0°C
[2026-05-31T12:52:50] [DEBUG] [calypso-direct] [on_notify] [DATA_IN] AWS=4.7kt AWA=324° Batt=100% Temp=0°C
[2026-05-31T12:52:51] [DEBUG] [calypso-direct] [on_notify] [DATA_IN] AWS=4.5kt AWA=324° Batt=100% Temp=0°C
[2026-05-31T12:52:51] [DEBUG] [calypso-direct] [on_notify] [DATA_IN] AWS=4.7kt AWA=324° Batt=100% Temp=0°C
[2026-05-31T12:52:51] [DEBUG] [calypso-direct] [on_notify] [DATA_IN] AWS=4.7kt AWA=324° Batt=100% Temp=0°C
[2026-05-31T12:52:51] [DEBUG] [calypso-direct] [on_notify] [DATA_IN] AWS=4.9kt AWA=324° Batt=100% Temp=0°C
[2026-05-31T12:52:51] [DEBUG] [calypso-direct] [on_notify] [DATA_IN] AWS=6.0kt AWA=315° Batt=100% Temp=0°C
[2026-05-31T12:52:51] [DEBUG] [calypso-direct] [on_notify] [DATA_IN] AWS=6.0kt AWA=315° Batt=100% Temp=0°C
[2026-05-31T12:52:51] [DEBUG] [calypso-direct] [on_notify] [DATA_IN] AWS=6.2kt AWA=315° Batt=100% Temp=0°C
[2026-05-31T12:52:51] [DEBUG] [calypso-direct] [on_notify] [DATA_IN] AWS=6.2kt AWA=314° Batt=100% Temp=0°C
[2026-05-31T12:52:51] [DEBUG] [calypso-direct] [on_notify] [DATA_IN] AWS=6.4kt AWA=315° Batt=100% Temp=0°C
[2026-05-31T12:52:53] [DEBUG] [calypso-direct] [on_notify] [DATA_IN] AWS=6.0kt AWA=328° Batt=100% Temp=0°C
[2026-05-31T12:52:53] [DEBUG] [calypso-direct] [on_notify] [DATA_IN] AWS=5.4kt AWA=328° Batt=100% Temp=0°C
[2026-05-31T12:52:53] [DEBUG] [calypso-direct] [on_notify] [DATA_IN] AWS=5.4kt AWA=328° Batt=100% Temp=0°C
[2026-05-31T12:52:53] [DEBUG] [calypso-direct] [on_notify] [DATA_IN] AWS=5.2kt AWA=328° Batt=100% Temp=0°C
[2026-05-31T12:52:53] [DEBUG] [calypso-direct] [on_notify] [DATA_IN] AWS=5.2kt AWA=328° Batt=100% Temp=0°C
[2026-05-31T12:52:53] [DEBUG] [calypso-direct] [on_notify] [DATA_IN] AWS=5.2kt AWA=320° Batt=100% Temp=0°C
[2026-05-31T12:52:53] [DEBUG] [calypso-direct] [on_notify] [DATA_IN] AWS=5.2kt AWA=320° Batt=100% Temp=0°C
[2026-05-31T12:52:53] [DEBUG] [calypso-direct] [on_notify] [DATA_IN] AWS=5.2kt AWA=322° Batt=100% Temp=0°C
[2026-05-31T12:52:53] [DEBUG] [calypso-direct] [on_notify] [DATA_IN] AWS=4.9kt AWA=322° Batt=100% Temp=0°C
[2026-05-31T12:52:53] [DEBUG] [calypso-direct] [on_notify] [DATA_IN] AWS=4.7kt AWA=323° Batt=100% Temp=0°C
[2026-05-31T12:52:53] [DEBUG] [calypso-direct] [on_notify] [DATA_IN] AWS=4.7kt AWA=321° Batt=100% Temp=0°C
[2026-05-31T12:52:54] [DEBUG] [calypso-direct] [on_notify] [DATA_IN] AWS=4.7kt AWA=319° Batt=100% Temp=0°C
[2026-05-31T12:52:54] [DEBUG] [calypso-direct] [on_notify] [DATA_IN] AWS=4.7kt AWA=319° Batt=100% Temp=0°C
[2026-05-31T12:52:54] [DEBUG] [calypso-direct] [on_notify] [DATA_IN] AWS=4.7kt AWA=318° Batt=100% Temp=0°C
[2026-05-31T12:52:54] [DEBUG] [calypso-direct] [on_notify] [DATA_IN] AWS=4.9kt AWA=318° Batt=100% Temp=0°C
[2026-05-31T12:52:54] [DEBUG] [calypso-direct] [on_notify] [DATA_IN] AWS=4.7kt AWA=346° Batt=100% Temp=0°C
[2026-05-31T12:52:54] [DEBUG] [calypso-direct] [on_notify] [DATA_IN] AWS=4.9kt AWA=346° Batt=100% Temp=0°C
[2026-05-31T12:52:54] [DEBUG] [calypso-direct] [on_notify] [DATA_IN] AWS=4.9kt AWA=347° Batt=100% Temp=0°C
[2026-05-31T12:52:54] [DEBUG] [calypso-direct] [on_notify] [DATA_IN] AWS=4.9kt AWA=348° Batt=100% Temp=0°C
[2026-05-31T12:52:55] [DEBUG] [calypso-direct] [on_notify] [DATA_IN] AWS=4.9kt AWA=348° Batt=100% Temp=0°C
[2026-05-31T12:52:55] [DEBUG] [calypso-direct] [on_notify] [DATA_IN] AWS=4.9kt AWA=341° Batt=100% Temp=0°C
[2026-05-31T12:52:55] [DEBUG] [calypso-direct] [on_notify] [DATA_IN] AWS=4.9kt AWA=341° Batt=100% Temp=0°C
[2026-05-31T12:52:55] [DEBUG] [calypso-direct] [on_notify] [DATA_IN] AWS=5.1kt AWA=342° Batt=100% Temp=0°C
[2026-05-31T12:52:57] [DEBUG] [calypso-direct] [on_notify] [DATA_IN] AWS=5.1kt AWA=341° Batt=100% Temp=0°C
[2026-05-31T12:52:57] [DEBUG] [calypso-direct] [on_notify] [DATA_IN] AWS=5.1kt AWA=342° Batt=100% Temp=0°C
[2026-05-31T12:52:57] [DEBUG] [calypso-direct] [on_notify] [DATA_IN] AWS=5.2kt AWA=353° Batt=100% Temp=0°C
[2026-05-31T12:52:57] [DEBUG] [calypso-direct] [on_notify] [DATA_IN] AWS=5.4kt AWA=353° Batt=100% Temp=0°C
[2026-05-31T12:52:57] [DEBUG] [calypso-direct] [on_notify] [DATA_IN] AWS=5.4kt AWA=353° Batt=100% Temp=0°C
[2026-05-31T12:52:57] [DEBUG] [calypso-direct] [on_notify] [DATA_IN] AWS=5.8kt AWA=353° Batt=100% Temp=0°C
[2026-05-31T12:52:57] [DEBUG] [calypso-direct] [on_notify] [DATA_IN] AWS=6.0kt AWA=353° Batt=100% Temp=0°C
[2026-05-31T12:52:57] [DEBUG] [calypso-direct] [on_notify] [DATA_IN] AWS=6.0kt AWA=353° Batt=100% Temp=0°C
[2026-05-31T12:52:57] [DEBUG] [calypso-direct] [on_notify] [DATA_IN] AWS=5.6kt AWA=353° Batt=100% Temp=0°C
[2026-05-31T12:52:58] [DEBUG] [calypso-direct] [on_notify] [DATA_IN] AWS=5.6kt AWA=353° Batt=100% Temp=0°C
[2026-05-31T12:52:58] [DEBUG] [calypso-direct] [on_notify] [DATA_IN] AWS=4.3kt AWA=353° Batt=100% Temp=0°C
[2026-05-31T12:52:59] [DEBUG] [calypso-direct] [on_notify] [DATA_IN] AWS=4.3kt AWA=353° Batt=100% Temp=0°C
[2026-05-31T12:53:00] [DEBUG] [calypso-direct] [on_notify] [DATA_IN] AWS=4.1kt AWA=324° Batt=100% Temp=0°C
[2026-05-31T12:53:01] [DEBUG] [calypso-direct] [on_notify] [DATA_IN] AWS=4.1kt AWA=319° Batt=100% Temp=0°C
[2026-05-31T12:53:01] [DEBUG] [calypso-direct] [on_notify] [DATA_IN] AWS=4.7kt AWA=319° Batt=100% Temp=0°C
[2026-05-31T12:53:01] [DEBUG] [calypso-direct] [on_notify] [DATA_IN] AWS=4.7kt AWA=319° Batt=100% Temp=0°C
[2026-05-31T12:53:01] [DEBUG] [calypso-direct] [on_notify] [DATA_IN] AWS=4.7kt AWA=321° Batt=100% Temp=0°C
[2026-05-31T12:53:01] [DEBUG] [calypso-direct] [on_notify] [DATA_IN] AWS=4.7kt AWA=348° Batt=100% Temp=0°C
[2026-05-31T12:53:01] [DEBUG] [calypso-direct] [on_notify] [DATA_IN] AWS=4.7kt AWA=348° Batt=100% Temp=0°C
[2026-05-31T12:53:02] [DEBUG] [calypso-direct] [on_notify] [DATA_IN] AWS=4.7kt AWA=348° Batt=100% Temp=0°C
[2026-05-31T12:53:02] [DEBUG] [calypso-direct] [on_notify] [DATA_IN] AWS=4.7kt AWA=348° Batt=100% Temp=0°C
[2026-05-31T12:53:02] [DEBUG] [calypso-direct] [on_notify] [DATA_IN] AWS=4.7kt AWA=348° Batt=100% Temp=0°C
[2026-05-31T12:53:03] [DEBUG] [calypso-direct] [on_notify] [DATA_IN] AWS=4.7kt AWA=345° Batt=100% Temp=0°C
[2026-05-31T12:53:03] [DEBUG] [calypso-direct] [on_notify] [DATA_IN] AWS=4.7kt AWA=345° Batt=100% Temp=0°C
[2026-05-31T12:53:03] [DEBUG] [calypso-direct] [on_notify] [DATA_IN] AWS=4.5kt AWA=345° Batt=100% Temp=0°C
[2026-05-31T12:53:03] [DEBUG] [calypso-direct] [on_notify] [DATA_IN] AWS=4.5kt AWA=344° Batt=100% Temp=0°C
[2026-05-31T12:53:03] [DEBUG] [calypso-direct] [on_notify] [DATA_IN] AWS=4.5kt AWA=344° Batt=100% Temp=0°C
[2026-05-31T12:53:03] [DEBUG] [calypso-direct] [on_notify] [DATA_IN] AWS=4.5kt AWA=342° Batt=100% Temp=0°C
[2026-05-31T12:53:03] [DEBUG] [calypso-direct] [on_notify] [DATA_IN] AWS=4.7kt AWA=342° Batt=100% Temp=0°C
[2026-05-31T12:53:04] [DEBUG] [calypso-direct] [on_notify] [DATA_IN] AWS=4.7kt AWA=342° Batt=100% Temp=0°C
[2026-05-31T12:53:04] [DEBUG] [calypso-direct] [on_notify] [DATA_IN] AWS=4.7kt AWA=343° Batt=100% Temp=0°C
[2026-05-31T12:53:04] [DEBUG] [calypso-direct] [on_notify] [DATA_IN] AWS=4.7kt AWA=343° Batt=100% Temp=0°C
[2026-05-31T12:53:04] [DEBUG] [calypso-direct] [on_notify] [DATA_IN] AWS=4.7kt AWA=353° Batt=100% Temp=0°C
[2026-05-31T12:53:04] [DEBUG] [calypso-direct] [on_notify] [DATA_IN] AWS=4.5kt AWA=353° Batt=100% Temp=0°C
[2026-05-31T12:53:04] [DEBUG] [calypso-direct] [on_notify] [DATA_IN] AWS=4.5kt AWA=353° Batt=100% Temp=0°C
[2026-05-31T12:53:04] [DEBUG] [calypso-direct] [on_notify] [DATA_IN] AWS=4.1kt AWA=353° Batt=100% Temp=0°C
[2026-05-31T12:53:04] [DEBUG] [calypso-direct] [on_notify] [DATA_IN] AWS=4.1kt AWA=353° Batt=100% Temp=0°C
[2026-05-31T12:53:04] [DEBUG] [calypso-direct] [on_notify] [DATA_IN] AWS=3.9kt AWA=327° Batt=100% Temp=0°C
[2026-05-31T12:53:05] [DEBUG] [calypso-direct] [on_notify] [DATA_IN] AWS=3.9kt AWA=325° Batt=100% Temp=0°C
[2026-05-31T12:53:06] [DEBUG] [calypso-direct] [on_notify] [DATA_IN] AWS=3.9kt AWA=324° Batt=100% Temp=0°C
[2026-05-31T12:53:06] [DEBUG] [calypso-direct] [on_notify] [DATA_IN] AWS=3.9kt AWA=324° Batt=100% Temp=0°C
[2026-05-31T12:53:06] [DEBUG] [calypso-direct] [on_notify] [DATA_IN] AWS=3.9kt AWA=325° Batt=100% Temp=0°C
[2026-05-31T12:53:06] [DEBUG] [calypso-direct] [on_notify] [DATA_IN] AWS=3.5kt AWA=333° Batt=100% Temp=0°C
[2026-05-31T12:53:06] [DEBUG] [calypso-direct] [on_notify] [DATA_IN] AWS=3.5kt AWA=333° Batt=100% Temp=0°C
[2026-05-31T12:53:07] [DEBUG] [calypso-direct] [on_notify] [DATA_IN] AWS=3.5kt AWA=333° Batt=100% Temp=0°C
[2026-05-31T12:53:07] [DEBUG] [calypso-direct] [on_notify] [DATA_IN] AWS=4.3kt AWA=333° Batt=100% Temp=0°C
[2026-05-31T12:53:07] [DEBUG] [calypso-direct] [on_notify] [DATA_IN] AWS=4.5kt AWA=333° Batt=100% Temp=0°C
[2026-05-31T12:53:07] [DEBUG] [calypso-direct] [on_notify] [DATA_IN] AWS=4.5kt AWA=2° Batt=100% Temp=0°C
[2026-05-31T12:53:07] [DEBUG] [calypso-direct] [on_notify] [DATA_IN] AWS=5.1kt AWA=2° Batt=100% Temp=0°C
[2026-05-31T12:53:07] [DEBUG] [calypso-direct] [on_notify] [DATA_IN] AWS=4.9kt AWA=2° Batt=100% Temp=0°C
[2026-05-31T12:53:08] [DEBUG] [calypso-direct] [on_notify] [DATA_IN] AWS=4.9kt AWA=2° Batt=100% Temp=0°C
[2026-05-31T12:53:08] [DEBUG] [calypso-direct] [on_notify] [DATA_IN] AWS=4.9kt AWA=2° Batt=100% Temp=0°C
[2026-05-31T12:53:08] [DEBUG] [calypso-direct] [on_notify] [DATA_IN] AWS=4.9kt AWA=334° Batt=100% Temp=0°C
[2026-05-31T12:53:10] [DEBUG] [calypso-direct] [on_notify] [DATA_IN] AWS=4.5kt AWA=334° Batt=100% Temp=0°C
[2026-05-31T12:53:10] [DEBUG] [calypso-direct] [on_notify] [DATA_IN] AWS=4.5kt AWA=334° Batt=100% Temp=0°C
[2026-05-31T12:53:10] [DEBUG] [calypso-direct] [on_notify] [DATA_IN] AWS=4.5kt AWA=334° Batt=100% Temp=0°C
[2026-05-31T12:53:10] [DEBUG] [calypso-direct] [on_notify] [DATA_IN] AWS=5.1kt AWA=335° Batt=100% Temp=0°C
[2026-05-31T12:53:10] [DEBUG] [calypso-direct] [on_notify] [DATA_IN] AWS=5.2kt AWA=349° Batt=100% Temp=0°C
[2026-05-31T12:53:10] [DEBUG] [calypso-direct] [on_notify] [DATA_IN] AWS=5.4kt AWA=349° Batt=100% Temp=0°C
[2026-05-31T12:53:10] [DEBUG] [calypso-direct] [on_notify] [DATA_IN] AWS=5.8kt AWA=349° Batt=100% Temp=0°C
[2026-05-31T12:53:10] [DEBUG] [calypso-direct] [on_notify] [DATA_IN] AWS=6.0kt AWA=349° Batt=100% Temp=0°C
[2026-05-31T12:53:10] [DEBUG] [calypso-direct] [on_notify] [DATA_IN] AWS=6.0kt AWA=349° Batt=100% Temp=0°C
[2026-05-31T12:53:11] [DEBUG] [calypso-direct] [on_notify] [DATA_IN] AWS=6.2kt AWA=350° Batt=100% Temp=0°C
[2026-05-31T12:53:11] [DEBUG] [calypso-direct] [on_notify] [DATA_IN] AWS=6.2kt AWA=350° Batt=100% Temp=0°C
[2026-05-31T12:53:11] [DEBUG] [calypso-direct] [on_notify] [DATA_IN] AWS=6.2kt AWA=350° Batt=100% Temp=0°C
[2026-05-31T12:53:13] [DEBUG] [calypso-direct] [on_notify] [DATA_IN] AWS=5.6kt AWA=350° Batt=100% Temp=0°C
[2026-05-31T12:53:14] [DEBUG] [calypso-direct] [on_notify] [DATA_IN] AWS=4.7kt AWA=350° Batt=100% Temp=0°C
[2026-05-31T12:53:14] [DEBUG] [calypso-direct] [on_notify] [DATA_IN] AWS=4.5kt AWA=351° Batt=100% Temp=0°C
[2026-05-31T12:53:14] [DEBUG] [calypso-direct] [on_notify] [DATA_IN] AWS=4.5kt AWA=351° Batt=100% Temp=0°C
[2026-05-31T12:53:14] [DEBUG] [calypso-direct] [on_notify] [DATA_IN] AWS=4.3kt AWA=351° Batt=100% Temp=0°C
[2026-05-31T12:53:14] [DEBUG] [calypso-direct] [on_notify] [DATA_IN] AWS=4.5kt AWA=351° Batt=100% Temp=0°C
[2026-05-31T12:53:14] [DEBUG] [calypso-direct] [on_notify] [DATA_IN] AWS=4.7kt AWA=351° Batt=100% Temp=0°C
[2026-05-31T12:53:15] [DEBUG] [calypso-direct] [on_notify] [DATA_IN] AWS=5.2kt AWA=354° Batt=100% Temp=0°C
[2026-05-31T12:53:15] [DEBUG] [calypso-direct] [on_notify] [DATA_IN] AWS=5.6kt AWA=354° Batt=100% Temp=0°C
[2026-05-31T12:53:15] [DEBUG] [calypso-direct] [on_notify] [DATA_IN] AWS=6.8kt AWA=2° Batt=100% Temp=0°C
[2026-05-31T12:53:15] [DEBUG] [calypso-direct] [on_notify] [DATA_IN] AWS=6.8kt AWA=354° Batt=100% Temp=0°C
[2026-05-31T12:53:15] [DEBUG] [calypso-direct] [on_notify] [DATA_IN] AWS=6.8kt AWA=354° Batt=100% Temp=0°C
[2026-05-31T12:53:15] [DEBUG] [calypso-direct] [on_notify] [DATA_IN] AWS=6.2kt AWA=355° Batt=100% Temp=0°C
[2026-05-31T12:53:16] [DEBUG] [calypso-direct] [on_notify] [DATA_IN] AWS=6.2kt AWA=355° Batt=100% Temp=0°C
[2026-05-31T12:53:16] [DEBUG] [calypso-direct] [on_notify] [DATA_IN] AWS=6.2kt AWA=355° Batt=100% Temp=0°C
[2026-05-31T12:53:16] [DEBUG] [calypso-direct] [on_notify] [DATA_IN] AWS=6.2kt AWA=355° Batt=100% Temp=0°C
[2026-05-31T12:53:16] [DEBUG] [calypso-direct] [on_notify] [DATA_IN] AWS=6.6kt AWA=355° Batt=100% Temp=0°C
[2026-05-31T12:53:16] [DEBUG] [calypso-direct] [on_notify] [DATA_IN] AWS=6.6kt AWA=349° Batt=100% Temp=0°C
[2026-05-31T12:53:17] [DEBUG] [calypso-direct] [on_notify] [DATA_IN] AWS=6.6kt AWA=349° Batt=100% Temp=0°C
[2026-05-31T12:53:17] [DEBUG] [calypso-direct] [on_notify] [DATA_IN] AWS=7.2kt AWA=349° Batt=100% Temp=0°C
[2026-05-31T12:53:17] [DEBUG] [calypso-direct] [on_notify] [DATA_IN] AWS=7.6kt AWA=349° Batt=100% Temp=0°C
[2026-05-31T12:53:17] [DEBUG] [calypso-direct] [on_notify] [DATA_IN] AWS=8.4kt AWA=349° Batt=100% Temp=0°C
[2026-05-31T12:53:17] [DEBUG] [calypso-direct] [on_notify] [DATA_IN] AWS=8.6kt AWA=356° Batt=100% Temp=0°C
[2026-05-31T12:53:17] [DEBUG] [calypso-direct] [on_notify] [DATA_IN] AWS=8.9kt AWA=0° Batt=100% Temp=0°C
[2026-05-31T12:53:18] [DEBUG] [calypso-direct] [on_notify] [DATA_IN] AWS=8.9kt AWA=0° Batt=100% Temp=0°C
[2026-05-31T12:53:18] [DEBUG] [calypso-direct] [on_notify] [DATA_IN] AWS=8.6kt AWA=356° Batt=100% Temp=0°C
[2026-05-31T12:53:19] [DEBUG] [calypso-direct] [on_notify] [DATA_IN] AWS=8.0kt AWA=356° Batt=100% Temp=0°C
[2026-05-31T12:53:19] [DEBUG] [calypso-direct] [on_notify] [DATA_IN] AWS=8.0kt AWA=354° Batt=100% Temp=0°C
[2026-05-31T12:53:19] [DEBUG] [calypso-direct] [on_notify] [DATA_IN] AWS=7.4kt AWA=354° Batt=100% Temp=0°C
[2026-05-31T12:53:19] [DEBUG] [calypso-direct] [on_notify] [DATA_IN] AWS=7.2kt AWA=354° Batt=100% Temp=0°C
[2026-05-31T12:53:19] [DEBUG] [calypso-direct] [on_notify] [DATA_IN] AWS=7.2kt AWA=354° Batt=100% Temp=0°C
[2026-05-31T12:53:21] [DEBUG] [calypso-direct] [on_notify] [DATA_IN] AWS=7.2kt AWA=354° Batt=100% Temp=0°C
[2026-05-31T12:53:21] [DEBUG] [calypso-direct] [on_notify] [DATA_IN] AWS=7.2kt AWA=3° Batt=100% Temp=0°C
[2026-05-31T12:53:21] [DEBUG] [calypso-direct] [on_notify] [DATA_IN] AWS=8.2kt AWA=3° Batt=100% Temp=0°C
[2026-05-31T12:53:21] [DEBUG] [calypso-direct] [on_notify] [DATA_IN] AWS=8.2kt AWA=3° Batt=100% Temp=0°C
[2026-05-31T12:53:21] [DEBUG] [calypso-direct] [on_notify] [DATA_IN] AWS=8.2kt AWA=6° Batt=100% Temp=0°C
[2026-05-31T12:53:21] [DEBUG] [calypso-direct] [on_notify] [DATA_IN] AWS=8.2kt AWA=6° Batt=100% Temp=0°C
[2026-05-31T12:53:21] [INFO] [calypso-direct] [on_notify] [HEARTBEAT] packets=881 last_data=0s ago l1_fails=0
[2026-05-31T12:53:21] [DEBUG] [calypso-direct] [on_notify] [DATA_IN] AWS=7.8kt AWA=6° Batt=100% Temp=0°C
[2026-05-31T12:53:21] [DEBUG] [calypso-direct] [on_notify] [DATA_IN] AWS=7.8kt AWA=6° Batt=100% Temp=0°C
[2026-05-31T12:53:21] [DEBUG] [calypso-direct] [on_notify] [DATA_IN] AWS=8.0kt AWA=2° Batt=100% Temp=0°C
[2026-05-31T12:53:21] [DEBUG] [calypso-direct] [on_notify] [DATA_IN] AWS=8.0kt AWA=2° Batt=100% Temp=0°C
[2026-05-31T12:53:22] [DEBUG] [calypso-direct] [on_notify] [DATA_IN] AWS=8.0kt AWA=2° Batt=100% Temp=0°C
[2026-05-31T12:53:23] [DEBUG] [calypso-direct] [on_notify] [DATA_IN] AWS=8.0kt AWA=2° Batt=100% Temp=0°C
[2026-05-31T12:53:23] [DEBUG] [calypso-direct] [on_notify] [DATA_IN] AWS=8.0kt AWA=4° Batt=100% Temp=0°C
[2026-05-31T12:53:23] [DEBUG] [calypso-direct] [on_notify] [DATA_IN] AWS=7.6kt AWA=4° Batt=100% Temp=0°C
[2026-05-31T12:53:23] [DEBUG] [calypso-direct] [on_notify] [DATA_IN] AWS=7.6kt AWA=4° Batt=100% Temp=0°C
[2026-05-31T12:53:23] [DEBUG] [calypso-direct] [on_notify] [DATA_IN] AWS=7.6kt AWA=3° Batt=100% Temp=0°C
[2026-05-31T12:53:23] [DEBUG] [calypso-direct] [on_notify] [DATA_IN] AWS=8.6kt AWA=351° Batt=100% Temp=0°C
[2026-05-31T12:53:23] [DEBUG] [calypso-direct] [on_notify] [DATA_IN] AWS=8.6kt AWA=351° Batt=100% Temp=0°C
[2026-05-31T12:53:24] [DEBUG] [calypso-direct] [on_notify] [DATA_IN] AWS=8.7kt AWA=351° Batt=100% Temp=0°C
[2026-05-31T12:53:24] [DEBUG] [calypso-direct] [on_notify] [DATA_IN] AWS=8.7kt AWA=351° Batt=100% Temp=0°C
[2026-05-31T12:53:24] [DEBUG] [calypso-direct] [on_notify] [DATA_IN] AWS=8.6kt AWA=1° Batt=100% Temp=0°C
[2026-05-31T12:53:24] [DEBUG] [calypso-direct] [on_notify] [DATA_IN] AWS=8.4kt AWA=1° Batt=100% Temp=0°C
[2026-05-31T12:53:25] [DEBUG] [calypso-direct] [on_notify] [DATA_IN] AWS=8.2kt AWA=1° Batt=100% Temp=0°C
[2026-05-31T12:53:26] [DEBUG] [calypso-direct] [on_notify] [DATA_IN] AWS=8.2kt AWA=1° Batt=100% Temp=0°C
[2026-05-31T12:53:26] [DEBUG] [calypso-direct] [on_notify] [DATA_IN] AWS=8.2kt AWA=0° Batt=100% Temp=0°C
[2026-05-31T12:53:26] [DEBUG] [calypso-direct] [on_notify] [DATA_IN] AWS=8.2kt AWA=0° Batt=100% Temp=0°C
[2026-05-31T12:53:26] [DEBUG] [calypso-direct] [on_notify] [DATA_IN] AWS=8.2kt AWA=0° Batt=100% Temp=0°C
[2026-05-31T12:53:26] [DEBUG] [calypso-direct] [on_notify] [DATA_IN] AWS=8.2kt AWA=0° Batt=100% Temp=0°C
[2026-05-31T12:53:27] [DEBUG] [calypso-direct] [on_notify] [DATA_IN] AWS=8.2kt AWA=2° Batt=100% Temp=0°C
[2026-05-31T12:53:27] [DEBUG] [calypso-direct] [on_notify] [DATA_IN] AWS=8.0kt AWA=4° Batt=100% Temp=0°C
[2026-05-31T12:53:27] [DEBUG] [calypso-direct] [on_notify] [DATA_IN] AWS=8.2kt AWA=7° Batt=100% Temp=0°C
[2026-05-31T12:53:27] [DEBUG] [calypso-direct] [on_notify] [DATA_IN] AWS=8.0kt AWA=7° Batt=100% Temp=0°C
[2026-05-31T12:53:27] [DEBUG] [calypso-direct] [on_notify] [DATA_IN] AWS=7.8kt AWA=5° Batt=100% Temp=0°C
[2026-05-31T12:53:27] [DEBUG] [calypso-direct] [on_notify] [DATA_IN] AWS=8.0kt AWA=5° Batt=100% Temp=0°C
[2026-05-31T12:53:28] [DEBUG] [calypso-direct] [on_notify] [DATA_IN] AWS=8.0kt AWA=5° Batt=100% Temp=0°C
[2026-05-31T12:53:28] [DEBUG] [calypso-direct] [on_notify] [DATA_IN] AWS=7.8kt AWA=0° Batt=100% Temp=0°C
[2026-05-31T12:53:28] [DEBUG] [calypso-direct] [on_notify] [DATA_IN] AWS=7.8kt AWA=355° Batt=100% Temp=0°C
[2026-05-31T12:53:28] [DEBUG] [calypso-direct] [on_notify] [DATA_IN] AWS=7.6kt AWA=0° Batt=100% Temp=0°C
[2026-05-31T12:53:29] [DEBUG] [calypso-direct] [on_notify] [DATA_IN] AWS=7.6kt AWA=355° Batt=100% Temp=0°C
[2026-05-31T12:53:29] [DEBUG] [calypso-direct] [on_notify] [DATA_IN] AWS=7.8kt AWA=0° Batt=100% Temp=0°C
[2026-05-31T12:53:29] [DEBUG] [calypso-direct] [on_notify] [DATA_IN] AWS=7.4kt AWA=1° Batt=100% Temp=0°C
[2026-05-31T12:53:30] [DEBUG] [calypso-direct] [on_notify] [DATA_IN] AWS=7.8kt AWA=2° Batt=100% Temp=0°C
[2026-05-31T12:53:30] [DEBUG] [calypso-direct] [on_notify] [DATA_IN] AWS=7.8kt AWA=1° Batt=100% Temp=0°C
[2026-05-31T12:53:30] [DEBUG] [calypso-direct] [on_notify] [DATA_IN] AWS=8.2kt AWA=4° Batt=100% Temp=0°C
[2026-05-31T12:53:30] [DEBUG] [calypso-direct] [on_notify] [DATA_IN] AWS=7.8kt AWA=4° Batt=100% Temp=0°C
[2026-05-31T12:53:31] [DEBUG] [calypso-direct] [on_notify] [DATA_IN] AWS=7.8kt AWA=3° Batt=100% Temp=0°C
[2026-05-31T12:53:31] [DEBUG] [calypso-direct] [on_notify] [DATA_IN] AWS=8.2kt AWA=0° Batt=100% Temp=0°C
[2026-05-31T12:53:31] [DEBUG] [calypso-direct] [on_notify] [DATA_IN] AWS=7.8kt AWA=0° Batt=100% Temp=0°C
[2026-05-31T12:53:31] [DEBUG] [calypso-direct] [on_notify] [DATA_IN] AWS=7.8kt AWA=0° Batt=100% Temp=0°C
[2026-05-31T12:53:33] [DEBUG] [calypso-direct] [on_notify] [DATA_IN] AWS=7.8kt AWA=0° Batt=100% Temp=0°C
[2026-05-31T12:53:33] [DEBUG] [calypso-direct] [on_notify] [DATA_IN] AWS=7.8kt AWA=0° Batt=100% Temp=0°C
[2026-05-31T12:53:33] [DEBUG] [calypso-direct] [on_notify] [DATA_IN] AWS=7.8kt AWA=0° Batt=100% Temp=0°C
[2026-05-31T12:53:33] [DEBUG] [calypso-direct] [on_notify] [DATA_IN] AWS=8.0kt AWA=353° Batt=100% Temp=0°C
[2026-05-31T12:53:33] [DEBUG] [calypso-direct] [on_notify] [DATA_IN] AWS=8.0kt AWA=353° Batt=100% Temp=0°C
[2026-05-31T12:53:34] [DEBUG] [calypso-direct] [on_notify] [DATA_IN] AWS=8.0kt AWA=353° Batt=100% Temp=0°C
[2026-05-31T12:53:34] [DEBUG] [calypso-direct] [on_notify] [DATA_IN] AWS=8.0kt AWA=353° Batt=100% Temp=0°C
[2026-05-31T12:53:34] [DEBUG] [calypso-direct] [on_notify] [DATA_IN] AWS=8.2kt AWA=4° Batt=100% Temp=0°C
[2026-05-31T12:53:34] [DEBUG] [calypso-direct] [on_notify] [DATA_IN] AWS=8.9kt AWA=4° Batt=100% Temp=0°C
[2026-05-31T12:53:34] [DEBUG] [calypso-direct] [on_notify] [DATA_IN] AWS=8.9kt AWA=2° Batt=100% Temp=0°C
[2026-05-31T12:53:34] [DEBUG] [calypso-direct] [on_notify] [DATA_IN] AWS=8.9kt AWA=2° Batt=100% Temp=0°C
[2026-05-31T12:53:35] [DEBUG] [calypso-direct] [on_notify] [DATA_IN] AWS=8.7kt AWA=2° Batt=100% Temp=0°C
[2026-05-31T12:53:35] [DEBUG] [calypso-direct] [on_notify] [DATA_IN] AWS=8.0kt AWA=2° Batt=100% Temp=0°C
[2026-05-31T12:53:35] [DEBUG] [calypso-direct] [on_notify] [DATA_IN] AWS=8.0kt AWA=2° Batt=100% Temp=0°C
[2026-05-31T12:53:35] [DEBUG] [calypso-direct] [on_notify] [DATA_IN] AWS=8.0kt AWA=2° Batt=100% Temp=0°C
[2026-05-31T12:53:37] [DEBUG] [calypso-direct] [on_notify] [DATA_IN] AWS=8.0kt AWA=1° Batt=100% Temp=0°C
[2026-05-31T12:53:37] [DEBUG] [calypso-direct] [on_notify] [DATA_IN] AWS=7.8kt AWA=358° Batt=100% Temp=0°C
[2026-05-31T12:53:37] [DEBUG] [calypso-direct] [on_notify] [DATA_IN] AWS=8.0kt AWA=350° Batt=100% Temp=0°C
[2026-05-31T12:53:38] [DEBUG] [calypso-direct] [on_notify] [DATA_IN] AWS=7.6kt AWA=350° Batt=100% Temp=0°C
[2026-05-31T12:53:38] [DEBUG] [calypso-direct] [on_notify] [DATA_IN] AWS=7.4kt AWA=349° Batt=100% Temp=0°C
[2026-05-31T12:53:38] [DEBUG] [calypso-direct] [on_notify] [DATA_IN] AWS=7.4kt AWA=349° Batt=100% Temp=0°C
[2026-05-31T12:53:38] [DEBUG] [calypso-direct] [on_notify] [DATA_IN] AWS=7.8kt AWA=349° Batt=100% Temp=0°C
[2026-05-31T12:53:38] [DEBUG] [calypso-direct] [on_notify] [DATA_IN] AWS=7.8kt AWA=0° Batt=100% Temp=0°C
[2026-05-31T12:53:39] [DEBUG] [calypso-direct] [on_notify] [DATA_IN] AWS=8.0kt AWA=0° Batt=100% Temp=0°C
[2026-05-31T12:53:39] [DEBUG] [calypso-direct] [on_notify] [DATA_IN] AWS=8.7kt AWA=0° Batt=100% Temp=0°C
[2026-05-31T12:53:39] [DEBUG] [calypso-direct] [on_notify] [DATA_IN] AWS=8.7kt AWA=0° Batt=100% Temp=0°C
[2026-05-31T12:53:40] [DEBUG] [calypso-direct] [on_notify] [DATA_IN] AWS=8.7kt AWA=0° Batt=100% Temp=0°C
[2026-05-31T12:53:41] [DEBUG] [calypso-direct] [on_notify] [DATA_IN] AWS=8.2kt AWA=0° Batt=100% Temp=0°C
[2026-05-31T12:53:41] [DEBUG] [calypso-direct] [on_notify] [DATA_IN] AWS=7.8kt AWA=0° Batt=100% Temp=0°C
[2026-05-31T12:53:41] [DEBUG] [calypso-direct] [on_notify] [DATA_IN] AWS=7.8kt AWA=0° Batt=100% Temp=0°C
[2026-05-31T12:53:41] [DEBUG] [calypso-direct] [on_notify] [DATA_IN] AWS=7.8kt AWA=3° Batt=100% Temp=0°C
[2026-05-31T12:53:41] [DEBUG] [calypso-direct] [on_notify] [DATA_IN] AWS=7.8kt AWA=3° Batt=100% Temp=0°C
[2026-05-31T12:53:41] [DEBUG] [calypso-direct] [on_notify] [DATA_IN] AWS=7.8kt AWA=7° Batt=100% Temp=0°C
[2026-05-31T12:53:41] [DEBUG] [calypso-direct] [on_notify] [DATA_IN] AWS=8.0kt AWA=7° Batt=100% Temp=0°C
[2026-05-31T12:53:41] [DEBUG] [calypso-direct] [on_notify] [DATA_IN] AWS=8.0kt AWA=0° Batt=100% Temp=0°C
[2026-05-31T12:53:41] [DEBUG] [calypso-direct] [on_notify] [DATA_IN] AWS=8.0kt AWA=0° Batt=100% Temp=0°C
[2026-05-31T12:53:41] [DEBUG] [calypso-direct] [on_notify] [DATA_IN] AWS=8.2kt AWA=0° Batt=100% Temp=0°C
[2026-05-31T12:53:43] [DEBUG] [calypso-direct] [on_notify] [DATA_IN] AWS=8.0kt AWA=0° Batt=100% Temp=0°C
[2026-05-31T12:53:43] [DEBUG] [calypso-direct] [on_notify] [DATA_IN] AWS=8.2kt AWA=0° Batt=100% Temp=0°C
[2026-05-31T12:53:43] [DEBUG] [calypso-direct] [on_notify] [DATA_IN] AWS=7.8kt AWA=0° Batt=100% Temp=0°C
[2026-05-31T12:53:43] [DEBUG] [calypso-direct] [on_notify] [DATA_IN] AWS=7.8kt AWA=356° Batt=100% Temp=0°C
[2026-05-31T12:53:44] [DEBUG] [calypso-direct] [on_notify] [DATA_IN] AWS=7.8kt AWA=356° Batt=100% Temp=0°C
[2026-05-31T12:53:44] [DEBUG] [calypso-direct] [on_notify] [DATA_IN] AWS=7.4kt AWA=353° Batt=100% Temp=0°C
[2026-05-31T12:53:44] [DEBUG] [calypso-direct] [on_notify] [DATA_IN] AWS=7.2kt AWA=353° Batt=100% Temp=0°C
[2026-05-31T12:53:44] [DEBUG] [calypso-direct] [on_notify] [DATA_IN] AWS=6.6kt AWA=353° Batt=100% Temp=0°C
[2026-05-31T12:53:44] [DEBUG] [calypso-direct] [on_notify] [DATA_IN] AWS=6.6kt AWA=0° Batt=100% Temp=0°C
[2026-05-31T12:53:44] [DEBUG] [calypso-direct] [on_notify] [DATA_IN] AWS=6.6kt AWA=0° Batt=100% Temp=0°C
[2026-05-31T12:53:44] [DEBUG] [calypso-direct] [on_notify] [DATA_IN] AWS=7.6kt AWA=0° Batt=100% Temp=0°C
[2026-05-31T12:53:45] [DEBUG] [calypso-direct] [on_notify] [DATA_IN] AWS=7.8kt AWA=357° Batt=100% Temp=0°C
[2026-05-31T12:53:45] [DEBUG] [calypso-direct] [on_notify] [DATA_IN] AWS=7.8kt AWA=357° Batt=100% Temp=0°C
[2026-05-31T12:53:45] [DEBUG] [calypso-direct] [on_notify] [DATA_IN] AWS=7.6kt AWA=357° Batt=100% Temp=0°C
[2026-05-31T12:53:45] [DEBUG] [calypso-direct] [on_notify] [DATA_IN] AWS=7.6kt AWA=357° Batt=100% Temp=0°C
[2026-05-31T12:53:45] [DEBUG] [calypso-direct] [on_notify] [DATA_IN] AWS=7.6kt AWA=0° Batt=100% Temp=0°C
[2026-05-31T12:53:46] [DEBUG] [calypso-direct] [on_notify] [DATA_IN] AWS=7.6kt AWA=0° Batt=100% Temp=0°C
[2026-05-31T12:53:46] [DEBUG] [calypso-direct] [on_notify] [DATA_IN] AWS=7.6kt AWA=0° Batt=100% Temp=0°C
[2026-05-31T12:53:46] [DEBUG] [calypso-direct] [on_notify] [DATA_IN] AWS=8.2kt AWA=0° Batt=100% Temp=0°C
[2026-05-31T12:53:46] [DEBUG] [calypso-direct] [on_notify] [DATA_IN] AWS=8.2kt AWA=1° Batt=100% Temp=0°C
[2026-05-31T12:53:47] [DEBUG] [calypso-direct] [on_notify] [DATA_IN] AWS=8.0kt AWA=356° Batt=100% Temp=0°C
[2026-05-31T12:53:47] [DEBUG] [calypso-direct] [on_notify] [DATA_IN] AWS=8.0kt AWA=356° Batt=100% Temp=0°C
[2026-05-31T12:53:47] [DEBUG] [calypso-direct] [on_notify] [DATA_IN] AWS=8.2kt AWA=356° Batt=100% Temp=0°C
[2026-05-31T12:53:47] [DEBUG] [calypso-direct] [on_notify] [DATA_IN] AWS=8.2kt AWA=356° Batt=100% Temp=0°C
[2026-05-31T12:53:47] [DEBUG] [calypso-direct] [on_notify] [DATA_IN] AWS=8.6kt AWA=0° Batt=100% Temp=0°C
[2026-05-31T12:53:47] [DEBUG] [calypso-direct] [on_notify] [DATA_IN] AWS=8.6kt AWA=3° Batt=100% Temp=0°C
[2026-05-31T12:53:48] [DEBUG] [calypso-direct] [on_notify] [DATA_IN] AWS=8.6kt AWA=3° Batt=100% Temp=0°C
[2026-05-31T12:53:48] [DEBUG] [calypso-direct] [on_notify] [DATA_IN] AWS=8.6kt AWA=3° Batt=100% Temp=0°C
[2026-05-31T12:53:48] [DEBUG] [calypso-direct] [on_notify] [DATA_IN] AWS=8.4kt AWA=4° Batt=100% Temp=0°C
[2026-05-31T12:53:48] [DEBUG] [calypso-direct] [on_notify] [DATA_IN] AWS=8.0kt AWA=3° Batt=100% Temp=0°C
[2026-05-31T12:53:48] [DEBUG] [calypso-direct] [on_notify] [DATA_IN] AWS=8.0kt AWA=2° Batt=100% Temp=0°C
[2026-05-31T12:53:49] [DEBUG] [calypso-direct] [on_notify] [DATA_IN] AWS=8.0kt AWA=2° Batt=100% Temp=0°C
[2026-05-31T12:53:49] [DEBUG] [calypso-direct] [on_notify] [DATA_IN] AWS=8.0kt AWA=353° Batt=100% Temp=0°C
[2026-05-31T12:53:49] [DEBUG] [calypso-direct] [on_notify] [DATA_IN] AWS=8.0kt AWA=353° Batt=100% Temp=0°C
[2026-05-31T12:53:49] [DEBUG] [calypso-direct] [on_notify] [DATA_IN] AWS=8.0kt AWA=353° Batt=100% Temp=0°C
[2026-05-31T12:53:50] [DEBUG] [calypso-direct] [on_notify] [DATA_IN] AWS=7.8kt AWA=355° Batt=100% Temp=0°C
[2026-05-31T12:53:50] [DEBUG] [calypso-direct] [on_notify] [DATA_IN] AWS=7.8kt AWA=0° Batt=100% Temp=0°C
[2026-05-31T12:53:50] [DEBUG] [calypso-direct] [on_notify] [DATA_IN] AWS=7.8kt AWA=4° Batt=100% Temp=0°C
[2026-05-31T12:53:50] [DEBUG] [calypso-direct] [on_notify] [DATA_IN] AWS=8.2kt AWA=3° Batt=100% Temp=0°C
[2026-05-31T12:53:50] [DEBUG] [calypso-direct] [on_notify] [DATA_IN] AWS=8.2kt AWA=0° Batt=100% Temp=0°C
[2026-05-31T12:53:51] [DEBUG] [calypso-direct] [on_notify] [DATA_IN] AWS=8.7kt AWA=3° Batt=100% Temp=0°C
[2026-05-31T12:53:51] [DEBUG] [calypso-direct] [on_notify] [DATA_IN] AWS=8.7kt AWA=3° Batt=100% Temp=0°C
[2026-05-31T12:53:51] [DEBUG] [calypso-direct] [on_notify] [DATA_IN] AWS=8.7kt AWA=3° Batt=100% Temp=0°C
[2026-05-31T12:53:52] [DEBUG] [calypso-direct] [on_notify] [DATA_IN] AWS=8.7kt AWA=6° Batt=100% Temp=0°C
[2026-05-31T12:53:53] [DEBUG] [calypso-direct] [on_notify] [DATA_IN] AWS=8.7kt AWA=6° Batt=100% Temp=0°C
[2026-05-31T12:53:53] [DEBUG] [calypso-direct] [on_notify] [DATA_IN] AWS=8.2kt AWA=2° Batt=100% Temp=0°C
[2026-05-31T12:53:53] [DEBUG] [calypso-direct] [on_notify] [DATA_IN] AWS=8.2kt AWA=2° Batt=100% Temp=0°C
[2026-05-31T12:53:53] [DEBUG] [calypso-direct] [on_notify] [DATA_IN] AWS=8.2kt AWA=2° Batt=100% Temp=0°C
[2026-05-31T12:53:54] [DEBUG] [calypso-direct] [on_notify] [DATA_IN] AWS=8.2kt AWA=2° Batt=100% Temp=0°C
[2026-05-31T12:53:54] [DEBUG] [calypso-direct] [on_notify] [DATA_IN] AWS=8.0kt AWA=7° Batt=100% Temp=0°C
[2026-05-31T12:53:54] [DEBUG] [calypso-direct] [on_notify] [DATA_IN] AWS=7.8kt AWA=8° Batt=100% Temp=0°C
[2026-05-31T12:53:54] [DEBUG] [calypso-direct] [on_notify] [DATA_IN] AWS=7.6kt AWA=10° Batt=100% Temp=0°C
[2026-05-31T12:53:54] [DEBUG] [calypso-direct] [on_notify] [DATA_IN] AWS=7.6kt AWA=10° Batt=100% Temp=0°C
[2026-05-31T12:53:55] [DEBUG] [calypso-direct] [on_notify] [DATA_IN] AWS=7.6kt AWA=10° Batt=100% Temp=0°C
[2026-05-31T12:53:55] [DEBUG] [calypso-direct] [on_notify] [DATA_IN] AWS=8.0kt AWA=10° Batt=100% Temp=0°C
[2026-05-31T12:53:55] [DEBUG] [calypso-direct] [on_notify] [DATA_IN] AWS=8.2kt AWA=10° Batt=100% Temp=0°C
[2026-05-31T12:53:55] [DEBUG] [calypso-direct] [on_notify] [DATA_IN] AWS=8.2kt AWA=10° Batt=100% Temp=0°C
[2026-05-31T12:53:55] [DEBUG] [calypso-direct] [on_notify] [DATA_IN] AWS=8.0kt AWA=7° Batt=100% Temp=0°C
[2026-05-31T12:53:56] [DEBUG] [calypso-direct] [on_notify] [DATA_IN] AWS=7.8kt AWA=0° Batt=100% Temp=0°C
[2026-05-31T12:53:56] [DEBUG] [calypso-direct] [on_notify] [DATA_IN] AWS=7.8kt AWA=7° Batt=100% Temp=0°C
[2026-05-31T12:53:56] [DEBUG] [calypso-direct] [on_notify] [DATA_IN] AWS=7.6kt AWA=4° Batt=100% Temp=0°C
[2026-05-31T12:53:56] [DEBUG] [calypso-direct] [on_notify] [DATA_IN] AWS=7.6kt AWA=4° Batt=100% Temp=0°C
[2026-05-31T12:53:57] [DEBUG] [calypso-direct] [on_notify] [DATA_IN] AWS=7.6kt AWA=4° Batt=100% Temp=0°C
[2026-05-31T12:53:57] [DEBUG] [calypso-direct] [on_notify] [DATA_IN] AWS=7.8kt AWA=4° Batt=100% Temp=0°C
[2026-05-31T12:53:57] [DEBUG] [calypso-direct] [on_notify] [DATA_IN] AWS=8.0kt AWA=3° Batt=100% Temp=0°C
[2026-05-31T12:53:57] [DEBUG] [calypso-direct] [on_notify] [DATA_IN] AWS=8.0kt AWA=3° Batt=100% Temp=0°C
[2026-05-31T12:53:58] [DEBUG] [calypso-direct] [on_notify] [DATA_IN] AWS=8.0kt AWA=3° Batt=100% Temp=0°C
[2026-05-31T12:53:58] [DEBUG] [calypso-direct] [on_notify] [DATA_IN] AWS=8.0kt AWA=5° Batt=100% Temp=0°C
[2026-05-31T12:53:58] [DEBUG] [calypso-direct] [on_notify] [DATA_IN] AWS=8.0kt AWA=7° Batt=100% Temp=0°C
[2026-05-31T12:53:59] [DEBUG] [calypso-direct] [on_notify] [DATA_IN] AWS=8.0kt AWA=8° Batt=100% Temp=0°C
[2026-05-31T12:53:59] [DEBUG] [calypso-direct] [on_notify] [DATA_IN] AWS=8.0kt AWA=8° Batt=100% Temp=0°C
[2026-05-31T12:53:59] [DEBUG] [calypso-direct] [on_notify] [DATA_IN] AWS=8.0kt AWA=7° Batt=100% Temp=0°C
[2026-05-31T12:53:59] [DEBUG] [calypso-direct] [on_notify] [DATA_IN] AWS=8.0kt AWA=5° Batt=100% Temp=0°C
[2026-05-31T12:54:00] [DEBUG] [calypso-direct] [on_notify] [DATA_IN] AWS=7.8kt AWA=4° Batt=100% Temp=0°C
[2026-05-31T12:54:00] [DEBUG] [calypso-direct] [on_notify] [DATA_IN] AWS=7.8kt AWA=4° Batt=100% Temp=0°C
[2026-05-31T12:54:00] [DEBUG] [calypso-direct] [on_notify] [DATA_IN] AWS=7.8kt AWA=4° Batt=100% Temp=0°C
[2026-05-31T12:54:00] [DEBUG] [calypso-direct] [on_notify] [DATA_IN] AWS=7.8kt AWA=1° Batt=100% Temp=0°C
[2026-05-31T12:54:01] [DEBUG] [calypso-direct] [on_notify] [DATA_IN] AWS=7.8kt AWA=4° Batt=100% Temp=0°C
[2026-05-31T12:54:01] [DEBUG] [calypso-direct] [on_notify] [DATA_IN] AWS=8.0kt AWA=4° Batt=100% Temp=0°C
[2026-05-31T12:54:01] [DEBUG] [calypso-direct] [on_notify] [DATA_IN] AWS=8.0kt AWA=4° Batt=100% Temp=0°C
[2026-05-31T12:54:01] [DEBUG] [calypso-direct] [on_notify] [DATA_IN] AWS=8.0kt AWA=8° Batt=100% Temp=0°C
[2026-05-31T12:54:01] [DEBUG] [calypso-direct] [on_notify] [DATA_IN] AWS=8.0kt AWA=13° Batt=100% Temp=0°C
[2026-05-31T12:54:01] [DEBUG] [calypso-direct] [on_notify] [DATA_IN] AWS=7.8kt AWA=13° Batt=100% Temp=0°C
[2026-05-31T12:54:01] [DEBUG] [calypso-direct] [on_notify] [DATA_IN] AWS=7.6kt AWA=14° Batt=100% Temp=0°C
[2026-05-31T12:54:02] [DEBUG] [calypso-direct] [on_notify] [DATA_IN] AWS=7.6kt AWA=16° Batt=100% Temp=0°C
[2026-05-31T12:54:03] [DEBUG] [calypso-direct] [on_notify] [DATA_IN] AWS=7.6kt AWA=16° Batt=100% Temp=0°C
[2026-05-31T12:54:03] [DEBUG] [calypso-direct] [on_notify] [DATA_IN] AWS=7.6kt AWA=13° Batt=100% Temp=0°C
[2026-05-31T12:54:03] [DEBUG] [calypso-direct] [on_notify] [DATA_IN] AWS=7.6kt AWA=13° Batt=100% Temp=0°C
[2026-05-31T12:54:03] [DEBUG] [calypso-direct] [on_notify] [DATA_IN] AWS=7.4kt AWA=12° Batt=100% Temp=0°C
[2026-05-31T12:54:03] [DEBUG] [calypso-direct] [on_notify] [DATA_IN] AWS=7.4kt AWA=6° Batt=100% Temp=0°C
[2026-05-31T12:54:03] [DEBUG] [calypso-direct] [on_notify] [DATA_IN] AWS=7.0kt AWA=6° Batt=100% Temp=0°C
[2026-05-31T12:54:04] [DEBUG] [calypso-direct] [on_notify] [DATA_IN] AWS=6.8kt AWA=5° Batt=100% Temp=0°C
[2026-05-31T12:54:04] [DEBUG] [calypso-direct] [on_notify] [DATA_IN] AWS=6.8kt AWA=5° Batt=100% Temp=0°C
[2026-05-31T12:54:04] [DEBUG] [calypso-direct] [on_notify] [DATA_IN] AWS=6.8kt AWA=6° Batt=100% Temp=0°C
[2026-05-31T12:54:04] [DEBUG] [calypso-direct] [on_notify] [DATA_IN] AWS=7.2kt AWA=7° Batt=100% Temp=0°C
[2026-05-31T12:54:04] [DEBUG] [calypso-direct] [on_notify] [DATA_IN] AWS=7.4kt AWA=8° Batt=100% Temp=0°C
[2026-05-31T12:54:05] [DEBUG] [calypso-direct] [on_notify] [DATA_IN] AWS=8.2kt AWA=8° Batt=100% Temp=0°C
[2026-05-31T12:54:05] [DEBUG] [calypso-direct] [on_notify] [DATA_IN] AWS=8.2kt AWA=10° Batt=100% Temp=0°C
[2026-05-31T12:54:07] [DEBUG] [calypso-direct] [on_notify] [DATA_IN] AWS=8.2kt AWA=12° Batt=100% Temp=0°C
[2026-05-31T12:54:07] [DEBUG] [calypso-direct] [on_notify] [DATA_IN] AWS=8.2kt AWA=10° Batt=100% Temp=0°C
[2026-05-31T12:54:07] [DEBUG] [calypso-direct] [on_notify] [DATA_IN] AWS=8.2kt AWA=8° Batt=100% Temp=0°C
[2026-05-31T12:54:07] [DEBUG] [calypso-direct] [on_notify] [DATA_IN] AWS=8.0kt AWA=6° Batt=100% Temp=0°C
[2026-05-31T12:54:07] [DEBUG] [calypso-direct] [on_notify] [DATA_IN] AWS=8.2kt AWA=6° Batt=100% Temp=0°C
[2026-05-31T12:54:07] [DEBUG] [calypso-direct] [on_notify] [DATA_IN] AWS=8.2kt AWA=6° Batt=100% Temp=0°C
[2026-05-31T12:54:07] [DEBUG] [calypso-direct] [on_notify] [DATA_IN] AWS=8.2kt AWA=6° Batt=100% Temp=0°C
[2026-05-31T12:54:08] [DEBUG] [calypso-direct] [on_notify] [DATA_IN] AWS=8.2kt AWA=7° Batt=100% Temp=0°C
[2026-05-31T12:54:08] [DEBUG] [calypso-direct] [on_notify] [DATA_IN] AWS=8.2kt AWA=13° Batt=100% Temp=0°C
[2026-05-31T12:54:08] [DEBUG] [calypso-direct] [on_notify] [DATA_IN] AWS=8.0kt AWA=13° Batt=100% Temp=0°C
[2026-05-31T12:54:08] [DEBUG] [calypso-direct] [on_notify] [DATA_IN] AWS=8.0kt AWA=13° Batt=100% Temp=0°C
[2026-05-31T12:54:08] [DEBUG] [calypso-direct] [on_notify] [DATA_IN] AWS=8.2kt AWA=13° Batt=100% Temp=0°C
[2026-05-31T12:54:08] [DEBUG] [calypso-direct] [on_notify] [DATA_IN] AWS=8.2kt AWA=16° Batt=100% Temp=0°C
[2026-05-31T12:54:08] [DEBUG] [calypso-direct] [on_notify] [DATA_IN] AWS=8.6kt AWA=16° Batt=100% Temp=0°C
[2026-05-31T12:54:09] [DEBUG] [calypso-direct] [on_notify] [DATA_IN] AWS=8.6kt AWA=16° Batt=100% Temp=0°C
[2026-05-31T12:54:09] [DEBUG] [calypso-direct] [on_notify] [DATA_IN] AWS=8.9kt AWA=16° Batt=100% Temp=0°C
[2026-05-31T12:54:09] [DEBUG] [calypso-direct] [on_notify] [DATA_IN] AWS=8.6kt AWA=16° Batt=100% Temp=0°C
[2026-05-31T12:54:10] [DEBUG] [calypso-direct] [on_notify] [DATA_IN] AWS=8.6kt AWA=16° Batt=100% Temp=0°C
[2026-05-31T12:54:10] [DEBUG] [calypso-direct] [on_notify] [DATA_IN] AWS=8.0kt AWA=15° Batt=100% Temp=0°C
[2026-05-31T12:54:10] [DEBUG] [calypso-direct] [on_notify] [DATA_IN] AWS=8.0kt AWA=15° Batt=100% Temp=0°C
[2026-05-31T12:54:10] [DEBUG] [calypso-direct] [on_notify] [DATA_IN] AWS=8.0kt AWA=15° Batt=100% Temp=0°C
[2026-05-31T12:54:10] [DEBUG] [calypso-direct] [on_notify] [DATA_IN] AWS=8.2kt AWA=18° Batt=100% Temp=0°C
[2026-05-31T12:54:11] [DEBUG] [calypso-direct] [on_notify] [DATA_IN] AWS=8.2kt AWA=18° Batt=100% Temp=0°C
[2026-05-31T12:54:11] [DEBUG] [calypso-direct] [on_notify] [DATA_IN] AWS=8.2kt AWA=21° Batt=100% Temp=0°C
[2026-05-31T12:54:11] [DEBUG] [calypso-direct] [on_notify] [DATA_IN] AWS=8.4kt AWA=25° Batt=100% Temp=0°C
[2026-05-31T12:54:12] [DEBUG] [calypso-direct] [on_notify] [DATA_IN] AWS=8.7kt AWA=25° Batt=100% Temp=0°C
[2026-05-31T12:54:13] [DEBUG] [calypso-direct] [on_notify] [DATA_IN] AWS=9.3kt AWA=25° Batt=100% Temp=0°C
[2026-05-31T12:54:13] [DEBUG] [calypso-direct] [on_notify] [DATA_IN] AWS=9.7kt AWA=25° Batt=100% Temp=0°C
[2026-05-31T12:54:13] [DEBUG] [calypso-direct] [on_notify] [DATA_IN] AWS=9.7kt AWA=25° Batt=100% Temp=0°C
[2026-05-31T12:54:13] [DEBUG] [calypso-direct] [on_notify] [DATA_IN] AWS=9.7kt AWA=25° Batt=100% Temp=0°C
[2026-05-31T12:54:13] [DEBUG] [calypso-direct] [on_notify] [DATA_IN] AWS=9.3kt AWA=26° Batt=100% Temp=0°C
[2026-05-31T12:54:13] [DEBUG] [calypso-direct] [on_notify] [DATA_IN] AWS=9.1kt AWA=25° Batt=100% Temp=0°C
[2026-05-31T12:54:13] [DEBUG] [calypso-direct] [on_notify] [DATA_IN] AWS=9.1kt AWA=25° Batt=100% Temp=0°C
[2026-05-31T12:54:13] [DEBUG] [calypso-direct] [on_notify] [DATA_IN] AWS=9.1kt AWA=25° Batt=100% Temp=0°C
[2026-05-31T12:54:13] [DEBUG] [calypso-direct] [on_notify] [DATA_IN] AWS=9.1kt AWA=25° Batt=100% Temp=0°C
[2026-05-31T12:54:14] [DEBUG] [calypso-direct] [on_notify] [DATA_IN] AWS=9.1kt AWA=24° Batt=100% Temp=0°C
[2026-05-31T12:54:15] [DEBUG] [calypso-direct] [on_notify] [DATA_IN] AWS=9.1kt AWA=24° Batt=100% Temp=0°C
[2026-05-31T12:54:15] [DEBUG] [calypso-direct] [on_notify] [DATA_IN] AWS=9.1kt AWA=24° Batt=100% Temp=0°C
[2026-05-31T12:54:15] [DEBUG] [calypso-direct] [on_notify] [DATA_IN] AWS=9.1kt AWA=24° Batt=100% Temp=0°C
[2026-05-31T12:54:15] [DEBUG] [calypso-direct] [on_notify] [DATA_IN] AWS=9.1kt AWA=25° Batt=100% Temp=0°C
[2026-05-31T12:54:16] [DEBUG] [calypso-direct] [on_notify] [DATA_IN] AWS=9.1kt AWA=25° Batt=100% Temp=0°C
[2026-05-31T12:54:16] [DEBUG] [calypso-direct] [on_notify] [DATA_IN] AWS=9.1kt AWA=25° Batt=100% Temp=0°C
[2026-05-31T12:54:16] [DEBUG] [calypso-direct] [on_notify] [DATA_IN] AWS=8.9kt AWA=25° Batt=100% Temp=0°C
[2026-05-31T12:54:16] [DEBUG] [calypso-direct] [on_notify] [DATA_IN] AWS=8.4kt AWA=25° Batt=100% Temp=0°C
[2026-05-31T12:54:17] [DEBUG] [calypso-direct] [on_notify] [DATA_IN] AWS=8.4kt AWA=25° Batt=100% Temp=0°C
[2026-05-31T12:54:17] [DEBUG] [calypso-direct] [on_notify] [DATA_IN] AWS=8.4kt AWA=25° Batt=100% Temp=0°C
[2026-05-31T12:54:17] [DEBUG] [calypso-direct] [on_notify] [DATA_IN] AWS=9.3kt AWA=24° Batt=100% Temp=0°C
[2026-05-31T12:54:17] [DEBUG] [calypso-direct] [on_notify] [DATA_IN] AWS=9.3kt AWA=24° Batt=100% Temp=0°C
[2026-05-31T12:54:17] [DEBUG] [calypso-direct] [on_notify] [DATA_IN] AWS=9.3kt AWA=25° Batt=100% Temp=0°C
[2026-05-31T12:54:18] [DEBUG] [calypso-direct] [on_notify] [DATA_IN] AWS=9.1kt AWA=26° Batt=100% Temp=0°C
[2026-05-31T12:54:18] [DEBUG] [calypso-direct] [on_notify] [DATA_IN] AWS=8.9kt AWA=26° Batt=100% Temp=0°C
[2026-05-31T12:54:19] [DEBUG] [calypso-direct] [on_notify] [DATA_IN] AWS=8.9kt AWA=26° Batt=100% Temp=0°C
[2026-05-31T12:54:19] [DEBUG] [calypso-direct] [on_notify] [DATA_IN] AWS=9.1kt AWA=27° Batt=100% Temp=0°C
[2026-05-31T12:54:20] [DEBUG] [calypso-direct] [on_notify] [DATA_IN] AWS=9.5kt AWA=27° Batt=100% Temp=0°C
[2026-05-31T12:54:20] [DEBUG] [calypso-direct] [on_notify] [DATA_IN] AWS=9.7kt AWA=27° Batt=100% Temp=0°C
[2026-05-31T12:54:20] [DEBUG] [calypso-direct] [on_notify] [DATA_IN] AWS=10.1kt AWA=27° Batt=100% Temp=0°C
[2026-05-31T12:54:20] [DEBUG] [calypso-direct] [on_notify] [DATA_IN] AWS=10.1kt AWA=27° Batt=100% Temp=0°C
[2026-05-31T12:54:20] [DEBUG] [calypso-direct] [on_notify] [DATA_IN] AWS=10.3kt AWA=27° Batt=100% Temp=0°C
[2026-05-31T12:54:20] [DEBUG] [calypso-direct] [on_notify] [DATA_IN] AWS=10.1kt AWA=26° Batt=100% Temp=0°C
[2026-05-31T12:54:21] [DEBUG] [calypso-direct] [on_notify] [DATA_IN] AWS=9.9kt AWA=26° Batt=100% Temp=0°C
[2026-05-31T12:54:21] [DEBUG] [calypso-direct] [on_notify] [DATA_IN] AWS=9.7kt AWA=26° Batt=100% Temp=0°C
[2026-05-31T12:54:21] [DEBUG] [calypso-direct] [on_notify] [DATA_IN] AWS=9.7kt AWA=26° Batt=100% Temp=0°C
[2026-05-31T12:54:21] [DEBUG] [calypso-direct] [on_notify] [DATA_IN] AWS=9.7kt AWA=27° Batt=100% Temp=0°C
[2026-05-31T12:54:21] [DEBUG] [calypso-direct] [on_notify] [DATA_IN] AWS=9.9kt AWA=28° Batt=100% Temp=0°C
[2026-05-31T12:54:21] [DEBUG] [calypso-direct] [on_notify] [DATA_IN] AWS=10.7kt AWA=31° Batt=100% Temp=0°C
[2026-05-31T12:54:21] [DEBUG] [calypso-direct] [on_notify] [DATA_IN] AWS=10.9kt AWA=31° Batt=100% Temp=0°C
[2026-05-31T12:54:22] [DEBUG] [calypso-direct] [on_notify] [DATA_IN] AWS=10.9kt AWA=35° Batt=100% Temp=0°C
[2026-05-31T12:54:22] [DEBUG] [calypso-direct] [on_notify] [DATA_IN] AWS=10.7kt AWA=35° Batt=100% Temp=0°C
[2026-05-31T12:54:22] [DEBUG] [calypso-direct] [on_notify] [DATA_IN] AWS=10.7kt AWA=35° Batt=100% Temp=0°C
[2026-05-31T12:54:22] [DEBUG] [calypso-direct] [on_notify] [DATA_IN] AWS=10.5kt AWA=37° Batt=100% Temp=0°C
[2026-05-31T12:54:22] [DEBUG] [calypso-direct] [on_notify] [DATA_IN] AWS=10.5kt AWA=38° Batt=100% Temp=0°C
[2026-05-31T12:54:23] [DEBUG] [calypso-direct] [on_notify] [DATA_IN] AWS=10.3kt AWA=38° Batt=100% Temp=0°C
[2026-05-31T12:54:23] [DEBUG] [calypso-direct] [on_notify] [DATA_IN] AWS=10.1kt AWA=38° Batt=100% Temp=0°C
[2026-05-31T12:54:23] [DEBUG] [calypso-direct] [on_notify] [DATA_IN] AWS=9.9kt AWA=37° Batt=100% Temp=0°C
[2026-05-31T12:54:24] [DEBUG] [calypso-direct] [on_notify] [DATA_IN] AWS=9.9kt AWA=35° Batt=100% Temp=0°C
[2026-05-31T12:54:24] [DEBUG] [calypso-direct] [on_notify] [DATA_IN] AWS=9.9kt AWA=34° Batt=100% Temp=0°C
[2026-05-31T12:54:24] [DEBUG] [calypso-direct] [on_notify] [DATA_IN] AWS=9.7kt AWA=34° Batt=100% Temp=0°C
[2026-05-31T12:54:24] [DEBUG] [calypso-direct] [on_notify] [DATA_IN] AWS=9.7kt AWA=34° Batt=100% Temp=0°C
[2026-05-31T12:54:26] [DEBUG] [calypso-direct] [on_notify] [DATA_IN] AWS=9.7kt AWA=35° Batt=100% Temp=0°C
[2026-05-31T12:54:26] [DEBUG] [calypso-direct] [on_notify] [DATA_IN] AWS=9.7kt AWA=35° Batt=100% Temp=0°C
[2026-05-31T12:54:26] [DEBUG] [calypso-direct] [on_notify] [DATA_IN] AWS=9.7kt AWA=35° Batt=100% Temp=0°C
[2026-05-31T12:54:26] [DEBUG] [calypso-direct] [on_notify] [DATA_IN] AWS=9.7kt AWA=35° Batt=100% Temp=0°C
[2026-05-31T12:54:26] [DEBUG] [calypso-direct] [on_notify] [DATA_IN] AWS=9.7kt AWA=33° Batt=100% Temp=0°C
[2026-05-31T12:54:26] [DEBUG] [calypso-direct] [on_notify] [DATA_IN] AWS=10.1kt AWA=33° Batt=100% Temp=0°C
[2026-05-31T12:54:27] [DEBUG] [calypso-direct] [on_notify] [DATA_IN] AWS=10.1kt AWA=33° Batt=100% Temp=0°C
[2026-05-31T12:54:27] [DEBUG] [calypso-direct] [on_notify] [DATA_IN] AWS=9.7kt AWA=34° Batt=100% Temp=0°C
[2026-05-31T12:54:27] [DEBUG] [calypso-direct] [on_notify] [DATA_IN] AWS=9.3kt AWA=34° Batt=100% Temp=0°C
[2026-05-31T12:54:27] [DEBUG] [calypso-direct] [on_notify] [DATA_IN] AWS=9.3kt AWA=34° Batt=100% Temp=0°C
[2026-05-31T12:54:27] [DEBUG] [calypso-direct] [on_notify] [DATA_IN] AWS=9.3kt AWA=34° Batt=100% Temp=0°C
[2026-05-31T12:54:28] [DEBUG] [calypso-direct] [on_notify] [DATA_IN] AWS=9.3kt AWA=32° Batt=100% Temp=0°C
[2026-05-31T12:54:28] [DEBUG] [calypso-direct] [on_notify] [DATA_IN] AWS=9.1kt AWA=31° Batt=100% Temp=0°C
[2026-05-31T12:54:28] [DEBUG] [calypso-direct] [on_notify] [DATA_IN] AWS=8.9kt AWA=30° Batt=100% Temp=0°C
[2026-05-31T12:54:28] [DEBUG] [calypso-direct] [on_notify] [DATA_IN] AWS=8.9kt AWA=30° Batt=100% Temp=0°C
[2026-05-31T12:54:28] [DEBUG] [calypso-direct] [on_notify] [DATA_IN] AWS=8.9kt AWA=30° Batt=100% Temp=0°C
[2026-05-31T12:54:29] [DEBUG] [calypso-direct] [on_notify] [DATA_IN] AWS=8.9kt AWA=29° Batt=100% Temp=0°C
[2026-05-31T12:54:29] [DEBUG] [calypso-direct] [on_notify] [DATA_IN] AWS=9.1kt AWA=29° Batt=100% Temp=0°C
[2026-05-31T12:54:29] [DEBUG] [calypso-direct] [on_notify] [DATA_IN] AWS=9.1kt AWA=29° Batt=100% Temp=0°C
[2026-05-31T12:54:30] [DEBUG] [calypso-direct] [on_notify] [DATA_IN] AWS=9.1kt AWA=30° Batt=100% Temp=0°C
[2026-05-31T12:54:30] [DEBUG] [calypso-direct] [on_notify] [DATA_IN] AWS=8.9kt AWA=31° Batt=100% Temp=0°C
[2026-05-31T12:54:30] [DEBUG] [calypso-direct] [on_notify] [DATA_IN] AWS=8.9kt AWA=37° Batt=100% Temp=0°C
[2026-05-31T12:54:30] [DEBUG] [calypso-direct] [on_notify] [DATA_IN] AWS=8.9kt AWA=38° Batt=100% Temp=0°C
[2026-05-31T12:54:30] [DEBUG] [calypso-direct] [on_notify] [DATA_IN] AWS=8.7kt AWA=38° Batt=100% Temp=0°C
[2026-05-31T12:54:31] [DEBUG] [calypso-direct] [on_notify] [DATA_IN] AWS=8.7kt AWA=38° Batt=100% Temp=0°C
[2026-05-31T12:54:31] [DEBUG] [calypso-direct] [on_notify] [DATA_IN] AWS=8.7kt AWA=37° Batt=100% Temp=0°C
[2026-05-31T12:54:31] [DEBUG] [calypso-direct] [on_notify] [DATA_IN] AWS=8.7kt AWA=38° Batt=100% Temp=0°C
[2026-05-31T12:54:32] [DEBUG] [calypso-direct] [on_notify] [DATA_IN] AWS=8.7kt AWA=37° Batt=100% Temp=0°C
[2026-05-31T12:54:32] [DEBUG] [calypso-direct] [on_notify] [DATA_IN] AWS=9.1kt AWA=37° Batt=100% Temp=0°C
[2026-05-31T12:54:32] [DEBUG] [calypso-direct] [on_notify] [DATA_IN] AWS=9.1kt AWA=38° Batt=100% Temp=0°C
[2026-05-31T12:54:33] [DEBUG] [calypso-direct] [on_notify] [DATA_IN] AWS=9.1kt AWA=42° Batt=100% Temp=0°C
[2026-05-31T12:54:33] [DEBUG] [calypso-direct] [on_notify] [DATA_IN] AWS=8.9kt AWA=42° Batt=100% Temp=0°C
[2026-05-31T12:54:33] [DEBUG] [calypso-direct] [on_notify] [DATA_IN] AWS=8.9kt AWA=42° Batt=100% Temp=0°C
[2026-05-31T12:54:33] [DEBUG] [calypso-direct] [on_notify] [DATA_IN] AWS=8.9kt AWA=37° Batt=100% Temp=0°C
[2026-05-31T12:54:34] [DEBUG] [calypso-direct] [on_notify] [DATA_IN] AWS=9.1kt AWA=36° Batt=100% Temp=0°C
[2026-05-31T12:54:34] [DEBUG] [calypso-direct] [on_notify] [DATA_IN] AWS=9.5kt AWA=32° Batt=100% Temp=0°C
[2026-05-31T12:54:34] [DEBUG] [calypso-direct] [on_notify] [DATA_IN] AWS=9.5kt AWA=32° Batt=100% Temp=0°C
[2026-05-31T12:54:34] [DEBUG] [calypso-direct] [on_notify] [DATA_IN] AWS=9.7kt AWA=31° Batt=100% Temp=0°C
[2026-05-31T12:54:35] [DEBUG] [calypso-direct] [on_notify] [DATA_IN] AWS=9.7kt AWA=26° Batt=100% Temp=0°C
[2026-05-31T12:54:35] [DEBUG] [calypso-direct] [on_notify] [DATA_IN] AWS=9.5kt AWA=26° Batt=100% Temp=0°C
[2026-05-31T12:54:35] [DEBUG] [calypso-direct] [on_notify] [DATA_IN] AWS=8.9kt AWA=28° Batt=100% Temp=0°C
[2026-05-31T12:54:35] [DEBUG] [calypso-direct] [on_notify] [DATA_IN] AWS=8.9kt AWA=30° Batt=100% Temp=0°C
[2026-05-31T12:54:36] [DEBUG] [calypso-direct] [on_notify] [DATA_IN] AWS=8.7kt AWA=29° Batt=100% Temp=0°C
[2026-05-31T12:54:36] [DEBUG] [calypso-direct] [on_notify] [DATA_IN] AWS=8.9kt AWA=30° Batt=100% Temp=0°C
[2026-05-31T12:54:36] [DEBUG] [calypso-direct] [on_notify] [DATA_IN] AWS=8.9kt AWA=30° Batt=100% Temp=0°C
[2026-05-31T12:54:36] [DEBUG] [calypso-direct] [on_notify] [DATA_IN] AWS=8.7kt AWA=29° Batt=100% Temp=0°C
[2026-05-31T12:54:38] [DEBUG] [calypso-direct] [on_notify] [DATA_IN] AWS=8.2kt AWA=28° Batt=100% Temp=0°C
[2026-05-31T12:54:38] [DEBUG] [calypso-direct] [on_notify] [DATA_IN] AWS=8.2kt AWA=28° Batt=100% Temp=0°C
[2026-05-31T12:54:38] [DEBUG] [calypso-direct] [on_notify] [DATA_IN] AWS=8.2kt AWA=28° Batt=100% Temp=0°C
[2026-05-31T12:54:38] [DEBUG] [calypso-direct] [on_notify] [DATA_IN] AWS=7.8kt AWA=27° Batt=100% Temp=0°C
[2026-05-31T12:54:38] [DEBUG] [calypso-direct] [on_notify] [DATA_IN] AWS=7.8kt AWA=28° Batt=100% Temp=0°C
[2026-05-31T12:54:39] [DEBUG] [calypso-direct] [on_notify] [DATA_IN] AWS=7.8kt AWA=28° Batt=100% Temp=0°C
[2026-05-31T12:54:39] [DEBUG] [calypso-direct] [on_notify] [DATA_IN] AWS=7.8kt AWA=27° Batt=100% Temp=0°C
[2026-05-31T12:54:39] [DEBUG] [calypso-direct] [on_notify] [DATA_IN] AWS=7.6kt AWA=20° Batt=100% Temp=0°C
[2026-05-31T12:54:39] [DEBUG] [calypso-direct] [on_notify] [DATA_IN] AWS=7.4kt AWA=13° Batt=100% Temp=0°C
[2026-05-31T12:54:39] [DEBUG] [calypso-direct] [on_notify] [DATA_IN] AWS=7.4kt AWA=13° Batt=100% Temp=0°C
[2026-05-31T12:54:40] [DEBUG] [calypso-direct] [on_notify] [DATA_IN] AWS=7.6kt AWA=13° Batt=100% Temp=0°C
[2026-05-31T12:54:40] [DEBUG] [calypso-direct] [on_notify] [DATA_IN] AWS=7.6kt AWA=13° Batt=100% Temp=0°C
[2026-05-31T12:54:40] [DEBUG] [calypso-direct] [on_notify] [DATA_IN] AWS=7.6kt AWA=13° Batt=100% Temp=0°C
[2026-05-31T12:54:40] [DEBUG] [calypso-direct] [on_notify] [DATA_IN] AWS=7.6kt AWA=18° Batt=100% Temp=0°C
[2026-05-31T12:54:40] [DEBUG] [calypso-direct] [on_notify] [DATA_IN] AWS=7.4kt AWA=22° Batt=100% Temp=0°C
[2026-05-31T12:54:41] [DEBUG] [calypso-direct] [on_notify] [DATA_IN] AWS=7.0kt AWA=25° Batt=100% Temp=0°C
[2026-05-31T12:54:41] [DEBUG] [calypso-direct] [on_notify] [DATA_IN] AWS=6.8kt AWA=25° Batt=100% Temp=0°C
[2026-05-31T12:54:41] [DEBUG] [calypso-direct] [on_notify] [DATA_IN] AWS=7.0kt AWA=25° Batt=100% Temp=0°C
[2026-05-31T12:54:41] [DEBUG] [calypso-direct] [on_notify] [DATA_IN] AWS=7.0kt AWA=20° Batt=100% Temp=0°C
[2026-05-31T12:54:41] [DEBUG] [calypso-direct] [on_notify] [DATA_IN] AWS=7.0kt AWA=18° Batt=100% Temp=0°C
[2026-05-31T12:54:42] [DEBUG] [calypso-direct] [on_notify] [DATA_IN] AWS=7.0kt AWA=18° Batt=100% Temp=0°C
[2026-05-31T12:54:42] [DEBUG] [calypso-direct] [on_notify] [DATA_IN] AWS=7.0kt AWA=18° Batt=100% Temp=0°C
[2026-05-31T12:54:42] [DEBUG] [calypso-direct] [on_notify] [DATA_IN] AWS=7.4kt AWA=13° Batt=100% Temp=0°C
[2026-05-31T12:54:42] [DEBUG] [calypso-direct] [on_notify] [DATA_IN] AWS=7.4kt AWA=13° Batt=100% Temp=0°C
[2026-05-31T12:54:42] [DEBUG] [calypso-direct] [on_notify] [DATA_IN] AWS=7.4kt AWA=17° Batt=100% Temp=0°C
[2026-05-31T12:54:42] [DEBUG] [calypso-direct] [on_notify] [DATA_IN] AWS=7.8kt AWA=15° Batt=100% Temp=0°C
[2026-05-31T12:54:43] [DEBUG] [calypso-direct] [on_notify] [DATA_IN] AWS=8.0kt AWA=15° Batt=100% Temp=0°C
[2026-05-31T12:54:43] [DEBUG] [calypso-direct] [on_notify] [DATA_IN] AWS=8.4kt AWA=17° Batt=100% Temp=0°C
[2026-05-31T12:54:43] [DEBUG] [calypso-direct] [on_notify] [DATA_IN] AWS=8.7kt AWA=17° Batt=100% Temp=0°C
[2026-05-31T12:54:43] [DEBUG] [calypso-direct] [on_notify] [DATA_IN] AWS=8.7kt AWA=15° Batt=100% Temp=0°C
[2026-05-31T12:54:44] [DEBUG] [calypso-direct] [on_notify] [DATA_IN] AWS=8.4kt AWA=16° Batt=100% Temp=0°C
[2026-05-31T12:54:44] [DEBUG] [calypso-direct] [on_notify] [DATA_IN] AWS=8.4kt AWA=16° Batt=100% Temp=0°C
[2026-05-31T12:54:44] [DEBUG] [calypso-direct] [on_notify] [DATA_IN] AWS=8.2kt AWA=15° Batt=100% Temp=0°C
[2026-05-31T12:54:44] [DEBUG] [calypso-direct] [on_notify] [DATA_IN] AWS=8.0kt AWA=15° Batt=100% Temp=0°C
[2026-05-31T12:54:46] [DEBUG] [calypso-direct] [on_notify] [DATA_IN] AWS=7.4kt AWA=14° Batt=100% Temp=0°C
[2026-05-31T12:54:46] [DEBUG] [calypso-direct] [on_notify] [DATA_IN] AWS=7.4kt AWA=14° Batt=100% Temp=0°C
[2026-05-31T12:54:46] [DEBUG] [calypso-direct] [on_notify] [DATA_IN] AWS=7.4kt AWA=14° Batt=100% Temp=0°C
[2026-05-31T12:54:46] [DEBUG] [calypso-direct] [on_notify] [DATA_IN] AWS=7.4kt AWA=14° Batt=100% Temp=0°C
[2026-05-31T12:54:46] [DEBUG] [calypso-direct] [on_notify] [DATA_IN] AWS=7.6kt AWA=16° Batt=100% Temp=0°C
[2026-05-31T12:54:46] [DEBUG] [calypso-direct] [on_notify] [DATA_IN] AWS=7.6kt AWA=17° Batt=100% Temp=0°C
[2026-05-31T12:54:47] [DEBUG] [calypso-direct] [on_notify] [DATA_IN] AWS=7.4kt AWA=16° Batt=100% Temp=0°C
[2026-05-31T12:54:47] [DEBUG] [calypso-direct] [on_notify] [DATA_IN] AWS=7.2kt AWA=14° Batt=100% Temp=0°C
[2026-05-31T12:54:47] [DEBUG] [calypso-direct] [on_notify] [DATA_IN] AWS=7.4kt AWA=14° Batt=100% Temp=0°C
[2026-05-31T12:54:47] [DEBUG] [calypso-direct] [on_notify] [DATA_IN] AWS=7.4kt AWA=14° Batt=100% Temp=0°C
[2026-05-31T12:54:47] [DEBUG] [calypso-direct] [on_notify] [DATA_IN] AWS=7.4kt AWA=12° Batt=100% Temp=0°C
[2026-05-31T12:54:48] [DEBUG] [calypso-direct] [on_notify] [DATA_IN] AWS=8.0kt AWA=12° Batt=100% Temp=0°C
[2026-05-31T12:54:48] [DEBUG] [calypso-direct] [on_notify] [DATA_IN] AWS=8.0kt AWA=12° Batt=100% Temp=0°C
[2026-05-31T12:54:48] [DEBUG] [calypso-direct] [on_notify] [DATA_IN] AWS=8.0kt AWA=11° Batt=100% Temp=0°C
[2026-05-31T12:54:48] [DEBUG] [calypso-direct] [on_notify] [DATA_IN] AWS=8.4kt AWA=10° Batt=100% Temp=0°C
[2026-05-31T12:54:49] [DEBUG] [calypso-direct] [on_notify] [DATA_IN] AWS=8.2kt AWA=10° Batt=100% Temp=0°C
[2026-05-31T12:54:49] [DEBUG] [calypso-direct] [on_notify] [DATA_IN] AWS=8.2kt AWA=10° Batt=100% Temp=0°C
[2026-05-31T12:54:49] [DEBUG] [calypso-direct] [on_notify] [DATA_IN] AWS=8.2kt AWA=10° Batt=100% Temp=0°C
[2026-05-31T12:54:49] [DEBUG] [calypso-direct] [on_notify] [DATA_IN] AWS=8.2kt AWA=16° Batt=100% Temp=0°C
[2026-05-31T12:54:50] [DEBUG] [calypso-direct] [on_notify] [DATA_IN] AWS=8.0kt AWA=16° Batt=100% Temp=0°C
[2026-05-31T12:54:50] [DEBUG] [calypso-direct] [on_notify] [DATA_IN] AWS=7.8kt AWA=17° Batt=100% Temp=0°C
[2026-05-31T12:54:50] [DEBUG] [calypso-direct] [on_notify] [DATA_IN] AWS=7.8kt AWA=16° Batt=100% Temp=0°C
[2026-05-31T12:54:50] [DEBUG] [calypso-direct] [on_notify] [DATA_IN] AWS=7.4kt AWA=11° Batt=100% Temp=0°C
[2026-05-31T12:54:50] [DEBUG] [calypso-direct] [on_notify] [DATA_IN] AWS=7.4kt AWA=11° Batt=100% Temp=0°C
[2026-05-31T12:54:51] [DEBUG] [calypso-direct] [on_notify] [DATA_IN] AWS=7.4kt AWA=11° Batt=100% Temp=0°C
[2026-05-31T12:54:51] [DEBUG] [calypso-direct] [on_notify] [DATA_IN] AWS=7.4kt AWA=11° Batt=100% Temp=0°C
[2026-05-31T12:54:52] [DEBUG] [calypso-direct] [on_notify] [DATA_IN] AWS=7.4kt AWA=15° Batt=100% Temp=0°C
[2026-05-31T12:54:52] [DEBUG] [calypso-direct] [on_notify] [DATA_IN] AWS=7.6kt AWA=16° Batt=100% Temp=0°C
[2026-05-31T12:54:52] [DEBUG] [calypso-direct] [on_notify] [DATA_IN] AWS=7.6kt AWA=17° Batt=100% Temp=0°C
[2026-05-31T12:54:52] [DEBUG] [calypso-direct] [on_notify] [DATA_IN] AWS=8.4kt AWA=17° Batt=100% Temp=0°C
[2026-05-31T12:54:53] [DEBUG] [calypso-direct] [on_notify] [DATA_IN] AWS=7.6kt AWA=17° Batt=100% Temp=0°C
[2026-05-31T12:54:53] [DEBUG] [calypso-direct] [on_notify] [DATA_IN] AWS=7.6kt AWA=17° Batt=100% Temp=0°C
[2026-05-31T12:54:53] [DEBUG] [calypso-direct] [on_notify] [DATA_IN] AWS=7.6kt AWA=17° Batt=100% Temp=0°C
[2026-05-31T12:54:53] [DEBUG] [calypso-direct] [on_notify] [DATA_IN] AWS=8.4kt AWA=17° Batt=100% Temp=0°C
[2026-05-31T12:54:53] [DEBUG] [calypso-direct] [on_notify] [DATA_IN] AWS=8.4kt AWA=17° Batt=100% Temp=0°C
[2026-05-31T12:54:53] [DEBUG] [calypso-direct] [on_notify] [DATA_IN] AWS=8.4kt AWA=17° Batt=100% Temp=0°C
[2026-05-31T12:54:54] [DEBUG] [calypso-direct] [on_notify] [DATA_IN] AWS=8.4kt AWA=14° Batt=100% Temp=0°C
[2026-05-31T12:54:54] [DEBUG] [calypso-direct] [on_notify] [DATA_IN] AWS=8.0kt AWA=12° Batt=100% Temp=0°C
[2026-05-31T12:54:55] [DEBUG] [calypso-direct] [on_notify] [DATA_IN] AWS=7.2kt AWA=10° Batt=100% Temp=0°C
[2026-05-31T12:54:55] [DEBUG] [calypso-direct] [on_notify] [DATA_IN] AWS=7.2kt AWA=10° Batt=100% Temp=0°C
[2026-05-31T12:54:55] [DEBUG] [calypso-direct] [on_notify] [DATA_IN] AWS=7.2kt AWA=6° Batt=100% Temp=0°C
[2026-05-31T12:54:55] [DEBUG] [calypso-direct] [on_notify] [DATA_IN] AWS=7.6kt AWA=6° Batt=100% Temp=0°C
[2026-05-31T12:54:56] [DEBUG] [calypso-direct] [on_notify] [DATA_IN] AWS=7.8kt AWA=10° Batt=100% Temp=0°C
[2026-05-31T12:54:56] [DEBUG] [calypso-direct] [on_notify] [DATA_IN] AWS=7.8kt AWA=10° Batt=100% Temp=0°C
[2026-05-31T12:54:56] [DEBUG] [calypso-direct] [on_notify] [DATA_IN] AWS=8.2kt AWA=14° Batt=100% Temp=0°C
[2026-05-31T12:54:56] [DEBUG] [calypso-direct] [on_notify] [DATA_IN] AWS=8.2kt AWA=17° Batt=100% Temp=0°C
[2026-05-31T12:54:56] [DEBUG] [calypso-direct] [on_notify] [DATA_IN] AWS=8.2kt AWA=17° Batt=100% Temp=0°C
[2026-05-31T12:54:57] [DEBUG] [calypso-direct] [on_notify] [DATA_IN] AWS=8.2kt AWA=20° Batt=100% Temp=0°C
[2026-05-31T12:54:57] [DEBUG] [calypso-direct] [on_notify] [DATA_IN] AWS=8.2kt AWA=20° Batt=100% Temp=0°C
[2026-05-31T12:54:57] [DEBUG] [calypso-direct] [on_notify] [DATA_IN] AWS=7.6kt AWA=17° Batt=100% Temp=0°C
[2026-05-31T12:54:58] [DEBUG] [calypso-direct] [on_notify] [DATA_IN] AWS=7.6kt AWA=13° Batt=100% Temp=0°C
[2026-05-31T12:54:58] [DEBUG] [calypso-direct] [on_notify] [DATA_IN] AWS=7.6kt AWA=13° Batt=100% Temp=0°C
[2026-05-31T12:54:58] [DEBUG] [calypso-direct] [on_notify] [DATA_IN] AWS=7.4kt AWA=12° Batt=100% Temp=0°C
[2026-05-31T12:54:59] [DEBUG] [calypso-direct] [on_notify] [DATA_IN] AWS=7.4kt AWA=12° Batt=100% Temp=0°C
[2026-05-31T12:54:59] [DEBUG] [calypso-direct] [on_notify] [DATA_IN] AWS=7.2kt AWA=12° Batt=100% Temp=0°C
[2026-05-31T12:54:59] [DEBUG] [calypso-direct] [on_notify] [DATA_IN] AWS=7.2kt AWA=11° Batt=100% Temp=0°C
[2026-05-31T12:54:59] [DEBUG] [calypso-direct] [on_notify] [DATA_IN] AWS=7.2kt AWA=12° Batt=100% Temp=0°C
[2026-05-31T12:55:00] [DEBUG] [calypso-direct] [on_notify] [DATA_IN] AWS=7.2kt AWA=12° Batt=100% Temp=0°C
[2026-05-31T12:55:00] [DEBUG] [calypso-direct] [on_notify] [DATA_IN] AWS=7.2kt AWA=12° Batt=100% Temp=0°C
[2026-05-31T12:55:00] [DEBUG] [calypso-direct] [on_notify] [DATA_IN] AWS=8.0kt AWA=13° Batt=100% Temp=0°C
[2026-05-31T12:55:00] [DEBUG] [calypso-direct] [on_notify] [DATA_IN] AWS=8.0kt AWA=13° Batt=100% Temp=0°C
[2026-05-31T12:55:00] [DEBUG] [calypso-direct] [on_notify] [DATA_IN] AWS=8.0kt AWA=14° Batt=100% Temp=0°C
[2026-05-31T12:55:00] [DEBUG] [calypso-direct] [on_notify] [DATA_IN] AWS=8.0kt AWA=14° Batt=100% Temp=0°C
[2026-05-31T12:55:00] [DEBUG] [calypso-direct] [on_notify] [DATA_IN] AWS=8.0kt AWA=14° Batt=100% Temp=0°C
[2026-05-31T12:55:01] [DEBUG] [calypso-direct] [on_notify] [DATA_IN] AWS=8.0kt AWA=12° Batt=100% Temp=0°C
[2026-05-31T12:55:01] [DEBUG] [calypso-direct] [on_notify] [DATA_IN] AWS=8.0kt AWA=8° Batt=100% Temp=0°C
[2026-05-31T12:55:01] [DEBUG] [calypso-direct] [on_notify] [DATA_IN] AWS=8.0kt AWA=6° Batt=100% Temp=0°C
[2026-05-31T12:55:01] [DEBUG] [calypso-direct] [on_notify] [DATA_IN] AWS=8.0kt AWA=6° Batt=100% Temp=0°C
[2026-05-31T12:55:02] [DEBUG] [calypso-direct] [on_notify] [DATA_IN] AWS=8.0kt AWA=5° Batt=100% Temp=0°C
[2026-05-31T12:55:02] [DEBUG] [calypso-direct] [on_notify] [DATA_IN] AWS=8.0kt AWA=5° Batt=100% Temp=0°C
[2026-05-31T12:55:02] [DEBUG] [calypso-direct] [on_notify] [DATA_IN] AWS=8.0kt AWA=5° Batt=100% Temp=0°C
[2026-05-31T12:55:02] [DEBUG] [calypso-direct] [on_notify] [DATA_IN] AWS=8.0kt AWA=5° Batt=100% Temp=0°C
[2026-05-31T12:55:03] [DEBUG] [calypso-direct] [on_notify] [DATA_IN] AWS=8.2kt AWA=7° Batt=100% Temp=0°C
[2026-05-31T12:55:03] [DEBUG] [calypso-direct] [on_notify] [DATA_IN] AWS=8.2kt AWA=7° Batt=100% Temp=0°C
[2026-05-31T12:55:03] [DEBUG] [calypso-direct] [on_notify] [DATA_IN] AWS=8.0kt AWA=10° Batt=100% Temp=0°C
[2026-05-31T12:55:03] [DEBUG] [calypso-direct] [on_notify] [DATA_IN] AWS=7.4kt AWA=10° Batt=100% Temp=0°C
[2026-05-31T12:55:04] [DEBUG] [calypso-direct] [on_notify] [DATA_IN] AWS=7.4kt AWA=7° Batt=100% Temp=0°C
[2026-05-31T12:55:04] [DEBUG] [calypso-direct] [on_notify] [DATA_IN] AWS=7.2kt AWA=6° Batt=100% Temp=0°C
[2026-05-31T12:55:04] [DEBUG] [calypso-direct] [on_notify] [DATA_IN] AWS=7.2kt AWA=11° Batt=100% Temp=0°C
[2026-05-31T12:55:04] [DEBUG] [calypso-direct] [on_notify] [DATA_IN] AWS=7.2kt AWA=2° Batt=100% Temp=0°C
[2026-05-31T12:55:06] [DEBUG] [calypso-direct] [on_notify] [DATA_IN] AWS=7.2kt AWA=2° Batt=100% Temp=0°C
[2026-05-31T12:55:06] [DEBUG] [calypso-direct] [on_notify] [DATA_IN] AWS=7.2kt AWA=2° Batt=100% Temp=0°C
[2026-05-31T12:55:06] [DEBUG] [calypso-direct] [on_notify] [DATA_IN] AWS=6.8kt AWA=2° Batt=100% Temp=0°C
[2026-05-31T12:55:06] [DEBUG] [calypso-direct] [on_notify] [DATA_IN] AWS=6.8kt AWA=2° Batt=100% Temp=0°C
[2026-05-31T12:55:07] [DEBUG] [calypso-direct] [on_notify] [DATA_IN] AWS=7.0kt AWA=2° Batt=100% Temp=0°C
[2026-05-31T12:55:07] [DEBUG] [calypso-direct] [on_notify] [DATA_IN] AWS=7.0kt AWA=5° Batt=100% Temp=0°C
[2026-05-31T12:55:07] [DEBUG] [calypso-direct] [on_notify] [DATA_IN] AWS=7.2kt AWA=7° Batt=100% Temp=0°C
[2026-05-31T12:55:07] [DEBUG] [calypso-direct] [on_notify] [DATA_IN] AWS=7.2kt AWA=7° Batt=100% Temp=0°C
[2026-05-31T12:55:07] [DEBUG] [calypso-direct] [on_notify] [DATA_IN] AWS=7.2kt AWA=6° Batt=100% Temp=0°C
[2026-05-31T12:55:07] [DEBUG] [calypso-direct] [on_notify] [DATA_IN] AWS=7.2kt AWA=6° Batt=100% Temp=0°C
[2026-05-31T12:55:07] [DEBUG] [calypso-direct] [on_notify] [DATA_IN] AWS=7.2kt AWA=4° Batt=100% Temp=0°C
[2026-05-31T12:55:07] [DEBUG] [calypso-direct] [on_notify] [DATA_IN] AWS=6.8kt AWA=2° Batt=100% Temp=0°C
[2026-05-31T12:55:08] [DEBUG] [calypso-direct] [on_notify] [DATA_IN] AWS=6.6kt AWA=1° Batt=100% Temp=0°C
[2026-05-31T12:55:08] [DEBUG] [calypso-direct] [on_notify] [DATA_IN] AWS=6.0kt AWA=1° Batt=100% Temp=0°C
[2026-05-31T12:55:08] [DEBUG] [calypso-direct] [on_notify] [DATA_IN] AWS=6.0kt AWA=2° Batt=100% Temp=0°C
[2026-05-31T12:55:09] [DEBUG] [calypso-direct] [on_notify] [DATA_IN] AWS=6.0kt AWA=2° Batt=100% Temp=0°C
[2026-05-31T12:55:09] [DEBUG] [calypso-direct] [on_notify] [DATA_IN] AWS=6.0kt AWA=2° Batt=100% Temp=0°C
[2026-05-31T12:55:09] [DEBUG] [calypso-direct] [on_notify] [DATA_IN] AWS=6.2kt AWA=2° Batt=100% Temp=0°C
[2026-05-31T12:55:09] [DEBUG] [calypso-direct] [on_notify] [DATA_IN] AWS=6.6kt AWA=4° Batt=100% Temp=0°C
[2026-05-31T12:55:09] [DEBUG] [calypso-direct] [on_notify] [DATA_IN] AWS=6.6kt AWA=5° Batt=100% Temp=0°C
[2026-05-31T12:55:10] [DEBUG] [calypso-direct] [on_notify] [DATA_IN] AWS=6.6kt AWA=5° Batt=100% Temp=0°C
[2026-05-31T12:55:10] [DEBUG] [calypso-direct] [on_notify] [DATA_IN] AWS=6.2kt AWA=3° Batt=100% Temp=0°C
[2026-05-31T12:55:10] [DEBUG] [calypso-direct] [on_notify] [DATA_IN] AWS=6.2kt AWA=3° Batt=100% Temp=0°C
[2026-05-31T12:55:10] [DEBUG] [calypso-direct] [on_notify] [DATA_IN] AWS=6.2kt AWA=1° Batt=100% Temp=0°C
[2026-05-31T12:55:11] [DEBUG] [calypso-direct] [on_notify] [DATA_IN] AWS=6.8kt AWA=348° Batt=100% Temp=0°C
[2026-05-31T12:55:11] [DEBUG] [calypso-direct] [on_notify] [DATA_IN] AWS=6.8kt AWA=348° Batt=100% Temp=0°C
[2026-05-31T12:55:12] [DEBUG] [calypso-direct] [on_notify] [DATA_IN] AWS=6.8kt AWA=348° Batt=100% Temp=0°C
[2026-05-31T12:55:12] [DEBUG] [calypso-direct] [on_notify] [DATA_IN] AWS=5.8kt AWA=348° Batt=100% Temp=0°C
[2026-05-31T12:55:12] [DEBUG] [calypso-direct] [on_notify] [DATA_IN] AWS=5.6kt AWA=348° Batt=100% Temp=0°C
[2026-05-31T12:55:13] [DEBUG] [calypso-direct] [on_notify] [DATA_IN] AWS=5.6kt AWA=355° Batt=100% Temp=0°C
[2026-05-31T12:55:13] [DEBUG] [calypso-direct] [on_notify] [DATA_IN] AWS=5.6kt AWA=355° Batt=100% Temp=0°C
[2026-05-31T12:55:13] [DEBUG] [calypso-direct] [on_notify] [DATA_IN] AWS=5.8kt AWA=355° Batt=100% Temp=0°C
[2026-05-31T12:55:13] [DEBUG] [calypso-direct] [on_notify] [DATA_IN] AWS=6.2kt AWA=355° Batt=100% Temp=0°C
[2026-05-31T12:55:13] [DEBUG] [calypso-direct] [on_notify] [DATA_IN] AWS=6.2kt AWA=355° Batt=100% Temp=0°C
[2026-05-31T12:55:14] [DEBUG] [calypso-direct] [on_notify] [DATA_IN] AWS=6.2kt AWA=356° Batt=100% Temp=0°C
[2026-05-31T12:55:14] [DEBUG] [calypso-direct] [on_notify] [DATA_IN] AWS=6.2kt AWA=356° Batt=100% Temp=0°C
[2026-05-31T12:55:15] [DEBUG] [calypso-direct] [on_notify] [DATA_IN] AWS=6.4kt AWA=356° Batt=100% Temp=0°C
[2026-05-31T12:55:15] [DEBUG] [calypso-direct] [on_notify] [DATA_IN] AWS=6.6kt AWA=356° Batt=100% Temp=0°C
[2026-05-31T12:55:15] [DEBUG] [calypso-direct] [on_notify] [DATA_IN] AWS=6.6kt AWA=356° Batt=100% Temp=0°C
[2026-05-31T12:55:15] [DEBUG] [calypso-direct] [on_notify] [DATA_IN] AWS=6.6kt AWA=342° Batt=100% Temp=0°C
[2026-05-31T12:55:15] [DEBUG] [calypso-direct] [on_notify] [DATA_IN] AWS=7.0kt AWA=342° Batt=100% Temp=0°C
[2026-05-31T12:55:15] [DEBUG] [calypso-direct] [on_notify] [DATA_IN] AWS=7.0kt AWA=342° Batt=100% Temp=0°C
[2026-05-31T12:55:15] [DEBUG] [calypso-direct] [on_notify] [DATA_IN] AWS=6.6kt AWA=342° Batt=100% Temp=0°C
[2026-05-31T12:55:16] [DEBUG] [calypso-direct] [on_notify] [DATA_IN] AWS=7.0kt AWA=342° Batt=100% Temp=0°C
[2026-05-31T12:55:16] [DEBUG] [calypso-direct] [on_notify] [DATA_IN] AWS=7.0kt AWA=350° Batt=100% Temp=0°C
[2026-05-31T12:55:16] [DEBUG] [calypso-direct] [on_notify] [DATA_IN] AWS=7.0kt AWA=350° Batt=100% Temp=0°C
[2026-05-31T12:55:17] [DEBUG] [calypso-direct] [on_notify] [DATA_IN] AWS=7.0kt AWA=350° Batt=100% Temp=0°C
[2026-05-31T12:55:17] [DEBUG] [calypso-direct] [on_notify] [DATA_IN] AWS=7.0kt AWA=350° Batt=100% Temp=0°C
[2026-05-31T12:55:17] [DEBUG] [calypso-direct] [on_notify] [DATA_IN] AWS=7.0kt AWA=350° Batt=100% Temp=0°C
[2026-05-31T12:55:17] [DEBUG] [calypso-direct] [on_notify] [DATA_IN] AWS=6.4kt AWA=336° Batt=100% Temp=0°C
[2026-05-31T12:55:18] [DEBUG] [calypso-direct] [on_notify] [DATA_IN] AWS=6.4kt AWA=336° Batt=100% Temp=0°C
[2026-05-31T12:55:18] [DEBUG] [calypso-direct] [on_notify] [DATA_IN] AWS=6.4kt AWA=336° Batt=100% Temp=0°C
[2026-05-31T12:55:18] [DEBUG] [calypso-direct] [on_notify] [DATA_IN] AWS=6.4kt AWA=335° Batt=100% Temp=0°C
[2026-05-31T12:55:18] [DEBUG] [calypso-direct] [on_notify] [DATA_IN] AWS=6.6kt AWA=335° Batt=100% Temp=0°C
[2026-05-31T12:55:19] [DEBUG] [calypso-direct] [on_notify] [DATA_IN] AWS=7.0kt AWA=332° Batt=100% Temp=0°C
[2026-05-31T12:55:19] [DEBUG] [calypso-direct] [on_notify] [DATA_IN] AWS=7.2kt AWA=331° Batt=100% Temp=0°C
[2026-05-31T12:55:19] [DEBUG] [calypso-direct] [on_notify] [DATA_IN] AWS=7.2kt AWA=331° Batt=100% Temp=0°C
[2026-05-31T12:55:20] [DEBUG] [calypso-direct] [on_notify] [DATA_IN] AWS=7.2kt AWA=331° Batt=100% Temp=0°C
[2026-05-31T12:55:20] [DEBUG] [calypso-direct] [on_notify] [DATA_IN] AWS=7.2kt AWA=330° Batt=100% Temp=0°C
[2026-05-31T12:55:20] [DEBUG] [calypso-direct] [on_notify] [DATA_IN] AWS=7.2kt AWA=332° Batt=100% Temp=0°C
[2026-05-31T12:55:20] [DEBUG] [calypso-direct] [on_notify] [DATA_IN] AWS=7.2kt AWA=332° Batt=100% Temp=0°C
[2026-05-31T12:55:20] [DEBUG] [calypso-direct] [on_notify] [DATA_IN] AWS=7.0kt AWA=332° Batt=100% Temp=0°C
[2026-05-31T12:55:20] [DEBUG] [calypso-direct] [on_notify] [DATA_IN] AWS=7.0kt AWA=332° Batt=100% Temp=0°C
[2026-05-31T12:55:20] [DEBUG] [calypso-direct] [on_notify] [DATA_IN] AWS=7.0kt AWA=333° Batt=100% Temp=0°C
[2026-05-31T12:55:21] [DEBUG] [calypso-direct] [on_notify] [DATA_IN] AWS=7.0kt AWA=330° Batt=100% Temp=0°C
[2026-05-31T12:55:21] [DEBUG] [calypso-direct] [on_notify] [DATA_IN] AWS=6.2kt AWA=329° Batt=100% Temp=0°C
[2026-05-31T12:55:21] [DEBUG] [calypso-direct] [on_notify] [DATA_IN] AWS=6.0kt AWA=329° Batt=100% Temp=0°C
[2026-05-31T12:55:21] [DEBUG] [calypso-direct] [on_notify] [DATA_IN] AWS=6.0kt AWA=329° Batt=100% Temp=0°C
[2026-05-31T12:55:22] [DEBUG] [calypso-direct] [on_notify] [DATA_IN] AWS=5.8kt AWA=328° Batt=100% Temp=0°C
[2026-05-31T12:55:22] [DEBUG] [calypso-direct] [on_notify] [DATA_IN] AWS=5.8kt AWA=323° Batt=100% Temp=0°C
[2026-05-31T12:55:22] [DEBUG] [calypso-direct] [on_notify] [DATA_IN] AWS=5.8kt AWA=323° Batt=100% Temp=0°C
[2026-05-31T12:55:22] [DEBUG] [calypso-direct] [on_notify] [DATA_IN] AWS=5.8kt AWA=324° Batt=100% Temp=0°C
[2026-05-31T12:55:23] [DEBUG] [calypso-direct] [on_notify] [DATA_IN] AWS=5.8kt AWA=324° Batt=100% Temp=0°C
[2026-05-31T12:55:23] [DEBUG] [calypso-direct] [on_notify] [DATA_IN] AWS=5.8kt AWA=325° Batt=100% Temp=0°C
[2026-05-31T12:55:23] [DEBUG] [calypso-direct] [on_notify] [DATA_IN] AWS=6.2kt AWA=330° Batt=100% Temp=0°C
[2026-05-31T12:55:23] [DEBUG] [calypso-direct] [on_notify] [DATA_IN] AWS=6.2kt AWA=330° Batt=100% Temp=0°C
[2026-05-31T12:55:24] [DEBUG] [calypso-direct] [on_notify] [DATA_IN] AWS=6.6kt AWA=330° Batt=100% Temp=0°C
[2026-05-31T12:55:24] [DEBUG] [calypso-direct] [on_notify] [DATA_IN] AWS=6.6kt AWA=331° Batt=100% Temp=0°C
[2026-05-31T12:55:24] [DEBUG] [calypso-direct] [on_notify] [DATA_IN] AWS=6.4kt AWA=331° Batt=100% Temp=0°C
[2026-05-31T12:55:24] [DEBUG] [calypso-direct] [on_notify] [DATA_IN] AWS=6.4kt AWA=348° Batt=100% Temp=0°C
[2026-05-31T12:55:25] [DEBUG] [calypso-direct] [on_notify] [DATA_IN] AWS=6.2kt AWA=349° Batt=100% Temp=0°C
[2026-05-31T12:55:25] [DEBUG] [calypso-direct] [on_notify] [DATA_IN] AWS=5.6kt AWA=349° Batt=100% Temp=0°C
[2026-05-31T12:55:25] [DEBUG] [calypso-direct] [on_notify] [DATA_IN] AWS=5.6kt AWA=349° Batt=100% Temp=0°C
[2026-05-31T12:55:26] [DEBUG] [calypso-direct] [on_notify] [DATA_IN] AWS=5.6kt AWA=348° Batt=100% Temp=0°C
[2026-05-31T12:55:26] [DEBUG] [calypso-direct] [on_notify] [DATA_IN] AWS=5.6kt AWA=328° Batt=100% Temp=0°C
[2026-05-31T12:55:26] [DEBUG] [calypso-direct] [on_notify] [DATA_IN] AWS=5.6kt AWA=328° Batt=100% Temp=0°C
[2026-05-31T12:55:26] [DEBUG] [calypso-direct] [on_notify] [DATA_IN] AWS=6.6kt AWA=328° Batt=100% Temp=0°C
[2026-05-31T12:55:26] [DEBUG] [calypso-direct] [on_notify] [DATA_IN] AWS=6.6kt AWA=328° Batt=100% Temp=0°C
[2026-05-31T12:55:27] [DEBUG] [calypso-direct] [on_notify] [DATA_IN] AWS=6.6kt AWA=329° Batt=100% Temp=0°C
[2026-05-31T12:55:27] [DEBUG] [calypso-direct] [on_notify] [DATA_IN] AWS=6.2kt AWA=335° Batt=100% Temp=0°C
[2026-05-31T12:55:27] [DEBUG] [calypso-direct] [on_notify] [DATA_IN] AWS=6.2kt AWA=335° Batt=100% Temp=0°C
[2026-05-31T12:55:27] [DEBUG] [calypso-direct] [on_notify] [DATA_IN] AWS=6.2kt AWA=335° Batt=100% Temp=0°C
[2026-05-31T12:55:28] [DEBUG] [calypso-direct] [on_notify] [DATA_IN] AWS=6.4kt AWA=335° Batt=100% Temp=0°C
[2026-05-31T12:55:28] [DEBUG] [calypso-direct] [on_notify] [DATA_IN] AWS=6.6kt AWA=335° Batt=100% Temp=0°C
[2026-05-31T12:55:28] [DEBUG] [calypso-direct] [on_notify] [DATA_IN] AWS=6.6kt AWA=342° Batt=100% Temp=0°C
[2026-05-31T12:55:30] [DEBUG] [calypso-direct] [on_notify] [DATA_IN] AWS=6.8kt AWA=342° Batt=100% Temp=0°C
[2026-05-31T12:55:30] [DEBUG] [calypso-direct] [on_notify] [DATA_IN] AWS=6.8kt AWA=342° Batt=100% Temp=0°C
[2026-05-31T12:55:30] [DEBUG] [calypso-direct] [on_notify] [DATA_IN] AWS=5.4kt AWA=342° Batt=100% Temp=0°C
[2026-05-31T12:55:30] [DEBUG] [calypso-direct] [on_notify] [DATA_IN] AWS=5.4kt AWA=342° Batt=100% Temp=0°C
[2026-05-31T12:55:30] [DEBUG] [calypso-direct] [on_notify] [DATA_IN] AWS=5.4kt AWA=346° Batt=100% Temp=0°C
[2026-05-31T12:55:30] [DEBUG] [calypso-direct] [on_notify] [DATA_IN] AWS=5.4kt AWA=346° Batt=100% Temp=0°C
[2026-05-31T12:55:30] [DEBUG] [calypso-direct] [on_notify] [DATA_IN] AWS=5.1kt AWA=346° Batt=100% Temp=0°C
[2026-05-31T12:55:30] [DEBUG] [calypso-direct] [on_notify] [DATA_IN] AWS=5.1kt AWA=346° Batt=100% Temp=0°C
[2026-05-31T12:55:30] [DEBUG] [calypso-direct] [on_notify] [DATA_IN] AWS=5.1kt AWA=346° Batt=100% Temp=0°C
[2026-05-31T12:55:31] [DEBUG] [calypso-direct] [on_notify] [DATA_IN] AWS=5.1kt AWA=333° Batt=100% Temp=0°C
[2026-05-31T12:55:31] [DEBUG] [calypso-direct] [on_notify] [DATA_IN] AWS=5.4kt AWA=333° Batt=100% Temp=0°C
[2026-05-31T12:55:31] [DEBUG] [calypso-direct] [on_notify] [DATA_IN] AWS=5.4kt AWA=333° Batt=100% Temp=0°C
[2026-05-31T12:55:32] [DEBUG] [calypso-direct] [on_notify] [DATA_IN] AWS=5.1kt AWA=333° Batt=100% Temp=0°C
[2026-05-31T12:55:32] [DEBUG] [calypso-direct] [on_notify] [DATA_IN] AWS=5.1kt AWA=333° Batt=100% Temp=0°C
[2026-05-31T12:55:32] [DEBUG] [calypso-direct] [on_notify] [DATA_IN] AWS=4.5kt AWA=350° Batt=100% Temp=0°C
[2026-05-31T12:55:32] [DEBUG] [calypso-direct] [on_notify] [DATA_IN] AWS=4.5kt AWA=350° Batt=100% Temp=0°C
[2026-05-31T12:55:32] [DEBUG] [calypso-direct] [on_notify] [DATA_IN] AWS=4.7kt AWA=350° Batt=100% Temp=0°C
[2026-05-31T12:55:33] [DEBUG] [calypso-direct] [on_notify] [DATA_IN] AWS=5.1kt AWA=350° Batt=100% Temp=0°C
[2026-05-31T12:55:33] [DEBUG] [calypso-direct] [on_notify] [DATA_IN] AWS=5.2kt AWA=350° Batt=100% Temp=0°C
[2026-05-31T12:55:33] [DEBUG] [calypso-direct] [on_notify] [DATA_IN] AWS=5.4kt AWA=323° Batt=100% Temp=0°C
[2026-05-31T12:55:33] [DEBUG] [calypso-direct] [on_notify] [DATA_IN] AWS=6.0kt AWA=323° Batt=100% Temp=0°C
[2026-05-31T12:55:34] [DEBUG] [calypso-direct] [on_notify] [DATA_IN] AWS=6.2kt AWA=323° Batt=100% Temp=0°C
[2026-05-31T12:55:34] [DEBUG] [calypso-direct] [on_notify] [DATA_IN] AWS=6.4kt AWA=324° Batt=100% Temp=0°C
[2026-05-31T12:55:34] [DEBUG] [calypso-direct] [on_notify] [DATA_IN] AWS=6.6kt AWA=324° Batt=100% Temp=0°C
[2026-05-31T12:55:35] [DEBUG] [calypso-direct] [on_notify] [DATA_IN] AWS=6.6kt AWA=333° Batt=100% Temp=0°C
[2026-05-31T12:55:35] [DEBUG] [calypso-direct] [on_notify] [DATA_IN] AWS=6.6kt AWA=333° Batt=100% Temp=0°C
[2026-05-31T12:55:35] [DEBUG] [calypso-direct] [on_notify] [DATA_IN] AWS=6.4kt AWA=333° Batt=100% Temp=0°C
[2026-05-31T12:55:36] [DEBUG] [calypso-direct] [on_notify] [DATA_IN] AWS=6.0kt AWA=334° Batt=100% Temp=0°C
[2026-05-31T12:55:36] [DEBUG] [calypso-direct] [on_notify] [DATA_IN] AWS=6.0kt AWA=334° Batt=100% Temp=0°C
[2026-05-31T12:55:36] [DEBUG] [calypso-direct] [on_notify] [DATA_IN] AWS=6.0kt AWA=340° Batt=100% Temp=0°C
[2026-05-31T12:55:36] [DEBUG] [calypso-direct] [on_notify] [DATA_IN] AWS=5.6kt AWA=340° Batt=100% Temp=0°C
[2026-05-31T12:55:37] [DEBUG] [calypso-direct] [on_notify] [DATA_IN] AWS=5.6kt AWA=340° Batt=100% Temp=0°C
[2026-05-31T12:55:37] [DEBUG] [calypso-direct] [on_notify] [DATA_IN] AWS=6.0kt AWA=340° Batt=100% Temp=0°C
[2026-05-31T12:55:37] [DEBUG] [calypso-direct] [on_notify] [DATA_IN] AWS=6.0kt AWA=340° Batt=100% Temp=0°C
[2026-05-31T12:55:37] [DEBUG] [calypso-direct] [on_notify] [DATA_IN] AWS=6.0kt AWA=341° Batt=100% Temp=0°C
[2026-05-31T12:55:37] [DEBUG] [calypso-direct] [on_notify] [DATA_IN] AWS=6.4kt AWA=341° Batt=100% Temp=0°C
[2026-05-31T12:55:38] [DEBUG] [calypso-direct] [on_notify] [DATA_IN] AWS=6.0kt AWA=341° Batt=100% Temp=0°C
[2026-05-31T12:55:38] [DEBUG] [calypso-direct] [on_notify] [DATA_IN] AWS=5.8kt AWA=341° Batt=100% Temp=0°C
[2026-05-31T12:55:38] [DEBUG] [calypso-direct] [on_notify] [DATA_IN] AWS=5.4kt AWA=342° Batt=100% Temp=0°C
[2026-05-31T12:55:40] [DEBUG] [calypso-direct] [on_notify] [DATA_IN] AWS=5.2kt AWA=12° Batt=100% Temp=0°C
[2026-05-31T12:55:40] [DEBUG] [calypso-direct] [on_notify] [DATA_IN] AWS=5.2kt AWA=12° Batt=100% Temp=0°C
[2026-05-31T12:55:40] [DEBUG] [calypso-direct] [on_notify] [DATA_IN] AWS=5.4kt AWA=12° Batt=100% Temp=0°C
[2026-05-31T12:55:40] [DEBUG] [calypso-direct] [on_notify] [DATA_IN] AWS=5.8kt AWA=12° Batt=100% Temp=0°C
[2026-05-31T12:55:40] [DEBUG] [calypso-direct] [on_notify] [DATA_IN] AWS=6.0kt AWA=12° Batt=100% Temp=0°C
[2026-05-31T12:55:40] [DEBUG] [calypso-direct] [on_notify] [DATA_IN] AWS=6.0kt AWA=1° Batt=100% Temp=0°C
[2026-05-31T12:55:40] [DEBUG] [calypso-direct] [on_notify] [DATA_IN] AWS=6.0kt AWA=1° Batt=100% Temp=0°C
[2026-05-31T12:55:40] [DEBUG] [calypso-direct] [on_notify] [DATA_IN] AWS=5.8kt AWA=1° Batt=100% Temp=0°C
[2026-05-31T12:55:40] [DEBUG] [calypso-direct] [on_notify] [DATA_IN] AWS=6.0kt AWA=1° Batt=100% Temp=0°C
[2026-05-31T12:55:40] [DEBUG] [calypso-direct] [on_notify] [DATA_IN] AWS=5.8kt AWA=1° Batt=100% Temp=0°C
[2026-05-31T12:55:41] [DEBUG] [calypso-direct] [on_notify] [DATA_IN] AWS=5.8kt AWA=347° Batt=100% Temp=0°C
[2026-05-31T12:55:41] [DEBUG] [calypso-direct] [on_notify] [DATA_IN] AWS=5.8kt AWA=347° Batt=100% Temp=0°C
[2026-05-31T12:55:41] [DEBUG] [calypso-direct] [on_notify] [DATA_IN] AWS=5.8kt AWA=347° Batt=100% Temp=0°C
[2026-05-31T12:55:41] [DEBUG] [calypso-direct] [on_notify] [DATA_IN] AWS=5.6kt AWA=347° Batt=100% Temp=0°C
[2026-05-31T12:55:42] [DEBUG] [calypso-direct] [on_notify] [DATA_IN] AWS=5.6kt AWA=347° Batt=100% Temp=0°C
[2026-05-31T12:55:42] [DEBUG] [calypso-direct] [on_notify] [DATA_IN] AWS=5.8kt AWA=354° Batt=100% Temp=0°C
[2026-05-31T12:55:42] [DEBUG] [calypso-direct] [on_notify] [DATA_IN] AWS=6.0kt AWA=354° Batt=100% Temp=0°C
[2026-05-31T12:55:42] [DEBUG] [calypso-direct] [on_notify] [DATA_IN] AWS=6.4kt AWA=354° Batt=100% Temp=0°C
[2026-05-31T12:55:43] [DEBUG] [calypso-direct] [on_notify] [DATA_IN] AWS=6.4kt AWA=354° Batt=100% Temp=0°C
[2026-05-31T12:55:43] [DEBUG] [calypso-direct] [on_notify] [DATA_IN] AWS=6.6kt AWA=354° Batt=100% Temp=0°C
[2026-05-31T12:55:43] [DEBUG] [calypso-direct] [on_notify] [DATA_IN] AWS=6.8kt AWA=1° Batt=100% Temp=0°C
[2026-05-31T12:55:43] [DEBUG] [calypso-direct] [on_notify] [DATA_IN] AWS=6.8kt AWA=1° Batt=100% Temp=0°C
[2026-05-31T12:55:44] [DEBUG] [calypso-direct] [on_notify] [DATA_IN] AWS=6.6kt AWA=1° Batt=100% Temp=0°C
[2026-05-31T12:55:44] [DEBUG] [calypso-direct] [on_notify] [DATA_IN] AWS=6.6kt AWA=1° Batt=100% Temp=0°C
[2026-05-31T12:55:44] [DEBUG] [calypso-direct] [on_notify] [DATA_IN] AWS=6.4kt AWA=1° Batt=100% Temp=0°C
[2026-05-31T12:55:45] [DEBUG] [calypso-direct] [on_notify] [DATA_IN] AWS=6.2kt AWA=5° Batt=100% Temp=0°C
[2026-05-31T12:55:46] [DEBUG] [calypso-direct] [on_notify] [DATA_IN] AWS=6.2kt AWA=5° Batt=100% Temp=0°C
[2026-05-31T12:55:46] [DEBUG] [calypso-direct] [on_notify] [DATA_IN] AWS=6.6kt AWA=2° Batt=100% Temp=0°C
[2026-05-31T12:55:46] [DEBUG] [calypso-direct] [on_notify] [DATA_IN] AWS=7.4kt AWA=5° Batt=100% Temp=0°C
[2026-05-31T12:55:46] [DEBUG] [calypso-direct] [on_notify] [DATA_IN] AWS=7.4kt AWA=5° Batt=100% Temp=0°C
[2026-05-31T12:55:46] [DEBUG] [calypso-direct] [on_notify] [DATA_IN] AWS=7.4kt AWA=2° Batt=100% Temp=0°C
[2026-05-31T12:55:47] [DEBUG] [calypso-direct] [on_notify] [DATA_IN] AWS=7.4kt AWA=354° Batt=100% Temp=0°C
[2026-05-31T12:55:47] [DEBUG] [calypso-direct] [on_notify] [DATA_IN] AWS=7.2kt AWA=354° Batt=100% Temp=0°C
[2026-05-31T12:55:47] [DEBUG] [calypso-direct] [on_notify] [DATA_IN] AWS=7.2kt AWA=354° Batt=100% Temp=0°C
[2026-05-31T12:55:47] [DEBUG] [calypso-direct] [on_notify] [DATA_IN] AWS=7.0kt AWA=354° Batt=100% Temp=0°C
[2026-05-31T12:55:47] [DEBUG] [calypso-direct] [on_notify] [DATA_IN] AWS=7.2kt AWA=12° Batt=100% Temp=0°C
[2026-05-31T12:55:47] [DEBUG] [calypso-direct] [on_notify] [DATA_IN] AWS=7.2kt AWA=0° Batt=100% Temp=0°C
[2026-05-31T12:55:47] [DEBUG] [calypso-direct] [on_notify] [DATA_IN] AWS=7.4kt AWA=12° Batt=100% Temp=0°C
[2026-05-31T12:55:48] [DEBUG] [calypso-direct] [on_notify] [DATA_IN] AWS=7.6kt AWA=12° Batt=100% Temp=0°C
[2026-05-31T12:55:48] [DEBUG] [calypso-direct] [on_notify] [DATA_IN] AWS=7.6kt AWA=12° Batt=100% Temp=0°C
[2026-05-31T12:55:48] [DEBUG] [calypso-direct] [on_notify] [DATA_IN] AWS=7.6kt AWA=15° Batt=100% Temp=0°C
[2026-05-31T12:55:49] [DEBUG] [calypso-direct] [on_notify] [DATA_IN] AWS=7.4kt AWA=11° Batt=100% Temp=0°C
[2026-05-31T12:55:49] [DEBUG] [calypso-direct] [on_notify] [DATA_IN] AWS=7.0kt AWA=11° Batt=100% Temp=0°C
[2026-05-31T12:55:50] [DEBUG] [calypso-direct] [on_notify] [DATA_IN] AWS=7.0kt AWA=14° Batt=100% Temp=0°C
[2026-05-31T12:55:50] [DEBUG] [calypso-direct] [on_notify] [DATA_IN] AWS=7.0kt AWA=14° Batt=100% Temp=0°C
[2026-05-31T12:55:50] [DEBUG] [calypso-direct] [on_notify] [DATA_IN] AWS=7.0kt AWA=8° Batt=100% Temp=0°C
[2026-05-31T12:55:50] [DEBUG] [calypso-direct] [on_notify] [DATA_IN] AWS=7.0kt AWA=8° Batt=100% Temp=0°C
[2026-05-31T12:55:50] [DEBUG] [calypso-direct] [on_notify] [DATA_IN] AWS=7.0kt AWA=7° Batt=100% Temp=0°C
[2026-05-31T12:55:51] [DEBUG] [calypso-direct] [on_notify] [DATA_IN] AWS=6.8kt AWA=7° Batt=100% Temp=0°C
[2026-05-31T12:55:51] [DEBUG] [calypso-direct] [on_notify] [DATA_IN] AWS=6.8kt AWA=7° Batt=100% Temp=0°C
[2026-05-31T12:55:51] [DEBUG] [calypso-direct] [on_notify] [DATA_IN] AWS=6.6kt AWA=4° Batt=100% Temp=0°C
[2026-05-31T12:55:51] [DEBUG] [calypso-direct] [on_notify] [DATA_IN] AWS=6.6kt AWA=7° Batt=100% Temp=0°C
[2026-05-31T12:55:52] [DEBUG] [calypso-direct] [on_notify] [DATA_IN] AWS=6.8kt AWA=7° Batt=100% Temp=0°C
[2026-05-31T12:55:52] [DEBUG] [calypso-direct] [on_notify] [DATA_IN] AWS=7.0kt AWA=7° Batt=100% Temp=0°C
[2026-05-31T12:55:52] [DEBUG] [calypso-direct] [on_notify] [DATA_IN] AWS=7.2kt AWA=7° Batt=100% Temp=0°C
[2026-05-31T12:55:52] [DEBUG] [calypso-direct] [on_notify] [DATA_IN] AWS=7.4kt AWA=11° Batt=100% Temp=0°C
[2026-05-31T12:55:52] [DEBUG] [calypso-direct] [on_notify] [DATA_IN] AWS=7.4kt AWA=14° Batt=100% Temp=0°C
[2026-05-31T12:55:53] [DEBUG] [calypso-direct] [on_notify] [DATA_IN] AWS=7.4kt AWA=19° Batt=100% Temp=0°C
[2026-05-31T12:55:53] [DEBUG] [calypso-direct] [on_notify] [DATA_IN] AWS=7.8kt AWA=19° Batt=100% Temp=0°C
[2026-05-31T12:55:53] [DEBUG] [calypso-direct] [on_notify] [DATA_IN] AWS=7.8kt AWA=21° Batt=100% Temp=0°C
[2026-05-31T12:55:54] [DEBUG] [calypso-direct] [on_notify] [DATA_IN] AWS=8.4kt AWA=19° Batt=100% Temp=0°C
[2026-05-31T12:55:54] [DEBUG] [calypso-direct] [on_notify] [DATA_IN] AWS=8.4kt AWA=19° Batt=100% Temp=0°C
[2026-05-31T12:55:54] [DEBUG] [calypso-direct] [on_notify] [DATA_IN] AWS=8.4kt AWA=19° Batt=100% Temp=0°C
[2026-05-31T12:55:54] [DEBUG] [calypso-direct] [on_notify] [DATA_IN] AWS=8.4kt AWA=19° Batt=100% Temp=0°C
[2026-05-31T12:55:55] [DEBUG] [calypso-direct] [on_notify] [DATA_IN] AWS=8.4kt AWA=19° Batt=100% Temp=0°C
[2026-05-31T12:55:55] [DEBUG] [calypso-direct] [on_notify] [DATA_IN] AWS=9.7kt AWA=19° Batt=100% Temp=0°C
[2026-05-31T12:55:55] [DEBUG] [calypso-direct] [on_notify] [DATA_IN] AWS=9.9kt AWA=25° Batt=100% Temp=0°C
[2026-05-31T12:55:55] [DEBUG] [calypso-direct] [on_notify] [DATA_IN] AWS=9.9kt AWA=25° Batt=100% Temp=0°C
[2026-05-31T12:55:56] [DEBUG] [calypso-direct] [on_notify] [DATA_IN] AWS=9.9kt AWA=25° Batt=100% Temp=0°C
[2026-05-31T12:55:56] [DEBUG] [calypso-direct] [on_notify] [DATA_IN] AWS=9.9kt AWA=25° Batt=100% Temp=0°C
[2026-05-31T12:55:56] [DEBUG] [calypso-direct] [on_notify] [DATA_IN] AWS=9.3kt AWA=25° Batt=100% Temp=0°C
[2026-05-31T12:55:56] [DEBUG] [calypso-direct] [on_notify] [DATA_IN] AWS=9.1kt AWA=25° Batt=100% Temp=0°C
[2026-05-31T12:55:57] [DEBUG] [calypso-direct] [on_notify] [DATA_IN] AWS=8.6kt AWA=25° Batt=100% Temp=0°C
[2026-05-31T12:55:57] [DEBUG] [calypso-direct] [on_notify] [DATA_IN] AWS=8.6kt AWA=24° Batt=100% Temp=0°C
[2026-05-31T12:55:57] [DEBUG] [calypso-direct] [on_notify] [DATA_IN] AWS=8.6kt AWA=21° Batt=100% Temp=0°C
[2026-05-31T12:55:57] [DEBUG] [calypso-direct] [on_notify] [DATA_IN] AWS=9.1kt AWA=21° Batt=100% Temp=0°C
[2026-05-31T12:55:57] [DEBUG] [calypso-direct] [on_notify] [DATA_IN] AWS=9.5kt AWA=21° Batt=100% Temp=0°C
[2026-05-31T12:55:58] [DEBUG] [calypso-direct] [on_notify] [DATA_IN] AWS=9.5kt AWA=23° Batt=100% Temp=0°C
[2026-05-31T12:55:58] [DEBUG] [calypso-direct] [on_notify] [DATA_IN] AWS=9.3kt AWA=25° Batt=100% Temp=0°C
[2026-05-31T12:55:59] [DEBUG] [calypso-direct] [on_notify] [DATA_IN] AWS=9.3kt AWA=25° Batt=100% Temp=0°C
[2026-05-31T12:55:59] [DEBUG] [calypso-direct] [on_notify] [DATA_IN] AWS=8.7kt AWA=26° Batt=100% Temp=0°C
[2026-05-31T12:55:59] [DEBUG] [calypso-direct] [on_notify] [DATA_IN] AWS=8.7kt AWA=27° Batt=100% Temp=0°C
[2026-05-31T12:55:59] [DEBUG] [calypso-direct] [on_notify] [DATA_IN] AWS=8.7kt AWA=32° Batt=100% Temp=0°C
[2026-05-31T12:56:00] [DEBUG] [calypso-direct] [on_notify] [DATA_IN] AWS=8.7kt AWA=32° Batt=100% Temp=0°C
[2026-05-31T12:56:00] [DEBUG] [calypso-direct] [on_notify] [DATA_IN] AWS=8.7kt AWA=32° Batt=100% Temp=0°C
[2026-05-31T12:56:00] [DEBUG] [calypso-direct] [on_notify] [DATA_IN] AWS=8.7kt AWA=31° Batt=100% Temp=0°C
[2026-05-31T12:56:00] [DEBUG] [calypso-direct] [on_notify] [DATA_IN] AWS=8.6kt AWA=29° Batt=100% Temp=0°C
[2026-05-31T12:56:00] [DEBUG] [calypso-direct] [on_notify] [DATA_IN] AWS=8.6kt AWA=29° Batt=100% Temp=0°C
[2026-05-31T12:56:00] [DEBUG] [calypso-direct] [on_notify] [DATA_IN] AWS=8.6kt AWA=29° Batt=100% Temp=0°C
[2026-05-31T12:56:00] [DEBUG] [calypso-direct] [on_notify] [DATA_IN] AWS=8.7kt AWA=29° Batt=100% Temp=0°C
[2026-05-31T12:56:01] [DEBUG] [calypso-direct] [on_notify] [DATA_IN] AWS=8.9kt AWA=32° Batt=100% Temp=0°C
[2026-05-31T12:56:01] [DEBUG] [calypso-direct] [on_notify] [DATA_IN] AWS=8.9kt AWA=33° Batt=100% Temp=0°C
[2026-05-31T12:56:01] [DEBUG] [calypso-direct] [on_notify] [DATA_IN] AWS=8.9kt AWA=33° Batt=100% Temp=0°C
[2026-05-31T12:56:01] [DEBUG] [calypso-direct] [on_notify] [DATA_IN] AWS=8.9kt AWA=35° Batt=100% Temp=0°C
[2026-05-31T12:56:01] [DEBUG] [calypso-direct] [on_notify] [DATA_IN] AWS=8.9kt AWA=37° Batt=100% Temp=0°C
[2026-05-31T12:56:02] [DEBUG] [calypso-direct] [on_notify] [DATA_IN] AWS=8.9kt AWA=37° Batt=100% Temp=0°C
[2026-05-31T12:56:02] [DEBUG] [calypso-direct] [on_notify] [DATA_IN] AWS=9.1kt AWA=38° Batt=100% Temp=0°C
[2026-05-31T12:56:02] [DEBUG] [calypso-direct] [on_notify] [DATA_IN] AWS=9.7kt AWA=40° Batt=100% Temp=0°C
[2026-05-31T12:56:03] [DEBUG] [calypso-direct] [on_notify] [DATA_IN] AWS=9.7kt AWA=40° Batt=100% Temp=0°C
[2026-05-31T12:56:03] [DEBUG] [calypso-direct] [on_notify] [DATA_IN] AWS=10.3kt AWA=40° Batt=100% Temp=0°C
[2026-05-31T12:56:03] [DEBUG] [calypso-direct] [on_notify] [DATA_IN] AWS=10.3kt AWA=43° Batt=100% Temp=0°C
[2026-05-31T12:56:03] [DEBUG] [calypso-direct] [on_notify] [DATA_IN] AWS=10.3kt AWA=43° Batt=100% Temp=0°C
[2026-05-31T12:56:04] [DEBUG] [calypso-direct] [on_notify] [DATA_IN] AWS=9.9kt AWA=43° Batt=100% Temp=0°C
[2026-05-31T12:56:04] [DEBUG] [calypso-direct] [on_notify] [DATA_IN] AWS=9.3kt AWA=43° Batt=100% Temp=0°C
[2026-05-31T12:56:04] [DEBUG] [calypso-direct] [on_notify] [DATA_IN] AWS=9.3kt AWA=43° Batt=100% Temp=0°C
[2026-05-31T12:56:05] [DEBUG] [calypso-direct] [on_notify] [DATA_IN] AWS=9.3kt AWA=43° Batt=100% Temp=0°C
[2026-05-31T12:56:05] [DEBUG] [calypso-direct] [on_notify] [DATA_IN] AWS=9.3kt AWA=43° Batt=100% Temp=0°C
[2026-05-31T12:56:07] [DEBUG] [calypso-direct] [on_notify] [DATA_IN] AWS=9.3kt AWA=44° Batt=100% Temp=0°C
[2026-05-31T12:56:07] [DEBUG] [calypso-direct] [on_notify] [DATA_IN] AWS=9.3kt AWA=48° Batt=100% Temp=0°C
[2026-05-31T12:56:07] [DEBUG] [calypso-direct] [on_notify] [DATA_IN] AWS=9.3kt AWA=48° Batt=100% Temp=0°C
[2026-05-31T12:56:07] [DEBUG] [calypso-direct] [on_notify] [DATA_IN] AWS=8.9kt AWA=48° Batt=100% Temp=0°C
[2026-05-31T12:56:07] [DEBUG] [calypso-direct] [on_notify] [DATA_IN] AWS=8.9kt AWA=48° Batt=100% Temp=0°C
[2026-05-31T12:56:07] [DEBUG] [calypso-direct] [on_notify] [DATA_IN] AWS=8.9kt AWA=46° Batt=100% Temp=0°C
[2026-05-31T12:56:07] [DEBUG] [calypso-direct] [on_notify] [DATA_IN] AWS=9.3kt AWA=46° Batt=100% Temp=0°C
[2026-05-31T12:56:07] [DEBUG] [calypso-direct] [on_notify] [DATA_IN] AWS=9.5kt AWA=46° Batt=100% Temp=0°C
[2026-05-31T12:56:07] [DEBUG] [calypso-direct] [on_notify] [DATA_IN] AWS=9.7kt AWA=45° Batt=100% Temp=0°C
[2026-05-31T12:56:08] [DEBUG] [calypso-direct] [on_notify] [DATA_IN] AWS=9.9kt AWA=45° Batt=100% Temp=0°C
[2026-05-31T12:56:08] [DEBUG] [calypso-direct] [on_notify] [DATA_IN] AWS=10.3kt AWA=46° Batt=100% Temp=0°C
[2026-05-31T12:56:08] [DEBUG] [calypso-direct] [on_notify] [DATA_IN] AWS=10.3kt AWA=46° Batt=100% Temp=0°C
[2026-05-31T12:56:08] [DEBUG] [calypso-direct] [on_notify] [DATA_IN] AWS=10.5kt AWA=47° Batt=100% Temp=0°C
[2026-05-31T12:56:09] [DEBUG] [calypso-direct] [on_notify] [DATA_IN] AWS=10.5kt AWA=47° Batt=100% Temp=0°C
[2026-05-31T12:56:09] [DEBUG] [calypso-direct] [on_notify] [DATA_IN] AWS=10.5kt AWA=49° Batt=100% Temp=0°C
[2026-05-31T12:56:09] [DEBUG] [calypso-direct] [on_notify] [DATA_IN] AWS=10.5kt AWA=49° Batt=100% Temp=0°C
[2026-05-31T12:56:09] [DEBUG] [calypso-direct] [on_notify] [DATA_IN] AWS=10.3kt AWA=54° Batt=100% Temp=0°C
[2026-05-31T12:56:09] [DEBUG] [calypso-direct] [on_notify] [DATA_IN] AWS=10.1kt AWA=55° Batt=100% Temp=0°C
[2026-05-31T12:56:09] [DEBUG] [calypso-direct] [on_notify] [DATA_IN] AWS=9.7kt AWA=55° Batt=100% Temp=0°C
[2026-05-31T12:56:10] [DEBUG] [calypso-direct] [on_notify] [DATA_IN] AWS=9.7kt AWA=55° Batt=100% Temp=0°C
[2026-05-31T12:56:10] [DEBUG] [calypso-direct] [on_notify] [DATA_IN] AWS=9.5kt AWA=55° Batt=100% Temp=0°C
[2026-05-31T12:56:11] [DEBUG] [calypso-direct] [on_notify] [DATA_IN] AWS=9.5kt AWA=56° Batt=100% Temp=0°C
[2026-05-31T12:56:11] [DEBUG] [calypso-direct] [on_notify] [DATA_IN] AWS=9.1kt AWA=56° Batt=100% Temp=0°C
[2026-05-31T12:56:11] [DEBUG] [calypso-direct] [on_notify] [DATA_IN] AWS=8.7kt AWA=56° Batt=100% Temp=0°C
[2026-05-31T12:56:11] [DEBUG] [calypso-direct] [on_notify] [DATA_IN] AWS=8.7kt AWA=54° Batt=100% Temp=0°C
[2026-05-31T12:56:13] [DEBUG] [calypso-direct] [on_notify] [DATA_IN] AWS=8.6kt AWA=52° Batt=100% Temp=0°C
[2026-05-31T12:56:13] [DEBUG] [calypso-direct] [on_notify] [DATA_IN] AWS=8.6kt AWA=52° Batt=100% Temp=0°C
[2026-05-31T12:56:14] [DEBUG] [calypso-direct] [on_notify] [DATA_IN] AWS=8.6kt AWA=53° Batt=100% Temp=0°C
[2026-05-31T12:56:14] [DEBUG] [calypso-direct] [on_notify] [DATA_IN] AWS=8.9kt AWA=54° Batt=100% Temp=0°C
[2026-05-31T12:56:14] [DEBUG] [calypso-direct] [on_notify] [DATA_IN] AWS=9.7kt AWA=54° Batt=100% Temp=0°C
[2026-05-31T12:56:14] [DEBUG] [calypso-direct] [on_notify] [DATA_IN] AWS=9.7kt AWA=54° Batt=100% Temp=0°C
[2026-05-31T12:56:14] [DEBUG] [calypso-direct] [on_notify] [DATA_IN] AWS=10.1kt AWA=54° Batt=100% Temp=0°C
[2026-05-31T12:56:15] [DEBUG] [calypso-direct] [on_notify] [DATA_IN] AWS=10.1kt AWA=54° Batt=100% Temp=0°C
[2026-05-31T12:56:15] [DEBUG] [calypso-direct] [on_notify] [DATA_IN] AWS=10.1kt AWA=54° Batt=100% Temp=0°C
[2026-05-31T12:56:15] [DEBUG] [calypso-direct] [on_notify] [DATA_IN] AWS=9.3kt AWA=54° Batt=100% Temp=0°C
[2026-05-31T12:56:15] [DEBUG] [calypso-direct] [on_notify] [DATA_IN] AWS=8.9kt AWA=54° Batt=100% Temp=0°C
[2026-05-31T12:56:15] [DEBUG] [calypso-direct] [on_notify] [DATA_IN] AWS=8.7kt AWA=54° Batt=100% Temp=0°C
[2026-05-31T12:56:16] [DEBUG] [calypso-direct] [on_notify] [DATA_IN] AWS=8.7kt AWA=53° Batt=100% Temp=0°C
[2026-05-31T12:56:16] [DEBUG] [calypso-direct] [on_notify] [DATA_IN] AWS=8.7kt AWA=53° Batt=100% Temp=0°C
[2026-05-31T12:56:16] [DEBUG] [calypso-direct] [on_notify] [DATA_IN] AWS=8.7kt AWA=53° Batt=100% Temp=0°C
[2026-05-31T12:56:16] [DEBUG] [calypso-direct] [on_notify] [DATA_IN] AWS=9.1kt AWA=53° Batt=100% Temp=0°C
[2026-05-31T12:56:16] [DEBUG] [calypso-direct] [on_notify] [DATA_IN] AWS=9.5kt AWA=53° Batt=100% Temp=0°C
[2026-05-31T12:56:16] [DEBUG] [calypso-direct] [on_notify] [DATA_IN] AWS=9.5kt AWA=56° Batt=100% Temp=0°C
[2026-05-31T12:56:17] [DEBUG] [calypso-direct] [on_notify] [DATA_IN] AWS=10.1kt AWA=56° Batt=100% Temp=0°C
[2026-05-31T12:56:17] [DEBUG] [calypso-direct] [on_notify] [DATA_IN] AWS=10.1kt AWA=56° Batt=100% Temp=0°C
[2026-05-31T12:56:17] [DEBUG] [calypso-direct] [on_notify] [DATA_IN] AWS=10.1kt AWA=56° Batt=100% Temp=0°C
[2026-05-31T12:56:17] [DEBUG] [calypso-direct] [on_notify] [DATA_IN] AWS=9.7kt AWA=55° Batt=100% Temp=0°C
[2026-05-31T12:56:17] [DEBUG] [calypso-direct] [on_notify] [DATA_IN] AWS=9.5kt AWA=55° Batt=100% Temp=0°C
[2026-05-31T12:56:18] [DEBUG] [calypso-direct] [on_notify] [DATA_IN] AWS=8.6kt AWA=54° Batt=100% Temp=0°C
[2026-05-31T12:56:18] [DEBUG] [calypso-direct] [on_notify] [DATA_IN] AWS=8.4kt AWA=54° Batt=100% Temp=0°C
[2026-05-31T12:56:18] [DEBUG] [calypso-direct] [on_notify] [DATA_IN] AWS=8.2kt AWA=53° Batt=100% Temp=0°C
[2026-05-31T12:56:18] [DEBUG] [calypso-direct] [on_notify] [DATA_IN] AWS=7.8kt AWA=52° Batt=100% Temp=0°C
[2026-05-31T12:56:19] [DEBUG] [calypso-direct] [on_notify] [DATA_IN] AWS=7.8kt AWA=52° Batt=100% Temp=0°C
[2026-05-31T12:56:19] [DEBUG] [calypso-direct] [on_notify] [DATA_IN] AWS=8.2kt AWA=52° Batt=100% Temp=0°C
[2026-05-31T12:56:19] [DEBUG] [calypso-direct] [on_notify] [DATA_IN] AWS=8.6kt AWA=53° Batt=100% Temp=0°C
[2026-05-31T12:56:19] [DEBUG] [calypso-direct] [on_notify] [DATA_IN] AWS=8.7kt AWA=56° Batt=100% Temp=0°C
[2026-05-31T12:56:19] [DEBUG] [calypso-direct] [on_notify] [DATA_IN] AWS=8.7kt AWA=56° Batt=100% Temp=0°C
[2026-05-31T12:56:20] [DEBUG] [calypso-direct] [on_notify] [DATA_IN] AWS=8.7kt AWA=56° Batt=100% Temp=0°C
[2026-05-31T12:56:20] [DEBUG] [calypso-direct] [on_notify] [DATA_IN] AWS=8.7kt AWA=54° Batt=100% Temp=0°C
[2026-05-31T12:56:20] [DEBUG] [calypso-direct] [on_notify] [DATA_IN] AWS=8.4kt AWA=54° Batt=100% Temp=0°C
[2026-05-31T12:56:20] [DEBUG] [calypso-direct] [on_notify] [DATA_IN] AWS=8.2kt AWA=53° Batt=100% Temp=0°C
[2026-05-31T12:56:20] [DEBUG] [calypso-direct] [on_notify] [DATA_IN] AWS=8.0kt AWA=52° Batt=100% Temp=0°C
[2026-05-31T12:56:21] [DEBUG] [calypso-direct] [on_notify] [DATA_IN] AWS=7.8kt AWA=51° Batt=100% Temp=0°C
[2026-05-31T12:56:21] [DEBUG] [calypso-direct] [on_notify] [DATA_IN] AWS=7.8kt AWA=49° Batt=100% Temp=0°C
[2026-05-31T12:56:21] [DEBUG] [calypso-direct] [on_notify] [DATA_IN] AWS=7.8kt AWA=49° Batt=100% Temp=0°C
[2026-05-31T12:56:21] [DEBUG] [calypso-direct] [on_notify] [DATA_IN] AWS=7.8kt AWA=51° Batt=100% Temp=0°C
[2026-05-31T12:56:21] [DEBUG] [calypso-direct] [on_notify] [DATA_IN] AWS=7.8kt AWA=52° Batt=100% Temp=0°C
[2026-05-31T12:56:23] [DEBUG] [calypso-direct] [on_notify] [DATA_IN] AWS=7.8kt AWA=54° Batt=100% Temp=0°C
[2026-05-31T12:56:23] [DEBUG] [calypso-direct] [on_notify] [DATA_IN] AWS=8.6kt AWA=55° Batt=100% Temp=0°C
[2026-05-31T12:56:23] [DEBUG] [calypso-direct] [on_notify] [DATA_IN] AWS=8.9kt AWA=56° Batt=100% Temp=0°C
[2026-05-31T12:56:23] [DEBUG] [calypso-direct] [on_notify] [DATA_IN] AWS=9.1kt AWA=56° Batt=100% Temp=0°C
[2026-05-31T12:56:23] [DEBUG] [calypso-direct] [on_notify] [DATA_IN] AWS=9.1kt AWA=55° Batt=100% Temp=0°C
[2026-05-31T12:56:24] [DEBUG] [calypso-direct] [on_notify] [DATA_IN] AWS=8.9kt AWA=55° Batt=100% Temp=0°C
[2026-05-31T12:56:24] [DEBUG] [calypso-direct] [on_notify] [DATA_IN] AWS=8.4kt AWA=55° Batt=100% Temp=0°C
[2026-05-31T12:56:24] [DEBUG] [calypso-direct] [on_notify] [DATA_IN] AWS=8.4kt AWA=52° Batt=100% Temp=0°C
[2026-05-31T12:56:24] [DEBUG] [calypso-direct] [on_notify] [DATA_IN] AWS=8.2kt AWA=51° Batt=100% Temp=0°C
[2026-05-31T12:56:24] [DEBUG] [calypso-direct] [on_notify] [DATA_IN] AWS=8.2kt AWA=49° Batt=100% Temp=0°C
[2026-05-31T12:56:24] [DEBUG] [calypso-direct] [on_notify] [DATA_IN] AWS=8.2kt AWA=49° Batt=100% Temp=0°C
[2026-05-31T12:56:26] [DEBUG] [calypso-direct] [on_notify] [DATA_IN] AWS=8.4kt AWA=49° Batt=100% Temp=0°C
[2026-05-31T12:56:26] [DEBUG] [calypso-direct] [on_notify] [DATA_IN] AWS=8.6kt AWA=49° Batt=100% Temp=0°C
[2026-05-31T12:56:26] [DEBUG] [calypso-direct] [on_notify] [DATA_IN] AWS=9.3kt AWA=54° Batt=100% Temp=0°C
[2026-05-31T12:56:26] [DEBUG] [calypso-direct] [on_notify] [DATA_IN] AWS=9.3kt AWA=54° Batt=100% Temp=0°C
[2026-05-31T12:56:26] [DEBUG] [calypso-direct] [on_notify] [DATA_IN] AWS=9.3kt AWA=54° Batt=100% Temp=0°C
[2026-05-31T12:56:27] [DEBUG] [calypso-direct] [on_notify] [DATA_IN] AWS=9.1kt AWA=54° Batt=100% Temp=0°C
[2026-05-31T12:56:27] [DEBUG] [calypso-direct] [on_notify] [DATA_IN] AWS=9.1kt AWA=54° Batt=100% Temp=0°C
[2026-05-31T12:56:27] [DEBUG] [calypso-direct] [on_notify] [DATA_IN] AWS=8.9kt AWA=54° Batt=100% Temp=0°C
[2026-05-31T12:56:27] [DEBUG] [calypso-direct] [on_notify] [DATA_IN] AWS=8.7kt AWA=54° Batt=100% Temp=0°C
[2026-05-31T12:56:27] [DEBUG] [calypso-direct] [on_notify] [DATA_IN] AWS=8.6kt AWA=52° Batt=100% Temp=0°C
[2026-05-31T12:56:27] [DEBUG] [calypso-direct] [on_notify] [DATA_IN] AWS=8.2kt AWA=47° Batt=100% Temp=0°C
[2026-05-31T12:56:27] [DEBUG] [calypso-direct] [on_notify] [DATA_IN] AWS=8.0kt AWA=47° Batt=100% Temp=0°C
[2026-05-31T12:56:27] [DEBUG] [calypso-direct] [on_notify] [DATA_IN] AWS=7.6kt AWA=47° Batt=100% Temp=0°C
[2026-05-31T12:56:28] [DEBUG] [calypso-direct] [on_notify] [DATA_IN] AWS=7.6kt AWA=49° Batt=100% Temp=0°C
[2026-05-31T12:56:28] [DEBUG] [calypso-direct] [on_notify] [DATA_IN] AWS=7.6kt AWA=49° Batt=100% Temp=0°C
[2026-05-31T12:56:29] [DEBUG] [calypso-direct] [on_notify] [DATA_IN] AWS=8.0kt AWA=49° Batt=100% Temp=0°C
[2026-05-31T12:56:29] [DEBUG] [calypso-direct] [on_notify] [DATA_IN] AWS=8.2kt AWA=49° Batt=100% Temp=0°C
[2026-05-31T12:56:30] [DEBUG] [calypso-direct] [on_notify] [DATA_IN] AWS=8.6kt AWA=50° Batt=100% Temp=0°C
[2026-05-31T12:56:30] [DEBUG] [calypso-direct] [on_notify] [DATA_IN] AWS=9.1kt AWA=49° Batt=100% Temp=0°C
[2026-05-31T12:56:30] [DEBUG] [calypso-direct] [on_notify] [DATA_IN] AWS=9.1kt AWA=49° Batt=100% Temp=0°C
[2026-05-31T12:56:30] [DEBUG] [calypso-direct] [on_notify] [DATA_IN] AWS=9.1kt AWA=48° Batt=100% Temp=0°C
[2026-05-31T12:56:30] [DEBUG] [calypso-direct] [on_notify] [DATA_IN] AWS=8.7kt AWA=48° Batt=100% Temp=0°C
[2026-05-31T12:56:30] [DEBUG] [calypso-direct] [on_notify] [DATA_IN] AWS=8.0kt AWA=48° Batt=100% Temp=0°C
[2026-05-31T12:56:30] [DEBUG] [calypso-direct] [on_notify] [DATA_IN] AWS=7.6kt AWA=48° Batt=100% Temp=0°C
[2026-05-31T12:56:30] [DEBUG] [calypso-direct] [on_notify] [DATA_IN] AWS=7.4kt AWA=48° Batt=100% Temp=0°C
[2026-05-31T12:56:31] [DEBUG] [calypso-direct] [on_notify] [DATA_IN] AWS=7.2kt AWA=46° Batt=100% Temp=0°C
[2026-05-31T12:56:31] [DEBUG] [calypso-direct] [on_notify] [DATA_IN] AWS=7.2kt AWA=46° Batt=100% Temp=0°C
[2026-05-31T12:56:32] [DEBUG] [calypso-direct] [on_notify] [DATA_IN] AWS=7.2kt AWA=46° Batt=100% Temp=0°C
[2026-05-31T12:56:32] [DEBUG] [calypso-direct] [on_notify] [DATA_IN] AWS=7.4kt AWA=47° Batt=100% Temp=0°C
[2026-05-31T12:56:33] [DEBUG] [calypso-direct] [on_notify] [DATA_IN] AWS=7.4kt AWA=48° Batt=100% Temp=0°C
[2026-05-31T12:56:33] [DEBUG] [calypso-direct] [on_notify] [DATA_IN] AWS=7.8kt AWA=49° Batt=100% Temp=0°C
[2026-05-31T12:56:33] [DEBUG] [calypso-direct] [on_notify] [DATA_IN] AWS=8.2kt AWA=50° Batt=100% Temp=0°C
[2026-05-31T12:56:33] [DEBUG] [calypso-direct] [on_notify] [DATA_IN] AWS=8.2kt AWA=50° Batt=100% Temp=0°C
[2026-05-31T12:56:33] [DEBUG] [calypso-direct] [on_notify] [DATA_IN] AWS=8.2kt AWA=51° Batt=100% Temp=0°C
[2026-05-31T12:56:34] [DEBUG] [calypso-direct] [on_notify] [DATA_IN] AWS=8.0kt AWA=51° Batt=100% Temp=0°C
[2026-05-31T12:56:34] [DEBUG] [calypso-direct] [on_notify] [DATA_IN] AWS=8.0kt AWA=51° Batt=100% Temp=0°C
[2026-05-31T12:56:34] [DEBUG] [calypso-direct] [on_notify] [DATA_IN] AWS=7.6kt AWA=51° Batt=100% Temp=0°C
[2026-05-31T12:56:34] [DEBUG] [calypso-direct] [on_notify] [DATA_IN] AWS=7.0kt AWA=49° Batt=100% Temp=0°C
[2026-05-31T12:56:34] [DEBUG] [calypso-direct] [on_notify] [DATA_IN] AWS=6.8kt AWA=48° Batt=100% Temp=0°C
[2026-05-31T12:56:35] [DEBUG] [calypso-direct] [on_notify] [DATA_IN] AWS=6.8kt AWA=48° Batt=100% Temp=0°C
[2026-05-31T12:56:35] [DEBUG] [calypso-direct] [on_notify] [DATA_IN] AWS=6.8kt AWA=48° Batt=100% Temp=0°C
[2026-05-31T12:56:35] [DEBUG] [calypso-direct] [on_notify] [DATA_IN] AWS=7.0kt AWA=48° Batt=100% Temp=0°C
[2026-05-31T12:56:36] [DEBUG] [calypso-direct] [on_notify] [DATA_IN] AWS=7.2kt AWA=50° Batt=100% Temp=0°C
[2026-05-31T12:56:36] [DEBUG] [calypso-direct] [on_notify] [DATA_IN] AWS=8.0kt AWA=51° Batt=100% Temp=0°C
[2026-05-31T12:56:36] [DEBUG] [calypso-direct] [on_notify] [DATA_IN] AWS=8.2kt AWA=51° Batt=100% Temp=0°C
[2026-05-31T12:56:36] [DEBUG] [calypso-direct] [on_notify] [DATA_IN] AWS=8.7kt AWA=51° Batt=100% Temp=0°C
[2026-05-31T12:56:37] [DEBUG] [calypso-direct] [on_notify] [DATA_IN] AWS=8.7kt AWA=51° Batt=100% Temp=0°C
[2026-05-31T12:56:37] [DEBUG] [calypso-direct] [on_notify] [DATA_IN] AWS=8.7kt AWA=51° Batt=100% Temp=0°C
[2026-05-31T12:56:37] [DEBUG] [calypso-direct] [on_notify] [DATA_IN] AWS=8.4kt AWA=51° Batt=100% Temp=0°C
[2026-05-31T12:56:37] [DEBUG] [calypso-direct] [on_notify] [DATA_IN] AWS=8.2kt AWA=51° Batt=100% Temp=0°C
[2026-05-31T12:56:37] [DEBUG] [calypso-direct] [on_notify] [DATA_IN] AWS=7.8kt AWA=51° Batt=100% Temp=0°C
[2026-05-31T12:56:37] [DEBUG] [calypso-direct] [on_notify] [DATA_IN] AWS=6.8kt AWA=51° Batt=100% Temp=0°C
[2026-05-31T12:56:37] [DEBUG] [calypso-direct] [on_notify] [DATA_IN] AWS=6.8kt AWA=48° Batt=100% Temp=0°C
[2026-05-31T12:56:37] [DEBUG] [calypso-direct] [on_notify] [DATA_IN] AWS=6.8kt AWA=46° Batt=100% Temp=0°C
[2026-05-31T12:56:39] [DEBUG] [calypso-direct] [on_notify] [DATA_IN] AWS=7.0kt AWA=46° Batt=100% Temp=0°C
[2026-05-31T12:56:39] [DEBUG] [calypso-direct] [on_notify] [DATA_IN] AWS=7.0kt AWA=46° Batt=100% Temp=0°C
[2026-05-31T12:56:40] [DEBUG] [calypso-direct] [on_notify] [DATA_IN] AWS=7.6kt AWA=46° Batt=100% Temp=0°C
[2026-05-31T12:56:40] [DEBUG] [calypso-direct] [on_notify] [DATA_IN] AWS=8.2kt AWA=51° Batt=100% Temp=0°C
[2026-05-31T12:56:40] [DEBUG] [calypso-direct] [on_notify] [DATA_IN] AWS=8.4kt AWA=51° Batt=100% Temp=0°C
[2026-05-31T12:56:40] [DEBUG] [calypso-direct] [on_notify] [DATA_IN] AWS=8.4kt AWA=53° Batt=100% Temp=0°C
[2026-05-31T12:56:40] [DEBUG] [calypso-direct] [on_notify] [DATA_IN] AWS=8.2kt AWA=53° Batt=100% Temp=0°C
[2026-05-31T12:56:41] [DEBUG] [calypso-direct] [on_notify] [DATA_IN] AWS=8.0kt AWA=53° Batt=100% Temp=0°C
[2026-05-31T12:56:41] [DEBUG] [calypso-direct] [on_notify] [DATA_IN] AWS=7.8kt AWA=53° Batt=100% Temp=0°C
[2026-05-31T12:56:41] [DEBUG] [calypso-direct] [on_notify] [DATA_IN] AWS=7.8kt AWA=50° Batt=100% Temp=0°C
[2026-05-31T12:56:41] [DEBUG] [calypso-direct] [on_notify] [DATA_IN] AWS=7.2kt AWA=46° Batt=100% Temp=0°C
[2026-05-31T12:56:41] [DEBUG] [calypso-direct] [on_notify] [DATA_IN] AWS=7.2kt AWA=45° Batt=100% Temp=0°C
[2026-05-31T12:56:41] [DEBUG] [calypso-direct] [on_notify] [DATA_IN] AWS=7.0kt AWA=45° Batt=100% Temp=0°C
[2026-05-31T12:56:42] [DEBUG] [calypso-direct] [on_notify] [DATA_IN] AWS=7.0kt AWA=45° Batt=100% Temp=0°C
[2026-05-31T12:56:43] [DEBUG] [calypso-direct] [on_notify] [DATA_IN] AWS=7.0kt AWA=46° Batt=100% Temp=0°C
[2026-05-31T12:56:43] [DEBUG] [calypso-direct] [on_notify] [DATA_IN] AWS=7.0kt AWA=47° Batt=100% Temp=0°C
[2026-05-31T12:56:43] [DEBUG] [calypso-direct] [on_notify] [DATA_IN] AWS=7.8kt AWA=48° Batt=100% Temp=0°C
[2026-05-31T12:56:43] [DEBUG] [calypso-direct] [on_notify] [DATA_IN] AWS=7.8kt AWA=48° Batt=100% Temp=0°C
[2026-05-31T12:56:43] [DEBUG] [calypso-direct] [on_notify] [DATA_IN] AWS=8.4kt AWA=50° Batt=100% Temp=0°C
[2026-05-31T12:56:44] [DEBUG] [calypso-direct] [on_notify] [DATA_IN] AWS=8.4kt AWA=50° Batt=100% Temp=0°C
[2026-05-31T12:56:44] [DEBUG] [calypso-direct] [on_notify] [DATA_IN] AWS=8.4kt AWA=50° Batt=100% Temp=0°C
[2026-05-31T12:56:44] [DEBUG] [calypso-direct] [on_notify] [DATA_IN] AWS=8.0kt AWA=50° Batt=100% Temp=0°C
[2026-05-31T12:56:44] [DEBUG] [calypso-direct] [on_notify] [DATA_IN] AWS=7.4kt AWA=49° Batt=100% Temp=0°C
[2026-05-31T12:56:44] [DEBUG] [calypso-direct] [on_notify] [DATA_IN] AWS=7.0kt AWA=48° Batt=100% Temp=0°C
[2026-05-31T12:56:44] [DEBUG] [calypso-direct] [on_notify] [DATA_IN] AWS=7.0kt AWA=48° Batt=100% Temp=0°C
[2026-05-31T12:56:44] [DEBUG] [calypso-direct] [on_notify] [DATA_IN] AWS=6.0kt AWA=42° Batt=100% Temp=0°C
[2026-05-31T12:56:45] [DEBUG] [calypso-direct] [on_notify] [DATA_IN] AWS=6.0kt AWA=38° Batt=100% Temp=0°C
[2026-05-31T12:56:45] [DEBUG] [calypso-direct] [on_notify] [DATA_IN] AWS=6.0kt AWA=38° Batt=100% Temp=0°C
[2026-05-31T12:56:45] [DEBUG] [calypso-direct] [on_notify] [DATA_IN] AWS=6.2kt AWA=38° Batt=100% Temp=0°C
[2026-05-31T12:56:45] [DEBUG] [calypso-direct] [on_notify] [DATA_IN] AWS=6.4kt AWA=38° Batt=100% Temp=0°C
[2026-05-31T12:56:45] [DEBUG] [calypso-direct] [on_notify] [DATA_IN] AWS=7.4kt AWA=44° Batt=100% Temp=0°C
[2026-05-31T12:56:46] [DEBUG] [calypso-direct] [on_notify] [DATA_IN] AWS=8.0kt AWA=48° Batt=100% Temp=0°C
[2026-05-31T12:56:47] [DEBUG] [calypso-direct] [on_notify] [DATA_IN] AWS=8.0kt AWA=49° Batt=100% Temp=0°C
[2026-05-31T12:56:47] [DEBUG] [calypso-direct] [on_notify] [DATA_IN] AWS=8.0kt AWA=49° Batt=100% Temp=0°C
[2026-05-31T12:56:47] [DEBUG] [calypso-direct] [on_notify] [DATA_IN] AWS=7.4kt AWA=49° Batt=100% Temp=0°C
[2026-05-31T12:56:47] [DEBUG] [calypso-direct] [on_notify] [DATA_IN] AWS=7.2kt AWA=46° Batt=100% Temp=0°C
[2026-05-31T12:56:47] [DEBUG] [calypso-direct] [on_notify] [DATA_IN] AWS=6.8kt AWA=41° Batt=100% Temp=0°C
[2026-05-31T12:56:48] [DEBUG] [calypso-direct] [on_notify] [DATA_IN] AWS=6.6kt AWA=40° Batt=100% Temp=0°C
[2026-05-31T12:56:48] [DEBUG] [calypso-direct] [on_notify] [DATA_IN] AWS=6.6kt AWA=37° Batt=100% Temp=0°C
[2026-05-31T12:56:48] [DEBUG] [calypso-direct] [on_notify] [DATA_IN] AWS=6.6kt AWA=34° Batt=100% Temp=0°C
[2026-05-31T12:56:48] [DEBUG] [calypso-direct] [on_notify] [DATA_IN] AWS=6.8kt AWA=34° Batt=100% Temp=0°C
[2026-05-31T12:56:49] [DEBUG] [calypso-direct] [on_notify] [DATA_IN] AWS=7.2kt AWA=34° Batt=100% Temp=0°C
[2026-05-31T12:56:49] [DEBUG] [calypso-direct] [on_notify] [DATA_IN] AWS=7.4kt AWA=40° Batt=100% Temp=0°C
[2026-05-31T12:56:49] [DEBUG] [calypso-direct] [on_notify] [DATA_IN] AWS=7.4kt AWA=44° Batt=100% Temp=0°C
[2026-05-31T12:56:50] [DEBUG] [calypso-direct] [on_notify] [DATA_IN] AWS=8.0kt AWA=47° Batt=100% Temp=0°C
[2026-05-31T12:56:50] [DEBUG] [calypso-direct] [on_notify] [DATA_IN] AWS=8.2kt AWA=47° Batt=100% Temp=0°C
[2026-05-31T12:56:50] [DEBUG] [calypso-direct] [on_notify] [DATA_IN] AWS=8.4kt AWA=47° Batt=100% Temp=0°C
[2026-05-31T12:56:50] [DEBUG] [calypso-direct] [on_notify] [DATA_IN] AWS=8.4kt AWA=47° Batt=100% Temp=0°C
[2026-05-31T12:56:50] [DEBUG] [calypso-direct] [on_notify] [DATA_IN] AWS=8.4kt AWA=42° Batt=100% Temp=0°C
[2026-05-31T12:56:51] [DEBUG] [calypso-direct] [on_notify] [DATA_IN] AWS=8.4kt AWA=39° Batt=100% Temp=0°C
[2026-05-31T12:56:51] [DEBUG] [calypso-direct] [on_notify] [DATA_IN] AWS=7.2kt AWA=33° Batt=100% Temp=0°C
[2026-05-31T12:56:51] [DEBUG] [calypso-direct] [on_notify] [DATA_IN] AWS=6.8kt AWA=32° Batt=100% Temp=0°C
[2026-05-31T12:56:51] [DEBUG] [calypso-direct] [on_notify] [DATA_IN] AWS=6.8kt AWA=32° Batt=100% Temp=0°C
[2026-05-31T12:56:52] [DEBUG] [calypso-direct] [on_notify] [DATA_IN] AWS=6.8kt AWA=32° Batt=100% Temp=0°C
[2026-05-31T12:56:53] [DEBUG] [calypso-direct] [on_notify] [DATA_IN] AWS=8.2kt AWA=32° Batt=100% Temp=0°C
[2026-05-31T12:56:54] [DEBUG] [calypso-direct] [on_notify] [DATA_IN] AWS=8.2kt AWA=38° Batt=100% Temp=0°C
[2026-05-31T12:56:54] [DEBUG] [calypso-direct] [on_notify] [DATA_IN] AWS=8.2kt AWA=40° Batt=100% Temp=0°C
[2026-05-31T12:56:54] [DEBUG] [calypso-direct] [on_notify] [DATA_IN] AWS=8.4kt AWA=42° Batt=100% Temp=0°C
[2026-05-31T12:56:54] [DEBUG] [calypso-direct] [on_notify] [DATA_IN] AWS=8.6kt AWA=42° Batt=100% Temp=0°C
[2026-05-31T12:56:54] [DEBUG] [calypso-direct] [on_notify] [DATA_IN] AWS=8.6kt AWA=42° Batt=100% Temp=0°C
[2026-05-31T12:56:55] [DEBUG] [calypso-direct] [on_notify] [DATA_IN] AWS=8.6kt AWA=41° Batt=100% Temp=0°C
[2026-05-31T12:56:55] [DEBUG] [calypso-direct] [on_notify] [DATA_IN] AWS=8.6kt AWA=35° Batt=100% Temp=0°C
[2026-05-31T12:56:55] [DEBUG] [calypso-direct] [on_notify] [DATA_IN] AWS=8.2kt AWA=30° Batt=100% Temp=0°C
[2026-05-31T12:56:55] [DEBUG] [calypso-direct] [on_notify] [DATA_IN] AWS=8.2kt AWA=27° Batt=100% Temp=0°C
[2026-05-31T12:56:55] [DEBUG] [calypso-direct] [on_notify] [DATA_IN] AWS=7.6kt AWA=27° Batt=100% Temp=0°C
[2026-05-31T12:56:56] [DEBUG] [calypso-direct] [on_notify] [DATA_IN] AWS=7.6kt AWA=27° Batt=100% Temp=0°C
[2026-05-31T12:56:56] [DEBUG] [calypso-direct] [on_notify] [DATA_IN] AWS=7.6kt AWA=31° Batt=100% Temp=0°C
[2026-05-31T12:56:56] [DEBUG] [calypso-direct] [on_notify] [DATA_IN] AWS=7.8kt AWA=32° Batt=100% Temp=0°C
[2026-05-31T12:56:56] [DEBUG] [calypso-direct] [on_notify] [DATA_IN] AWS=8.2kt AWA=35° Batt=100% Temp=0°C
[2026-05-31T12:56:56] [DEBUG] [calypso-direct] [on_notify] [DATA_IN] AWS=8.2kt AWA=38° Batt=100% Temp=0°C
[2026-05-31T12:56:57] [DEBUG] [calypso-direct] [on_notify] [DATA_IN] AWS=8.2kt AWA=40° Batt=100% Temp=0°C
[2026-05-31T12:56:57] [DEBUG] [calypso-direct] [on_notify] [DATA_IN] AWS=8.0kt AWA=40° Batt=100% Temp=0°C
[2026-05-31T12:56:57] [DEBUG] [calypso-direct] [on_notify] [DATA_IN] AWS=8.0kt AWA=40° Batt=100% Temp=0°C
[2026-05-31T12:56:57] [DEBUG] [calypso-direct] [on_notify] [DATA_IN] AWS=8.0kt AWA=39° Batt=100% Temp=0°C
[2026-05-31T12:56:57] [DEBUG] [calypso-direct] [on_notify] [DATA_IN] AWS=8.0kt AWA=33° Batt=100% Temp=0°C
[2026-05-31T12:56:57] [DEBUG] [calypso-direct] [on_notify] [DATA_IN] AWS=8.0kt AWA=31° Batt=100% Temp=0°C
[2026-05-31T12:56:57] [DEBUG] [calypso-direct] [on_notify] [DATA_IN] AWS=7.8kt AWA=30° Batt=100% Temp=0°C
[2026-05-31T12:56:57] [DEBUG] [calypso-direct] [on_notify] [DATA_IN] AWS=7.4kt AWA=30° Batt=100% Temp=0°C
[2026-05-31T12:56:57] [DEBUG] [calypso-direct] [on_notify] [DATA_IN] AWS=7.2kt AWA=30° Batt=100% Temp=0°C
[2026-05-31T12:56:59] [DEBUG] [calypso-direct] [on_notify] [DATA_IN] AWS=7.2kt AWA=30° Batt=100% Temp=0°C
[2026-05-31T12:56:59] [DEBUG] [calypso-direct] [on_notify] [DATA_IN] AWS=7.2kt AWA=30° Batt=100% Temp=0°C
[2026-05-31T12:56:59] [DEBUG] [calypso-direct] [on_notify] [DATA_IN] AWS=7.4kt AWA=29° Batt=100% Temp=0°C
[2026-05-31T12:56:59] [DEBUG] [calypso-direct] [on_notify] [DATA_IN] AWS=7.4kt AWA=30° Batt=100% Temp=0°C
[2026-05-31T12:57:00] [DEBUG] [calypso-direct] [on_notify] [DATA_IN] AWS=8.0kt AWA=31° Batt=100% Temp=0°C
[2026-05-31T12:57:00] [DEBUG] [calypso-direct] [on_notify] [DATA_IN] AWS=8.4kt AWA=33° Batt=100% Temp=0°C
[2026-05-31T12:57:00] [DEBUG] [calypso-direct] [on_notify] [DATA_IN] AWS=8.4kt AWA=33° Batt=100% Temp=0°C
[2026-05-31T12:57:00] [DEBUG] [calypso-direct] [on_notify] [DATA_IN] AWS=8.4kt AWA=33° Batt=100% Temp=0°C
[2026-05-31T12:57:01] [DEBUG] [calypso-direct] [on_notify] [DATA_IN] AWS=8.2kt AWA=31° Batt=100% Temp=0°C
[2026-05-31T12:57:01] [DEBUG] [calypso-direct] [on_notify] [DATA_IN] AWS=8.0kt AWA=31° Batt=100% Temp=0°C
[2026-05-31T12:57:01] [DEBUG] [calypso-direct] [on_notify] [DATA_IN] AWS=7.8kt AWA=26° Batt=100% Temp=0°C
[2026-05-31T12:57:01] [DEBUG] [calypso-direct] [on_notify] [DATA_IN] AWS=7.8kt AWA=26° Batt=100% Temp=0°C
[2026-05-31T12:57:01] [DEBUG] [calypso-direct] [on_notify] [DATA_IN] AWS=7.8kt AWA=26° Batt=100% Temp=0°C
[2026-05-31T12:57:03] [DEBUG] [calypso-direct] [on_notify] [DATA_IN] AWS=7.8kt AWA=26° Batt=100% Temp=0°C
[2026-05-31T12:57:03] [DEBUG] [calypso-direct] [on_notify] [DATA_IN] AWS=7.8kt AWA=25° Batt=100% Temp=0°C
[2026-05-31T12:57:03] [DEBUG] [calypso-direct] [on_notify] [DATA_IN] AWS=8.2kt AWA=26° Batt=100% Temp=0°C
[2026-05-31T12:57:03] [DEBUG] [calypso-direct] [on_notify] [DATA_IN] AWS=8.2kt AWA=26° Batt=100% Temp=0°C
[2026-05-31T12:57:03] [DEBUG] [calypso-direct] [on_notify] [DATA_IN] AWS=8.2kt AWA=27° Batt=100% Temp=0°C
[2026-05-31T12:57:04] [DEBUG] [calypso-direct] [on_notify] [DATA_IN] AWS=8.2kt AWA=32° Batt=100% Temp=0°C
[2026-05-31T12:57:04] [DEBUG] [calypso-direct] [on_notify] [DATA_IN] AWS=8.6kt AWA=32° Batt=100% Temp=0°C
[2026-05-31T12:57:04] [DEBUG] [calypso-direct] [on_notify] [DATA_IN] AWS=8.9kt AWA=30° Batt=100% Temp=0°C
[2026-05-31T12:57:04] [DEBUG] [calypso-direct] [on_notify] [DATA_IN] AWS=8.9kt AWA=30° Batt=100% Temp=0°C
[2026-05-31T12:57:04] [DEBUG] [calypso-direct] [on_notify] [DATA_IN] AWS=8.9kt AWA=30° Batt=100% Temp=0°C
[2026-05-31T12:57:04] [DEBUG] [calypso-direct] [on_notify] [DATA_IN] AWS=7.8kt AWA=30° Batt=100% Temp=0°C
[2026-05-31T12:57:04] [DEBUG] [calypso-direct] [on_notify] [DATA_IN] AWS=7.2kt AWA=29° Batt=100% Temp=0°C
[2026-05-31T12:57:04] [DEBUG] [calypso-direct] [on_notify] [DATA_IN] AWS=7.2kt AWA=28° Batt=100% Temp=0°C
[2026-05-31T12:57:04] [DEBUG] [calypso-direct] [on_notify] [DATA_IN] AWS=7.2kt AWA=25° Batt=100% Temp=0°C
[2026-05-31T12:57:05] [DEBUG] [calypso-direct] [on_notify] [DATA_IN] AWS=7.4kt AWA=25° Batt=100% Temp=0°C
[2026-05-31T12:57:06] [DEBUG] [calypso-direct] [on_notify] [DATA_IN] AWS=7.6kt AWA=25° Batt=100% Temp=0°C
[2026-05-31T12:57:06] [DEBUG] [calypso-direct] [on_notify] [DATA_IN] AWS=7.6kt AWA=25° Batt=100% Temp=0°C
[2026-05-31T12:57:06] [DEBUG] [calypso-direct] [on_notify] [DATA_IN] AWS=7.6kt AWA=27° Batt=100% Temp=0°C
[2026-05-31T12:57:07] [DEBUG] [calypso-direct] [on_notify] [DATA_IN] AWS=7.4kt AWA=28° Batt=100% Temp=0°C
[2026-05-31T12:57:07] [DEBUG] [calypso-direct] [on_notify] [DATA_IN] AWS=7.2kt AWA=28° Batt=100% Temp=0°C
[2026-05-31T12:57:07] [DEBUG] [calypso-direct] [on_notify] [DATA_IN] AWS=7.2kt AWA=28° Batt=100% Temp=0°C
[2026-05-31T12:57:07] [DEBUG] [calypso-direct] [on_notify] [DATA_IN] AWS=7.2kt AWA=28° Batt=100% Temp=0°C
[2026-05-31T12:57:07] [DEBUG] [calypso-direct] [on_notify] [DATA_IN] AWS=7.2kt AWA=27° Batt=100% Temp=0°C
[2026-05-31T12:57:07] [DEBUG] [calypso-direct] [on_notify] [DATA_IN] AWS=7.0kt AWA=24° Batt=100% Temp=0°C
[2026-05-31T12:57:07] [DEBUG] [calypso-direct] [on_notify] [DATA_IN] AWS=7.0kt AWA=24° Batt=100% Temp=0°C
[2026-05-31T12:57:08] [DEBUG] [calypso-direct] [on_notify] [DATA_IN] AWS=7.0kt AWA=23° Batt=100% Temp=0°C
[2026-05-31T12:57:08] [DEBUG] [calypso-direct] [on_notify] [DATA_IN] AWS=6.6kt AWA=23° Batt=100% Temp=0°C
[2026-05-31T12:57:08] [DEBUG] [calypso-direct] [on_notify] [DATA_IN] AWS=6.6kt AWA=23° Batt=100% Temp=0°C
[2026-05-31T12:57:08] [DEBUG] [calypso-direct] [on_notify] [DATA_IN] AWS=6.6kt AWA=26° Batt=100% Temp=0°C
[2026-05-31T12:57:08] [DEBUG] [calypso-direct] [on_notify] [DATA_IN] AWS=6.8kt AWA=28° Batt=100% Temp=0°C
[2026-05-31T12:57:10] [DEBUG] [calypso-direct] [on_notify] [DATA_IN] AWS=7.2kt AWA=28° Batt=100% Temp=0°C
[2026-05-31T12:57:10] [DEBUG] [calypso-direct] [on_notify] [DATA_IN] AWS=7.2kt AWA=28° Batt=100% Temp=0°C
[2026-05-31T12:57:10] [DEBUG] [calypso-direct] [on_notify] [DATA_IN] AWS=7.0kt AWA=28° Batt=100% Temp=0°C
[2026-05-31T12:57:10] [DEBUG] [calypso-direct] [on_notify] [DATA_IN] AWS=7.0kt AWA=25° Batt=100% Temp=0°C
[2026-05-31T12:57:10] [DEBUG] [calypso-direct] [on_notify] [DATA_IN] AWS=7.0kt AWA=24° Batt=100% Temp=0°C
[2026-05-31T12:57:11] [DEBUG] [calypso-direct] [on_notify] [DATA_IN] AWS=7.0kt AWA=24° Batt=100% Temp=0°C
[2026-05-31T12:57:11] [DEBUG] [calypso-direct] [on_notify] [DATA_IN] AWS=7.0kt AWA=23° Batt=100% Temp=0°C
[2026-05-31T12:57:11] [DEBUG] [calypso-direct] [on_notify] [DATA_IN] AWS=7.0kt AWA=24° Batt=100% Temp=0°C
[2026-05-31T12:57:11] [DEBUG] [calypso-direct] [on_notify] [DATA_IN] AWS=6.8kt AWA=24° Batt=100% Temp=0°C
[2026-05-31T12:57:11] [DEBUG] [calypso-direct] [on_notify] [DATA_IN] AWS=6.4kt AWA=24° Batt=100% Temp=0°C
[2026-05-31T12:57:11] [DEBUG] [calypso-direct] [on_notify] [DATA_IN] AWS=6.4kt AWA=25° Batt=100% Temp=0°C
[2026-05-31T12:57:12] [DEBUG] [calypso-direct] [on_notify] [DATA_IN] AWS=6.4kt AWA=25° Batt=100% Temp=0°C
[2026-05-31T12:57:12] [DEBUG] [calypso-direct] [on_notify] [DATA_IN] AWS=6.4kt AWA=26° Batt=100% Temp=0°C
[2026-05-31T12:57:13] [DEBUG] [calypso-direct] [on_notify] [DATA_IN] AWS=6.4kt AWA=28° Batt=100% Temp=0°C
[2026-05-31T12:57:13] [DEBUG] [calypso-direct] [on_notify] [DATA_IN] AWS=6.8kt AWA=30° Batt=100% Temp=0°C
[2026-05-31T12:57:13] [DEBUG] [calypso-direct] [on_notify] [DATA_IN] AWS=6.6kt AWA=31° Batt=100% Temp=0°C
[2026-05-31T12:57:13] [DEBUG] [calypso-direct] [on_notify] [DATA_IN] AWS=6.6kt AWA=31° Batt=100% Temp=0°C
[2026-05-31T12:57:13] [DEBUG] [calypso-direct] [on_notify] [DATA_IN] AWS=6.6kt AWA=30° Batt=100% Temp=0°C
[2026-05-31T12:57:14] [DEBUG] [calypso-direct] [on_notify] [DATA_IN] AWS=6.6kt AWA=30° Batt=100% Temp=0°C
[2026-05-31T12:57:14] [DEBUG] [calypso-direct] [on_notify] [DATA_IN] AWS=6.4kt AWA=23° Batt=100% Temp=0°C
[2026-05-31T12:57:14] [DEBUG] [calypso-direct] [on_notify] [DATA_IN] AWS=6.4kt AWA=21° Batt=100% Temp=0°C
[2026-05-31T12:57:14] [DEBUG] [calypso-direct] [on_notify] [DATA_IN] AWS=5.6kt AWA=17° Batt=100% Temp=0°C
[2026-05-31T12:57:15] [DEBUG] [calypso-direct] [on_notify] [DATA_IN] AWS=5.4kt AWA=17° Batt=100% Temp=0°C
[2026-05-31T12:57:15] [DEBUG] [calypso-direct] [on_notify] [DATA_IN] AWS=5.4kt AWA=17° Batt=100% Temp=0°C
[2026-05-31T12:57:15] [DEBUG] [calypso-direct] [on_notify] [DATA_IN] AWS=5.6kt AWA=26° Batt=100% Temp=0°C
[2026-05-31T12:57:15] [DEBUG] [calypso-direct] [on_notify] [DATA_IN] AWS=5.6kt AWA=26° Batt=100% Temp=0°C
[2026-05-31T12:57:15] [DEBUG] [calypso-direct] [on_notify] [DATA_IN] AWS=5.6kt AWA=26° Batt=100% Temp=0°C
[2026-05-31T12:57:16] [DEBUG] [calypso-direct] [on_notify] [DATA_IN] AWS=5.8kt AWA=25° Batt=100% Temp=0°C
[2026-05-31T12:57:16] [DEBUG] [calypso-direct] [on_notify] [DATA_IN] AWS=5.6kt AWA=21° Batt=100% Temp=0°C
[2026-05-31T12:57:16] [DEBUG] [calypso-direct] [on_notify] [DATA_IN] AWS=5.8kt AWA=18° Batt=100% Temp=0°C
[2026-05-31T12:57:16] [DEBUG] [calypso-direct] [on_notify] [DATA_IN] AWS=6.0kt AWA=17° Batt=100% Temp=0°C
[2026-05-31T12:57:16] [DEBUG] [calypso-direct] [on_notify] [DATA_IN] AWS=5.8kt AWA=17° Batt=100% Temp=0°C
[2026-05-31T12:57:17] [DEBUG] [calypso-direct] [on_notify] [DATA_IN] AWS=5.8kt AWA=16° Batt=100% Temp=0°C
[2026-05-31T12:57:17] [DEBUG] [calypso-direct] [on_notify] [DATA_IN] AWS=5.8kt AWA=16° Batt=100% Temp=0°C
[2026-05-31T12:57:17] [DEBUG] [calypso-direct] [on_notify] [DATA_IN] AWS=5.8kt AWA=16° Batt=100% Temp=0°C
[2026-05-31T12:57:17] [DEBUG] [calypso-direct] [on_notify] [DATA_IN] AWS=5.6kt AWA=18° Batt=100% Temp=0°C
[2026-05-31T12:57:17] [DEBUG] [calypso-direct] [on_notify] [DATA_IN] AWS=5.8kt AWA=17° Batt=100% Temp=0°C
[2026-05-31T12:57:19] [DEBUG] [calypso-direct] [on_notify] [DATA_IN] AWS=5.6kt AWA=17° Batt=100% Temp=0°C
[2026-05-31T12:57:19] [DEBUG] [calypso-direct] [on_notify] [DATA_IN] AWS=5.6kt AWA=17° Batt=100% Temp=0°C
[2026-05-31T12:57:20] [DEBUG] [calypso-direct] [on_notify] [DATA_IN] AWS=5.4kt AWA=13° Batt=100% Temp=0°C
[2026-05-31T12:57:20] [DEBUG] [calypso-direct] [on_notify] [DATA_IN] AWS=5.4kt AWA=12° Batt=100% Temp=0°C
[2026-05-31T12:57:20] [DEBUG] [calypso-direct] [on_notify] [DATA_IN] AWS=5.2kt AWA=12° Batt=100% Temp=0°C
[2026-05-31T12:57:20] [DEBUG] [calypso-direct] [on_notify] [DATA_IN] AWS=4.7kt AWA=13° Batt=100% Temp=0°C
[2026-05-31T12:57:20] [DEBUG] [calypso-direct] [on_notify] [DATA_IN] AWS=4.7kt AWA=16° Batt=100% Temp=0°C
[2026-05-31T12:57:20] [DEBUG] [calypso-direct] [on_notify] [DATA_IN] AWS=5.2kt AWA=19° Batt=100% Temp=0°C
[2026-05-31T12:57:20] [DEBUG] [calypso-direct] [on_notify] [DATA_IN] AWS=5.2kt AWA=20° Batt=100% Temp=0°C
[2026-05-31T12:57:21] [DEBUG] [calypso-direct] [on_notify] [DATA_IN] AWS=6.0kt AWA=20° Batt=100% Temp=0°C
[2026-05-31T12:57:21] [DEBUG] [calypso-direct] [on_notify] [DATA_IN] AWS=6.0kt AWA=24° Batt=100% Temp=0°C
[2026-05-31T12:57:21] [DEBUG] [calypso-direct] [on_notify] [DATA_IN] AWS=5.8kt AWA=24° Batt=100% Temp=0°C
[2026-05-31T12:57:21] [DEBUG] [calypso-direct] [on_notify] [DATA_IN] AWS=5.6kt AWA=24° Batt=100% Temp=0°C
[2026-05-31T12:57:21] [DEBUG] [calypso-direct] [on_notify] [DATA_IN] AWS=5.6kt AWA=29° Batt=100% Temp=0°C
[2026-05-31T12:57:21] [DEBUG] [calypso-direct] [on_notify] [DATA_IN] AWS=5.6kt AWA=29° Batt=100% Temp=0°C
[2026-05-31T12:57:22] [DEBUG] [calypso-direct] [on_notify] [DATA_IN] AWS=5.6kt AWA=29° Batt=100% Temp=0°C
[2026-05-31T12:57:22] [DEBUG] [calypso-direct] [on_notify] [DATA_IN] AWS=5.6kt AWA=25° Batt=100% Temp=0°C
[2026-05-31T12:57:22] [DEBUG] [calypso-direct] [on_notify] [DATA_IN] AWS=6.0kt AWA=23° Batt=100% Temp=0°C
[2026-05-31T12:57:22] [DEBUG] [calypso-direct] [on_notify] [DATA_IN] AWS=6.4kt AWA=23° Batt=100% Temp=0°C
[2026-05-31T12:57:23] [DEBUG] [calypso-direct] [on_notify] [DATA_IN] AWS=6.4kt AWA=25° Batt=100% Temp=0°C
[2026-05-31T12:57:23] [DEBUG] [calypso-direct] [on_notify] [DATA_IN] AWS=6.4kt AWA=25° Batt=100% Temp=0°C
[2026-05-31T12:57:23] [DEBUG] [calypso-direct] [on_notify] [DATA_IN] AWS=6.2kt AWA=25° Batt=100% Temp=0°C
[2026-05-31T12:57:23] [DEBUG] [calypso-direct] [on_notify] [DATA_IN] AWS=6.2kt AWA=25° Batt=100% Temp=0°C
[2026-05-31T12:57:24] [DEBUG] [calypso-direct] [on_notify] [DATA_IN] AWS=5.8kt AWA=24° Batt=100% Temp=0°C
[2026-05-31T12:57:24] [DEBUG] [calypso-direct] [on_notify] [DATA_IN] AWS=5.6kt AWA=24° Batt=100% Temp=0°C
[2026-05-31T12:57:24] [DEBUG] [calypso-direct] [on_notify] [DATA_IN] AWS=5.8kt AWA=24° Batt=100% Temp=0°C
[2026-05-31T12:57:24] [DEBUG] [calypso-direct] [on_notify] [DATA_IN] AWS=6.2kt AWA=24° Batt=100% Temp=0°C
[2026-05-31T12:57:24] [DEBUG] [calypso-direct] [on_notify] [DATA_IN] AWS=6.2kt AWA=24° Batt=100% Temp=0°C
[2026-05-31T12:57:26] [DEBUG] [calypso-direct] [on_notify] [DATA_IN] AWS=6.4kt AWA=26° Batt=100% Temp=0°C
[2026-05-31T12:57:26] [DEBUG] [calypso-direct] [on_notify] [DATA_IN] AWS=6.8kt AWA=28° Batt=100% Temp=0°C
[2026-05-31T12:57:26] [DEBUG] [calypso-direct] [on_notify] [DATA_IN] AWS=7.0kt AWA=30° Batt=100% Temp=0°C
[2026-05-31T12:57:26] [DEBUG] [calypso-direct] [on_notify] [DATA_IN] AWS=7.0kt AWA=30° Batt=100% Temp=0°C
[2026-05-31T12:57:27] [DEBUG] [calypso-direct] [on_notify] [DATA_IN] AWS=7.0kt AWA=30° Batt=100% Temp=0°C
[2026-05-31T12:57:27] [DEBUG] [calypso-direct] [on_notify] [DATA_IN] AWS=7.0kt AWA=30° Batt=100% Temp=0°C
[2026-05-31T12:57:27] [DEBUG] [calypso-direct] [on_notify] [DATA_IN] AWS=7.0kt AWA=29° Batt=100% Temp=0°C
[2026-05-31T12:57:27] [DEBUG] [calypso-direct] [on_notify] [DATA_IN] AWS=6.4kt AWA=29° Batt=100% Temp=0°C
[2026-05-31T12:57:27] [DEBUG] [calypso-direct] [on_notify] [DATA_IN] AWS=6.4kt AWA=26° Batt=100% Temp=0°C
[2026-05-31T12:57:27] [DEBUG] [calypso-direct] [on_notify] [DATA_IN] AWS=6.4kt AWA=25° Batt=100% Temp=0°C
[2026-05-31T12:57:28] [DEBUG] [calypso-direct] [on_notify] [DATA_IN] AWS=6.6kt AWA=22° Batt=100% Temp=0°C
[2026-05-31T12:57:28] [DEBUG] [calypso-direct] [on_notify] [DATA_IN] AWS=6.6kt AWA=18° Batt=100% Temp=0°C
[2026-05-31T12:57:28] [DEBUG] [calypso-direct] [on_notify] [DATA_IN] AWS=6.8kt AWA=18° Batt=100% Temp=0°C
[2026-05-31T12:57:28] [DEBUG] [calypso-direct] [on_notify] [DATA_IN] AWS=7.0kt AWA=16° Batt=100% Temp=0°C
[2026-05-31T12:57:28] [DEBUG] [calypso-direct] [on_notify] [DATA_IN] AWS=7.0kt AWA=16° Batt=100% Temp=0°C
[2026-05-31T12:57:29] [DEBUG] [calypso-direct] [on_notify] [DATA_IN] AWS=6.8kt AWA=14° Batt=100% Temp=0°C
[2026-05-31T12:57:30] [DEBUG] [calypso-direct] [on_notify] [DATA_IN] AWS=5.6kt AWA=14° Batt=100% Temp=0°C
[2026-05-31T12:57:30] [DEBUG] [calypso-direct] [on_notify] [DATA_IN] AWS=5.6kt AWA=14° Batt=100% Temp=0°C
[2026-05-31T12:57:30] [DEBUG] [calypso-direct] [on_notify] [DATA_IN] AWS=5.2kt AWA=14° Batt=100% Temp=0°C
[2026-05-31T12:57:30] [DEBUG] [calypso-direct] [on_notify] [DATA_IN] AWS=5.2kt AWA=16° Batt=100% Temp=0°C
[2026-05-31T12:57:30] [DEBUG] [calypso-direct] [on_notify] [DATA_IN] AWS=5.2kt AWA=16° Batt=100% Temp=0°C
[2026-05-31T12:57:30] [DEBUG] [calypso-direct] [on_notify] [DATA_IN] AWS=5.2kt AWA=15° Batt=100% Temp=0°C
[2026-05-31T12:57:30] [DEBUG] [calypso-direct] [on_notify] [DATA_IN] AWS=5.2kt AWA=15° Batt=100% Temp=0°C
[2026-05-31T12:57:31] [DEBUG] [calypso-direct] [on_notify] [DATA_IN] AWS=5.4kt AWA=15° Batt=100% Temp=0°C
[2026-05-31T12:57:31] [DEBUG] [calypso-direct] [on_notify] [DATA_IN] AWS=5.2kt AWA=14° Batt=100% Temp=0°C
[2026-05-31T12:57:31] [DEBUG] [calypso-direct] [on_notify] [DATA_IN] AWS=5.2kt AWA=15° Batt=100% Temp=0°C
[2026-05-31T12:57:32] [DEBUG] [calypso-direct] [on_notify] [DATA_IN] AWS=5.1kt AWA=15° Batt=100% Temp=0°C
[2026-05-31T12:57:32] [DEBUG] [calypso-direct] [on_notify] [DATA_IN] AWS=5.1kt AWA=15° Batt=100% Temp=0°C
[2026-05-31T12:57:32] [DEBUG] [calypso-direct] [on_notify] [DATA_IN] AWS=5.1kt AWA=15° Batt=100% Temp=0°C
[2026-05-31T12:57:33] [DEBUG] [calypso-direct] [on_notify] [DATA_IN] AWS=5.4kt AWA=17° Batt=100% Temp=0°C
[2026-05-31T12:57:34] [DEBUG] [calypso-direct] [on_notify] [DATA_IN] AWS=5.6kt AWA=15° Batt=100% Temp=0°C
[2026-05-31T12:57:34] [DEBUG] [calypso-direct] [on_notify] [DATA_IN] AWS=5.8kt AWA=16° Batt=100% Temp=0°C
[2026-05-31T12:57:34] [DEBUG] [calypso-direct] [on_notify] [DATA_IN] AWS=5.8kt AWA=15° Batt=100% Temp=0°C
[2026-05-31T12:57:34] [DEBUG] [calypso-direct] [on_notify] [DATA_IN] AWS=5.8kt AWA=15° Batt=100% Temp=0°C
[2026-05-31T12:57:34] [DEBUG] [calypso-direct] [on_notify] [DATA_IN] AWS=5.4kt AWA=15° Batt=100% Temp=0°C
[2026-05-31T12:57:34] [DEBUG] [calypso-direct] [on_notify] [DATA_IN] AWS=5.4kt AWA=14° Batt=100% Temp=0°C
[2026-05-31T12:57:34] [DEBUG] [calypso-direct] [on_notify] [DATA_IN] AWS=5.4kt AWA=13° Batt=100% Temp=0°C
[2026-05-31T12:57:34] [DEBUG] [calypso-direct] [on_notify] [DATA_IN] AWS=5.2kt AWA=11° Batt=100% Temp=0°C
[2026-05-31T12:57:34] [DEBUG] [calypso-direct] [on_notify] [DATA_IN] AWS=5.2kt AWA=7° Batt=100% Temp=0°C
[2026-05-31T12:57:35] [DEBUG] [calypso-direct] [on_notify] [DATA_IN] AWS=5.1kt AWA=7° Batt=100% Temp=0°C
[2026-05-31T12:57:35] [DEBUG] [calypso-direct] [on_notify] [DATA_IN] AWS=4.9kt AWA=11° Batt=100% Temp=0°C
[2026-05-31T12:57:37] [DEBUG] [calypso-direct] [on_notify] [DATA_IN] AWS=4.7kt AWA=11° Batt=100% Temp=0°C
[2026-05-31T12:57:37] [DEBUG] [calypso-direct] [on_notify] [DATA_IN] AWS=4.7kt AWA=12° Batt=100% Temp=0°C
[2026-05-31T12:57:37] [DEBUG] [calypso-direct] [on_notify] [DATA_IN] AWS=4.7kt AWA=14° Batt=100% Temp=0°C
[2026-05-31T12:57:37] [DEBUG] [calypso-direct] [on_notify] [DATA_IN] AWS=4.7kt AWA=14° Batt=100% Temp=0°C
[2026-05-31T12:57:37] [DEBUG] [calypso-direct] [on_notify] [DATA_IN] AWS=5.2kt AWA=13° Batt=100% Temp=0°C
[2026-05-31T12:57:37] [DEBUG] [calypso-direct] [on_notify] [DATA_IN] AWS=5.2kt AWA=13° Batt=100% Temp=0°C
[2026-05-31T12:57:37] [DEBUG] [calypso-direct] [on_notify] [DATA_IN] AWS=5.2kt AWA=6° Batt=100% Temp=0°C
[2026-05-31T12:57:37] [DEBUG] [calypso-direct] [on_notify] [DATA_IN] AWS=5.1kt AWA=5° Batt=100% Temp=0°C
[2026-05-31T12:57:37] [DEBUG] [calypso-direct] [on_notify] [DATA_IN] AWS=5.2kt AWA=0° Batt=100% Temp=0°C
[2026-05-31T12:57:37] [DEBUG] [calypso-direct] [on_notify] [DATA_IN] AWS=5.1kt AWA=354° Batt=100% Temp=0°C
[2026-05-31T12:57:37] [DEBUG] [calypso-direct] [on_notify] [DATA_IN] AWS=5.1kt AWA=354° Batt=100% Temp=0°C
[2026-05-31T12:57:39] [DEBUG] [calypso-direct] [on_notify] [DATA_IN] AWS=4.7kt AWA=354° Batt=100% Temp=0°C
[2026-05-31T12:57:39] [DEBUG] [calypso-direct] [on_notify] [DATA_IN] AWS=4.1kt AWA=354° Batt=100% Temp=0°C
[2026-05-31T12:57:39] [DEBUG] [calypso-direct] [on_notify] [DATA_IN] AWS=4.1kt AWA=352° Batt=100% Temp=0°C
[2026-05-31T12:57:39] [DEBUG] [calypso-direct] [on_notify] [DATA_IN] AWS=4.1kt AWA=352° Batt=100% Temp=0°C
[2026-05-31T12:57:39] [DEBUG] [calypso-direct] [on_notify] [DATA_IN] AWS=4.3kt AWA=352° Batt=100% Temp=0°C
[2026-05-31T12:57:40] [DEBUG] [calypso-direct] [on_notify] [DATA_IN] AWS=4.3kt AWA=352° Batt=100% Temp=0°C
[2026-05-31T12:57:40] [DEBUG] [calypso-direct] [on_notify] [DATA_IN] AWS=4.3kt AWA=352° Batt=100% Temp=0°C
[2026-05-31T12:57:41] [DEBUG] [calypso-direct] [on_notify] [DATA_IN] AWS=4.3kt AWA=332° Batt=100% Temp=0°C
[2026-05-31T12:57:41] [DEBUG] [calypso-direct] [on_notify] [DATA_IN] AWS=4.1kt AWA=332° Batt=100% Temp=0°C
[2026-05-31T12:57:41] [DEBUG] [calypso-direct] [on_notify] [DATA_IN] AWS=4.1kt AWA=332° Batt=100% Temp=0°C
[2026-05-31T12:57:41] [DEBUG] [calypso-direct] [on_notify] [DATA_IN] AWS=3.9kt AWA=331° Batt=100% Temp=0°C
[2026-05-31T12:57:41] [DEBUG] [calypso-direct] [on_notify] [DATA_IN] AWS=3.3kt AWA=332° Batt=100% Temp=0°C
[2026-05-31T12:57:43] [DEBUG] [calypso-direct] [on_notify] [DATA_IN] AWS=3.1kt AWA=19° Batt=100% Temp=0°C
[2026-05-31T12:57:43] [DEBUG] [calypso-direct] [on_notify] [DATA_IN] AWS=1.9kt AWA=19° Batt=100% Temp=0°C
[2026-05-31T12:57:43] [DEBUG] [calypso-direct] [on_notify] [DATA_IN] AWS=1.9kt AWA=19° Batt=100% Temp=0°C
[2026-05-31T12:57:43] [DEBUG] [calypso-direct] [on_notify] [DATA_IN] AWS=1.9kt AWA=18° Batt=100% Temp=0°C
[2026-05-31T12:57:43] [DEBUG] [calypso-direct] [on_notify] [DATA_IN] AWS=2.7kt AWA=18° Batt=100% Temp=0°C
[2026-05-31T12:57:44] [DEBUG] [calypso-direct] [on_notify] [DATA_IN] AWS=2.9kt AWA=13° Batt=100% Temp=0°C
[2026-05-31T12:57:44] [DEBUG] [calypso-direct] [on_notify] [DATA_IN] AWS=4.1kt AWA=13° Batt=100% Temp=0°C
[2026-05-31T12:57:44] [DEBUG] [calypso-direct] [on_notify] [DATA_IN] AWS=4.1kt AWA=7° Batt=100% Temp=0°C
[2026-05-31T12:57:44] [DEBUG] [calypso-direct] [on_notify] [DATA_IN] AWS=4.3kt AWA=351° Batt=100% Temp=0°C
[2026-05-31T12:57:44] [DEBUG] [calypso-direct] [on_notify] [DATA_IN] AWS=4.3kt AWA=351° Batt=100% Temp=0°C
[2026-05-31T12:57:44] [DEBUG] [calypso-direct] [on_notify] [DATA_IN] AWS=4.3kt AWA=348° Batt=100% Temp=0°C
[2026-05-31T12:57:46] [DEBUG] [calypso-direct] [on_notify] [DATA_IN] AWS=4.3kt AWA=348° Batt=100% Temp=0°C
[2026-05-31T12:57:46] [DEBUG] [calypso-direct] [on_notify] [DATA_IN] AWS=4.1kt AWA=348° Batt=100% Temp=0°C
[2026-05-31T12:57:46] [DEBUG] [calypso-direct] [on_notify] [DATA_IN] AWS=4.1kt AWA=348° Batt=100% Temp=0°C
[2026-05-31T12:57:47] [DEBUG] [calypso-direct] [on_notify] [DATA_IN] AWS=4.1kt AWA=3° Batt=100% Temp=0°C
[2026-05-31T12:57:47] [DEBUG] [calypso-direct] [on_notify] [DATA_IN] AWS=4.1kt AWA=3° Batt=100% Temp=0°C
[2026-05-31T12:57:47] [DEBUG] [calypso-direct] [on_notify] [DATA_IN] AWS=4.7kt AWA=3° Batt=100% Temp=0°C
[2026-05-31T12:57:47] [DEBUG] [calypso-direct] [on_notify] [DATA_IN] AWS=4.9kt AWA=3° Batt=100% Temp=0°C
[2026-05-31T12:57:47] [DEBUG] [calypso-direct] [on_notify] [DATA_IN] AWS=4.9kt AWA=3° Batt=100% Temp=0°C
[2026-05-31T12:57:47] [DEBUG] [calypso-direct] [on_notify] [DATA_IN] AWS=4.9kt AWA=3° Batt=100% Temp=0°C
[2026-05-31T12:57:47] [DEBUG] [calypso-direct] [on_notify] [DATA_IN] AWS=4.9kt AWA=346° Batt=100% Temp=0°C
[2026-05-31T12:57:47] [DEBUG] [calypso-direct] [on_notify] [DATA_IN] AWS=4.7kt AWA=345° Batt=100% Temp=0°C
[2026-05-31T12:57:47] [DEBUG] [calypso-direct] [on_notify] [DATA_IN] AWS=4.5kt AWA=345° Batt=100% Temp=0°C
[2026-05-31T12:57:47] [DEBUG] [calypso-direct] [on_notify] [DATA_IN] AWS=4.3kt AWA=345° Batt=100% Temp=0°C
[2026-05-31T12:57:48] [DEBUG] [calypso-direct] [on_notify] [DATA_IN] AWS=4.3kt AWA=345° Batt=100% Temp=0°C
[2026-05-31T12:57:48] [DEBUG] [calypso-direct] [on_notify] [DATA_IN] AWS=3.9kt AWA=357° Batt=100% Temp=0°C
[2026-05-31T12:57:48] [DEBUG] [calypso-direct] [on_notify] [DATA_IN] AWS=3.9kt AWA=357° Batt=100% Temp=0°C
[2026-05-31T12:57:48] [DEBUG] [calypso-direct] [on_notify] [DATA_IN] AWS=3.7kt AWA=357° Batt=100% Temp=0°C
[2026-05-31T12:57:48] [DEBUG] [calypso-direct] [on_notify] [DATA_IN] AWS=3.7kt AWA=3° Batt=100% Temp=0°C
[2026-05-31T12:57:49] [DEBUG] [calypso-direct] [on_notify] [DATA_IN] AWS=3.7kt AWA=357° Batt=100% Temp=0°C
[2026-05-31T12:57:49] [DEBUG] [calypso-direct] [on_notify] [DATA_IN] AWS=3.7kt AWA=354° Batt=100% Temp=0°C
[2026-05-31T12:57:50] [DEBUG] [calypso-direct] [on_notify] [DATA_IN] AWS=3.7kt AWA=354° Batt=100% Temp=0°C
[2026-05-31T12:57:50] [DEBUG] [calypso-direct] [on_notify] [DATA_IN] AWS=4.1kt AWA=354° Batt=100% Temp=0°C
[2026-05-31T12:57:50] [DEBUG] [calypso-direct] [on_notify] [DATA_IN] AWS=4.1kt AWA=354° Batt=100% Temp=0°C
[2026-05-31T12:57:50] [DEBUG] [calypso-direct] [on_notify] [DATA_IN] AWS=4.1kt AWA=354° Batt=100% Temp=0°C
[2026-05-31T12:57:51] [DEBUG] [calypso-direct] [on_notify] [DATA_IN] AWS=4.5kt AWA=354° Batt=100% Temp=0°C
[2026-05-31T12:57:51] [DEBUG] [calypso-direct] [on_notify] [DATA_IN] AWS=4.5kt AWA=354° Batt=100% Temp=0°C
[2026-05-31T12:57:51] [DEBUG] [calypso-direct] [on_notify] [DATA_IN] AWS=4.5kt AWA=354° Batt=100% Temp=0°C
[2026-05-31T12:57:51] [DEBUG] [calypso-direct] [on_notify] [DATA_IN] AWS=3.9kt AWA=354° Batt=100% Temp=0°C
[2026-05-31T12:57:51] [DEBUG] [calypso-direct] [on_notify] [DATA_IN] AWS=3.7kt AWA=354° Batt=100% Temp=0°C
[2026-05-31T12:57:53] [DEBUG] [calypso-direct] [on_notify] [DATA_IN] AWS=3.7kt AWA=5° Batt=100% Temp=0°C
[2026-05-31T12:57:53] [DEBUG] [calypso-direct] [on_notify] [DATA_IN] AWS=3.7kt AWA=0° Batt=100% Temp=0°C
[2026-05-31T12:57:54] [DEBUG] [calypso-direct] [on_notify] [DATA_IN] AWS=4.3kt AWA=0° Batt=100% Temp=0°C
[2026-05-31T12:57:54] [DEBUG] [calypso-direct] [on_notify] [DATA_IN] AWS=4.7kt AWA=0° Batt=100% Temp=0°C
[2026-05-31T12:57:54] [DEBUG] [calypso-direct] [on_notify] [DATA_IN] AWS=4.9kt AWA=5° Batt=100% Temp=0°C
[2026-05-31T12:57:54] [DEBUG] [calypso-direct] [on_notify] [DATA_IN] AWS=5.1kt AWA=13° Batt=100% Temp=0°C
[2026-05-31T12:57:54] [DEBUG] [calypso-direct] [on_notify] [DATA_IN] AWS=5.1kt AWA=13° Batt=100% Temp=0°C
[2026-05-31T12:57:54] [DEBUG] [calypso-direct] [on_notify] [DATA_IN] AWS=4.9kt AWA=13° Batt=100% Temp=0°C
[2026-05-31T12:57:55] [DEBUG] [calypso-direct] [on_notify] [DATA_IN] AWS=4.5kt AWA=13° Batt=100% Temp=0°C
[2026-05-31T12:57:55] [DEBUG] [calypso-direct] [on_notify] [DATA_IN] AWS=4.3kt AWA=14° Batt=100% Temp=0°C
[2026-05-31T12:57:55] [DEBUG] [calypso-direct] [on_notify] [DATA_IN] AWS=4.3kt AWA=346° Batt=100% Temp=0°C
[2026-05-31T12:57:55] [DEBUG] [calypso-direct] [on_notify] [DATA_IN] AWS=4.5kt AWA=346° Batt=100% Temp=0°C
[2026-05-31T12:57:55] [DEBUG] [calypso-direct] [on_notify] [DATA_IN] AWS=4.5kt AWA=346° Batt=100% Temp=0°C
[2026-05-31T12:57:56] [DEBUG] [calypso-direct] [on_notify] [DATA_IN] AWS=4.9kt AWA=346° Batt=100% Temp=0°C
[2026-05-31T12:57:56] [DEBUG] [calypso-direct] [on_notify] [DATA_IN] AWS=5.1kt AWA=346° Batt=100% Temp=0°C
[2026-05-31T12:57:56] [DEBUG] [calypso-direct] [on_notify] [DATA_IN] AWS=5.1kt AWA=351° Batt=100% Temp=0°C
[2026-05-31T12:57:56] [DEBUG] [calypso-direct] [on_notify] [DATA_IN] AWS=5.2kt AWA=351° Batt=100% Temp=0°C
[2026-05-31T12:57:56] [DEBUG] [calypso-direct] [on_notify] [DATA_IN] AWS=5.2kt AWA=351° Batt=100% Temp=0°C
[2026-05-31T12:57:56] [DEBUG] [calypso-direct] [on_notify] [DATA_IN] AWS=5.2kt AWA=351° Batt=100% Temp=0°C
[2026-05-31T12:57:57] [DEBUG] [calypso-direct] [on_notify] [DATA_IN] AWS=5.1kt AWA=351° Batt=100% Temp=0°C
[2026-05-31T12:57:57] [DEBUG] [calypso-direct] [on_notify] [DATA_IN] AWS=5.2kt AWA=343° Batt=100% Temp=0°C
[2026-05-31T12:57:57] [DEBUG] [calypso-direct] [on_notify] [DATA_IN] AWS=5.1kt AWA=343° Batt=100% Temp=0°C
[2026-05-31T12:57:57] [DEBUG] [calypso-direct] [on_notify] [DATA_IN] AWS=5.1kt AWA=343° Batt=100% Temp=0°C
[2026-05-31T12:57:57] [DEBUG] [calypso-direct] [on_notify] [DATA_IN] AWS=5.1kt AWA=343° Batt=100% Temp=0°C
[2026-05-31T12:57:57] [DEBUG] [calypso-direct] [on_notify] [DATA_IN] AWS=5.1kt AWA=343° Batt=100% Temp=0°C
[2026-05-31T12:57:57] [DEBUG] [calypso-direct] [on_notify] [DATA_IN] AWS=5.1kt AWA=340° Batt=100% Temp=0°C
[2026-05-31T12:57:57] [DEBUG] [calypso-direct] [on_notify] [DATA_IN] AWS=5.1kt AWA=340° Batt=100% Temp=0°C
[2026-05-31T12:57:57] [DEBUG] [calypso-direct] [on_notify] [DATA_IN] AWS=4.7kt AWA=340° Batt=100% Temp=0°C
[2026-05-31T12:57:58] [DEBUG] [calypso-direct] [on_notify] [DATA_IN] AWS=4.7kt AWA=340° Batt=100% Temp=0°C
[2026-05-31T12:57:59] [DEBUG] [calypso-direct] [on_notify] [DATA_IN] AWS=4.9kt AWA=341° Batt=100% Temp=0°C
[2026-05-31T12:57:59] [DEBUG] [calypso-direct] [on_notify] [DATA_IN] AWS=4.9kt AWA=350° Batt=100% Temp=0°C
[2026-05-31T12:57:59] [DEBUG] [calypso-direct] [on_notify] [DATA_IN] AWS=4.9kt AWA=350° Batt=100% Temp=0°C
[2026-05-31T12:57:59] [DEBUG] [calypso-direct] [on_notify] [DATA_IN] AWS=4.9kt AWA=350° Batt=100% Temp=0°C
[2026-05-31T12:57:59] [DEBUG] [calypso-direct] [on_notify] [DATA_IN] AWS=4.7kt AWA=350° Batt=100% Temp=0°C
[2026-05-31T12:58:00] [DEBUG] [calypso-direct] [on_notify] [DATA_IN] AWS=4.7kt AWA=350° Batt=100% Temp=0°C
[2026-05-31T12:58:00] [DEBUG] [calypso-direct] [on_notify] [DATA_IN] AWS=4.7kt AWA=349° Batt=100% Temp=0°C
[2026-05-31T12:58:00] [DEBUG] [calypso-direct] [on_notify] [DATA_IN] AWS=4.7kt AWA=349° Batt=100% Temp=0°C
[2026-05-31T12:58:00] [DEBUG] [calypso-direct] [on_notify] [DATA_IN] AWS=4.9kt AWA=349° Batt=100% Temp=0°C
[2026-05-31T12:58:00] [DEBUG] [calypso-direct] [on_notify] [DATA_IN] AWS=4.9kt AWA=349° Batt=100% Temp=0°C
[2026-05-31T12:58:01] [DEBUG] [calypso-direct] [on_notify] [DATA_IN] AWS=4.9kt AWA=349° Batt=100% Temp=0°C
[2026-05-31T12:58:01] [DEBUG] [calypso-direct] [on_notify] [DATA_IN] AWS=5.1kt AWA=345° Batt=100% Temp=0°C
[2026-05-31T12:58:01] [DEBUG] [calypso-direct] [on_notify] [DATA_IN] AWS=5.1kt AWA=345° Batt=100% Temp=0°C
[2026-05-31T12:58:01] [DEBUG] [calypso-direct] [on_notify] [DATA_IN] AWS=4.7kt AWA=345° Batt=100% Temp=0°C
[2026-05-31T12:58:01] [DEBUG] [calypso-direct] [on_notify] [DATA_IN] AWS=4.7kt AWA=345° Batt=100% Temp=0°C
[2026-05-31T12:58:02] [DEBUG] [calypso-direct] [on_notify] [DATA_IN] AWS=4.7kt AWA=345° Batt=100% Temp=0°C
[2026-05-31T12:58:02] [DEBUG] [calypso-direct] [on_notify] [DATA_IN] AWS=4.7kt AWA=351° Batt=100% Temp=0°C
[2026-05-31T12:58:02] [DEBUG] [calypso-direct] [on_notify] [DATA_IN] AWS=4.7kt AWA=351° Batt=100% Temp=0°C
[2026-05-31T12:58:02] [DEBUG] [calypso-direct] [on_notify] [DATA_IN] AWS=4.7kt AWA=351° Batt=100% Temp=0°C
[2026-05-31T12:58:03] [DEBUG] [calypso-direct] [on_notify] [DATA_IN] AWS=4.9kt AWA=351° Batt=100% Temp=0°C
[2026-05-31T12:58:03] [DEBUG] [calypso-direct] [on_notify] [DATA_IN] AWS=4.9kt AWA=351° Batt=100% Temp=0°C
[2026-05-31T12:58:03] [DEBUG] [calypso-direct] [on_notify] [DATA_IN] AWS=4.9kt AWA=352° Batt=100% Temp=0°C
[2026-05-31T12:58:04] [DEBUG] [calypso-direct] [on_notify] [DATA_IN] AWS=4.7kt AWA=352° Batt=100% Temp=0°C
[2026-05-31T12:58:04] [DEBUG] [calypso-direct] [on_notify] [DATA_IN] AWS=4.5kt AWA=352° Batt=100% Temp=0°C
[2026-05-31T12:58:04] [DEBUG] [calypso-direct] [on_notify] [DATA_IN] AWS=4.1kt AWA=352° Batt=100% Temp=0°C
[2026-05-31T12:58:04] [DEBUG] [calypso-direct] [on_notify] [DATA_IN] AWS=3.7kt AWA=352° Batt=100% Temp=0°C
[2026-05-31T12:58:04] [DEBUG] [calypso-direct] [on_notify] [DATA_IN] AWS=3.7kt AWA=341° Batt=100% Temp=0°C
[2026-05-31T12:58:05] [DEBUG] [calypso-direct] [on_notify] [DATA_IN] AWS=3.5kt AWA=341° Batt=100% Temp=0°C
[2026-05-31T12:58:05] [DEBUG] [calypso-direct] [on_notify] [DATA_IN] AWS=3.5kt AWA=341° Batt=100% Temp=0°C
[2026-05-31T12:58:05] [DEBUG] [calypso-direct] [on_notify] [DATA_IN] AWS=3.5kt AWA=341° Batt=100% Temp=0°C
[2026-05-31T12:58:06] [DEBUG] [calypso-direct] [on_notify] [DATA_IN] AWS=3.7kt AWA=341° Batt=100% Temp=0°C
[2026-05-31T12:58:06] [DEBUG] [calypso-direct] [on_notify] [DATA_IN] AWS=3.7kt AWA=349° Batt=100% Temp=0°C
[2026-05-31T12:58:06] [DEBUG] [calypso-direct] [on_notify] [DATA_IN] AWS=3.7kt AWA=349° Batt=100% Temp=0°C
[2026-05-31T12:58:06] [DEBUG] [calypso-direct] [on_notify] [DATA_IN] AWS=3.7kt AWA=349° Batt=100% Temp=0°C
[2026-05-31T12:58:07] [DEBUG] [calypso-direct] [on_notify] [DATA_IN] AWS=3.7kt AWA=349° Batt=100% Temp=0°C
[2026-05-31T12:58:07] [DEBUG] [calypso-direct] [on_notify] [DATA_IN] AWS=3.7kt AWA=349° Batt=100% Temp=0°C
[2026-05-31T12:58:07] [DEBUG] [calypso-direct] [on_notify] [DATA_IN] AWS=3.3kt AWA=333° Batt=100% Temp=0°C
[2026-05-31T12:58:07] [DEBUG] [calypso-direct] [on_notify] [DATA_IN] AWS=3.3kt AWA=333° Batt=100% Temp=0°C
[2026-05-31T12:58:08] [DEBUG] [calypso-direct] [on_notify] [DATA_IN] AWS=3.3kt AWA=332° Batt=100% Temp=0°C
[2026-05-31T12:58:08] [DEBUG] [calypso-direct] [on_notify] [DATA_IN] AWS=3.3kt AWA=332° Batt=100% Temp=0°C
[2026-05-31T12:58:08] [DEBUG] [calypso-direct] [on_notify] [DATA_IN] AWS=3.3kt AWA=331° Batt=100% Temp=0°C
[2026-05-31T12:58:08] [DEBUG] [calypso-direct] [on_notify] [DATA_IN] AWS=3.7kt AWA=338° Batt=100% Temp=0°C
[2026-05-31T12:58:09] [DEBUG] [calypso-direct] [on_notify] [DATA_IN] AWS=3.7kt AWA=338° Batt=100% Temp=0°C
[2026-05-31T12:58:09] [DEBUG] [calypso-direct] [on_notify] [DATA_IN] AWS=3.7kt AWA=338° Batt=100% Temp=0°C
[2026-05-31T12:58:09] [DEBUG] [calypso-direct] [on_notify] [DATA_IN] AWS=3.7kt AWA=339° Batt=100% Temp=0°C
[2026-05-31T12:58:10] [DEBUG] [calypso-direct] [on_notify] [DATA_IN] AWS=3.7kt AWA=339° Batt=100% Temp=0°C
[2026-05-31T12:58:10] [DEBUG] [calypso-direct] [on_notify] [DATA_IN] AWS=3.7kt AWA=349° Batt=100% Temp=0°C
[2026-05-31T12:58:10] [DEBUG] [calypso-direct] [on_notify] [DATA_IN] AWS=3.5kt AWA=349° Batt=100% Temp=0°C
[2026-05-31T12:58:10] [DEBUG] [calypso-direct] [on_notify] [DATA_IN] AWS=3.5kt AWA=349° Batt=100% Temp=0°C
[2026-05-31T12:58:10] [DEBUG] [calypso-direct] [on_notify] [DATA_IN] AWS=3.3kt AWA=349° Batt=100% Temp=0°C
[2026-05-31T12:58:11] [DEBUG] [calypso-direct] [on_notify] [DATA_IN] AWS=2.9kt AWA=349° Batt=100% Temp=0°C
[2026-05-31T12:58:11] [DEBUG] [calypso-direct] [on_notify] [DATA_IN] AWS=2.9kt AWA=345° Batt=100% Temp=0°C
[2026-05-31T12:58:11] [DEBUG] [calypso-direct] [on_notify] [DATA_IN] AWS=2.9kt AWA=344° Batt=100% Temp=0°C
[2026-05-31T12:58:12] [DEBUG] [calypso-direct] [on_notify] [DATA_IN] AWS=2.9kt AWA=344° Batt=100% Temp=0°C
[2026-05-31T12:58:13] [DEBUG] [calypso-direct] [on_notify] [DATA_IN] AWS=3.7kt AWA=345° Batt=100% Temp=0°C
[2026-05-31T12:58:13] [DEBUG] [calypso-direct] [on_notify] [DATA_IN] AWS=3.9kt AWA=344° Batt=100% Temp=0°C
[2026-05-31T12:58:13] [DEBUG] [calypso-direct] [on_notify] [DATA_IN] AWS=4.5kt AWA=346° Batt=100% Temp=0°C
[2026-05-31T12:58:13] [DEBUG] [calypso-direct] [on_notify] [DATA_IN] AWS=3.9kt AWA=346° Batt=100% Temp=0°C
[2026-05-31T12:58:13] [DEBUG] [calypso-direct] [on_notify] [DATA_IN] AWS=3.9kt AWA=346° Batt=100% Temp=0°C
[2026-05-31T12:58:14] [DEBUG] [calypso-direct] [on_notify] [DATA_IN] AWS=4.3kt AWA=346° Batt=100% Temp=0°C
[2026-05-31T12:58:14] [DEBUG] [calypso-direct] [on_notify] [DATA_IN] AWS=4.3kt AWA=346° Batt=100% Temp=0°C
[2026-05-31T12:58:14] [DEBUG] [calypso-direct] [on_notify] [DATA_IN] AWS=3.9kt AWA=344° Batt=100% Temp=0°C
[2026-05-31T12:58:14] [DEBUG] [calypso-direct] [on_notify] [DATA_IN] AWS=4.3kt AWA=344° Batt=100% Temp=0°C
[2026-05-31T12:58:15] [DEBUG] [calypso-direct] [on_notify] [DATA_IN] AWS=4.3kt AWA=344° Batt=100% Temp=0°C
[2026-05-31T12:58:15] [DEBUG] [calypso-direct] [on_notify] [DATA_IN] AWS=4.5kt AWA=344° Batt=100% Temp=0°C
[2026-05-31T12:58:15] [DEBUG] [calypso-direct] [on_notify] [DATA_IN] AWS=4.5kt AWA=344° Batt=100% Temp=0°C
[2026-05-31T12:58:15] [DEBUG] [calypso-direct] [on_notify] [DATA_IN] AWS=4.5kt AWA=342° Batt=100% Temp=0°C
[2026-05-31T12:58:15] [DEBUG] [calypso-direct] [on_notify] [DATA_IN] AWS=4.9kt AWA=343° Batt=100% Temp=0°C
[2026-05-31T12:58:16] [DEBUG] [calypso-direct] [on_notify] [DATA_IN] AWS=4.9kt AWA=343° Batt=100% Temp=0°C
[2026-05-31T12:58:16] [DEBUG] [calypso-direct] [on_notify] [DATA_IN] AWS=4.9kt AWA=343° Batt=100% Temp=0°C
[2026-05-31T12:58:16] [DEBUG] [calypso-direct] [on_notify] [DATA_IN] AWS=5.2kt AWA=343° Batt=100% Temp=0°C
[2026-05-31T12:58:16] [DEBUG] [calypso-direct] [on_notify] [DATA_IN] AWS=5.4kt AWA=353° Batt=100% Temp=0°C
[2026-05-31T12:58:16] [DEBUG] [calypso-direct] [on_notify] [DATA_IN] AWS=5.4kt AWA=353° Batt=100% Temp=0°C
[2026-05-31T12:58:16] [DEBUG] [calypso-direct] [on_notify] [DATA_IN] AWS=5.4kt AWA=353° Batt=100% Temp=0°C
[2026-05-31T12:58:16] [DEBUG] [calypso-direct] [on_notify] [DATA_IN] AWS=5.4kt AWA=353° Batt=100% Temp=0°C
[2026-05-31T12:58:16] [DEBUG] [calypso-direct] [on_notify] [DATA_IN] AWS=5.4kt AWA=353° Batt=100% Temp=0°C
[2026-05-31T12:58:17] [DEBUG] [calypso-direct] [on_notify] [DATA_IN] AWS=5.2kt AWA=346° Batt=100% Temp=0°C
[2026-05-31T12:58:17] [DEBUG] [calypso-direct] [on_notify] [DATA_IN] AWS=5.1kt AWA=346° Batt=100% Temp=0°C
[2026-05-31T12:58:17] [DEBUG] [calypso-direct] [on_notify] [DATA_IN] AWS=4.9kt AWA=346° Batt=100% Temp=0°C
[2026-05-31T12:58:18] [DEBUG] [calypso-direct] [on_notify] [DATA_IN] AWS=4.7kt AWA=346° Batt=100% Temp=0°C
[2026-05-31T12:58:18] [DEBUG] [calypso-direct] [on_notify] [DATA_IN] AWS=4.7kt AWA=346° Batt=100% Temp=0°C
[2026-05-31T12:58:18] [DEBUG] [calypso-direct] [on_notify] [DATA_IN] AWS=4.7kt AWA=355° Batt=100% Temp=0°C
[2026-05-31T12:58:18] [DEBUG] [calypso-direct] [on_notify] [DATA_IN] AWS=4.9kt AWA=355° Batt=100% Temp=0°C
[2026-05-31T12:58:19] [DEBUG] [calypso-direct] [on_notify] [DATA_IN] AWS=5.6kt AWA=355° Batt=100% Temp=0°C
[2026-05-31T12:58:19] [DEBUG] [calypso-direct] [on_notify] [DATA_IN] AWS=5.6kt AWA=355° Batt=100% Temp=0°C
[2026-05-31T12:58:19] [DEBUG] [calypso-direct] [on_notify] [DATA_IN] AWS=5.6kt AWA=355° Batt=100% Temp=0°C
[2026-05-31T12:58:19] [DEBUG] [calypso-direct] [on_notify] [DATA_IN] AWS=5.4kt AWA=349° Batt=100% Temp=0°C
[2026-05-31T12:58:20] [DEBUG] [calypso-direct] [on_notify] [DATA_IN] AWS=5.4kt AWA=349° Batt=100% Temp=0°C
[2026-05-31T12:58:20] [DEBUG] [calypso-direct] [on_notify] [DATA_IN] AWS=5.1kt AWA=349° Batt=100% Temp=0°C
[2026-05-31T12:58:20] [DEBUG] [calypso-direct] [on_notify] [DATA_IN] AWS=5.4kt AWA=349° Batt=100% Temp=0°C
[2026-05-31T12:58:20] [DEBUG] [calypso-direct] [on_notify] [DATA_IN] AWS=5.4kt AWA=349° Batt=100% Temp=0°C
[2026-05-31T12:58:21] [DEBUG] [calypso-direct] [on_notify] [DATA_IN] AWS=5.1kt AWA=358° Batt=100% Temp=0°C
[2026-05-31T12:58:21] [DEBUG] [calypso-direct] [on_notify] [DATA_IN] AWS=5.1kt AWA=358° Batt=100% Temp=0°C
[2026-05-31T12:58:21] [DEBUG] [calypso-direct] [on_notify] [DATA_IN] AWS=5.4kt AWA=358° Batt=100% Temp=0°C
[2026-05-31T12:58:22] [DEBUG] [calypso-direct] [on_notify] [DATA_IN] AWS=5.2kt AWA=358° Batt=100% Temp=0°C
[2026-05-31T12:58:22] [INFO] [calypso-direct] [on_notify] [HEARTBEAT] packets=1204 last_data=0s ago l1_fails=0
[2026-05-31T12:58:22] [DEBUG] [calypso-direct] [on_notify] [DATA_IN] AWS=5.4kt AWA=358° Batt=100% Temp=0°C
[2026-05-31T12:58:22] [DEBUG] [calypso-direct] [on_notify] [DATA_IN] AWS=5.6kt AWA=349° Batt=100% Temp=0°C
[2026-05-31T12:58:22] [DEBUG] [calypso-direct] [on_notify] [DATA_IN] AWS=6.0kt AWA=349° Batt=100% Temp=0°C
[2026-05-31T12:58:22] [DEBUG] [calypso-direct] [on_notify] [DATA_IN] AWS=6.2kt AWA=349° Batt=100% Temp=0°C
[2026-05-31T12:58:23] [DEBUG] [calypso-direct] [on_notify] [DATA_IN] AWS=6.2kt AWA=349° Batt=100% Temp=0°C
[2026-05-31T12:58:23] [DEBUG] [calypso-direct] [on_notify] [DATA_IN] AWS=6.6kt AWA=349° Batt=100% Temp=0°C
[2026-05-31T12:58:24] [DEBUG] [calypso-direct] [on_notify] [DATA_IN] AWS=6.6kt AWA=357° Batt=100% Temp=0°C
[2026-05-31T12:58:25] [DEBUG] [calypso-direct] [on_notify] [DATA_IN] AWS=6.6kt AWA=357° Batt=100% Temp=0°C
[2026-05-31T12:58:26] [DEBUG] [calypso-direct] [on_notify] [DATA_IN] AWS=6.6kt AWA=357° Batt=100% Temp=0°C
[2026-05-31T12:58:26] [DEBUG] [calypso-direct] [on_notify] [DATA_IN] AWS=6.6kt AWA=357° Batt=100% Temp=0°C
[2026-05-31T12:58:26] [DEBUG] [calypso-direct] [on_notify] [DATA_IN] AWS=6.6kt AWA=357° Batt=100% Temp=0°C
[2026-05-31T12:58:26] [DEBUG] [calypso-direct] [on_notify] [DATA_IN] AWS=5.6kt AWA=344° Batt=100% Temp=0°C
[2026-05-31T12:58:26] [DEBUG] [calypso-direct] [on_notify] [DATA_IN] AWS=5.6kt AWA=344° Batt=100% Temp=0°C
[2026-05-31T12:58:27] [DEBUG] [calypso-direct] [on_notify] [DATA_IN] AWS=5.4kt AWA=344° Batt=100% Temp=0°C
[2026-05-31T12:58:27] [DEBUG] [calypso-direct] [on_notify] [DATA_IN] AWS=5.4kt AWA=344° Batt=100% Temp=0°C
[2026-05-31T12:58:27] [DEBUG] [calypso-direct] [on_notify] [DATA_IN] AWS=5.4kt AWA=344° Batt=100% Temp=0°C
[2026-05-31T12:58:27] [DEBUG] [calypso-direct] [on_notify] [DATA_IN] AWS=5.4kt AWA=357° Batt=100% Temp=0°C
[2026-05-31T12:58:27] [DEBUG] [calypso-direct] [on_notify] [DATA_IN] AWS=5.4kt AWA=357° Batt=100% Temp=0°C
[2026-05-31T12:58:28] [DEBUG] [calypso-direct] [on_notify] [DATA_IN] AWS=5.4kt AWA=357° Batt=100% Temp=0°C
[2026-05-31T12:58:28] [DEBUG] [calypso-direct] [on_notify] [DATA_IN] AWS=5.4kt AWA=0° Batt=100% Temp=0°C
[2026-05-31T12:58:28] [DEBUG] [calypso-direct] [on_notify] [DATA_IN] AWS=5.4kt AWA=357° Batt=100% Temp=0°C
[2026-05-31T12:58:28] [DEBUG] [calypso-direct] [on_notify] [DATA_IN] AWS=5.2kt AWA=357° Batt=100% Temp=0°C
[2026-05-31T12:58:28] [DEBUG] [calypso-direct] [on_notify] [DATA_IN] AWS=4.9kt AWA=357° Batt=100% Temp=0°C
[2026-05-31T12:58:29] [DEBUG] [calypso-direct] [on_notify] [DATA_IN] AWS=4.9kt AWA=357° Batt=100% Temp=0°C
[2026-05-31T12:58:29] [DEBUG] [calypso-direct] [on_notify] [DATA_IN] AWS=5.1kt AWA=357° Batt=100% Temp=0°C
[2026-05-31T12:58:29] [DEBUG] [calypso-direct] [on_notify] [DATA_IN] AWS=5.1kt AWA=357° Batt=100% Temp=0°C
[2026-05-31T12:58:29] [DEBUG] [calypso-direct] [on_notify] [DATA_IN] AWS=6.0kt AWA=348° Batt=100% Temp=0°C
[2026-05-31T12:58:29] [DEBUG] [calypso-direct] [on_notify] [DATA_IN] AWS=6.0kt AWA=348° Batt=100% Temp=0°C
[2026-05-31T12:58:30] [DEBUG] [calypso-direct] [on_notify] [DATA_IN] AWS=6.0kt AWA=348° Batt=100% Temp=0°C
[2026-05-31T12:58:30] [DEBUG] [calypso-direct] [on_notify] [DATA_IN] AWS=5.8kt AWA=348° Batt=100% Temp=0°C
[2026-05-31T12:58:30] [DEBUG] [calypso-direct] [on_notify] [DATA_IN] AWS=5.8kt AWA=348° Batt=100% Temp=0°C
[2026-05-31T12:58:30] [DEBUG] [calypso-direct] [on_notify] [DATA_IN] AWS=5.6kt AWA=356° Batt=100% Temp=0°C
[2026-05-31T12:58:30] [DEBUG] [calypso-direct] [on_notify] [DATA_IN] AWS=5.6kt AWA=356° Batt=100% Temp=0°C
[2026-05-31T12:58:31] [DEBUG] [calypso-direct] [on_notify] [DATA_IN] AWS=5.6kt AWA=356° Batt=100% Temp=0°C
[2026-05-31T12:58:31] [DEBUG] [calypso-direct] [on_notify] [DATA_IN] AWS=5.8kt AWA=356° Batt=100% Temp=0°C
[2026-05-31T12:58:31] [DEBUG] [calypso-direct] [on_notify] [DATA_IN] AWS=6.8kt AWA=356° Batt=100% Temp=0°C
[2026-05-31T12:58:31] [DEBUG] [calypso-direct] [on_notify] [DATA_IN] AWS=7.2kt AWA=344° Batt=100% Temp=0°C
[2026-05-31T12:58:31] [DEBUG] [calypso-direct] [on_notify] [DATA_IN] AWS=7.2kt AWA=344° Batt=100% Temp=0°C
[2026-05-31T12:58:32] [DEBUG] [calypso-direct] [on_notify] [DATA_IN] AWS=7.2kt AWA=344° Batt=100% Temp=0°C
[2026-05-31T12:58:32] [DEBUG] [calypso-direct] [on_notify] [DATA_IN] AWS=6.8kt AWA=344° Batt=100% Temp=0°C
[2026-05-31T12:58:32] [DEBUG] [calypso-direct] [on_notify] [DATA_IN] AWS=6.8kt AWA=344° Batt=100% Temp=0°C
[2026-05-31T12:58:33] [DEBUG] [calypso-direct] [on_notify] [DATA_IN] AWS=6.4kt AWA=340° Batt=100% Temp=0°C
[2026-05-31T12:58:33] [DEBUG] [calypso-direct] [on_notify] [DATA_IN] AWS=6.4kt AWA=340° Batt=100% Temp=0°C
[2026-05-31T12:58:33] [DEBUG] [calypso-direct] [on_notify] [DATA_IN] AWS=6.4kt AWA=340° Batt=100% Temp=0°C
[2026-05-31T12:58:33] [DEBUG] [calypso-direct] [on_notify] [DATA_IN] AWS=6.4kt AWA=340° Batt=100% Temp=0°C
[2026-05-31T12:58:33] [DEBUG] [calypso-direct] [on_notify] [DATA_IN] AWS=6.4kt AWA=340° Batt=100% Temp=0°C
[2026-05-31T12:58:34] [DEBUG] [calypso-direct] [on_notify] [DATA_IN] AWS=6.2kt AWA=348° Batt=100% Temp=0°C
[2026-05-31T12:58:34] [DEBUG] [calypso-direct] [on_notify] [DATA_IN] AWS=6.4kt AWA=348° Batt=100% Temp=0°C
[2026-05-31T12:58:34] [DEBUG] [calypso-direct] [on_notify] [DATA_IN] AWS=6.2kt AWA=348° Batt=100% Temp=0°C
[2026-05-31T12:58:34] [DEBUG] [calypso-direct] [on_notify] [DATA_IN] AWS=6.4kt AWA=348° Batt=100% Temp=0°C
[2026-05-31T12:58:34] [DEBUG] [calypso-direct] [on_notify] [DATA_IN] AWS=6.2kt AWA=348° Batt=100% Temp=0°C
[2026-05-31T12:58:34] [DEBUG] [calypso-direct] [on_notify] [DATA_IN] AWS=6.2kt AWA=344° Batt=100% Temp=0°C
[2026-05-31T12:58:34] [DEBUG] [calypso-direct] [on_notify] [DATA_IN] AWS=5.8kt AWA=344° Batt=100% Temp=0°C
[2026-05-31T12:58:36] [DEBUG] [calypso-direct] [on_notify] [DATA_IN] AWS=5.8kt AWA=344° Batt=100% Temp=0°C
[2026-05-31T12:58:36] [DEBUG] [calypso-direct] [on_notify] [DATA_IN] AWS=5.4kt AWA=344° Batt=100% Temp=0°C
[2026-05-31T12:58:36] [DEBUG] [calypso-direct] [on_notify] [DATA_IN] AWS=5.4kt AWA=344° Batt=100% Temp=0°C
[2026-05-31T12:58:36] [DEBUG] [calypso-direct] [on_notify] [DATA_IN] AWS=5.4kt AWA=347° Batt=100% Temp=0°C
[2026-05-31T12:58:36] [DEBUG] [calypso-direct] [on_notify] [DATA_IN] AWS=5.4kt AWA=347° Batt=100% Temp=0°C
[2026-05-31T12:58:36] [DEBUG] [calypso-direct] [on_notify] [DATA_IN] AWS=5.6kt AWA=347° Batt=100% Temp=0°C
[2026-05-31T12:58:36] [DEBUG] [calypso-direct] [on_notify] [DATA_IN] AWS=5.6kt AWA=347° Batt=100% Temp=0°C
[2026-05-31T12:58:37] [DEBUG] [calypso-direct] [on_notify] [DATA_IN] AWS=5.6kt AWA=347° Batt=100% Temp=0°C
[2026-05-31T12:58:37] [DEBUG] [calypso-direct] [on_notify] [DATA_IN] AWS=5.4kt AWA=1° Batt=100% Temp=0°C
[2026-05-31T12:58:37] [DEBUG] [calypso-direct] [on_notify] [DATA_IN] AWS=4.5kt AWA=1° Batt=100% Temp=0°C
[2026-05-31T12:58:37] [DEBUG] [calypso-direct] [on_notify] [DATA_IN] AWS=4.3kt AWA=1° Batt=100% Temp=0°C
[2026-05-31T12:58:38] [DEBUG] [calypso-direct] [on_notify] [DATA_IN] AWS=4.3kt AWA=1° Batt=100% Temp=0°C
[2026-05-31T12:58:38] [DEBUG] [calypso-direct] [on_notify] [DATA_IN] AWS=4.3kt AWA=1° Batt=100% Temp=0°C
[2026-05-31T12:58:38] [DEBUG] [calypso-direct] [on_notify] [DATA_IN] AWS=5.2kt AWA=349° Batt=100% Temp=0°C
[2026-05-31T12:58:38] [DEBUG] [calypso-direct] [on_notify] [DATA_IN] AWS=5.2kt AWA=349° Batt=100% Temp=0°C
[2026-05-31T12:58:39] [DEBUG] [calypso-direct] [on_notify] [DATA_IN] AWS=5.2kt AWA=350° Batt=100% Temp=0°C
[2026-05-31T12:58:39] [DEBUG] [calypso-direct] [on_notify] [DATA_IN] AWS=5.1kt AWA=350° Batt=100% Temp=0°C
[2026-05-31T12:58:39] [DEBUG] [calypso-direct] [on_notify] [DATA_IN] AWS=4.7kt AWA=350° Batt=100% Temp=0°C
[2026-05-31T12:58:39] [DEBUG] [calypso-direct] [on_notify] [DATA_IN] AWS=4.5kt AWA=5° Batt=100% Temp=0°C
[2026-05-31T12:58:40] [DEBUG] [calypso-direct] [on_notify] [DATA_IN] AWS=4.5kt AWA=5° Batt=100% Temp=0°C
[2026-05-31T12:58:40] [DEBUG] [calypso-direct] [on_notify] [DATA_IN] AWS=4.5kt AWA=5° Batt=100% Temp=0°C
[2026-05-31T12:58:40] [DEBUG] [calypso-direct] [on_notify] [DATA_IN] AWS=4.9kt AWA=5° Batt=100% Temp=0°C
[2026-05-31T12:58:40] [DEBUG] [calypso-direct] [on_notify] [DATA_IN] AWS=4.9kt AWA=5° Batt=100% Temp=0°C
[2026-05-31T12:58:41] [DEBUG] [calypso-direct] [on_notify] [DATA_IN] AWS=5.1kt AWA=336° Batt=100% Temp=0°C
[2026-05-31T12:58:41] [DEBUG] [calypso-direct] [on_notify] [DATA_IN] AWS=5.1kt AWA=336° Batt=100% Temp=0°C
[2026-05-31T12:58:41] [DEBUG] [calypso-direct] [on_notify] [DATA_IN] AWS=5.1kt AWA=335° Batt=100% Temp=0°C
[2026-05-31T12:58:41] [DEBUG] [calypso-direct] [on_notify] [DATA_IN] AWS=5.1kt AWA=335° Batt=100% Temp=0°C
[2026-05-31T12:58:42] [DEBUG] [calypso-direct] [on_notify] [DATA_IN] AWS=4.9kt AWA=335° Batt=100% Temp=0°C
[2026-05-31T12:58:42] [DEBUG] [calypso-direct] [on_notify] [DATA_IN] AWS=4.9kt AWA=341° Batt=100% Temp=0°C
[2026-05-31T12:58:42] [DEBUG] [calypso-direct] [on_notify] [DATA_IN] AWS=5.1kt AWA=342° Batt=100% Temp=0°C
[2026-05-31T12:58:43] [DEBUG] [calypso-direct] [on_notify] [DATA_IN] AWS=5.1kt AWA=342° Batt=100% Temp=0°C
[2026-05-31T12:58:43] [DEBUG] [calypso-direct] [on_notify] [DATA_IN] AWS=5.1kt AWA=342° Batt=100% Temp=0°C
[2026-05-31T12:58:43] [DEBUG] [calypso-direct] [on_notify] [DATA_IN] AWS=5.1kt AWA=342° Batt=100% Temp=0°C
[2026-05-31T12:58:43] [DEBUG] [calypso-direct] [on_notify] [DATA_IN] AWS=4.9kt AWA=355° Batt=100% Temp=0°C
[2026-05-31T12:58:44] [DEBUG] [calypso-direct] [on_notify] [DATA_IN] AWS=4.9kt AWA=355° Batt=100% Temp=0°C
[2026-05-31T12:58:44] [DEBUG] [calypso-direct] [on_notify] [DATA_IN] AWS=4.7kt AWA=355° Batt=100% Temp=0°C
[2026-05-31T12:58:44] [DEBUG] [calypso-direct] [on_notify] [DATA_IN] AWS=4.7kt AWA=354° Batt=100% Temp=0°C
[2026-05-31T12:58:44] [DEBUG] [calypso-direct] [on_notify] [DATA_IN] AWS=4.1kt AWA=354° Batt=100% Temp=0°C
[2026-05-31T12:58:46] [DEBUG] [calypso-direct] [on_notify] [DATA_IN] AWS=4.1kt AWA=338° Batt=100% Temp=0°C
[2026-05-31T12:58:46] [DEBUG] [calypso-direct] [on_notify] [DATA_IN] AWS=3.3kt AWA=338° Batt=100% Temp=0°C
[2026-05-31T12:58:46] [DEBUG] [calypso-direct] [on_notify] [DATA_IN] AWS=3.3kt AWA=339° Batt=100% Temp=0°C
[2026-05-31T12:58:46] [DEBUG] [calypso-direct] [on_notify] [DATA_IN] AWS=3.3kt AWA=339° Batt=100% Temp=0°C
[2026-05-31T12:58:46] [DEBUG] [calypso-direct] [on_notify] [DATA_IN] AWS=3.3kt AWA=338° Batt=100% Temp=0°C
[2026-05-31T12:58:47] [DEBUG] [calypso-direct] [on_notify] [DATA_IN] AWS=3.1kt AWA=335° Batt=100% Temp=0°C
[2026-05-31T12:58:47] [DEBUG] [calypso-direct] [on_notify] [DATA_IN] AWS=3.1kt AWA=335° Batt=100% Temp=0°C
[2026-05-31T12:58:47] [DEBUG] [calypso-direct] [on_notify] [DATA_IN] AWS=3.3kt AWA=335° Batt=100% Temp=0°C
[2026-05-31T12:58:47] [DEBUG] [calypso-direct] [on_notify] [DATA_IN] AWS=3.7kt AWA=335° Batt=100% Temp=0°C
[2026-05-31T12:58:47] [DEBUG] [calypso-direct] [on_notify] [DATA_IN] AWS=4.1kt AWA=336° Batt=100% Temp=0°C
[2026-05-31T12:58:47] [DEBUG] [calypso-direct] [on_notify] [DATA_IN] AWS=4.7kt AWA=354° Batt=100% Temp=0°C
[2026-05-31T12:58:48] [DEBUG] [calypso-direct] [on_notify] [DATA_IN] AWS=5.4kt AWA=354° Batt=100% Temp=0°C
[2026-05-31T12:58:48] [DEBUG] [calypso-direct] [on_notify] [DATA_IN] AWS=5.8kt AWA=354° Batt=100% Temp=0°C
[2026-05-31T12:58:48] [DEBUG] [calypso-direct] [on_notify] [DATA_IN] AWS=5.8kt AWA=354° Batt=100% Temp=0°C
[2026-05-31T12:58:48] [DEBUG] [calypso-direct] [on_notify] [DATA_IN] AWS=5.8kt AWA=354° Batt=100% Temp=0°C
[2026-05-31T12:58:48] [DEBUG] [calypso-direct] [on_notify] [DATA_IN] AWS=5.8kt AWA=354° Batt=100% Temp=0°C
[2026-05-31T12:58:48] [DEBUG] [calypso-direct] [on_notify] [DATA_IN] AWS=5.6kt AWA=354° Batt=100% Temp=0°C
[2026-05-31T12:58:49] [DEBUG] [calypso-direct] [on_notify] [DATA_IN] AWS=5.6kt AWA=354° Batt=100% Temp=0°C
[2026-05-31T12:58:49] [DEBUG] [calypso-direct] [on_notify] [DATA_IN] AWS=5.6kt AWA=354° Batt=100% Temp=0°C
[2026-05-31T12:58:50] [DEBUG] [calypso-direct] [on_notify] [DATA_IN] AWS=5.6kt AWA=354° Batt=100% Temp=0°C
[2026-05-31T12:58:50] [DEBUG] [calypso-direct] [on_notify] [DATA_IN] AWS=6.0kt AWA=349° Batt=100% Temp=0°C
[2026-05-31T12:58:50] [DEBUG] [calypso-direct] [on_notify] [DATA_IN] AWS=6.4kt AWA=349° Batt=100% Temp=0°C
[2026-05-31T12:58:50] [DEBUG] [calypso-direct] [on_notify] [DATA_IN] AWS=6.4kt AWA=349° Batt=100% Temp=0°C
[2026-05-31T12:58:51] [DEBUG] [calypso-direct] [on_notify] [DATA_IN] AWS=6.4kt AWA=349° Batt=100% Temp=0°C
[2026-05-31T12:58:51] [DEBUG] [calypso-direct] [on_notify] [DATA_IN] AWS=6.4kt AWA=349° Batt=100% Temp=0°C
[2026-05-31T12:58:51] [DEBUG] [calypso-direct] [on_notify] [DATA_IN] AWS=6.4kt AWA=354° Batt=100% Temp=0°C
[2026-05-31T12:58:52] [DEBUG] [calypso-direct] [on_notify] [DATA_IN] AWS=6.2kt AWA=354° Batt=100% Temp=0°C
[2026-05-31T12:58:52] [DEBUG] [calypso-direct] [on_notify] [DATA_IN] AWS=5.8kt AWA=354° Batt=100% Temp=0°C
[2026-05-31T12:58:52] [DEBUG] [calypso-direct] [on_notify] [DATA_IN] AWS=5.6kt AWA=354° Batt=100% Temp=0°C
[2026-05-31T12:58:52] [DEBUG] [calypso-direct] [on_notify] [DATA_IN] AWS=5.6kt AWA=354° Batt=100% Temp=0°C
[2026-05-31T12:58:52] [DEBUG] [calypso-direct] [on_notify] [DATA_IN] AWS=5.6kt AWA=356° Batt=100% Temp=0°C
[2026-05-31T12:58:53] [DEBUG] [calypso-direct] [on_notify] [DATA_IN] AWS=6.6kt AWA=356° Batt=100% Temp=0°C
[2026-05-31T12:58:53] [DEBUG] [calypso-direct] [on_notify] [DATA_IN] AWS=6.6kt AWA=356° Batt=100% Temp=0°C
[2026-05-31T12:58:53] [DEBUG] [calypso-direct] [on_notify] [DATA_IN] AWS=7.2kt AWA=356° Batt=100% Temp=0°C
[2026-05-31T12:58:53] [DEBUG] [calypso-direct] [on_notify] [DATA_IN] AWS=7.2kt AWA=356° Batt=100% Temp=0°C
[2026-05-31T12:58:54] [DEBUG] [calypso-direct] [on_notify] [DATA_IN] AWS=7.0kt AWA=355° Batt=100% Temp=0°C
[2026-05-31T12:58:54] [DEBUG] [calypso-direct] [on_notify] [DATA_IN] AWS=7.6kt AWA=1° Batt=100% Temp=0°C
[2026-05-31T12:58:54] [DEBUG] [calypso-direct] [on_notify] [DATA_IN] AWS=7.0kt AWA=0° Batt=100% Temp=0°C
[2026-05-31T12:58:54] [DEBUG] [calypso-direct] [on_notify] [DATA_IN] AWS=7.0kt AWA=2° Batt=100% Temp=0°C
[2026-05-31T12:58:54] [DEBUG] [calypso-direct] [on_notify] [DATA_IN] AWS=7.6kt AWA=4° Batt=100% Temp=0°C
[2026-05-31T12:58:54] [DEBUG] [calypso-direct] [on_notify] [DATA_IN] AWS=7.6kt AWA=4° Batt=100% Temp=0°C
[2026-05-31T12:58:55] [DEBUG] [calypso-direct] [on_notify] [DATA_IN] AWS=7.6kt AWA=0° Batt=100% Temp=0°C
[2026-05-31T12:58:56] [DEBUG] [calypso-direct] [on_notify] [DATA_IN] AWS=7.6kt AWA=0° Batt=100% Temp=0°C
[2026-05-31T12:58:56] [DEBUG] [calypso-direct] [on_notify] [DATA_IN] AWS=7.6kt AWA=358° Batt=100% Temp=0°C
[2026-05-31T12:58:56] [DEBUG] [calypso-direct] [on_notify] [DATA_IN] AWS=7.6kt AWA=358° Batt=100% Temp=0°C
[2026-05-31T12:58:56] [DEBUG] [calypso-direct] [on_notify] [DATA_IN] AWS=7.6kt AWA=4° Batt=100% Temp=0°C
[2026-05-31T12:58:56] [DEBUG] [calypso-direct] [on_notify] [DATA_IN] AWS=7.6kt AWA=4° Batt=100% Temp=0°C
[2026-05-31T12:58:56] [DEBUG] [calypso-direct] [on_notify] [DATA_IN] AWS=7.6kt AWA=4° Batt=100% Temp=0°C
[2026-05-31T12:58:56] [DEBUG] [calypso-direct] [on_notify] [DATA_IN] AWS=7.8kt AWA=2° Batt=100% Temp=0°C
[2026-05-31T12:58:57] [DEBUG] [calypso-direct] [on_notify] [DATA_IN] AWS=7.8kt AWA=4° Batt=100% Temp=0°C
[2026-05-31T12:58:57] [DEBUG] [calypso-direct] [on_notify] [DATA_IN] AWS=7.8kt AWA=2° Batt=100% Temp=0°C
[2026-05-31T12:58:57] [DEBUG] [calypso-direct] [on_notify] [DATA_IN] AWS=7.0kt AWA=2° Batt=100% Temp=0°C
[2026-05-31T12:58:57] [DEBUG] [calypso-direct] [on_notify] [DATA_IN] AWS=7.0kt AWA=2° Batt=100% Temp=0°C
[2026-05-31T12:58:58] [DEBUG] [calypso-direct] [on_notify] [DATA_IN] AWS=7.0kt AWA=4° Batt=100% Temp=0°C
[2026-05-31T12:58:59] [DEBUG] [calypso-direct] [on_notify] [DATA_IN] AWS=7.4kt AWA=2° Batt=100% Temp=0°C
[2026-05-31T12:58:59] [DEBUG] [calypso-direct] [on_notify] [DATA_IN] AWS=7.4kt AWA=356° Batt=100% Temp=0°C
[2026-05-31T12:58:59] [DEBUG] [calypso-direct] [on_notify] [DATA_IN] AWS=7.4kt AWA=4° Batt=100% Temp=0°C
[2026-05-31T12:58:59] [DEBUG] [calypso-direct] [on_notify] [DATA_IN] AWS=7.2kt AWA=4° Batt=100% Temp=0°C
[2026-05-31T12:58:59] [DEBUG] [calypso-direct] [on_notify] [DATA_IN] AWS=7.2kt AWA=5° Batt=100% Temp=0°C
[2026-05-31T12:58:59] [DEBUG] [calypso-direct] [on_notify] [DATA_IN] AWS=6.8kt AWA=7° Batt=100% Temp=0°C
[2026-05-31T12:58:59] [DEBUG] [calypso-direct] [on_notify] [DATA_IN] AWS=6.6kt AWA=7° Batt=100% Temp=0°C
[2026-05-31T12:59:00] [DEBUG] [calypso-direct] [on_notify] [DATA_IN] AWS=6.6kt AWA=5° Batt=100% Temp=0°C
[2026-05-31T12:59:00] [DEBUG] [calypso-direct] [on_notify] [DATA_IN] AWS=6.0kt AWA=4° Batt=100% Temp=0°C
[2026-05-31T12:59:00] [DEBUG] [calypso-direct] [on_notify] [DATA_IN] AWS=6.0kt AWA=4° Batt=100% Temp=0°C
[2026-05-31T12:59:01] [DEBUG] [calypso-direct] [on_notify] [DATA_IN] AWS=5.4kt AWA=1° Batt=100% Temp=0°C
[2026-05-31T12:59:01] [DEBUG] [calypso-direct] [on_notify] [DATA_IN] AWS=5.2kt AWA=0° Batt=100% Temp=0°C
[2026-05-31T12:59:01] [DEBUG] [calypso-direct] [on_notify] [DATA_IN] AWS=5.4kt AWA=355° Batt=100% Temp=0°C
[2026-05-31T12:59:01] [DEBUG] [calypso-direct] [on_notify] [DATA_IN] AWS=5.4kt AWA=355° Batt=100% Temp=0°C
[2026-05-31T12:59:02] [DEBUG] [calypso-direct] [on_notify] [DATA_IN] AWS=5.4kt AWA=355° Batt=100% Temp=0°C
[2026-05-31T12:59:02] [DEBUG] [calypso-direct] [on_notify] [DATA_IN] AWS=6.0kt AWA=355° Batt=100% Temp=0°C
[2026-05-31T12:59:02] [DEBUG] [calypso-direct] [on_notify] [DATA_IN] AWS=6.0kt AWA=4° Batt=100% Temp=0°C
[2026-05-31T12:59:02] [DEBUG] [calypso-direct] [on_notify] [DATA_IN] AWS=6.0kt AWA=8° Batt=100% Temp=0°C
[2026-05-31T12:59:03] [DEBUG] [calypso-direct] [on_notify] [DATA_IN] AWS=6.2kt AWA=8° Batt=100% Temp=0°C
[2026-05-31T12:59:03] [DEBUG] [calypso-direct] [on_notify] [DATA_IN] AWS=7.2kt AWA=8° Batt=100% Temp=0°C
[2026-05-31T12:59:03] [DEBUG] [calypso-direct] [on_notify] [DATA_IN] AWS=7.2kt AWA=8° Batt=100% Temp=0°C
[2026-05-31T12:59:03] [DEBUG] [calypso-direct] [on_notify] [DATA_IN] AWS=7.6kt AWA=2° Batt=100% Temp=0°C
[2026-05-31T12:59:03] [DEBUG] [calypso-direct] [on_notify] [DATA_IN] AWS=8.0kt AWA=2° Batt=100% Temp=0°C
[2026-05-31T12:59:04] [DEBUG] [calypso-direct] [on_notify] [DATA_IN] AWS=8.0kt AWA=2° Batt=100% Temp=0°C
[2026-05-31T12:59:04] [DEBUG] [calypso-direct] [on_notify] [DATA_IN] AWS=7.8kt AWA=2° Batt=100% Temp=0°C
[2026-05-31T12:59:04] [DEBUG] [calypso-direct] [on_notify] [DATA_IN] AWS=8.0kt AWA=2° Batt=100% Temp=0°C
[2026-05-31T12:59:06] [DEBUG] [calypso-direct] [on_notify] [DATA_IN] AWS=7.8kt AWA=356° Batt=100% Temp=0°C
[2026-05-31T12:59:06] [DEBUG] [calypso-direct] [on_notify] [DATA_IN] AWS=7.6kt AWA=356° Batt=100% Temp=0°C
[2026-05-31T12:59:06] [DEBUG] [calypso-direct] [on_notify] [DATA_IN] AWS=7.6kt AWA=356° Batt=100% Temp=0°C
[2026-05-31T12:59:06] [DEBUG] [calypso-direct] [on_notify] [DATA_IN] AWS=7.2kt AWA=356° Batt=100% Temp=0°C
[2026-05-31T12:59:06] [DEBUG] [calypso-direct] [on_notify] [DATA_IN] AWS=7.2kt AWA=356° Batt=100% Temp=0°C
[2026-05-31T12:59:06] [DEBUG] [calypso-direct] [on_notify] [DATA_IN] AWS=7.6kt AWA=4° Batt=100% Temp=0°C
[2026-05-31T12:59:06] [DEBUG] [calypso-direct] [on_notify] [DATA_IN] AWS=7.8kt AWA=8° Batt=100% Temp=0°C
[2026-05-31T12:59:06] [DEBUG] [calypso-direct] [on_notify] [DATA_IN] AWS=7.8kt AWA=12° Batt=100% Temp=0°C
[2026-05-31T12:59:06] [DEBUG] [calypso-direct] [on_notify] [DATA_IN] AWS=8.2kt AWA=12° Batt=100% Temp=0°C
[2026-05-31T12:59:07] [DEBUG] [calypso-direct] [on_notify] [DATA_IN] AWS=8.6kt AWA=17° Batt=100% Temp=0°C
[2026-05-31T12:59:07] [DEBUG] [calypso-direct] [on_notify] [DATA_IN] AWS=8.6kt AWA=18° Batt=100% Temp=0°C
[2026-05-31T12:59:07] [DEBUG] [calypso-direct] [on_notify] [DATA_IN] AWS=8.6kt AWA=18° Batt=100% Temp=0°C
[2026-05-31T12:59:08] [DEBUG] [calypso-direct] [on_notify] [DATA_IN] AWS=8.6kt AWA=18° Batt=100% Temp=0°C
[2026-05-31T12:59:08] [DEBUG] [calypso-direct] [on_notify] [DATA_IN] AWS=8.6kt AWA=16° Batt=100% Temp=0°C
[2026-05-31T12:59:08] [DEBUG] [calypso-direct] [on_notify] [DATA_IN] AWS=8.0kt AWA=11° Batt=100% Temp=0°C
[2026-05-31T12:59:09] [DEBUG] [calypso-direct] [on_notify] [DATA_IN] AWS=8.0kt AWA=11° Batt=100% Temp=0°C
[2026-05-31T12:59:09] [DEBUG] [calypso-direct] [on_notify] [DATA_IN] AWS=8.0kt AWA=11° Batt=100% Temp=0°C
[2026-05-31T12:59:09] [DEBUG] [calypso-direct] [on_notify] [DATA_IN] AWS=8.0kt AWA=11° Batt=100% Temp=0°C
[2026-05-31T12:59:09] [DEBUG] [calypso-direct] [on_notify] [DATA_IN] AWS=8.0kt AWA=14° Batt=100% Temp=0°C
[2026-05-31T12:59:09] [DEBUG] [calypso-direct] [on_notify] [DATA_IN] AWS=8.2kt AWA=21° Batt=100% Temp=0°C
[2026-05-31T12:59:10] [DEBUG] [calypso-direct] [on_notify] [DATA_IN] AWS=8.2kt AWA=21° Batt=100% Temp=0°C
[2026-05-31T12:59:10] [DEBUG] [calypso-direct] [on_notify] [DATA_IN] AWS=8.2kt AWA=22° Batt=100% Temp=0°C
[2026-05-31T12:59:10] [DEBUG] [calypso-direct] [on_notify] [DATA_IN] AWS=8.2kt AWA=21° Batt=100% Temp=0°C
[2026-05-31T12:59:10] [DEBUG] [calypso-direct] [on_notify] [DATA_IN] AWS=8.2kt AWA=27° Batt=100% Temp=0°C
[2026-05-31T12:59:11] [DEBUG] [calypso-direct] [on_notify] [DATA_IN] AWS=7.4kt AWA=27° Batt=100% Temp=0°C
[2026-05-31T12:59:11] [DEBUG] [calypso-direct] [on_notify] [DATA_IN] AWS=7.4kt AWA=24° Batt=100% Temp=0°C
[2026-05-31T12:59:12] [DEBUG] [calypso-direct] [on_notify] [DATA_IN] AWS=7.4kt AWA=21° Batt=100% Temp=0°C
[2026-05-31T12:59:12] [DEBUG] [calypso-direct] [on_notify] [DATA_IN] AWS=7.6kt AWA=21° Batt=100% Temp=0°C
[2026-05-31T12:59:12] [DEBUG] [calypso-direct] [on_notify] [DATA_IN] AWS=7.6kt AWA=19° Batt=100% Temp=0°C
[2026-05-31T12:59:12] [DEBUG] [calypso-direct] [on_notify] [DATA_IN] AWS=8.4kt AWA=19° Batt=100% Temp=0°C
[2026-05-31T12:59:12] [DEBUG] [calypso-direct] [on_notify] [DATA_IN] AWS=8.4kt AWA=19° Batt=100% Temp=0°C
[2026-05-31T12:59:13] [DEBUG] [calypso-direct] [on_notify] [DATA_IN] AWS=8.4kt AWA=19° Batt=100% Temp=0°C
[2026-05-31T12:59:13] [DEBUG] [calypso-direct] [on_notify] [DATA_IN] AWS=8.4kt AWA=21° Batt=100% Temp=0°C
[2026-05-31T12:59:13] [DEBUG] [calypso-direct] [on_notify] [DATA_IN] AWS=8.4kt AWA=24° Batt=100% Temp=0°C
[2026-05-31T12:59:13] [DEBUG] [calypso-direct] [on_notify] [DATA_IN] AWS=8.4kt AWA=27° Batt=100% Temp=0°C
[2026-05-31T12:59:14] [DEBUG] [calypso-direct] [on_notify] [DATA_IN] AWS=8.4kt AWA=27° Batt=100% Temp=0°C
[2026-05-31T12:59:14] [DEBUG] [calypso-direct] [on_notify] [DATA_IN] AWS=9.3kt AWA=27° Batt=100% Temp=0°C
[2026-05-31T12:59:14] [DEBUG] [calypso-direct] [on_notify] [DATA_IN] AWS=9.3kt AWA=27° Batt=100% Temp=0°C
[2026-05-31T12:59:14] [DEBUG] [calypso-direct] [on_notify] [DATA_IN] AWS=9.3kt AWA=24° Batt=100% Temp=0°C
[2026-05-31T12:59:14] [DEBUG] [calypso-direct] [on_notify] [DATA_IN] AWS=9.3kt AWA=21° Batt=100% Temp=0°C
[2026-05-31T12:59:14] [DEBUG] [calypso-direct] [on_notify] [DATA_IN] AWS=9.3kt AWA=20° Batt=100% Temp=0°C
[2026-05-31T12:59:15] [DEBUG] [calypso-direct] [on_notify] [DATA_IN] AWS=9.9kt AWA=20° Batt=100% Temp=0°C
[2026-05-31T12:59:16] [DEBUG] [calypso-direct] [on_notify] [DATA_IN] AWS=9.9kt AWA=21° Batt=100% Temp=0°C
[2026-05-31T12:59:16] [DEBUG] [calypso-direct] [on_notify] [DATA_IN] AWS=9.9kt AWA=21° Batt=100% Temp=0°C
[2026-05-31T12:59:16] [DEBUG] [calypso-direct] [on_notify] [DATA_IN] AWS=10.3kt AWA=23° Batt=100% Temp=0°C
[2026-05-31T12:59:16] [DEBUG] [calypso-direct] [on_notify] [DATA_IN] AWS=10.3kt AWA=24° Batt=100% Temp=0°C
[2026-05-31T12:59:16] [DEBUG] [calypso-direct] [on_notify] [DATA_IN] AWS=10.3kt AWA=25° Batt=100% Temp=0°C
[2026-05-31T12:59:16] [DEBUG] [calypso-direct] [on_notify] [DATA_IN] AWS=10.3kt AWA=25° Batt=100% Temp=0°C
[2026-05-31T12:59:16] [DEBUG] [calypso-direct] [on_notify] [DATA_IN] AWS=10.3kt AWA=25° Batt=100% Temp=0°C
[2026-05-31T12:59:17] [DEBUG] [calypso-direct] [on_notify] [DATA_IN] AWS=10.3kt AWA=24° Batt=100% Temp=0°C
[2026-05-31T12:59:17] [DEBUG] [calypso-direct] [on_notify] [DATA_IN] AWS=9.9kt AWA=24° Batt=100% Temp=0°C
[2026-05-31T12:59:17] [DEBUG] [calypso-direct] [on_notify] [DATA_IN] AWS=9.9kt AWA=24° Batt=100% Temp=0°C
[2026-05-31T12:59:17] [DEBUG] [calypso-direct] [on_notify] [DATA_IN] AWS=9.9kt AWA=24° Batt=100% Temp=0°C
[2026-05-31T12:59:18] [DEBUG] [calypso-direct] [on_notify] [DATA_IN] AWS=9.7kt AWA=23° Batt=100% Temp=0°C
[2026-05-31T12:59:18] [DEBUG] [calypso-direct] [on_notify] [DATA_IN] AWS=9.5kt AWA=22° Batt=100% Temp=0°C
[2026-05-31T12:59:18] [DEBUG] [calypso-direct] [on_notify] [DATA_IN] AWS=8.9kt AWA=22° Batt=100% Temp=0°C
[2026-05-31T12:59:18] [DEBUG] [calypso-direct] [on_notify] [DATA_IN] AWS=8.9kt AWA=21° Batt=100% Temp=0°C
[2026-05-31T12:59:19] [DEBUG] [calypso-direct] [on_notify] [DATA_IN] AWS=8.6kt AWA=21° Batt=100% Temp=0°C
[2026-05-31T12:59:19] [DEBUG] [calypso-direct] [on_notify] [DATA_IN] AWS=8.6kt AWA=22° Batt=100% Temp=0°C
[2026-05-31T12:59:19] [DEBUG] [calypso-direct] [on_notify] [DATA_IN] AWS=8.6kt AWA=24° Batt=100% Temp=0°C
[2026-05-31T12:59:19] [DEBUG] [calypso-direct] [on_notify] [DATA_IN] AWS=8.7kt AWA=27° Batt=100% Temp=0°C
[2026-05-31T12:59:20] [DEBUG] [calypso-direct] [on_notify] [DATA_IN] AWS=8.9kt AWA=30° Batt=100% Temp=0°C
[2026-05-31T12:59:20] [DEBUG] [calypso-direct] [on_notify] [DATA_IN] AWS=8.9kt AWA=30° Batt=100% Temp=0°C
[2026-05-31T12:59:20] [DEBUG] [calypso-direct] [on_notify] [DATA_IN] AWS=8.9kt AWA=31° Batt=100% Temp=0°C
[2026-05-31T12:59:20] [DEBUG] [calypso-direct] [on_notify] [DATA_IN] AWS=8.7kt AWA=31° Batt=100% Temp=0°C
[2026-05-31T12:59:21] [DEBUG] [calypso-direct] [on_notify] [DATA_IN] AWS=8.6kt AWA=30° Batt=100% Temp=0°C
[2026-05-31T12:59:21] [DEBUG] [calypso-direct] [on_notify] [DATA_IN] AWS=8.4kt AWA=29° Batt=100% Temp=0°C
[2026-05-31T12:59:21] [DEBUG] [calypso-direct] [on_notify] [DATA_IN] AWS=8.2kt AWA=28° Batt=100% Temp=0°C
[2026-05-31T12:59:21] [DEBUG] [calypso-direct] [on_notify] [DATA_IN] AWS=8.4kt AWA=28° Batt=100% Temp=0°C
[2026-05-31T12:59:22] [DEBUG] [calypso-direct] [on_notify] [DATA_IN] AWS=8.4kt AWA=28° Batt=100% Temp=0°C
[2026-05-31T12:59:22] [DEBUG] [calypso-direct] [on_notify] [DATA_IN] AWS=8.4kt AWA=27° Batt=100% Temp=0°C
[2026-05-31T12:59:22] [DEBUG] [calypso-direct] [on_notify] [DATA_IN] AWS=8.4kt AWA=28° Batt=100% Temp=0°C
[2026-05-31T12:59:23] [DEBUG] [calypso-direct] [on_notify] [DATA_IN] AWS=8.9kt AWA=28° Batt=100% Temp=0°C
[2026-05-31T12:59:23] [DEBUG] [calypso-direct] [on_notify] [DATA_IN] AWS=8.9kt AWA=29° Batt=100% Temp=0°C
[2026-05-31T12:59:23] [DEBUG] [calypso-direct] [on_notify] [DATA_IN] AWS=8.7kt AWA=29° Batt=100% Temp=0°C
[2026-05-31T12:59:23] [DEBUG] [calypso-direct] [on_notify] [DATA_IN] AWS=8.7kt AWA=29° Batt=100% Temp=0°C
[2026-05-31T12:59:24] [DEBUG] [calypso-direct] [on_notify] [DATA_IN] AWS=8.0kt AWA=29° Batt=100% Temp=0°C
[2026-05-31T12:59:24] [DEBUG] [calypso-direct] [on_notify] [DATA_IN] AWS=8.0kt AWA=29° Batt=100% Temp=0°C
[2026-05-31T12:59:24] [DEBUG] [calypso-direct] [on_notify] [DATA_IN] AWS=8.0kt AWA=28° Batt=100% Temp=0°C
[2026-05-31T12:59:25] [DEBUG] [calypso-direct] [on_notify] [DATA_IN] AWS=8.0kt AWA=27° Batt=100% Temp=0°C
[2026-05-31T12:59:26] [DEBUG] [calypso-direct] [on_notify] [DATA_IN] AWS=7.8kt AWA=27° Batt=100% Temp=0°C
[2026-05-31T12:59:26] [DEBUG] [calypso-direct] [on_notify] [DATA_IN] AWS=7.8kt AWA=25° Batt=100% Temp=0°C
[2026-05-31T12:59:26] [DEBUG] [calypso-direct] [on_notify] [DATA_IN] AWS=7.8kt AWA=27° Batt=100% Temp=0°C
[2026-05-31T12:59:26] [DEBUG] [calypso-direct] [on_notify] [DATA_IN] AWS=7.8kt AWA=27° Batt=100% Temp=0°C
[2026-05-31T12:59:26] [DEBUG] [calypso-direct] [on_notify] [DATA_IN] AWS=8.2kt AWA=37° Batt=100% Temp=0°C
[2026-05-31T12:59:26] [DEBUG] [calypso-direct] [on_notify] [DATA_IN] AWS=8.2kt AWA=38° Batt=100% Temp=0°C
[2026-05-31T12:59:26] [DEBUG] [calypso-direct] [on_notify] [DATA_IN] AWS=8.2kt AWA=38° Batt=100% Temp=0°C
[2026-05-31T12:59:26] [DEBUG] [calypso-direct] [on_notify] [DATA_IN] AWS=8.2kt AWA=37° Batt=100% Temp=0°C
[2026-05-31T12:59:27] [DEBUG] [calypso-direct] [on_notify] [DATA_IN] AWS=8.2kt AWA=34° Batt=100% Temp=0°C
[2026-05-31T12:59:27] [DEBUG] [calypso-direct] [on_notify] [DATA_IN] AWS=8.0kt AWA=32° Batt=100% Temp=0°C
[2026-05-31T12:59:28] [DEBUG] [calypso-direct] [on_notify] [DATA_IN] AWS=7.8kt AWA=32° Batt=100% Temp=0°C
[2026-05-31T12:59:28] [DEBUG] [calypso-direct] [on_notify] [DATA_IN] AWS=7.8kt AWA=31° Batt=100% Temp=0°C
[2026-05-31T12:59:28] [DEBUG] [calypso-direct] [on_notify] [DATA_IN] AWS=7.8kt AWA=28° Batt=100% Temp=0°C
[2026-05-31T12:59:28] [DEBUG] [calypso-direct] [on_notify] [DATA_IN] AWS=7.8kt AWA=28° Batt=100% Temp=0°C
[2026-05-31T12:59:28] [DEBUG] [calypso-direct] [on_notify] [DATA_IN] AWS=8.4kt AWA=30° Batt=100% Temp=0°C
[2026-05-31T12:59:29] [DEBUG] [calypso-direct] [on_notify] [DATA_IN] AWS=8.4kt AWA=28° Batt=100% Temp=0°C
[2026-05-31T12:59:29] [DEBUG] [calypso-direct] [on_notify] [DATA_IN] AWS=8.6kt AWA=28° Batt=100% Temp=0°C
[2026-05-31T12:59:29] [DEBUG] [calypso-direct] [on_notify] [DATA_IN] AWS=9.1kt AWA=30° Batt=100% Temp=0°C
[2026-05-31T12:59:29] [DEBUG] [calypso-direct] [on_notify] [DATA_IN] AWS=9.3kt AWA=30° Batt=100% Temp=0°C
[2026-05-31T12:59:30] [DEBUG] [calypso-direct] [on_notify] [DATA_IN] AWS=9.1kt AWA=30° Batt=100% Temp=0°C
[2026-05-31T12:59:30] [DEBUG] [calypso-direct] [on_notify] [DATA_IN] AWS=9.1kt AWA=32° Batt=100% Temp=0°C
[2026-05-31T12:59:30] [DEBUG] [calypso-direct] [on_notify] [DATA_IN] AWS=8.6kt AWA=35° Batt=100% Temp=0°C
[2026-05-31T12:59:30] [DEBUG] [calypso-direct] [on_notify] [DATA_IN] AWS=8.6kt AWA=35° Batt=100% Temp=0°C
[2026-05-31T12:59:31] [DEBUG] [calypso-direct] [on_notify] [DATA_IN] AWS=8.6kt AWA=35° Batt=100% Temp=0°C
[2026-05-31T12:59:31] [DEBUG] [calypso-direct] [on_notify] [DATA_IN] AWS=8.6kt AWA=34° Batt=100% Temp=0°C
[2026-05-31T12:59:31] [DEBUG] [calypso-direct] [on_notify] [DATA_IN] AWS=8.7kt AWA=29° Batt=100% Temp=0°C
[2026-05-31T12:59:32] [DEBUG] [calypso-direct] [on_notify] [DATA_IN] AWS=9.1kt AWA=29° Batt=100% Temp=0°C
[2026-05-31T12:59:32] [DEBUG] [calypso-direct] [on_notify] [DATA_IN] AWS=9.1kt AWA=29° Batt=100% Temp=0°C
[2026-05-31T12:59:32] [DEBUG] [calypso-direct] [on_notify] [DATA_IN] AWS=9.1kt AWA=31° Batt=100% Temp=0°C
[2026-05-31T12:59:33] [DEBUG] [calypso-direct] [on_notify] [DATA_IN] AWS=9.3kt AWA=31° Batt=100% Temp=0°C
[2026-05-31T12:59:33] [DEBUG] [calypso-direct] [on_notify] [DATA_IN] AWS=9.5kt AWA=31° Batt=100% Temp=0°C
[2026-05-31T12:59:33] [DEBUG] [calypso-direct] [on_notify] [DATA_IN] AWS=9.5kt AWA=33° Batt=100% Temp=0°C
[2026-05-31T12:59:33] [DEBUG] [calypso-direct] [on_notify] [DATA_IN] AWS=9.5kt AWA=33° Batt=100% Temp=0°C
[2026-05-31T12:59:34] [DEBUG] [calypso-direct] [on_notify] [DATA_IN] AWS=9.9kt AWA=33° Batt=100% Temp=0°C
[2026-05-31T12:59:34] [DEBUG] [calypso-direct] [on_notify] [DATA_IN] AWS=9.9kt AWA=34° Batt=100% Temp=0°C
[2026-05-31T12:59:34] [DEBUG] [calypso-direct] [on_notify] [DATA_IN] AWS=9.9kt AWA=34° Batt=100% Temp=0°C
[2026-05-31T12:59:34] [DEBUG] [calypso-direct] [on_notify] [DATA_IN] AWS=9.7kt AWA=34° Batt=100% Temp=0°C
[2026-05-31T12:59:34] [DEBUG] [calypso-direct] [on_notify] [DATA_IN] AWS=9.1kt AWA=31° Batt=100% Temp=0°C
[2026-05-31T12:59:34] [DEBUG] [calypso-direct] [on_notify] [DATA_IN] AWS=9.1kt AWA=31° Batt=100% Temp=0°C
[2026-05-31T12:59:34] [DEBUG] [calypso-direct] [on_notify] [DATA_IN] AWS=9.1kt AWA=30° Batt=100% Temp=0°C
[2026-05-31T12:59:36] [DEBUG] [calypso-direct] [on_notify] [DATA_IN] AWS=9.9kt AWA=26° Batt=100% Temp=0°C
[2026-05-31T12:59:36] [DEBUG] [calypso-direct] [on_notify] [DATA_IN] AWS=9.9kt AWA=26° Batt=100% Temp=0°C
[2026-05-31T12:59:36] [DEBUG] [calypso-direct] [on_notify] [DATA_IN] AWS=10.3kt AWA=26° Batt=100% Temp=0°C
[2026-05-31T12:59:36] [DEBUG] [calypso-direct] [on_notify] [DATA_IN] AWS=10.3kt AWA=27° Batt=100% Temp=0°C
[2026-05-31T12:59:36] [DEBUG] [calypso-direct] [on_notify] [DATA_IN] AWS=9.9kt AWA=29° Batt=100% Temp=0°C
[2026-05-31T12:59:36] [DEBUG] [calypso-direct] [on_notify] [DATA_IN] AWS=8.7kt AWA=33° Batt=100% Temp=0°C
[2026-05-31T12:59:36] [DEBUG] [calypso-direct] [on_notify] [DATA_IN] AWS=8.7kt AWA=33° Batt=100% Temp=0°C
[2026-05-31T12:59:36] [DEBUG] [calypso-direct] [on_notify] [DATA_IN] AWS=8.7kt AWA=33° Batt=100% Temp=0°C
[2026-05-31T12:59:37] [DEBUG] [calypso-direct] [on_notify] [DATA_IN] AWS=8.9kt AWA=28° Batt=100% Temp=0°C
[2026-05-31T12:59:37] [DEBUG] [calypso-direct] [on_notify] [DATA_IN] AWS=9.1kt AWA=25° Batt=100% Temp=0°C
[2026-05-31T12:59:37] [DEBUG] [calypso-direct] [on_notify] [DATA_IN] AWS=9.3kt AWA=25° Batt=100% Temp=0°C
[2026-05-31T12:59:37] [DEBUG] [calypso-direct] [on_notify] [DATA_IN] AWS=9.3kt AWA=25° Batt=100% Temp=0°C
[2026-05-31T12:59:38] [DEBUG] [calypso-direct] [on_notify] [DATA_IN] AWS=9.1kt AWA=28° Batt=100% Temp=0°C
[2026-05-31T12:59:38] [DEBUG] [calypso-direct] [on_notify] [DATA_IN] AWS=8.7kt AWA=30° Batt=100% Temp=0°C
[2026-05-31T12:59:38] [DEBUG] [calypso-direct] [on_notify] [DATA_IN] AWS=8.7kt AWA=30° Batt=100% Temp=0°C
[2026-05-31T12:59:39] [DEBUG] [calypso-direct] [on_notify] [DATA_IN] AWS=8.7kt AWA=28° Batt=100% Temp=0°C
[2026-05-31T12:59:39] [DEBUG] [calypso-direct] [on_notify] [DATA_IN] AWS=8.7kt AWA=27° Batt=100% Temp=0°C
[2026-05-31T12:59:39] [DEBUG] [calypso-direct] [on_notify] [DATA_IN] AWS=8.9kt AWA=27° Batt=100% Temp=0°C
[2026-05-31T12:59:39] [DEBUG] [calypso-direct] [on_notify] [DATA_IN] AWS=8.9kt AWA=25° Batt=100% Temp=0°C
[2026-05-31T12:59:39] [DEBUG] [calypso-direct] [on_notify] [DATA_IN] AWS=9.1kt AWA=25° Batt=100% Temp=0°C
[2026-05-31T12:59:40] [DEBUG] [calypso-direct] [on_notify] [DATA_IN] AWS=9.1kt AWA=25° Batt=100% Temp=0°C
[2026-05-31T12:59:40] [DEBUG] [calypso-direct] [on_notify] [DATA_IN] AWS=9.3kt AWA=27° Batt=100% Temp=0°C
[2026-05-31T12:59:40] [DEBUG] [calypso-direct] [on_notify] [DATA_IN] AWS=9.3kt AWA=32° Batt=100% Temp=0°C
[2026-05-31T12:59:41] [DEBUG] [calypso-direct] [on_notify] [DATA_IN] AWS=9.1kt AWA=32° Batt=100% Temp=0°C
[2026-05-31T12:59:41] [DEBUG] [calypso-direct] [on_notify] [DATA_IN] AWS=9.1kt AWA=34° Batt=100% Temp=0°C
[2026-05-31T12:59:41] [DEBUG] [calypso-direct] [on_notify] [DATA_IN] AWS=8.9kt AWA=34° Batt=100% Temp=0°C
[2026-05-31T12:59:41] [DEBUG] [calypso-direct] [on_notify] [DATA_IN] AWS=8.9kt AWA=34° Batt=100% Temp=0°C
[2026-05-31T12:59:42] [DEBUG] [calypso-direct] [on_notify] [DATA_IN] AWS=8.9kt AWA=31° Batt=100% Temp=0°C
[2026-05-31T12:59:42] [DEBUG] [calypso-direct] [on_notify] [DATA_IN] AWS=8.7kt AWA=28° Batt=100% Temp=0°C
[2026-05-31T12:59:42] [DEBUG] [calypso-direct] [on_notify] [DATA_IN] AWS=8.4kt AWA=27° Batt=100% Temp=0°C
[2026-05-31T12:59:43] [DEBUG] [calypso-direct] [on_notify] [DATA_IN] AWS=8.4kt AWA=27° Batt=100% Temp=0°C
[2026-05-31T12:59:43] [DEBUG] [calypso-direct] [on_notify] [DATA_IN] AWS=8.2kt AWA=27° Batt=100% Temp=0°C
[2026-05-31T12:59:43] [DEBUG] [calypso-direct] [on_notify] [DATA_IN] AWS=8.2kt AWA=30° Batt=100% Temp=0°C
[2026-05-31T12:59:43] [DEBUG] [calypso-direct] [on_notify] [DATA_IN] AWS=8.4kt AWA=30° Batt=100% Temp=0°C
[2026-05-31T12:59:43] [DEBUG] [calypso-direct] [on_notify] [DATA_IN] AWS=8.7kt AWA=30° Batt=100% Temp=0°C
[2026-05-31T12:59:44] [DEBUG] [calypso-direct] [on_notify] [DATA_IN] AWS=8.9kt AWA=32° Batt=100% Temp=0°C
[2026-05-31T12:59:44] [DEBUG] [calypso-direct] [on_notify] [DATA_IN] AWS=8.9kt AWA=32° Batt=100% Temp=0°C
[2026-05-31T12:59:44] [DEBUG] [calypso-direct] [on_notify] [DATA_IN] AWS=8.9kt AWA=32° Batt=100% Temp=0°C
[2026-05-31T12:59:45] [DEBUG] [calypso-direct] [on_notify] [DATA_IN] AWS=9.1kt AWA=32° Batt=100% Temp=0°C
[2026-05-31T12:59:45] [DEBUG] [calypso-direct] [on_notify] [DATA_IN] AWS=9.1kt AWA=33° Batt=100% Temp=0°C
[2026-05-31T12:59:46] [DEBUG] [calypso-direct] [on_notify] [DATA_IN] AWS=8.9kt AWA=33° Batt=100% Temp=0°C
[2026-05-31T12:59:46] [DEBUG] [calypso-direct] [on_notify] [DATA_IN] AWS=8.7kt AWA=34° Batt=100% Temp=0°C
[2026-05-31T12:59:46] [DEBUG] [calypso-direct] [on_notify] [DATA_IN] AWS=8.7kt AWA=34° Batt=100% Temp=0°C
[2026-05-31T12:59:46] [DEBUG] [calypso-direct] [on_notify] [DATA_IN] AWS=8.6kt AWA=34° Batt=100% Temp=0°C
[2026-05-31T12:59:46] [DEBUG] [calypso-direct] [on_notify] [DATA_IN] AWS=8.6kt AWA=33° Batt=100% Temp=0°C
[2026-05-31T12:59:46] [DEBUG] [calypso-direct] [on_notify] [DATA_IN] AWS=8.9kt AWA=30° Batt=100% Temp=0°C
[2026-05-31T12:59:46] [DEBUG] [calypso-direct] [on_notify] [DATA_IN] AWS=9.5kt AWA=30° Batt=100% Temp=0°C
[2026-05-31T12:59:47] [DEBUG] [calypso-direct] [on_notify] [DATA_IN] AWS=9.5kt AWA=30° Batt=100% Temp=0°C
[2026-05-31T12:59:47] [DEBUG] [calypso-direct] [on_notify] [DATA_IN] AWS=9.5kt AWA=31° Batt=100% Temp=0°C
[2026-05-31T12:59:47] [DEBUG] [calypso-direct] [on_notify] [DATA_IN] AWS=9.5kt AWA=31° Batt=100% Temp=0°C
[2026-05-31T12:59:48] [DEBUG] [calypso-direct] [on_notify] [DATA_IN] AWS=9.3kt AWA=32° Batt=100% Temp=0°C
[2026-05-31T12:59:48] [DEBUG] [calypso-direct] [on_notify] [DATA_IN] AWS=9.1kt AWA=32° Batt=100% Temp=0°C
[2026-05-31T12:59:48] [DEBUG] [calypso-direct] [on_notify] [DATA_IN] AWS=9.1kt AWA=29° Batt=100% Temp=0°C
[2026-05-31T12:59:49] [DEBUG] [calypso-direct] [on_notify] [DATA_IN] AWS=9.1kt AWA=29° Batt=100% Temp=0°C
[2026-05-31T12:59:49] [DEBUG] [calypso-direct] [on_notify] [DATA_IN] AWS=9.3kt AWA=29° Batt=100% Temp=0°C
[2026-05-31T12:59:49] [DEBUG] [calypso-direct] [on_notify] [DATA_IN] AWS=9.3kt AWA=29° Batt=100% Temp=0°C
[2026-05-31T12:59:49] [DEBUG] [calypso-direct] [on_notify] [DATA_IN] AWS=9.3kt AWA=29° Batt=100% Temp=0°C
[2026-05-31T12:59:50] [DEBUG] [calypso-direct] [on_notify] [DATA_IN] AWS=9.3kt AWA=27° Batt=100% Temp=0°C
[2026-05-31T12:59:50] [DEBUG] [calypso-direct] [on_notify] [DATA_IN] AWS=8.9kt AWA=27° Batt=100% Temp=0°C
[2026-05-31T12:59:50] [DEBUG] [calypso-direct] [on_notify] [DATA_IN] AWS=8.7kt AWA=25° Batt=100% Temp=0°C
[2026-05-31T12:59:50] [DEBUG] [calypso-direct] [on_notify] [DATA_IN] AWS=8.7kt AWA=25° Batt=100% Temp=0°C
[2026-05-31T12:59:50] [DEBUG] [calypso-direct] [on_notify] [DATA_IN] AWS=8.9kt AWA=25° Batt=100% Temp=0°C
[2026-05-31T12:59:51] [DEBUG] [calypso-direct] [on_notify] [DATA_IN] AWS=9.7kt AWA=25° Batt=100% Temp=0°C
[2026-05-31T12:59:51] [DEBUG] [calypso-direct] [on_notify] [DATA_IN] AWS=9.7kt AWA=28° Batt=100% Temp=0°C
[2026-05-31T12:59:53] [DEBUG] [calypso-direct] [on_notify] [DATA_IN] AWS=9.7kt AWA=28° Batt=100% Temp=0°C
[2026-05-31T12:59:53] [DEBUG] [calypso-direct] [on_notify] [DATA_IN] AWS=9.3kt AWA=28° Batt=100% Temp=0°C
[2026-05-31T12:59:53] [DEBUG] [calypso-direct] [on_notify] [DATA_IN] AWS=9.1kt AWA=28° Batt=100% Temp=0°C
[2026-05-31T12:59:53] [DEBUG] [calypso-direct] [on_notify] [DATA_IN] AWS=8.7kt AWA=27° Batt=100% Temp=0°C
[2026-05-31T12:59:53] [DEBUG] [calypso-direct] [on_notify] [DATA_IN] AWS=8.7kt AWA=26° Batt=100% Temp=0°C
[2026-05-31T12:59:54] [DEBUG] [calypso-direct] [on_notify] [DATA_IN] AWS=8.6kt AWA=23° Batt=100% Temp=0°C
[2026-05-31T12:59:54] [DEBUG] [calypso-direct] [on_notify] [DATA_IN] AWS=8.7kt AWA=19° Batt=100% Temp=0°C
[2026-05-31T12:59:54] [DEBUG] [calypso-direct] [on_notify] [DATA_IN] AWS=8.9kt AWA=19° Batt=100% Temp=0°C
[2026-05-31T12:59:54] [DEBUG] [calypso-direct] [on_notify] [DATA_IN] AWS=9.3kt AWA=19° Batt=100% Temp=0°C
[2026-05-31T12:59:54] [DEBUG] [calypso-direct] [on_notify] [DATA_IN] AWS=9.3kt AWA=25° Batt=100% Temp=0°C
[2026-05-31T12:59:54] [DEBUG] [calypso-direct] [on_notify] [DATA_IN] AWS=9.3kt AWA=29° Batt=100% Temp=0°C
[2026-05-31T12:59:54] [DEBUG] [calypso-direct] [on_notify] [DATA_IN] AWS=9.3kt AWA=29° Batt=100% Temp=0°C
[2026-05-31T12:59:54] [DEBUG] [calypso-direct] [on_notify] [DATA_IN] AWS=9.3kt AWA=29° Batt=100% Temp=0°C
[2026-05-31T12:59:54] [DEBUG] [calypso-direct] [on_notify] [DATA_IN] AWS=9.3kt AWA=27° Batt=100% Temp=0°C
[2026-05-31T12:59:54] [DEBUG] [calypso-direct] [on_notify] [DATA_IN] AWS=9.5kt AWA=27° Batt=100% Temp=0°C
[2026-05-31T12:59:55] [DEBUG] [calypso-direct] [on_notify] [DATA_IN] AWS=9.5kt AWA=26° Batt=100% Temp=0°C
[2026-05-31T12:59:55] [DEBUG] [calypso-direct] [on_notify] [DATA_IN] AWS=9.5kt AWA=26° Batt=100% Temp=0°C
[2026-05-31T12:59:55] [DEBUG] [calypso-direct] [on_notify] [DATA_IN] AWS=9.5kt AWA=26° Batt=100% Temp=0°C
[2026-05-31T12:59:55] [DEBUG] [calypso-direct] [on_notify] [DATA_IN] AWS=8.7kt AWA=25° Batt=100% Temp=0°C
[2026-05-31T12:59:55] [DEBUG] [calypso-direct] [on_notify] [DATA_IN] AWS=8.7kt AWA=25° Batt=100% Temp=0°C
[2026-05-31T12:59:56] [DEBUG] [calypso-direct] [on_notify] [DATA_IN] AWS=8.6kt AWA=25° Batt=100% Temp=0°C
[2026-05-31T12:59:56] [DEBUG] [calypso-direct] [on_notify] [DATA_IN] AWS=8.6kt AWA=24° Batt=100% Temp=0°C
[2026-05-31T12:59:56] [DEBUG] [calypso-direct] [on_notify] [DATA_IN] AWS=8.7kt AWA=24° Batt=100% Temp=0°C
[2026-05-31T12:59:57] [DEBUG] [calypso-direct] [on_notify] [DATA_IN] AWS=9.3kt AWA=24° Batt=100% Temp=0°C
[2026-05-31T12:59:57] [DEBUG] [calypso-direct] [on_notify] [DATA_IN] AWS=9.5kt AWA=25° Batt=100% Temp=0°C
[2026-05-31T12:59:57] [DEBUG] [calypso-direct] [on_notify] [DATA_IN] AWS=9.5kt AWA=29° Batt=100% Temp=0°C
[2026-05-31T12:59:57] [DEBUG] [calypso-direct] [on_notify] [DATA_IN] AWS=9.5kt AWA=35° Batt=100% Temp=0°C
[2026-05-31T12:59:59] [DEBUG] [calypso-direct] [on_notify] [DATA_IN] AWS=9.1kt AWA=35° Batt=100% Temp=0°C
[2026-05-31T12:59:59] [DEBUG] [calypso-direct] [on_notify] [DATA_IN] AWS=9.1kt AWA=35° Batt=100% Temp=0°C
[2026-05-31T12:59:59] [DEBUG] [calypso-direct] [on_notify] [DATA_IN] AWS=8.7kt AWA=35° Batt=100% Temp=0°C
[2026-05-31T12:59:59] [DEBUG] [calypso-direct] [on_notify] [DATA_IN] AWS=8.4kt AWA=27° Batt=100% Temp=0°C
[2026-05-31T12:59:59] [DEBUG] [calypso-direct] [on_notify] [DATA_IN] AWS=8.0kt AWA=22° Batt=100% Temp=0°C
[2026-05-31T12:59:59] [DEBUG] [calypso-direct] [on_notify] [DATA_IN] AWS=7.8kt AWA=22° Batt=100% Temp=0°C
[2026-05-31T12:59:59] [DEBUG] [calypso-direct] [on_notify] [DATA_IN] AWS=7.6kt AWA=22° Batt=100% Temp=0°C
[2026-05-31T12:59:59] [DEBUG] [calypso-direct] [on_notify] [DATA_IN] AWS=7.8kt AWA=22° Batt=100% Temp=0°C
[2026-05-31T13:00:00] [DEBUG] [calypso-direct] [on_notify] [DATA_IN] AWS=8.0kt AWA=22° Batt=100% Temp=0°C
[2026-05-31T13:00:00] [DEBUG] [calypso-direct] [on_notify] [DATA_IN] AWS=7.6kt AWA=22° Batt=100% Temp=0°C
[2026-05-31T13:00:00] [DEBUG] [calypso-direct] [on_notify] [DATA_IN] AWS=7.6kt AWA=22° Batt=100% Temp=0°C
[2026-05-31T13:00:01] [DEBUG] [calypso-direct] [on_notify] [DATA_IN] AWS=8.0kt AWA=22° Batt=100% Temp=0°C
[2026-05-31T13:00:01] [DEBUG] [calypso-direct] [on_notify] [DATA_IN] AWS=8.0kt AWA=22° Batt=100% Temp=0°C
[2026-05-31T13:00:01] [DEBUG] [calypso-direct] [on_notify] [DATA_IN] AWS=8.6kt AWA=27° Batt=100% Temp=0°C
[2026-05-31T13:00:01] [DEBUG] [calypso-direct] [on_notify] [DATA_IN] AWS=8.7kt AWA=27° Batt=100% Temp=0°C
[2026-05-31T13:00:01] [DEBUG] [calypso-direct] [on_notify] [DATA_IN] AWS=8.9kt AWA=27° Batt=100% Temp=0°C
[2026-05-31T13:00:03] [DEBUG] [calypso-direct] [on_notify] [DATA_IN] AWS=8.9kt AWA=27° Batt=100% Temp=0°C
[2026-05-31T13:00:03] [DEBUG] [calypso-direct] [on_notify] [DATA_IN] AWS=8.9kt AWA=26° Batt=100% Temp=0°C
[2026-05-31T13:00:03] [DEBUG] [calypso-direct] [on_notify] [DATA_IN] AWS=8.6kt AWA=26° Batt=100% Temp=0°C
[2026-05-31T13:00:03] [DEBUG] [calypso-direct] [on_notify] [DATA_IN] AWS=8.6kt AWA=26° Batt=100% Temp=0°C
[2026-05-31T13:00:03] [DEBUG] [calypso-direct] [on_notify] [DATA_IN] AWS=8.6kt AWA=25° Batt=100% Temp=0°C
[2026-05-31T13:00:03] [DEBUG] [calypso-direct] [on_notify] [DATA_IN] AWS=8.7kt AWA=25° Batt=100% Temp=0°C
[2026-05-31T13:00:03] [DEBUG] [calypso-direct] [on_notify] [DATA_IN] AWS=8.7kt AWA=25° Batt=100% Temp=0°C
[2026-05-31T13:00:03] [DEBUG] [calypso-direct] [on_notify] [DATA_IN] AWS=8.7kt AWA=25° Batt=100% Temp=0°C
[2026-05-31T13:00:04] [DEBUG] [calypso-direct] [on_notify] [DATA_IN] AWS=8.7kt AWA=25° Batt=100% Temp=0°C
[2026-05-31T13:00:04] [DEBUG] [calypso-direct] [on_notify] [DATA_IN] AWS=8.7kt AWA=25° Batt=100% Temp=0°C
[2026-05-31T13:00:05] [DEBUG] [calypso-direct] [on_notify] [DATA_IN] AWS=8.7kt AWA=25° Batt=100% Temp=0°C
[2026-05-31T13:00:05] [DEBUG] [calypso-direct] [on_notify] [DATA_IN] AWS=8.9kt AWA=25° Batt=100% Temp=0°C
[2026-05-31T13:00:06] [DEBUG] [calypso-direct] [on_notify] [DATA_IN] AWS=9.1kt AWA=22° Batt=100% Temp=0°C
[2026-05-31T13:00:06] [DEBUG] [calypso-direct] [on_notify] [DATA_IN] AWS=9.1kt AWA=22° Batt=100% Temp=0°C
[2026-05-31T13:00:06] [DEBUG] [calypso-direct] [on_notify] [DATA_IN] AWS=9.1kt AWA=23° Batt=100% Temp=0°C
[2026-05-31T13:00:06] [DEBUG] [calypso-direct] [on_notify] [DATA_IN] AWS=9.1kt AWA=23° Batt=100% Temp=0°C
[2026-05-31T13:00:06] [DEBUG] [calypso-direct] [on_notify] [DATA_IN] AWS=9.1kt AWA=23° Batt=100% Temp=0°C
[2026-05-31T13:00:07] [DEBUG] [calypso-direct] [on_notify] [DATA_IN] AWS=8.6kt AWA=23° Batt=100% Temp=0°C
[2026-05-31T13:00:07] [DEBUG] [calypso-direct] [on_notify] [DATA_IN] AWS=8.6kt AWA=23° Batt=100% Temp=0°C
[2026-05-31T13:00:07] [DEBUG] [calypso-direct] [on_notify] [DATA_IN] AWS=8.6kt AWA=22° Batt=100% Temp=0°C
[2026-05-31T13:00:07] [DEBUG] [calypso-direct] [on_notify] [DATA_IN] AWS=8.6kt AWA=15° Batt=100% Temp=0°C
[2026-05-31T13:00:07] [DEBUG] [calypso-direct] [on_notify] [DATA_IN] AWS=8.7kt AWA=15° Batt=100% Temp=0°C
[2026-05-31T13:00:07] [DEBUG] [calypso-direct] [on_notify] [DATA_IN] AWS=8.7kt AWA=15° Batt=100% Temp=0°C
[2026-05-31T13:00:08] [DEBUG] [calypso-direct] [on_notify] [DATA_IN] AWS=8.7kt AWA=15° Batt=100% Temp=0°C
[2026-05-31T13:00:08] [DEBUG] [calypso-direct] [on_notify] [DATA_IN] AWS=8.7kt AWA=17° Batt=100% Temp=0°C
[2026-05-31T13:00:08] [DEBUG] [calypso-direct] [on_notify] [DATA_IN] AWS=8.7kt AWA=17° Batt=100% Temp=0°C
[2026-05-31T13:00:09] [DEBUG] [calypso-direct] [on_notify] [DATA_IN] AWS=8.4kt AWA=19° Batt=100% Temp=0°C
[2026-05-31T13:00:09] [DEBUG] [calypso-direct] [on_notify] [DATA_IN] AWS=8.4kt AWA=17° Batt=100% Temp=0°C
[2026-05-31T13:00:09] [DEBUG] [calypso-direct] [on_notify] [DATA_IN] AWS=8.4kt AWA=17° Batt=100% Temp=0°C
[2026-05-31T13:00:09] [DEBUG] [calypso-direct] [on_notify] [DATA_IN] AWS=8.6kt AWA=19° Batt=100% Temp=0°C
[2026-05-31T13:00:10] [DEBUG] [calypso-direct] [on_notify] [DATA_IN] AWS=8.6kt AWA=15° Batt=100% Temp=0°C
[2026-05-31T13:00:10] [DEBUG] [calypso-direct] [on_notify] [DATA_IN] AWS=8.6kt AWA=15° Batt=100% Temp=0°C
[2026-05-31T13:00:10] [DEBUG] [calypso-direct] [on_notify] [DATA_IN] AWS=8.6kt AWA=19° Batt=100% Temp=0°C
[2026-05-31T13:00:10] [DEBUG] [calypso-direct] [on_notify] [DATA_IN] AWS=8.7kt AWA=25° Batt=100% Temp=0°C
[2026-05-31T13:00:10] [DEBUG] [calypso-direct] [on_notify] [DATA_IN] AWS=8.0kt AWA=25° Batt=100% Temp=0°C
[2026-05-31T13:00:11] [DEBUG] [calypso-direct] [on_notify] [DATA_IN] AWS=7.8kt AWA=25° Batt=100% Temp=0°C
[2026-05-31T13:00:11] [DEBUG] [calypso-direct] [on_notify] [DATA_IN] AWS=7.8kt AWA=25° Batt=100% Temp=0°C
[2026-05-31T13:00:11] [DEBUG] [calypso-direct] [on_notify] [DATA_IN] AWS=8.6kt AWA=25° Batt=100% Temp=0°C
[2026-05-31T13:00:12] [DEBUG] [calypso-direct] [on_notify] [DATA_IN] AWS=8.6kt AWA=24° Batt=100% Temp=0°C
[2026-05-31T13:00:12] [DEBUG] [calypso-direct] [on_notify] [DATA_IN] AWS=9.7kt AWA=24° Batt=100% Temp=0°C
[2026-05-31T13:00:12] [DEBUG] [calypso-direct] [on_notify] [DATA_IN] AWS=9.9kt AWA=24° Batt=100% Temp=0°C
[2026-05-31T13:00:12] [DEBUG] [calypso-direct] [on_notify] [DATA_IN] AWS=9.9kt AWA=24° Batt=100% Temp=0°C
[2026-05-31T13:00:13] [DEBUG] [calypso-direct] [on_notify] [DATA_IN] AWS=9.9kt AWA=24° Batt=100% Temp=0°C
[2026-05-31T13:00:13] [DEBUG] [calypso-direct] [on_notify] [DATA_IN] AWS=9.7kt AWA=24° Batt=100% Temp=0°C
[2026-05-31T13:00:13] [DEBUG] [calypso-direct] [on_notify] [DATA_IN] AWS=9.7kt AWA=23° Batt=100% Temp=0°C
[2026-05-31T13:00:13] [DEBUG] [calypso-direct] [on_notify] [DATA_IN] AWS=9.7kt AWA=23° Batt=100% Temp=0°C
[2026-05-31T13:00:13] [DEBUG] [calypso-direct] [on_notify] [DATA_IN] AWS=9.7kt AWA=20° Batt=100% Temp=0°C
[2026-05-31T13:00:13] [DEBUG] [calypso-direct] [on_notify] [DATA_IN] AWS=9.3kt AWA=20° Batt=100% Temp=0°C
[2026-05-31T13:00:13] [DEBUG] [calypso-direct] [on_notify] [DATA_IN] AWS=9.7kt AWA=20° Batt=100% Temp=0°C
[2026-05-31T13:00:14] [DEBUG] [calypso-direct] [on_notify] [DATA_IN] AWS=9.3kt AWA=24° Batt=100% Temp=0°C
[2026-05-31T13:00:14] [DEBUG] [calypso-direct] [on_notify] [DATA_IN] AWS=9.1kt AWA=27° Batt=100% Temp=0°C
[2026-05-31T13:00:14] [DEBUG] [calypso-direct] [on_notify] [DATA_IN] AWS=8.7kt AWA=29° Batt=100% Temp=0°C
[2026-05-31T13:00:15] [DEBUG] [calypso-direct] [on_notify] [DATA_IN] AWS=8.7kt AWA=29° Batt=100% Temp=0°C
[2026-05-31T13:00:15] [DEBUG] [calypso-direct] [on_notify] [DATA_IN] AWS=8.7kt AWA=29° Batt=100% Temp=0°C
[2026-05-31T13:00:16] [DEBUG] [calypso-direct] [on_notify] [DATA_IN] AWS=8.9kt AWA=28° Batt=100% Temp=0°C
[2026-05-31T13:00:16] [DEBUG] [calypso-direct] [on_notify] [DATA_IN] AWS=8.9kt AWA=26° Batt=100% Temp=0°C
[2026-05-31T13:00:16] [DEBUG] [calypso-direct] [on_notify] [DATA_IN] AWS=8.9kt AWA=25° Batt=100% Temp=0°C
[2026-05-31T13:00:16] [DEBUG] [calypso-direct] [on_notify] [DATA_IN] AWS=8.6kt AWA=25° Batt=100% Temp=0°C
[2026-05-31T13:00:16] [DEBUG] [calypso-direct] [on_notify] [DATA_IN] AWS=8.6kt AWA=24° Batt=100% Temp=0°C
[2026-05-31T13:00:16] [DEBUG] [calypso-direct] [on_notify] [DATA_IN] AWS=8.6kt AWA=24° Batt=100% Temp=0°C
[2026-05-31T13:00:17] [DEBUG] [calypso-direct] [on_notify] [DATA_IN] AWS=8.6kt AWA=24° Batt=100% Temp=0°C
[2026-05-31T13:00:17] [DEBUG] [calypso-direct] [on_notify] [DATA_IN] AWS=8.6kt AWA=17° Batt=100% Temp=0°C
[2026-05-31T13:00:17] [DEBUG] [calypso-direct] [on_notify] [DATA_IN] AWS=8.6kt AWA=14° Batt=100% Temp=0°C
[2026-05-31T13:00:17] [DEBUG] [calypso-direct] [on_notify] [DATA_IN] AWS=9.7kt AWA=14° Batt=100% Temp=0°C
[2026-05-31T13:00:18] [DEBUG] [calypso-direct] [on_notify] [DATA_IN] AWS=9.9kt AWA=16° Batt=100% Temp=0°C
[2026-05-31T13:00:18] [DEBUG] [calypso-direct] [on_notify] [DATA_IN] AWS=9.9kt AWA=16° Batt=100% Temp=0°C
[2026-05-31T13:00:18] [DEBUG] [calypso-direct] [on_notify] [DATA_IN] AWS=9.9kt AWA=21° Batt=100% Temp=0°C
[2026-05-31T13:00:18] [DEBUG] [calypso-direct] [on_notify] [DATA_IN] AWS=10.1kt AWA=25° Batt=100% Temp=0°C
[2026-05-31T13:00:19] [DEBUG] [calypso-direct] [on_notify] [DATA_IN] AWS=10.1kt AWA=25° Batt=100% Temp=0°C
[2026-05-31T13:00:19] [DEBUG] [calypso-direct] [on_notify] [DATA_IN] AWS=10.1kt AWA=25° Batt=100% Temp=0°C
[2026-05-31T13:00:19] [DEBUG] [calypso-direct] [on_notify] [DATA_IN] AWS=10.1kt AWA=25° Batt=100% Temp=0°C
[2026-05-31T13:00:19] [DEBUG] [calypso-direct] [on_notify] [DATA_IN] AWS=10.1kt AWA=22° Batt=100% Temp=0°C
[2026-05-31T13:00:20] [DEBUG] [calypso-direct] [on_notify] [DATA_IN] AWS=10.1kt AWA=20° Batt=100% Temp=0°C
[2026-05-31T13:00:20] [DEBUG] [calypso-direct] [on_notify] [DATA_IN] AWS=8.9kt AWA=16° Batt=100% Temp=0°C
[2026-05-31T13:00:20] [DEBUG] [calypso-direct] [on_notify] [DATA_IN] AWS=8.9kt AWA=16° Batt=100% Temp=0°C
[2026-05-31T13:00:20] [DEBUG] [calypso-direct] [on_notify] [DATA_IN] AWS=8.9kt AWA=17° Batt=100% Temp=0°C
[2026-05-31T13:00:21] [DEBUG] [calypso-direct] [on_notify] [DATA_IN] AWS=8.9kt AWA=17° Batt=100% Temp=0°C
[2026-05-31T13:00:21] [DEBUG] [calypso-direct] [on_notify] [DATA_IN] AWS=8.9kt AWA=17° Batt=100% Temp=0°C
[2026-05-31T13:00:21] [DEBUG] [calypso-direct] [on_notify] [DATA_IN] AWS=9.1kt AWA=18° Batt=100% Temp=0°C
[2026-05-31T13:00:21] [DEBUG] [calypso-direct] [on_notify] [DATA_IN] AWS=9.1kt AWA=18° Batt=100% Temp=0°C
[2026-05-31T13:00:22] [DEBUG] [calypso-direct] [on_notify] [DATA_IN] AWS=8.9kt AWA=18° Batt=100% Temp=0°C
[2026-05-31T13:00:22] [DEBUG] [calypso-direct] [on_notify] [DATA_IN] AWS=8.9kt AWA=19° Batt=100% Temp=0°C
[2026-05-31T13:00:22] [DEBUG] [calypso-direct] [on_notify] [DATA_IN] AWS=8.7kt AWA=19° Batt=100% Temp=0°C
[2026-05-31T13:00:23] [DEBUG] [calypso-direct] [on_notify] [DATA_IN] AWS=8.7kt AWA=16° Batt=100% Temp=0°C
[2026-05-31T13:00:23] [DEBUG] [calypso-direct] [on_notify] [DATA_IN] AWS=8.7kt AWA=15° Batt=100% Temp=0°C
[2026-05-31T13:00:23] [DEBUG] [calypso-direct] [on_notify] [DATA_IN] AWS=8.7kt AWA=15° Batt=100% Temp=0°C
[2026-05-31T13:00:23] [DEBUG] [calypso-direct] [on_notify] [DATA_IN] AWS=8.7kt AWA=15° Batt=100% Temp=0°C
[2026-05-31T13:00:24] [DEBUG] [calypso-direct] [on_notify] [DATA_IN] AWS=8.7kt AWA=10° Batt=100% Temp=0°C
[2026-05-31T13:00:24] [DEBUG] [calypso-direct] [on_notify] [DATA_IN] AWS=8.7kt AWA=12° Batt=100% Temp=0°C
[2026-05-31T13:00:24] [DEBUG] [calypso-direct] [on_notify] [DATA_IN] AWS=8.7kt AWA=12° Batt=100% Temp=0°C
[2026-05-31T13:00:24] [DEBUG] [calypso-direct] [on_notify] [DATA_IN] AWS=8.7kt AWA=12° Batt=100% Temp=0°C
[2026-05-31T13:00:25] [DEBUG] [calypso-direct] [on_notify] [DATA_IN] AWS=8.4kt AWA=12° Batt=100% Temp=0°C
[2026-05-31T13:00:25] [DEBUG] [calypso-direct] [on_notify] [DATA_IN] AWS=8.4kt AWA=14° Batt=100% Temp=0°C
[2026-05-31T13:00:25] [DEBUG] [calypso-direct] [on_notify] [DATA_IN] AWS=8.4kt AWA=14° Batt=100% Temp=0°C
[2026-05-31T13:00:25] [DEBUG] [calypso-direct] [on_notify] [DATA_IN] AWS=8.4kt AWA=14° Batt=100% Temp=0°C
[2026-05-31T13:00:26] [DEBUG] [calypso-direct] [on_notify] [DATA_IN] AWS=8.4kt AWA=7° Batt=100% Temp=0°C
[2026-05-31T13:00:26] [DEBUG] [calypso-direct] [on_notify] [DATA_IN] AWS=8.6kt AWA=6° Batt=100% Temp=0°C
[2026-05-31T13:00:26] [DEBUG] [calypso-direct] [on_notify] [DATA_IN] AWS=9.7kt AWA=5° Batt=100% Temp=0°C
[2026-05-31T13:00:26] [DEBUG] [calypso-direct] [on_notify] [DATA_IN] AWS=9.7kt AWA=6° Batt=100% Temp=0°C
[2026-05-31T13:00:26] [DEBUG] [calypso-direct] [on_notify] [DATA_IN] AWS=8.6kt AWA=5° Batt=100% Temp=0°C
[2026-05-31T13:00:27] [DEBUG] [calypso-direct] [on_notify] [DATA_IN] AWS=8.6kt AWA=6° Batt=100% Temp=0°C
[2026-05-31T13:00:27] [DEBUG] [calypso-direct] [on_notify] [DATA_IN] AWS=8.6kt AWA=10° Batt=100% Temp=0°C
[2026-05-31T13:00:27] [DEBUG] [calypso-direct] [on_notify] [DATA_IN] AWS=8.6kt AWA=10° Batt=100% Temp=0°C
[2026-05-31T13:00:28] [DEBUG] [calypso-direct] [on_notify] [DATA_IN] AWS=8.6kt AWA=10° Batt=100% Temp=0°C
[2026-05-31T13:00:28] [DEBUG] [calypso-direct] [on_notify] [DATA_IN] AWS=8.7kt AWA=10° Batt=100% Temp=0°C
[2026-05-31T13:00:28] [DEBUG] [calypso-direct] [on_notify] [DATA_IN] AWS=8.7kt AWA=8° Batt=100% Temp=0°C
[2026-05-31T13:00:29] [DEBUG] [calypso-direct] [on_notify] [DATA_IN] AWS=8.7kt AWA=8° Batt=100% Temp=0°C
[2026-05-31T13:00:29] [DEBUG] [calypso-direct] [on_notify] [DATA_IN] AWS=8.7kt AWA=8° Batt=100% Temp=0°C
[2026-05-31T13:00:29] [DEBUG] [calypso-direct] [on_notify] [DATA_IN] AWS=8.7kt AWA=11° Batt=100% Temp=0°C
[2026-05-31T13:00:29] [DEBUG] [calypso-direct] [on_notify] [DATA_IN] AWS=8.9kt AWA=12° Batt=100% Temp=0°C
[2026-05-31T13:00:29] [DEBUG] [calypso-direct] [on_notify] [DATA_IN] AWS=9.3kt AWA=12° Batt=100% Temp=0°C
[2026-05-31T13:00:30] [DEBUG] [calypso-direct] [on_notify] [DATA_IN] AWS=9.5kt AWA=11° Batt=100% Temp=0°C
[2026-05-31T13:00:30] [DEBUG] [calypso-direct] [on_notify] [DATA_IN] AWS=9.5kt AWA=4° Batt=100% Temp=0°C
[2026-05-31T13:00:30] [DEBUG] [calypso-direct] [on_notify] [DATA_IN] AWS=9.5kt AWA=4° Batt=100% Temp=0°C
[2026-05-31T13:00:30] [DEBUG] [calypso-direct] [on_notify] [DATA_IN] AWS=8.9kt AWA=2° Batt=100% Temp=0°C
[2026-05-31T13:00:31] [DEBUG] [calypso-direct] [on_notify] [DATA_IN] AWS=8.9kt AWA=4° Batt=100% Temp=0°C
[2026-05-31T13:00:31] [DEBUG] [calypso-direct] [on_notify] [DATA_IN] AWS=8.9kt AWA=5° Batt=100% Temp=0°C
[2026-05-31T13:00:31] [DEBUG] [calypso-direct] [on_notify] [DATA_IN] AWS=9.1kt AWA=5° Batt=100% Temp=0°C
[2026-05-31T13:00:32] [DEBUG] [calypso-direct] [on_notify] [DATA_IN] AWS=10.1kt AWA=6° Batt=100% Temp=0°C
[2026-05-31T13:00:32] [DEBUG] [calypso-direct] [on_notify] [DATA_IN] AWS=10.1kt AWA=6° Batt=100% Temp=0°C
[2026-05-31T13:00:32] [DEBUG] [calypso-direct] [on_notify] [DATA_IN] AWS=10.1kt AWA=6° Batt=100% Temp=0°C
[2026-05-31T13:00:32] [DEBUG] [calypso-direct] [on_notify] [DATA_IN] AWS=9.3kt AWA=4° Batt=100% Temp=0°C
[2026-05-31T13:00:33] [DEBUG] [calypso-direct] [on_notify] [DATA_IN] AWS=9.1kt AWA=7° Batt=100% Temp=0°C
[2026-05-31T13:00:33] [DEBUG] [calypso-direct] [on_notify] [DATA_IN] AWS=9.1kt AWA=4° Batt=100% Temp=0°C
[2026-05-31T13:00:33] [DEBUG] [calypso-direct] [on_notify] [DATA_IN] AWS=9.1kt AWA=5° Batt=100% Temp=0°C
[2026-05-31T13:00:33] [DEBUG] [calypso-direct] [on_notify] [DATA_IN] AWS=9.3kt AWA=5° Batt=100% Temp=0°C
[2026-05-31T13:00:33] [DEBUG] [calypso-direct] [on_notify] [DATA_IN] AWS=9.3kt AWA=5° Batt=100% Temp=0°C
[2026-05-31T13:00:33] [DEBUG] [calypso-direct] [on_notify] [DATA_IN] AWS=9.3kt AWA=3° Batt=100% Temp=0°C
[2026-05-31T13:00:34] [DEBUG] [calypso-direct] [on_notify] [DATA_IN] AWS=9.3kt AWA=3° Batt=100% Temp=0°C
[2026-05-31T13:00:34] [DEBUG] [calypso-direct] [on_notify] [DATA_IN] AWS=9.3kt AWA=3° Batt=100% Temp=0°C
[2026-05-31T13:00:34] [DEBUG] [calypso-direct] [on_notify] [DATA_IN] AWS=8.4kt AWA=2° Batt=100% Temp=0°C
[2026-05-31T13:00:34] [DEBUG] [calypso-direct] [on_notify] [DATA_IN] AWS=8.4kt AWA=3° Batt=100% Temp=0°C
[2026-05-31T13:00:35] [DEBUG] [calypso-direct] [on_notify] [DATA_IN] AWS=8.4kt AWA=5° Batt=100% Temp=0°C
[2026-05-31T13:00:35] [DEBUG] [calypso-direct] [on_notify] [DATA_IN] AWS=8.6kt AWA=5° Batt=100% Temp=0°C
[2026-05-31T13:00:35] [DEBUG] [calypso-direct] [on_notify] [DATA_IN] AWS=9.1kt AWA=5° Batt=100% Temp=0°C
[2026-05-31T13:00:35] [DEBUG] [calypso-direct] [on_notify] [DATA_IN] AWS=9.1kt AWA=6° Batt=100% Temp=0°C
[2026-05-31T13:00:36] [DEBUG] [calypso-direct] [on_notify] [DATA_IN] AWS=9.1kt AWA=5° Batt=100% Temp=0°C
[2026-05-31T13:00:36] [DEBUG] [calypso-direct] [on_notify] [DATA_IN] AWS=8.2kt AWA=351° Batt=100% Temp=0°C
[2026-05-31T13:00:36] [DEBUG] [calypso-direct] [on_notify] [DATA_IN] AWS=8.2kt AWA=354° Batt=100% Temp=0°C
[2026-05-31T13:00:36] [DEBUG] [calypso-direct] [on_notify] [DATA_IN] AWS=7.8kt AWA=354° Batt=100% Temp=0°C
[2026-05-31T13:00:37] [DEBUG] [calypso-direct] [on_notify] [DATA_IN] AWS=8.0kt AWA=354° Batt=100% Temp=0°C
[2026-05-31T13:00:37] [DEBUG] [calypso-direct] [on_notify] [DATA_IN] AWS=8.0kt AWA=354° Batt=100% Temp=0°C
[2026-05-31T13:00:37] [DEBUG] [calypso-direct] [on_notify] [DATA_IN] AWS=8.0kt AWA=354° Batt=100% Temp=0°C
[2026-05-31T13:00:37] [DEBUG] [calypso-direct] [on_notify] [DATA_IN] AWS=8.6kt AWA=4° Batt=100% Temp=0°C
[2026-05-31T13:00:38] [DEBUG] [calypso-direct] [on_notify] [DATA_IN] AWS=8.7kt AWA=4° Batt=100% Temp=0°C
[2026-05-31T13:00:38] [DEBUG] [calypso-direct] [on_notify] [DATA_IN] AWS=9.1kt AWA=4° Batt=100% Temp=0°C
[2026-05-31T13:00:38] [DEBUG] [calypso-direct] [on_notify] [DATA_IN] AWS=9.1kt AWA=5° Batt=100% Temp=0°C
[2026-05-31T13:00:38] [DEBUG] [calypso-direct] [on_notify] [DATA_IN] AWS=8.9kt AWA=7° Batt=100% Temp=0°C
[2026-05-31T13:00:39] [DEBUG] [calypso-direct] [on_notify] [DATA_IN] AWS=8.9kt AWA=7° Batt=100% Temp=0°C
[2026-05-31T13:00:39] [DEBUG] [calypso-direct] [on_notify] [DATA_IN] AWS=8.7kt AWA=4° Batt=100% Temp=0°C
[2026-05-31T13:00:39] [DEBUG] [calypso-direct] [on_notify] [DATA_IN] AWS=8.7kt AWA=4° Batt=100% Temp=0°C
[2026-05-31T13:00:39] [DEBUG] [calypso-direct] [on_notify] [DATA_IN] AWS=8.6kt AWA=2° Batt=100% Temp=0°C
[2026-05-31T13:00:40] [DEBUG] [calypso-direct] [on_notify] [DATA_IN] AWS=8.6kt AWA=2° Batt=100% Temp=0°C
[2026-05-31T13:00:40] [DEBUG] [calypso-direct] [on_notify] [DATA_IN] AWS=8.6kt AWA=2° Batt=100% Temp=0°C
[2026-05-31T13:00:40] [DEBUG] [calypso-direct] [on_notify] [DATA_IN] AWS=8.6kt AWA=2° Batt=100% Temp=0°C
[2026-05-31T13:00:40] [DEBUG] [calypso-direct] [on_notify] [DATA_IN] AWS=8.6kt AWA=2° Batt=100% Temp=0°C
[2026-05-31T13:00:41] [DEBUG] [calypso-direct] [on_notify] [DATA_IN] AWS=8.9kt AWA=3° Batt=100% Temp=0°C
[2026-05-31T13:00:41] [DEBUG] [calypso-direct] [on_notify] [DATA_IN] AWS=8.6kt AWA=4° Batt=100% Temp=0°C
[2026-05-31T13:00:41] [DEBUG] [calypso-direct] [on_notify] [DATA_IN] AWS=8.6kt AWA=3° Batt=100% Temp=0°C
[2026-05-31T13:00:41] [DEBUG] [calypso-direct] [on_notify] [DATA_IN] AWS=8.9kt AWA=4° Batt=100% Temp=0°C
[2026-05-31T13:00:42] [DEBUG] [calypso-direct] [on_notify] [DATA_IN] AWS=8.6kt AWA=5° Batt=100% Temp=0°C
[2026-05-31T13:00:42] [DEBUG] [calypso-direct] [on_notify] [DATA_IN] AWS=8.6kt AWA=7° Batt=100% Temp=0°C
[2026-05-31T13:00:42] [DEBUG] [calypso-direct] [on_notify] [DATA_IN] AWS=8.6kt AWA=7° Batt=100% Temp=0°C
[2026-05-31T13:00:42] [DEBUG] [calypso-direct] [on_notify] [DATA_IN] AWS=8.9kt AWA=7° Batt=100% Temp=0°C
[2026-05-31T13:00:43] [DEBUG] [calypso-direct] [on_notify] [DATA_IN] AWS=8.9kt AWA=1° Batt=100% Temp=0°C
[2026-05-31T13:00:43] [DEBUG] [calypso-direct] [on_notify] [DATA_IN] AWS=9.1kt AWA=0° Batt=100% Temp=0°C
[2026-05-31T13:00:43] [DEBUG] [calypso-direct] [on_notify] [DATA_IN] AWS=9.1kt AWA=1° Batt=100% Temp=0°C
[2026-05-31T13:00:44] [DEBUG] [calypso-direct] [on_notify] [DATA_IN] AWS=9.1kt AWA=1° Batt=100% Temp=0°C
[2026-05-31T13:00:44] [DEBUG] [calypso-direct] [on_notify] [DATA_IN] AWS=9.1kt AWA=4° Batt=100% Temp=0°C
[2026-05-31T13:00:44] [DEBUG] [calypso-direct] [on_notify] [DATA_IN] AWS=9.1kt AWA=0° Batt=100% Temp=0°C
[2026-05-31T13:00:45] [DEBUG] [calypso-direct] [on_notify] [DATA_IN] AWS=9.7kt AWA=4° Batt=100% Temp=0°C
[2026-05-31T13:00:45] [DEBUG] [calypso-direct] [on_notify] [DATA_IN] AWS=9.7kt AWA=4° Batt=100% Temp=0°C
[2026-05-31T13:00:45] [DEBUG] [calypso-direct] [on_notify] [DATA_IN] AWS=9.7kt AWA=4° Batt=100% Temp=0°C
[2026-05-31T13:00:45] [DEBUG] [calypso-direct] [on_notify] [DATA_IN] AWS=9.3kt AWA=4° Batt=100% Temp=0°C
[2026-05-31T13:00:45] [DEBUG] [calypso-direct] [on_notify] [DATA_IN] AWS=9.3kt AWA=4° Batt=100% Temp=0°C
[2026-05-31T13:00:46] [DEBUG] [calypso-direct] [on_notify] [DATA_IN] AWS=9.1kt AWA=4° Batt=100% Temp=0°C
[2026-05-31T13:00:46] [DEBUG] [calypso-direct] [on_notify] [DATA_IN] AWS=8.9kt AWA=4° Batt=100% Temp=0°C
[2026-05-31T13:00:46] [DEBUG] [calypso-direct] [on_notify] [DATA_IN] AWS=9.1kt AWA=4° Batt=100% Temp=0°C
[2026-05-31T13:00:46] [DEBUG] [calypso-direct] [on_notify] [DATA_IN] AWS=9.1kt AWA=350° Batt=100% Temp=0°C
[2026-05-31T13:00:47] [DEBUG] [calypso-direct] [on_notify] [DATA_IN] AWS=8.9kt AWA=350° Batt=100% Temp=0°C
[2026-05-31T13:00:47] [DEBUG] [calypso-direct] [on_notify] [DATA_IN] AWS=8.9kt AWA=350° Batt=100% Temp=0°C
[2026-05-31T13:00:47] [DEBUG] [calypso-direct] [on_notify] [DATA_IN] AWS=8.4kt AWA=350° Batt=100% Temp=0°C
[2026-05-31T13:00:48] [DEBUG] [calypso-direct] [on_notify] [DATA_IN] AWS=8.4kt AWA=350° Batt=100% Temp=0°C
[2026-05-31T13:00:48] [DEBUG] [calypso-direct] [on_notify] [DATA_IN] AWS=8.4kt AWA=1° Batt=100% Temp=0°C
[2026-05-31T13:00:48] [DEBUG] [calypso-direct] [on_notify] [DATA_IN] AWS=8.7kt AWA=1° Batt=100% Temp=0°C
[2026-05-31T13:00:48] [DEBUG] [calypso-direct] [on_notify] [DATA_IN] AWS=8.7kt AWA=1° Batt=100% Temp=0°C
[2026-05-31T13:00:48] [DEBUG] [calypso-direct] [on_notify] [DATA_IN] AWS=8.7kt AWA=1° Batt=100% Temp=0°C
[2026-05-31T13:00:49] [DEBUG] [calypso-direct] [on_notify] [DATA_IN] AWS=7.0kt AWA=1° Batt=100% Temp=0°C
[2026-05-31T13:00:50] [DEBUG] [calypso-direct] [on_notify] [DATA_IN] AWS=6.8kt AWA=358° Batt=100% Temp=0°C
[2026-05-31T13:00:50] [DEBUG] [calypso-direct] [on_notify] [DATA_IN] AWS=6.8kt AWA=358° Batt=100% Temp=0°C
[2026-05-31T13:00:50] [DEBUG] [calypso-direct] [on_notify] [DATA_IN] AWS=5.8kt AWA=357° Batt=100% Temp=0°C
[2026-05-31T13:00:50] [DEBUG] [calypso-direct] [on_notify] [DATA_IN] AWS=5.6kt AWA=357° Batt=100% Temp=0°C
[2026-05-31T13:00:50] [DEBUG] [calypso-direct] [on_notify] [DATA_IN] AWS=5.6kt AWA=357° Batt=100% Temp=0°C
[2026-05-31T13:00:50] [DEBUG] [calypso-direct] [on_notify] [DATA_IN] AWS=5.6kt AWA=351° Batt=100% Temp=0°C
[2026-05-31T13:00:50] [DEBUG] [calypso-direct] [on_notify] [DATA_IN] AWS=5.6kt AWA=351° Batt=100% Temp=0°C
[2026-05-31T13:00:51] [DEBUG] [calypso-direct] [on_notify] [DATA_IN] AWS=5.6kt AWA=351° Batt=100% Temp=0°C
[2026-05-31T13:00:51] [DEBUG] [calypso-direct] [on_notify] [DATA_IN] AWS=7.8kt AWA=352° Batt=100% Temp=0°C
[2026-05-31T13:00:51] [DEBUG] [calypso-direct] [on_notify] [DATA_IN] AWS=7.8kt AWA=352° Batt=100% Temp=0°C
[2026-05-31T13:00:51] [DEBUG] [calypso-direct] [on_notify] [DATA_IN] AWS=7.8kt AWA=5° Batt=100% Temp=0°C
[2026-05-31T13:00:52] [DEBUG] [calypso-direct] [on_notify] [DATA_IN] AWS=7.8kt AWA=5° Batt=100% Temp=0°C
[2026-05-31T13:00:52] [DEBUG] [calypso-direct] [on_notify] [DATA_IN] AWS=7.6kt AWA=5° Batt=100% Temp=0°C
[2026-05-31T13:00:52] [DEBUG] [calypso-direct] [on_notify] [DATA_IN] AWS=7.6kt AWA=5° Batt=100% Temp=0°C
[2026-05-31T13:00:53] [DEBUG] [calypso-direct] [on_notify] [DATA_IN] AWS=7.8kt AWA=5° Batt=100% Temp=0°C
[2026-05-31T13:00:53] [DEBUG] [calypso-direct] [on_notify] [DATA_IN] AWS=8.0kt AWA=343° Batt=100% Temp=0°C
[2026-05-31T13:00:53] [DEBUG] [calypso-direct] [on_notify] [DATA_IN] AWS=7.8kt AWA=343° Batt=100% Temp=0°C
[2026-05-31T13:00:53] [DEBUG] [calypso-direct] [on_notify] [DATA_IN] AWS=7.8kt AWA=343° Batt=100% Temp=0°C
[2026-05-31T13:00:53] [DEBUG] [calypso-direct] [on_notify] [DATA_IN] AWS=7.4kt AWA=343° Batt=100% Temp=0°C
[2026-05-31T13:00:53] [DEBUG] [calypso-direct] [on_notify] [DATA_IN] AWS=7.2kt AWA=343° Batt=100% Temp=0°C
[2026-05-31T13:00:54] [DEBUG] [calypso-direct] [on_notify] [DATA_IN] AWS=7.2kt AWA=347° Batt=100% Temp=0°C
[2026-05-31T13:00:54] [DEBUG] [calypso-direct] [on_notify] [DATA_IN] AWS=7.2kt AWA=347° Batt=100% Temp=0°C
[2026-05-31T13:00:54] [DEBUG] [calypso-direct] [on_notify] [DATA_IN] AWS=8.2kt AWA=347° Batt=100% Temp=0°C
[2026-05-31T13:00:54] [DEBUG] [calypso-direct] [on_notify] [DATA_IN] AWS=8.4kt AWA=347° Batt=100% Temp=0°C
[2026-05-31T13:00:55] [DEBUG] [calypso-direct] [on_notify] [DATA_IN] AWS=8.4kt AWA=347° Batt=100% Temp=0°C
[2026-05-31T13:00:55] [DEBUG] [calypso-direct] [on_notify] [DATA_IN] AWS=8.9kt AWA=344° Batt=100% Temp=0°C
[2026-05-31T13:00:55] [DEBUG] [calypso-direct] [on_notify] [DATA_IN] AWS=8.9kt AWA=344° Batt=100% Temp=0°C
[2026-05-31T13:00:55] [DEBUG] [calypso-direct] [on_notify] [DATA_IN] AWS=8.2kt AWA=344° Batt=100% Temp=0°C
[2026-05-31T13:00:56] [DEBUG] [calypso-direct] [on_notify] [DATA_IN] AWS=8.2kt AWA=344° Batt=100% Temp=0°C
[2026-05-31T13:00:56] [DEBUG] [calypso-direct] [on_notify] [DATA_IN] AWS=8.0kt AWA=344° Batt=100% Temp=0°C
[2026-05-31T13:00:56] [DEBUG] [calypso-direct] [on_notify] [DATA_IN] AWS=7.6kt AWA=345° Batt=100% Temp=0°C
[2026-05-31T13:00:56] [DEBUG] [calypso-direct] [on_notify] [DATA_IN] AWS=6.6kt AWA=345° Batt=100% Temp=0°C
[2026-05-31T13:00:57] [DEBUG] [calypso-direct] [on_notify] [DATA_IN] AWS=6.6kt AWA=345° Batt=100% Temp=0°C
[2026-05-31T13:00:57] [DEBUG] [calypso-direct] [on_notify] [DATA_IN] AWS=7.6kt AWA=345° Batt=100% Temp=0°C
[2026-05-31T13:00:57] [DEBUG] [calypso-direct] [on_notify] [DATA_IN] AWS=6.8kt AWA=345° Batt=100% Temp=0°C
[2026-05-31T13:00:57] [DEBUG] [calypso-direct] [on_notify] [DATA_IN] AWS=7.2kt AWA=337° Batt=100% Temp=0°C
[2026-05-31T13:00:58] [DEBUG] [calypso-direct] [on_notify] [DATA_IN] AWS=7.2kt AWA=337° Batt=100% Temp=0°C
[2026-05-31T13:00:58] [DEBUG] [calypso-direct] [on_notify] [DATA_IN] AWS=7.0kt AWA=336° Batt=100% Temp=0°C
[2026-05-31T13:00:58] [DEBUG] [calypso-direct] [on_notify] [DATA_IN] AWS=6.8kt AWA=337° Batt=100% Temp=0°C
[2026-05-31T13:00:58] [DEBUG] [calypso-direct] [on_notify] [DATA_IN] AWS=7.0kt AWA=337° Batt=100% Temp=0°C
[2026-05-31T13:00:58] [DEBUG] [calypso-direct] [on_notify] [DATA_IN] AWS=7.0kt AWA=339° Batt=100% Temp=0°C
[2026-05-31T13:00:59] [DEBUG] [calypso-direct] [on_notify] [DATA_IN] AWS=7.0kt AWA=340° Batt=100% Temp=0°C
[2026-05-31T13:00:59] [DEBUG] [calypso-direct] [on_notify] [DATA_IN] AWS=7.0kt AWA=340° Batt=100% Temp=0°C
[2026-05-31T13:00:59] [DEBUG] [calypso-direct] [on_notify] [DATA_IN] AWS=7.4kt AWA=340° Batt=100% Temp=0°C
[2026-05-31T13:01:00] [DEBUG] [calypso-direct] [on_notify] [DATA_IN] AWS=7.2kt AWA=339° Batt=100% Temp=0°C
[2026-05-31T13:01:00] [DEBUG] [calypso-direct] [on_notify] [DATA_IN] AWS=7.4kt AWA=332° Batt=100% Temp=0°C
[2026-05-31T13:01:00] [DEBUG] [calypso-direct] [on_notify] [DATA_IN] AWS=7.4kt AWA=331° Batt=100% Temp=0°C
[2026-05-31T13:01:00] [DEBUG] [calypso-direct] [on_notify] [DATA_IN] AWS=7.4kt AWA=331° Batt=100% Temp=0°C
[2026-05-31T13:01:01] [DEBUG] [calypso-direct] [on_notify] [DATA_IN] AWS=7.4kt AWA=331° Batt=100% Temp=0°C
[2026-05-31T13:01:01] [DEBUG] [calypso-direct] [on_notify] [DATA_IN] AWS=7.4kt AWA=332° Batt=100% Temp=0°C
[2026-05-31T13:01:01] [DEBUG] [calypso-direct] [on_notify] [DATA_IN] AWS=7.4kt AWA=356° Batt=100% Temp=0°C
[2026-05-31T13:01:01] [DEBUG] [calypso-direct] [on_notify] [DATA_IN] AWS=7.2kt AWA=356° Batt=100% Temp=0°C
[2026-05-31T13:01:02] [DEBUG] [calypso-direct] [on_notify] [DATA_IN] AWS=7.2kt AWA=356° Batt=100% Temp=0°C
[2026-05-31T13:01:02] [DEBUG] [calypso-direct] [on_notify] [DATA_IN] AWS=7.2kt AWA=356° Batt=100% Temp=0°C
[2026-05-31T13:01:02] [DEBUG] [calypso-direct] [on_notify] [DATA_IN] AWS=6.4kt AWA=356° Batt=100% Temp=0°C
[2026-05-31T13:01:02] [DEBUG] [calypso-direct] [on_notify] [DATA_IN] AWS=6.4kt AWA=344° Batt=100% Temp=0°C
[2026-05-31T13:01:03] [DEBUG] [calypso-direct] [on_notify] [DATA_IN] AWS=6.4kt AWA=344° Batt=100% Temp=0°C
[2026-05-31T13:01:03] [DEBUG] [calypso-direct] [on_notify] [DATA_IN] AWS=6.4kt AWA=344° Batt=100% Temp=0°C
[2026-05-31T13:01:03] [DEBUG] [calypso-direct] [on_notify] [DATA_IN] AWS=6.4kt AWA=344° Batt=100% Temp=0°C
[2026-05-31T13:01:04] [DEBUG] [calypso-direct] [on_notify] [DATA_IN] AWS=6.8kt AWA=344° Batt=100% Temp=0°C
[2026-05-31T13:01:04] [DEBUG] [calypso-direct] [on_notify] [DATA_IN] AWS=7.4kt AWA=330° Batt=100% Temp=0°C
[2026-05-31T13:01:04] [DEBUG] [calypso-direct] [on_notify] [DATA_IN] AWS=6.8kt AWA=328° Batt=100% Temp=0°C
[2026-05-31T13:01:04] [DEBUG] [calypso-direct] [on_notify] [DATA_IN] AWS=6.4kt AWA=328° Batt=100% Temp=0°C
[2026-05-31T13:01:04] [DEBUG] [calypso-direct] [on_notify] [DATA_IN] AWS=6.4kt AWA=328° Batt=100% Temp=0°C
[2026-05-31T13:01:05] [DEBUG] [calypso-direct] [on_notify] [DATA_IN] AWS=5.8kt AWA=328° Batt=100% Temp=0°C
[2026-05-31T13:01:05] [DEBUG] [calypso-direct] [on_notify] [DATA_IN] AWS=5.8kt AWA=340° Batt=100% Temp=0°C
[2026-05-31T13:01:05] [DEBUG] [calypso-direct] [on_notify] [DATA_IN] AWS=5.8kt AWA=340° Batt=100% Temp=0°C
[2026-05-31T13:01:06] [DEBUG] [calypso-direct] [on_notify] [DATA_IN] AWS=6.6kt AWA=340° Batt=100% Temp=0°C
[2026-05-31T13:01:06] [DEBUG] [calypso-direct] [on_notify] [DATA_IN] AWS=6.8kt AWA=340° Batt=100% Temp=0°C
[2026-05-31T13:01:06] [DEBUG] [calypso-direct] [on_notify] [DATA_IN] AWS=7.2kt AWA=340° Batt=100% Temp=0°C
[2026-05-31T13:01:06] [DEBUG] [calypso-direct] [on_notify] [DATA_IN] AWS=7.2kt AWA=331° Batt=100% Temp=0°C
[2026-05-31T13:01:07] [DEBUG] [calypso-direct] [on_notify] [DATA_IN] AWS=7.8kt AWA=331° Batt=100% Temp=0°C
[2026-05-31T13:01:07] [DEBUG] [calypso-direct] [on_notify] [DATA_IN] AWS=7.8kt AWA=330° Batt=100% Temp=0°C
[2026-05-31T13:01:07] [DEBUG] [calypso-direct] [on_notify] [DATA_IN] AWS=7.4kt AWA=330° Batt=100% Temp=0°C
[2026-05-31T13:01:08] [DEBUG] [calypso-direct] [on_notify] [DATA_IN] AWS=7.4kt AWA=330° Batt=100% Temp=0°C
[2026-05-31T13:01:08] [DEBUG] [calypso-direct] [on_notify] [DATA_IN] AWS=6.6kt AWA=337° Batt=100% Temp=0°C
[2026-05-31T13:01:08] [DEBUG] [calypso-direct] [on_notify] [DATA_IN] AWS=6.4kt AWA=338° Batt=100% Temp=0°C
[2026-05-31T13:01:08] [DEBUG] [calypso-direct] [on_notify] [DATA_IN] AWS=6.4kt AWA=338° Batt=100% Temp=0°C
[2026-05-31T13:01:08] [DEBUG] [calypso-direct] [on_notify] [DATA_IN] AWS=6.0kt AWA=338° Batt=100% Temp=0°C
[2026-05-31T13:01:09] [DEBUG] [calypso-direct] [on_notify] [DATA_IN] AWS=6.0kt AWA=338° Batt=100% Temp=0°C
[2026-05-31T13:01:09] [DEBUG] [calypso-direct] [on_notify] [DATA_IN] AWS=5.8kt AWA=5° Batt=100% Temp=0°C
[2026-05-31T13:01:10] [DEBUG] [calypso-direct] [on_notify] [DATA_IN] AWS=5.8kt AWA=5° Batt=100% Temp=0°C
[2026-05-31T13:01:10] [DEBUG] [calypso-direct] [on_notify] [DATA_IN] AWS=5.8kt AWA=5° Batt=100% Temp=0°C
[2026-05-31T13:01:10] [DEBUG] [calypso-direct] [on_notify] [DATA_IN] AWS=6.4kt AWA=5° Batt=100% Temp=0°C
[2026-05-31T13:01:10] [DEBUG] [calypso-direct] [on_notify] [DATA_IN] AWS=6.4kt AWA=5° Batt=100% Temp=0°C
[2026-05-31T13:01:10] [DEBUG] [calypso-direct] [on_notify] [DATA_IN] AWS=6.4kt AWA=322° Batt=100% Temp=0°C
[2026-05-31T13:01:11] [DEBUG] [calypso-direct] [on_notify] [DATA_IN] AWS=6.4kt AWA=321° Batt=100% Temp=0°C
[2026-05-31T13:01:11] [DEBUG] [calypso-direct] [on_notify] [DATA_IN] AWS=5.6kt AWA=321° Batt=100% Temp=0°C
[2026-05-31T13:01:11] [DEBUG] [calypso-direct] [on_notify] [DATA_IN] AWS=5.4kt AWA=321° Batt=100% Temp=0°C
[2026-05-31T13:01:11] [DEBUG] [calypso-direct] [on_notify] [DATA_IN] AWS=5.4kt AWA=320° Batt=100% Temp=0°C
[2026-05-31T13:01:12] [DEBUG] [calypso-direct] [on_notify] [DATA_IN] AWS=6.4kt AWA=327° Batt=100% Temp=0°C
[2026-05-31T13:01:12] [DEBUG] [calypso-direct] [on_notify] [DATA_IN] AWS=6.4kt AWA=327° Batt=100% Temp=0°C
[2026-05-31T13:01:12] [DEBUG] [calypso-direct] [on_notify] [DATA_IN] AWS=6.4kt AWA=327° Batt=100% Temp=0°C
[2026-05-31T13:01:12] [DEBUG] [calypso-direct] [on_notify] [DATA_IN] AWS=6.4kt AWA=327° Batt=100% Temp=0°C
[2026-05-31T13:01:13] [DEBUG] [calypso-direct] [on_notify] [DATA_IN] AWS=6.4kt AWA=327° Batt=100% Temp=0°C
[2026-05-31T13:01:13] [DEBUG] [calypso-direct] [on_notify] [DATA_IN] AWS=6.2kt AWA=334° Batt=100% Temp=0°C
[2026-05-31T13:01:13] [DEBUG] [calypso-direct] [on_notify] [DATA_IN] AWS=6.2kt AWA=333° Batt=100% Temp=0°C
[2026-05-31T13:01:13] [DEBUG] [calypso-direct] [on_notify] [DATA_IN] AWS=6.0kt AWA=334° Batt=100% Temp=0°C
[2026-05-31T13:01:13] [DEBUG] [calypso-direct] [on_notify] [DATA_IN] AWS=6.0kt AWA=333° Batt=100% Temp=0°C
[2026-05-31T13:01:13] [DEBUG] [calypso-direct] [on_notify] [DATA_IN] AWS=6.0kt AWA=334° Batt=100% Temp=0°C
[2026-05-31T13:01:14] [DEBUG] [calypso-direct] [on_notify] [DATA_IN] AWS=6.0kt AWA=333° Batt=100% Temp=0°C
[2026-05-31T13:01:14] [DEBUG] [calypso-direct] [on_notify] [DATA_IN] AWS=6.0kt AWA=333° Batt=100% Temp=0°C
[2026-05-31T13:01:14] [DEBUG] [calypso-direct] [on_notify] [DATA_IN] AWS=6.4kt AWA=333° Batt=100% Temp=0°C
[2026-05-31T13:01:14] [DEBUG] [calypso-direct] [on_notify] [DATA_IN] AWS=6.4kt AWA=333° Batt=100% Temp=0°C
[2026-05-31T13:01:15] [DEBUG] [calypso-direct] [on_notify] [DATA_IN] AWS=6.4kt AWA=333° Batt=100% Temp=0°C
[2026-05-31T13:01:15] [DEBUG] [calypso-direct] [on_notify] [DATA_IN] AWS=6.6kt AWA=333° Batt=100% Temp=0°C
[2026-05-31T13:01:15] [DEBUG] [calypso-direct] [on_notify] [DATA_IN] AWS=6.6kt AWA=334° Batt=100% Temp=0°C
[2026-05-31T13:01:15] [DEBUG] [calypso-direct] [on_notify] [DATA_IN] AWS=6.4kt AWA=334° Batt=100% Temp=0°C
[2026-05-31T13:01:16] [DEBUG] [calypso-direct] [on_notify] [DATA_IN] AWS=6.4kt AWA=334° Batt=100% Temp=0°C
[2026-05-31T13:01:16] [DEBUG] [calypso-direct] [on_notify] [DATA_IN] AWS=6.4kt AWA=335° Batt=100% Temp=0°C
[2026-05-31T13:01:16] [DEBUG] [calypso-direct] [on_notify] [DATA_IN] AWS=6.0kt AWA=346° Batt=100% Temp=0°C
[2026-05-31T13:01:16] [DEBUG] [calypso-direct] [on_notify] [DATA_IN] AWS=6.0kt AWA=346° Batt=100% Temp=0°C
[2026-05-31T13:01:17] [DEBUG] [calypso-direct] [on_notify] [DATA_IN] AWS=6.0kt AWA=346° Batt=100% Temp=0°C
[2026-05-31T13:01:17] [DEBUG] [calypso-direct] [on_notify] [DATA_IN] AWS=6.0kt AWA=346° Batt=100% Temp=0°C
[2026-05-31T13:01:17] [DEBUG] [calypso-direct] [on_notify] [DATA_IN] AWS=6.0kt AWA=345° Batt=100% Temp=0°C
[2026-05-31T13:01:17] [DEBUG] [calypso-direct] [on_notify] [DATA_IN] AWS=6.0kt AWA=326° Batt=100% Temp=0°C
[2026-05-31T13:01:18] [DEBUG] [calypso-direct] [on_notify] [DATA_IN] AWS=6.0kt AWA=326° Batt=100% Temp=0°C
[2026-05-31T13:01:18] [DEBUG] [calypso-direct] [on_notify] [DATA_IN] AWS=6.0kt AWA=326° Batt=100% Temp=0°C
[2026-05-31T13:01:18] [DEBUG] [calypso-direct] [on_notify] [DATA_IN] AWS=6.4kt AWA=328° Batt=100% Temp=0°C
[2026-05-31T13:01:18] [DEBUG] [calypso-direct] [on_notify] [DATA_IN] AWS=6.6kt AWA=329° Batt=100% Temp=0°C
[2026-05-31T13:01:19] [DEBUG] [calypso-direct] [on_notify] [DATA_IN] AWS=6.6kt AWA=351° Batt=100% Temp=0°C
[2026-05-31T13:01:19] [DEBUG] [calypso-direct] [on_notify] [DATA_IN] AWS=6.6kt AWA=351° Batt=100% Temp=0°C
[2026-05-31T13:01:19] [DEBUG] [calypso-direct] [on_notify] [DATA_IN] AWS=7.0kt AWA=351° Batt=100% Temp=0°C
[2026-05-31T13:01:19] [DEBUG] [calypso-direct] [on_notify] [DATA_IN] AWS=7.0kt AWA=351° Batt=100% Temp=0°C
[2026-05-31T13:01:20] [DEBUG] [calypso-direct] [on_notify] [DATA_IN] AWS=6.6kt AWA=351° Batt=100% Temp=0°C
[2026-05-31T13:01:20] [DEBUG] [calypso-direct] [on_notify] [DATA_IN] AWS=6.6kt AWA=337° Batt=100% Temp=0°C
[2026-05-31T13:01:20] [DEBUG] [calypso-direct] [on_notify] [DATA_IN] AWS=6.6kt AWA=337° Batt=100% Temp=0°C
[2026-05-31T13:01:20] [DEBUG] [calypso-direct] [on_notify] [DATA_IN] AWS=6.6kt AWA=335° Batt=100% Temp=0°C
[2026-05-31T13:01:21] [DEBUG] [calypso-direct] [on_notify] [DATA_IN] AWS=6.6kt AWA=335° Batt=100% Temp=0°C
[2026-05-31T13:01:21] [DEBUG] [calypso-direct] [on_notify] [DATA_IN] AWS=6.0kt AWA=335° Batt=100% Temp=0°C
[2026-05-31T13:01:21] [DEBUG] [calypso-direct] [on_notify] [DATA_IN] AWS=5.8kt AWA=343° Batt=100% Temp=0°C
[2026-05-31T13:01:21] [DEBUG] [calypso-direct] [on_notify] [DATA_IN] AWS=5.8kt AWA=344° Batt=100% Temp=0°C
[2026-05-31T13:01:22] [DEBUG] [calypso-direct] [on_notify] [DATA_IN] AWS=5.8kt AWA=344° Batt=100% Temp=0°C
[2026-05-31T13:01:22] [DEBUG] [calypso-direct] [on_notify] [DATA_IN] AWS=6.4kt AWA=344° Batt=100% Temp=0°C
[2026-05-31T13:01:22] [DEBUG] [calypso-direct] [on_notify] [DATA_IN] AWS=6.6kt AWA=344° Batt=100% Temp=0°C
[2026-05-31T13:01:22] [DEBUG] [calypso-direct] [on_notify] [DATA_IN] AWS=6.8kt AWA=343° Batt=100% Temp=0°C
[2026-05-31T13:01:23] [DEBUG] [calypso-direct] [on_notify] [DATA_IN] AWS=6.8kt AWA=343° Batt=100% Temp=0°C
[2026-05-31T13:01:23] [DEBUG] [calypso-direct] [on_notify] [DATA_IN] AWS=6.8kt AWA=343° Batt=100% Temp=0°C
[2026-05-31T13:01:23] [DEBUG] [calypso-direct] [on_notify] [DATA_IN] AWS=7.0kt AWA=343° Batt=100% Temp=0°C
[2026-05-31T13:01:23] [DEBUG] [calypso-direct] [on_notify] [DATA_IN] AWS=7.0kt AWA=343° Batt=100% Temp=0°C
[2026-05-31T13:01:24] [DEBUG] [calypso-direct] [on_notify] [DATA_IN] AWS=7.4kt AWA=352° Batt=100% Temp=0°C
[2026-05-31T13:01:24] [DEBUG] [calypso-direct] [on_notify] [DATA_IN] AWS=7.4kt AWA=352° Batt=100% Temp=0°C
[2026-05-31T13:01:24] [DEBUG] [calypso-direct] [on_notify] [DATA_IN] AWS=7.6kt AWA=352° Batt=100% Temp=0°C
[2026-05-31T13:01:25] [DEBUG] [calypso-direct] [on_notify] [DATA_IN] AWS=7.6kt AWA=352° Batt=100% Temp=0°C
[2026-05-31T13:01:25] [DEBUG] [calypso-direct] [on_notify] [DATA_IN] AWS=8.0kt AWA=352° Batt=100% Temp=0°C
[2026-05-31T13:01:25] [DEBUG] [calypso-direct] [on_notify] [DATA_IN] AWS=8.0kt AWA=14° Batt=100% Temp=0°C
[2026-05-31T13:01:25] [DEBUG] [calypso-direct] [on_notify] [DATA_IN] AWS=8.2kt AWA=4° Batt=100% Temp=0°C
[2026-05-31T13:01:25] [DEBUG] [calypso-direct] [on_notify] [DATA_IN] AWS=8.2kt AWA=5° Batt=100% Temp=0°C
[2026-05-31T13:01:26] [DEBUG] [calypso-direct] [on_notify] [DATA_IN] AWS=8.2kt AWA=10° Batt=100% Temp=0°C
[2026-05-31T13:01:26] [DEBUG] [calypso-direct] [on_notify] [DATA_IN] AWS=8.4kt AWA=12° Batt=100% Temp=0°C
[2026-05-31T13:01:26] [DEBUG] [calypso-direct] [on_notify] [DATA_IN] AWS=8.4kt AWA=10° Batt=100% Temp=0°C
[2026-05-31T13:01:27] [DEBUG] [calypso-direct] [on_notify] [DATA_IN] AWS=8.2kt AWA=10° Batt=100% Temp=0°C
[2026-05-31T13:01:27] [DEBUG] [calypso-direct] [on_notify] [DATA_IN] AWS=8.2kt AWA=11° Batt=100% Temp=0°C
[2026-05-31T13:01:27] [DEBUG] [calypso-direct] [on_notify] [DATA_IN] AWS=8.2kt AWA=7° Batt=100% Temp=0°C
[2026-05-31T13:01:28] [DEBUG] [calypso-direct] [on_notify] [DATA_IN] AWS=8.2kt AWA=4° Batt=100% Temp=0°C
[2026-05-31T13:01:28] [DEBUG] [calypso-direct] [on_notify] [DATA_IN] AWS=8.2kt AWA=4° Batt=100% Temp=0°C
[2026-05-31T13:01:28] [DEBUG] [calypso-direct] [on_notify] [DATA_IN] AWS=8.0kt AWA=4° Batt=100% Temp=0°C
[2026-05-31T13:01:28] [DEBUG] [calypso-direct] [on_notify] [DATA_IN] AWS=7.8kt AWA=4° Batt=100% Temp=0°C
[2026-05-31T13:01:28] [DEBUG] [calypso-direct] [on_notify] [DATA_IN] AWS=7.6kt AWA=4° Batt=100% Temp=0°C
[2026-05-31T13:01:29] [DEBUG] [calypso-direct] [on_notify] [DATA_IN] AWS=7.6kt AWA=7° Batt=100% Temp=0°C
[2026-05-31T13:01:29] [DEBUG] [calypso-direct] [on_notify] [DATA_IN] AWS=7.6kt AWA=10° Batt=100% Temp=0°C
[2026-05-31T13:01:29] [DEBUG] [calypso-direct] [on_notify] [DATA_IN] AWS=7.6kt AWA=10° Batt=100% Temp=0°C
[2026-05-31T13:01:29] [DEBUG] [calypso-direct] [on_notify] [DATA_IN] AWS=7.6kt AWA=10° Batt=100% Temp=0°C
[2026-05-31T13:01:30] [DEBUG] [calypso-direct] [on_notify] [DATA_IN] AWS=7.6kt AWA=10° Batt=100% Temp=0°C
[2026-05-31T13:01:30] [DEBUG] [calypso-direct] [on_notify] [DATA_IN] AWS=7.4kt AWA=10° Batt=100% Temp=0°C
[2026-05-31T13:01:30] [DEBUG] [calypso-direct] [on_notify] [DATA_IN] AWS=7.4kt AWA=10° Batt=100% Temp=0°C
[2026-05-31T13:01:31] [DEBUG] [calypso-direct] [on_notify] [DATA_IN] AWS=7.6kt AWA=10° Batt=100% Temp=0°C
[2026-05-31T13:01:31] [DEBUG] [calypso-direct] [on_notify] [DATA_IN] AWS=7.4kt AWA=10° Batt=100% Temp=0°C
[2026-05-31T13:01:31] [DEBUG] [calypso-direct] [on_notify] [DATA_IN] AWS=7.4kt AWA=6° Batt=100% Temp=0°C
[2026-05-31T13:01:31] [DEBUG] [calypso-direct] [on_notify] [DATA_IN] AWS=7.8kt AWA=6° Batt=100% Temp=0°C
[2026-05-31T13:01:32] [DEBUG] [calypso-direct] [on_notify] [DATA_IN] AWS=7.4kt AWA=6° Batt=100% Temp=0°C
[2026-05-31T13:01:32] [DEBUG] [calypso-direct] [on_notify] [DATA_IN] AWS=7.4kt AWA=10° Batt=100% Temp=0°C
[2026-05-31T13:01:32] [DEBUG] [calypso-direct] [on_notify] [DATA_IN] AWS=7.8kt AWA=11° Batt=100% Temp=0°C
[2026-05-31T13:01:32] [DEBUG] [calypso-direct] [on_notify] [DATA_IN] AWS=7.8kt AWA=11° Batt=100% Temp=0°C
[2026-05-31T13:01:33] [DEBUG] [calypso-direct] [on_notify] [DATA_IN] AWS=7.8kt AWA=11° Batt=100% Temp=0°C
[2026-05-31T13:01:33] [DEBUG] [calypso-direct] [on_notify] [DATA_IN] AWS=7.8kt AWA=11° Batt=100% Temp=0°C
[2026-05-31T13:01:33] [DEBUG] [calypso-direct] [on_notify] [DATA_IN] AWS=7.2kt AWA=11° Batt=100% Temp=0°C
[2026-05-31T13:01:33] [DEBUG] [calypso-direct] [on_notify] [DATA_IN] AWS=7.2kt AWA=13° Batt=100% Temp=0°C
[2026-05-31T13:01:33] [DEBUG] [calypso-direct] [on_notify] [DATA_IN] AWS=7.2kt AWA=19° Batt=100% Temp=0°C
[2026-05-31T13:01:33] [DEBUG] [calypso-direct] [on_notify] [DATA_IN] AWS=7.8kt AWA=20° Batt=100% Temp=0°C
[2026-05-31T13:01:34] [DEBUG] [calypso-direct] [on_notify] [DATA_IN] AWS=7.8kt AWA=20° Batt=100% Temp=0°C
[2026-05-31T13:01:34] [DEBUG] [calypso-direct] [on_notify] [DATA_IN] AWS=7.8kt AWA=19° Batt=100% Temp=0°C
[2026-05-31T13:01:34] [DEBUG] [calypso-direct] [on_notify] [DATA_IN] AWS=7.8kt AWA=19° Batt=100% Temp=0°C
[2026-05-31T13:01:34] [DEBUG] [calypso-direct] [on_notify] [DATA_IN] AWS=7.6kt AWA=19° Batt=100% Temp=0°C
[2026-05-31T13:01:34] [DEBUG] [calypso-direct] [on_notify] [DATA_IN] AWS=7.6kt AWA=18° Batt=100% Temp=0°C
[2026-05-31T13:01:35] [INFO] [calypso-direct] [_stop] Signal 15 — stopping cleanly (BLE disconnect will follow)
[2026-05-31T13:01:35] [DEBUG] [calypso-direct] [on_notify] [DATA_IN] AWS=7.4kt AWA=19° Batt=100% Temp=0°C
[2026-05-31T13:01:35] [DEBUG] [calypso-direct] [on_notify] [DATA_IN] AWS=7.4kt AWA=19° Batt=100% Temp=0°C
[2026-05-31T13:01:35] [DEBUG] [calypso-direct] [on_notify] [DATA_IN] AWS=7.4kt AWA=20° Batt=100% Temp=0°C
[2026-05-31T13:01:36] [DEBUG] [calypso-direct] [on_notify] [DATA_IN] AWS=7.4kt AWA=20° Batt=100% Temp=0°C
[2026-05-31T13:01:36] [WARNING] [calypso-direct] [main] [BLE_DISCONNECT] Disconnected or data timeout
[2026-05-31T13:01:36] [DEBUG] [calypso-direct] [on_notify] [DATA_IN] AWS=7.4kt AWA=24° Batt=100% Temp=0°C
[2026-05-31T13:01:36] [DEBUG] [calypso-direct] [on_notify] [DATA_IN] AWS=7.4kt AWA=25° Batt=100% Temp=0°C
[2026-05-31T13:01:36] [DEBUG] [calypso-direct] [on_notify] [DATA_IN] AWS=7.4kt AWA=28° Batt=100% Temp=0°C
[2026-05-31T13:01:37] [DEBUG] [calypso-direct] [on_notify] [DATA_IN] AWS=7.8kt AWA=28° Batt=100% Temp=0°C
[2026-05-31T13:01:37] [DEBUG] [calypso-direct] [on_notify] [DATA_IN] AWS=7.8kt AWA=25° Batt=100% Temp=0°C
[2026-05-31T13:01:37] [DEBUG] [calypso-direct] [on_notify] [DATA_IN] AWS=7.8kt AWA=25° Batt=100% Temp=0°C
[2026-05-31T13:01:38] [DEBUG] [calypso-direct] [on_notify] [DATA_IN] AWS=7.8kt AWA=26° Batt=100% Temp=0°C
[2026-05-31T13:01:38] [DEBUG] [calypso-direct] [on_notify] [DATA_IN] AWS=7.8kt AWA=26° Batt=100% Temp=0°C
[2026-05-31T13:01:38] [DEBUG] [calypso-direct] [on_notify] [DATA_IN] AWS=7.8kt AWA=26° Batt=100% Temp=0°C
[2026-05-31T13:01:38] [DEBUG] [calypso-direct] [on_notify] [DATA_IN] AWS=7.8kt AWA=26° Batt=100% Temp=0°C
[2026-05-31T13:01:38] [DEBUG] [calypso-direct] [on_notify] [DATA_IN] AWS=7.4kt AWA=29° Batt=100% Temp=0°C
[2026-05-31T13:01:38] [ERROR] [calypso-direct] [main] [ERROR] L1 #1: EOFError: 
[2026-05-31T13:01:38] [INFO] [calypso-direct] [release_singleton] Singleton released
[2026-05-31T13:01:38] [INFO] [calypso-direct] [main] [SHUTDOWN] calypso_direct stopped — PID released
[2026-05-31T13:01:39] [INFO] [calypso-direct] [acquire_singleton] Singleton acquired (PID 15841)
[2026-05-31T13:01:39] [INFO] [calypso-direct] [main] [STARTUP] ==========================================================
[2026-05-31T13:01:39] [INFO] [calypso-direct] [main] [STARTUP] calypso_direct — Calypso UP10 BLE Driver
[2026-05-31T13:01:39] [INFO] [calypso-direct] [main] [STARTUP] MAC=F8:5F:12:9D:D2:EE Rate=10Hz SK=UDP:4123
[2026-05-31T13:01:39] [INFO] [calypso-direct] [main] [STARTUP] Timeout=60s L2_threshold=10
[2026-05-31T13:01:39] [INFO] [calypso-direct] [main] [STARTUP] ==========================================================
[2026-05-31T13:01:39] [INFO] [calypso-direct] [main] [STARTUP] BlueZ GATT cache cleared for F8:5F:12:9D:D2:EE
[2026-05-31T13:01:41] [INFO] [calypso-direct] [main] [BLE_CLEANUP] BlueZ cache cleared for F8:5F:12:9D:D2:EE
[2026-05-31T13:01:43] [INFO] [calypso-direct] [main] [BLE_SCAN] Connecting to Calypso F8:5F:12:9D:D2:EE...
[2026-05-31T13:02:02] [INFO] [calypso-direct] [main] [BLE_CONNECT] Connected ✅
[2026-05-31T13:02:02] [WARNING] [calypso-direct] [configure_device] [CONFIG_WRITE] NORMAL mode failed: Characteristic 0000a001-0000-1000-8000-00805f9b34fb does not support write operations!
[2026-05-31T13:02:06] [INFO] [calypso-direct] [configure_device] [CONFIG_WRITE] 10 Hz ✅
[2026-05-31T13:02:07] [INFO] [calypso-direct] [configure_device] [CONFIG_WRITE] compass OFF (prevents sentinel -90/-90/360) ✅
[2026-05-31T13:02:07] [INFO] [calypso-direct] [main] [DATA_IN] Receiving Calypso wind data...
[2026-05-31T13:02:07] [INFO] [calypso-direct] [on_notify] [DATA_FIRST] First packet: [24, 1, 49, 0, 10, 100, 0, 0, 0, 0] (10 bytes)
[2026-05-31T13:02:07] [DEBUG] [calypso-direct] [on_notify] [DATA_IN] AWS=5.4kt AWA=49° Batt=100% Temp=0°C
[2026-05-31T13:02:09] [DEBUG] [calypso-direct] [on_notify] [DATA_IN] AWS=5.4kt AWA=48° Batt=100% Temp=0°C
[2026-05-31T13:02:09] [DEBUG] [calypso-direct] [on_notify] [DATA_IN] AWS=6.2kt AWA=50° Batt=100% Temp=0°C
[2026-05-31T13:02:11] [DEBUG] [calypso-direct] [on_notify] [DATA_IN] AWS=6.2kt AWA=50° Batt=100% Temp=0°C
[2026-05-31T13:02:11] [DEBUG] [calypso-direct] [on_notify] [DATA_IN] AWS=6.4kt AWA=53° Batt=100% Temp=0°C
[2026-05-31T13:02:12] [DEBUG] [calypso-direct] [on_notify] [DATA_IN] AWS=6.4kt AWA=53° Batt=100% Temp=0°C
[2026-05-31T13:02:14] [DEBUG] [calypso-direct] [on_notify] [DATA_IN] AWS=6.4kt AWA=53° Batt=100% Temp=0°C
[2026-05-31T13:02:15] [DEBUG] [calypso-direct] [on_notify] [DATA_IN] AWS=6.6kt AWA=46° Batt=100% Temp=0°C
[2026-05-31T13:02:15] [DEBUG] [calypso-direct] [on_notify] [DATA_IN] AWS=7.0kt AWA=45° Batt=100% Temp=0°C
[2026-05-31T13:02:17] [DEBUG] [calypso-direct] [on_notify] [DATA_IN] AWS=7.2kt AWA=45° Batt=100% Temp=0°C
[2026-05-31T13:02:17] [DEBUG] [calypso-direct] [on_notify] [DATA_IN] AWS=7.2kt AWA=45° Batt=100% Temp=0°C
[2026-05-31T13:02:18] [DEBUG] [calypso-direct] [on_notify] [DATA_IN] AWS=7.2kt AWA=46° Batt=100% Temp=0°C
[2026-05-31T13:02:20] [DEBUG] [calypso-direct] [on_notify] [DATA_IN] AWS=6.8kt AWA=50° Batt=100% Temp=0°C
[2026-05-31T13:02:20] [DEBUG] [calypso-direct] [on_notify] [DATA_IN] AWS=6.4kt AWA=53° Batt=100% Temp=0°C
[2026-05-31T13:02:21] [DEBUG] [calypso-direct] [on_notify] [DATA_IN] AWS=6.4kt AWA=53° Batt=100% Temp=0°C
[2026-05-31T13:02:23] [DEBUG] [calypso-direct] [on_notify] [DATA_IN] AWS=6.8kt AWA=53° Batt=100% Temp=0°C
[2026-05-31T13:02:23] [DEBUG] [calypso-direct] [on_notify] [DATA_IN] AWS=6.4kt AWA=52° Batt=100% Temp=0°C
[2026-05-31T13:02:25] [DEBUG] [calypso-direct] [on_notify] [DATA_IN] AWS=6.6kt AWA=49° Batt=100% Temp=0°C
[2026-05-31T13:02:26] [DEBUG] [calypso-direct] [on_notify] [DATA_IN] AWS=6.6kt AWA=46° Batt=100% Temp=0°C
[2026-05-31T13:02:26] [DEBUG] [calypso-direct] [on_notify] [DATA_IN] AWS=6.6kt AWA=45° Batt=100% Temp=0°C
[2026-05-31T13:02:27] [DEBUG] [calypso-direct] [on_notify] [DATA_IN] AWS=6.2kt AWA=45° Batt=100% Temp=0°C
[2026-05-31T13:02:29] [DEBUG] [calypso-direct] [on_notify] [DATA_IN] AWS=6.6kt AWA=44° Batt=100% Temp=0°C
[2026-05-31T13:02:29] [DEBUG] [calypso-direct] [on_notify] [DATA_IN] AWS=6.8kt AWA=44° Batt=100% Temp=0°C
[2026-05-31T13:02:30] [DEBUG] [calypso-direct] [on_notify] [DATA_IN] AWS=6.8kt AWA=43° Batt=100% Temp=0°C
[2026-05-31T13:02:32] [DEBUG] [calypso-direct] [on_notify] [DATA_IN] AWS=6.6kt AWA=37° Batt=100% Temp=0°C
[2026-05-31T13:02:32] [DEBUG] [calypso-direct] [on_notify] [DATA_IN] AWS=6.6kt AWA=37° Batt=100% Temp=0°C
[2026-05-31T13:02:34] [DEBUG] [calypso-direct] [on_notify] [DATA_IN] AWS=6.4kt AWA=37° Batt=100% Temp=0°C
[2026-05-31T13:02:34] [DEBUG] [calypso-direct] [on_notify] [DATA_IN] AWS=6.4kt AWA=35° Batt=100% Temp=0°C
[2026-05-31T13:02:35] [DEBUG] [calypso-direct] [on_notify] [DATA_IN] AWS=6.4kt AWA=35° Batt=100% Temp=0°C
[2026-05-31T13:02:37] [DEBUG] [calypso-direct] [on_notify] [DATA_IN] AWS=6.6kt AWA=37° Batt=100% Temp=0°C
[2026-05-31T13:02:38] [DEBUG] [calypso-direct] [on_notify] [DATA_IN] AWS=7.0kt AWA=37° Batt=100% Temp=0°C
[2026-05-31T13:02:38] [DEBUG] [calypso-direct] [on_notify] [DATA_IN] AWS=7.0kt AWA=37° Batt=100% Temp=0°C
[2026-05-31T13:02:40] [DEBUG] [calypso-direct] [on_notify] [DATA_IN] AWS=6.8kt AWA=37° Batt=100% Temp=0°C
[2026-05-31T13:02:41] [DEBUG] [calypso-direct] [on_notify] [DATA_IN] AWS=6.8kt AWA=37° Batt=100% Temp=0°C
[2026-05-31T13:02:41] [DEBUG] [calypso-direct] [on_notify] [DATA_IN] AWS=6.6kt AWA=34° Batt=100% Temp=0°C
[2026-05-31T13:02:43] [DEBUG] [calypso-direct] [on_notify] [DATA_IN] AWS=6.4kt AWA=33° Batt=100% Temp=0°C
[2026-05-31T13:02:43] [DEBUG] [calypso-direct] [on_notify] [DATA_IN] AWS=6.4kt AWA=33° Batt=100% Temp=0°C
[2026-05-31T13:02:45] [DEBUG] [calypso-direct] [on_notify] [DATA_IN] AWS=5.8kt AWA=31° Batt=100% Temp=0°C
[2026-05-31T13:02:46] [DEBUG] [calypso-direct] [on_notify] [DATA_IN] AWS=5.8kt AWA=31° Batt=100% Temp=0°C
[2026-05-31T13:02:47] [DEBUG] [calypso-direct] [on_notify] [DATA_IN] AWS=5.8kt AWA=31° Batt=100% Temp=0°C
[2026-05-31T13:02:47] [DEBUG] [calypso-direct] [on_notify] [DATA_IN] AWS=5.8kt AWA=34° Batt=100% Temp=0°C
[2026-05-31T13:02:49] [DEBUG] [calypso-direct] [on_notify] [DATA_IN] AWS=5.4kt AWA=34° Batt=100% Temp=0°C
[2026-05-31T13:02:49] [DEBUG] [calypso-direct] [on_notify] [DATA_IN] AWS=5.6kt AWA=34° Batt=100% Temp=0°C
[2026-05-31T13:02:50] [DEBUG] [calypso-direct] [on_notify] [DATA_IN] AWS=5.6kt AWA=34° Batt=100% Temp=0°C
[2026-05-31T13:02:52] [DEBUG] [calypso-direct] [on_notify] [DATA_IN] AWS=5.6kt AWA=30° Batt=100% Temp=0°C
[2026-05-31T13:02:52] [DEBUG] [calypso-direct] [on_notify] [DATA_IN] AWS=5.6kt AWA=29° Batt=100% Temp=0°C
[2026-05-31T13:02:54] [DEBUG] [calypso-direct] [on_notify] [DATA_IN] AWS=5.6kt AWA=24° Batt=100% Temp=0°C
[2026-05-31T13:02:55] [DEBUG] [calypso-direct] [on_notify] [DATA_IN] AWS=5.6kt AWA=24° Batt=100% Temp=0°C
[2026-05-31T13:02:56] [DEBUG] [calypso-direct] [on_notify] [DATA_IN] AWS=6.0kt AWA=22° Batt=100% Temp=0°C
[2026-05-31T13:02:57] [DEBUG] [calypso-direct] [on_notify] [DATA_IN] AWS=6.0kt AWA=24° Batt=100% Temp=0°C
[2026-05-31T13:02:58] [DEBUG] [calypso-direct] [on_notify] [DATA_IN] AWS=6.0kt AWA=25° Batt=100% Temp=0°C
[2026-05-31T13:02:58] [DEBUG] [calypso-direct] [on_notify] [DATA_IN] AWS=5.6kt AWA=25° Batt=100% Temp=0°C
[2026-05-31T13:03:00] [DEBUG] [calypso-direct] [on_notify] [DATA_IN] AWS=5.6kt AWA=25° Batt=100% Temp=0°C
[2026-05-31T13:03:00] [DEBUG] [calypso-direct] [on_notify] [DATA_IN] AWS=5.6kt AWA=25° Batt=100% Temp=0°C
[2026-05-31T13:03:01] [DEBUG] [calypso-direct] [on_notify] [DATA_IN] AWS=5.4kt AWA=25° Batt=100% Temp=0°C
[2026-05-31T13:03:03] [DEBUG] [calypso-direct] [on_notify] [DATA_IN] AWS=5.6kt AWA=25° Batt=100% Temp=0°C
[2026-05-31T13:03:04] [DEBUG] [calypso-direct] [on_notify] [DATA_IN] AWS=5.6kt AWA=25° Batt=100% Temp=0°C
[2026-05-31T13:03:05] [DEBUG] [calypso-direct] [on_notify] [DATA_IN] AWS=5.2kt AWA=18° Batt=100% Temp=0°C
[2026-05-31T13:03:06] [DEBUG] [calypso-direct] [on_notify] [DATA_IN] AWS=5.2kt AWA=18° Batt=100% Temp=0°C
[2026-05-31T13:03:06] [DEBUG] [calypso-direct] [on_notify] [DATA_IN] AWS=5.2kt AWA=16° Batt=100% Temp=0°C
[2026-05-31T13:03:07] [DEBUG] [calypso-direct] [on_notify] [DATA_IN] AWS=5.2kt AWA=16° Batt=100% Temp=0°C
[2026-05-31T13:03:09] [DEBUG] [calypso-direct] [on_notify] [DATA_IN] AWS=5.2kt AWA=16° Batt=100% Temp=0°C
[2026-05-31T13:03:09] [DEBUG] [calypso-direct] [on_notify] [DATA_IN] AWS=5.2kt AWA=15° Batt=100% Temp=0°C
[2026-05-31T13:03:10] [DEBUG] [calypso-direct] [on_notify] [DATA_IN] AWS=5.2kt AWA=15° Batt=100% Temp=0°C
[2026-05-31T13:03:12] [DEBUG] [calypso-direct] [on_notify] [DATA_IN] AWS=5.2kt AWA=15° Batt=100% Temp=0°C
[2026-05-31T13:03:12] [DEBUG] [calypso-direct] [on_notify] [DATA_IN] AWS=5.2kt AWA=13° Batt=100% Temp=0°C
[2026-05-31T13:03:14] [DEBUG] [calypso-direct] [on_notify] [DATA_IN] AWS=5.1kt AWA=13° Batt=100% Temp=0°C
[2026-05-31T13:03:15] [DEBUG] [calypso-direct] [on_notify] [DATA_IN] AWS=5.1kt AWA=12° Batt=100% Temp=0°C
[2026-05-31T13:03:15] [DEBUG] [calypso-direct] [on_notify] [DATA_IN] AWS=4.9kt AWA=12° Batt=100% Temp=0°C
[2026-05-31T13:03:17] [DEBUG] [calypso-direct] [on_notify] [DATA_IN] AWS=4.7kt AWA=7° Batt=100% Temp=0°C
[2026-05-31T13:03:18] [DEBUG] [calypso-direct] [on_notify] [DATA_IN] AWS=4.9kt AWA=7° Batt=100% Temp=0°C
[2026-05-31T13:03:18] [DEBUG] [calypso-direct] [on_notify] [DATA_IN] AWS=5.2kt AWA=7° Batt=100% Temp=0°C
[2026-05-31T13:03:20] [DEBUG] [calypso-direct] [on_notify] [DATA_IN] AWS=4.9kt AWA=6° Batt=100% Temp=0°C
[2026-05-31T13:03:21] [DEBUG] [calypso-direct] [on_notify] [DATA_IN] AWS=4.9kt AWA=6° Batt=100% Temp=0°C
[2026-05-31T13:03:21] [DEBUG] [calypso-direct] [on_notify] [DATA_IN] AWS=4.9kt AWA=6° Batt=100% Temp=0°C
[2026-05-31T13:03:23] [DEBUG] [calypso-direct] [on_notify] [DATA_IN] AWS=4.5kt AWA=6° Batt=100% Temp=0°C
[2026-05-31T13:03:24] [DEBUG] [calypso-direct] [on_notify] [DATA_IN] AWS=4.1kt AWA=6° Batt=100% Temp=0°C
[2026-05-31T13:03:24] [DEBUG] [calypso-direct] [on_notify] [DATA_IN] AWS=4.1kt AWA=347° Batt=100% Temp=0°C
[2026-05-31T13:03:26] [DEBUG] [calypso-direct] [on_notify] [DATA_IN] AWS=4.1kt AWA=347° Batt=100% Temp=0°C
[2026-05-31T13:03:27] [DEBUG] [calypso-direct] [on_notify] [DATA_IN] AWS=4.3kt AWA=347° Batt=100% Temp=0°C
[2026-05-31T13:03:27] [DEBUG] [calypso-direct] [on_notify] [DATA_IN] AWS=4.3kt AWA=347° Batt=100% Temp=0°C
[2026-05-31T13:03:29] [DEBUG] [calypso-direct] [on_notify] [DATA_IN] AWS=4.3kt AWA=346° Batt=100% Temp=0°C
[2026-05-31T13:03:30] [DEBUG] [calypso-direct] [on_notify] [DATA_IN] AWS=4.3kt AWA=333° Batt=100% Temp=0°C
[2026-05-31T13:03:30] [DEBUG] [calypso-direct] [on_notify] [DATA_IN] AWS=4.5kt AWA=333° Batt=100% Temp=0°C
[2026-05-31T13:03:32] [DEBUG] [calypso-direct] [on_notify] [DATA_IN] AWS=4.5kt AWA=333° Batt=100% Temp=0°C
[2026-05-31T13:03:32] [DEBUG] [calypso-direct] [on_notify] [DATA_IN] AWS=4.5kt AWA=333° Batt=100% Temp=0°C
[2026-05-31T13:03:33] [DEBUG] [calypso-direct] [on_notify] [DATA_IN] AWS=3.9kt AWA=333° Batt=100% Temp=0°C
[2026-05-31T13:03:35] [DEBUG] [calypso-direct] [on_notify] [DATA_IN] AWS=3.9kt AWA=347° Batt=100% Temp=0°C
[2026-05-31T13:03:35] [DEBUG] [calypso-direct] [on_notify] [DATA_IN] AWS=3.9kt AWA=347° Batt=100% Temp=0°C
[2026-05-31T13:03:37] [DEBUG] [calypso-direct] [on_notify] [DATA_IN] AWS=3.9kt AWA=347° Batt=100% Temp=0°C
[2026-05-31T13:03:38] [DEBUG] [calypso-direct] [on_notify] [DATA_IN] AWS=3.9kt AWA=348° Batt=100% Temp=0°C
[2026-05-31T13:03:38] [DEBUG] [calypso-direct] [on_notify] [DATA_IN] AWS=4.1kt AWA=348° Batt=100% Temp=0°C
[2026-05-31T13:03:40] [DEBUG] [calypso-direct] [on_notify] [DATA_IN] AWS=4.1kt AWA=349° Batt=100% Temp=0°C
[2026-05-31T13:03:41] [DEBUG] [calypso-direct] [on_notify] [DATA_IN] AWS=4.1kt AWA=349° Batt=100% Temp=0°C
[2026-05-31T13:03:41] [DEBUG] [calypso-direct] [on_notify] [DATA_IN] AWS=4.7kt AWA=349° Batt=100% Temp=0°C
[2026-05-31T13:03:43] [DEBUG] [calypso-direct] [on_notify] [DATA_IN] AWS=4.7kt AWA=349° Batt=100% Temp=0°C
[2026-05-31T13:03:44] [DEBUG] [calypso-direct] [on_notify] [DATA_IN] AWS=4.7kt AWA=349° Batt=100% Temp=0°C
[2026-05-31T13:03:44] [DEBUG] [calypso-direct] [on_notify] [DATA_IN] AWS=5.1kt AWA=334° Batt=100% Temp=0°C
[2026-05-31T13:03:46] [DEBUG] [calypso-direct] [on_notify] [DATA_IN] AWS=5.4kt AWA=334° Batt=100% Temp=0°C
[2026-05-31T13:03:46] [DEBUG] [calypso-direct] [on_notify] [DATA_IN] AWS=5.1kt AWA=333° Batt=100% Temp=0°C
[2026-05-31T13:03:47] [DEBUG] [calypso-direct] [on_notify] [DATA_IN] AWS=6.4kt AWA=333° Batt=100% Temp=0°C
[2026-05-31T13:03:49] [DEBUG] [calypso-direct] [on_notify] [DATA_IN] AWS=6.8kt AWA=332° Batt=100% Temp=0°C
[2026-05-31T13:03:50] [DEBUG] [calypso-direct] [on_notify] [DATA_IN] AWS=6.8kt AWA=353° Batt=100% Temp=0°C
[2026-05-31T13:03:50] [DEBUG] [calypso-direct] [on_notify] [DATA_IN] AWS=6.4kt AWA=353° Batt=100% Temp=0°C
[2026-05-31T13:03:52] [DEBUG] [calypso-direct] [on_notify] [DATA_IN] AWS=6.4kt AWA=353° Batt=100% Temp=0°C
[2026-05-31T13:03:53] [DEBUG] [calypso-direct] [on_notify] [DATA_IN] AWS=6.2kt AWA=352° Batt=100% Temp=0°C
[2026-05-31T13:03:53] [DEBUG] [calypso-direct] [on_notify] [DATA_IN] AWS=6.2kt AWA=352° Batt=100% Temp=0°C
[2026-05-31T13:03:55] [DEBUG] [calypso-direct] [on_notify] [DATA_IN] AWS=6.4kt AWA=318° Batt=100% Temp=0°C
[2026-05-31T13:03:55] [DEBUG] [calypso-direct] [on_notify] [DATA_IN] AWS=6.2kt AWA=318° Batt=100% Temp=0°C
[2026-05-31T13:03:57] [DEBUG] [calypso-direct] [on_notify] [DATA_IN] AWS=6.8kt AWA=319° Batt=100% Temp=0°C
[2026-05-31T13:03:58] [DEBUG] [calypso-direct] [on_notify] [DATA_IN] AWS=6.8kt AWA=319° Batt=100% Temp=0°C
[2026-05-31T13:03:59] [DEBUG] [calypso-direct] [on_notify] [DATA_IN] AWS=5.4kt AWA=319° Batt=100% Temp=0°C
[2026-05-31T13:04:00] [DEBUG] [calypso-direct] [on_notify] [DATA_IN] AWS=5.2kt AWA=330° Batt=100% Temp=0°C
[2026-05-31T13:04:01] [DEBUG] [calypso-direct] [on_notify] [DATA_IN] AWS=5.4kt AWA=333° Batt=100% Temp=0°C
[2026-05-31T13:04:01] [DEBUG] [calypso-direct] [on_notify] [DATA_IN] AWS=5.4kt AWA=333° Batt=100% Temp=0°C
[2026-05-31T13:04:03] [DEBUG] [calypso-direct] [on_notify] [DATA_IN] AWS=5.4kt AWA=333° Batt=100% Temp=0°C
[2026-05-31T13:04:04] [DEBUG] [calypso-direct] [on_notify] [DATA_IN] AWS=5.8kt AWA=334° Batt=100% Temp=0°C
[2026-05-31T13:04:04] [DEBUG] [calypso-direct] [on_notify] [DATA_IN] AWS=6.4kt AWA=345° Batt=100% Temp=0°C
[2026-05-31T13:04:06] [DEBUG] [calypso-direct] [on_notify] [DATA_IN] AWS=6.4kt AWA=345° Batt=100% Temp=0°C
[2026-05-31T13:04:06] [DEBUG] [calypso-direct] [on_notify] [DATA_IN] AWS=7.0kt AWA=345° Batt=100% Temp=0°C
[2026-05-31T13:04:08] [DEBUG] [calypso-direct] [on_notify] [DATA_IN] AWS=8.0kt AWA=346° Batt=100% Temp=0°C
[2026-05-31T13:04:09] [DEBUG] [calypso-direct] [on_notify] [DATA_IN] AWS=8.4kt AWA=346° Batt=100% Temp=0°C
[2026-05-31T13:04:10] [DEBUG] [calypso-direct] [on_notify] [DATA_IN] AWS=8.4kt AWA=347° Batt=100% Temp=0°C
[2026-05-31T13:04:10] [DEBUG] [calypso-direct] [on_notify] [DATA_IN] AWS=8.2kt AWA=347° Batt=100% Temp=0°C
[2026-05-31T13:04:12] [DEBUG] [calypso-direct] [on_notify] [DATA_IN] AWS=8.2kt AWA=347° Batt=100% Temp=0°C
[2026-05-31T13:04:12] [DEBUG] [calypso-direct] [on_notify] [DATA_IN] AWS=8.2kt AWA=347° Batt=100% Temp=0°C
[2026-05-31T13:04:14] [DEBUG] [calypso-direct] [on_notify] [DATA_IN] AWS=8.2kt AWA=347° Batt=100% Temp=0°C
[2026-05-31T13:04:15] [DEBUG] [calypso-direct] [on_notify] [DATA_IN] AWS=8.4kt AWA=357° Batt=100% Temp=0°C
[2026-05-31T13:04:15] [DEBUG] [calypso-direct] [on_notify] [DATA_IN] AWS=8.7kt AWA=357° Batt=100% Temp=0°C
[2026-05-31T13:04:17] [DEBUG] [calypso-direct] [on_notify] [DATA_IN] AWS=9.3kt AWA=357° Batt=100% Temp=0°C
[2026-05-31T13:04:18] [DEBUG] [calypso-direct] [on_notify] [DATA_IN] AWS=9.3kt AWA=357° Batt=100% Temp=0°C
[2026-05-31T13:04:19] [DEBUG] [calypso-direct] [on_notify] [DATA_IN] AWS=9.7kt AWA=1° Batt=100% Temp=0°C
[2026-05-31T13:04:20] [DEBUG] [calypso-direct] [on_notify] [DATA_IN] AWS=9.9kt AWA=1° Batt=100% Temp=0°C
[2026-05-31T13:04:21] [DEBUG] [calypso-direct] [on_notify] [DATA_IN] AWS=9.9kt AWA=6° Batt=100% Temp=0°C
[2026-05-31T13:04:21] [DEBUG] [calypso-direct] [on_notify] [DATA_IN] AWS=9.7kt AWA=11° Batt=100% Temp=0°C
[2026-05-31T13:04:23] [DEBUG] [calypso-direct] [on_notify] [DATA_IN] AWS=9.9kt AWA=12° Batt=100% Temp=0°C
[2026-05-31T13:04:23] [DEBUG] [calypso-direct] [on_notify] [DATA_IN] AWS=9.9kt AWA=13° Batt=100% Temp=0°C
[2026-05-31T13:04:24] [DEBUG] [calypso-direct] [on_notify] [DATA_IN] AWS=9.9kt AWA=13° Batt=100% Temp=0°C
[2026-05-31T13:04:26] [DEBUG] [calypso-direct] [on_notify] [DATA_IN] AWS=10.1kt AWA=16° Batt=100% Temp=0°C
[2026-05-31T13:04:27] [DEBUG] [calypso-direct] [on_notify] [DATA_IN] AWS=10.9kt AWA=22° Batt=100% Temp=0°C
[2026-05-31T13:04:28] [DEBUG] [calypso-direct] [on_notify] [DATA_IN] AWS=10.9kt AWA=26° Batt=100% Temp=0°C
[2026-05-31T13:04:29] [DEBUG] [calypso-direct] [on_notify] [DATA_IN] AWS=11.1kt AWA=26° Batt=100% Temp=0°C
[2026-05-31T13:04:29] [DEBUG] [calypso-direct] [on_notify] [DATA_IN] AWS=11.1kt AWA=32° Batt=100% Temp=0°C
[2026-05-31T13:04:30] [DEBUG] [calypso-direct] [on_notify] [DATA_IN] AWS=11.1kt AWA=32° Batt=100% Temp=0°C
[2026-05-31T13:04:32] [DEBUG] [calypso-direct] [on_notify] [DATA_IN] AWS=11.5kt AWA=33° Batt=100% Temp=0°C
[2026-05-31T13:04:32] [DEBUG] [calypso-direct] [on_notify] [DATA_IN] AWS=11.5kt AWA=35° Batt=100% Temp=0°C
[2026-05-31T13:04:33] [DEBUG] [calypso-direct] [on_notify] [DATA_IN] AWS=11.7kt AWA=39° Batt=100% Temp=0°C
[2026-05-31T13:04:35] [DEBUG] [calypso-direct] [on_notify] [DATA_IN] AWS=11.7kt AWA=39° Batt=100% Temp=0°C
[2026-05-31T13:04:35] [DEBUG] [calypso-direct] [on_notify] [DATA_IN] AWS=11.7kt AWA=43° Batt=100% Temp=0°C
[2026-05-31T13:04:36] [DEBUG] [calypso-direct] [on_notify] [DATA_IN] AWS=11.7kt AWA=43° Batt=100% Temp=0°C
[2026-05-31T13:04:38] [DEBUG] [calypso-direct] [on_notify] [DATA_IN] AWS=11.7kt AWA=43° Batt=100% Temp=0°C
[2026-05-31T13:04:39] [DEBUG] [calypso-direct] [on_notify] [DATA_IN] AWS=11.9kt AWA=44° Batt=100% Temp=0°C
[2026-05-31T13:04:40] [DEBUG] [calypso-direct] [on_notify] [DATA_IN] AWS=11.7kt AWA=44° Batt=100% Temp=0°C
[2026-05-31T13:04:41] [DEBUG] [calypso-direct] [on_notify] [DATA_IN] AWS=11.9kt AWA=44° Batt=100% Temp=0°C
[2026-05-31T13:04:41] [DEBUG] [calypso-direct] [on_notify] [DATA_IN] AWS=11.9kt AWA=46° Batt=100% Temp=0°C
[2026-05-31T13:04:43] [DEBUG] [calypso-direct] [on_notify] [DATA_IN] AWS=11.7kt AWA=46° Batt=100% Temp=0°C
[2026-05-31T13:04:44] [DEBUG] [calypso-direct] [on_notify] [DATA_IN] AWS=11.5kt AWA=45° Batt=100% Temp=0°C
[2026-05-31T13:04:44] [DEBUG] [calypso-direct] [on_notify] [DATA_IN] AWS=11.5kt AWA=45° Batt=100% Temp=0°C
[2026-05-31T13:04:45] [DEBUG] [calypso-direct] [on_notify] [DATA_IN] AWS=10.5kt AWA=45° Batt=100% Temp=0°C
[2026-05-31T13:04:47] [DEBUG] [calypso-direct] [on_notify] [DATA_IN] AWS=10.3kt AWA=45° Batt=100% Temp=0°C
[2026-05-31T13:04:47] [DEBUG] [calypso-direct] [on_notify] [DATA_IN] AWS=10.3kt AWA=44° Batt=100% Temp=0°C
[2026-05-31T13:04:49] [DEBUG] [calypso-direct] [on_notify] [DATA_IN] AWS=10.3kt AWA=44° Batt=100% Temp=0°C
[2026-05-31T13:04:49] [DEBUG] [calypso-direct] [on_notify] [DATA_IN] AWS=10.3kt AWA=43° Batt=100% Temp=0°C
[2026-05-31T13:04:50] [DEBUG] [calypso-direct] [on_notify] [DATA_IN] AWS=10.3kt AWA=39° Batt=100% Temp=0°C
[2026-05-31T13:04:52] [DEBUG] [calypso-direct] [on_notify] [DATA_IN] AWS=10.3kt AWA=39° Batt=100% Temp=0°C
[2026-05-31T13:04:53] [DEBUG] [calypso-direct] [on_notify] [DATA_IN] AWS=10.3kt AWA=39° Batt=100% Temp=0°C
[2026-05-31T13:04:53] [DEBUG] [calypso-direct] [on_notify] [DATA_IN] AWS=9.9kt AWA=37° Batt=100% Temp=0°C
[2026-05-31T13:04:55] [DEBUG] [calypso-direct] [on_notify] [DATA_IN] AWS=9.9kt AWA=34° Batt=100% Temp=0°C
[2026-05-31T13:04:55] [DEBUG] [calypso-direct] [on_notify] [DATA_IN] AWS=9.9kt AWA=33° Batt=100% Temp=0°C
[2026-05-31T13:04:56] [DEBUG] [calypso-direct] [on_notify] [DATA_IN] AWS=10.3kt AWA=29° Batt=100% Temp=0°C
[2026-05-31T13:04:58] [DEBUG] [calypso-direct] [on_notify] [DATA_IN] AWS=9.3kt AWA=26° Batt=100% Temp=0°C
[2026-05-31T13:04:59] [DEBUG] [calypso-direct] [on_notify] [DATA_IN] AWS=8.9kt AWA=25° Batt=100% Temp=0°C
[2026-05-31T13:05:00] [DEBUG] [calypso-direct] [on_notify] [DATA_IN] AWS=8.9kt AWA=25° Batt=100% Temp=0°C
[2026-05-31T13:05:01] [DEBUG] [calypso-direct] [on_notify] [DATA_IN] AWS=8.9kt AWA=25° Batt=100% Temp=0°C
[2026-05-31T13:05:02] [DEBUG] [calypso-direct] [on_notify] [DATA_IN] AWS=8.9kt AWA=26° Batt=100% Temp=0°C
[2026-05-31T13:05:03] [DEBUG] [calypso-direct] [on_notify] [DATA_IN] AWS=9.7kt AWA=28° Batt=100% Temp=0°C
[2026-05-31T13:05:04] [DEBUG] [calypso-direct] [on_notify] [DATA_IN] AWS=10.3kt AWA=29° Batt=100% Temp=0°C
[2026-05-31T13:05:04] [DEBUG] [calypso-direct] [on_notify] [DATA_IN] AWS=9.9kt AWA=28° Batt=100% Temp=0°C
[2026-05-31T13:05:05] [DEBUG] [calypso-direct] [on_notify] [DATA_IN] AWS=9.9kt AWA=28° Batt=100% Temp=0°C
[2026-05-31T13:05:07] [DEBUG] [calypso-direct] [on_notify] [DATA_IN] AWS=9.9kt AWA=27° Batt=100% Temp=0°C
[2026-05-31T13:05:07] [DEBUG] [calypso-direct] [on_notify] [DATA_IN] AWS=9.9kt AWA=25° Batt=100% Temp=0°C
[2026-05-31T13:05:09] [DEBUG] [calypso-direct] [on_notify] [DATA_IN] AWS=9.1kt AWA=23° Batt=100% Temp=0°C
[2026-05-31T13:05:10] [DEBUG] [calypso-direct] [on_notify] [DATA_IN] AWS=9.1kt AWA=23° Batt=100% Temp=0°C
[2026-05-31T13:05:11] [DEBUG] [calypso-direct] [on_notify] [DATA_IN] AWS=9.9kt AWA=27° Batt=100% Temp=0°C
[2026-05-31T13:05:12] [DEBUG] [calypso-direct] [on_notify] [DATA_IN] AWS=9.1kt AWA=23° Batt=100% Temp=0°C
[2026-05-31T13:05:13] [DEBUG] [calypso-direct] [on_notify] [DATA_IN] AWS=9.9kt AWA=25° Batt=100% Temp=0°C
[2026-05-31T13:05:13] [DEBUG] [calypso-direct] [on_notify] [DATA_IN] AWS=10.7kt AWA=25° Batt=100% Temp=0°C
[2026-05-31T13:05:15] [DEBUG] [calypso-direct] [on_notify] [DATA_IN] AWS=10.1kt AWA=23° Batt=100% Temp=0°C
[2026-05-31T13:05:15] [DEBUG] [calypso-direct] [on_notify] [DATA_IN] AWS=10.1kt AWA=21° Batt=100% Temp=0°C
[2026-05-31T13:05:17] [DEBUG] [calypso-direct] [on_notify] [DATA_IN] AWS=10.1kt AWA=23° Batt=100% Temp=0°C
[2026-05-31T13:05:18] [DEBUG] [calypso-direct] [on_notify] [DATA_IN] AWS=10.1kt AWA=21° Batt=100% Temp=0°C
[2026-05-31T13:05:19] [DEBUG] [calypso-direct] [on_notify] [DATA_IN] AWS=10.1kt AWA=16° Batt=100% Temp=0°C
[2026-05-31T13:05:20] [DEBUG] [calypso-direct] [on_notify] [DATA_IN] AWS=10.1kt AWA=16° Batt=100% Temp=0°C
[2026-05-31T13:05:21] [DEBUG] [calypso-direct] [on_notify] [DATA_IN] AWS=9.3kt AWA=16° Batt=100% Temp=0°C
[2026-05-31T13:05:22] [DEBUG] [calypso-direct] [on_notify] [DATA_IN] AWS=9.1kt AWA=11° Batt=100% Temp=0°C
[2026-05-31T13:05:23] [DEBUG] [calypso-direct] [on_notify] [DATA_IN] AWS=8.9kt AWA=11° Batt=100% Temp=0°C
[2026-05-31T13:05:24] [DEBUG] [calypso-direct] [on_notify] [DATA_IN] AWS=9.1kt AWA=13° Batt=100% Temp=0°C
[2026-05-31T13:05:24] [DEBUG] [calypso-direct] [on_notify] [DATA_IN] AWS=9.1kt AWA=13° Batt=100% Temp=0°C
[2026-05-31T13:05:26] [DEBUG] [calypso-direct] [on_notify] [DATA_IN] AWS=9.1kt AWA=13° Batt=100% Temp=0°C
[2026-05-31T13:05:27] [DEBUG] [calypso-direct] [on_notify] [DATA_IN] AWS=9.1kt AWA=13° Batt=100% Temp=0°C
[2026-05-31T13:05:27] [DEBUG] [calypso-direct] [on_notify] [DATA_IN] AWS=9.1kt AWA=10° Batt=100% Temp=0°C
[2026-05-31T13:05:29] [DEBUG] [calypso-direct] [on_notify] [DATA_IN] AWS=9.3kt AWA=8° Batt=100% Temp=0°C
[2026-05-31T13:05:29] [DEBUG] [calypso-direct] [on_notify] [DATA_IN] AWS=9.5kt AWA=5° Batt=100% Temp=0°C
[2026-05-31T13:05:30] [DEBUG] [calypso-direct] [on_notify] [DATA_IN] AWS=9.1kt AWA=5° Batt=100% Temp=0°C
[2026-05-31T13:05:32] [DEBUG] [calypso-direct] [on_notify] [DATA_IN] AWS=9.1kt AWA=4° Batt=100% Temp=0°C
[2026-05-31T13:05:33] [DEBUG] [calypso-direct] [on_notify] [DATA_IN] AWS=9.1kt AWA=2° Batt=100% Temp=0°C
[2026-05-31T13:05:33] [DEBUG] [calypso-direct] [on_notify] [DATA_IN] AWS=8.7kt AWA=2° Batt=100% Temp=0°C
[2026-05-31T13:05:35] [DEBUG] [calypso-direct] [on_notify] [DATA_IN] AWS=8.6kt AWA=1° Batt=100% Temp=0°C
[2026-05-31T13:05:36] [DEBUG] [calypso-direct] [on_notify] [DATA_IN] AWS=8.4kt AWA=0° Batt=100% Temp=0°C
[2026-05-31T13:05:36] [DEBUG] [calypso-direct] [on_notify] [DATA_IN] AWS=8.4kt AWA=1° Batt=100% Temp=0°C
[2026-05-31T13:05:38] [DEBUG] [calypso-direct] [on_notify] [DATA_IN] AWS=8.2kt AWA=1° Batt=100% Temp=0°C
[2026-05-31T13:05:38] [DEBUG] [calypso-direct] [on_notify] [DATA_IN] AWS=7.4kt AWA=1° Batt=100% Temp=0°C
[2026-05-31T13:05:39] [DEBUG] [calypso-direct] [on_notify] [DATA_IN] AWS=7.8kt AWA=340° Batt=100% Temp=0°C
[2026-05-31T13:05:41] [DEBUG] [calypso-direct] [on_notify] [DATA_IN] AWS=7.4kt AWA=340° Batt=100% Temp=0°C
[2026-05-31T13:05:41] [DEBUG] [calypso-direct] [on_notify] [DATA_IN] AWS=7.4kt AWA=340° Batt=100% Temp=0°C
[2026-05-31T13:05:43] [DEBUG] [calypso-direct] [on_notify] [DATA_IN] AWS=7.2kt AWA=340° Batt=100% Temp=0°C
[2026-05-31T13:05:44] [DEBUG] [calypso-direct] [on_notify] [DATA_IN] AWS=7.2kt AWA=340° Batt=100% Temp=0°C
[2026-05-31T13:05:44] [DEBUG] [calypso-direct] [on_notify] [DATA_IN] AWS=6.8kt AWA=334° Batt=100% Temp=0°C
[2026-05-31T13:05:45] [DEBUG] [calypso-direct] [on_notify] [DATA_IN] AWS=7.2kt AWA=334° Batt=100% Temp=0°C
[2026-05-31T13:05:47] [DEBUG] [calypso-direct] [on_notify] [DATA_IN] AWS=7.6kt AWA=332° Batt=100% Temp=0°C
[2026-05-31T13:05:47] [DEBUG] [calypso-direct] [on_notify] [DATA_IN] AWS=7.6kt AWA=331° Batt=100% Temp=0°C
[2026-05-31T13:05:48] [DEBUG] [calypso-direct] [on_notify] [DATA_IN] AWS=7.4kt AWA=332° Batt=100% Temp=0°C
[2026-05-31T13:05:50] [DEBUG] [calypso-direct] [on_notify] [DATA_IN] AWS=7.6kt AWA=321° Batt=100% Temp=0°C
[2026-05-31T13:05:50] [DEBUG] [calypso-direct] [on_notify] [DATA_IN] AWS=7.6kt AWA=320° Batt=100% Temp=0°C
[2026-05-31T13:05:52] [DEBUG] [calypso-direct] [on_notify] [DATA_IN] AWS=7.4kt AWA=320° Batt=100% Temp=0°C
[2026-05-31T13:05:53] [DEBUG] [calypso-direct] [on_notify] [DATA_IN] AWS=6.8kt AWA=320° Batt=100% Temp=0°C
[2026-05-31T13:05:53] [DEBUG] [calypso-direct] [on_notify] [DATA_IN] AWS=7.6kt AWA=320° Batt=100% Temp=0°C
[2026-05-31T13:05:55] [DEBUG] [calypso-direct] [on_notify] [DATA_IN] AWS=6.2kt AWA=315° Batt=100% Temp=0°C
[2026-05-31T13:05:56] [DEBUG] [calypso-direct] [on_notify] [DATA_IN] AWS=6.2kt AWA=315° Batt=100% Temp=0°C
[2026-05-31T13:05:56] [DEBUG] [calypso-direct] [on_notify] [DATA_IN] AWS=7.0kt AWA=315° Batt=100% Temp=0°C
[2026-05-31T13:05:58] [DEBUG] [calypso-direct] [on_notify] [DATA_IN] AWS=7.6kt AWA=317° Batt=100% Temp=0°C
[2026-05-31T13:05:58] [DEBUG] [calypso-direct] [on_notify] [DATA_IN] AWS=7.0kt AWA=318° Batt=100% Temp=0°C
[2026-05-31T13:05:59] [DEBUG] [calypso-direct] [on_notify] [DATA_IN] AWS=7.0kt AWA=320° Batt=100% Temp=0°C
[2026-05-31T13:06:01] [DEBUG] [calypso-direct] [on_notify] [DATA_IN] AWS=6.8kt AWA=320° Batt=100% Temp=0°C
[2026-05-31T13:06:01] [DEBUG] [calypso-direct] [on_notify] [DATA_IN] AWS=6.6kt AWA=320° Batt=100% Temp=0°C
[2026-05-31T13:06:03] [DEBUG] [calypso-direct] [on_notify] [DATA_IN] AWS=6.6kt AWA=320° Batt=100% Temp=0°C
[2026-05-31T13:06:04] [DEBUG] [calypso-direct] [on_notify] [DATA_IN] AWS=6.8kt AWA=319° Batt=100% Temp=0°C
[2026-05-31T13:06:05] [DEBUG] [calypso-direct] [on_notify] [DATA_IN] AWS=6.6kt AWA=320° Batt=100% Temp=0°C
[2026-05-31T13:06:05] [DEBUG] [calypso-direct] [on_notify] [DATA_IN] AWS=7.0kt AWA=320° Batt=100% Temp=0°C
[2026-05-31T13:06:07] [DEBUG] [calypso-direct] [on_notify] [DATA_IN] AWS=7.0kt AWA=320° Batt=100% Temp=0°C
[2026-05-31T13:06:07] [DEBUG] [calypso-direct] [on_notify] [DATA_IN] AWS=6.4kt AWA=321° Batt=100% Temp=0°C
[2026-05-31T13:06:08] [DEBUG] [calypso-direct] [on_notify] [DATA_IN] AWS=6.0kt AWA=323° Batt=100% Temp=0°C
[2026-05-31T13:06:09] [DEBUG] [calypso-direct] [on_notify] [DATA_IN] AWS=6.4kt AWA=325° Batt=100% Temp=0°C
[2026-05-31T13:06:10] [DEBUG] [calypso-direct] [on_notify] [DATA_IN] AWS=6.0kt AWA=327° Batt=100% Temp=0°C
[2026-05-31T13:06:12] [DEBUG] [calypso-direct] [on_notify] [DATA_IN] AWS=6.0kt AWA=327° Batt=100% Temp=0°C
[2026-05-31T13:06:13] [DEBUG] [calypso-direct] [on_notify] [DATA_IN] AWS=6.0kt AWA=327° Batt=100% Temp=0°C
[2026-05-31T13:06:14] [DEBUG] [calypso-direct] [on_notify] [DATA_IN] AWS=6.2kt AWA=327° Batt=100% Temp=0°C
[2026-05-31T13:06:15] [DEBUG] [calypso-direct] [on_notify] [DATA_IN] AWS=6.0kt AWA=336° Batt=100% Temp=0°C
[2026-05-31T13:06:16] [DEBUG] [calypso-direct] [on_notify] [DATA_IN] AWS=6.2kt AWA=337° Batt=100% Temp=0°C
[2026-05-31T13:06:16] [DEBUG] [calypso-direct] [on_notify] [DATA_IN] AWS=7.0kt AWA=337° Batt=100% Temp=0°C
[2026-05-31T13:06:18] [DEBUG] [calypso-direct] [on_notify] [DATA_IN] AWS=7.4kt AWA=337° Batt=100% Temp=0°C
[2026-05-31T13:06:19] [DEBUG] [calypso-direct] [on_notify] [DATA_IN] AWS=7.4kt AWA=338° Batt=100% Temp=0°C
[2026-05-31T13:06:19] [DEBUG] [calypso-direct] [on_notify] [DATA_IN] AWS=7.8kt AWA=355° Batt=100% Temp=0°C
[2026-05-31T13:06:21] [DEBUG] [calypso-direct] [on_notify] [DATA_IN] AWS=8.2kt AWA=355° Batt=100% Temp=0°C
[2026-05-31T13:06:21] [DEBUG] [calypso-direct] [on_notify] [DATA_IN] AWS=7.4kt AWA=355° Batt=100% Temp=0°C
[2026-05-31T13:06:23] [DEBUG] [calypso-direct] [on_notify] [DATA_IN] AWS=8.0kt AWA=355° Batt=100% Temp=0°C
[2026-05-31T13:06:24] [DEBUG] [calypso-direct] [on_notify] [DATA_IN] AWS=8.0kt AWA=355° Batt=100% Temp=0°C
[2026-05-31T13:06:25] [DEBUG] [calypso-direct] [on_notify] [DATA_IN] AWS=8.0kt AWA=4° Batt=100% Temp=0°C
[2026-05-31T13:06:25] [DEBUG] [calypso-direct] [on_notify] [DATA_IN] AWS=7.6kt AWA=4° Batt=100% Temp=0°C
[2026-05-31T13:06:27] [DEBUG] [calypso-direct] [on_notify] [DATA_IN] AWS=8.0kt AWA=4° Batt=100% Temp=0°C
[2026-05-31T13:06:28] [DEBUG] [calypso-direct] [on_notify] [DATA_IN] AWS=8.7kt AWA=6° Batt=100% Temp=0°C
[2026-05-31T13:06:28] [DEBUG] [calypso-direct] [on_notify] [DATA_IN] AWS=8.7kt AWA=7° Batt=100% Temp=0°C
[2026-05-31T13:06:30] [DEBUG] [calypso-direct] [on_notify] [DATA_IN] AWS=7.4kt AWA=11° Batt=100% Temp=0°C
[2026-05-31T13:06:30] [DEBUG] [calypso-direct] [on_notify] [DATA_IN] AWS=7.6kt AWA=16° Batt=100% Temp=0°C
[2026-05-31T13:06:32] [DEBUG] [calypso-direct] [on_notify] [DATA_IN] AWS=7.4kt AWA=16° Batt=100% Temp=0°C
[2026-05-31T13:06:33] [DEBUG] [calypso-direct] [on_notify] [DATA_IN] AWS=7.4kt AWA=18° Batt=100% Temp=0°C
[2026-05-31T13:06:33] [DEBUG] [calypso-direct] [on_notify] [DATA_IN] AWS=7.4kt AWA=26° Batt=100% Temp=0°C
[2026-05-31T13:06:35] [DEBUG] [calypso-direct] [on_notify] [DATA_IN] AWS=7.6kt AWA=31° Batt=100% Temp=0°C
[2026-05-31T13:06:36] [DEBUG] [calypso-direct] [on_notify] [DATA_IN] AWS=7.4kt AWA=31° Batt=100% Temp=0°C
[2026-05-31T13:06:36] [DEBUG] [calypso-direct] [on_notify] [DATA_IN] AWS=7.6kt AWA=38° Batt=100% Temp=0°C
[2026-05-31T13:06:38] [DEBUG] [calypso-direct] [on_notify] [DATA_IN] AWS=8.4kt AWA=39° Batt=100% Temp=0°C
[2026-05-31T13:06:39] [DEBUG] [calypso-direct] [on_notify] [DATA_IN] AWS=8.4kt AWA=39° Batt=100% Temp=0°C
[2026-05-31T13:06:39] [DEBUG] [calypso-direct] [on_notify] [DATA_IN] AWS=8.4kt AWA=38° Batt=100% Temp=0°C
[2026-05-31T13:06:39] [INFO] [calypso-direct] [on_notify] [HEARTBEAT] packets=273 last_data=0s ago l1_fails=0
[2026-05-31T13:06:41] [DEBUG] [calypso-direct] [on_notify] [DATA_IN] AWS=8.7kt AWA=39° Batt=100% Temp=0°C
[2026-05-31T13:06:41] [DEBUG] [calypso-direct] [on_notify] [DATA_IN] AWS=8.4kt AWA=35° Batt=100% Temp=0°C
[2026-05-31T13:06:43] [DEBUG] [calypso-direct] [on_notify] [DATA_IN] AWS=8.0kt AWA=33° Batt=100% Temp=0°C
[2026-05-31T13:06:44] [DEBUG] [calypso-direct] [on_notify] [DATA_IN] AWS=7.6kt AWA=33° Batt=100% Temp=0°C
[2026-05-31T13:06:45] [DEBUG] [calypso-direct] [on_notify] [DATA_IN] AWS=7.6kt AWA=33° Batt=100% Temp=0°C
[2026-05-31T13:06:45] [DEBUG] [calypso-direct] [on_notify] [DATA_IN] AWS=7.0kt AWA=33° Batt=100% Temp=0°C
[2026-05-31T13:06:47] [DEBUG] [calypso-direct] [on_notify] [DATA_IN] AWS=6.4kt AWA=33° Batt=100% Temp=0°C
[2026-05-31T13:06:48] [DEBUG] [calypso-direct] [on_notify] [DATA_IN] AWS=6.4kt AWA=33° Batt=100% Temp=0°C
[2026-05-31T13:06:48] [DEBUG] [calypso-direct] [on_notify] [DATA_IN] AWS=6.4kt AWA=31° Batt=100% Temp=0°C
[2026-05-31T13:06:50] [DEBUG] [calypso-direct] [on_notify] [DATA_IN] AWS=7.0kt AWA=31° Batt=100% Temp=0°C
[2026-05-31T13:06:50] [DEBUG] [calypso-direct] [on_notify] [DATA_IN] AWS=7.0kt AWA=31° Batt=100% Temp=0°C
[2026-05-31T13:06:51] [DEBUG] [calypso-direct] [on_notify] [DATA_IN] AWS=7.0kt AWA=30° Batt=100% Temp=0°C
[2026-05-31T13:06:53] [DEBUG] [calypso-direct] [on_notify] [DATA_IN] AWS=7.0kt AWA=31° Batt=100% Temp=0°C
[2026-05-31T13:06:54] [DEBUG] [calypso-direct] [on_notify] [DATA_IN] AWS=7.0kt AWA=31° Batt=100% Temp=0°C
[2026-05-31T13:06:55] [DEBUG] [calypso-direct] [on_notify] [DATA_IN] AWS=6.8kt AWA=31° Batt=100% Temp=0°C
[2026-05-31T13:06:56] [DEBUG] [calypso-direct] [on_notify] [DATA_IN] AWS=7.0kt AWA=33° Batt=100% Temp=0°C
[2026-05-31T13:06:57] [DEBUG] [calypso-direct] [on_notify] [DATA_IN] AWS=6.8kt AWA=33° Batt=100% Temp=0°C
[2026-05-31T13:06:58] [DEBUG] [calypso-direct] [on_notify] [DATA_IN] AWS=6.8kt AWA=33° Batt=100% Temp=0°C
[2026-05-31T13:06:59] [DEBUG] [calypso-direct] [on_notify] [DATA_IN] AWS=6.0kt AWA=41° Batt=100% Temp=0°C
[2026-05-31T13:06:59] [DEBUG] [calypso-direct] [on_notify] [DATA_IN] AWS=5.8kt AWA=33° Batt=100% Temp=0°C
[2026-05-31T13:07:00] [DEBUG] [calypso-direct] [on_notify] [DATA_IN] AWS=5.6kt AWA=33° Batt=100% Temp=0°C
[2026-05-31T13:07:01] [DEBUG] [calypso-direct] [on_notify] [DATA_IN] AWS=5.8kt AWA=40° Batt=100% Temp=0°C
[2026-05-31T13:07:02] [DEBUG] [calypso-direct] [on_notify] [DATA_IN] AWS=5.8kt AWA=42° Batt=100% Temp=0°C
[2026-05-31T13:07:04] [DEBUG] [calypso-direct] [on_notify] [DATA_IN] AWS=5.8kt AWA=42° Batt=100% Temp=0°C
[2026-05-31T13:07:05] [DEBUG] [calypso-direct] [on_notify] [DATA_IN] AWS=6.0kt AWA=42° Batt=100% Temp=0°C
[2026-05-31T13:07:06] [DEBUG] [calypso-direct] [on_notify] [DATA_IN] AWS=6.0kt AWA=43° Batt=100% Temp=0°C
[2026-05-31T13:07:07] [DEBUG] [calypso-direct] [on_notify] [DATA_IN] AWS=6.2kt AWA=43° Batt=100% Temp=0°C
[2026-05-31T13:07:08] [DEBUG] [calypso-direct] [on_notify] [DATA_IN] AWS=6.2kt AWA=41° Batt=100% Temp=0°C
[2026-05-31T13:07:08] [DEBUG] [calypso-direct] [on_notify] [DATA_IN] AWS=6.2kt AWA=39° Batt=100% Temp=0°C
[2026-05-31T13:07:10] [DEBUG] [calypso-direct] [on_notify] [DATA_IN] AWS=5.6kt AWA=38° Batt=100% Temp=0°C
[2026-05-31T13:07:10] [DEBUG] [calypso-direct] [on_notify] [DATA_IN] AWS=6.2kt AWA=37° Batt=100% Temp=0°C
[2026-05-31T13:07:11] [DEBUG] [calypso-direct] [on_notify] [DATA_IN] AWS=6.2kt AWA=37° Batt=100% Temp=0°C
[2026-05-31T13:07:13] [DEBUG] [calypso-direct] [on_notify] [DATA_IN] AWS=6.6kt AWA=37° Batt=100% Temp=0°C
[2026-05-31T13:07:14] [DEBUG] [calypso-direct] [on_notify] [DATA_IN] AWS=6.6kt AWA=34° Batt=100% Temp=0°C
[2026-05-31T13:07:15] [DEBUG] [calypso-direct] [on_notify] [DATA_IN] AWS=6.6kt AWA=35° Batt=100% Temp=0°C
[2026-05-31T13:07:16] [DEBUG] [calypso-direct] [on_notify] [DATA_IN] AWS=6.6kt AWA=34° Batt=100% Temp=0°C
[2026-05-31T13:07:17] [DEBUG] [calypso-direct] [on_notify] [DATA_IN] AWS=6.6kt AWA=34° Batt=100% Temp=0°C
[2026-05-31T13:07:18] [DEBUG] [calypso-direct] [on_notify] [DATA_IN] AWS=6.8kt AWA=34° Batt=100% Temp=0°C
[2026-05-31T13:07:19] [DEBUG] [calypso-direct] [on_notify] [DATA_IN] AWS=6.8kt AWA=34° Batt=100% Temp=0°C
[2026-05-31T13:07:19] [DEBUG] [calypso-direct] [on_notify] [DATA_IN] AWS=7.0kt AWA=34° Batt=100% Temp=0°C
[2026-05-31T13:07:20] [DEBUG] [calypso-direct] [on_notify] [DATA_IN] AWS=7.0kt AWA=34° Batt=100% Temp=0°C
[2026-05-31T13:07:21] [DEBUG] [calypso-direct] [on_notify] [DATA_IN] AWS=6.4kt AWA=28° Batt=100% Temp=0°C
[2026-05-31T13:07:22] [DEBUG] [calypso-direct] [on_notify] [DATA_IN] AWS=6.4kt AWA=28° Batt=100% Temp=0°C
[2026-05-31T13:07:24] [DEBUG] [calypso-direct] [on_notify] [DATA_IN] AWS=7.0kt AWA=29° Batt=100% Temp=0°C
[2026-05-31T13:07:25] [DEBUG] [calypso-direct] [on_notify] [DATA_IN] AWS=7.0kt AWA=26° Batt=100% Temp=0°C
[2026-05-31T13:07:26] [DEBUG] [calypso-direct] [on_notify] [DATA_IN] AWS=7.2kt AWA=28° Batt=100% Temp=0°C
[2026-05-31T13:07:27] [DEBUG] [calypso-direct] [on_notify] [DATA_IN] AWS=7.2kt AWA=28° Batt=100% Temp=0°C
[2026-05-31T13:07:28] [DEBUG] [calypso-direct] [on_notify] [DATA_IN] AWS=7.4kt AWA=27° Batt=100% Temp=0°C
[2026-05-31T13:07:28] [DEBUG] [calypso-direct] [on_notify] [DATA_IN] AWS=8.4kt AWA=27° Batt=100% Temp=0°C
[2026-05-31T13:07:30] [DEBUG] [calypso-direct] [on_notify] [DATA_IN] AWS=8.4kt AWA=28° Batt=100% Temp=0°C
[2026-05-31T13:07:30] [DEBUG] [calypso-direct] [on_notify] [DATA_IN] AWS=7.4kt AWA=27° Batt=100% Temp=0°C
[2026-05-31T13:07:31] [DEBUG] [calypso-direct] [on_notify] [DATA_IN] AWS=8.6kt AWA=28° Batt=100% Temp=0°C
[2026-05-31T13:07:33] [DEBUG] [calypso-direct] [on_notify] [DATA_IN] AWS=8.6kt AWA=29° Batt=100% Temp=0°C
[2026-05-31T13:07:34] [DEBUG] [calypso-direct] [on_notify] [DATA_IN] AWS=8.4kt AWA=29° Batt=100% Temp=0°C
[2026-05-31T13:07:35] [DEBUG] [calypso-direct] [on_notify] [DATA_IN] AWS=8.4kt AWA=29° Batt=100% Temp=0°C
[2026-05-31T13:07:36] [DEBUG] [calypso-direct] [on_notify] [DATA_IN] AWS=8.4kt AWA=29° Batt=100% Temp=0°C
[2026-05-31T13:07:37] [DEBUG] [calypso-direct] [on_notify] [DATA_IN] AWS=7.6kt AWA=26° Batt=100% Temp=0°C
[2026-05-31T13:07:38] [DEBUG] [calypso-direct] [on_notify] [DATA_IN] AWS=7.6kt AWA=25° Batt=100% Temp=0°C
[2026-05-31T13:07:39] [DEBUG] [calypso-direct] [on_notify] [DATA_IN] AWS=7.6kt AWA=25° Batt=100% Temp=0°C
[2026-05-31T13:07:39] [DEBUG] [calypso-direct] [on_notify] [DATA_IN] AWS=7.2kt AWA=25° Batt=100% Temp=0°C
[2026-05-31T13:07:40] [DEBUG] [calypso-direct] [on_notify] [DATA_IN] AWS=7.2kt AWA=25° Batt=100% Temp=0°C
[2026-05-31T13:07:42] [DEBUG] [calypso-direct] [on_notify] [DATA_IN] AWS=7.6kt AWA=27° Batt=100% Temp=0°C
[2026-05-31T13:07:42] [DEBUG] [calypso-direct] [on_notify] [DATA_IN] AWS=7.8kt AWA=27° Batt=100% Temp=0°C
[2026-05-31T13:07:44] [DEBUG] [calypso-direct] [on_notify] [DATA_IN] AWS=7.2kt AWA=25° Batt=100% Temp=0°C
[2026-05-31T13:07:44] [DEBUG] [calypso-direct] [on_notify] [DATA_IN] AWS=7.4kt AWA=25° Batt=100% Temp=0°C
[2026-05-31T13:07:45] [DEBUG] [calypso-direct] [on_notify] [DATA_IN] AWS=7.4kt AWA=25° Batt=100% Temp=0°C
[2026-05-31T13:07:47] [DEBUG] [calypso-direct] [on_notify] [DATA_IN] AWS=6.8kt AWA=21° Batt=100% Temp=0°C
[2026-05-31T13:07:48] [DEBUG] [calypso-direct] [on_notify] [DATA_IN] AWS=6.6kt AWA=21° Batt=100% Temp=0°C
[2026-05-31T13:07:48] [DEBUG] [calypso-direct] [on_notify] [DATA_IN] AWS=6.8kt AWA=23° Batt=100% Temp=0°C
[2026-05-31T13:07:50] [DEBUG] [calypso-direct] [on_notify] [DATA_IN] AWS=6.6kt AWA=21° Batt=100% Temp=0°C
[2026-05-31T13:07:51] [DEBUG] [calypso-direct] [on_notify] [DATA_IN] AWS=6.6kt AWA=14° Batt=100% Temp=0°C
[2026-05-31T13:07:51] [DEBUG] [calypso-direct] [on_notify] [DATA_IN] AWS=6.8kt AWA=15° Batt=100% Temp=0°C
[2026-05-31T13:07:53] [DEBUG] [calypso-direct] [on_notify] [DATA_IN] AWS=8.2kt AWA=15° Batt=100% Temp=0°C
[2026-05-31T13:07:53] [DEBUG] [calypso-direct] [on_notify] [DATA_IN] AWS=6.8kt AWA=10° Batt=100% Temp=0°C
[2026-05-31T13:07:54] [DEBUG] [calypso-direct] [on_notify] [DATA_IN] AWS=7.2kt AWA=5° Batt=100% Temp=0°C
[2026-05-31T13:07:56] [DEBUG] [calypso-direct] [on_notify] [DATA_IN] AWS=8.0kt AWA=7° Batt=100% Temp=0°C
[2026-05-31T13:07:56] [DEBUG] [calypso-direct] [on_notify] [DATA_IN] AWS=7.2kt AWA=5° Batt=100% Temp=0°C
[2026-05-31T13:07:58] [DEBUG] [calypso-direct] [on_notify] [DATA_IN] AWS=7.2kt AWA=5° Batt=100% Temp=0°C
[2026-05-31T13:07:59] [DEBUG] [calypso-direct] [on_notify] [DATA_IN] AWS=7.2kt AWA=7° Batt=100% Temp=0°C
[2026-05-31T13:08:00] [DEBUG] [calypso-direct] [on_notify] [DATA_IN] AWS=7.0kt AWA=7° Batt=100% Temp=0°C
[2026-05-31T13:08:00] [DEBUG] [calypso-direct] [on_notify] [DATA_IN] AWS=7.0kt AWA=10° Batt=100% Temp=0°C
[2026-05-31T13:08:02] [DEBUG] [calypso-direct] [on_notify] [DATA_IN] AWS=8.4kt AWA=14° Batt=100% Temp=0°C
[2026-05-31T13:08:03] [DEBUG] [calypso-direct] [on_notify] [DATA_IN] AWS=8.2kt AWA=10° Batt=100% Temp=0°C
[2026-05-31T13:08:04] [DEBUG] [calypso-direct] [on_notify] [DATA_IN] AWS=8.2kt AWA=8° Batt=100% Temp=0°C
[2026-05-31T13:08:05] [DEBUG] [calypso-direct] [on_notify] [DATA_IN] AWS=8.2kt AWA=8° Batt=100% Temp=0°C
[2026-05-31T13:08:05] [DEBUG] [calypso-direct] [on_notify] [DATA_IN] AWS=7.4kt AWA=8° Batt=100% Temp=0°C
[2026-05-31T13:08:07] [DEBUG] [calypso-direct] [on_notify] [DATA_IN] AWS=7.4kt AWA=8° Batt=100% Temp=0°C
[2026-05-31T13:08:08] [DEBUG] [calypso-direct] [on_notify] [DATA_IN] AWS=7.4kt AWA=8° Batt=100% Temp=0°C
[2026-05-31T13:08:09] [DEBUG] [calypso-direct] [on_notify] [DATA_IN] AWS=7.4kt AWA=17° Batt=100% Temp=0°C
[2026-05-31T13:08:10] [DEBUG] [calypso-direct] [on_notify] [DATA_IN] AWS=7.8kt AWA=18° Batt=100% Temp=0°C
[2026-05-31T13:08:11] [DEBUG] [calypso-direct] [on_notify] [DATA_IN] AWS=8.6kt AWA=19° Batt=100% Temp=0°C
[2026-05-31T13:08:11] [DEBUG] [calypso-direct] [on_notify] [DATA_IN] AWS=8.6kt AWA=20° Batt=100% Temp=0°C
[2026-05-31T13:08:13] [DEBUG] [calypso-direct] [on_notify] [DATA_IN] AWS=8.6kt AWA=20° Batt=100% Temp=0°C
[2026-05-31T13:08:13] [DEBUG] [calypso-direct] [on_notify] [DATA_IN] AWS=8.6kt AWA=19° Batt=100% Temp=0°C
[2026-05-31T13:08:14] [DEBUG] [calypso-direct] [on_notify] [DATA_IN] AWS=8.6kt AWA=19° Batt=100% Temp=0°C
[2026-05-31T13:08:16] [DEBUG] [calypso-direct] [on_notify] [DATA_IN] AWS=8.6kt AWA=18° Batt=100% Temp=0°C
[2026-05-31T13:08:16] [DEBUG] [calypso-direct] [on_notify] [DATA_IN] AWS=8.6kt AWA=14° Batt=100% Temp=0°C
[2026-05-31T13:08:18] [DEBUG] [calypso-direct] [on_notify] [DATA_IN] AWS=8.6kt AWA=14° Batt=100% Temp=0°C
[2026-05-31T13:08:19] [DEBUG] [calypso-direct] [on_notify] [DATA_IN] AWS=8.6kt AWA=16° Batt=100% Temp=0°C
[2026-05-31T13:08:20] [DEBUG] [calypso-direct] [on_notify] [DATA_IN] AWS=8.0kt AWA=16° Batt=100% Temp=0°C
[2026-05-31T13:08:20] [DEBUG] [calypso-direct] [on_notify] [DATA_IN] AWS=7.4kt AWA=16° Batt=100% Temp=0°C
[2026-05-31T13:08:22] [DEBUG] [calypso-direct] [on_notify] [DATA_IN] AWS=7.4kt AWA=20° Batt=100% Temp=0°C
[2026-05-31T13:08:23] [DEBUG] [calypso-direct] [on_notify] [DATA_IN] AWS=7.4kt AWA=22° Batt=100% Temp=0°C
[2026-05-31T13:08:23] [DEBUG] [calypso-direct] [on_notify] [DATA_IN] AWS=7.6kt AWA=24° Batt=100% Temp=0°C
[2026-05-31T13:08:25] [DEBUG] [calypso-direct] [on_notify] [DATA_IN] AWS=8.2kt AWA=24° Batt=100% Temp=0°C
[2026-05-31T13:08:25] [DEBUG] [calypso-direct] [on_notify] [DATA_IN] AWS=8.4kt AWA=24° Batt=100% Temp=0°C
[2026-05-31T13:08:27] [DEBUG] [calypso-direct] [on_notify] [DATA_IN] AWS=8.4kt AWA=24° Batt=100% Temp=0°C
[2026-05-31T13:08:28] [DEBUG] [calypso-direct] [on_notify] [DATA_IN] AWS=8.4kt AWA=24° Batt=100% Temp=0°C
[2026-05-31T13:08:29] [DEBUG] [calypso-direct] [on_notify] [DATA_IN] AWS=8.4kt AWA=24° Batt=100% Temp=0°C
[2026-05-31T13:08:30] [DEBUG] [calypso-direct] [on_notify] [DATA_IN] AWS=8.2kt AWA=34° Batt=100% Temp=0°C
[2026-05-31T13:08:31] [DEBUG] [calypso-direct] [on_notify] [DATA_IN] AWS=8.2kt AWA=37° Batt=100% Temp=0°C
[2026-05-31T13:08:31] [DEBUG] [calypso-direct] [on_notify] [DATA_IN] AWS=8.6kt AWA=38° Batt=100% Temp=0°C
[2026-05-31T13:08:32] [INFO] [calypso-direct] [_stop] Signal 15 — stopping cleanly (BLE disconnect will follow)
[2026-05-31T13:08:33] [WARNING] [calypso-direct] [main] [BLE_DISCONNECT] Disconnected or data timeout
[2026-05-31T13:08:33] [DEBUG] [calypso-direct] [on_notify] [DATA_IN] AWS=8.7kt AWA=40° Batt=100% Temp=0°C
[2026-05-31T13:08:34] [DEBUG] [calypso-direct] [on_notify] [DATA_IN] AWS=8.6kt AWA=40° Batt=100% Temp=0°C
[2026-05-31T13:08:34] [DEBUG] [calypso-direct] [on_notify] [DATA_IN] AWS=8.7kt AWA=40° Batt=100% Temp=0°C
[2026-05-31T13:08:36] [DEBUG] [calypso-direct] [on_notify] [DATA_IN] AWS=8.9kt AWA=40° Batt=100% Temp=0°C
[2026-05-31T13:08:36] [ERROR] [calypso-direct] [main] [ERROR] L1 #1: EOFError: 
[2026-05-31T13:08:36] [INFO] [calypso-direct] [release_singleton] Singleton released
[2026-05-31T13:08:36] [INFO] [calypso-direct] [main] [SHUTDOWN] calypso_direct stopped — PID released
[2026-05-31T13:08:36] [INFO] [calypso-direct] [acquire_singleton] Singleton acquired (PID 17199)
[2026-05-31T13:08:36] [INFO] [calypso-direct] [main] [STARTUP] ==========================================================
[2026-05-31T13:08:36] [INFO] [calypso-direct] [main] [STARTUP] calypso_direct — Calypso UP10 BLE Driver
[2026-05-31T13:08:36] [INFO] [calypso-direct] [main] [STARTUP] MAC=F8:5F:12:9D:D2:EE Rate=8Hz SK=UDP:4123
[2026-05-31T13:08:36] [INFO] [calypso-direct] [main] [STARTUP] Timeout=60s L2_threshold=10
[2026-05-31T13:08:36] [INFO] [calypso-direct] [main] [STARTUP] ==========================================================
[2026-05-31T13:08:37] [INFO] [calypso-direct] [main] [STARTUP] BlueZ GATT cache cleared for F8:5F:12:9D:D2:EE
[2026-05-31T13:08:39] [INFO] [calypso-direct] [main] [BLE_CLEANUP] BlueZ cache cleared for F8:5F:12:9D:D2:EE
[2026-05-31T13:08:41] [INFO] [calypso-direct] [main] [BLE_SCAN] Connecting to Calypso F8:5F:12:9D:D2:EE...
[2026-05-31T13:09:09] [INFO] [calypso-direct] [main] [BLE_CONNECT] Connected ✅
[2026-05-31T13:09:09] [WARNING] [calypso-direct] [configure_device] [CONFIG_WRITE] NORMAL mode failed: Characteristic 0000a001-0000-1000-8000-00805f9b34fb does not support write operations!
[2026-05-31T13:09:12] [INFO] [calypso-direct] [configure_device] [CONFIG_WRITE] 8 Hz ✅
[2026-05-31T13:09:14] [INFO] [calypso-direct] [configure_device] [CONFIG_WRITE] compass OFF (prevents sentinel -90/-90/360) ✅
[2026-05-31T13:09:14] [INFO] [calypso-direct] [main] [DATA_IN] Receiving Calypso wind data...
[2026-05-31T13:09:14] [INFO] [calypso-direct] [on_notify] [DATA_FIRST] First packet: [174, 1, 15, 0, 10, 100, 0, 0, 0, 0] (10 bytes)
[2026-05-31T13:09:14] [DEBUG] [calypso-direct] [on_notify] [DATA_IN] AWS=8.4kt AWA=15° Batt=100% Temp=0°C
[2026-05-31T13:09:15] [DEBUG] [calypso-direct] [on_notify] [DATA_IN] AWS=8.4kt AWA=15° Batt=100% Temp=0°C
[2026-05-31T13:09:15] [DEBUG] [calypso-direct] [on_notify] [DATA_IN] AWS=8.4kt AWA=12° Batt=100% Temp=0°C
[2026-05-31T13:09:15] [DEBUG] [calypso-direct] [on_notify] [DATA_IN] AWS=8.4kt AWA=12° Batt=100% Temp=0°C
[2026-05-31T13:09:15] [DEBUG] [calypso-direct] [on_notify] [DATA_IN] AWS=8.2kt AWA=12° Batt=100% Temp=0°C
[2026-05-31T13:09:15] [DEBUG] [calypso-direct] [on_notify] [DATA_IN] AWS=7.6kt AWA=8° Batt=100% Temp=0°C
[2026-05-31T13:09:15] [DEBUG] [calypso-direct] [on_notify] [DATA_IN] AWS=7.6kt AWA=4° Batt=100% Temp=0°C
[2026-05-31T13:09:15] [DEBUG] [calypso-direct] [on_notify] [DATA_IN] AWS=7.4kt AWA=4° Batt=100% Temp=0°C
[2026-05-31T13:09:15] [DEBUG] [calypso-direct] [on_notify] [DATA_IN] AWS=7.4kt AWA=4° Batt=100% Temp=0°C
[2026-05-31T13:09:15] [DEBUG] [calypso-direct] [on_notify] [DATA_IN] AWS=6.8kt AWA=10° Batt=100% Temp=0°C
[2026-05-31T13:09:16] [DEBUG] [calypso-direct] [on_notify] [DATA_IN] AWS=5.2kt AWA=15° Batt=100% Temp=0°C
[2026-05-31T13:09:16] [DEBUG] [calypso-direct] [on_notify] [DATA_IN] AWS=4.3kt AWA=21° Batt=100% Temp=0°C
[2026-05-31T13:09:16] [DEBUG] [calypso-direct] [on_notify] [DATA_IN] AWS=4.3kt AWA=25° Batt=100% Temp=0°C
[2026-05-31T13:09:16] [DEBUG] [calypso-direct] [on_notify] [DATA_IN] AWS=4.3kt AWA=25° Batt=100% Temp=0°C
[2026-05-31T13:09:16] [DEBUG] [calypso-direct] [on_notify] [DATA_IN] AWS=5.4kt AWA=25° Batt=100% Temp=0°C
[2026-05-31T13:09:16] [DEBUG] [calypso-direct] [on_notify] [DATA_IN] AWS=5.6kt AWA=25° Batt=100% Temp=0°C
[2026-05-31T13:09:16] [DEBUG] [calypso-direct] [on_notify] [DATA_IN] AWS=7.4kt AWA=25° Batt=100% Temp=0°C
[2026-05-31T13:09:17] [DEBUG] [calypso-direct] [on_notify] [DATA_IN] AWS=7.6kt AWA=24° Batt=100% Temp=0°C
[2026-05-31T13:09:17] [DEBUG] [calypso-direct] [on_notify] [DATA_IN] AWS=7.8kt AWA=20° Batt=100% Temp=0°C
[2026-05-31T13:09:17] [DEBUG] [calypso-direct] [on_notify] [DATA_IN] AWS=7.8kt AWA=24° Batt=100% Temp=0°C
[2026-05-31T13:09:17] [DEBUG] [calypso-direct] [on_notify] [DATA_IN] AWS=8.0kt AWA=20° Batt=100% Temp=0°C
[2026-05-31T13:09:17] [DEBUG] [calypso-direct] [on_notify] [DATA_IN] AWS=7.8kt AWA=20° Batt=100% Temp=0°C
[2026-05-31T13:09:18] [DEBUG] [calypso-direct] [on_notify] [DATA_IN] AWS=7.8kt AWA=20° Batt=100% Temp=0°C
[2026-05-31T13:09:18] [DEBUG] [calypso-direct] [on_notify] [DATA_IN] AWS=7.8kt AWA=20° Batt=100% Temp=0°C
[2026-05-31T13:09:18] [DEBUG] [calypso-direct] [on_notify] [DATA_IN] AWS=7.8kt AWA=20° Batt=100% Temp=0°C
[2026-05-31T13:09:18] [DEBUG] [calypso-direct] [on_notify] [DATA_IN] AWS=7.8kt AWA=20° Batt=100% Temp=0°C
[2026-05-31T13:09:18] [DEBUG] [calypso-direct] [on_notify] [DATA_IN] AWS=7.8kt AWA=20° Batt=100% Temp=0°C
[2026-05-31T13:09:18] [DEBUG] [calypso-direct] [on_notify] [DATA_IN] AWS=7.8kt AWA=20° Batt=100% Temp=0°C
[2026-05-31T13:09:18] [DEBUG] [calypso-direct] [on_notify] [DATA_IN] AWS=8.0kt AWA=21° Batt=100% Temp=0°C
[2026-05-31T13:09:18] [DEBUG] [calypso-direct] [on_notify] [DATA_IN] AWS=8.6kt AWA=23° Batt=100% Temp=0°C
[2026-05-31T13:09:18] [DEBUG] [calypso-direct] [on_notify] [DATA_IN] AWS=8.6kt AWA=21° Batt=100% Temp=0°C
[2026-05-31T13:09:18] [DEBUG] [calypso-direct] [on_notify] [DATA_IN] AWS=8.7kt AWA=23° Batt=100% Temp=0°C
[2026-05-31T13:09:18] [DEBUG] [calypso-direct] [on_notify] [DATA_IN] AWS=8.7kt AWA=22° Batt=100% Temp=0°C
[2026-05-31T13:09:19] [DEBUG] [calypso-direct] [on_notify] [DATA_IN] AWS=8.7kt AWA=22° Batt=100% Temp=0°C
[2026-05-31T13:09:19] [DEBUG] [calypso-direct] [on_notify] [DATA_IN] AWS=8.7kt AWA=19° Batt=100% Temp=0°C
[2026-05-31T13:09:19] [DEBUG] [calypso-direct] [on_notify] [DATA_IN] AWS=8.7kt AWA=18° Batt=100% Temp=0°C
[2026-05-31T13:09:19] [DEBUG] [calypso-direct] [on_notify] [DATA_IN] AWS=9.1kt AWA=15° Batt=100% Temp=0°C
[2026-05-31T13:09:19] [DEBUG] [calypso-direct] [on_notify] [DATA_IN] AWS=9.1kt AWA=15° Batt=100% Temp=0°C
[2026-05-31T13:09:19] [DEBUG] [calypso-direct] [on_notify] [DATA_IN] AWS=9.1kt AWA=15° Batt=100% Temp=0°C
[2026-05-31T13:09:19] [DEBUG] [calypso-direct] [on_notify] [DATA_IN] AWS=9.1kt AWA=18° Batt=100% Temp=0°C
[2026-05-31T13:09:19] [DEBUG] [calypso-direct] [on_notify] [DATA_IN] AWS=9.1kt AWA=18° Batt=100% Temp=0°C
[2026-05-31T13:09:19] [DEBUG] [calypso-direct] [on_notify] [DATA_IN] AWS=8.9kt AWA=18° Batt=100% Temp=0°C
[2026-05-31T13:09:19] [DEBUG] [calypso-direct] [on_notify] [DATA_IN] AWS=9.3kt AWA=18° Batt=100% Temp=0°C
[2026-05-31T13:09:20] [DEBUG] [calypso-direct] [on_notify] [DATA_IN] AWS=9.3kt AWA=17° Batt=100% Temp=0°C
[2026-05-31T13:09:20] [DEBUG] [calypso-direct] [on_notify] [DATA_IN] AWS=9.5kt AWA=16° Batt=100% Temp=0°C
[2026-05-31T13:09:20] [DEBUG] [calypso-direct] [on_notify] [DATA_IN] AWS=9.3kt AWA=14° Batt=100% Temp=0°C
[2026-05-31T13:09:20] [DEBUG] [calypso-direct] [on_notify] [DATA_IN] AWS=9.3kt AWA=13° Batt=100% Temp=0°C
[2026-05-31T13:09:20] [DEBUG] [calypso-direct] [on_notify] [DATA_IN] AWS=9.3kt AWA=13° Batt=100% Temp=0°C
[2026-05-31T13:09:20] [DEBUG] [calypso-direct] [on_notify] [DATA_IN] AWS=8.7kt AWA=12° Batt=100% Temp=0°C
[2026-05-31T13:09:21] [DEBUG] [calypso-direct] [on_notify] [DATA_IN] AWS=8.6kt AWA=7° Batt=100% Temp=0°C
[2026-05-31T13:09:21] [DEBUG] [calypso-direct] [on_notify] [DATA_IN] AWS=8.6kt AWA=7° Batt=100% Temp=0°C
[2026-05-31T13:09:21] [DEBUG] [calypso-direct] [on_notify] [DATA_IN] AWS=8.4kt AWA=8° Batt=100% Temp=0°C
[2026-05-31T13:09:21] [DEBUG] [calypso-direct] [on_notify] [DATA_IN] AWS=8.2kt AWA=8° Batt=100% Temp=0°C
[2026-05-31T13:09:21] [DEBUG] [calypso-direct] [on_notify] [DATA_IN] AWS=8.4kt AWA=10° Batt=100% Temp=0°C
[2026-05-31T13:09:21] [DEBUG] [calypso-direct] [on_notify] [DATA_IN] AWS=8.4kt AWA=11° Batt=100% Temp=0°C
[2026-05-31T13:09:22] [DEBUG] [calypso-direct] [on_notify] [DATA_IN] AWS=8.4kt AWA=17° Batt=100% Temp=0°C
[2026-05-31T13:09:22] [DEBUG] [calypso-direct] [on_notify] [DATA_IN] AWS=8.7kt AWA=18° Batt=100% Temp=0°C
[2026-05-31T13:09:22] [DEBUG] [calypso-direct] [on_notify] [DATA_IN] AWS=8.7kt AWA=19° Batt=100% Temp=0°C
[2026-05-31T13:09:22] [DEBUG] [calypso-direct] [on_notify] [DATA_IN] AWS=8.7kt AWA=20° Batt=100% Temp=0°C
[2026-05-31T13:09:22] [DEBUG] [calypso-direct] [on_notify] [DATA_IN] AWS=8.7kt AWA=20° Batt=100% Temp=0°C
[2026-05-31T13:09:22] [DEBUG] [calypso-direct] [on_notify] [DATA_IN] AWS=8.6kt AWA=19° Batt=100% Temp=0°C
[2026-05-31T13:09:22] [DEBUG] [calypso-direct] [on_notify] [DATA_IN] AWS=8.6kt AWA=17° Batt=100% Temp=0°C
[2026-05-31T13:09:22] [DEBUG] [calypso-direct] [on_notify] [DATA_IN] AWS=8.9kt AWA=16° Batt=100% Temp=0°C
[2026-05-31T13:09:22] [DEBUG] [calypso-direct] [on_notify] [DATA_IN] AWS=8.9kt AWA=14° Batt=100% Temp=0°C
[2026-05-31T13:09:23] [DEBUG] [calypso-direct] [on_notify] [DATA_IN] AWS=9.5kt AWA=14° Batt=100% Temp=0°C
[2026-05-31T13:09:23] [DEBUG] [calypso-direct] [on_notify] [DATA_IN] AWS=9.7kt AWA=13° Batt=100% Temp=0°C
[2026-05-31T13:09:23] [DEBUG] [calypso-direct] [on_notify] [DATA_IN] AWS=9.7kt AWA=13° Batt=100% Temp=0°C
[2026-05-31T13:09:23] [DEBUG] [calypso-direct] [on_notify] [DATA_IN] AWS=9.9kt AWA=13° Batt=100% Temp=0°C
[2026-05-31T13:09:23] [DEBUG] [calypso-direct] [on_notify] [DATA_IN] AWS=9.7kt AWA=13° Batt=100% Temp=0°C
[2026-05-31T13:09:23] [DEBUG] [calypso-direct] [on_notify] [DATA_IN] AWS=9.7kt AWA=13° Batt=100% Temp=0°C
[2026-05-31T13:09:23] [DEBUG] [calypso-direct] [on_notify] [DATA_IN] AWS=9.7kt AWA=13° Batt=100% Temp=0°C
[2026-05-31T13:09:23] [DEBUG] [calypso-direct] [on_notify] [DATA_IN] AWS=9.7kt AWA=13° Batt=100% Temp=0°C
[2026-05-31T13:09:24] [DEBUG] [calypso-direct] [on_notify] [DATA_IN] AWS=9.3kt AWA=13° Batt=100% Temp=0°C
[2026-05-31T13:09:24] [DEBUG] [calypso-direct] [on_notify] [DATA_IN] AWS=9.3kt AWA=13° Batt=100% Temp=0°C
[2026-05-31T13:09:24] [DEBUG] [calypso-direct] [on_notify] [DATA_IN] AWS=8.9kt AWA=13° Batt=100% Temp=0°C
[2026-05-31T13:09:25] [DEBUG] [calypso-direct] [on_notify] [DATA_IN] AWS=8.7kt AWA=14° Batt=100% Temp=0°C
[2026-05-31T13:09:25] [DEBUG] [calypso-direct] [on_notify] [DATA_IN] AWS=8.7kt AWA=14° Batt=100% Temp=0°C
[2026-05-31T13:09:25] [DEBUG] [calypso-direct] [on_notify] [DATA_IN] AWS=8.6kt AWA=14° Batt=100% Temp=0°C
[2026-05-31T13:09:25] [DEBUG] [calypso-direct] [on_notify] [DATA_IN] AWS=8.4kt AWA=13° Batt=100% Temp=0°C
[2026-05-31T13:09:25] [DEBUG] [calypso-direct] [on_notify] [DATA_IN] AWS=8.4kt AWA=8° Batt=100% Temp=0°C
[2026-05-31T13:09:25] [DEBUG] [calypso-direct] [on_notify] [DATA_IN] AWS=8.4kt AWA=6° Batt=100% Temp=0°C
[2026-05-31T13:09:25] [DEBUG] [calypso-direct] [on_notify] [DATA_IN] AWS=8.6kt AWA=6° Batt=100% Temp=0°C
[2026-05-31T13:09:26] [DEBUG] [calypso-direct] [on_notify] [DATA_IN] AWS=8.9kt AWA=6° Batt=100% Temp=0°C
[2026-05-31T13:09:26] [DEBUG] [calypso-direct] [on_notify] [DATA_IN] AWS=8.9kt AWA=6° Batt=100% Temp=0°C
[2026-05-31T13:09:26] [DEBUG] [calypso-direct] [on_notify] [DATA_IN] AWS=9.5kt AWA=8° Batt=100% Temp=0°C
[2026-05-31T13:09:26] [DEBUG] [calypso-direct] [on_notify] [DATA_IN] AWS=9.5kt AWA=12° Batt=100% Temp=0°C
[2026-05-31T13:09:26] [DEBUG] [calypso-direct] [on_notify] [DATA_IN] AWS=9.3kt AWA=12° Batt=100% Temp=0°C
[2026-05-31T13:09:26] [DEBUG] [calypso-direct] [on_notify] [DATA_IN] AWS=9.1kt AWA=10° Batt=100% Temp=0°C
[2026-05-31T13:09:26] [DEBUG] [calypso-direct] [on_notify] [DATA_IN] AWS=9.1kt AWA=10° Batt=100% Temp=0°C
[2026-05-31T13:09:26] [DEBUG] [calypso-direct] [on_notify] [DATA_IN] AWS=8.9kt AWA=10° Batt=100% Temp=0°C
[2026-05-31T13:09:27] [DEBUG] [calypso-direct] [on_notify] [DATA_IN] AWS=8.7kt AWA=8° Batt=100% Temp=0°C
[2026-05-31T13:09:27] [DEBUG] [calypso-direct] [on_notify] [DATA_IN] AWS=8.6kt AWA=6° Batt=100% Temp=0°C
[2026-05-31T13:09:27] [DEBUG] [calypso-direct] [on_notify] [DATA_IN] AWS=8.4kt AWA=6° Batt=100% Temp=0°C
[2026-05-31T13:09:27] [DEBUG] [calypso-direct] [on_notify] [DATA_IN] AWS=8.4kt AWA=6° Batt=100% Temp=0°C
[2026-05-31T13:09:27] [DEBUG] [calypso-direct] [on_notify] [DATA_IN] AWS=8.6kt AWA=6° Batt=100% Temp=0°C
[2026-05-31T13:09:27] [DEBUG] [calypso-direct] [on_notify] [DATA_IN] AWS=8.4kt AWA=6° Batt=100% Temp=0°C
[2026-05-31T13:09:27] [DEBUG] [calypso-direct] [on_notify] [DATA_IN] AWS=8.4kt AWA=6° Batt=100% Temp=0°C
[2026-05-31T13:09:27] [DEBUG] [calypso-direct] [on_notify] [DATA_IN] AWS=8.6kt AWA=8° Batt=100% Temp=0°C
[2026-05-31T13:09:27] [DEBUG] [calypso-direct] [on_notify] [DATA_IN] AWS=8.7kt AWA=10° Batt=100% Temp=0°C
[2026-05-31T13:09:27] [DEBUG] [calypso-direct] [on_notify] [DATA_IN] AWS=8.7kt AWA=10° Batt=100% Temp=0°C
[2026-05-31T13:09:27] [DEBUG] [calypso-direct] [on_notify] [DATA_IN] AWS=9.1kt AWA=12° Batt=100% Temp=0°C
[2026-05-31T13:09:27] [DEBUG] [calypso-direct] [on_notify] [DATA_IN] AWS=9.1kt AWA=12° Batt=100% Temp=0°C
[2026-05-31T13:09:27] [DEBUG] [calypso-direct] [on_notify] [DATA_IN] AWS=9.1kt AWA=10° Batt=100% Temp=0°C
[2026-05-31T13:09:27] [DEBUG] [calypso-direct] [on_notify] [DATA_IN] AWS=8.9kt AWA=10° Batt=100% Temp=0°C
[2026-05-31T13:09:27] [DEBUG] [calypso-direct] [on_notify] [DATA_IN] AWS=8.9kt AWA=8° Batt=100% Temp=0°C
[2026-05-31T13:09:28] [DEBUG] [calypso-direct] [on_notify] [DATA_IN] AWS=8.9kt AWA=7° Batt=100% Temp=0°C
[2026-05-31T13:09:28] [DEBUG] [calypso-direct] [on_notify] [DATA_IN] AWS=9.3kt AWA=6° Batt=100% Temp=0°C
[2026-05-31T13:09:28] [DEBUG] [calypso-direct] [on_notify] [DATA_IN] AWS=9.3kt AWA=6° Batt=100% Temp=0°C
[2026-05-31T13:09:28] [DEBUG] [calypso-direct] [on_notify] [DATA_IN] AWS=9.3kt AWA=6° Batt=100% Temp=0°C
[2026-05-31T13:09:28] [DEBUG] [calypso-direct] [on_notify] [DATA_IN] AWS=8.9kt AWA=5° Batt=100% Temp=0°C
[2026-05-31T13:09:29] [DEBUG] [calypso-direct] [on_notify] [DATA_IN] AWS=8.7kt AWA=3° Batt=100% Temp=0°C
[2026-05-31T13:09:29] [DEBUG] [calypso-direct] [on_notify] [DATA_IN] AWS=8.7kt AWA=4° Batt=100% Temp=0°C
[2026-05-31T13:09:29] [DEBUG] [calypso-direct] [on_notify] [DATA_IN] AWS=8.7kt AWA=3° Batt=100% Temp=0°C
[2026-05-31T13:09:29] [DEBUG] [calypso-direct] [on_notify] [DATA_IN] AWS=8.7kt AWA=3° Batt=100% Temp=0°C
[2026-05-31T13:09:29] [DEBUG] [calypso-direct] [on_notify] [DATA_IN] AWS=8.6kt AWA=4° Batt=100% Temp=0°C
[2026-05-31T13:09:29] [DEBUG] [calypso-direct] [on_notify] [DATA_IN] AWS=8.6kt AWA=4° Batt=100% Temp=0°C
[2026-05-31T13:09:29] [DEBUG] [calypso-direct] [on_notify] [DATA_IN] AWS=8.6kt AWA=356° Batt=100% Temp=0°C
[2026-05-31T13:09:29] [DEBUG] [calypso-direct] [on_notify] [DATA_IN] AWS=8.6kt AWA=356° Batt=100% Temp=0°C
[2026-05-31T13:09:30] [DEBUG] [calypso-direct] [on_notify] [DATA_IN] AWS=8.9kt AWA=356° Batt=100% Temp=0°C
[2026-05-31T13:09:30] [DEBUG] [calypso-direct] [on_notify] [DATA_IN] AWS=9.1kt AWA=7° Batt=100% Temp=0°C
[2026-05-31T13:09:30] [DEBUG] [calypso-direct] [on_notify] [DATA_IN] AWS=9.3kt AWA=356° Batt=100% Temp=0°C
[2026-05-31T13:09:30] [DEBUG] [calypso-direct] [on_notify] [DATA_IN] AWS=9.3kt AWA=348° Batt=100% Temp=0°C
[2026-05-31T13:09:30] [DEBUG] [calypso-direct] [on_notify] [DATA_IN] AWS=9.3kt AWA=7° Batt=100% Temp=0°C
[2026-05-31T13:09:30] [DEBUG] [calypso-direct] [on_notify] [DATA_IN] AWS=9.3kt AWA=2° Batt=100% Temp=0°C
[2026-05-31T13:09:30] [DEBUG] [calypso-direct] [on_notify] [DATA_IN] AWS=9.1kt AWA=348° Batt=100% Temp=0°C
[2026-05-31T13:09:30] [DEBUG] [calypso-direct] [on_notify] [DATA_IN] AWS=9.1kt AWA=2° Batt=100% Temp=0°C
[2026-05-31T13:09:31] [DEBUG] [calypso-direct] [on_notify] [DATA_IN] AWS=8.9kt AWA=4° Batt=100% Temp=0°C
[2026-05-31T13:09:31] [DEBUG] [calypso-direct] [on_notify] [DATA_IN] AWS=9.1kt AWA=4° Batt=100% Temp=0°C
[2026-05-31T13:09:31] [DEBUG] [calypso-direct] [on_notify] [DATA_IN] AWS=9.1kt AWA=4° Batt=100% Temp=0°C
[2026-05-31T13:09:31] [DEBUG] [calypso-direct] [on_notify] [DATA_IN] AWS=8.9kt AWA=4° Batt=100% Temp=0°C
[2026-05-31T13:09:31] [DEBUG] [calypso-direct] [on_notify] [DATA_IN] AWS=8.9kt AWA=4° Batt=100% Temp=0°C
[2026-05-31T13:09:31] [DEBUG] [calypso-direct] [on_notify] [DATA_IN] AWS=8.9kt AWA=7° Batt=100% Temp=0°C
[2026-05-31T13:09:32] [DEBUG] [calypso-direct] [on_notify] [DATA_IN] AWS=8.9kt AWA=7° Batt=100% Temp=0°C
[2026-05-31T13:09:32] [DEBUG] [calypso-direct] [on_notify] [DATA_IN] AWS=9.1kt AWA=7° Batt=100% Temp=0°C
[2026-05-31T13:09:32] [DEBUG] [calypso-direct] [on_notify] [DATA_IN] AWS=9.1kt AWA=7° Batt=100% Temp=0°C
[2026-05-31T13:09:32] [DEBUG] [calypso-direct] [on_notify] [DATA_IN] AWS=9.1kt AWA=4° Batt=100% Temp=0°C
[2026-05-31T13:09:32] [DEBUG] [calypso-direct] [on_notify] [DATA_IN] AWS=9.1kt AWA=4° Batt=100% Temp=0°C
[2026-05-31T13:09:32] [DEBUG] [calypso-direct] [on_notify] [DATA_IN] AWS=9.1kt AWA=4° Batt=100% Temp=0°C
[2026-05-31T13:09:33] [DEBUG] [calypso-direct] [on_notify] [DATA_IN] AWS=9.1kt AWA=7° Batt=100% Temp=0°C
[2026-05-31T13:09:34] [DEBUG] [calypso-direct] [on_notify] [DATA_IN] AWS=9.1kt AWA=12° Batt=100% Temp=0°C
[2026-05-31T13:09:34] [DEBUG] [calypso-direct] [on_notify] [DATA_IN] AWS=9.1kt AWA=12° Batt=100% Temp=0°C
[2026-05-31T13:09:34] [DEBUG] [calypso-direct] [on_notify] [DATA_IN] AWS=9.1kt AWA=12° Batt=100% Temp=0°C
[2026-05-31T13:09:34] [DEBUG] [calypso-direct] [on_notify] [DATA_IN] AWS=9.3kt AWA=15° Batt=100% Temp=0°C
[2026-05-31T13:09:34] [DEBUG] [calypso-direct] [on_notify] [DATA_IN] AWS=9.3kt AWA=15° Batt=100% Temp=0°C
[2026-05-31T13:09:34] [DEBUG] [calypso-direct] [on_notify] [DATA_IN] AWS=9.1kt AWA=12° Batt=100% Temp=0°C
[2026-05-31T13:09:34] [DEBUG] [calypso-direct] [on_notify] [DATA_IN] AWS=8.9kt AWA=12° Batt=100% Temp=0°C
[2026-05-31T13:09:34] [DEBUG] [calypso-direct] [on_notify] [DATA_IN] AWS=8.9kt AWA=11° Batt=100% Temp=0°C
[2026-05-31T13:09:34] [DEBUG] [calypso-direct] [on_notify] [DATA_IN] AWS=8.6kt AWA=11° Batt=100% Temp=0°C
[2026-05-31T13:09:34] [DEBUG] [calypso-direct] [on_notify] [DATA_IN] AWS=8.6kt AWA=10° Batt=100% Temp=0°C
[2026-05-31T13:09:34] [DEBUG] [calypso-direct] [on_notify] [DATA_IN] AWS=8.9kt AWA=10° Batt=100% Temp=0°C
[2026-05-31T13:09:34] [DEBUG] [calypso-direct] [on_notify] [DATA_IN] AWS=8.7kt AWA=6° Batt=100% Temp=0°C
[2026-05-31T13:09:34] [DEBUG] [calypso-direct] [on_notify] [DATA_IN] AWS=8.9kt AWA=6° Batt=100% Temp=0°C
[2026-05-31T13:09:34] [DEBUG] [calypso-direct] [on_notify] [DATA_IN] AWS=9.1kt AWA=6° Batt=100% Temp=0°C
[2026-05-31T13:09:34] [DEBUG] [calypso-direct] [on_notify] [DATA_IN] AWS=9.1kt AWA=6° Batt=100% Temp=0°C
[2026-05-31T13:09:34] [DEBUG] [calypso-direct] [on_notify] [DATA_IN] AWS=9.1kt AWA=12° Batt=100% Temp=0°C
[2026-05-31T13:09:35] [DEBUG] [calypso-direct] [on_notify] [DATA_IN] AWS=9.1kt AWA=12° Batt=100% Temp=0°C
[2026-05-31T13:09:35] [DEBUG] [calypso-direct] [on_notify] [DATA_IN] AWS=9.1kt AWA=12° Batt=100% Temp=0°C
[2026-05-31T13:09:35] [DEBUG] [calypso-direct] [on_notify] [DATA_IN] AWS=9.1kt AWA=12° Batt=100% Temp=0°C
[2026-05-31T13:09:35] [DEBUG] [calypso-direct] [on_notify] [DATA_IN] AWS=9.1kt AWA=11° Batt=100% Temp=0°C
[2026-05-31T13:09:35] [DEBUG] [calypso-direct] [on_notify] [DATA_IN] AWS=9.1kt AWA=10° Batt=100% Temp=0°C
[2026-05-31T13:09:35] [DEBUG] [calypso-direct] [on_notify] [DATA_IN] AWS=9.1kt AWA=10° Batt=100% Temp=0°C
[2026-05-31T13:09:35] [DEBUG] [calypso-direct] [on_notify] [DATA_IN] AWS=9.3kt AWA=10° Batt=100% Temp=0°C
[2026-05-31T13:09:35] [DEBUG] [calypso-direct] [on_notify] [DATA_IN] AWS=9.5kt AWA=8° Batt=100% Temp=0°C
[2026-05-31T13:09:35] [DEBUG] [calypso-direct] [on_notify] [DATA_IN] AWS=9.5kt AWA=8° Batt=100% Temp=0°C
[2026-05-31T13:09:35] [DEBUG] [calypso-direct] [on_notify] [DATA_IN] AWS=9.7kt AWA=11° Batt=100% Temp=0°C
[2026-05-31T13:09:35] [DEBUG] [calypso-direct] [on_notify] [DATA_IN] AWS=10.1kt AWA=11° Batt=100% Temp=0°C
[2026-05-31T13:09:35] [DEBUG] [calypso-direct] [on_notify] [DATA_IN] AWS=10.1kt AWA=10° Batt=100% Temp=0°C
[2026-05-31T13:09:35] [DEBUG] [calypso-direct] [on_notify] [DATA_IN] AWS=10.1kt AWA=10° Batt=100% Temp=0°C
[2026-05-31T13:09:35] [DEBUG] [calypso-direct] [on_notify] [DATA_IN] AWS=10.1kt AWA=10° Batt=100% Temp=0°C
[2026-05-31T13:09:35] [DEBUG] [calypso-direct] [on_notify] [DATA_IN] AWS=10.1kt AWA=10° Batt=100% Temp=0°C
[2026-05-31T13:09:36] [DEBUG] [calypso-direct] [on_notify] [DATA_IN] AWS=10.1kt AWA=10° Batt=100% Temp=0°C
[2026-05-31T13:09:36] [DEBUG] [calypso-direct] [on_notify] [DATA_IN] AWS=10.1kt AWA=10° Batt=100% Temp=0°C
[2026-05-31T13:09:36] [DEBUG] [calypso-direct] [on_notify] [DATA_IN] AWS=9.3kt AWA=10° Batt=100% Temp=0°C
[2026-05-31T13:09:36] [DEBUG] [calypso-direct] [on_notify] [DATA_IN] AWS=9.3kt AWA=10° Batt=100% Temp=0°C
[2026-05-31T13:09:36] [DEBUG] [calypso-direct] [on_notify] [DATA_IN] AWS=9.3kt AWA=10° Batt=100% Temp=0°C
[2026-05-31T13:09:36] [DEBUG] [calypso-direct] [on_notify] [DATA_IN] AWS=9.3kt AWA=8° Batt=100% Temp=0°C
[2026-05-31T13:09:36] [DEBUG] [calypso-direct] [on_notify] [DATA_IN] AWS=9.3kt AWA=8° Batt=100% Temp=0°C
[2026-05-31T13:09:36] [DEBUG] [calypso-direct] [on_notify] [DATA_IN] AWS=9.3kt AWA=7° Batt=100% Temp=0°C
[2026-05-31T13:09:36] [DEBUG] [calypso-direct] [on_notify] [DATA_IN] AWS=9.3kt AWA=7° Batt=100% Temp=0°C
[2026-05-31T13:09:37] [DEBUG] [calypso-direct] [on_notify] [DATA_IN] AWS=9.5kt AWA=9° Batt=100% Temp=0°C
[2026-05-31T13:09:38] [DEBUG] [calypso-direct] [on_notify] [DATA_IN] AWS=9.5kt AWA=9° Batt=100% Temp=0°C
[2026-05-31T13:09:38] [DEBUG] [calypso-direct] [on_notify] [DATA_IN] AWS=9.7kt AWA=12° Batt=100% Temp=0°C
[2026-05-31T13:09:38] [DEBUG] [calypso-direct] [on_notify] [DATA_IN] AWS=9.7kt AWA=12° Batt=100% Temp=0°C
[2026-05-31T13:09:38] [DEBUG] [calypso-direct] [on_notify] [DATA_IN] AWS=9.7kt AWA=12° Batt=100% Temp=0°C
[2026-05-31T13:09:38] [DEBUG] [calypso-direct] [on_notify] [DATA_IN] AWS=8.7kt AWA=9° Batt=100% Temp=0°C
[2026-05-31T13:09:39] [DEBUG] [calypso-direct] [on_notify] [DATA_IN] AWS=8.7kt AWA=12° Batt=100% Temp=0°C
[2026-05-31T13:09:39] [DEBUG] [calypso-direct] [on_notify] [DATA_IN] AWS=8.4kt AWA=9° Batt=100% Temp=0°C
[2026-05-31T13:09:39] [DEBUG] [calypso-direct] [on_notify] [DATA_IN] AWS=8.4kt AWA=7° Batt=100% Temp=0°C
[2026-05-31T13:09:39] [DEBUG] [calypso-direct] [on_notify] [DATA_IN] AWS=8.2kt AWA=7° Batt=100% Temp=0°C
[2026-05-31T13:09:39] [DEBUG] [calypso-direct] [on_notify] [DATA_IN] AWS=8.2kt AWA=7° Batt=100% Temp=0°C
[2026-05-31T13:09:39] [DEBUG] [calypso-direct] [on_notify] [DATA_IN] AWS=8.0kt AWA=4° Batt=100% Temp=0°C
[2026-05-31T13:09:39] [DEBUG] [calypso-direct] [on_notify] [DATA_IN] AWS=7.8kt AWA=4° Batt=100% Temp=0°C
[2026-05-31T13:09:39] [DEBUG] [calypso-direct] [on_notify] [DATA_IN] AWS=7.6kt AWA=2° Batt=100% Temp=0°C
[2026-05-31T13:09:39] [DEBUG] [calypso-direct] [on_notify] [DATA_IN] AWS=7.6kt AWA=356° Batt=100% Temp=0°C
[2026-05-31T13:09:39] [DEBUG] [calypso-direct] [on_notify] [DATA_IN] AWS=7.6kt AWA=356° Batt=100% Temp=0°C
[2026-05-31T13:09:39] [DEBUG] [calypso-direct] [on_notify] [DATA_IN] AWS=7.6kt AWA=356° Batt=100% Temp=0°C
[2026-05-31T13:09:39] [DEBUG] [calypso-direct] [on_notify] [DATA_IN] AWS=7.8kt AWA=2° Batt=100% Temp=0°C
[2026-05-31T13:09:39] [DEBUG] [calypso-direct] [on_notify] [DATA_IN] AWS=8.2kt AWA=2° Batt=100% Temp=0°C
[2026-05-31T13:09:40] [DEBUG] [calypso-direct] [on_notify] [DATA_IN] AWS=8.4kt AWA=2° Batt=100% Temp=0°C
[2026-05-31T13:09:40] [DEBUG] [calypso-direct] [on_notify] [DATA_IN] AWS=8.4kt AWA=3° Batt=100% Temp=0°C
[2026-05-31T13:09:40] [DEBUG] [calypso-direct] [on_notify] [DATA_IN] AWS=8.4kt AWA=4° Batt=100% Temp=0°C
[2026-05-31T13:09:40] [DEBUG] [calypso-direct] [on_notify] [DATA_IN] AWS=8.2kt AWA=4° Batt=100% Temp=0°C
[2026-05-31T13:09:40] [DEBUG] [calypso-direct] [on_notify] [DATA_IN] AWS=8.2kt AWA=5° Batt=100% Temp=0°C
[2026-05-31T13:09:40] [DEBUG] [calypso-direct] [on_notify] [DATA_IN] AWS=7.2kt AWA=11° Batt=100% Temp=0°C
[2026-05-31T13:09:41] [DEBUG] [calypso-direct] [on_notify] [DATA_IN] AWS=7.0kt AWA=11° Batt=100% Temp=0°C
[2026-05-31T13:09:41] [DEBUG] [calypso-direct] [on_notify] [DATA_IN] AWS=6.8kt AWA=10° Batt=100% Temp=0°C
[2026-05-31T13:09:41] [DEBUG] [calypso-direct] [on_notify] [DATA_IN] AWS=7.0kt AWA=10° Batt=100% Temp=0°C
[2026-05-31T13:09:42] [DEBUG] [calypso-direct] [on_notify] [DATA_IN] AWS=7.0kt AWA=8° Batt=100% Temp=0°C
[2026-05-31T13:09:42] [DEBUG] [calypso-direct] [on_notify] [DATA_IN] AWS=7.0kt AWA=8° Batt=100% Temp=0°C
[2026-05-31T13:09:42] [DEBUG] [calypso-direct] [on_notify] [DATA_IN] AWS=7.0kt AWA=8° Batt=100% Temp=0°C
[2026-05-31T13:09:42] [DEBUG] [calypso-direct] [on_notify] [DATA_IN] AWS=7.2kt AWA=5° Batt=100% Temp=0°C
[2026-05-31T13:09:42] [DEBUG] [calypso-direct] [on_notify] [DATA_IN] AWS=7.2kt AWA=1° Batt=100% Temp=0°C
[2026-05-31T13:09:42] [DEBUG] [calypso-direct] [on_notify] [DATA_IN] AWS=7.2kt AWA=349° Batt=100% Temp=0°C
[2026-05-31T13:09:42] [DEBUG] [calypso-direct] [on_notify] [DATA_IN] AWS=8.0kt AWA=349° Batt=100% Temp=0°C
[2026-05-31T13:09:43] [DEBUG] [calypso-direct] [on_notify] [DATA_IN] AWS=8.0kt AWA=349° Batt=100% Temp=0°C
[2026-05-31T13:09:43] [DEBUG] [calypso-direct] [on_notify] [DATA_IN] AWS=8.0kt AWA=349° Batt=100% Temp=0°C
[2026-05-31T13:09:43] [DEBUG] [calypso-direct] [on_notify] [DATA_IN] AWS=8.0kt AWA=342° Batt=100% Temp=0°C
[2026-05-31T13:09:43] [DEBUG] [calypso-direct] [on_notify] [DATA_IN] AWS=8.0kt AWA=342° Batt=100% Temp=0°C
[2026-05-31T13:09:43] [DEBUG] [calypso-direct] [on_notify] [DATA_IN] AWS=7.8kt AWA=342° Batt=100% Temp=0°C
[2026-05-31T13:09:43] [DEBUG] [calypso-direct] [on_notify] [DATA_IN] AWS=7.8kt AWA=342° Batt=100% Temp=0°C
[2026-05-31T13:09:43] [DEBUG] [calypso-direct] [on_notify] [DATA_IN] AWS=7.8kt AWA=342° Batt=100% Temp=0°C
[2026-05-31T13:09:45] [DEBUG] [calypso-direct] [on_notify] [DATA_IN] AWS=8.2kt AWA=339° Batt=100% Temp=0°C
[2026-05-31T13:09:45] [DEBUG] [calypso-direct] [on_notify] [DATA_IN] AWS=8.4kt AWA=339° Batt=100% Temp=0°C
[2026-05-31T13:09:48] [DEBUG] [calypso-direct] [on_notify] [DATA_IN] AWS=8.4kt AWA=339° Batt=100% Temp=0°C
[2026-05-31T13:09:48] [DEBUG] [calypso-direct] [on_notify] [DATA_IN] AWS=8.2kt AWA=339° Batt=100% Temp=0°C
[2026-05-31T13:09:50] [DEBUG] [calypso-direct] [on_notify] [DATA_IN] AWS=7.4kt AWA=339° Batt=100% Temp=0°C
[2026-05-31T13:09:50] [DEBUG] [calypso-direct] [on_notify] [DATA_IN] AWS=7.0kt AWA=342° Batt=100% Temp=0°C
[2026-05-31T13:09:50] [DEBUG] [calypso-direct] [on_notify] [DATA_IN] AWS=7.0kt AWA=342° Batt=100% Temp=0°C
[2026-05-31T13:09:51] [DEBUG] [calypso-direct] [on_notify] [DATA_IN] AWS=7.0kt AWA=342° Batt=100% Temp=0°C
[2026-05-31T13:09:51] [DEBUG] [calypso-direct] [on_notify] [DATA_IN] AWS=7.0kt AWA=342° Batt=100% Temp=0°C
[2026-05-31T13:09:52] [DEBUG] [calypso-direct] [on_notify] [DATA_IN] AWS=7.0kt AWA=342° Batt=100% Temp=0°C
[2026-05-31T13:09:55] [DEBUG] [calypso-direct] [on_notify] [DATA_IN] AWS=6.8kt AWA=355° Batt=100% Temp=0°C
[2026-05-31T13:09:56] [DEBUG] [calypso-direct] [on_notify] [DATA_IN] AWS=6.8kt AWA=355° Batt=100% Temp=0°C
[2026-05-31T13:09:56] [DEBUG] [calypso-direct] [on_notify] [DATA_IN] AWS=6.8kt AWA=355° Batt=100% Temp=0°C
[2026-05-31T13:09:56] [DEBUG] [calypso-direct] [on_notify] [DATA_IN] AWS=6.8kt AWA=355° Batt=100% Temp=0°C
[2026-05-31T13:09:56] [DEBUG] [calypso-direct] [on_notify] [DATA_IN] AWS=6.8kt AWA=355° Batt=100% Temp=0°C
[2026-05-31T13:09:56] [DEBUG] [calypso-direct] [on_notify] [DATA_IN] AWS=6.8kt AWA=351° Batt=100% Temp=0°C
[2026-05-31T13:09:56] [DEBUG] [calypso-direct] [on_notify] [DATA_IN] AWS=6.8kt AWA=351° Batt=100% Temp=0°C
[2026-05-31T13:09:57] [DEBUG] [calypso-direct] [on_notify] [DATA_IN] AWS=6.2kt AWA=351° Batt=100% Temp=0°C
[2026-05-31T13:09:57] [DEBUG] [calypso-direct] [on_notify] [DATA_IN] AWS=6.2kt AWA=351° Batt=100% Temp=0°C
[2026-05-31T13:09:57] [DEBUG] [calypso-direct] [on_notify] [DATA_IN] AWS=6.6kt AWA=351° Batt=100% Temp=0°C
[2026-05-31T13:09:57] [DEBUG] [calypso-direct] [on_notify] [DATA_IN] AWS=6.8kt AWA=346° Batt=100% Temp=0°C
[2026-05-31T13:09:57] [DEBUG] [calypso-direct] [on_notify] [DATA_IN] AWS=7.2kt AWA=346° Batt=100% Temp=0°C
[2026-05-31T13:09:58] [DEBUG] [calypso-direct] [on_notify] [DATA_IN] AWS=6.8kt AWA=344° Batt=100% Temp=0°C
[2026-05-31T13:09:58] [DEBUG] [calypso-direct] [on_notify] [DATA_IN] AWS=6.4kt AWA=344° Batt=100% Temp=0°C
[2026-05-31T13:09:58] [DEBUG] [calypso-direct] [on_notify] [DATA_IN] AWS=6.2kt AWA=357° Batt=100% Temp=0°C
[2026-05-31T13:09:58] [DEBUG] [calypso-direct] [on_notify] [DATA_IN] AWS=6.2kt AWA=357° Batt=100% Temp=0°C
[2026-05-31T13:09:58] [DEBUG] [calypso-direct] [on_notify] [DATA_IN] AWS=5.8kt AWA=351° Batt=100% Temp=0°C
[2026-05-31T13:09:58] [DEBUG] [calypso-direct] [on_notify] [DATA_IN] AWS=6.4kt AWA=3° Batt=100% Temp=0°C
[2026-05-31T13:10:00] [DEBUG] [calypso-direct] [on_notify] [DATA_IN] AWS=6.6kt AWA=358° Batt=100% Temp=0°C
[2026-05-31T13:10:00] [DEBUG] [calypso-direct] [on_notify] [DATA_IN] AWS=6.6kt AWA=348° Batt=100% Temp=0°C
[2026-05-31T13:10:00] [DEBUG] [calypso-direct] [on_notify] [DATA_IN] AWS=6.6kt AWA=346° Batt=100% Temp=0°C
[2026-05-31T13:10:00] [DEBUG] [calypso-direct] [on_notify] [DATA_IN] AWS=6.8kt AWA=352° Batt=100% Temp=0°C
[2026-05-31T13:10:00] [DEBUG] [calypso-direct] [on_notify] [DATA_IN] AWS=7.0kt AWA=357° Batt=100% Temp=0°C
[2026-05-31T13:10:01] [DEBUG] [calypso-direct] [on_notify] [DATA_IN] AWS=7.4kt AWA=349° Batt=100% Temp=0°C
[2026-05-31T13:10:01] [DEBUG] [calypso-direct] [on_notify] [DATA_IN] AWS=7.4kt AWA=349° Batt=100% Temp=0°C
[2026-05-31T13:10:01] [DEBUG] [calypso-direct] [on_notify] [DATA_IN] AWS=7.4kt AWA=349° Batt=100% Temp=0°C
[2026-05-31T13:10:02] [DEBUG] [calypso-direct] [on_notify] [DATA_IN] AWS=7.8kt AWA=349° Batt=100% Temp=0°C
[2026-05-31T13:10:02] [DEBUG] [calypso-direct] [on_notify] [DATA_IN] AWS=7.8kt AWA=0° Batt=100% Temp=0°C
[2026-05-31T13:10:02] [DEBUG] [calypso-direct] [on_notify] [DATA_IN] AWS=7.8kt AWA=0° Batt=100% Temp=0°C
[2026-05-31T13:10:02] [DEBUG] [calypso-direct] [on_notify] [DATA_IN] AWS=8.6kt AWA=0° Batt=100% Temp=0°C
[2026-05-31T13:10:03] [DEBUG] [calypso-direct] [on_notify] [DATA_IN] AWS=8.6kt AWA=0° Batt=100% Temp=0°C
[2026-05-31T13:10:03] [DEBUG] [calypso-direct] [on_notify] [DATA_IN] AWS=8.6kt AWA=0° Batt=100% Temp=0°C
[2026-05-31T13:10:03] [DEBUG] [calypso-direct] [on_notify] [DATA_IN] AWS=8.6kt AWA=3° Batt=100% Temp=0°C
[2026-05-31T13:10:03] [DEBUG] [calypso-direct] [on_notify] [DATA_IN] AWS=8.7kt AWA=3° Batt=100% Temp=0°C
[2026-05-31T13:10:03] [DEBUG] [calypso-direct] [on_notify] [DATA_IN] AWS=8.7kt AWA=3° Batt=100% Temp=0°C
[2026-05-31T13:10:05] [DEBUG] [calypso-direct] [on_notify] [DATA_IN] AWS=8.7kt AWA=3° Batt=100% Temp=0°C
[2026-05-31T13:10:05] [DEBUG] [calypso-direct] [on_notify] [DATA_IN] AWS=8.6kt AWA=3° Batt=100% Temp=0°C
[2026-05-31T13:10:06] [DEBUG] [calypso-direct] [on_notify] [DATA_IN] AWS=8.0kt AWA=0° Batt=100% Temp=0°C
[2026-05-31T13:10:08] [DEBUG] [calypso-direct] [on_notify] [DATA_IN] AWS=7.8kt AWA=0° Batt=100% Temp=0°C
[2026-05-31T13:10:10] [DEBUG] [calypso-direct] [on_notify] [DATA_IN] AWS=7.4kt AWA=0° Batt=100% Temp=0°C
[2026-05-31T13:10:10] [DEBUG] [calypso-direct] [on_notify] [DATA_IN] AWS=9.3kt AWA=5° Batt=100% Temp=0°C
[2026-05-31T13:10:10] [DEBUG] [calypso-direct] [on_notify] [DATA_IN] AWS=9.1kt AWA=5° Batt=100% Temp=0°C
[2026-05-31T13:10:10] [DEBUG] [calypso-direct] [on_notify] [DATA_IN] AWS=9.1kt AWA=5° Batt=100% Temp=0°C
[2026-05-31T13:10:10] [DEBUG] [calypso-direct] [on_notify] [DATA_IN] AWS=9.1kt AWA=5° Batt=100% Temp=0°C
[2026-05-31T13:10:11] [DEBUG] [calypso-direct] [on_notify] [DATA_IN] AWS=8.9kt AWA=3° Batt=100% Temp=0°C
[2026-05-31T13:10:12] [DEBUG] [calypso-direct] [on_notify] [DATA_IN] AWS=8.9kt AWA=3° Batt=100% Temp=0°C
[2026-05-31T13:10:12] [DEBUG] [calypso-direct] [on_notify] [DATA_IN] AWS=9.1kt AWA=3° Batt=100% Temp=0°C
[2026-05-31T13:10:12] [DEBUG] [calypso-direct] [on_notify] [DATA_IN] AWS=8.9kt AWA=3° Batt=100% Temp=0°C
[2026-05-31T13:10:16] [DEBUG] [calypso-direct] [on_notify] [DATA_IN] AWS=8.2kt AWA=1° Batt=100% Temp=0°C
[2026-05-31T13:10:16] [DEBUG] [calypso-direct] [on_notify] [DATA_IN] AWS=7.4kt AWA=351° Batt=100% Temp=0°C
[2026-05-31T13:10:16] [DEBUG] [calypso-direct] [on_notify] [DATA_IN] AWS=6.6kt AWA=351° Batt=100% Temp=0°C
[2026-05-31T13:10:16] [DEBUG] [calypso-direct] [on_notify] [DATA_IN] AWS=5.8kt AWA=351° Batt=100% Temp=0°C
[2026-05-31T13:10:16] [DEBUG] [calypso-direct] [on_notify] [DATA_IN] AWS=7.6kt AWA=2° Batt=100% Temp=0°C
[2026-05-31T13:10:18] [DEBUG] [calypso-direct] [on_notify] [DATA_IN] AWS=8.2kt AWA=3° Batt=100% Temp=0°C
[2026-05-31T13:10:22] [DEBUG] [calypso-direct] [on_notify] [DATA_IN] AWS=8.2kt AWA=3° Batt=100% Temp=0°C
[2026-05-31T13:10:22] [DEBUG] [calypso-direct] [on_notify] [DATA_IN] AWS=8.2kt AWA=3° Batt=100% Temp=0°C
[2026-05-31T13:10:22] [DEBUG] [calypso-direct] [on_notify] [DATA_IN] AWS=8.0kt AWA=3° Batt=100% Temp=0°C
[2026-05-31T13:10:22] [DEBUG] [calypso-direct] [on_notify] [DATA_IN] AWS=8.2kt AWA=0° Batt=100% Temp=0°C
[2026-05-31T13:10:23] [DEBUG] [calypso-direct] [on_notify] [DATA_IN] AWS=8.2kt AWA=4° Batt=100% Temp=0°C
[2026-05-31T13:10:23] [DEBUG] [calypso-direct] [on_notify] [DATA_IN] AWS=8.9kt AWA=2° Batt=100% Temp=0°C
[2026-05-31T13:10:26] [DEBUG] [calypso-direct] [on_notify] [DATA_IN] AWS=8.9kt AWA=2° Batt=100% Temp=0°C
[2026-05-31T13:10:29] [DEBUG] [calypso-direct] [on_notify] [DATA_IN] AWS=9.9kt AWA=6° Batt=100% Temp=0°C
[2026-05-31T13:10:29] [DEBUG] [calypso-direct] [on_notify] [DATA_IN] AWS=10.1kt AWA=6° Batt=100% Temp=0°C
[2026-05-31T13:10:29] [DEBUG] [calypso-direct] [on_notify] [DATA_IN] AWS=10.1kt AWA=5° Batt=100% Temp=0°C
[2026-05-31T13:10:29] [DEBUG] [calypso-direct] [on_notify] [DATA_IN] AWS=9.9kt AWA=6° Batt=100% Temp=0°C
[2026-05-31T13:10:30] [DEBUG] [calypso-direct] [on_notify] [DATA_IN] AWS=9.9kt AWA=8° Batt=100% Temp=0°C
[2026-05-31T13:10:30] [DEBUG] [calypso-direct] [on_notify] [DATA_IN] AWS=10.9kt AWA=8° Batt=100% Temp=0°C
[2026-05-31T13:10:30] [DEBUG] [calypso-direct] [on_notify] [DATA_IN] AWS=10.3kt AWA=12° Batt=100% Temp=0°C
[2026-05-31T13:10:30] [DEBUG] [calypso-direct] [on_notify] [DATA_IN] AWS=10.5kt AWA=17° Batt=100% Temp=0°C
[2026-05-31T13:10:30] [DEBUG] [calypso-direct] [on_notify] [DATA_IN] AWS=10.5kt AWA=17° Batt=100% Temp=0°C
[2026-05-31T13:10:33] [DEBUG] [calypso-direct] [on_notify] [DATA_IN] AWS=11.1kt AWA=22° Batt=100% Temp=0°C
[2026-05-31T13:10:33] [DEBUG] [calypso-direct] [on_notify] [DATA_IN] AWS=11.5kt AWA=23° Batt=100% Temp=0°C
[2026-05-31T13:10:35] [DEBUG] [calypso-direct] [on_notify] [DATA_IN] AWS=11.1kt AWA=23° Batt=100% Temp=0°C
[2026-05-31T13:10:35] [DEBUG] [calypso-direct] [on_notify] [DATA_IN] AWS=11.1kt AWA=25° Batt=100% Temp=0°C
[2026-05-31T13:10:35] [DEBUG] [calypso-direct] [on_notify] [DATA_IN] AWS=10.3kt AWA=25° Batt=100% Temp=0°C
[2026-05-31T13:10:35] [DEBUG] [calypso-direct] [on_notify] [DATA_IN] AWS=12.6kt AWA=26° Batt=100% Temp=0°C
[2026-05-31T13:10:35] [DEBUG] [calypso-direct] [on_notify] [DATA_IN] AWS=11.3kt AWA=40° Batt=100% Temp=0°C
[2026-05-31T13:10:36] [DEBUG] [calypso-direct] [on_notify] [DATA_IN] AWS=11.3kt AWA=39° Batt=100% Temp=0°C
[2026-05-31T13:10:38] [DEBUG] [calypso-direct] [on_notify] [DATA_IN] AWS=10.9kt AWA=38° Batt=100% Temp=0°C
[2026-05-31T13:10:39] [DEBUG] [calypso-direct] [on_notify] [DATA_IN] AWS=10.9kt AWA=37° Batt=100% Temp=0°C
[2026-05-31T13:10:39] [DEBUG] [calypso-direct] [on_notify] [DATA_IN] AWS=11.1kt AWA=34° Batt=100% Temp=0°C
[2026-05-31T13:10:39] [DEBUG] [calypso-direct] [on_notify] [DATA_IN] AWS=10.7kt AWA=35° Batt=100% Temp=0°C
[2026-05-31T13:10:39] [DEBUG] [calypso-direct] [on_notify] [DATA_IN] AWS=10.7kt AWA=38° Batt=100% Temp=0°C
[2026-05-31T13:10:39] [DEBUG] [calypso-direct] [on_notify] [DATA_IN] AWS=10.9kt AWA=35° Batt=100% Temp=0°C
[2026-05-31T13:10:42] [DEBUG] [calypso-direct] [on_notify] [DATA_IN] AWS=10.9kt AWA=34° Batt=100% Temp=0°C
[2026-05-31T13:10:42] [DEBUG] [calypso-direct] [on_notify] [DATA_IN] AWS=10.9kt AWA=33° Batt=100% Temp=0°C
[2026-05-31T13:10:42] [DEBUG] [calypso-direct] [on_notify] [DATA_IN] AWS=10.9kt AWA=32° Batt=100% Temp=0°C
[2026-05-31T13:10:42] [DEBUG] [calypso-direct] [on_notify] [DATA_IN] AWS=9.9kt AWA=32° Batt=100% Temp=0°C
[2026-05-31T13:10:42] [DEBUG] [calypso-direct] [on_notify] [DATA_IN] AWS=9.3kt AWA=33° Batt=100% Temp=0°C
[2026-05-31T13:10:47] [WARNING] [calypso-direct] [main] [BLE_DISCONNECT] Disconnected or data timeout
[2026-05-31T13:10:47] [INFO] [calypso-direct] [main] [BLE_SCAN] Reconnecting in 5s...
[2026-05-31T13:10:53] [INFO] [calypso-direct] [main] [BLE_CLEANUP] BlueZ cache cleared for F8:5F:12:9D:D2:EE
[2026-05-31T13:10:55] [INFO] [calypso-direct] [main] [BLE_SCAN] Connecting to Calypso F8:5F:12:9D:D2:EE...
[2026-05-31T13:11:46] [INFO] [calypso-direct] [main] [BLE_CONNECT] Connected ✅
[2026-05-31T13:11:46] [WARNING] [calypso-direct] [configure_device] [CONFIG_WRITE] NORMAL mode failed: Characteristic 0000a001-0000-1000-8000-00805f9b34fb does not support write operations!
[2026-05-31T13:11:51] [INFO] [calypso-direct] [configure_device] [CONFIG_WRITE] 8 Hz ✅
[2026-05-31T13:11:53] [INFO] [calypso-direct] [configure_device] [CONFIG_WRITE] compass OFF (prevents sentinel -90/-90/360) ✅
[2026-05-31T13:11:54] [INFO] [calypso-direct] [main] [DATA_IN] Receiving Calypso wind data...
[2026-05-31T13:11:54] [INFO] [calypso-direct] [on_notify] [DATA_FIRST] First packet: [104, 1, 87, 1, 10, 100, 0, 0, 0, 0] (10 bytes)
[2026-05-31T13:11:54] [DEBUG] [calypso-direct] [on_notify] [DATA_IN] AWS=7.0kt AWA=343° Batt=100% Temp=0°C
[2026-05-31T13:11:55] [DEBUG] [calypso-direct] [on_notify] [DATA_IN] AWS=7.0kt AWA=343° Batt=100% Temp=0°C
[2026-05-31T13:11:55] [DEBUG] [calypso-direct] [on_notify] [DATA_IN] AWS=7.0kt AWA=343° Batt=100% Temp=0°C
[2026-05-31T13:11:55] [DEBUG] [calypso-direct] [on_notify] [DATA_IN] AWS=7.2kt AWA=357° Batt=100% Temp=0°C
[2026-05-31T13:11:55] [DEBUG] [calypso-direct] [on_notify] [DATA_IN] AWS=7.4kt AWA=357° Batt=100% Temp=0°C
[2026-05-31T13:11:55] [DEBUG] [calypso-direct] [on_notify] [DATA_IN] AWS=7.6kt AWA=357° Batt=100% Temp=0°C
[2026-05-31T13:11:57] [DEBUG] [calypso-direct] [on_notify] [DATA_IN] AWS=7.6kt AWA=357° Batt=100% Temp=0°C
[2026-05-31T13:11:57] [DEBUG] [calypso-direct] [on_notify] [DATA_IN] AWS=7.6kt AWA=357° Batt=100% Temp=0°C
[2026-05-31T13:11:57] [DEBUG] [calypso-direct] [on_notify] [DATA_IN] AWS=7.2kt AWA=349° Batt=100% Temp=0°C
[2026-05-31T13:11:57] [DEBUG] [calypso-direct] [on_notify] [DATA_IN] AWS=7.2kt AWA=349° Batt=100% Temp=0°C
[2026-05-31T13:11:57] [DEBUG] [calypso-direct] [on_notify] [DATA_IN] AWS=7.2kt AWA=349° Batt=100% Temp=0°C
[2026-05-31T13:11:58] [DEBUG] [calypso-direct] [on_notify] [DATA_IN] AWS=7.2kt AWA=349° Batt=100% Temp=0°C
[2026-05-31T13:11:59] [DEBUG] [calypso-direct] [on_notify] [DATA_IN] AWS=7.2kt AWA=349° Batt=100% Temp=0°C
[2026-05-31T13:11:59] [DEBUG] [calypso-direct] [on_notify] [DATA_IN] AWS=7.6kt AWA=344° Batt=100% Temp=0°C
[2026-05-31T13:11:59] [DEBUG] [calypso-direct] [on_notify] [DATA_IN] AWS=7.6kt AWA=344° Batt=100% Temp=0°C
[2026-05-31T13:11:59] [DEBUG] [calypso-direct] [on_notify] [DATA_IN] AWS=7.2kt AWA=344° Batt=100% Temp=0°C
[2026-05-31T13:11:59] [DEBUG] [calypso-direct] [on_notify] [DATA_IN] AWS=7.2kt AWA=344° Batt=100% Temp=0°C
[2026-05-31T13:11:59] [DEBUG] [calypso-direct] [on_notify] [DATA_IN] AWS=7.2kt AWA=344° Batt=100% Temp=0°C
[2026-05-31T13:12:00] [DEBUG] [calypso-direct] [on_notify] [DATA_IN] AWS=7.0kt AWA=342° Batt=100% Temp=0°C
[2026-05-31T13:12:00] [DEBUG] [calypso-direct] [on_notify] [DATA_IN] AWS=7.0kt AWA=342° Batt=100% Temp=0°C
[2026-05-31T13:12:00] [DEBUG] [calypso-direct] [on_notify] [DATA_IN] AWS=7.0kt AWA=342° Batt=100% Temp=0°C
[2026-05-31T13:12:00] [DEBUG] [calypso-direct] [on_notify] [DATA_IN] AWS=7.0kt AWA=342° Batt=100% Temp=0°C
[2026-05-31T13:12:00] [DEBUG] [calypso-direct] [on_notify] [DATA_IN] AWS=7.0kt AWA=342° Batt=100% Temp=0°C
[2026-05-31T13:12:01] [DEBUG] [calypso-direct] [on_notify] [DATA_IN] AWS=7.2kt AWA=352° Batt=100% Temp=0°C
[2026-05-31T13:12:01] [DEBUG] [calypso-direct] [on_notify] [DATA_IN] AWS=7.2kt AWA=352° Batt=100% Temp=0°C
[2026-05-31T13:12:01] [DEBUG] [calypso-direct] [on_notify] [DATA_IN] AWS=7.2kt AWA=352° Batt=100% Temp=0°C
[2026-05-31T13:12:01] [DEBUG] [calypso-direct] [on_notify] [DATA_IN] AWS=6.8kt AWA=352° Batt=100% Temp=0°C
[2026-05-31T13:12:02] [DEBUG] [calypso-direct] [on_notify] [DATA_IN] AWS=6.6kt AWA=352° Batt=100% Temp=0°C
[2026-05-31T13:12:03] [DEBUG] [calypso-direct] [on_notify] [DATA_IN] AWS=6.4kt AWA=344° Batt=100% Temp=0°C
[2026-05-31T13:12:03] [DEBUG] [calypso-direct] [on_notify] [DATA_IN] AWS=6.8kt AWA=344° Batt=100% Temp=0°C
[2026-05-31T13:12:03] [DEBUG] [calypso-direct] [on_notify] [DATA_IN] AWS=7.0kt AWA=344° Batt=100% Temp=0°C
[2026-05-31T13:12:03] [DEBUG] [calypso-direct] [on_notify] [DATA_IN] AWS=7.0kt AWA=343° Batt=100% Temp=0°C
[2026-05-31T13:12:03] [DEBUG] [calypso-direct] [on_notify] [DATA_IN] AWS=7.2kt AWA=337° Batt=100% Temp=0°C
[2026-05-31T13:12:04] [DEBUG] [calypso-direct] [on_notify] [DATA_IN] AWS=7.2kt AWA=337° Batt=100% Temp=0°C
[2026-05-31T13:12:04] [DEBUG] [calypso-direct] [on_notify] [DATA_IN] AWS=6.2kt AWA=348° Batt=100% Temp=0°C
[2026-05-31T13:12:04] [DEBUG] [calypso-direct] [on_notify] [DATA_IN] AWS=5.8kt AWA=348° Batt=100% Temp=0°C
[2026-05-31T13:12:04] [DEBUG] [calypso-direct] [on_notify] [DATA_IN] AWS=5.8kt AWA=348° Batt=100% Temp=0°C
[2026-05-31T13:12:04] [DEBUG] [calypso-direct] [on_notify] [DATA_IN] AWS=5.8kt AWA=347° Batt=100% Temp=0°C
[2026-05-31T13:12:04] [DEBUG] [calypso-direct] [on_notify] [DATA_IN] AWS=6.2kt AWA=347° Batt=100% Temp=0°C
[2026-05-31T13:12:04] [DEBUG] [calypso-direct] [on_notify] [DATA_IN] AWS=6.4kt AWA=347° Batt=100% Temp=0°C
[2026-05-31T13:12:04] [DEBUG] [calypso-direct] [on_notify] [DATA_IN] AWS=6.6kt AWA=347° Batt=100% Temp=0°C
[2026-05-31T13:12:04] [DEBUG] [calypso-direct] [on_notify] [DATA_IN] AWS=6.6kt AWA=347° Batt=100% Temp=0°C
[2026-05-31T13:12:04] [DEBUG] [calypso-direct] [on_notify] [DATA_IN] AWS=6.6kt AWA=347° Batt=100% Temp=0°C
[2026-05-31T13:12:04] [DEBUG] [calypso-direct] [on_notify] [DATA_IN] AWS=6.6kt AWA=347° Batt=100% Temp=0°C
[2026-05-31T13:12:05] [DEBUG] [calypso-direct] [on_notify] [DATA_IN] AWS=6.6kt AWA=347° Batt=100% Temp=0°C
[2026-05-31T13:12:06] [DEBUG] [calypso-direct] [on_notify] [DATA_IN] AWS=5.6kt AWA=340° Batt=100% Temp=0°C
[2026-05-31T13:12:06] [DEBUG] [calypso-direct] [on_notify] [DATA_IN] AWS=6.0kt AWA=340° Batt=100% Temp=0°C
[2026-05-31T13:12:06] [DEBUG] [calypso-direct] [on_notify] [DATA_IN] AWS=5.8kt AWA=340° Batt=100% Temp=0°C
[2026-05-31T13:12:06] [DEBUG] [calypso-direct] [on_notify] [DATA_IN] AWS=5.4kt AWA=340° Batt=100% Temp=0°C
[2026-05-31T13:12:06] [DEBUG] [calypso-direct] [on_notify] [DATA_IN] AWS=6.0kt AWA=348° Batt=100% Temp=0°C
[2026-05-31T13:12:07] [DEBUG] [calypso-direct] [on_notify] [DATA_IN] AWS=7.0kt AWA=344° Batt=100% Temp=0°C
[2026-05-31T13:12:07] [DEBUG] [calypso-direct] [on_notify] [DATA_IN] AWS=7.0kt AWA=344° Batt=100% Temp=0°C
[2026-05-31T13:12:07] [DEBUG] [calypso-direct] [on_notify] [DATA_IN] AWS=6.4kt AWA=344° Batt=100% Temp=0°C
[2026-05-31T13:12:09] [DEBUG] [calypso-direct] [on_notify] [DATA_IN] AWS=6.2kt AWA=344° Batt=100% Temp=0°C
[2026-05-31T13:12:09] [DEBUG] [calypso-direct] [on_notify] [DATA_IN] AWS=6.0kt AWA=346° Batt=100% Temp=0°C
[2026-05-31T13:12:09] [DEBUG] [calypso-direct] [on_notify] [DATA_IN] AWS=5.4kt AWA=346° Batt=100% Temp=0°C
[2026-05-31T13:12:09] [DEBUG] [calypso-direct] [on_notify] [DATA_IN] AWS=6.0kt AWA=346° Batt=100% Temp=0°C
[2026-05-31T13:12:09] [DEBUG] [calypso-direct] [on_notify] [DATA_IN] AWS=6.0kt AWA=346° Batt=100% Temp=0°C
[2026-05-31T13:12:09] [DEBUG] [calypso-direct] [on_notify] [DATA_IN] AWS=6.2kt AWA=353° Batt=100% Temp=0°C
[2026-05-31T13:12:09] [DEBUG] [calypso-direct] [on_notify] [DATA_IN] AWS=6.2kt AWA=353° Batt=100% Temp=0°C
[2026-05-31T13:12:11] [DEBUG] [calypso-direct] [on_notify] [DATA_IN] AWS=6.4kt AWA=353° Batt=100% Temp=0°C
[2026-05-31T13:12:11] [DEBUG] [calypso-direct] [on_notify] [DATA_IN] AWS=6.8kt AWA=353° Batt=100% Temp=0°C
[2026-05-31T13:12:11] [DEBUG] [calypso-direct] [on_notify] [DATA_IN] AWS=6.8kt AWA=353° Batt=100% Temp=0°C
[2026-05-31T13:12:11] [DEBUG] [calypso-direct] [on_notify] [DATA_IN] AWS=6.6kt AWA=354° Batt=100% Temp=0°C
[2026-05-31T13:12:11] [DEBUG] [calypso-direct] [on_notify] [DATA_IN] AWS=6.4kt AWA=354° Batt=100% Temp=0°C
[2026-05-31T13:12:13] [DEBUG] [calypso-direct] [on_notify] [DATA_IN] AWS=6.6kt AWA=354° Batt=100% Temp=0°C
[2026-05-31T13:12:13] [DEBUG] [calypso-direct] [on_notify] [DATA_IN] AWS=6.4kt AWA=354° Batt=100% Temp=0°C
[2026-05-31T13:12:13] [DEBUG] [calypso-direct] [on_notify] [DATA_IN] AWS=6.2kt AWA=342° Batt=100% Temp=0°C
[2026-05-31T13:12:13] [DEBUG] [calypso-direct] [on_notify] [DATA_IN] AWS=6.2kt AWA=342° Batt=100% Temp=0°C
[2026-05-31T13:12:13] [DEBUG] [calypso-direct] [on_notify] [DATA_IN] AWS=5.8kt AWA=342° Batt=100% Temp=0°C
[2026-05-31T13:12:14] [DEBUG] [calypso-direct] [on_notify] [DATA_IN] AWS=6.2kt AWA=346° Batt=100% Temp=0°C
[2026-05-31T13:12:15] [DEBUG] [calypso-direct] [on_notify] [DATA_IN] AWS=6.2kt AWA=346° Batt=100% Temp=0°C
[2026-05-31T13:12:15] [DEBUG] [calypso-direct] [on_notify] [DATA_IN] AWS=6.2kt AWA=345° Batt=100% Temp=0°C
[2026-05-31T13:12:15] [DEBUG] [calypso-direct] [on_notify] [DATA_IN] AWS=6.2kt AWA=345° Batt=100% Temp=0°C
[2026-05-31T13:12:15] [DEBUG] [calypso-direct] [on_notify] [DATA_IN] AWS=6.2kt AWA=345° Batt=100% Temp=0°C
[2026-05-31T13:12:15] [DEBUG] [calypso-direct] [on_notify] [DATA_IN] AWS=6.4kt AWA=344° Batt=100% Temp=0°C
[2026-05-31T13:12:17] [DEBUG] [calypso-direct] [on_notify] [DATA_IN] AWS=6.4kt AWA=344° Batt=100% Temp=0°C
[2026-05-31T13:12:17] [DEBUG] [calypso-direct] [on_notify] [DATA_IN] AWS=6.0kt AWA=349° Batt=100% Temp=0°C
[2026-05-31T13:12:17] [DEBUG] [calypso-direct] [on_notify] [DATA_IN] AWS=6.0kt AWA=349° Batt=100% Temp=0°C
[2026-05-31T13:12:17] [DEBUG] [calypso-direct] [on_notify] [DATA_IN] AWS=5.6kt AWA=349° Batt=100% Temp=0°C
[2026-05-31T13:12:17] [DEBUG] [calypso-direct] [on_notify] [DATA_IN] AWS=5.6kt AWA=349° Batt=100% Temp=0°C
[2026-05-31T13:12:17] [DEBUG] [calypso-direct] [on_notify] [DATA_IN] AWS=5.6kt AWA=338° Batt=100% Temp=0°C
[2026-05-31T13:12:17] [DEBUG] [calypso-direct] [on_notify] [DATA_IN] AWS=5.6kt AWA=338° Batt=100% Temp=0°C
[2026-05-31T13:12:17] [DEBUG] [calypso-direct] [on_notify] [DATA_IN] AWS=6.6kt AWA=350° Batt=100% Temp=0°C
[2026-05-31T13:12:17] [DEBUG] [calypso-direct] [on_notify] [DATA_IN] AWS=6.6kt AWA=352° Batt=100% Temp=0°C
[2026-05-31T13:12:17] [DEBUG] [calypso-direct] [on_notify] [DATA_IN] AWS=6.6kt AWA=352° Batt=100% Temp=0°C
[2026-05-31T13:12:19] [DEBUG] [calypso-direct] [on_notify] [DATA_IN] AWS=6.6kt AWA=352° Batt=100% Temp=0°C
[2026-05-31T13:12:19] [DEBUG] [calypso-direct] [on_notify] [DATA_IN] AWS=6.6kt AWA=352° Batt=100% Temp=0°C
[2026-05-31T13:12:19] [DEBUG] [calypso-direct] [on_notify] [DATA_IN] AWS=6.0kt AWA=351° Batt=100% Temp=0°C
[2026-05-31T13:12:19] [DEBUG] [calypso-direct] [on_notify] [DATA_IN] AWS=6.0kt AWA=351° Batt=100% Temp=0°C
[2026-05-31T13:12:19] [DEBUG] [calypso-direct] [on_notify] [DATA_IN] AWS=6.0kt AWA=351° Batt=100% Temp=0°C
[2026-05-31T13:12:20] [DEBUG] [calypso-direct] [on_notify] [DATA_IN] AWS=6.0kt AWA=351° Batt=100% Temp=0°C
[2026-05-31T13:12:20] [DEBUG] [calypso-direct] [on_notify] [DATA_IN] AWS=7.2kt AWA=3° Batt=100% Temp=0°C
[2026-05-31T13:12:21] [DEBUG] [calypso-direct] [on_notify] [DATA_IN] AWS=7.4kt AWA=1° Batt=100% Temp=0°C
[2026-05-31T13:12:21] [DEBUG] [calypso-direct] [on_notify] [DATA_IN] AWS=7.4kt AWA=3° Batt=100% Temp=0°C
[2026-05-31T13:12:21] [DEBUG] [calypso-direct] [on_notify] [DATA_IN] AWS=7.4kt AWA=3° Batt=100% Temp=0°C
[2026-05-31T13:12:22] [DEBUG] [calypso-direct] [on_notify] [DATA_IN] AWS=7.4kt AWA=3° Batt=100% Temp=0°C
[2026-05-31T13:12:22] [DEBUG] [calypso-direct] [on_notify] [DATA_IN] AWS=7.0kt AWA=4° Batt=100% Temp=0°C
[2026-05-31T13:12:22] [DEBUG] [calypso-direct] [on_notify] [DATA_IN] AWS=6.6kt AWA=10° Batt=100% Temp=0°C
[2026-05-31T13:12:22] [DEBUG] [calypso-direct] [on_notify] [DATA_IN] AWS=6.6kt AWA=10° Batt=100% Temp=0°C
[2026-05-31T13:12:22] [DEBUG] [calypso-direct] [on_notify] [DATA_IN] AWS=6.6kt AWA=10° Batt=100% Temp=0°C
[2026-05-31T13:12:24] [DEBUG] [calypso-direct] [on_notify] [DATA_IN] AWS=6.6kt AWA=10° Batt=100% Temp=0°C
[2026-05-31T13:12:24] [DEBUG] [calypso-direct] [on_notify] [DATA_IN] AWS=6.8kt AWA=8° Batt=100% Temp=0°C
[2026-05-31T13:12:24] [DEBUG] [calypso-direct] [on_notify] [DATA_IN] AWS=6.6kt AWA=6° Batt=100% Temp=0°C
[2026-05-31T13:12:24] [DEBUG] [calypso-direct] [on_notify] [DATA_IN] AWS=6.6kt AWA=6° Batt=100% Temp=0°C
[2026-05-31T13:12:24] [DEBUG] [calypso-direct] [on_notify] [DATA_IN] AWS=6.6kt AWA=6° Batt=100% Temp=0°C
[2026-05-31T13:12:24] [DEBUG] [calypso-direct] [on_notify] [DATA_IN] AWS=6.6kt AWA=6° Batt=100% Temp=0°C
[2026-05-31T13:12:24] [DEBUG] [calypso-direct] [on_notify] [DATA_IN] AWS=6.6kt AWA=7° Batt=100% Temp=0°C
[2026-05-31T13:12:25] [DEBUG] [calypso-direct] [on_notify] [DATA_IN] AWS=7.0kt AWA=12° Batt=100% Temp=0°C
[2026-05-31T13:12:26] [DEBUG] [calypso-direct] [on_notify] [DATA_IN] AWS=7.0kt AWA=10° Batt=100% Temp=0°C
[2026-05-31T13:12:26] [DEBUG] [calypso-direct] [on_notify] [DATA_IN] AWS=6.8kt AWA=8° Batt=100% Temp=0°C
[2026-05-31T13:12:26] [DEBUG] [calypso-direct] [on_notify] [DATA_IN] AWS=6.8kt AWA=8° Batt=100% Temp=0°C
[2026-05-31T13:12:26] [DEBUG] [calypso-direct] [on_notify] [DATA_IN] AWS=6.8kt AWA=8° Batt=100% Temp=0°C
[2026-05-31T13:12:26] [DEBUG] [calypso-direct] [on_notify] [DATA_IN] AWS=6.6kt AWA=8° Batt=100% Temp=0°C
[2026-05-31T13:12:27] [DEBUG] [calypso-direct] [on_notify] [DATA_IN] AWS=6.4kt AWA=8° Batt=100% Temp=0°C
[2026-05-31T13:12:27] [DEBUG] [calypso-direct] [on_notify] [DATA_IN] AWS=6.4kt AWA=9° Batt=100% Temp=0°C
[2026-05-31T13:12:27] [DEBUG] [calypso-direct] [on_notify] [DATA_IN] AWS=6.6kt AWA=14° Batt=100% Temp=0°C
[2026-05-31T13:12:27] [DEBUG] [calypso-direct] [on_notify] [DATA_IN] AWS=6.6kt AWA=8° Batt=100% Temp=0°C
[2026-05-31T13:12:27] [DEBUG] [calypso-direct] [on_notify] [DATA_IN] AWS=6.6kt AWA=8° Batt=100% Temp=0°C
[2026-05-31T13:12:29] [DEBUG] [calypso-direct] [on_notify] [DATA_IN] AWS=5.2kt AWA=3° Batt=100% Temp=0°C
[2026-05-31T13:12:29] [DEBUG] [calypso-direct] [on_notify] [DATA_IN] AWS=5.6kt AWA=5° Batt=100% Temp=0°C
[2026-05-31T13:12:31] [DEBUG] [calypso-direct] [on_notify] [DATA_IN] AWS=5.8kt AWA=5° Batt=100% Temp=0°C
[2026-05-31T13:12:31] [DEBUG] [calypso-direct] [on_notify] [DATA_IN] AWS=5.8kt AWA=3° Batt=100% Temp=0°C
[2026-05-31T13:12:31] [DEBUG] [calypso-direct] [on_notify] [DATA_IN] AWS=5.4kt AWA=12° Batt=100% Temp=0°C
[2026-05-31T13:12:31] [DEBUG] [calypso-direct] [on_notify] [DATA_IN] AWS=5.6kt AWA=12° Batt=100% Temp=0°C
[2026-05-31T13:12:31] [DEBUG] [calypso-direct] [on_notify] [DATA_IN] AWS=6.0kt AWA=12° Batt=100% Temp=0°C
[2026-05-31T13:12:31] [DEBUG] [calypso-direct] [on_notify] [DATA_IN] AWS=6.0kt AWA=12° Batt=100% Temp=0°C
[2026-05-31T13:12:31] [DEBUG] [calypso-direct] [on_notify] [DATA_IN] AWS=5.6kt AWA=12° Batt=100% Temp=0°C
[2026-05-31T13:12:33] [DEBUG] [calypso-direct] [on_notify] [DATA_IN] AWS=5.6kt AWA=13° Batt=100% Temp=0°C
[2026-05-31T13:12:33] [DEBUG] [calypso-direct] [on_notify] [DATA_IN] AWS=5.6kt AWA=13° Batt=100% Temp=0°C
[2026-05-31T13:12:33] [DEBUG] [calypso-direct] [on_notify] [DATA_IN] AWS=5.6kt AWA=14° Batt=100% Temp=0°C
[2026-05-31T13:12:33] [DEBUG] [calypso-direct] [on_notify] [DATA_IN] AWS=5.6kt AWA=7° Batt=100% Temp=0°C
[2026-05-31T13:12:33] [DEBUG] [calypso-direct] [on_notify] [DATA_IN] AWS=5.6kt AWA=6° Batt=100% Temp=0°C
[2026-05-31T13:12:33] [DEBUG] [calypso-direct] [on_notify] [DATA_IN] AWS=5.8kt AWA=5° Batt=100% Temp=0°C
[2026-05-31T13:12:33] [DEBUG] [calypso-direct] [on_notify] [DATA_IN] AWS=5.8kt AWA=5° Batt=100% Temp=0°C
[2026-05-31T13:12:33] [DEBUG] [calypso-direct] [on_notify] [DATA_IN] AWS=5.8kt AWA=6° Batt=100% Temp=0°C
[2026-05-31T13:12:33] [DEBUG] [calypso-direct] [on_notify] [DATA_IN] AWS=5.8kt AWA=11° Batt=100% Temp=0°C
[2026-05-31T13:12:33] [DEBUG] [calypso-direct] [on_notify] [DATA_IN] AWS=5.8kt AWA=12° Batt=100% Temp=0°C
[2026-05-31T13:12:33] [DEBUG] [calypso-direct] [on_notify] [DATA_IN] AWS=5.6kt AWA=13° Batt=100% Temp=0°C
[2026-05-31T13:12:33] [DEBUG] [calypso-direct] [on_notify] [DATA_IN] AWS=5.4kt AWA=17° Batt=100% Temp=0°C
[2026-05-31T13:12:33] [DEBUG] [calypso-direct] [on_notify] [DATA_IN] AWS=5.4kt AWA=17° Batt=100% Temp=0°C
[2026-05-31T13:12:33] [DEBUG] [calypso-direct] [on_notify] [DATA_IN] AWS=5.1kt AWA=17° Batt=100% Temp=0°C
[2026-05-31T13:12:33] [DEBUG] [calypso-direct] [on_notify] [DATA_IN] AWS=5.6kt AWA=12° Batt=100% Temp=0°C
[2026-05-31T13:12:35] [DEBUG] [calypso-direct] [on_notify] [DATA_IN] AWS=5.2kt AWA=12° Batt=100% Temp=0°C
[2026-05-31T13:12:35] [DEBUG] [calypso-direct] [on_notify] [DATA_IN] AWS=5.2kt AWA=17° Batt=100% Temp=0°C
[2026-05-31T13:12:35] [DEBUG] [calypso-direct] [on_notify] [DATA_IN] AWS=5.2kt AWA=17° Batt=100% Temp=0°C
[2026-05-31T13:12:35] [DEBUG] [calypso-direct] [on_notify] [DATA_IN] AWS=5.1kt AWA=15° Batt=100% Temp=0°C
[2026-05-31T13:12:35] [DEBUG] [calypso-direct] [on_notify] [DATA_IN] AWS=5.1kt AWA=15° Batt=100% Temp=0°C
[2026-05-31T13:12:37] [DEBUG] [calypso-direct] [on_notify] [DATA_IN] AWS=4.9kt AWA=19° Batt=100% Temp=0°C
[2026-05-31T13:12:37] [DEBUG] [calypso-direct] [on_notify] [DATA_IN] AWS=4.9kt AWA=19° Batt=100% Temp=0°C
[2026-05-31T13:12:37] [DEBUG] [calypso-direct] [on_notify] [DATA_IN] AWS=5.1kt AWA=17° Batt=100% Temp=0°C
[2026-05-31T13:12:37] [DEBUG] [calypso-direct] [on_notify] [DATA_IN] AWS=5.4kt AWA=17° Batt=100% Temp=0°C
[2026-05-31T13:12:37] [DEBUG] [calypso-direct] [on_notify] [DATA_IN] AWS=5.4kt AWA=17° Batt=100% Temp=0°C
[2026-05-31T13:12:38] [DEBUG] [calypso-direct] [on_notify] [DATA_IN] AWS=5.4kt AWA=17° Batt=100% Temp=0°C
[2026-05-31T13:12:38] [DEBUG] [calypso-direct] [on_notify] [DATA_IN] AWS=5.4kt AWA=17° Batt=100% Temp=0°C
[2026-05-31T13:12:39] [DEBUG] [calypso-direct] [on_notify] [DATA_IN] AWS=5.6kt AWA=20° Batt=100% Temp=0°C
[2026-05-31T13:12:39] [DEBUG] [calypso-direct] [on_notify] [DATA_IN] AWS=5.6kt AWA=16° Batt=100% Temp=0°C
[2026-05-31T13:12:39] [DEBUG] [calypso-direct] [on_notify] [DATA_IN] AWS=5.6kt AWA=16° Batt=100% Temp=0°C
[2026-05-31T13:12:39] [DEBUG] [calypso-direct] [on_notify] [DATA_IN] AWS=5.6kt AWA=16° Batt=100% Temp=0°C
[2026-05-31T13:12:39] [DEBUG] [calypso-direct] [on_notify] [DATA_IN] AWS=5.6kt AWA=16° Batt=100% Temp=0°C
[2026-05-31T13:12:40] [DEBUG] [calypso-direct] [on_notify] [DATA_IN] AWS=5.6kt AWA=13° Batt=100% Temp=0°C
[2026-05-31T13:12:40] [DEBUG] [calypso-direct] [on_notify] [DATA_IN] AWS=5.4kt AWA=13° Batt=100% Temp=0°C
[2026-05-31T13:12:40] [DEBUG] [calypso-direct] [on_notify] [DATA_IN] AWS=5.4kt AWA=10° Batt=100% Temp=0°C
[2026-05-31T13:12:40] [DEBUG] [calypso-direct] [on_notify] [DATA_IN] AWS=5.4kt AWA=8° Batt=100% Temp=0°C
[2026-05-31T13:12:40] [DEBUG] [calypso-direct] [on_notify] [DATA_IN] AWS=5.4kt AWA=8° Batt=100% Temp=0°C
[2026-05-31T13:12:40] [DEBUG] [calypso-direct] [on_notify] [DATA_IN] AWS=5.2kt AWA=21° Batt=100% Temp=0°C
[2026-05-31T13:12:40] [DEBUG] [calypso-direct] [on_notify] [DATA_IN] AWS=5.2kt AWA=21° Batt=100% Temp=0°C
[2026-05-31T13:12:40] [DEBUG] [calypso-direct] [on_notify] [DATA_IN] AWS=5.2kt AWA=19° Batt=100% Temp=0°C
[2026-05-31T13:12:40] [DEBUG] [calypso-direct] [on_notify] [DATA_IN] AWS=5.4kt AWA=19° Batt=100% Temp=0°C
[2026-05-31T13:12:40] [DEBUG] [calypso-direct] [on_notify] [DATA_IN] AWS=5.4kt AWA=19° Batt=100% Temp=0°C
[2026-05-31T13:12:41] [DEBUG] [calypso-direct] [on_notify] [DATA_IN] AWS=5.8kt AWA=20° Batt=100% Temp=0°C
[2026-05-31T13:12:41] [DEBUG] [calypso-direct] [on_notify] [DATA_IN] AWS=6.0kt AWA=20° Batt=100% Temp=0°C
[2026-05-31T13:12:41] [DEBUG] [calypso-direct] [on_notify] [DATA_IN] AWS=6.0kt AWA=21° Batt=100% Temp=0°C
[2026-05-31T13:12:42] [DEBUG] [calypso-direct] [on_notify] [DATA_IN] AWS=6.0kt AWA=21° Batt=100% Temp=0°C
[2026-05-31T13:12:42] [DEBUG] [calypso-direct] [on_notify] [DATA_IN] AWS=6.0kt AWA=23° Batt=100% Temp=0°C
[2026-05-31T13:12:42] [DEBUG] [calypso-direct] [on_notify] [DATA_IN] AWS=6.4kt AWA=23° Batt=100% Temp=0°C
[2026-05-31T13:12:42] [DEBUG] [calypso-direct] [on_notify] [DATA_IN] AWS=6.6kt AWA=24° Batt=100% Temp=0°C
[2026-05-31T13:12:42] [DEBUG] [calypso-direct] [on_notify] [DATA_IN] AWS=6.8kt AWA=24° Batt=100% Temp=0°C
[2026-05-31T13:12:44] [DEBUG] [calypso-direct] [on_notify] [DATA_IN] AWS=6.6kt AWA=27° Batt=100% Temp=0°C
[2026-05-31T13:12:44] [DEBUG] [calypso-direct] [on_notify] [DATA_IN] AWS=6.6kt AWA=25° Batt=100% Temp=0°C
[2026-05-31T13:12:44] [DEBUG] [calypso-direct] [on_notify] [DATA_IN] AWS=7.0kt AWA=25° Batt=100% Temp=0°C
[2026-05-31T13:12:44] [DEBUG] [calypso-direct] [on_notify] [DATA_IN] AWS=7.0kt AWA=25° Batt=100% Temp=0°C
[2026-05-31T13:12:44] [DEBUG] [calypso-direct] [on_notify] [DATA_IN] AWS=7.2kt AWA=26° Batt=100% Temp=0°C
[2026-05-31T13:12:46] [DEBUG] [calypso-direct] [on_notify] [DATA_IN] AWS=7.2kt AWA=28° Batt=100% Temp=0°C
[2026-05-31T13:12:46] [DEBUG] [calypso-direct] [on_notify] [DATA_IN] AWS=7.0kt AWA=29° Batt=100% Temp=0°C
[2026-05-31T13:12:46] [DEBUG] [calypso-direct] [on_notify] [DATA_IN] AWS=7.0kt AWA=29° Batt=100% Temp=0°C
[2026-05-31T13:12:46] [DEBUG] [calypso-direct] [on_notify] [DATA_IN] AWS=6.6kt AWA=29° Batt=100% Temp=0°C
[2026-05-31T13:12:46] [DEBUG] [calypso-direct] [on_notify] [DATA_IN] AWS=6.6kt AWA=28° Batt=100% Temp=0°C
[2026-05-31T13:12:46] [DEBUG] [calypso-direct] [on_notify] [DATA_IN] AWS=6.6kt AWA=28° Batt=100% Temp=0°C
[2026-05-31T13:12:46] [DEBUG] [calypso-direct] [on_notify] [DATA_IN] AWS=6.6kt AWA=26° Batt=100% Temp=0°C
[2026-05-31T13:12:46] [DEBUG] [calypso-direct] [on_notify] [DATA_IN] AWS=6.4kt AWA=25° Batt=100% Temp=0°C
[2026-05-31T13:12:46] [DEBUG] [calypso-direct] [on_notify] [DATA_IN] AWS=6.6kt AWA=25° Batt=100% Temp=0°C
[2026-05-31T13:12:46] [DEBUG] [calypso-direct] [on_notify] [DATA_IN] AWS=6.6kt AWA=25° Batt=100% Temp=0°C
[2026-05-31T13:12:47] [DEBUG] [calypso-direct] [on_notify] [DATA_IN] AWS=6.6kt AWA=25° Batt=100% Temp=0°C
[2026-05-31T13:12:47] [DEBUG] [calypso-direct] [on_notify] [DATA_IN] AWS=6.4kt AWA=25° Batt=100% Temp=0°C
[2026-05-31T13:12:47] [DEBUG] [calypso-direct] [on_notify] [DATA_IN] AWS=5.2kt AWA=18° Batt=100% Temp=0°C
[2026-05-31T13:12:47] [DEBUG] [calypso-direct] [on_notify] [DATA_IN] AWS=5.4kt AWA=24° Batt=100% Temp=0°C
[2026-05-31T13:12:47] [DEBUG] [calypso-direct] [on_notify] [DATA_IN] AWS=5.4kt AWA=24° Batt=100% Temp=0°C
[2026-05-31T13:12:49] [DEBUG] [calypso-direct] [on_notify] [DATA_IN] AWS=5.6kt AWA=26° Batt=100% Temp=0°C
[2026-05-31T13:12:49] [DEBUG] [calypso-direct] [on_notify] [DATA_IN] AWS=5.6kt AWA=28° Batt=100% Temp=0°C
[2026-05-31T13:12:49] [DEBUG] [calypso-direct] [on_notify] [DATA_IN] AWS=7.8kt AWA=28° Batt=100% Temp=0°C
[2026-05-31T13:12:49] [DEBUG] [calypso-direct] [on_notify] [DATA_IN] AWS=7.2kt AWA=29° Batt=100% Temp=0°C
[2026-05-31T13:12:49] [DEBUG] [calypso-direct] [on_notify] [DATA_IN] AWS=7.2kt AWA=31° Batt=100% Temp=0°C
[2026-05-31T13:12:51] [DEBUG] [calypso-direct] [on_notify] [DATA_IN] AWS=7.0kt AWA=32° Batt=100% Temp=0°C
[2026-05-31T13:12:51] [DEBUG] [calypso-direct] [on_notify] [DATA_IN] AWS=7.0kt AWA=33° Batt=100% Temp=0°C
[2026-05-31T13:12:51] [DEBUG] [calypso-direct] [on_notify] [DATA_IN] AWS=6.8kt AWA=34° Batt=100% Temp=0°C
[2026-05-31T13:12:53] [DEBUG] [calypso-direct] [on_notify] [DATA_IN] AWS=7.6kt AWA=38° Batt=100% Temp=0°C
[2026-05-31T13:12:53] [DEBUG] [calypso-direct] [on_notify] [DATA_IN] AWS=7.8kt AWA=38° Batt=100% Temp=0°C
[2026-05-31T13:12:53] [DEBUG] [calypso-direct] [on_notify] [DATA_IN] AWS=7.6kt AWA=39° Batt=100% Temp=0°C
[2026-05-31T13:12:53] [DEBUG] [calypso-direct] [on_notify] [DATA_IN] AWS=7.4kt AWA=40° Batt=100% Temp=0°C
[2026-05-31T13:12:53] [DEBUG] [calypso-direct] [on_notify] [DATA_IN] AWS=7.4kt AWA=42° Batt=100% Temp=0°C
[2026-05-31T13:12:53] [DEBUG] [calypso-direct] [on_notify] [DATA_IN] AWS=7.6kt AWA=43° Batt=100% Temp=0°C
[2026-05-31T13:12:53] [DEBUG] [calypso-direct] [on_notify] [DATA_IN] AWS=7.4kt AWA=43° Batt=100% Temp=0°C
[2026-05-31T13:12:53] [DEBUG] [calypso-direct] [on_notify] [DATA_IN] AWS=7.6kt AWA=43° Batt=100% Temp=0°C
[2026-05-31T13:12:53] [DEBUG] [calypso-direct] [on_notify] [DATA_IN] AWS=7.6kt AWA=39° Batt=100% Temp=0°C
[2026-05-31T13:12:53] [DEBUG] [calypso-direct] [on_notify] [DATA_IN] AWS=7.4kt AWA=37° Batt=100% Temp=0°C
[2026-05-31T13:12:53] [DEBUG] [calypso-direct] [on_notify] [DATA_IN] AWS=7.4kt AWA=37° Batt=100% Temp=0°C
[2026-05-31T13:12:53] [DEBUG] [calypso-direct] [on_notify] [DATA_IN] AWS=7.6kt AWA=35° Batt=100% Temp=0°C
[2026-05-31T13:12:55] [DEBUG] [calypso-direct] [on_notify] [DATA_IN] AWS=7.6kt AWA=34° Batt=100% Temp=0°C
[2026-05-31T13:12:55] [DEBUG] [calypso-direct] [on_notify] [DATA_IN] AWS=7.8kt AWA=33° Batt=100% Temp=0°C
[2026-05-31T13:12:55] [DEBUG] [calypso-direct] [on_notify] [DATA_IN] AWS=8.4kt AWA=37° Batt=100% Temp=0°C
[2026-05-31T13:12:55] [DEBUG] [calypso-direct] [on_notify] [DATA_IN] AWS=8.2kt AWA=31° Batt=100% Temp=0°C
[2026-05-31T13:12:55] [DEBUG] [calypso-direct] [on_notify] [DATA_IN] AWS=8.2kt AWA=35° Batt=100% Temp=0°C
[2026-05-31T13:12:57] [DEBUG] [calypso-direct] [on_notify] [DATA_IN] AWS=8.2kt AWA=34° Batt=100% Temp=0°C
[2026-05-31T13:12:57] [DEBUG] [calypso-direct] [on_notify] [DATA_IN] AWS=8.0kt AWA=34° Batt=100% Temp=0°C
[2026-05-31T13:12:57] [DEBUG] [calypso-direct] [on_notify] [DATA_IN] AWS=6.4kt AWA=28° Batt=100% Temp=0°C
[2026-05-31T13:12:57] [DEBUG] [calypso-direct] [on_notify] [DATA_IN] AWS=6.4kt AWA=25° Batt=100% Temp=0°C
[2026-05-31T13:12:57] [DEBUG] [calypso-direct] [on_notify] [DATA_IN] AWS=6.6kt AWA=27° Batt=100% Temp=0°C
[2026-05-31T13:12:59] [DEBUG] [calypso-direct] [on_notify] [DATA_IN] AWS=8.0kt AWA=28° Batt=100% Temp=0°C
[2026-05-31T13:12:59] [DEBUG] [calypso-direct] [on_notify] [DATA_IN] AWS=7.6kt AWA=27° Batt=100% Temp=0°C
[2026-05-31T13:12:59] [DEBUG] [calypso-direct] [on_notify] [DATA_IN] AWS=7.4kt AWA=26° Batt=100% Temp=0°C
[2026-05-31T13:12:59] [DEBUG] [calypso-direct] [on_notify] [DATA_IN] AWS=7.2kt AWA=26° Batt=100% Temp=0°C
[2026-05-31T13:12:59] [DEBUG] [calypso-direct] [on_notify] [DATA_IN] AWS=7.2kt AWA=25° Batt=100% Temp=0°C
[2026-05-31T13:13:00] [DEBUG] [calypso-direct] [on_notify] [DATA_IN] AWS=7.4kt AWA=25° Batt=100% Temp=0°C
[2026-05-31T13:13:00] [DEBUG] [calypso-direct] [on_notify] [DATA_IN] AWS=7.4kt AWA=25° Batt=100% Temp=0°C
[2026-05-31T13:13:00] [DEBUG] [calypso-direct] [on_notify] [DATA_IN] AWS=7.4kt AWA=25° Batt=100% Temp=0°C
[2026-05-31T13:13:00] [DEBUG] [calypso-direct] [on_notify] [DATA_IN] AWS=7.6kt AWA=25° Batt=100% Temp=0°C
[2026-05-31T13:13:00] [DEBUG] [calypso-direct] [on_notify] [DATA_IN] AWS=7.8kt AWA=28° Batt=100% Temp=0°C
[2026-05-31T13:13:02] [DEBUG] [calypso-direct] [on_notify] [DATA_IN] AWS=7.8kt AWA=28° Batt=100% Temp=0°C
[2026-05-31T13:13:02] [DEBUG] [calypso-direct] [on_notify] [DATA_IN] AWS=7.8kt AWA=28° Batt=100% Temp=0°C
[2026-05-31T13:13:02] [DEBUG] [calypso-direct] [on_notify] [DATA_IN] AWS=8.4kt AWA=25° Batt=100% Temp=0°C
[2026-05-31T13:13:02] [DEBUG] [calypso-direct] [on_notify] [DATA_IN] AWS=8.2kt AWA=25° Batt=100% Temp=0°C
[2026-05-31T13:13:02] [DEBUG] [calypso-direct] [on_notify] [DATA_IN] AWS=8.2kt AWA=25° Batt=100% Temp=0°C
[2026-05-31T13:13:04] [DEBUG] [calypso-direct] [on_notify] [DATA_IN] AWS=8.2kt AWA=26° Batt=100% Temp=0°C
[2026-05-31T13:13:04] [DEBUG] [calypso-direct] [on_notify] [DATA_IN] AWS=8.2kt AWA=26° Batt=100% Temp=0°C
[2026-05-31T13:13:04] [DEBUG] [calypso-direct] [on_notify] [DATA_IN] AWS=7.6kt AWA=33° Batt=100% Temp=0°C
[2026-05-31T13:13:04] [DEBUG] [calypso-direct] [on_notify] [DATA_IN] AWS=7.8kt AWA=33° Batt=100% Temp=0°C
[2026-05-31T13:13:04] [DEBUG] [calypso-direct] [on_notify] [DATA_IN] AWS=7.8kt AWA=31° Batt=100% Temp=0°C
[2026-05-31T13:13:04] [DEBUG] [calypso-direct] [on_notify] [DATA_IN] AWS=7.8kt AWA=31° Batt=100% Temp=0°C
[2026-05-31T13:13:04] [DEBUG] [calypso-direct] [on_notify] [DATA_IN] AWS=7.8kt AWA=31° Batt=100% Temp=0°C
[2026-05-31T13:13:04] [DEBUG] [calypso-direct] [on_notify] [DATA_IN] AWS=7.2kt AWA=31° Batt=100% Temp=0°C
[2026-05-31T13:13:04] [DEBUG] [calypso-direct] [on_notify] [DATA_IN] AWS=7.2kt AWA=33° Batt=100% Temp=0°C
[2026-05-31T13:13:04] [DEBUG] [calypso-direct] [on_notify] [DATA_IN] AWS=7.0kt AWA=33° Batt=100% Temp=0°C
[2026-05-31T13:13:06] [DEBUG] [calypso-direct] [on_notify] [DATA_IN] AWS=7.0kt AWA=32° Batt=100% Temp=0°C
[2026-05-31T13:13:06] [DEBUG] [calypso-direct] [on_notify] [DATA_IN] AWS=7.0kt AWA=32° Batt=100% Temp=0°C
[2026-05-31T13:13:06] [DEBUG] [calypso-direct] [on_notify] [DATA_IN] AWS=7.4kt AWA=32° Batt=100% Temp=0°C
[2026-05-31T13:13:06] [DEBUG] [calypso-direct] [on_notify] [DATA_IN] AWS=7.4kt AWA=31° Batt=100% Temp=0°C
[2026-05-31T13:13:06] [DEBUG] [calypso-direct] [on_notify] [DATA_IN] AWS=7.4kt AWA=31° Batt=100% Temp=0°C
[2026-05-31T13:13:06] [DEBUG] [calypso-direct] [on_notify] [DATA_IN] AWS=7.4kt AWA=31° Batt=100% Temp=0°C
[2026-05-31T13:13:06] [DEBUG] [calypso-direct] [on_notify] [DATA_IN] AWS=7.4kt AWA=31° Batt=100% Temp=0°C
[2026-05-31T13:13:06] [DEBUG] [calypso-direct] [on_notify] [DATA_IN] AWS=7.0kt AWA=29° Batt=100% Temp=0°C
[2026-05-31T13:13:06] [DEBUG] [calypso-direct] [on_notify] [DATA_IN] AWS=7.0kt AWA=29° Batt=100% Temp=0°C
[2026-05-31T13:13:06] [DEBUG] [calypso-direct] [on_notify] [DATA_IN] AWS=7.0kt AWA=31° Batt=100% Temp=0°C
[2026-05-31T13:13:06] [DEBUG] [calypso-direct] [on_notify] [DATA_IN] AWS=7.0kt AWA=31° Batt=100% Temp=0°C
[2026-05-31T13:13:06] [DEBUG] [calypso-direct] [on_notify] [DATA_IN] AWS=7.0kt AWA=28° Batt=100% Temp=0°C
[2026-05-31T13:13:06] [DEBUG] [calypso-direct] [on_notify] [DATA_IN] AWS=7.2kt AWA=30° Batt=100% Temp=0°C
[2026-05-31T13:13:06] [DEBUG] [calypso-direct] [on_notify] [DATA_IN] AWS=8.2kt AWA=28° Batt=100% Temp=0°C
[2026-05-31T13:13:06] [DEBUG] [calypso-direct] [on_notify] [DATA_IN] AWS=8.2kt AWA=30° Batt=100% Temp=0°C
[2026-05-31T13:13:07] [DEBUG] [calypso-direct] [on_notify] [DATA_IN] AWS=8.2kt AWA=31° Batt=100% Temp=0°C
[2026-05-31T13:13:07] [DEBUG] [calypso-direct] [on_notify] [DATA_IN] AWS=7.6kt AWA=31° Batt=100% Temp=0°C
[2026-05-31T13:13:07] [DEBUG] [calypso-direct] [on_notify] [DATA_IN] AWS=7.4kt AWA=31° Batt=100% Temp=0°C
[2026-05-31T13:13:07] [DEBUG] [calypso-direct] [on_notify] [DATA_IN] AWS=7.4kt AWA=31° Batt=100% Temp=0°C
[2026-05-31T13:13:07] [DEBUG] [calypso-direct] [on_notify] [DATA_IN] AWS=7.2kt AWA=31° Batt=100% Temp=0°C
[2026-05-31T13:13:08] [DEBUG] [calypso-direct] [on_notify] [DATA_IN] AWS=7.4kt AWA=30° Batt=100% Temp=0°C
[2026-05-31T13:13:08] [DEBUG] [calypso-direct] [on_notify] [DATA_IN] AWS=7.2kt AWA=29° Batt=100% Temp=0°C
[2026-05-31T13:13:09] [DEBUG] [calypso-direct] [on_notify] [DATA_IN] AWS=7.4kt AWA=26° Batt=100% Temp=0°C
[2026-05-31T13:13:09] [DEBUG] [calypso-direct] [on_notify] [DATA_IN] AWS=7.4kt AWA=25° Batt=100% Temp=0°C
[2026-05-31T13:13:09] [DEBUG] [calypso-direct] [on_notify] [DATA_IN] AWS=7.8kt AWA=26° Batt=100% Temp=0°C
[2026-05-31T13:13:09] [DEBUG] [calypso-direct] [on_notify] [DATA_IN] AWS=7.8kt AWA=26° Batt=100% Temp=0°C
[2026-05-31T13:13:09] [DEBUG] [calypso-direct] [on_notify] [DATA_IN] AWS=7.8kt AWA=26° Batt=100% Temp=0°C
[2026-05-31T13:13:10] [DEBUG] [calypso-direct] [on_notify] [DATA_IN] AWS=7.8kt AWA=28° Batt=100% Temp=0°C
[2026-05-31T13:13:10] [DEBUG] [calypso-direct] [on_notify] [DATA_IN] AWS=7.8kt AWA=29° Batt=100% Temp=0°C
[2026-05-31T13:13:10] [DEBUG] [calypso-direct] [on_notify] [DATA_IN] AWS=7.8kt AWA=29° Batt=100% Temp=0°C
[2026-05-31T13:13:10] [DEBUG] [calypso-direct] [on_notify] [DATA_IN] AWS=7.8kt AWA=30° Batt=100% Temp=0°C
[2026-05-31T13:13:10] [DEBUG] [calypso-direct] [on_notify] [DATA_IN] AWS=7.6kt AWA=30° Batt=100% Temp=0°C
[2026-05-31T13:13:11] [DEBUG] [calypso-direct] [on_notify] [DATA_IN] AWS=7.6kt AWA=30° Batt=100% Temp=0°C
[2026-05-31T13:13:11] [DEBUG] [calypso-direct] [on_notify] [DATA_IN] AWS=7.8kt AWA=31° Batt=100% Temp=0°C
[2026-05-31T13:13:11] [DEBUG] [calypso-direct] [on_notify] [DATA_IN] AWS=7.8kt AWA=31° Batt=100% Temp=0°C
[2026-05-31T13:13:11] [DEBUG] [calypso-direct] [on_notify] [DATA_IN] AWS=7.8kt AWA=30° Batt=100% Temp=0°C
[2026-05-31T13:13:11] [DEBUG] [calypso-direct] [on_notify] [DATA_IN] AWS=8.0kt AWA=31° Batt=100% Temp=0°C
[2026-05-31T13:13:12] [DEBUG] [calypso-direct] [on_notify] [DATA_IN] AWS=7.8kt AWA=29° Batt=100% Temp=0°C
[2026-05-31T13:13:12] [DEBUG] [calypso-direct] [on_notify] [DATA_IN] AWS=7.8kt AWA=29° Batt=100% Temp=0°C
[2026-05-31T13:13:12] [DEBUG] [calypso-direct] [on_notify] [DATA_IN] AWS=7.6kt AWA=28° Batt=100% Temp=0°C
[2026-05-31T13:13:12] [DEBUG] [calypso-direct] [on_notify] [DATA_IN] AWS=7.4kt AWA=28° Batt=100% Temp=0°C
[2026-05-31T13:13:12] [DEBUG] [calypso-direct] [on_notify] [DATA_IN] AWS=7.4kt AWA=28° Batt=100% Temp=0°C
[2026-05-31T13:13:13] [DEBUG] [calypso-direct] [on_notify] [DATA_IN] AWS=7.2kt AWA=26° Batt=100% Temp=0°C
[2026-05-31T13:13:13] [DEBUG] [calypso-direct] [on_notify] [DATA_IN] AWS=7.2kt AWA=25° Batt=100% Temp=0°C
[2026-05-31T13:13:13] [DEBUG] [calypso-direct] [on_notify] [DATA_IN] AWS=7.2kt AWA=25° Batt=100% Temp=0°C
[2026-05-31T13:13:13] [DEBUG] [calypso-direct] [on_notify] [DATA_IN] AWS=7.2kt AWA=24° Batt=100% Temp=0°C
[2026-05-31T13:13:13] [DEBUG] [calypso-direct] [on_notify] [DATA_IN] AWS=7.2kt AWA=25° Batt=100% Temp=0°C
[2026-05-31T13:13:13] [DEBUG] [calypso-direct] [on_notify] [DATA_IN] AWS=7.0kt AWA=25° Batt=100% Temp=0°C
[2026-05-31T13:13:13] [DEBUG] [calypso-direct] [on_notify] [DATA_IN] AWS=7.0kt AWA=25° Batt=100% Temp=0°C
[2026-05-31T13:13:13] [DEBUG] [calypso-direct] [on_notify] [DATA_IN] AWS=7.6kt AWA=27° Batt=100% Temp=0°C
[2026-05-31T13:13:13] [DEBUG] [calypso-direct] [on_notify] [DATA_IN] AWS=7.6kt AWA=27° Batt=100% Temp=0°C
[2026-05-31T13:13:13] [DEBUG] [calypso-direct] [on_notify] [DATA_IN] AWS=7.6kt AWA=27° Batt=100% Temp=0°C
[2026-05-31T13:13:13] [DEBUG] [calypso-direct] [on_notify] [DATA_IN] AWS=7.4kt AWA=27° Batt=100% Temp=0°C
[2026-05-31T13:13:13] [DEBUG] [calypso-direct] [on_notify] [DATA_IN] AWS=7.2kt AWA=27° Batt=100% Temp=0°C
[2026-05-31T13:13:13] [DEBUG] [calypso-direct] [on_notify] [DATA_IN] AWS=7.2kt AWA=27° Batt=100% Temp=0°C
[2026-05-31T13:13:13] [DEBUG] [calypso-direct] [on_notify] [DATA_IN] AWS=7.2kt AWA=27° Batt=100% Temp=0°C
[2026-05-31T13:13:13] [DEBUG] [calypso-direct] [on_notify] [DATA_IN] AWS=7.2kt AWA=27° Batt=100% Temp=0°C
[2026-05-31T13:13:15] [DEBUG] [calypso-direct] [on_notify] [DATA_IN] AWS=7.6kt AWA=27° Batt=100% Temp=0°C
[2026-05-31T13:13:15] [DEBUG] [calypso-direct] [on_notify] [DATA_IN] AWS=7.6kt AWA=26° Batt=100% Temp=0°C
[2026-05-31T13:13:15] [DEBUG] [calypso-direct] [on_notify] [DATA_IN] AWS=6.8kt AWA=25° Batt=100% Temp=0°C
[2026-05-31T13:13:15] [DEBUG] [calypso-direct] [on_notify] [DATA_IN] AWS=6.8kt AWA=25° Batt=100% Temp=0°C
[2026-05-31T13:13:15] [DEBUG] [calypso-direct] [on_notify] [DATA_IN] AWS=7.0kt AWA=25° Batt=100% Temp=0°C
[2026-05-31T13:13:15] [DEBUG] [calypso-direct] [on_notify] [DATA_IN] AWS=7.2kt AWA=25° Batt=100% Temp=0°C
[2026-05-31T13:13:15] [DEBUG] [calypso-direct] [on_notify] [DATA_IN] AWS=7.4kt AWA=25° Batt=100% Temp=0°C
[2026-05-31T13:13:15] [DEBUG] [calypso-direct] [on_notify] [DATA_IN] AWS=7.6kt AWA=25° Batt=100% Temp=0°C
[2026-05-31T13:13:15] [DEBUG] [calypso-direct] [on_notify] [DATA_IN] AWS=7.8kt AWA=26° Batt=100% Temp=0°C
[2026-05-31T13:13:15] [DEBUG] [calypso-direct] [on_notify] [DATA_IN] AWS=7.8kt AWA=26° Batt=100% Temp=0°C
[2026-05-31T13:13:17] [DEBUG] [calypso-direct] [on_notify] [DATA_IN] AWS=7.8kt AWA=26° Batt=100% Temp=0°C
[2026-05-31T13:13:17] [DEBUG] [calypso-direct] [on_notify] [DATA_IN] AWS=7.8kt AWA=27° Batt=100% Temp=0°C
[2026-05-31T13:13:17] [DEBUG] [calypso-direct] [on_notify] [DATA_IN] AWS=7.8kt AWA=27° Batt=100% Temp=0°C
[2026-05-31T13:13:17] [DEBUG] [calypso-direct] [on_notify] [DATA_IN] AWS=7.4kt AWA=27° Batt=100% Temp=0°C
[2026-05-31T13:13:17] [DEBUG] [calypso-direct] [on_notify] [DATA_IN] AWS=7.2kt AWA=26° Batt=100% Temp=0°C
[2026-05-31T13:13:17] [DEBUG] [calypso-direct] [on_notify] [DATA_IN] AWS=7.0kt AWA=26° Batt=100% Temp=0°C
[2026-05-31T13:13:19] [DEBUG] [calypso-direct] [on_notify] [DATA_IN] AWS=7.0kt AWA=25° Batt=100% Temp=0°C
[2026-05-31T13:13:19] [DEBUG] [calypso-direct] [on_notify] [DATA_IN] AWS=7.0kt AWA=25° Batt=100% Temp=0°C
[2026-05-31T13:13:19] [DEBUG] [calypso-direct] [on_notify] [DATA_IN] AWS=7.0kt AWA=26° Batt=100% Temp=0°C
[2026-05-31T13:13:19] [DEBUG] [calypso-direct] [on_notify] [DATA_IN] AWS=7.0kt AWA=26° Batt=100% Temp=0°C
[2026-05-31T13:13:19] [DEBUG] [calypso-direct] [on_notify] [DATA_IN] AWS=7.0kt AWA=26° Batt=100% Temp=0°C
[2026-05-31T13:13:19] [DEBUG] [calypso-direct] [on_notify] [DATA_IN] AWS=6.6kt AWA=26° Batt=100% Temp=0°C
[2026-05-31T13:13:19] [DEBUG] [calypso-direct] [on_notify] [DATA_IN] AWS=6.6kt AWA=25° Batt=100% Temp=0°C
[2026-05-31T13:13:19] [DEBUG] [calypso-direct] [on_notify] [DATA_IN] AWS=6.6kt AWA=24° Batt=100% Temp=0°C
[2026-05-31T13:13:19] [DEBUG] [calypso-direct] [on_notify] [DATA_IN] AWS=6.8kt AWA=24° Batt=100% Temp=0°C
[2026-05-31T13:13:19] [DEBUG] [calypso-direct] [on_notify] [DATA_IN] AWS=7.0kt AWA=22° Batt=100% Temp=0°C
[2026-05-31T13:13:20] [DEBUG] [calypso-direct] [on_notify] [DATA_IN] AWS=7.0kt AWA=22° Batt=100% Temp=0°C
[2026-05-31T13:13:20] [DEBUG] [calypso-direct] [on_notify] [DATA_IN] AWS=6.8kt AWA=22° Batt=100% Temp=0°C
[2026-05-31T13:13:20] [DEBUG] [calypso-direct] [on_notify] [DATA_IN] AWS=6.8kt AWA=24° Batt=100% Temp=0°C
[2026-05-31T13:13:20] [DEBUG] [calypso-direct] [on_notify] [DATA_IN] AWS=6.4kt AWA=24° Batt=100% Temp=0°C
[2026-05-31T13:13:20] [DEBUG] [calypso-direct] [on_notify] [DATA_IN] AWS=6.4kt AWA=24° Batt=100% Temp=0°C
[2026-05-31T13:13:20] [DEBUG] [calypso-direct] [on_notify] [DATA_IN] AWS=6.4kt AWA=24° Batt=100% Temp=0°C
[2026-05-31T13:13:20] [DEBUG] [calypso-direct] [on_notify] [DATA_IN] AWS=7.0kt AWA=31° Batt=100% Temp=0°C
[2026-05-31T13:13:22] [DEBUG] [calypso-direct] [on_notify] [DATA_IN] AWS=7.2kt AWA=31° Batt=100% Temp=0°C
[2026-05-31T13:13:22] [DEBUG] [calypso-direct] [on_notify] [DATA_IN] AWS=7.2kt AWA=30° Batt=100% Temp=0°C
[2026-05-31T13:13:22] [DEBUG] [calypso-direct] [on_notify] [DATA_IN] AWS=7.0kt AWA=29° Batt=100% Temp=0°C
[2026-05-31T13:13:22] [DEBUG] [calypso-direct] [on_notify] [DATA_IN] AWS=7.0kt AWA=29° Batt=100% Temp=0°C
[2026-05-31T13:13:22] [DEBUG] [calypso-direct] [on_notify] [DATA_IN] AWS=6.8kt AWA=29° Batt=100% Temp=0°C
[2026-05-31T13:13:22] [DEBUG] [calypso-direct] [on_notify] [DATA_IN] AWS=6.6kt AWA=26° Batt=100% Temp=0°C
[2026-05-31T13:13:22] [DEBUG] [calypso-direct] [on_notify] [DATA_IN] AWS=6.6kt AWA=26° Batt=100% Temp=0°C
[2026-05-31T13:13:22] [DEBUG] [calypso-direct] [on_notify] [DATA_IN] AWS=6.8kt AWA=26° Batt=100% Temp=0°C
[2026-05-31T13:13:22] [DEBUG] [calypso-direct] [on_notify] [DATA_IN] AWS=7.0kt AWA=26° Batt=100% Temp=0°C
[2026-05-31T13:13:22] [DEBUG] [calypso-direct] [on_notify] [DATA_IN] AWS=7.0kt AWA=26° Batt=100% Temp=0°C
[2026-05-31T13:13:24] [DEBUG] [calypso-direct] [on_notify] [DATA_IN] AWS=7.0kt AWA=25° Batt=100% Temp=0°C
[2026-05-31T13:13:24] [DEBUG] [calypso-direct] [on_notify] [DATA_IN] AWS=6.8kt AWA=25° Batt=100% Temp=0°C
[2026-05-31T13:13:24] [DEBUG] [calypso-direct] [on_notify] [DATA_IN] AWS=6.6kt AWA=24° Batt=100% Temp=0°C
[2026-05-31T13:13:24] [DEBUG] [calypso-direct] [on_notify] [DATA_IN] AWS=6.4kt AWA=25° Batt=100% Temp=0°C
[2026-05-31T13:13:24] [DEBUG] [calypso-direct] [on_notify] [DATA_IN] AWS=6.4kt AWA=25° Batt=100% Temp=0°C
[2026-05-31T13:13:24] [DEBUG] [calypso-direct] [on_notify] [DATA_IN] AWS=6.4kt AWA=25° Batt=100% Temp=0°C
[2026-05-31T13:13:24] [DEBUG] [calypso-direct] [on_notify] [DATA_IN] AWS=6.4kt AWA=25° Batt=100% Temp=0°C
[2026-05-31T13:13:24] [DEBUG] [calypso-direct] [on_notify] [DATA_IN] AWS=6.4kt AWA=25° Batt=100% Temp=0°C
[2026-05-31T13:13:24] [DEBUG] [calypso-direct] [on_notify] [DATA_IN] AWS=6.4kt AWA=25° Batt=100% Temp=0°C
[2026-05-31T13:13:24] [DEBUG] [calypso-direct] [on_notify] [DATA_IN] AWS=6.4kt AWA=25° Batt=100% Temp=0°C
[2026-05-31T13:13:26] [DEBUG] [calypso-direct] [on_notify] [DATA_IN] AWS=6.6kt AWA=26° Batt=100% Temp=0°C
[2026-05-31T13:13:26] [DEBUG] [calypso-direct] [on_notify] [DATA_IN] AWS=6.6kt AWA=25° Batt=100% Temp=0°C
[2026-05-31T13:13:26] [DEBUG] [calypso-direct] [on_notify] [DATA_IN] AWS=6.8kt AWA=23° Batt=100% Temp=0°C
[2026-05-31T13:13:26] [DEBUG] [calypso-direct] [on_notify] [DATA_IN] AWS=6.6kt AWA=24° Batt=100% Temp=0°C
[2026-05-31T13:13:26] [DEBUG] [calypso-direct] [on_notify] [DATA_IN] AWS=6.6kt AWA=24° Batt=100% Temp=0°C
[2026-05-31T13:13:26] [DEBUG] [calypso-direct] [on_notify] [DATA_IN] AWS=6.6kt AWA=24° Batt=100% Temp=0°C
[2026-05-31T13:13:26] [DEBUG] [calypso-direct] [on_notify] [DATA_IN] AWS=6.4kt AWA=24° Batt=100% Temp=0°C
[2026-05-31T13:13:26] [DEBUG] [calypso-direct] [on_notify] [DATA_IN] AWS=6.2kt AWA=24° Batt=100% Temp=0°C
[2026-05-31T13:13:26] [DEBUG] [calypso-direct] [on_notify] [DATA_IN] AWS=6.2kt AWA=23° Batt=100% Temp=0°C
[2026-05-31T13:13:26] [DEBUG] [calypso-direct] [on_notify] [DATA_IN] AWS=6.2kt AWA=22° Batt=100% Temp=0°C
[2026-05-31T13:13:26] [DEBUG] [calypso-direct] [on_notify] [DATA_IN] AWS=6.2kt AWA=22° Batt=100% Temp=0°C
[2026-05-31T13:13:26] [DEBUG] [calypso-direct] [on_notify] [DATA_IN] AWS=6.2kt AWA=22° Batt=100% Temp=0°C
[2026-05-31T13:13:26] [DEBUG] [calypso-direct] [on_notify] [DATA_IN] AWS=6.4kt AWA=25° Batt=100% Temp=0°C
[2026-05-31T13:13:26] [DEBUG] [calypso-direct] [on_notify] [DATA_IN] AWS=6.6kt AWA=25° Batt=100% Temp=0°C
[2026-05-31T13:13:26] [DEBUG] [calypso-direct] [on_notify] [DATA_IN] AWS=6.6kt AWA=24° Batt=100% Temp=0°C
[2026-05-31T13:13:27] [DEBUG] [calypso-direct] [on_notify] [DATA_IN] AWS=6.2kt AWA=25° Batt=100% Temp=0°C
[2026-05-31T13:13:27] [DEBUG] [calypso-direct] [on_notify] [DATA_IN] AWS=6.2kt AWA=25° Batt=100% Temp=0°C
[2026-05-31T13:13:27] [DEBUG] [calypso-direct] [on_notify] [DATA_IN] AWS=6.2kt AWA=28° Batt=100% Temp=0°C
[2026-05-31T13:13:27] [DEBUG] [calypso-direct] [on_notify] [DATA_IN] AWS=6.0kt AWA=31° Batt=100% Temp=0°C
[2026-05-31T13:13:27] [DEBUG] [calypso-direct] [on_notify] [DATA_IN] AWS=6.0kt AWA=31° Batt=100% Temp=0°C
[2026-05-31T13:13:28] [DEBUG] [calypso-direct] [on_notify] [DATA_IN] AWS=5.6kt AWA=31° Batt=100% Temp=0°C
[2026-05-31T13:13:29] [DEBUG] [calypso-direct] [on_notify] [DATA_IN] AWS=5.6kt AWA=31° Batt=100% Temp=0°C
[2026-05-31T13:13:29] [DEBUG] [calypso-direct] [on_notify] [DATA_IN] AWS=5.6kt AWA=28° Batt=100% Temp=0°C
[2026-05-31T13:13:29] [DEBUG] [calypso-direct] [on_notify] [DATA_IN] AWS=6.4kt AWA=28° Batt=100% Temp=0°C
[2026-05-31T13:13:30] [DEBUG] [calypso-direct] [on_notify] [DATA_IN] AWS=6.2kt AWA=28° Batt=100% Temp=0°C
[2026-05-31T13:13:30] [DEBUG] [calypso-direct] [on_notify] [DATA_IN] AWS=5.8kt AWA=28° Batt=100% Temp=0°C
[2026-05-31T13:13:30] [DEBUG] [calypso-direct] [on_notify] [DATA_IN] AWS=5.4kt AWA=28° Batt=100% Temp=0°C
[2026-05-31T13:13:30] [DEBUG] [calypso-direct] [on_notify] [DATA_IN] AWS=5.4kt AWA=28° Batt=100% Temp=0°C
[2026-05-31T13:13:30] [DEBUG] [calypso-direct] [on_notify] [DATA_IN] AWS=5.1kt AWA=25° Batt=100% Temp=0°C
[2026-05-31T13:13:31] [DEBUG] [calypso-direct] [on_notify] [DATA_IN] AWS=5.1kt AWA=23° Batt=100% Temp=0°C
[2026-05-31T13:13:31] [DEBUG] [calypso-direct] [on_notify] [DATA_IN] AWS=5.1kt AWA=23° Batt=100% Temp=0°C
[2026-05-31T13:13:31] [DEBUG] [calypso-direct] [on_notify] [DATA_IN] AWS=5.1kt AWA=24° Batt=100% Temp=0°C
[2026-05-31T13:13:31] [DEBUG] [calypso-direct] [on_notify] [DATA_IN] AWS=5.1kt AWA=23° Batt=100% Temp=0°C
[2026-05-31T13:13:31] [DEBUG] [calypso-direct] [on_notify] [DATA_IN] AWS=5.2kt AWA=24° Batt=100% Temp=0°C
[2026-05-31T13:13:32] [DEBUG] [calypso-direct] [on_notify] [DATA_IN] AWS=5.2kt AWA=24° Batt=100% Temp=0°C
[2026-05-31T13:13:32] [DEBUG] [calypso-direct] [on_notify] [DATA_IN] AWS=5.2kt AWA=27° Batt=100% Temp=0°C
[2026-05-31T13:13:32] [DEBUG] [calypso-direct] [on_notify] [DATA_IN] AWS=5.6kt AWA=23° Batt=100% Temp=0°C
[2026-05-31T13:13:32] [DEBUG] [calypso-direct] [on_notify] [DATA_IN] AWS=5.6kt AWA=23° Batt=100% Temp=0°C
[2026-05-31T13:13:32] [DEBUG] [calypso-direct] [on_notify] [DATA_IN] AWS=6.0kt AWA=23° Batt=100% Temp=0°C
[2026-05-31T13:13:33] [DEBUG] [calypso-direct] [on_notify] [DATA_IN] AWS=6.0kt AWA=23° Batt=100% Temp=0°C
[2026-05-31T13:13:33] [DEBUG] [calypso-direct] [on_notify] [DATA_IN] AWS=6.0kt AWA=23° Batt=100% Temp=0°C
[2026-05-31T13:13:33] [DEBUG] [calypso-direct] [on_notify] [DATA_IN] AWS=6.0kt AWA=22° Batt=100% Temp=0°C
[2026-05-31T13:13:33] [DEBUG] [calypso-direct] [on_notify] [DATA_IN] AWS=5.4kt AWA=22° Batt=100% Temp=0°C
[2026-05-31T13:13:33] [DEBUG] [calypso-direct] [on_notify] [DATA_IN] AWS=5.2kt AWA=27° Batt=100% Temp=0°C
[2026-05-31T13:13:33] [DEBUG] [calypso-direct] [on_notify] [DATA_IN] AWS=5.2kt AWA=27° Batt=100% Temp=0°C
[2026-05-31T13:13:33] [DEBUG] [calypso-direct] [on_notify] [DATA_IN] AWS=5.2kt AWA=26° Batt=100% Temp=0°C
[2026-05-31T13:13:33] [DEBUG] [calypso-direct] [on_notify] [DATA_IN] AWS=6.0kt AWA=21° Batt=100% Temp=0°C
[2026-05-31T13:13:33] [DEBUG] [calypso-direct] [on_notify] [DATA_IN] AWS=6.0kt AWA=19° Batt=100% Temp=0°C
[2026-05-31T13:13:33] [DEBUG] [calypso-direct] [on_notify] [DATA_IN] AWS=6.0kt AWA=22° Batt=100% Temp=0°C
[2026-05-31T13:13:33] [DEBUG] [calypso-direct] [on_notify] [DATA_IN] AWS=5.8kt AWA=22° Batt=100% Temp=0°C
[2026-05-31T13:13:35] [DEBUG] [calypso-direct] [on_notify] [DATA_IN] AWS=5.8kt AWA=25° Batt=100% Temp=0°C
[2026-05-31T13:13:35] [DEBUG] [calypso-direct] [on_notify] [DATA_IN] AWS=5.6kt AWA=26° Batt=100% Temp=0°C
[2026-05-31T13:13:35] [DEBUG] [calypso-direct] [on_notify] [DATA_IN] AWS=5.6kt AWA=26° Batt=100% Temp=0°C
[2026-05-31T13:13:35] [DEBUG] [calypso-direct] [on_notify] [DATA_IN] AWS=5.8kt AWA=26° Batt=100% Temp=0°C
[2026-05-31T13:13:35] [DEBUG] [calypso-direct] [on_notify] [DATA_IN] AWS=5.8kt AWA=27° Batt=100% Temp=0°C
[2026-05-31T13:13:35] [DEBUG] [calypso-direct] [on_notify] [DATA_IN] AWS=5.8kt AWA=27° Batt=100% Temp=0°C
[2026-05-31T13:13:35] [DEBUG] [calypso-direct] [on_notify] [DATA_IN] AWS=5.8kt AWA=27° Batt=100% Temp=0°C
[2026-05-31T13:13:35] [DEBUG] [calypso-direct] [on_notify] [DATA_IN] AWS=5.1kt AWA=25° Batt=100% Temp=0°C
[2026-05-31T13:13:35] [DEBUG] [calypso-direct] [on_notify] [DATA_IN] AWS=5.1kt AWA=21° Batt=100% Temp=0°C
[2026-05-31T13:13:35] [DEBUG] [calypso-direct] [on_notify] [DATA_IN] AWS=5.1kt AWA=25° Batt=100% Temp=0°C
[2026-05-31T13:13:37] [DEBUG] [calypso-direct] [on_notify] [DATA_IN] AWS=5.1kt AWA=25° Batt=100% Temp=0°C
[2026-05-31T13:13:37] [INFO] [calypso-direct] [on_notify] [HEARTBEAT] packets=744 last_data=0s ago l1_fails=0
[2026-05-31T13:13:37] [DEBUG] [calypso-direct] [on_notify] [DATA_IN] AWS=5.1kt AWA=27° Batt=100% Temp=0°C
[2026-05-31T13:13:37] [DEBUG] [calypso-direct] [on_notify] [DATA_IN] AWS=5.1kt AWA=27° Batt=100% Temp=0°C
[2026-05-31T13:13:37] [DEBUG] [calypso-direct] [on_notify] [DATA_IN] AWS=5.1kt AWA=31° Batt=100% Temp=0°C
[2026-05-31T13:13:37] [DEBUG] [calypso-direct] [on_notify] [DATA_IN] AWS=5.1kt AWA=27° Batt=100% Temp=0°C
[2026-05-31T13:13:39] [DEBUG] [calypso-direct] [on_notify] [DATA_IN] AWS=5.1kt AWA=25° Batt=100% Temp=0°C
[2026-05-31T13:13:39] [DEBUG] [calypso-direct] [on_notify] [DATA_IN] AWS=5.2kt AWA=25° Batt=100% Temp=0°C
[2026-05-31T13:13:39] [DEBUG] [calypso-direct] [on_notify] [DATA_IN] AWS=5.6kt AWA=25° Batt=100% Temp=0°C
[2026-05-31T13:13:39] [DEBUG] [calypso-direct] [on_notify] [DATA_IN] AWS=5.6kt AWA=25° Batt=100% Temp=0°C
[2026-05-31T13:13:39] [DEBUG] [calypso-direct] [on_notify] [DATA_IN] AWS=5.8kt AWA=24° Batt=100% Temp=0°C
[2026-05-31T13:13:39] [DEBUG] [calypso-direct] [on_notify] [DATA_IN] AWS=5.8kt AWA=25° Batt=100% Temp=0°C
[2026-05-31T13:13:39] [DEBUG] [calypso-direct] [on_notify] [DATA_IN] AWS=5.8kt AWA=25° Batt=100% Temp=0°C
[2026-05-31T13:13:39] [DEBUG] [calypso-direct] [on_notify] [DATA_IN] AWS=5.4kt AWA=26° Batt=100% Temp=0°C
[2026-05-31T13:13:39] [DEBUG] [calypso-direct] [on_notify] [DATA_IN] AWS=5.6kt AWA=19° Batt=100% Temp=0°C
[2026-05-31T13:13:39] [DEBUG] [calypso-direct] [on_notify] [DATA_IN] AWS=5.6kt AWA=18° Batt=100% Temp=0°C
[2026-05-31T13:13:40] [DEBUG] [calypso-direct] [on_notify] [DATA_IN] AWS=5.6kt AWA=18° Batt=100% Temp=0°C
[2026-05-31T13:13:40] [DEBUG] [calypso-direct] [on_notify] [DATA_IN] AWS=5.6kt AWA=17° Batt=100% Temp=0°C
[2026-05-31T13:13:40] [DEBUG] [calypso-direct] [on_notify] [DATA_IN] AWS=5.8kt AWA=17° Batt=100% Temp=0°C
[2026-05-31T13:13:40] [DEBUG] [calypso-direct] [on_notify] [DATA_IN] AWS=5.6kt AWA=17° Batt=100% Temp=0°C
[2026-05-31T13:13:40] [DEBUG] [calypso-direct] [on_notify] [DATA_IN] AWS=5.6kt AWA=17° Batt=100% Temp=0°C
[2026-05-31T13:13:42] [DEBUG] [calypso-direct] [on_notify] [DATA_IN] AWS=5.1kt AWA=17° Batt=100% Temp=0°C
[2026-05-31T13:13:42] [DEBUG] [calypso-direct] [on_notify] [DATA_IN] AWS=5.1kt AWA=15° Batt=100% Temp=0°C
[2026-05-31T13:13:42] [DEBUG] [calypso-direct] [on_notify] [DATA_IN] AWS=5.1kt AWA=15° Batt=100% Temp=0°C
[2026-05-31T13:13:42] [DEBUG] [calypso-direct] [on_notify] [DATA_IN] AWS=5.8kt AWA=19° Batt=100% Temp=0°C
[2026-05-31T13:13:42] [DEBUG] [calypso-direct] [on_notify] [DATA_IN] AWS=5.8kt AWA=18° Batt=100% Temp=0°C
[2026-05-31T13:13:42] [DEBUG] [calypso-direct] [on_notify] [DATA_IN] AWS=5.8kt AWA=18° Batt=100% Temp=0°C
[2026-05-31T13:13:42] [DEBUG] [calypso-direct] [on_notify] [DATA_IN] AWS=5.8kt AWA=18° Batt=100% Temp=0°C
[2026-05-31T13:13:42] [DEBUG] [calypso-direct] [on_notify] [DATA_IN] AWS=5.2kt AWA=7° Batt=100% Temp=0°C
[2026-05-31T13:13:42] [DEBUG] [calypso-direct] [on_notify] [DATA_IN] AWS=5.2kt AWA=7° Batt=100% Temp=0°C
[2026-05-31T13:13:44] [DEBUG] [calypso-direct] [on_notify] [DATA_IN] AWS=5.8kt AWA=8° Batt=100% Temp=0°C
[2026-05-31T13:13:44] [DEBUG] [calypso-direct] [on_notify] [DATA_IN] AWS=5.8kt AWA=15° Batt=100% Temp=0°C
[2026-05-31T13:13:44] [DEBUG] [calypso-direct] [on_notify] [DATA_IN] AWS=5.8kt AWA=15° Batt=100% Temp=0°C
[2026-05-31T13:13:44] [DEBUG] [calypso-direct] [on_notify] [DATA_IN] AWS=5.6kt AWA=14° Batt=100% Temp=0°C
[2026-05-31T13:13:44] [DEBUG] [calypso-direct] [on_notify] [DATA_IN] AWS=5.6kt AWA=15° Batt=100% Temp=0°C
[2026-05-31T13:13:44] [DEBUG] [calypso-direct] [on_notify] [DATA_IN] AWS=5.6kt AWA=15° Batt=100% Temp=0°C
[2026-05-31T13:13:44] [DEBUG] [calypso-direct] [on_notify] [DATA_IN] AWS=5.6kt AWA=14° Batt=100% Temp=0°C
[2026-05-31T13:13:44] [DEBUG] [calypso-direct] [on_notify] [DATA_IN] AWS=5.8kt AWA=14° Batt=100% Temp=0°C
[2026-05-31T13:13:44] [DEBUG] [calypso-direct] [on_notify] [DATA_IN] AWS=5.8kt AWA=14° Batt=100% Temp=0°C
[2026-05-31T13:13:44] [DEBUG] [calypso-direct] [on_notify] [DATA_IN] AWS=5.8kt AWA=13° Batt=100% Temp=0°C
[2026-05-31T13:13:46] [DEBUG] [calypso-direct] [on_notify] [DATA_IN] AWS=6.0kt AWA=13° Batt=100% Temp=0°C
[2026-05-31T13:13:46] [DEBUG] [calypso-direct] [on_notify] [DATA_IN] AWS=6.0kt AWA=14° Batt=100% Temp=0°C
[2026-05-31T13:13:46] [DEBUG] [calypso-direct] [on_notify] [DATA_IN] AWS=6.4kt AWA=21° Batt=100% Temp=0°C
[2026-05-31T13:13:46] [DEBUG] [calypso-direct] [on_notify] [DATA_IN] AWS=5.4kt AWA=22° Batt=100% Temp=0°C
[2026-05-31T13:13:46] [DEBUG] [calypso-direct] [on_notify] [DATA_IN] AWS=5.4kt AWA=19° Batt=100% Temp=0°C
[2026-05-31T13:13:46] [DEBUG] [calypso-direct] [on_notify] [DATA_IN] AWS=5.4kt AWA=19° Batt=100% Temp=0°C
[2026-05-31T13:13:46] [DEBUG] [calypso-direct] [on_notify] [DATA_IN] AWS=5.6kt AWA=10° Batt=100% Temp=0°C
[2026-05-31T13:13:47] [DEBUG] [calypso-direct] [on_notify] [DATA_IN] AWS=5.8kt AWA=10° Batt=100% Temp=0°C
[2026-05-31T13:13:47] [DEBUG] [calypso-direct] [on_notify] [DATA_IN] AWS=6.0kt AWA=13° Batt=100% Temp=0°C
[2026-05-31T13:13:47] [DEBUG] [calypso-direct] [on_notify] [DATA_IN] AWS=6.0kt AWA=17° Batt=100% Temp=0°C
[2026-05-31T13:13:47] [DEBUG] [calypso-direct] [on_notify] [DATA_IN] AWS=6.0kt AWA=13° Batt=100% Temp=0°C
[2026-05-31T13:13:47] [DEBUG] [calypso-direct] [on_notify] [DATA_IN] AWS=5.8kt AWA=13° Batt=100% Temp=0°C
[2026-05-31T13:13:48] [DEBUG] [calypso-direct] [on_notify] [DATA_IN] AWS=5.8kt AWA=16° Batt=100% Temp=0°C
[2026-05-31T13:13:48] [DEBUG] [calypso-direct] [on_notify] [DATA_IN] AWS=5.6kt AWA=12° Batt=100% Temp=0°C
[2026-05-31T13:13:49] [DEBUG] [calypso-direct] [on_notify] [DATA_IN] AWS=5.6kt AWA=12° Batt=100% Temp=0°C
[2026-05-31T13:13:49] [DEBUG] [calypso-direct] [on_notify] [DATA_IN] AWS=6.0kt AWA=16° Batt=100% Temp=0°C
[2026-05-31T13:13:49] [DEBUG] [calypso-direct] [on_notify] [DATA_IN] AWS=6.0kt AWA=17° Batt=100% Temp=0°C
[2026-05-31T13:13:50] [DEBUG] [calypso-direct] [on_notify] [DATA_IN] AWS=6.0kt AWA=17° Batt=100% Temp=0°C
[2026-05-31T13:13:50] [DEBUG] [calypso-direct] [on_notify] [DATA_IN] AWS=6.0kt AWA=16° Batt=100% Temp=0°C
[2026-05-31T13:13:50] [DEBUG] [calypso-direct] [on_notify] [DATA_IN] AWS=6.2kt AWA=16° Batt=100% Temp=0°C
[2026-05-31T13:13:50] [DEBUG] [calypso-direct] [on_notify] [DATA_IN] AWS=6.6kt AWA=16° Batt=100% Temp=0°C
[2026-05-31T13:13:50] [DEBUG] [calypso-direct] [on_notify] [DATA_IN] AWS=6.6kt AWA=16° Batt=100% Temp=0°C
[2026-05-31T13:13:51] [DEBUG] [calypso-direct] [on_notify] [DATA_IN] AWS=5.6kt AWA=19° Batt=100% Temp=0°C
[2026-05-31T13:13:51] [DEBUG] [calypso-direct] [on_notify] [DATA_IN] AWS=5.6kt AWA=19° Batt=100% Temp=0°C
[2026-05-31T13:13:51] [DEBUG] [calypso-direct] [on_notify] [DATA_IN] AWS=5.6kt AWA=21° Batt=100% Temp=0°C
[2026-05-31T13:13:51] [DEBUG] [calypso-direct] [on_notify] [DATA_IN] AWS=5.6kt AWA=20° Batt=100% Temp=0°C
[2026-05-31T13:13:51] [DEBUG] [calypso-direct] [on_notify] [DATA_IN] AWS=5.8kt AWA=17° Batt=100% Temp=0°C
[2026-05-31T13:13:52] [DEBUG] [calypso-direct] [on_notify] [DATA_IN] AWS=6.8kt AWA=17° Batt=100% Temp=0°C
[2026-05-31T13:13:52] [DEBUG] [calypso-direct] [on_notify] [DATA_IN] AWS=6.8kt AWA=16° Batt=100% Temp=0°C
[2026-05-31T13:13:52] [DEBUG] [calypso-direct] [on_notify] [DATA_IN] AWS=5.8kt AWA=16° Batt=100% Temp=0°C
[2026-05-31T13:13:52] [DEBUG] [calypso-direct] [on_notify] [DATA_IN] AWS=5.8kt AWA=16° Batt=100% Temp=0°C
[2026-05-31T13:13:52] [DEBUG] [calypso-direct] [on_notify] [DATA_IN] AWS=5.6kt AWA=16° Batt=100% Temp=0°C
[2026-05-31T13:13:53] [DEBUG] [calypso-direct] [on_notify] [DATA_IN] AWS=5.6kt AWA=17° Batt=100% Temp=0°C
[2026-05-31T13:13:53] [DEBUG] [calypso-direct] [on_notify] [DATA_IN] AWS=5.6kt AWA=17° Batt=100% Temp=0°C
[2026-05-31T13:13:53] [DEBUG] [calypso-direct] [on_notify] [DATA_IN] AWS=5.6kt AWA=15° Batt=100% Temp=0°C
[2026-05-31T13:13:53] [DEBUG] [calypso-direct] [on_notify] [DATA_IN] AWS=5.6kt AWA=15° Batt=100% Temp=0°C
[2026-05-31T13:13:53] [DEBUG] [calypso-direct] [on_notify] [DATA_IN] AWS=5.6kt AWA=12° Batt=100% Temp=0°C
[2026-05-31T13:13:53] [DEBUG] [calypso-direct] [on_notify] [DATA_IN] AWS=5.8kt AWA=15° Batt=100% Temp=0°C
[2026-05-31T13:13:53] [DEBUG] [calypso-direct] [on_notify] [DATA_IN] AWS=5.6kt AWA=14° Batt=100% Temp=0°C
[2026-05-31T13:13:53] [DEBUG] [calypso-direct] [on_notify] [DATA_IN] AWS=5.6kt AWA=14° Batt=100% Temp=0°C
[2026-05-31T13:13:53] [DEBUG] [calypso-direct] [on_notify] [DATA_IN] AWS=5.2kt AWA=13° Batt=100% Temp=0°C
[2026-05-31T13:13:53] [DEBUG] [calypso-direct] [on_notify] [DATA_IN] AWS=5.2kt AWA=12° Batt=100% Temp=0°C
[2026-05-31T13:13:53] [DEBUG] [calypso-direct] [on_notify] [DATA_IN] AWS=5.2kt AWA=15° Batt=100% Temp=0°C
[2026-05-31T13:13:53] [DEBUG] [calypso-direct] [on_notify] [DATA_IN] AWS=5.2kt AWA=14° Batt=100% Temp=0°C
[2026-05-31T13:13:53] [DEBUG] [calypso-direct] [on_notify] [DATA_IN] AWS=5.8kt AWA=14° Batt=100% Temp=0°C
[2026-05-31T13:13:53] [DEBUG] [calypso-direct] [on_notify] [DATA_IN] AWS=6.0kt AWA=14° Batt=100% Temp=0°C
[2026-05-31T13:13:53] [DEBUG] [calypso-direct] [on_notify] [DATA_IN] AWS=6.0kt AWA=14° Batt=100% Temp=0°C
[2026-05-31T13:13:55] [DEBUG] [calypso-direct] [on_notify] [DATA_IN] AWS=5.8kt AWA=14° Batt=100% Temp=0°C
[2026-05-31T13:13:55] [DEBUG] [calypso-direct] [on_notify] [DATA_IN] AWS=5.4kt AWA=15° Batt=100% Temp=0°C
[2026-05-31T13:13:55] [DEBUG] [calypso-direct] [on_notify] [DATA_IN] AWS=5.1kt AWA=6° Batt=100% Temp=0°C
[2026-05-31T13:13:55] [DEBUG] [calypso-direct] [on_notify] [DATA_IN] AWS=5.1kt AWA=6° Batt=100% Temp=0°C
[2026-05-31T13:13:55] [DEBUG] [calypso-direct] [on_notify] [DATA_IN] AWS=5.1kt AWA=6° Batt=100% Temp=0°C
[2026-05-31T13:13:55] [DEBUG] [calypso-direct] [on_notify] [DATA_IN] AWS=5.6kt AWA=6° Batt=100% Temp=0°C
[2026-05-31T13:13:55] [DEBUG] [calypso-direct] [on_notify] [DATA_IN] AWS=5.4kt AWA=5° Batt=100% Temp=0°C
[2026-05-31T13:13:55] [DEBUG] [calypso-direct] [on_notify] [DATA_IN] AWS=5.4kt AWA=6° Batt=100% Temp=0°C
[2026-05-31T13:13:55] [DEBUG] [calypso-direct] [on_notify] [DATA_IN] AWS=5.4kt AWA=6° Batt=100% Temp=0°C
[2026-05-31T13:13:55] [DEBUG] [calypso-direct] [on_notify] [DATA_IN] AWS=5.4kt AWA=5° Batt=100% Temp=0°C
[2026-05-31T13:13:57] [DEBUG] [calypso-direct] [on_notify] [DATA_IN] AWS=5.2kt AWA=5° Batt=100% Temp=0°C
[2026-05-31T13:13:57] [DEBUG] [calypso-direct] [on_notify] [DATA_IN] AWS=4.7kt AWA=6° Batt=100% Temp=0°C
[2026-05-31T13:13:57] [DEBUG] [calypso-direct] [on_notify] [DATA_IN] AWS=4.5kt AWA=6° Batt=100% Temp=0°C
[2026-05-31T13:13:57] [DEBUG] [calypso-direct] [on_notify] [DATA_IN] AWS=4.3kt AWA=8° Batt=100% Temp=0°C
[2026-05-31T13:13:57] [DEBUG] [calypso-direct] [on_notify] [DATA_IN] AWS=4.3kt AWA=10° Batt=100% Temp=0°C
[2026-05-31T13:13:59] [DEBUG] [calypso-direct] [on_notify] [DATA_IN] AWS=4.3kt AWA=10° Batt=100% Temp=0°C
[2026-05-31T13:13:59] [DEBUG] [calypso-direct] [on_notify] [DATA_IN] AWS=4.1kt AWA=8° Batt=100% Temp=0°C
[2026-05-31T13:13:59] [DEBUG] [calypso-direct] [on_notify] [DATA_IN] AWS=4.1kt AWA=0° Batt=100% Temp=0°C
[2026-05-31T13:13:59] [DEBUG] [calypso-direct] [on_notify] [DATA_IN] AWS=3.9kt AWA=356° Batt=100% Temp=0°C
[2026-05-31T13:13:59] [DEBUG] [calypso-direct] [on_notify] [DATA_IN] AWS=3.9kt AWA=356° Batt=100% Temp=0°C
[2026-05-31T13:13:59] [DEBUG] [calypso-direct] [on_notify] [DATA_IN] AWS=3.9kt AWA=356° Batt=100% Temp=0°C
[2026-05-31T13:13:59] [DEBUG] [calypso-direct] [on_notify] [DATA_IN] AWS=3.5kt AWA=356° Batt=100% Temp=0°C
[2026-05-31T13:13:59] [DEBUG] [calypso-direct] [on_notify] [DATA_IN] AWS=3.5kt AWA=356° Batt=100% Temp=0°C
[2026-05-31T13:13:59] [DEBUG] [calypso-direct] [on_notify] [DATA_IN] AWS=3.9kt AWA=353° Batt=100% Temp=0°C
[2026-05-31T13:13:59] [DEBUG] [calypso-direct] [on_notify] [DATA_IN] AWS=4.3kt AWA=353° Batt=100% Temp=0°C
[2026-05-31T13:14:02] [DEBUG] [calypso-direct] [on_notify] [DATA_IN] AWS=4.7kt AWA=353° Batt=100% Temp=0°C
[2026-05-31T13:14:02] [DEBUG] [calypso-direct] [on_notify] [DATA_IN] AWS=4.7kt AWA=353° Batt=100% Temp=0°C
[2026-05-31T13:14:04] [DEBUG] [calypso-direct] [on_notify] [DATA_IN] AWS=4.9kt AWA=346° Batt=100% Temp=0°C
[2026-05-31T13:14:04] [DEBUG] [calypso-direct] [on_notify] [DATA_IN] AWS=5.1kt AWA=346° Batt=100% Temp=0°C
[2026-05-31T13:14:04] [DEBUG] [calypso-direct] [on_notify] [DATA_IN] AWS=5.1kt AWA=346° Batt=100% Temp=0°C
[2026-05-31T13:14:04] [DEBUG] [calypso-direct] [on_notify] [DATA_IN] AWS=5.1kt AWA=346° Batt=100% Temp=0°C
[2026-05-31T13:14:04] [DEBUG] [calypso-direct] [on_notify] [DATA_IN] AWS=5.1kt AWA=346° Batt=100% Temp=0°C
[2026-05-31T13:14:04] [DEBUG] [calypso-direct] [on_notify] [DATA_IN] AWS=4.5kt AWA=0° Batt=100% Temp=0°C
[2026-05-31T13:14:04] [DEBUG] [calypso-direct] [on_notify] [DATA_IN] AWS=4.5kt AWA=0° Batt=100% Temp=0°C
[2026-05-31T13:14:04] [DEBUG] [calypso-direct] [on_notify] [DATA_IN] AWS=4.5kt AWA=3° Batt=100% Temp=0°C
[2026-05-31T13:14:04] [DEBUG] [calypso-direct] [on_notify] [DATA_IN] AWS=4.5kt AWA=1° Batt=100% Temp=0°C
[2026-05-31T13:14:04] [DEBUG] [calypso-direct] [on_notify] [DATA_IN] AWS=4.5kt AWA=0° Batt=100% Temp=0°C
[2026-05-31T13:14:06] [DEBUG] [calypso-direct] [on_notify] [DATA_IN] AWS=5.1kt AWA=352° Batt=100% Temp=0°C
[2026-05-31T13:14:06] [DEBUG] [calypso-direct] [on_notify] [DATA_IN] AWS=5.1kt AWA=352° Batt=100% Temp=0°C
[2026-05-31T13:14:06] [DEBUG] [calypso-direct] [on_notify] [DATA_IN] AWS=4.9kt AWA=352° Batt=100% Temp=0°C
[2026-05-31T13:14:06] [DEBUG] [calypso-direct] [on_notify] [DATA_IN] AWS=4.9kt AWA=3° Batt=100% Temp=0°C
[2026-05-31T13:14:06] [DEBUG] [calypso-direct] [on_notify] [DATA_IN] AWS=4.9kt AWA=3° Batt=100% Temp=0°C
[2026-05-31T13:14:06] [DEBUG] [calypso-direct] [on_notify] [DATA_IN] AWS=5.1kt AWA=3° Batt=100% Temp=0°C
[2026-05-31T13:14:06] [DEBUG] [calypso-direct] [on_notify] [DATA_IN] AWS=4.9kt AWA=3° Batt=100% Temp=0°C
[2026-05-31T13:14:06] [DEBUG] [calypso-direct] [on_notify] [DATA_IN] AWS=5.2kt AWA=3° Batt=100% Temp=0°C
[2026-05-31T13:14:06] [DEBUG] [calypso-direct] [on_notify] [DATA_IN] AWS=5.2kt AWA=2° Batt=100% Temp=0°C
[2026-05-31T13:14:06] [DEBUG] [calypso-direct] [on_notify] [DATA_IN] AWS=5.2kt AWA=352° Batt=100% Temp=0°C
[2026-05-31T13:14:06] [DEBUG] [calypso-direct] [on_notify] [DATA_IN] AWS=4.9kt AWA=354° Batt=100% Temp=0°C
[2026-05-31T13:14:06] [DEBUG] [calypso-direct] [on_notify] [DATA_IN] AWS=4.7kt AWA=354° Batt=100% Temp=0°C
[2026-05-31T13:14:06] [DEBUG] [calypso-direct] [on_notify] [DATA_IN] AWS=4.7kt AWA=355° Batt=100% Temp=0°C
[2026-05-31T13:14:06] [DEBUG] [calypso-direct] [on_notify] [DATA_IN] AWS=4.7kt AWA=355° Batt=100% Temp=0°C
[2026-05-31T13:14:06] [DEBUG] [calypso-direct] [on_notify] [DATA_IN] AWS=4.7kt AWA=2° Batt=100% Temp=0°C
[2026-05-31T13:14:07] [DEBUG] [calypso-direct] [on_notify] [DATA_IN] AWS=4.7kt AWA=355° Batt=100% Temp=0°C
[2026-05-31T13:14:07] [DEBUG] [calypso-direct] [on_notify] [DATA_IN] AWS=4.5kt AWA=355° Batt=100% Temp=0°C
[2026-05-31T13:14:07] [DEBUG] [calypso-direct] [on_notify] [DATA_IN] AWS=4.7kt AWA=354° Batt=100% Temp=0°C
[2026-05-31T13:14:07] [DEBUG] [calypso-direct] [on_notify] [DATA_IN] AWS=4.9kt AWA=354° Batt=100% Temp=0°C
[2026-05-31T13:14:07] [DEBUG] [calypso-direct] [on_notify] [DATA_IN] AWS=4.9kt AWA=354° Batt=100% Temp=0°C
[2026-05-31T13:14:08] [DEBUG] [calypso-direct] [on_notify] [DATA_IN] AWS=4.9kt AWA=354° Batt=100% Temp=0°C
[2026-05-31T13:14:09] [DEBUG] [calypso-direct] [on_notify] [DATA_IN] AWS=5.1kt AWA=353° Batt=100% Temp=0°C
[2026-05-31T13:14:09] [DEBUG] [calypso-direct] [on_notify] [DATA_IN] AWS=5.1kt AWA=357° Batt=100% Temp=0°C
[2026-05-31T13:14:09] [DEBUG] [calypso-direct] [on_notify] [DATA_IN] AWS=4.9kt AWA=340° Batt=100% Temp=0°C
[2026-05-31T13:14:09] [DEBUG] [calypso-direct] [on_notify] [DATA_IN] AWS=4.7kt AWA=340° Batt=100% Temp=0°C
[2026-05-31T13:14:09] [DEBUG] [calypso-direct] [on_notify] [DATA_IN] AWS=4.3kt AWA=340° Batt=100% Temp=0°C
[2026-05-31T13:14:10] [DEBUG] [calypso-direct] [on_notify] [DATA_IN] AWS=4.3kt AWA=339° Batt=100% Temp=0°C
[2026-05-31T13:14:10] [DEBUG] [calypso-direct] [on_notify] [DATA_IN] AWS=3.9kt AWA=3° Batt=100% Temp=0°C
[2026-05-31T13:14:10] [DEBUG] [calypso-direct] [on_notify] [DATA_IN] AWS=3.9kt AWA=3° Batt=100% Temp=0°C
[2026-05-31T13:14:10] [DEBUG] [calypso-direct] [on_notify] [DATA_IN] AWS=3.9kt AWA=3° Batt=100% Temp=0°C
[2026-05-31T13:14:10] [DEBUG] [calypso-direct] [on_notify] [DATA_IN] AWS=4.1kt AWA=3° Batt=100% Temp=0°C
[2026-05-31T13:14:11] [DEBUG] [calypso-direct] [on_notify] [DATA_IN] AWS=4.1kt AWA=3° Batt=100% Temp=0°C
[2026-05-31T13:14:11] [DEBUG] [calypso-direct] [on_notify] [DATA_IN] AWS=4.1kt AWA=355° Batt=100% Temp=0°C
[2026-05-31T13:14:11] [DEBUG] [calypso-direct] [on_notify] [DATA_IN] AWS=4.3kt AWA=355° Batt=100% Temp=0°C
[2026-05-31T13:14:11] [DEBUG] [calypso-direct] [on_notify] [DATA_IN] AWS=4.3kt AWA=355° Batt=100% Temp=0°C
[2026-05-31T13:14:11] [DEBUG] [calypso-direct] [on_notify] [DATA_IN] AWS=4.3kt AWA=355° Batt=100% Temp=0°C
[2026-05-31T13:14:12] [DEBUG] [calypso-direct] [on_notify] [DATA_IN] AWS=4.3kt AWA=355° Batt=100% Temp=0°C
[2026-05-31T13:14:12] [DEBUG] [calypso-direct] [on_notify] [DATA_IN] AWS=4.3kt AWA=351° Batt=100% Temp=0°C
[2026-05-31T13:14:12] [DEBUG] [calypso-direct] [on_notify] [DATA_IN] AWS=4.3kt AWA=351° Batt=100% Temp=0°C
[2026-05-31T13:14:12] [DEBUG] [calypso-direct] [on_notify] [DATA_IN] AWS=4.3kt AWA=351° Batt=100% Temp=0°C
[2026-05-31T13:14:12] [DEBUG] [calypso-direct] [on_notify] [DATA_IN] AWS=4.1kt AWA=351° Batt=100% Temp=0°C
[2026-05-31T13:14:13] [DEBUG] [calypso-direct] [on_notify] [DATA_IN] AWS=4.1kt AWA=351° Batt=100% Temp=0°C
[2026-05-31T13:14:13] [DEBUG] [calypso-direct] [on_notify] [DATA_IN] AWS=4.1kt AWA=346° Batt=100% Temp=0°C
[2026-05-31T13:14:13] [DEBUG] [calypso-direct] [on_notify] [DATA_IN] AWS=4.5kt AWA=350° Batt=100% Temp=0°C
[2026-05-31T13:14:13] [DEBUG] [calypso-direct] [on_notify] [DATA_IN] AWS=4.5kt AWA=350° Batt=100% Temp=0°C
[2026-05-31T13:14:13] [DEBUG] [calypso-direct] [on_notify] [DATA_IN] AWS=4.5kt AWA=350° Batt=100% Temp=0°C
[2026-05-31T13:14:17] [WARNING] [calypso-direct] [main] [BLE_DISCONNECT] Disconnected or data timeout
[2026-05-31T13:14:17] [INFO] [calypso-direct] [main] [BLE_SCAN] Reconnecting in 5s...
[2026-05-31T13:14:23] [INFO] [calypso-direct] [main] [BLE_CLEANUP] BlueZ cache cleared for F8:5F:12:9D:D2:EE
[2026-05-31T13:14:25] [INFO] [calypso-direct] [main] [BLE_SCAN] Connecting to Calypso F8:5F:12:9D:D2:EE...
[2026-05-31T13:14:32] [ERROR] [calypso-direct] [main] [ERROR] BLE error (L1 #1): [org.bluez.Error.Failed] le-connection-abort-by-local
[2026-05-31T13:14:32] [INFO] [calypso-direct] [main] [BLE_SCAN] Reconnecting in 10s...
[2026-05-31T13:14:42] [INFO] [calypso-direct] [main] [BLE_CLEANUP] BlueZ cache cleared for F8:5F:12:9D:D2:EE
[2026-05-31T13:14:44] [INFO] [calypso-direct] [main] [BLE_SCAN] Connecting to Calypso F8:5F:12:9D:D2:EE...
[2026-05-31T13:14:50] [ERROR] [calypso-direct] [main] [ERROR] BLE error (L1 #2): [org.bluez.Error.Failed] le-connection-abort-by-local
[2026-05-31T13:14:50] [INFO] [calypso-direct] [main] [BLE_SCAN] Reconnecting in 20s...
[2026-05-31T13:15:11] [INFO] [calypso-direct] [main] [BLE_CLEANUP] BlueZ cache cleared for F8:5F:12:9D:D2:EE
[2026-05-31T13:15:13] [INFO] [calypso-direct] [main] [BLE_SCAN] Connecting to Calypso F8:5F:12:9D:D2:EE...
[2026-05-31T13:15:49] [ERROR] [calypso-direct] [main] [ERROR] BLE error (L1 #3): failed to discover services, device disconnected
[2026-05-31T13:15:49] [INFO] [calypso-direct] [main] [BLE_SCAN] Reconnecting in 40s...
[2026-05-31T13:16:29] [INFO] [calypso-direct] [main] [BLE_CLEANUP] BlueZ cache cleared for F8:5F:12:9D:D2:EE
[2026-05-31T13:16:31] [INFO] [calypso-direct] [main] [BLE_SCAN] Connecting to Calypso F8:5F:12:9D:D2:EE...
[2026-05-31T13:16:47] [ERROR] [calypso-direct] [main] [ERROR] BLE error (L1 #4): [org.bluez.Error.Failed] le-connection-abort-by-local
[2026-05-31T13:16:47] [INFO] [calypso-direct] [main] [BLE_SCAN] Reconnecting in 60s...
[2026-05-31T13:17:47] [INFO] [calypso-direct] [main] [BLE_CLEANUP] BlueZ cache cleared for F8:5F:12:9D:D2:EE
[2026-05-31T13:17:49] [INFO] [calypso-direct] [main] [BLE_SCAN] Connecting to Calypso F8:5F:12:9D:D2:EE...
[2026-05-31T13:17:58] [ERROR] [calypso-direct] [main] [ERROR] BLE error (L1 #5): [org.bluez.Error.Failed] le-connection-abort-by-local
[2026-05-31T13:17:58] [INFO] [calypso-direct] [main] [BLE_SCAN] Reconnecting in 60s...
[2026-05-31T13:18:58] [INFO] [calypso-direct] [main] [BLE_CLEANUP] BlueZ cache cleared for F8:5F:12:9D:D2:EE
[2026-05-31T13:19:00] [INFO] [calypso-direct] [main] [BLE_SCAN] Connecting to Calypso F8:5F:12:9D:D2:EE...
[2026-05-31T13:19:21] [ERROR] [calypso-direct] [main] [ERROR] BLE error (L1 #6): failed to discover services, device disconnected
[2026-05-31T13:19:21] [INFO] [calypso-direct] [main] [BLE_SCAN] Reconnecting in 60s...
[2026-05-31T13:20:21] [INFO] [calypso-direct] [main] [BLE_CLEANUP] BlueZ cache cleared for F8:5F:12:9D:D2:EE
[2026-05-31T13:20:23] [INFO] [calypso-direct] [main] [BLE_SCAN] Connecting to Calypso F8:5F:12:9D:D2:EE...
[2026-05-31T13:21:12] [ERROR] [calypso-direct] [main] [ERROR] BLE error (L1 #7): failed to discover services, device disconnected
[2026-05-31T13:21:12] [INFO] [calypso-direct] [main] [BLE_SCAN] Reconnecting in 60s...
