Event ID,Event,Year,Event Dates,Overall Fleet Group,Racing Circle,Rating Division,Overall Fleet Rank,Overall Fleet Size,Overall Fleet Finishers,Class / Division,Class Rank,Result Status,Corrected Time,Elapsed Time,Finish Time,Boat Key,Boat Name,Sail Number,Boat Type,Length,Owner / Skipper,Yacht Club,Home Port,Rating System,Rating Metric,Published Rating,Latest Rating,Latest Rating Year,Events Attended,Participation Rows,MMSI,MMSI Status,MMSI Confidence,MMSI Source,MMSI Rationale,YachtScoring Result Detail,YachtScoring Scratch Sheet,YachtScoring Boat Detail,Data Notes,Best Available MMSI,AIS MMSI,AIS Name,AIS Class,AIS Ship Type,AIS Reported Length,AIS Reported Beam,AIS Reported Draft,AIS Callsign,AIS First Seen UTC,AIS Last Seen UTC,AIS Observation Count,AIS Match Confidence,AIS Match Basis,AIS Source
16423,Around Long Island Regatta,2024,"July 25 - 29, 2024",1\. Around Long Island - Non Spinnaker Racing | PHRF Division,1\. Around Long Island - Non Spinnaker Racing,PHRF Division,5.0,9,6,PHRF - Non-Spinnaker Division 1 - Warning Signal 13:00,1.0,FINISHED,2:03:52:00,2:14:02:39,07/28/2024 @ 03:07:39 (GMT-05:00),maggie,Maggie,330,Catalina 320,32.5 Ft,Artur Piotrowski,"City Island Yacht Club Bronx, NY","New Britain, CT, USA",PHRF,ToD / ToT,177.0,180.0,2025,2024 Around Long Island Regatta; 2025 Around Long Island Regatta,,,Not identified from public sources reviewed,,,,https://yachtscoring.com/event_results_detail/16423/1,https://yachtscoring.com/event_scratch_sheet/16423,https://yachtscoring.com/boatdetail/50029/509858,"Overall fleet rank and size come from YachtScoring Race 1 detailed results. The overall fleet is the source-defined racing circle plus rating division, not the individual class.",,,,,,,,,,,,,,,
16423,Around Long Island Regatta,2024,"July 25 - 29, 2024",1\. Around Long Island - Non Spinnaker Racing | PHRF Division,1\. Around Long Island - Non Spinnaker Racing,PHRF Division,,9,6,PHRF - Non-Spinnaker Division 1 - Warning Signal 13:00,2.0,RET,,1:04:52:48,07/26/2024 @ 17:57:48 (GMT-05:00),orzeliii,Orzel III,7,Cape Marine Coast 34,34,Peter Gutowski,Liberty Landing (??),"Montclair, NJ, USA",PHRF,ToD / ToT,222.0,222.0,2024,2024 Around Long Island Regatta,,,Not identified from public sources reviewed,,,,https://yachtscoring.com/event_results_detail/16423/1,https://yachtscoring.com/event_scratch_sheet/16423,https://yachtscoring.com/boatdetail/16423/304356,"Overall fleet rank and size come from YachtScoring Race 1 detailed results. The overall fleet is the source-defined racing circle plus rating division, not the individual class.",,,,,,,,,,,,,,,
16423,Around Long Island Regatta,2024,"July 25 - 29, 2024",1\. Around Long Island - Non Spinnaker Racing | PHRF Division,1\. Around Long Island - Non Spinnaker Racing,PHRF Division,,9,6,PHRF - Non-Spinnaker Division 1 - Warning Signal 13:00,3.0,RET,,2:01:48:04,07/27/2024 @ 14:53:04 (GMT-05:00),markus,Markus,103,Contest 30,29.58,Artur Jasinski,Polish Sailing Club of NY,"Brooklyn, NY, USA",PHRF,ToD / ToT,222.0,222.0,2024,2024 Around Long Island Regatta,,,Not identified from public sources reviewed,,,,https://yachtscoring.com/event_results_detail/16423/1,https://yachtscoring.com/event_scratch_sheet/16423,https://yachtscoring.com/boatdetail/16423/305189,"Overall fleet rank and size come from YachtScoring Race 1 detailed results. The overall fleet is the source-defined racing circle plus rating division, not the individual class.",,,,,,,,,,,,,,,
16423,Around Long Island Regatta,2024,"July 25 - 29, 2024",1\. Around Long Island - Non Spinnaker Racing | PHRF Division,1\. Around Long Island - Non Spinnaker Racing,PHRF Division,,9,6,PHRF - Non-Spinnaker Division 1 - Warning Signal 13:00,4.0,RET,,2:23:36:18,07/28/2024 @ 12:41:18 (GMT-05:00),java,Java,279,Jeanneau 36.2 SO,36 Ft,Marc Grill,Port Washington Yacht Club,"PRT WASHINGTN, NY, USA",PHRF,ToD / ToT,180.0,183.0,2026,2024 Around Long Island Regatta; 2025 Around Long Island Regatta; 2026 Around Long Island Regatta,,,Not identified from public sources reviewed,,,,https://yachtscoring.com/event_results_detail/16423/1,https://yachtscoring.com/event_scratch_sheet/16423,https://yachtscoring.com/boatdetail/50645/522716,"Overall fleet rank and size come from YachtScoring Race 1 detailed results. The overall fleet is the source-defined racing circle plus rating division, not the individual class.",,,,,,,,,,,,,,,
16423,Around Long Island Regatta,2024,"July 25 - 29, 2024",1\. Around Long Island - Non Spinnaker Racing | PHRF Division,1\. Around Long Island - Non Spinnaker Racing,PHRF Division,1.0,9,6,PHRF - Non-Spinnaker Division 2 - Warning Signal 13:00,1.0,FINISHED,1:13:26:49,1:20:00:07,07/27/2024 @ 09:05:07 (GMT-05:00),shootingstar,Shooting Star,USA 20802,Peterson 34,33.9 Ft,David Kingsbury,Housatonic Boat Club,"Orange, CT, USA",PHRF,ToD / ToT,114.0,114.0,2026,2024 Around Long Island Regatta; 2024 Vineyard Race; 2025 Around Long Island Regatta; 2025 Vineyard Race; 2026 Around Long Island Regatta; 2026 Vineyard Race,,,Not identified from public sources reviewed,,,,https://yachtscoring.com/event_results_detail/16423/1,https://yachtscoring.com/event_scratch_sheet/16423,https://yachtscoring.com/boatdetail/50775/529463,"Overall fleet rank and size come from YachtScoring Race 1 detailed results. The overall fleet is the source-defined racing circle plus rating division, not the individual class.",366732660,366732660,SHOOTING STAR,Not provided in export,Sailing,10.0,4.0,,Not provided in export,2026-09-04T13:01:52.597Z,2026-09-05T05:19:31.061Z,1757.0,High,"Exact normalized name match, compatible AIS vessel type, and compatible reported length.",Attached AIS_EVENTS_RAW.csv
16423,Around Long Island Regatta,2024,"July 25 - 29, 2024",1\. Around Long Island - Non Spinnaker Racing | PHRF Division,1\. Around Long Island - Non Spinnaker Racing,PHRF Division,2.0,9,6,PHRF - Non-Spinnaker Division 2 - Warning Signal 13:00,2.0,FINISHED,1:13:37:23,1:21:43:50,07/27/2024 @ 10:48:50 (GMT-05:00),dolcezza,Dolcezza,53,Hunter Legend 37.5,37 Ft,Neill Parker Jr,Manhasset Bay YC,"Port Washington, NY, USA",PHRF,ToD / ToT,141.0,150.0,2026,2024 Around Long Island Regatta; 2025 Around Long Island Regatta; 2026 Around Long Island Regatta,,,Not identified from public sources reviewed,,,,https://yachtscoring.com/event_results_detail/16423/1,https://yachtscoring.com/event_scratch_sheet/16423,https://yachtscoring.com/boatdetail/50645/522910,"Overall fleet rank and size come from YachtScoring Race 1 detailed results. The overall fleet is the source-defined racing circle plus rating division, not the individual class.",,,,,,,,,,,,,,,
16423,Around Long Island Regatta,2024,"July 25 - 29, 2024",1\. Around Long Island - Non Spinnaker Racing | PHRF Division,1\. Around Long Island - Non Spinnaker Racing,PHRF Division,3.0,9,6,PHRF - Non-Spinnaker Division 2 - Warning Signal 13:00,3.0,FINISHED,1:14:42:16,1:22:38:22,07/27/2024 @ 11:43:22 (GMT-05:00),firstrate,First Rate,USA 40819,Tartan 34-2,34.42 Ft,Marek Antkowiak,CIYC/Polish Sailing Club of NY,"LAKE HOPATCONG, NJ, USA",PHRF,ToD / ToT,138.0,141.0,2026,2024 Around Long Island Regatta; 2026 Around Long Island Regatta; 2026 Vineyard Race,,,Not identified from public sources reviewed,,,,https://yachtscoring.com/event_results_detail/16423/1,https://yachtscoring.com/event_scratch_sheet/16423,https://yachtscoring.com/boatdetail/50775/529766,"Overall fleet rank and size come from YachtScoring Race 1 detailed results. The overall fleet is the source-defined racing circle plus rating division, not the individual class.",338442426,338442426,FIRST RATE,Not provided in export,Sailing,10.0,3.0,,Not provided in export,2026-09-04T12:50:09.735Z,2026-09-05T07:22:57.972Z,1939.0,High,"Exact normalized name match, compatible AIS vessel type, and compatible reported length.",Attached AIS_EVENTS_RAW.csv
16423,Around Long Island Regatta,2024,"July 25 - 29, 2024",1\. Around Long Island - Non Spinnaker Racing | PHRF Division,1\. Around Long Island - Non Spinnaker Racing,PHRF Division,4.0,9,6,PHRF - Non-Spinnaker Division 2 - Warning Signal 13:00,4.0,FINISHED,1:16:38:44,1:23:22:23,07/27/2024 @ 12:27:23 (GMT-05:00),inessaii,Inessa II,USA 11379,Jeanneau,44 Ft,Nikolas Grubecki,CIYC,"Highland Falls, NY, USA",PHRF,ToD / ToT,117.0,117.0,2025,2024 Around Long Island Regatta; 2025 Around Long Island Regatta,,,Not identified from public sources reviewed,,,,https://yachtscoring.com/event_results_detail/16423/1,https://yachtscoring.com/event_scratch_sheet/16423,https://yachtscoring.com/boatdetail/50029/511616,"Overall fleet rank and size come from YachtScoring Race 1 detailed results. The overall fleet is the source-defined racing circle plus rating division, not the individual class.",,,,,,,,,,,,,,,
16423,Around Long Island Regatta,2024,"July 25 - 29, 2024",1\. Around Long Island - Non Spinnaker Racing | PHRF Division,1\. Around Long Island - Non Spinnaker Racing,PHRF Division,6.0,9,6,PHRF - Non-Spinnaker Division 2 - Warning Signal 13:00,5.0,FINISHED,2:08:36:49,2:16:22:34,07/28/2024 @ 05:27:34 (GMT-05:00),piragua,Piragua,086,Beneteau Oceanis 41.1,40.9,Richard LaFontaine,MCYC,"New York, NY, USA",PHRF,ToD / ToT,135.0,135.0,2025,2024 Around Long Island Regatta; 2025 Around Long Island Regatta,,,Not identified from public sources reviewed,,,,https://yachtscoring.com/event_results_detail/16423/1,https://yachtscoring.com/event_scratch_sheet/16423,https://yachtscoring.com/boatdetail/50029/508268,"Overall fleet rank and size come from YachtScoring Race 1 detailed results. The overall fleet is the source-defined racing circle plus rating division, not the individual class.",338333468,338333468,PIRAGUA,Not provided in export,Sailing,13.0,4.0,,Not provided in export,2026-09-04T00:05:09.783Z,2026-09-07T14:31:38.831Z,276.0,High,"Exact normalized name match, compatible AIS vessel type, and compatible reported length.",Attached AIS_EVENTS_RAW.csv
16423,Around Long Island Regatta,2024,"July 25 - 29, 2024",2\. Around Long Island - Spinnaker Racing | PHRF Division,2\. Around Long Island - Spinnaker Racing,PHRF Division,12.0,34,27,PHRF - Spinnaker Division 3 - Warning Signal 13:10,1.0,FINISHED,1:13:37:24,1:22:25:15,07/27/2024 @ 11:40:15 (GMT-05:00),actaea,ACTAEA,USA 3815,Bermuda 40,40.75 Ft,Michael M Cone,"EYC, CCA, NYYC","Philadelphia, PA, USA",PHRF,ToD / ToT,153.0,153.0,2026,2024 Around Long Island Regatta; 2025 Around Long Island Regatta; 2026 Around Long Island Regatta,,,Not identified from public sources reviewed,,,,https://yachtscoring.com/event_results_detail/16423/1,https://yachtscoring.com/event_scratch_sheet/16423,https://yachtscoring.com/boatdetail/50645/523379,"Overall fleet rank and size come from YachtScoring Race 1 detailed results. The overall fleet is the source-defined racing circle plus rating division, not the individual class.",,,,,,,,,,,,,,,
16423,Around Long Island Regatta,2024,"July 25 - 29, 2024",2\. Around Long Island - Spinnaker Racing | PHRF Division,2\. Around Long Island - Spinnaker Racing,PHRF Division,15.0,34,27,PHRF - Spinnaker Division 3 - Warning Signal 13:10,2.0,FINISHED,1:15:05:15,2:01:15:54,07/27/2024 @ 14:30:54 (GMT-05:00),spectra,Spectra,USA 2979,Hinckley H-38,37.6,Jonathan and Carlo Zaskorski,Manhasset Bay Yacht Club,"Port Washington, NY, USA",PHRF,ToD / ToT,177.0,177.0,2024,2024 Around Long Island Regatta,,,Not identified from public sources reviewed,,,,https://yachtscoring.com/event_results_detail/16423/1,https://yachtscoring.com/event_scratch_sheet/16423,https://yachtscoring.com/boatdetail/16423/301581,"Overall fleet rank and size come from YachtScoring Race 1 detailed results. The overall fleet is the source-defined racing circle plus rating division, not the individual class.",,,,,,,,,,,,,,,
16423,Around Long Island Regatta,2024,"July 25 - 29, 2024",2\. Around Long Island - Spinnaker Racing | PHRF Division,2\. Around Long Island - Spinnaker Racing,PHRF Division,25.0,34,27,PHRF - Spinnaker Division 3 - Warning Signal 13:10,3.0,FINISHED,2:01:50:58,2:11:40:55,07/28/2024 @ 00:55:55 (GMT-05:00),kate,Kate,111,Sabre 34-1,34,Marc DeSouter,Liberty Yacht Club,"Wayne, NJ, USA",PHRF,ToD / ToT,171.0,171.0,2024,2024 Around Long Island Regatta,,,Not identified from public sources reviewed,,,,https://yachtscoring.com/event_results_detail/16423/1,https://yachtscoring.com/event_scratch_sheet/16423,https://yachtscoring.com/boatdetail/16423/301270,"Overall fleet rank and size come from YachtScoring Race 1 detailed results. The overall fleet is the source-defined racing circle plus rating division, not the individual class.",,,,,,,,,,,,,,,
16423,Around Long Island Regatta,2024,"July 25 - 29, 2024",2\. Around Long Island - Spinnaker Racing | PHRF Division,2\. Around Long Island - Spinnaker Racing,PHRF Division,26.0,34,27,PHRF - Spinnaker Division 3 - Warning Signal 13:10,4.0,FINISHED,2:07:00:50,2:16:09:23,07/28/2024 @ 05:24:23 (GMT-05:00),nomad,Nomad,USA 52968,Hunter 41DS,40.4 Ft,Shane Haas,Poughkeepsie Yacht Club,"West Shokan, NY, USA",PHRF,ToD / ToT,159.0,174.0,2026,2024 Around Long Island Regatta; 2025 Around Long Island Regatta; 2026 Around Long Island Regatta,,,Not identified from public sources reviewed,,,,https://yachtscoring.com/event_results_detail/16423/1,https://yachtscoring.com/event_scratch_sheet/16423,https://yachtscoring.com/boatdetail/50645/526572,"Overall fleet rank and size come from YachtScoring Race 1 detailed results. The overall fleet is the source-defined racing circle plus rating division, not the individual class.",338537227,338537227,NOMAD,Not provided in export,Pleasure,14.0,5.0,,Not provided in export,2026-09-05T02:19:13.657Z,2026-09-06T07:53:15.801Z,736.0,High,"Exact normalized name match, compatible AIS vessel type, and compatible reported length.",Attached AIS_EVENTS_RAW.csv
16423,Around Long Island Regatta,2024,"July 25 - 29, 2024",2\. Around Long Island - Spinnaker Racing | PHRF Division,2\. Around Long Island - Spinnaker Racing,PHRF Division,27.0,34,27,PHRF - Spinnaker Division 3 - Warning Signal 13:10,5.0,FINISHED,2:10:03:09,2:21:05:33,07/28/2024 @ 10:20:33 (GMT-05:00),polaris,Polaris,71,Concordia 41,41’,Leif Arntzen,Glen Cove Yacht Club,"New York, NY, USA",PHRF,ToD / ToT,192.0,192.0,2024,2024 Around Long Island Regatta,,,Not identified from public sources reviewed,,,,https://yachtscoring.com/event_results_detail/16423/1,https://yachtscoring.com/event_scratch_sheet/16423,https://yachtscoring.com/boatdetail/16423/304588,"Overall fleet rank and size come from YachtScoring Race 1 detailed results. The overall fleet is the source-defined racing circle plus rating division, not the individual class.",232044604,232044604,POLARIS,Not provided in export,Pleasure,20.0,5.0,,Not provided in export,2026-09-05T00:45:56.295Z,2026-09-06T06:43:18.306Z,372.0,Low,"Exact normalized name match, but AIS reported length or type conflicts with the race entry.",Attached AIS_EVENTS_RAW.csv
16423,Around Long Island Regatta,2024,"July 25 - 29, 2024",2\. Around Long Island - Spinnaker Racing | PHRF Division,2\. Around Long Island - Spinnaker Racing,PHRF Division,10.0,34,27,PHRF - Spinnaker Division 4 - Warning Signal 13:20,1.0,FINISHED,1:13:14:46,1:19:48:04,07/27/2024 @ 09:13:04 (GMT-05:00),duet,DUET,USA 51950,J/120,40 Ft,Andy Lubimov,Huguenot YC,"Scarsdale, NY, USA",PHRF,ToD / ToT,114.0,45.0,2026,2024 Around Long Island Regatta; 2024 Storm Trysail Club Block Island Race; 2024 Vineyard Race; 2025 Around Long Island Regatta; 2025 Vineyard Race; 2026 Around Long Island Regatta; 2026 Storm Trysail Club Block Island Race; 2026 Vineyard Race,,,Not identified from public sources reviewed,,,,https://yachtscoring.com/event_results_detail/16423/1,https://yachtscoring.com/event_scratch_sheet/16423,https://yachtscoring.com/boatdetail/50775/529469,"Overall fleet rank and size come from YachtScoring Race 1 detailed results. The overall fleet is the source-defined racing circle plus rating division, not the individual class.",338479036; 338479179,338479036; 338479179,DUET,Not provided in export,Sailing,12.0,2.0,,Not provided in export,2026-09-04T13:01:47.168Z,2026-09-06T15:56:24.176Z,2302.0,Low,"Exact normalized name matched multiple AIS MMSIs; verify using dimensions, owner, or callsign.",Attached AIS_EVENTS_RAW.csv
16423,Around Long Island Regatta,2024,"July 25 - 29, 2024",2\. Around Long Island - Spinnaker Racing | PHRF Division,2\. Around Long Island - Spinnaker Racing,PHRF Division,19.0,34,27,PHRF - Spinnaker Division 4 - Warning Signal 13:20,2.0,FINISHED,1:16:42:18,2:00:28:03,07/27/2024 @ 13:53:03 (GMT-05:00),marie,MARIE,USA 42832,Tartan 372,37 Ft,Paul Eliea,Ketewomoke YC - Lloyd Harbor YC,"South Huntington, NY, USA",PHRF,ToD / ToT,135.0,135.0,2026,2024 Around Long Island Regatta; 2026 Around Long Island Regatta,,,Not identified from public sources reviewed,,,,https://yachtscoring.com/event_results_detail/16423/1,https://yachtscoring.com/event_scratch_sheet/16423,https://yachtscoring.com/boatdetail/50645/526662,"Overall fleet rank and size come from YachtScoring Race 1 detailed results. The overall fleet is the source-defined racing circle plus rating division, not the individual class.",,,,,,,,,,,,,,,
16423,Around Long Island Regatta,2024,"July 25 - 29, 2024",2\. Around Long Island - Spinnaker Racing | PHRF Division,2\. Around Long Island - Spinnaker Racing,PHRF Division,21.0,34,27,PHRF - Spinnaker Division 4 - Warning Signal 13:20,3.0,FINISHED,1:17:44:51,2:00:59:33,07/27/2024 @ 14:24:33 (GMT-05:00),random,Random,USA 51362,Sabre 362,36 Ft,Robert Millstein,Shattemuc Yacht Club,"Briarcliff Manor, NY, USA",PHRF,ToD / ToT,126.0,126.0,2026,2024 Around Long Island Regatta; 2025 Around Long Island Regatta; 2026 Around Long Island Regatta,,,Not identified from public sources reviewed,,,,https://yachtscoring.com/event_results_detail/16423/1,https://yachtscoring.com/event_scratch_sheet/16423,https://yachtscoring.com/boatdetail/50645/525670,"Overall fleet rank and size come from YachtScoring Race 1 detailed results. The overall fleet is the source-defined racing circle plus rating division, not the individual class.",,,,,,,,,,,,,,,
16423,Around Long Island Regatta,2024,"July 25 - 29, 2024",2\. Around Long Island - Spinnaker Racing | PHRF Division,2\. Around Long Island - Spinnaker Racing,PHRF Division,24.0,34,27,PHRF - Spinnaker Division 4 - Warning Signal 13:20,4.0,FINISHED,2:01:12:45,2:09:08:51,07/27/2024 @ 22:33:51 (GMT-05:00),aboysdream,A Boy's Dream,USA 63474,Laser 28,28,John Stephenson,Kingston Sailing Club,"New Paltz, NY, USA",PHRF,ToD / ToT,138.0,138.0,2024,2024 Around Long Island Regatta,,,Not identified from public sources reviewed,,,,https://yachtscoring.com/event_results_detail/16423/1,https://yachtscoring.com/event_scratch_sheet/16423,https://yachtscoring.com/boatdetail/16423/295317,"Overall fleet rank and size come from YachtScoring Race 1 detailed results. The overall fleet is the source-defined racing circle plus rating division, not the individual class.",,,,,,,,,,,,,,,
16423,Around Long Island Regatta,2024,"July 25 - 29, 2024",2\. Around Long Island - Spinnaker Racing | PHRF Division,2\. Around Long Island - Spinnaker Racing,PHRF Division,,34,27,PHRF - Spinnaker Division 4 - Warning Signal 13:20,5.0,RET,,2:01:28:04,07/27/2024 @ 14:53:04 (GMT-05:00),maestrale,Maestrale,113,Tartan 10,33 Ft,Rad Kurek,PSCNY / CIYC,"Middle Village, New York, USA",PHRF,ToD / ToT,120.0,120.0,2025,2024 Around Long Island Regatta; 2025 Around Long Island Regatta,,,Not identified from public sources reviewed,,,,https://yachtscoring.com/event_results_detail/16423/1,https://yachtscoring.com/event_scratch_sheet/16423,https://yachtscoring.com/boatdetail/50029/510938,"Overall fleet rank and size come from YachtScoring Race 1 detailed results. The overall fleet is the source-defined racing circle plus rating division, not the individual class.",,,,,,,,,,,,,,,
16423,Around Long Island Regatta,2024,"July 25 - 29, 2024",2\. Around Long Island - Spinnaker Racing | PHRF Division,2\. Around Long Island - Spinnaker Racing,PHRF Division,6.0,34,27,PHRF - Doublehanded Division 5 - Warning Signal 13:30,1.0,FINISHED,1:11:39:50,1:13:54:23,07/27/2024 @ 03:29:23 (GMT-05:00),abilyn,Abilyn,USA 25559,J 120,40 Ft,Josh Reisberg,Sea Cliff YC / Storm Trysail Club,"Sea Cliff, NY, USA",PHRF,ToD / ToT,39.0,39.0,2026,2024 Around Long Island Regatta; 2025 Around Long Island Regatta; 2026 Around Long Island Regatta; 2026 Storm Trysail Club Block Island Race; 2026 Vineyard Race,,,Not identified from public sources reviewed,,,,https://yachtscoring.com/event_results_detail/16423/1,https://yachtscoring.com/event_scratch_sheet/16423,https://yachtscoring.com/boatdetail/50775/528412,"Overall fleet rank and size come from YachtScoring Race 1 detailed results. The overall fleet is the source-defined racing circle plus rating division, not the individual class.",368042460,368042460,ABILYN,Not provided in export,Sailing,13.0,4.0,,Not provided in export,2026-09-04T11:30:46.363Z,2026-09-05T12:26:08.163Z,2551.0,High,"Exact normalized name match, compatible AIS vessel type, and compatible reported length.",Attached AIS_EVENTS_RAW.csv
16423,Around Long Island Regatta,2024,"July 25 - 29, 2024",2\. Around Long Island - Spinnaker Racing | PHRF Division,2\. Around Long Island - Spinnaker Racing,PHRF Division,9.0,34,27,PHRF - Doublehanded Division 5 - Warning Signal 13:30,2.0,FINISHED,1:12:41:50,1:16:39:53,07/27/2024 @ 06:14:53 (GMT-05:00),thinman,Thin Man,USA 24,J/99,32.6 Ft,Todd Aven,City Island Yacht Club / Storm Trysail Club,"Brooklyn, NY, USA",PHRF,ToD / ToT,69.0,72.0,2026,2024 Around Long Island Regatta; 2024 Storm Trysail Club Block Island Race; 2024 Vineyard Race; 2025 Storm Trysail Club Block Island Race; 2025 Vineyard Race; 2026 Around Long Island Regatta; 2026 Storm Trysail Club Block Island Race; 2026 Vineyard Race,,,Not identified from public sources reviewed,,,,https://yachtscoring.com/event_results_detail/16423/1,https://yachtscoring.com/event_scratch_sheet/16423,https://yachtscoring.com/boatdetail/50775/522327,"Overall fleet rank and size come from YachtScoring Race 1 detailed results. The overall fleet is the source-defined racing circle plus rating division, not the individual class.",368114910,368114910,THIN MAN,Not provided in export,Sailing,10.0,4.0,,Not provided in export,2026-09-04T12:42:09.782Z,2026-09-05T12:28:11.623Z,2454.0,High,"Exact normalized name match, compatible AIS vessel type, and compatible reported length.",Attached AIS_EVENTS_RAW.csv
16423,Around Long Island Regatta,2024,"July 25 - 29, 2024",2\. Around Long Island - Spinnaker Racing | PHRF Division,2\. Around Long Island - Spinnaker Racing,PHRF Division,22.0,34,27,PHRF - Doublehanded Division 5 - Warning Signal 13:30,3.0,FINISHED,1:20:33:18,2:01:33:27,07/27/2024 @ 15:08:27 (GMT-05:00),ranger,Ranger,USA 61683,J40,40,Paul Kekalos,BYC / PBSA,"New York, NY, USA",PHRF,ToD / ToT,87.0,87.0,2024,2024 Around Long Island Regatta,,,Not identified from public sources reviewed,,,,https://yachtscoring.com/event_results_detail/16423/1,https://yachtscoring.com/event_scratch_sheet/16423,https://yachtscoring.com/boatdetail/16423/295976,"Overall fleet rank and size come from YachtScoring Race 1 detailed results. The overall fleet is the source-defined racing circle plus rating division, not the individual class.",338502442; 367106960,338502442; 367106960,RANGER,Not provided in export,Pleasure,13.0,4.0,,Not provided in export,2026-09-04T15:54:37.815Z,2026-09-07T13:32:34.436Z,1045.0,Low,"Exact normalized name matched multiple AIS MMSIs; verify using dimensions, owner, or callsign.",Attached AIS_EVENTS_RAW.csv
16423,Around Long Island Regatta,2024,"July 25 - 29, 2024",2\. Around Long Island - Spinnaker Racing | PHRF Division,2\. Around Long Island - Spinnaker Racing,PHRF Division,,34,27,PHRF - Doublehanded Division 5 - Warning Signal 13:30,4.0,DNS,,0:00:00:00,,terranova,Terra Nova,0127,Hunter 33,33 Ft,Alexander Malochka,none,"Brooklyn, NY, USA",PHRF,ToD / ToT,159.0,159.0,2025,2024 Around Long Island Regatta; 2024 Vineyard Race; 2025 Around Long Island Regatta; 2025 Vineyard Race,,,Not identified from public sources reviewed,,,,https://yachtscoring.com/event_results_detail/16423/1,https://yachtscoring.com/event_scratch_sheet/16423,https://yachtscoring.com/boatdetail/50111/510427,"Overall fleet rank and size come from YachtScoring Race 1 detailed results. The overall fleet is the source-defined racing circle plus rating division, not the individual class.",,,,,,,,,,,,,,,
16423,Around Long Island Regatta,2024,"July 25 - 29, 2024",2\. Around Long Island - Spinnaker Racing | PHRF Division,2\. Around Long Island - Spinnaker Racing,PHRF Division,,34,27,PHRF - Doublehanded Division 5 - Warning Signal 13:30,5.0,RET,,2:05:16:09,07/27/2024 @ 18:51:09 (GMT-05:00),halvemaen,Halve Maen,USA 075,TARTAN 33,34 Ft,Walther van Stipriaan,UCYC - Unqua Corinthian Yacht Club,"AMITYVILLE, NY, USA",PHRF,ToD / ToT,162.0,156.0,2026,2024 Around Long Island Regatta; 2025 Around Long Island Regatta; 2026 Around Long Island Regatta; 2026 Vineyard Race,,,Not identified from public sources reviewed,,,,https://yachtscoring.com/event_results_detail/16423/1,https://yachtscoring.com/event_scratch_sheet/16423,https://yachtscoring.com/boatdetail/50775/529369,"Overall fleet rank and size come from YachtScoring Race 1 detailed results. The overall fleet is the source-defined racing circle plus rating division, not the individual class.",338433326; 338563588,338433326; 338563588,HALVE MAEN,Not provided in export,Pleasure,10.0,3.0,,Not provided in export,2026-09-04T15:45:08.303Z,2026-09-05T17:19:43.499Z,1673.0,Low,"Exact normalized name matched multiple AIS MMSIs; verify using dimensions, owner, or callsign.",Attached AIS_EVENTS_RAW.csv
16423,Around Long Island Regatta,2024,"July 25 - 29, 2024",2\. Around Long Island - Spinnaker Racing | PHRF Division,2\. Around Long Island - Spinnaker Racing,PHRF Division,3.0,34,27,PHRF - Spinnaker Division 6 - Warning Signal 13:40,1.0,FINISHED,1:10:41:29,1:16:33:23,07/27/2024 @ 06:18:23 (GMT-05:00),soundsgreat,Sound's Great,USA 60665,Jeanneau 409,40,Barry Lenoble,"MSSA, MSYC","Selden, NY, USA",PHRF,ToD / ToT,102.0,102.0,2025,2024 Around Long Island Regatta; 2025 Around Long Island Regatta; 2025 Storm Trysail Club Block Island Race,,,Not identified from public sources reviewed,,,,https://yachtscoring.com/event_results_detail/16423/1,https://yachtscoring.com/event_scratch_sheet/16423,https://yachtscoring.com/boatdetail/50032/505609,"Overall fleet rank and size come from YachtScoring Race 1 detailed results. The overall fleet is the source-defined racing circle plus rating division, not the individual class.",338226417,338226417,SOUNDS GREAT,Not provided in export,Sailing,12.0,4.0,,Not provided in export,2026-09-04T19:26:32.539Z,2026-09-04T19:58:32.78Z,31.0,High,"Exact normalized name match, compatible AIS vessel type, and compatible reported length.",Attached AIS_EVENTS_RAW.csv
16423,Around Long Island Regatta,2024,"July 25 - 29, 2024",2\. Around Long Island - Spinnaker Racing | PHRF Division,2\. Around Long Island - Spinnaker Racing,PHRF Division,4.0,34,27,PHRF - Spinnaker Division 6 - Warning Signal 13:40,2.0,FINISHED,1:11:02:21,1:16:33:33,07/27/2024 @ 06:18:33 (GMT-05:00),yankeeboy,Yankee Boy,USA 52524,Swan 411,41 Ft,Duncan McKay,Stamford Yacht Club,"Stamford, CT, USA",PHRF,ToD / ToT,96.0,102.0,2026,2024 Around Long Island Regatta; 2024 Storm Trysail Club Block Island Race; 2024 Vineyard Race; 2026 Vineyard Race,,,Not identified from public sources reviewed,,,,https://yachtscoring.com/event_results_detail/16423/1,https://yachtscoring.com/event_scratch_sheet/16423,https://yachtscoring.com/boatdetail/50775/529594,"Overall fleet rank and size come from YachtScoring Race 1 detailed results. The overall fleet is the source-defined racing circle plus rating division, not the individual class.",338356893,338356893,YANKEE BOY,Not provided in export,Sailing,13.0,4.0,,Not provided in export,2026-09-04T15:45:03.927Z,2026-09-05T12:53:49.046Z,2723.0,High,"Exact normalized name match, compatible AIS vessel type, and compatible reported length.",Attached AIS_EVENTS_RAW.csv
16423,Around Long Island Regatta,2024,"July 25 - 29, 2024",2\. Around Long Island - Spinnaker Racing | PHRF Division,2\. Around Long Island - Spinnaker Racing,PHRF Division,5.0,34,27,PHRF - Spinnaker Division 6 - Warning Signal 13:40,3.0,FINISHED,1:11:29:54,1:15:27:57,07/27/2024 @ 05:12:57 (GMT-05:00),morningglory,Morning Glory YCC,USA 197,J109,35,Junior Sailing Program Larchmont Yacht Club,Larchmont Yacht Club,"Larchmont, NY, USA",PHRF,ToD / ToT,69.0,69.0,2024,2024 Around Long Island Regatta,,,Not identified from public sources reviewed,,,,https://yachtscoring.com/event_results_detail/16423/1,https://yachtscoring.com/event_scratch_sheet/16423,https://yachtscoring.com/boatdetail/16423/306168,"Overall fleet rank and size come from YachtScoring Race 1 detailed results. The overall fleet is the source-defined racing circle plus rating division, not the individual class.",,,,,,,,,,,,,,,
16423,Around Long Island Regatta,2024,"July 25 - 29, 2024",2\. Around Long Island - Spinnaker Racing | PHRF Division,2\. Around Long Island - Spinnaker Racing,PHRF Division,7.0,34,27,PHRF - Spinnaker Division 6 - Warning Signal 13:40,4.0,FINISHED,1:11:58:29,1:16:27:35,07/27/2024 @ 06:12:35 (GMT-05:00),scapegoat,SCAPEGOAT,USA 619,J/105,34 Ft,James Reichel,Lloyd Harbor YC,"West Islip, NY, USA",PHRF,ToD / ToT,78.0,78.0,2026,2024 Around Long Island Regatta; 2025 Around Long Island Regatta; 2026 Around Long Island Regatta,,,Not identified from public sources reviewed,,,,https://yachtscoring.com/event_results_detail/16423/1,https://yachtscoring.com/event_scratch_sheet/16423,https://yachtscoring.com/boatdetail/50645/526964,"Overall fleet rank and size come from YachtScoring Race 1 detailed results. The overall fleet is the source-defined racing circle plus rating division, not the individual class.",,,,,,,,,,,,,,,
16423,Around Long Island Regatta,2024,"July 25 - 29, 2024",2\. Around Long Island - Spinnaker Racing | PHRF Division,2\. Around Long Island - Spinnaker Racing,PHRF Division,18.0,34,27,PHRF - Spinnaker Division 6 - Warning Signal 13:40,5.0,FINISHED,1:16:08:27,1:22:21:03,07/27/2024 @ 12:06:03 (GMT-05:00),poppy,Poppy,USA 42559,Olson 34,34 Ft,Kelly Robinson,"STC, Raritan, Monterey Peninsula","Staten Island, NY, USA",PHRF,ToD / ToT,108.0,108.0,2025,2024 Around Long Island Regatta; 2025 Vineyard Race,,,Not identified from public sources reviewed,,,,https://yachtscoring.com/event_results_detail/16423/1,https://yachtscoring.com/event_scratch_sheet/16423,https://yachtscoring.com/boatdetail/50111/510477,"Overall fleet rank and size come from YachtScoring Race 1 detailed results. The overall fleet is the source-defined racing circle plus rating division, not the individual class.",,,,,,,,,,,,,,,
16423,Around Long Island Regatta,2024,"July 25 - 29, 2024",2\. Around Long Island - Spinnaker Racing | PHRF Division,2\. Around Long Island - Spinnaker Racing,PHRF Division,,34,27,PHRF - Spinnaker Division 6 - Warning Signal 13:40,6.0,RET,,1:21:55:15,07/27/2024 @ 11:40:15 (GMT-05:00),bavaria,BAVARIA,USA 61595,Jeanneau 410,39,Jurgen Link,Off Soundings,"Westport, CT, USA",PHRF,ToD / ToT,108.0,108.0,2024,2024 Around Long Island Regatta,,,Not identified from public sources reviewed,,,,https://yachtscoring.com/event_results_detail/16423/1,https://yachtscoring.com/event_scratch_sheet/16423,https://yachtscoring.com/boatdetail/16423/296629,"Overall fleet rank and size come from YachtScoring Race 1 detailed results. The overall fleet is the source-defined racing circle plus rating division, not the individual class.",,,,,,,,,,,,,,,
16423,Around Long Island Regatta,2024,"July 25 - 29, 2024",2\. Around Long Island - Spinnaker Racing | PHRF Division,2\. Around Long Island - Spinnaker Racing,PHRF Division,,34,27,PHRF - Spinnaker Division 6 - Warning Signal 13:40,7.0,RET,,1:21:58:22,07/27/2024 @ 11:43:22 (GMT-05:00),condor,Condor,USA 53338,Bowman Corsair,44 Ft,Andy Johnson,Milford Yacht Club,"Milford, CT, USA",PHRF,ToD / ToT,105.0,126.0,2026,2024 Around Long Island Regatta; 2025 Around Long Island Regatta; 2026 Vineyard Race,,,Not identified from public sources reviewed,,,,https://yachtscoring.com/event_results_detail/16423/1,https://yachtscoring.com/event_scratch_sheet/16423,https://yachtscoring.com/boatdetail/50775/529076,"Overall fleet rank and size come from YachtScoring Race 1 detailed results. The overall fleet is the source-defined racing circle plus rating division, not the individual class.",366876790,366876790,CONDOR,Not provided in export,Sailing,13.0,4.0,,Not provided in export,2026-09-04T13:01:37.712Z,2026-09-07T11:45:21.573Z,6204.0,High,"Exact normalized name match, compatible AIS vessel type, and compatible reported length.",Attached AIS_EVENTS_RAW.csv
16423,Around Long Island Regatta,2024,"July 25 - 29, 2024",2\. Around Long Island - Spinnaker Racing | PHRF Division,2\. Around Long Island - Spinnaker Racing,PHRF Division,8.0,34,27,PHRF - Spinnaker Division 7 - Warning Signal 13:50,1.0,FINISHED,1:12:35:22,1:16:23:04,07/27/2024 @ 06:18:04 (GMT-05:00),osprey,Osprey,60697,J 35,35.5,Gregory Kotzas,Keyport Yacht Club,"Keyport, NJ, USA",PHRF,ToD / ToT,66.0,66.0,2024,2024 Around Long Island Regatta; 2024 Vineyard Race,,,Not identified from public sources reviewed,,,,https://yachtscoring.com/event_results_detail/16423/1,https://yachtscoring.com/event_scratch_sheet/16423,https://yachtscoring.com/boatdetail/16572/294431,"Overall fleet rank and size come from YachtScoring Race 1 detailed results. The overall fleet is the source-defined racing circle plus rating division, not the individual class.",338429575; 368111230,338429575; 368111230,OSPREY,Not provided in export,Pleasure,10.0,6.0,,Not provided in export,2026-09-04T18:35:00.573Z,2026-09-05T23:26:01.989Z,679.0,Low,"Exact normalized name matched multiple AIS MMSIs; verify using dimensions, owner, or callsign.",Attached AIS_EVENTS_RAW.csv
16423,Around Long Island Regatta,2024,"July 25 - 29, 2024",2\. Around Long Island - Spinnaker Racing | PHRF Division,2\. Around Long Island - Spinnaker Racing,PHRF Division,11.0,34,27,PHRF - Spinnaker Division 7 - Warning Signal 13:50,2.0,FINISHED,1:13:23:17,1:16:19:14,07/27/2024 @ 06:14:14 (GMT-05:00),luckyluke,Lucky Luke,61734S,Pogo 36,10.8m,Jean-Marie Bergeal,CPYC,"Westport, CT, USA",PHRF,ToD / ToT,51.0,51.0,2025,2024 Around Long Island Regatta; 2025 Around Long Island Regatta; 2025 Storm Trysail Club Block Island Race,,,Not identified from public sources reviewed,,,,https://yachtscoring.com/event_results_detail/16423/1,https://yachtscoring.com/event_scratch_sheet/16423,https://yachtscoring.com/boatdetail/50032/506331,"Overall fleet rank and size come from YachtScoring Race 1 detailed results. The overall fleet is the source-defined racing circle plus rating division, not the individual class.",,,,,,,,,,,,,,,
16423,Around Long Island Regatta,2024,"July 25 - 29, 2024",2\. Around Long Island - Spinnaker Racing | PHRF Division,2\. Around Long Island - Spinnaker Racing,PHRF Division,13.0,34,27,PHRF - Spinnaker Division 7 - Warning Signal 13:50,3.0,FINISHED,1:14:23:24,1:16:17:15,07/27/2024 @ 06:12:15 (GMT-05:00),katara,Katara YCC,United States 61577,X4.3,43,Daniel Griffin,PWYC,"Port Washington, NY, USA",PHRF,ToD / ToT,33.0,33.0,2024,2024 Around Long Island Regatta,,,Not identified from public sources reviewed,,,,https://yachtscoring.com/event_results_detail/16423/1,https://yachtscoring.com/event_scratch_sheet/16423,https://yachtscoring.com/boatdetail/16423/293367,"Overall fleet rank and size come from YachtScoring Race 1 detailed results. The overall fleet is the source-defined racing circle plus rating division, not the individual class.",368314510,368314510,KATARA,Not provided in export,Pleasure,13.0,4.0,,Not provided in export,2026-09-05T18:06:52.198Z,2026-09-05T19:47:21.664Z,106.0,High,"Exact normalized name match, compatible AIS vessel type, and compatible reported length.",Attached AIS_EVENTS_RAW.csv
16423,Around Long Island Regatta,2024,"July 25 - 29, 2024",2\. Around Long Island - Spinnaker Racing | PHRF Division,2\. Around Long Island - Spinnaker Racing,PHRF Division,14.0,34,27,PHRF - Spinnaker Division 7 - Warning Signal 13:50,4.0,FINISHED,1:14:27:12,1:16:21:03,07/27/2024 @ 06:16:03 (GMT-05:00),surfacetension,Surface Tension,52556,Beneteau First 44.7,44 Ft,Lou Melillo,Atlantic Highlands Yacht Club / Storm Trysail Club,"Middletown, NJ, USA",ORC,APH,33.0,505.4,2026,2024 Around Long Island Regatta; 2024 Storm Trysail Club Block Island Race; 2024 Vineyard Race; 2025 Around Long Island Regatta; 2025 Vineyard Race; 2026 Around Long Island Regatta; 2026 Vineyard Race,,,Not identified from public sources reviewed,,,,https://yachtscoring.com/event_results_detail/16423/1,https://yachtscoring.com/event_scratch_sheet/16423,https://yachtscoring.com/boatdetail/50775/528824,"Overall fleet rank and size come from YachtScoring Race 1 detailed results. The overall fleet is the source-defined racing circle plus rating division, not the individual class.",338477707,338477707,SURFACE TENSION,Not provided in export,Pleasure,14.0,4.0,,Not provided in export,2026-09-04T13:01:39.193Z,2026-09-05T11:47:22.563Z,1789.0,High,"Exact normalized name match, compatible AIS vessel type, and compatible reported length.",Attached AIS_EVENTS_RAW.csv
16423,Around Long Island Regatta,2024,"July 25 - 29, 2024",2\. Around Long Island - Spinnaker Racing | PHRF Division,2\. Around Long Island - Spinnaker Racing,PHRF Division,16.0,34,27,PHRF - Spinnaker Division 7 - Warning Signal 13:50,5.0,FINISHED,1:15:17:51,1:16:30:18,07/27/2024 @ 06:25:18 (GMT-05:00),dellaaurora,Della Aurora,USA 46726,XR41,41 Ft,James Bistis,NYYC / LYC,"New Vernon, NJ, USA",ORC,APH,21.0,492.1,2026,2024 Around Long Island Regatta; 2025 Around Long Island Regatta; 2025 Vineyard Race; 2026 Around Long Island Regatta; 2026 Vineyard Race,,,Not identified from public sources reviewed,,,,https://yachtscoring.com/event_results_detail/16423/1,https://yachtscoring.com/event_scratch_sheet/16423,https://yachtscoring.com/boatdetail/50775/529486,"Overall fleet rank and size come from YachtScoring Race 1 detailed results. The overall fleet is the source-defined racing circle plus rating division, not the individual class.",368485380,368485380,DELLA AURORA,Not provided in export,Pleasure,12.0,4.0,,Not provided in export,2026-09-04T13:01:49.702Z,2026-09-05T11:36:23.772Z,1850.0,High,"Exact normalized name match, compatible AIS vessel type, and compatible reported length.",Attached AIS_EVENTS_RAW.csv
16423,Around Long Island Regatta,2024,"July 25 - 29, 2024",2\. Around Long Island - Spinnaker Racing | PHRF Division,2\. Around Long Island - Spinnaker Racing,PHRF Division,17.0,34,27,PHRF - Spinnaker Division 7 - Warning Signal 13:50,6.0,FINISHED,1:15:30:02,1:18:46:41,07/27/2024 @ 08:41:41 (GMT-05:00),wanderer,WANDERER,181,Hanse 458,44.5 Ft,Stefano Basilico,"Port Jefferson Yacht Club, Bellport Bay Yacht Club","BROOKLYN, NY, USA",PHRF,ToD / ToT,57.0,60.0,2026,2024 Around Long Island Regatta; 2024 Storm Trysail Club Block Island Race; 2025 Around Long Island Regatta; 2026 Around Long Island Regatta,,,Not identified from public sources reviewed,,,,https://yachtscoring.com/event_results_detail/16423/1,https://yachtscoring.com/event_scratch_sheet/16423,https://yachtscoring.com/boatdetail/50645/522641,"Overall fleet rank and size come from YachtScoring Race 1 detailed results. The overall fleet is the source-defined racing circle plus rating division, not the individual class.",,,,,,,,,,,,,,,
16423,Around Long Island Regatta,2024,"July 25 - 29, 2024",2\. Around Long Island - Spinnaker Racing | PHRF Division,2\. Around Long Island - Spinnaker Racing,PHRF Division,23.0,34,27,PHRF - Spinnaker Division 7 - Warning Signal 13:50,7.0,FINISHED,1:21:29:19,2:01:17:01,07/27/2024 @ 15:12:01 (GMT-05:00),harvestmoon,Harvest Moon,147,Jeanneau 490,47.3,Charles Chiaramonte,Port Jefferson Yacht Club,"Port Jefferson, NY, USA",PHRF,ToD / ToT,66.0,66.0,2024,2024 Around Long Island Regatta,,,Not identified from public sources reviewed,,,,https://yachtscoring.com/event_results_detail/16423/1,https://yachtscoring.com/event_scratch_sheet/16423,https://yachtscoring.com/boatdetail/16423/304072,"Overall fleet rank and size come from YachtScoring Race 1 detailed results. The overall fleet is the source-defined racing circle plus rating division, not the individual class.",368295210,368295210,HARVEST MOON,Not provided in export,Pleasure,15.0,5.0,,Not provided in export,2026-09-04T17:27:30.917Z,2026-09-06T14:47:49.49Z,170.0,High,"Exact normalized name match, compatible AIS vessel type, and compatible reported length.",Attached AIS_EVENTS_RAW.csv
16423,Around Long Island Regatta,2024,"July 25 - 29, 2024",2\. Around Long Island - Spinnaker Racing | PHRF Division,2\. Around Long Island - Spinnaker Racing,PHRF Division,,34,27,PHRF - Spinnaker Division 7 - Warning Signal 13:50,8.0,RET,,2:00:58:04,07/27/2024 @ 14:53:04 (GMT-05:00),rickybobby,Ricky Bobby,60570,Elan GT5,40 Ft,Peter Wolf,Hudson Point Yacht Club,"Jersey City, NJ, USA",PHRF,ToD / ToT,54.0,63.0,2025,2024 Around Long Island Regatta; 2025 Around Long Island Regatta,,,Not identified from public sources reviewed,,,,https://yachtscoring.com/event_results_detail/16423/1,https://yachtscoring.com/event_scratch_sheet/16423,https://yachtscoring.com/boatdetail/50029/510856,"Overall fleet rank and size come from YachtScoring Race 1 detailed results. The overall fleet is the source-defined racing circle plus rating division, not the individual class.",,,,,,,,,,,,,,,
16423,Around Long Island Regatta,2024,"July 25 - 29, 2024",2\. Around Long Island - Spinnaker Racing | PHRF Division,2\. Around Long Island - Spinnaker Racing,PHRF Division,1.0,34,27,PHRF - Spinnaker Division 8 - Warning Signal 14:00,1.0,FINISHED,1:05:24:28,1:03:30:37,07/26/2024 @ 17:35:37 (GMT-05:00),avalanche,Avalanche,GBR 20,Soto 40,40,Albrecht/ Gesualdo,"NYC, STC","Glen Cove, NY, USA",PHRF,ToD / ToT,-33.0,-33.0,2025,2024 Around Long Island Regatta; 2024 Vineyard Race; 2025 Around Long Island Regatta,,,Not identified from public sources reviewed,,,,https://yachtscoring.com/event_results_detail/16423/1,https://yachtscoring.com/event_scratch_sheet/16423,https://yachtscoring.com/boatdetail/50029/507515,"Overall fleet rank and size come from YachtScoring Race 1 detailed results. The overall fleet is the source-defined racing circle plus rating division, not the individual class.",,,,,,,,,,,,,,,
16423,Around Long Island Regatta,2024,"July 25 - 29, 2024",2\. Around Long Island - Spinnaker Racing | PHRF Division,2\. Around Long Island - Spinnaker Racing,PHRF Division,2.0,34,27,PHRF - Spinnaker Division 8 - Warning Signal 14:00,2.0,FINISHED,1:09:27:41,1:08:25:35,07/26/2024 @ 22:30:35 (GMT-05:00),max,Max,USA 75050,Pogo 50,50 Ft,Moritz Hilf,New York Yacht Club / American Yacht Club / Storm Trysail Club,"New York, NY, USA",PHRF,ToD / ToT,-18.0,-18.0,2026,2024 Around Long Island Regatta; 2024 Storm Trysail Club Block Island Race; 2025 Around Long Island Regatta; 2026 Around Long Island Regatta; 2026 Storm Trysail Club Block Island Race; 2026 Vineyard Race,,,Not identified from public sources reviewed,,,,https://yachtscoring.com/event_results_detail/16423/1,https://yachtscoring.com/event_scratch_sheet/16423,https://yachtscoring.com/boatdetail/50775/529465,"Overall fleet rank and size come from YachtScoring Race 1 detailed results. The overall fleet is the source-defined racing circle plus rating division, not the individual class.",368146320,368146320,MAX,Not provided in export,Sailing,15.0,5.0,,Not provided in export,2026-09-04T12:38:38.982Z,2026-09-05T10:31:55.796Z,1238.0,High,"Exact normalized name match, compatible AIS vessel type, and compatible reported length.",Attached AIS_EVENTS_RAW.csv
16423,Around Long Island Regatta,2024,"July 25 - 29, 2024",2\. Around Long Island - Spinnaker Racing | PHRF Division,2\. Around Long Island - Spinnaker Racing,PHRF Division,20.0,34,27,PHRF - Spinnaker Division 8 - Warning Signal 14:00,3.0,FINISHED,1:16:44:09,1:16:13:06,07/27/2024 @ 06:18:06 (GMT-05:00),hounddog,Hound Dog,USA 51110,Tripp 41,41 Ft,Connor Mettus,,"New Smyrna Beach, FL, USA",PHRF,ToD / ToT,-9.0,-9.0,2025,2024 Around Long Island Regatta; 2024 Vineyard Race; 2025 Vineyard Race,,,Not identified from public sources reviewed,,,,https://yachtscoring.com/event_results_detail/16423/1,https://yachtscoring.com/event_scratch_sheet/16423,https://yachtscoring.com/boatdetail/50111/513283,"Overall fleet rank and size come from YachtScoring Race 1 detailed results. The overall fleet is the source-defined racing circle plus rating division, not the individual class.",,,,,,,,,,,,,,,
16423,Around Long Island Regatta,2024,"July 25 - 29, 2024",2\. Around Long Island - Spinnaker Racing | PHRF Division,2\. Around Long Island - Spinnaker Racing,PHRF Division,,34,27,PHRF - Spinnaker Division 8 - Warning Signal 14:00,4.0,RET,,1:17:56:02,07/27/2024 @ 08:01:02 (GMT-05:00),truenorth,True North,USA 6455,Jeanneau 64,65.94,Derek Harris,NYYC,"Oyster Bay, NY, USA",PHRF,ToD / ToT,6.0,6.0,2024,2024 Around Long Island Regatta,,,Not identified from public sources reviewed,,,,https://yachtscoring.com/event_results_detail/16423/1,https://yachtscoring.com/event_scratch_sheet/16423,https://yachtscoring.com/boatdetail/16423/299210,"Overall fleet rank and size come from YachtScoring Race 1 detailed results. The overall fleet is the source-defined racing circle plus rating division, not the individual class.",338309224; 338476471,338309224; 338476471,TRUE NORTH,Not provided in export,Pleasure,19.0,4.0,,Not provided in export,2026-09-04T23:57:21.668Z,2026-09-06T01:57:56.224Z,595.0,Low,"Exact normalized name matched multiple AIS MMSIs; verify using dimensions, owner, or callsign.",Attached AIS_EVENTS_RAW.csv
16423,Around Long Island Regatta,2024,"July 25 - 29, 2024",4\. Around Long Island - Multihull Racing | PHRF Division,4\. Around Long Island - Multihull Racing,PHRF Division,,1,0,Multihull (NEMA) Division 9 - Warning Signal 14:10,1.0,RET,,1:17:59:57,07/27/2024 @ 08:14:57 (GMT-05:00),threelittlebirds,Three Little Birds,USA 52985,PT11 Trimaran,36 Ft,Peter Malloy,Orient Yacht Club,"Orient, NY, USA",General ToT,ToD / ToT,-25.0,-25.0,2026,2024 Around Long Island Regatta; 2026 Around Long Island Regatta,,,Not identified from public sources reviewed,,,,https://yachtscoring.com/event_results_detail/16423/1,https://yachtscoring.com/event_scratch_sheet/16423,https://yachtscoring.com/boatdetail/50645/525225,"Overall fleet rank and size come from YachtScoring Race 1 detailed results. The overall fleet is the source-defined racing circle plus rating division, not the individual class.",338470066; 338568854,338470066; 338568854,THREE LITTLE BIRDS,Not provided in export,Pleasure,12.0,4.0,,Not provided in export,2026-09-05T02:00:40.43Z,2026-09-06T04:13:38.563Z,72.0,Low,"Exact normalized name matched multiple AIS MMSIs; verify using dimensions, owner, or callsign.",Attached AIS_EVENTS_RAW.csv
16423,Around Long Island Regatta,2024,"July 25 - 29, 2024",5\. Around Long Island - ORC Racing | ORC Division,5\. Around Long Island - ORC Racing,ORC Division,2.0,2,2,Multihull (NEMA) Division 9 - Warning Signal 14:10,1.0,FINISHED,1:23:45:04,1:16:21:03,07/27/2024 @ 06:16:03 (GMT-05:00),surfacetensionorc,Surface Tension - ORC,USA 52556,Beneteau First 44.7,44,Lou Mellilo / Mike Bermann,AHYC / STC,"Middletown, NJ, USA",ORC,APH,507.0,507.0,2024,2024 Around Long Island Regatta,,,Not identified from public sources reviewed,,,,https://yachtscoring.com/event_results_detail/16423/1,https://yachtscoring.com/event_scratch_sheet/16423,https://yachtscoring.com/boatdetail/16423/306165,"Overall fleet rank and size come from YachtScoring Race 1 detailed results. The overall fleet is the source-defined racing circle plus rating division, not the individual class.",,,,,,,,,,,,,,,
16423,Around Long Island Regatta,2024,"July 25 - 29, 2024",5\. Around Long Island - ORC Racing | ORC Division,5\. Around Long Island - ORC Racing,ORC Division,1.0,2,2,Multihull (NEMA) Division 9 - Warning Signal 14:10,1.0,FINISHED,1:12:26:54,1:03:30:37,07/26/2024 @ 17:35:37 (GMT-05:00),avalancheorc,Avalanche - ORC,GBR 20,Soto 40,40,Craig Albrecht,YRA LIS,"Glen Cove, NY, USA",ORC,APH,452.9,452.9,2024,2024 Around Long Island Regatta,,,Not identified from public sources reviewed,,,,https://yachtscoring.com/event_results_detail/16423/1,https://yachtscoring.com/event_scratch_sheet/16423,https://yachtscoring.com/boatdetail/16423/295736,"Overall fleet rank and size come from YachtScoring Race 1 detailed results. The overall fleet is the source-defined racing circle plus rating division, not the individual class.",,,,,,,,,,,,,,,
50029,Around Long Island Regatta,2025,"July 24 - 27, 2025",Around Long Island Course - Multihull Racing | PHRF Division,Around Long Island Course - Multihull Racing,PHRF Division,1.0,1,1,Multihull (NEMA) Division M - Warning Signal 12:20,1.0,FINISHED,1:09:00:42,1:07:51:42,07/25/2025 @ 20:16:42,daffodil,Daffodil,167,Corsair F31R,31 Ft,Alex Watson,NEMA,"New York, NY, USA",General ToT,ToD / ToT,-20.0,-20.0,2026,2025 Around Long Island Regatta; 2025 Storm Trysail Club Block Island Race; 2026 Storm Trysail Club Block Island Race,,,Not identified from public sources reviewed,,,,https://yachtscoring.com/event_results_detail/50029/1,https://yachtscoring.com/event_scratch_sheet/50029,https://yachtscoring.com/boatdetail/50619/522880,"Overall fleet rank and size come from YachtScoring Race 1 detailed results. The overall fleet is the source-defined racing circle plus rating division, not the individual class.",,,,,,,,,,,,,,,
50029,Around Long Island Regatta,2025,"July 24 - 27, 2025",Around Long Island Course - Non-Spinnaker Racing | PHRF Division,Around Long Island Course - Non-Spinnaker Racing,PHRF Division,3.0,14,10,Non-Spinnaker Division 1 - Warning Signal 11:00,1.0,FINISHED,1:09:13:56,1:19:34:56,07/26/2025 @ 06:39:56,maggie,Maggie,330,Catalina 320,32.5 Ft,Artur Piotrowski,"City Island Yacht Club Bronx, NY","New Britain, CT, USA",PHRF,ToD / ToT,180.0,180.0,2025,2024 Around Long Island Regatta; 2025 Around Long Island Regatta,,,Not identified from public sources reviewed,,,,https://yachtscoring.com/event_results_detail/50029/1,https://yachtscoring.com/event_scratch_sheet/50029,https://yachtscoring.com/boatdetail/50029/509858,"Overall fleet rank and size come from YachtScoring Race 1 detailed results. The overall fleet is the source-defined racing circle plus rating division, not the individual class.",,,,,,,,,,,,,,,
50029,Around Long Island Regatta,2025,"July 24 - 27, 2025",Around Long Island Course - Non-Spinnaker Racing | PHRF Division,Around Long Island Course - Non-Spinnaker Racing,PHRF Division,6.0,14,10,Non-Spinnaker Division 1 - Warning Signal 11:00,2.0,FINISHED,1:11:45:08,2:00:31:02,07/26/2025 @ 11:36:02,yopo,Yopo,103,Contest,30 Ft,Artur Jasinski,Polish Sailing Club,"Queens, NY, USA",PHRF,ToD / ToT,222.0,222.0,2026,2025 Around Long Island Regatta; 2026 Around Long Island Regatta,,,Not identified from public sources reviewed,,,,https://yachtscoring.com/event_results_detail/50029/1,https://yachtscoring.com/event_scratch_sheet/50029,https://yachtscoring.com/boatdetail/50645/527146,"Overall fleet rank and size come from YachtScoring Race 1 detailed results. The overall fleet is the source-defined racing circle plus rating division, not the individual class.",,,,,,,,,,,,,,,
50029,Around Long Island Regatta,2025,"July 24 - 27, 2025",Around Long Island Course - Non-Spinnaker Racing | PHRF Division,Around Long Island Course - Non-Spinnaker Racing,PHRF Division,8.0,14,10,Non-Spinnaker Division 1 - Warning Signal 11:00,3.0,FINISHED,1:13:10:08,1:23:31:08,07/26/2025 @ 10:36:08,java,Java,279,Jeanneau 36.2 SO,36 Ft,Marc Grill,Port Washington Yacht Club,"PRT WASHINGTN, NY, USA",PHRF,ToD / ToT,180.0,183.0,2026,2024 Around Long Island Regatta; 2025 Around Long Island Regatta; 2026 Around Long Island Regatta,,,Not identified from public sources reviewed,,,,https://yachtscoring.com/event_results_detail/50029/1,https://yachtscoring.com/event_scratch_sheet/50029,https://yachtscoring.com/boatdetail/50645/522716,"Overall fleet rank and size come from YachtScoring Race 1 detailed results. The overall fleet is the source-defined racing circle plus rating division, not the individual class.",,,,,,,,,,,,,,,
50029,Around Long Island Regatta,2025,"July 24 - 27, 2025",Around Long Island Course - Non-Spinnaker Racing | PHRF Division,Around Long Island Course - Non-Spinnaker Racing,PHRF Division,10.0,14,10,Non-Spinnaker Division 1 - Warning Signal 11:00,4.0,FINISHED,1:18:23:38,2:03:32:11,07/26/2025 @ 14:37:11,terranova,Terra Nova,Uni 0127,Hunter 33,33 Ft,Alexander Malochka,none,"Brooklyn, NY, USA",PHRF,ToD / ToT,159.0,159.0,2025,2024 Around Long Island Regatta; 2024 Vineyard Race; 2025 Around Long Island Regatta; 2025 Vineyard Race,,,Not identified from public sources reviewed,,,,https://yachtscoring.com/event_results_detail/50029/1,https://yachtscoring.com/event_scratch_sheet/50029,https://yachtscoring.com/boatdetail/50111/510427,"Overall fleet rank and size come from YachtScoring Race 1 detailed results. The overall fleet is the source-defined racing circle plus rating division, not the individual class.",,,,,,,,,,,,,,,
50029,Around Long Island Regatta,2025,"July 24 - 27, 2025",Around Long Island Course - Non-Spinnaker Racing | PHRF Division,Around Long Island Course - Non-Spinnaker Racing,PHRF Division,,14,10,Non-Spinnaker Division 1 - Warning Signal 11:00,5.0,DNC,,0:00:00:00,,windsong,Wind Song,USA 6145,Catalina 30,30 Ft,yaron ziegel,,"hollis hills, ny, USA",PHRF,ToD / ToT,213.0,213.0,2025,2025 Around Long Island Regatta,,,Not identified from public sources reviewed,,,,https://yachtscoring.com/event_results_detail/50029/1,https://yachtscoring.com/event_scratch_sheet/50029,https://yachtscoring.com/boatdetail/50029/511070,"Overall fleet rank and size come from YachtScoring Race 1 detailed results. The overall fleet is the source-defined racing circle plus rating division, not the individual class.",,,,,,,,,,,,,,,
50029,Around Long Island Regatta,2025,"July 24 - 27, 2025",Around Long Island Course - Non-Spinnaker Racing | PHRF Division,Around Long Island Course - Non-Spinnaker Racing,PHRF Division,,14,10,Non-Spinnaker Division 1 - Warning Signal 11:00,6.0,RET,,0:00:00:00,,kitli,Kitli,297,Sabre 34-2,34 Ft,Darshan Patel,"Meyran Marine, Port Washington, NY","New Hyde Park, NY, USA",PHRF,ToD / ToT,156.0,156.0,2025,2025 Around Long Island Regatta,,,Not identified from public sources reviewed,,,,https://yachtscoring.com/event_results_detail/50029/1,https://yachtscoring.com/event_scratch_sheet/50029,https://yachtscoring.com/boatdetail/50029/511187,"Overall fleet rank and size come from YachtScoring Race 1 detailed results. The overall fleet is the source-defined racing circle plus rating division, not the individual class.",,,,,,,,,,,,,,,
50029,Around Long Island Regatta,2025,"July 24 - 27, 2025",Around Long Island Course - Non-Spinnaker Racing | PHRF Division,Around Long Island Course - Non-Spinnaker Racing,PHRF Division,,14,10,Non-Spinnaker Division 1 - Warning Signal 11:00,7.0,RET,,0:00:00:00,,vamonos,Vamonos,USA 1910,Jeanneau 36i,10.94 M,John Martin,,"Yonkers, NY, USA",PHRF,ToD / ToT,144.0,144.0,2025,2025 Around Long Island Regatta,,,Not identified from public sources reviewed,,,,https://yachtscoring.com/event_results_detail/50029/1,https://yachtscoring.com/event_scratch_sheet/50029,https://yachtscoring.com/boatdetail/50029/511365,"Overall fleet rank and size come from YachtScoring Race 1 detailed results. The overall fleet is the source-defined racing circle plus rating division, not the individual class.",,,,,,,,,,,,,,,
50029,Around Long Island Regatta,2025,"July 24 - 27, 2025",Around Long Island Course - Non-Spinnaker Racing | PHRF Division,Around Long Island Course - Non-Spinnaker Racing,PHRF Division,1.0,14,10,Non-Spinnaker Division 2 - Warning Signal 11:10,1.0,FINISHED,1:07:54:29,1:16:11:17,07/26/2025 @ 03:26:17,dolcezza,Dolcezza,53,Hunter Legend 37.5,37 Ft,Neill Parker Jr,Manhasset Bay YC,"Port Washington, NY, USA",PHRF,ToD / ToT,144.0,150.0,2026,2024 Around Long Island Regatta; 2025 Around Long Island Regatta; 2026 Around Long Island Regatta,,,Not identified from public sources reviewed,,,,https://yachtscoring.com/event_results_detail/50029/1,https://yachtscoring.com/event_scratch_sheet/50029,https://yachtscoring.com/boatdetail/50645/522910,"Overall fleet rank and size come from YachtScoring Race 1 detailed results. The overall fleet is the source-defined racing circle plus rating division, not the individual class.",,,,,,,,,,,,,,,
50029,Around Long Island Regatta,2025,"July 24 - 27, 2025",Around Long Island Course - Non-Spinnaker Racing | PHRF Division,Around Long Island Course - Non-Spinnaker Racing,PHRF Division,2.0,14,10,Non-Spinnaker Division 2 - Warning Signal 11:10,2.0,FINISHED,1:07:58:23,1:15:02:44,07/26/2025 @ 02:17:44,smokemirrors,Smoke &Mirrors,Uni h40/222,Hunter legend,40,Edward Nielsen,Port Jefferson,"Smithtown, NY, USA",PHRF,ToD / ToT,123.0,123.0,2025,2025 Around Long Island Regatta,,,Not identified from public sources reviewed,,,,https://yachtscoring.com/event_results_detail/50029/1,https://yachtscoring.com/event_scratch_sheet/50029,https://yachtscoring.com/boatdetail/50029/501739,"Overall fleet rank and size come from YachtScoring Race 1 detailed results. The overall fleet is the source-defined racing circle plus rating division, not the individual class.",367349290,367349290,SMOKE & MIRRORS,Not provided in export,Sailing,6.0,4.0,,Not provided in export,2026-09-04T17:48:22.949Z,2026-09-07T11:43:25.105Z,304.0,Low,"Exact normalized name match, but AIS reported length or type conflicts with the race entry.",Attached AIS_EVENTS_RAW.csv
50029,Around Long Island Regatta,2025,"July 24 - 27, 2025",Around Long Island Course - Non-Spinnaker Racing | PHRF Division,Around Long Island Course - Non-Spinnaker Racing,PHRF Division,4.0,14,10,Non-Spinnaker Division 2 - Warning Signal 11:10,3.0,FINISHED,1:09:16:11,1:15:59:50,07/26/2025 @ 03:14:50,inessaii,Inessa II,USA 11379,Jeanneau,44 Ft,Nikolas Grubecki,CIYC,"Highland Falls, NY, USA",PHRF,ToD / ToT,117.0,117.0,2025,2024 Around Long Island Regatta; 2025 Around Long Island Regatta,,,Not identified from public sources reviewed,,,,https://yachtscoring.com/event_results_detail/50029/1,https://yachtscoring.com/event_scratch_sheet/50029,https://yachtscoring.com/boatdetail/50029/511616,"Overall fleet rank and size come from YachtScoring Race 1 detailed results. The overall fleet is the source-defined racing circle plus rating division, not the individual class.",,,,,,,,,,,,,,,
50029,Around Long Island Regatta,2025,"July 24 - 27, 2025",Around Long Island Course - Non-Spinnaker Racing | PHRF Division,Around Long Island Course - Non-Spinnaker Racing,PHRF Division,5.0,14,10,Non-Spinnaker Division 2 - Warning Signal 11:10,4.0,FINISHED,1:11:18:14,1:19:14:20,07/26/2025 @ 06:29:20,coolchange,Cool Change,121,Hunter 39,39 Ft,James Sheed,Shore and Country Club,"Darien, CT, USA",PHRF,ToD / ToT,138.0,144.0,2026,2025 Around Long Island Regatta; 2026 Around Long Island Regatta,,,Not identified from public sources reviewed,,,,https://yachtscoring.com/event_results_detail/50029/1,https://yachtscoring.com/event_scratch_sheet/50029,https://yachtscoring.com/boatdetail/50645/525690,"Overall fleet rank and size come from YachtScoring Race 1 detailed results. The overall fleet is the source-defined racing circle plus rating division, not the individual class.",338072189,338072189,COOL CHANGE,Not provided in export,Pleasure,11.0,4.0,,Not provided in export,2026-09-04T18:43:02.933Z,2026-09-06T07:20:55.341Z,424.0,High,"Exact normalized name match, compatible AIS vessel type, and compatible reported length.",Attached AIS_EVENTS_RAW.csv
50029,Around Long Island Regatta,2025,"July 24 - 27, 2025",Around Long Island Course - Non-Spinnaker Racing | PHRF Division,Around Long Island Course - Non-Spinnaker Racing,PHRF Division,7.0,14,10,Non-Spinnaker Division 2 - Warning Signal 11:10,5.0,FINISHED,1:12:38:18,1:20:24:03,07/26/2025 @ 07:39:03,piragua,Piragua,086,Beneteau Oceanis 41.1,40.9,Richard LaFontaine,MCYC,"New York, NY, USA",PHRF,ToD / ToT,135.0,135.0,2025,2024 Around Long Island Regatta; 2025 Around Long Island Regatta,,,Not identified from public sources reviewed,,,,https://yachtscoring.com/event_results_detail/50029/1,https://yachtscoring.com/event_scratch_sheet/50029,https://yachtscoring.com/boatdetail/50029/508268,"Overall fleet rank and size come from YachtScoring Race 1 detailed results. The overall fleet is the source-defined racing circle plus rating division, not the individual class.",338333468,338333468,PIRAGUA,Not provided in export,Sailing,13.0,4.0,,Not provided in export,2026-09-04T00:05:09.783Z,2026-09-07T14:31:38.831Z,276.0,High,"Exact normalized name match, compatible AIS vessel type, and compatible reported length.",Attached AIS_EVENTS_RAW.csv
50029,Around Long Island Regatta,2025,"July 24 - 27, 2025",Around Long Island Course - Non-Spinnaker Racing | PHRF Division,Around Long Island Course - Non-Spinnaker Racing,PHRF Division,9.0,14,10,Non-Spinnaker Division 2 - Warning Signal 11:10,6.0,FINISHED,1:14:12:01,1:20:14:16,07/26/2025 @ 07:29:16,condor,Condor,USA 53338,Bowman Corsair,44 Ft,Andy Johnson,Milford Yacht Club,"Milford, CT, USA",PHRF,ToD / ToT,105.0,126.0,2026,2024 Around Long Island Regatta; 2025 Around Long Island Regatta; 2026 Vineyard Race,,,Not identified from public sources reviewed,,,,https://yachtscoring.com/event_results_detail/50029/1,https://yachtscoring.com/event_scratch_sheet/50029,https://yachtscoring.com/boatdetail/50775/529076,"Overall fleet rank and size come from YachtScoring Race 1 detailed results. The overall fleet is the source-defined racing circle plus rating division, not the individual class.",366876790,366876790,CONDOR,Not provided in export,Sailing,13.0,4.0,,Not provided in export,2026-09-04T13:01:37.712Z,2026-09-07T11:45:21.573Z,6204.0,High,"Exact normalized name match, compatible AIS vessel type, and compatible reported length.",Attached AIS_EVENTS_RAW.csv
50029,Around Long Island Regatta,2025,"July 24 - 27, 2025",Around Long Island Course - Non-Spinnaker Racing | PHRF Division,Around Long Island Course - Non-Spinnaker Racing,PHRF Division,,14,10,Non-Spinnaker Division 2 - Warning Signal 11:10,7.0,RET,,0:00:00:00,,nereus,Nereus,USA 61401,Beneteau Oceanis 37,37 Ft,Paul Engel,Hudson Cove Yacht Club,"ho ho kus, new jersey, USA",PHRF,ToD / ToT,141.0,141.0,2025,2025 Around Long Island Regatta,,,Not identified from public sources reviewed,,,,https://yachtscoring.com/event_results_detail/50029/1,https://yachtscoring.com/event_scratch_sheet/50029,https://yachtscoring.com/boatdetail/50029/510770,"Overall fleet rank and size come from YachtScoring Race 1 detailed results. The overall fleet is the source-defined racing circle plus rating division, not the individual class.",,,,,,,,,,,,,,,
50029,Around Long Island Regatta,2025,"July 24 - 27, 2025",Around Long Island Course - Spinnaker Racing | PHRF Division,Around Long Island Course - Spinnaker Racing,PHRF Division,12.0,36,32,Spinnaker Division 4 - Warning Signal 11:20,1.0,FINISHED,1:05:11:01,1:14:50:37,07/26/2025 @ 02:15:37,goldeneye,Golden-Eye,Uni 1937,Rhodes,41.1 Ft,Michael Emmert,Sea Cliff Yacht Club,"Glen Head, NY, USA",PHRF,ToD / ToT,168.0,171.0,2026,2025 Around Long Island Regatta; 2025 Vineyard Race; 2026 Around Long Island Regatta; 2026 Vineyard Race,,,Not identified from public sources reviewed,,,,https://yachtscoring.com/event_results_detail/50029/1,https://yachtscoring.com/event_scratch_sheet/50029,https://yachtscoring.com/boatdetail/50775/529631,"Overall fleet rank and size come from YachtScoring Race 1 detailed results. The overall fleet is the source-defined racing circle plus rating division, not the individual class.",338222494,338222494,GOLDEN-EYE,Not provided in export,Sailing,14.0,3.0,,Not provided in export,2026-09-04T00:23:04.718Z,2026-09-07T14:29:19.49Z,1958.0,High,"Exact normalized name match, compatible AIS vessel type, and compatible reported length.",Attached AIS_EVENTS_RAW.csv
50029,Around Long Island Regatta,2025,"July 24 - 27, 2025",Around Long Island Course - Spinnaker Racing | PHRF Division,Around Long Island Course - Spinnaker Racing,PHRF Division,21.0,36,32,Spinnaker Division 4 - Warning Signal 11:20,2.0,FINISHED,1:07:12:49,1:16:00:40,07/26/2025 @ 03:25:40,actaea,ACTAEA,USA 3815,Bermuda 40,40.75 Ft,Michael M Cone,"EYC, CCA, NYYC","Philadelphia, PA, USA",PHRF,ToD / ToT,153.0,153.0,2026,2024 Around Long Island Regatta; 2025 Around Long Island Regatta; 2026 Around Long Island Regatta,,,Not identified from public sources reviewed,,,,https://yachtscoring.com/event_results_detail/50029/1,https://yachtscoring.com/event_scratch_sheet/50029,https://yachtscoring.com/boatdetail/50645/523379,"Overall fleet rank and size come from YachtScoring Race 1 detailed results. The overall fleet is the source-defined racing circle plus rating division, not the individual class.",,,,,,,,,,,,,,,
50029,Around Long Island Regatta,2025,"July 24 - 27, 2025",Around Long Island Course - Spinnaker Racing | PHRF Division,Around Long Island Course - Spinnaker Racing,PHRF Division,27.0,36,32,Spinnaker Division 4 - Warning Signal 11:20,3.0,FINISHED,1:08:52:45,1:16:48:51,07/26/2025 @ 04:13:51,midnightrider,Midnight Rider - PMP Strategy,511,J/30,29.92 Ft,Denis Lafarge,SMBSM,"New York, NY, USA",PHRF,ToD / ToT,138.0,141.0,2026,2025 Around Long Island Regatta; 2026 Around Long Island Regatta; 2026 Storm Trysail Club Block Island Race; 2026 Vineyard Race,,,Not identified from public sources reviewed,,,,https://yachtscoring.com/event_results_detail/50029/1,https://yachtscoring.com/event_scratch_sheet/50029,https://yachtscoring.com/boatdetail/50775/529531,"Overall fleet rank and size come from YachtScoring Race 1 detailed results. The overall fleet is the source-defined racing circle plus rating division, not the individual class.",338554109,338554109,MIDNIGHT RIDER,Not provided in export,Sailing,9.0,3.0,,Not provided in export,2026-09-04T00:03:26.939Z,2026-09-07T14:36:24.067Z,217379.0,High,"Exact normalized name match, compatible AIS vessel type, and compatible reported length.",Attached AIS_EVENTS_RAW.csv
50029,Around Long Island Regatta,2025,"July 24 - 27, 2025",Around Long Island Course - Spinnaker Racing | PHRF Division,Around Long Island Course - Spinnaker Racing,PHRF Division,31.0,36,32,Spinnaker Division 4 - Warning Signal 11:20,4.0,FINISHED,1:12:40:31,1:21:49:04,07/26/2025 @ 09:14:04,nomad,Nomad,USA 52968,Hunter 41DS,40.4 Ft,Shane Haas,Poughkeepsie Yacht Club,"West Shokan, NY, USA",PHRF,ToD / ToT,159.0,174.0,2026,2024 Around Long Island Regatta; 2025 Around Long Island Regatta; 2026 Around Long Island Regatta,,,Not identified from public sources reviewed,,,,https://yachtscoring.com/event_results_detail/50029/1,https://yachtscoring.com/event_scratch_sheet/50029,https://yachtscoring.com/boatdetail/50645/526572,"Overall fleet rank and size come from YachtScoring Race 1 detailed results. The overall fleet is the source-defined racing circle plus rating division, not the individual class.",338537227,338537227,NOMAD,Not provided in export,Pleasure,14.0,5.0,,Not provided in export,2026-09-05T02:19:13.657Z,2026-09-06T07:53:15.801Z,736.0,High,"Exact normalized name match, compatible AIS vessel type, and compatible reported length.",Attached AIS_EVENTS_RAW.csv
50029,Around Long Island Regatta,2025,"July 24 - 27, 2025",Around Long Island Course - Spinnaker Racing | PHRF Division,Around Long Island Course - Spinnaker Racing,PHRF Division,,36,32,Spinnaker Division 4 - Warning Signal 11:20,5.0,RET,,0:00:00:00,,pathfinder,PATHFINDER,USA 4066,Hinckley B-40 YAWL,39.8 Ft,James Bonomo,Liberty Yacht Club,"Jersey City, NJ, USA",PHRF,ToD / ToT,174.0,174.0,2025,2025 Around Long Island Regatta,,,Not identified from public sources reviewed,,,,https://yachtscoring.com/event_results_detail/50029/1,https://yachtscoring.com/event_scratch_sheet/50029,https://yachtscoring.com/boatdetail/50029/501937,"Overall fleet rank and size come from YachtScoring Race 1 detailed results. The overall fleet is the source-defined racing circle plus rating division, not the individual class.",338444899; 367191190,338444899; 367191190,PATHFINDER,Not provided in export,Towing,46.0,24.0,4.1,Not provided in export,2026-09-04T10:54:53.337Z,2026-09-07T14:34:13.548Z,372.0,Low,"Exact normalized name matched multiple AIS MMSIs; verify using dimensions, owner, or callsign.",Attached AIS_EVENTS_RAW.csv
50029,Around Long Island Regatta,2025,"July 24 - 27, 2025",Around Long Island Course - Spinnaker Racing | PHRF Division,Around Long Island Course - Spinnaker Racing,PHRF Division,,36,32,Spinnaker Division 4 - Warning Signal 11:20,6.0,RET,,0:00:00:00,,scarlett,Scarlett,Uni 332,J Boat,30 Ft,David Wightman,Kingston Sailing Club,"New Paltz, NY, USA",PHRF,ToD / ToT,144.0,147.0,2026,2025 Around Long Island Regatta; 2026 Around Long Island Regatta,,,Not identified from public sources reviewed,,,,https://yachtscoring.com/event_results_detail/50029/1,https://yachtscoring.com/event_scratch_sheet/50029,https://yachtscoring.com/boatdetail/50645/526132,"Overall fleet rank and size come from YachtScoring Race 1 detailed results. The overall fleet is the source-defined racing circle plus rating division, not the individual class.",,,,,,,,,,,,,,,
50029,Around Long Island Regatta,2025,"July 24 - 27, 2025",Around Long Island Course - Spinnaker Racing | PHRF Division,Around Long Island Course - Spinnaker Racing,PHRF Division,22.0,36,32,Spinnaker Division 5 - Warning Signal 11:30,1.0,FINISHED,1:07:43:01,1:13:34:55,07/26/2025 @ 01:09:55,soundsgreat,Sound's Great,USA 60665,Jeanneau 409,40,Barry Lenoble,"MSSA, MSYC","Selden, NY, USA",PHRF,ToD / ToT,102.0,102.0,2025,2024 Around Long Island Regatta; 2025 Around Long Island Regatta; 2025 Storm Trysail Club Block Island Race,,,Not identified from public sources reviewed,,,,https://yachtscoring.com/event_results_detail/50029/1,https://yachtscoring.com/event_scratch_sheet/50029,https://yachtscoring.com/boatdetail/50032/505609,"Overall fleet rank and size come from YachtScoring Race 1 detailed results. The overall fleet is the source-defined racing circle plus rating division, not the individual class.",338226417,338226417,SOUNDS GREAT,Not provided in export,Sailing,12.0,4.0,,Not provided in export,2026-09-04T19:26:32.539Z,2026-09-04T19:58:32.78Z,31.0,High,"Exact normalized name match, compatible AIS vessel type, and compatible reported length.",Attached AIS_EVENTS_RAW.csv
50029,Around Long Island Regatta,2025,"July 24 - 27, 2025",Around Long Island Course - Spinnaker Racing | PHRF Division,Around Long Island Course - Spinnaker Racing,PHRF Division,23.0,36,32,Spinnaker Division 5 - Warning Signal 11:30,2.0,FINISHED,1:08:19:27,1:14:52:45,07/26/2025 @ 02:27:45,surprise,Surprise YCC,USA 61437,Dehler Varianta 37 (VAr 37),37.8 Ft,Diane Johnston,Port Washington Yacht Club,"Port Washington, NY, USA",PHRF,ToD / ToT,114.0,114.0,2025,2025 Around Long Island Regatta,,,Not identified from public sources reviewed,,,,https://yachtscoring.com/event_results_detail/50029/1,https://yachtscoring.com/event_scratch_sheet/50029,https://yachtscoring.com/boatdetail/50029/511033,"Overall fleet rank and size come from YachtScoring Race 1 detailed results. The overall fleet is the source-defined racing circle plus rating division, not the individual class.",338232851,338232851,SURPRISE,Not provided in export,Pleasure,12.0,4.0,,Not provided in export,2026-09-07T11:46:31.028Z,2026-09-07T14:34:30.75Z,175.0,High,"Exact normalized name match, compatible AIS vessel type, and compatible reported length.",Attached AIS_EVENTS_RAW.csv
50029,Around Long Island Regatta,2025,"July 24 - 27, 2025",Around Long Island Course - Spinnaker Racing | PHRF Division,Around Long Island Course - Spinnaker Racing,PHRF Division,25.0,36,32,Spinnaker Division 5 - Warning Signal 11:30,3.0,FINISHED,1:08:30:20,1:15:13:59,07/26/2025 @ 02:48:59,towhee,Towhee,USA 1781,Cal 40,39.25 Ft,Paul Jennings,"CCA, OSC, NYYC","Branford, CT, USA",PHRF,ToD / ToT,117.0,120.0,2026,2024 Storm Trysail Club Block Island Race; 2025 Around Long Island Regatta; 2026 Storm Trysail Club Block Island Race,,,Not identified from public sources reviewed,,,,https://yachtscoring.com/event_results_detail/50029/1,https://yachtscoring.com/event_scratch_sheet/50029,https://yachtscoring.com/boatdetail/50619/519140,"Overall fleet rank and size come from YachtScoring Race 1 detailed results. The overall fleet is the source-defined racing circle plus rating division, not the individual class.",,,,,,,,,,,,,,,
50029,Around Long Island Regatta,2025,"July 24 - 27, 2025",Around Long Island Course - Spinnaker Racing | PHRF Division,Around Long Island Course - Spinnaker Racing,PHRF Division,26.0,36,32,Spinnaker Division 5 - Warning Signal 11:30,4.0,FINISHED,1:08:49:26,1:16:04:08,07/26/2025 @ 03:39:08,random,Random,USA 51362,Sabre 362,36 Ft,Robert Millstein,Shattemuc Yacht Club,"Briarcliff Manor, NY, USA",PHRF,ToD / ToT,126.0,126.0,2026,2024 Around Long Island Regatta; 2025 Around Long Island Regatta; 2026 Around Long Island Regatta,,,Not identified from public sources reviewed,,,,https://yachtscoring.com/event_results_detail/50029/1,https://yachtscoring.com/event_scratch_sheet/50029,https://yachtscoring.com/boatdetail/50645/525670,"Overall fleet rank and size come from YachtScoring Race 1 detailed results. The overall fleet is the source-defined racing circle plus rating division, not the individual class.",,,,,,,,,,,,,,,
50029,Around Long Island Regatta,2025,"July 24 - 27, 2025",Around Long Island Course - Spinnaker Racing | PHRF Division,Around Long Island Course - Spinnaker Racing,PHRF Division,29.0,36,32,Spinnaker Division 5 - Warning Signal 11:30,5.0,FINISHED,1:11:37:47,1:19:02:50,07/26/2025 @ 06:37:50,swell,Swell,USA 60109,BENETEAU 40,40,Robert Purcell,Legends YC,"Glen Cove, NY, USA",PHRF,ToD / ToT,129.0,129.0,2025,2025 Around Long Island Regatta,,,Not identified from public sources reviewed,,,,https://yachtscoring.com/event_results_detail/50029/1,https://yachtscoring.com/event_scratch_sheet/50029,https://yachtscoring.com/boatdetail/50029/506930,"Overall fleet rank and size come from YachtScoring Race 1 detailed results. The overall fleet is the source-defined racing circle plus rating division, not the individual class.",367481010,367481010,SWELL,Not provided in export,Pleasure,12.0,0.0,,Not provided in export,2026-09-04T00:05:13.195Z,2026-09-04T18:39:05.538Z,695.0,High,"Exact normalized name match, compatible AIS vessel type, and compatible reported length.",Attached AIS_EVENTS_RAW.csv
50029,Around Long Island Regatta,2025,"July 24 - 27, 2025",Around Long Island Course - Spinnaker Racing | PHRF Division,Around Long Island Course - Spinnaker Racing,PHRF Division,30.0,36,32,Spinnaker Division 5 - Warning Signal 11:30,6.0,FINISHED,1:12:06:09,1:19:10:30,07/26/2025 @ 06:45:30,darkstar,Dark Star,262,Ericson 38-200,38,Dave Doles,,"Westfield, NJ, USA",PHRF,ToD / ToT,123.0,123.0,2025,2025 Around Long Island Regatta,,,Not identified from public sources reviewed,,,,https://yachtscoring.com/event_results_detail/50029/1,https://yachtscoring.com/event_scratch_sheet/50029,https://yachtscoring.com/boatdetail/50029/509736,"Overall fleet rank and size come from YachtScoring Race 1 detailed results. The overall fleet is the source-defined racing circle plus rating division, not the individual class.",338334264,338334264,DARK STAR,Not provided in export,Sailing,12.0,4.0,,Not provided in export,2026-09-04T12:52:01.975Z,2026-09-07T14:36:03.975Z,1275.0,High,"Exact normalized name match, compatible AIS vessel type, and compatible reported length.",Attached AIS_EVENTS_RAW.csv
50029,Around Long Island Regatta,2025,"July 24 - 27, 2025",Around Long Island Course - Spinnaker Racing | PHRF Division,Around Long Island Course - Spinnaker Racing,PHRF Division,,36,32,Double-Handed Division 7 - Warning Signal 11:40,1.0,RET,,0:00:00:00,,rickybobby,Ricky Bobby,60570,Elan GT5,40 Ft,Peter Wolf,Hudson Point Yacht Club,"Jersey City, NJ, USA",PHRF,ToD / ToT,63.0,63.0,2025,2024 Around Long Island Regatta; 2025 Around Long Island Regatta,,,Not identified from public sources reviewed,,,,https://yachtscoring.com/event_results_detail/50029/1,https://yachtscoring.com/event_scratch_sheet/50029,https://yachtscoring.com/boatdetail/50029/510856,"Overall fleet rank and size come from YachtScoring Race 1 detailed results. The overall fleet is the source-defined racing circle plus rating division, not the individual class.",,,,,,,,,,,,,,,
50029,Around Long Island Regatta,2025,"July 24 - 27, 2025",Around Long Island Course - Spinnaker Racing | PHRF Division,Around Long Island Course - Spinnaker Racing,PHRF Division,2.0,36,32,Spinnaker Division 9 - Warning Signal 11:50,1.0,FINISHED,1:03:07:01,1:08:07:10,07/25/2025 @ 20:02:10,phantom,Phantom,USA 444,Xp 44,44 Ft,Chris Schoen,"LYC, NYYC, STC","Larchmont, NY, USA",ORC,APH,87.0,482.4,2026,2024 Storm Trysail Club Block Island Race; 2025 Around Long Island Regatta; 2025 Storm Trysail Club Block Island Race; 2025 Vineyard Race; 2026 Around Long Island Regatta; 2026 Storm Trysail Club Block Island Race; 2026 Vineyard Race,,,Not identified from public sources reviewed,,,,https://yachtscoring.com/event_results_detail/50029/1,https://yachtscoring.com/event_scratch_sheet/50029,https://yachtscoring.com/boatdetail/50775/528995,"Overall fleet rank and size come from YachtScoring Race 1 detailed results. The overall fleet is the source-defined racing circle plus rating division, not the individual class.",338242317; 368001170; 368077430,338242317; 368001170; 368077430,PHANTOM,Not provided in export,Sailing,13.0,4.0,,Not provided in export,2026-09-04T13:01:46.597Z,2026-09-05T18:18:29.753Z,1979.0,Low,"Exact normalized name matched multiple AIS MMSIs; verify using dimensions, owner, or callsign.",Attached AIS_EVENTS_RAW.csv
50029,Around Long Island Regatta,2025,"July 24 - 27, 2025",Around Long Island Course - Spinnaker Racing | PHRF Division,Around Long Island Course - Spinnaker Racing,PHRF Division,7.0,36,32,Spinnaker Division 9 - Warning Signal 11:50,2.0,FINISHED,1:03:52:58,1:09:13:49,07/25/2025 @ 21:08:49,littletexas,Little Texas YCC,USA 169,J/105 SD,35 Ft,The WaterFront Center Junior Big Boat,The WaterFront Center,"OYSTER BAY, New York, USA",PHRF,ToD / ToT,93.0,93.0,2026,2025 Around Long Island Regatta; 2026 Around Long Island Regatta; 2026 Vineyard Race,,,Not identified from public sources reviewed,,,,https://yachtscoring.com/event_results_detail/50029/1,https://yachtscoring.com/event_scratch_sheet/50029,https://yachtscoring.com/boatdetail/50775/530033,"Overall fleet rank and size come from YachtScoring Race 1 detailed results. The overall fleet is the source-defined racing circle plus rating division, not the individual class.",368382110,368382110,LITTLE TEXAS,Not provided in export,Sailing,12.0,3.0,,Not provided in export,2026-09-04T15:44:47.557Z,2026-09-05T12:16:52.182Z,1582.0,High,"Exact normalized name match, compatible AIS vessel type, and compatible reported length.",Attached AIS_EVENTS_RAW.csv
50029,Around Long Island Regatta,2025,"July 24 - 27, 2025",Around Long Island Course - Spinnaker Racing | PHRF Division,Around Long Island Course - Spinnaker Racing,PHRF Division,9.0,36,32,Spinnaker Division 9 - Warning Signal 11:50,3.0,FINISHED,1:04:09:42,1:09:09:51,07/25/2025 @ 21:04:51,sanguine,Sanguine,USA 100,J/100,32.8 Ft,Steven Landy / Derek Soohoo,City Island Yacht Club,"Armonk, New York, USA",PHRF,ToD / ToT,87.0,87.0,2025,2024 Storm Trysail Club Block Island Race; 2024 Vineyard Race; 2025 Around Long Island Regatta; 2025 Storm Trysail Club Block Island Race; 2025 Vineyard Race,,,Not identified from public sources reviewed,,,,https://yachtscoring.com/event_results_detail/50029/1,https://yachtscoring.com/event_scratch_sheet/50029,https://yachtscoring.com/boatdetail/50111/512946,"Overall fleet rank and size come from YachtScoring Race 1 detailed results. The overall fleet is the source-defined racing circle plus rating division, not the individual class.",,,,,,,,,,,,,,,
50029,Around Long Island Regatta,2025,"July 24 - 27, 2025",Around Long Island Course - Spinnaker Racing | PHRF Division,Around Long Island Course - Spinnaker Racing,PHRF Division,16.0,36,32,Spinnaker Division 9 - Warning Signal 11:50,4.0,FINISHED,1:05:56:15,1:10:04:39,07/25/2025 @ 21:59:39,windancer,Windancer,USA 25,J 37,37.4 Ft,Kenneth Horvath,RYC,"Basking Ridge, NJ, USA",PHRF,ToD / ToT,72.0,72.0,2026,2025 Around Long Island Regatta; 2026 Around Long Island Regatta,,,Not identified from public sources reviewed,,,,https://yachtscoring.com/event_results_detail/50029/1,https://yachtscoring.com/event_scratch_sheet/50029,https://yachtscoring.com/boatdetail/50645/527006,"Overall fleet rank and size come from YachtScoring Race 1 detailed results. The overall fleet is the source-defined racing circle plus rating division, not the individual class.",,,,,,,,,,,,,,,
50029,Around Long Island Regatta,2025,"July 24 - 27, 2025",Around Long Island Course - Spinnaker Racing | PHRF Division,Around Long Island Course - Spinnaker Racing,PHRF Division,17.0,36,32,Spinnaker Division 9 - Warning Signal 11:50,5.0,FINISHED,1:06:11:01,1:10:19:25,07/25/2025 @ 22:14:25,bayretriever,Bay Retriever,CAN 15,J 99,32.6 Ft,Kevin Sherwood,Duluth Yacht Club,"Annapolis, Md, USA",PHRF,ToD / ToT,72.0,72.0,2025,2025 Around Long Island Regatta,,,Not identified from public sources reviewed,,,,https://yachtscoring.com/event_results_detail/50029/1,https://yachtscoring.com/event_scratch_sheet/50029,https://yachtscoring.com/boatdetail/50029/509411,"Overall fleet rank and size come from YachtScoring Race 1 detailed results. The overall fleet is the source-defined racing circle plus rating division, not the individual class.",,,,,,,,,,,,,,,
50029,Around Long Island Regatta,2025,"July 24 - 27, 2025",Around Long Island Course - Spinnaker Racing | PHRF Division,Around Long Island Course - Spinnaker Racing,PHRF Division,18.0,36,32,Spinnaker Division 9 - Warning Signal 11:50,6.0,FINISHED,1:06:14:30,1:10:53:57,07/25/2025 @ 22:48:57,pegasus,Pegasus,USA 93367,Beneteau First 36.7,36,Eric Weintraub,San Diego Yacht Club,"Port Washington, NY, USA",PHRF,ToD / ToT,81.0,81.0,2025,2025 Around Long Island Regatta,,,Not identified from public sources reviewed,,,,https://yachtscoring.com/event_results_detail/50029/1,https://yachtscoring.com/event_scratch_sheet/50029,https://yachtscoring.com/boatdetail/50029/504422,"Overall fleet rank and size come from YachtScoring Race 1 detailed results. The overall fleet is the source-defined racing circle plus rating division, not the individual class.",367365380; 368353630,367365380; 368353630,PEGASUS,Not provided in export,Sailing,13.0,2.0,3.0,Not provided in export,2026-09-04T10:06:00.531Z,2026-09-07T13:41:41.343Z,1459.0,Low,"Exact normalized name matched multiple AIS MMSIs; verify using dimensions, owner, or callsign.",Attached AIS_EVENTS_RAW.csv
50029,Around Long Island Regatta,2025,"July 24 - 27, 2025",Around Long Island Course - Spinnaker Racing | PHRF Division,Around Long Island Course - Spinnaker Racing,PHRF Division,19.0,36,32,Spinnaker Division 9 - Warning Signal 11:50,7.0,FINISHED,1:06:38:35,1:11:07:41,07/25/2025 @ 23:02:41,scapegoat,SCAPEGOAT,USA 619,J/105,34 Ft,James Reichel,Lloyd Harbor YC,"West Islip, NY, USA",PHRF,ToD / ToT,78.0,78.0,2026,2024 Around Long Island Regatta; 2025 Around Long Island Regatta; 2026 Around Long Island Regatta,,,Not identified from public sources reviewed,,,,https://yachtscoring.com/event_results_detail/50029/1,https://yachtscoring.com/event_scratch_sheet/50029,https://yachtscoring.com/boatdetail/50645/526964,"Overall fleet rank and size come from YachtScoring Race 1 detailed results. The overall fleet is the source-defined racing circle plus rating division, not the individual class.",,,,,,,,,,,,,,,
50029,Around Long Island Regatta,2025,"July 24 - 27, 2025",Around Long Island Course - Spinnaker Racing | PHRF Division,Around Long Island Course - Spinnaker Racing,PHRF Division,28.0,36,32,Spinnaker Division 9 - Warning Signal 11:50,8.0,FINISHED,1:09:09:13,1:13:59:01,07/26/2025 @ 01:54:01,unbreakable,Unbreakable YCC,306,Quest 30,30 Ft,Thomas Sa,AHYC,"Basking Ridge, NJ, USA",PHRF,ToD / ToT,84.0,84.0,2025,2025 Around Long Island Regatta,,,Not identified from public sources reviewed,,,,https://yachtscoring.com/event_results_detail/50029/1,https://yachtscoring.com/event_scratch_sheet/50029,https://yachtscoring.com/boatdetail/50029/511103,"Overall fleet rank and size come from YachtScoring Race 1 detailed results. The overall fleet is the source-defined racing circle plus rating division, not the individual class.",,,,,,,,,,,,,,,
50029,Around Long Island Regatta,2025,"July 24 - 27, 2025",Around Long Island Course - Spinnaker Racing | PHRF Division,Around Long Island Course - Spinnaker Racing,PHRF Division,4.0,36,32,Spinnaker Division X - Warning Signal 12:00,1.0,FINISHED,1:03:28:39,1:04:20:24,07/25/2025 @ 16:25:24,habiru,Habiru,USA 61124,J 121,40.0 Ft,Steve Losik,Bayview Yacht Club,"Great Neck, NY, USA",ORC,APH,15.0,488.1,2026,2025 Around Long Island Regatta; 2025 Storm Trysail Club Block Island Race; 2025 Vineyard Race; 2026 Around Long Island Regatta; 2026 Storm Trysail Club Block Island Race; 2026 Vineyard Race,,,Not identified from public sources reviewed,,,,https://yachtscoring.com/event_results_detail/50029/1,https://yachtscoring.com/event_scratch_sheet/50029,https://yachtscoring.com/boatdetail/50775/522941,"Overall fleet rank and size come from YachtScoring Race 1 detailed results. The overall fleet is the source-defined racing circle plus rating division, not the individual class.",338413878,338413878,HABIRU,Not provided in export,Sailing,12.0,4.0,,Not provided in export,2026-09-04T13:01:42.289Z,2026-09-05T10:32:13.798Z,1063.0,High,"Exact normalized name match, compatible AIS vessel type, and compatible reported length.",Attached AIS_EVENTS_RAW.csv
50029,Around Long Island Regatta,2025,"July 24 - 27, 2025",Around Long Island Course - Spinnaker Racing | PHRF Division,Around Long Island Course - Spinnaker Racing,PHRF Division,5.0,36,32,Spinnaker Division X - Warning Signal 12:00,2.0,FINISHED,1:03:35:22,1:04:16:46,07/25/2025 @ 16:21:46,acadia,ACADIA,USA 45002,J/45,45 Ft,Erik Asgeirsson,American Yacht Club / NYYC,"Rye, NY, USA",PHRF,ToD / ToT,12.0,12.0,2025,2025 Around Long Island Regatta,,,Not identified from public sources reviewed,,,,https://yachtscoring.com/event_results_detail/50029/1,https://yachtscoring.com/event_scratch_sheet/50029,https://yachtscoring.com/boatdetail/50029/510940,"Overall fleet rank and size come from YachtScoring Race 1 detailed results. The overall fleet is the source-defined racing circle plus rating division, not the individual class.",368083750; 368252090,368083750; 368252090,ACADIA,Not provided in export,Sailing,13.0,5.0,,Not provided in export,2026-09-04T12:41:13.005Z,2026-09-06T04:33:21.237Z,183.0,Low,"Exact normalized name matched multiple AIS MMSIs; verify using dimensions, owner, or callsign.",Attached AIS_EVENTS_RAW.csv
50029,Around Long Island Regatta,2025,"July 24 - 27, 2025",Around Long Island Course - Spinnaker Racing | PHRF Division,Around Long Island Course - Spinnaker Racing,PHRF Division,10.0,36,32,Spinnaker Division X - Warning Signal 12:00,3.0,FINISHED,1:04:19:43,1:05:32:10,07/25/2025 @ 17:37:10,dellaaurora,Della Aurora,USA 27,XR41,41 Ft,James Bistis,NYYC / LYC,"New Vernon, NJ, USA",ORC,APH,21.0,492.1,2026,2024 Around Long Island Regatta; 2025 Around Long Island Regatta; 2025 Vineyard Race; 2026 Around Long Island Regatta; 2026 Vineyard Race,,,Not identified from public sources reviewed,,,,https://yachtscoring.com/event_results_detail/50029/1,https://yachtscoring.com/event_scratch_sheet/50029,https://yachtscoring.com/boatdetail/50775/529486,"Overall fleet rank and size come from YachtScoring Race 1 detailed results. The overall fleet is the source-defined racing circle plus rating division, not the individual class.",368485380,368485380,DELLA AURORA,Not provided in export,Pleasure,12.0,4.0,,Not provided in export,2026-09-04T13:01:49.702Z,2026-09-05T11:36:23.772Z,1850.0,High,"Exact normalized name match, compatible AIS vessel type, and compatible reported length.",Attached AIS_EVENTS_RAW.csv
50029,Around Long Island Regatta,2025,"July 24 - 27, 2025",Around Long Island Course - Spinnaker Racing | PHRF Division,Around Long Island Course - Spinnaker Racing,PHRF Division,13.0,36,32,Spinnaker Division X - Warning Signal 12:00,4.0,FINISHED,1:05:11:41,1:07:36:35,07/25/2025 @ 19:41:35,duet,DUET,USA 51445,J/120,40 Ft,Andy Lubimov,Huguenot YC,"Scarsdale, NY, USA",PHRF,ToD / ToT,42.0,45.0,2026,2024 Around Long Island Regatta; 2024 Storm Trysail Club Block Island Race; 2024 Vineyard Race; 2025 Around Long Island Regatta; 2025 Vineyard Race; 2026 Around Long Island Regatta; 2026 Storm Trysail Club Block Island Race; 2026 Vineyard Race,,,Not identified from public sources reviewed,,,,https://yachtscoring.com/event_results_detail/50029/1,https://yachtscoring.com/event_scratch_sheet/50029,https://yachtscoring.com/boatdetail/50775/529469,"Overall fleet rank and size come from YachtScoring Race 1 detailed results. The overall fleet is the source-defined racing circle plus rating division, not the individual class.",338479036; 338479179,338479036; 338479179,DUET,Not provided in export,Sailing,12.0,2.0,,Not provided in export,2026-09-04T13:01:47.168Z,2026-09-06T15:56:24.176Z,2302.0,Low,"Exact normalized name matched multiple AIS MMSIs; verify using dimensions, owner, or callsign.",Attached AIS_EVENTS_RAW.csv
50029,Around Long Island Regatta,2025,"July 24 - 27, 2025",Around Long Island Course - Spinnaker Racing | PHRF Division,Around Long Island Course - Spinnaker Racing,PHRF Division,14.0,36,32,Spinnaker Division X - Warning Signal 12:00,5.0,FINISHED,1:05:12:18,1:08:08:15,07/25/2025 @ 20:13:15,luckyluke,Lucky Luke,USA 61734,Pogo 36,10.8m,Jean-Marie Bergeal,CPYC,"Westport, CT, USA",PHRF,ToD / ToT,51.0,51.0,2025,2024 Around Long Island Regatta; 2025 Around Long Island Regatta; 2025 Storm Trysail Club Block Island Race,,,Not identified from public sources reviewed,,,,https://yachtscoring.com/event_results_detail/50029/1,https://yachtscoring.com/event_scratch_sheet/50029,https://yachtscoring.com/boatdetail/50032/506331,"Overall fleet rank and size come from YachtScoring Race 1 detailed results. The overall fleet is the source-defined racing circle plus rating division, not the individual class.",,,,,,,,,,,,,,,
50029,Around Long Island Regatta,2025,"July 24 - 27, 2025",Around Long Island Course - Spinnaker Racing | PHRF Division,Around Long Island Course - Spinnaker Racing,PHRF Division,15.0,36,32,Spinnaker Division X - Warning Signal 12:00,6.0,FINISHED,1:05:20:09,1:07:14:00,07/25/2025 @ 19:19:00,surfacetension,Surface Tension,52556,Beneteau First 44.7,44 Ft,Lou Melillo,Atlantic Highlands Yacht Club / Storm Trysail Club,"Middletown, NJ, USA",ORC,APH,33.0,505.4,2026,2024 Around Long Island Regatta; 2024 Storm Trysail Club Block Island Race; 2024 Vineyard Race; 2025 Around Long Island Regatta; 2025 Vineyard Race; 2026 Around Long Island Regatta; 2026 Vineyard Race,,,Not identified from public sources reviewed,,,,https://yachtscoring.com/event_results_detail/50029/1,https://yachtscoring.com/event_scratch_sheet/50029,https://yachtscoring.com/boatdetail/50775/528824,"Overall fleet rank and size come from YachtScoring Race 1 detailed results. The overall fleet is the source-defined racing circle plus rating division, not the individual class.",338477707,338477707,SURFACE TENSION,Not provided in export,Pleasure,14.0,4.0,,Not provided in export,2026-09-04T13:01:39.193Z,2026-09-05T11:47:22.563Z,1789.0,High,"Exact normalized name match, compatible AIS vessel type, and compatible reported length.",Attached AIS_EVENTS_RAW.csv
50029,Around Long Island Regatta,2025,"July 24 - 27, 2025",Around Long Island Course - Spinnaker Racing | PHRF Division,Around Long Island Course - Spinnaker Racing,PHRF Division,24.0,36,32,Spinnaker Division X - Warning Signal 12:00,7.0,FINISHED,1:08:28:16,1:10:42:49,07/25/2025 @ 22:47:49,therocc,The Rocc YCC,64,J/112,36 Ft,John Scagnelli,Huguenot Yacht Club,"Charlotte, NC, USA",PHRF,ToD / ToT,39.0,39.0,2025,2025 Around Long Island Regatta,,,Not identified from public sources reviewed,,,,https://yachtscoring.com/event_results_detail/50029/1,https://yachtscoring.com/event_scratch_sheet/50029,https://yachtscoring.com/boatdetail/50029/510598,"Overall fleet rank and size come from YachtScoring Race 1 detailed results. The overall fleet is the source-defined racing circle plus rating division, not the individual class.",,,,,,,,,,,,,,,
50029,Around Long Island Regatta,2025,"July 24 - 27, 2025",Around Long Island Course - Spinnaker Racing | PHRF Division,Around Long Island Course - Spinnaker Racing,PHRF Division,32.0,36,32,Spinnaker Division X - Warning Signal 12:00,8.0,FINISHED,1:14:35:20,1:17:51:59,07/26/2025 @ 05:56:59,wanderer,WANDERER,181,Hanse 458,44.5 Ft,Stefano Basilico,"Port Jefferson Yacht Club, Bellport Bay Yacht Club","BROOKLYN, NY, USA",PHRF,ToD / ToT,57.0,60.0,2026,2024 Around Long Island Regatta; 2024 Storm Trysail Club Block Island Race; 2025 Around Long Island Regatta; 2026 Around Long Island Regatta,,,Not identified from public sources reviewed,,,,https://yachtscoring.com/event_results_detail/50029/1,https://yachtscoring.com/event_scratch_sheet/50029,https://yachtscoring.com/boatdetail/50645/522641,"Overall fleet rank and size come from YachtScoring Race 1 detailed results. The overall fleet is the source-defined racing circle plus rating division, not the individual class.",,,,,,,,,,,,,,,
50029,Around Long Island Regatta,2025,"July 24 - 27, 2025",Around Long Island Course - Spinnaker Racing | PHRF Division,Around Long Island Course - Spinnaker Racing,PHRF Division,1.0,36,32,Spinnaker Division 0 - Warning Signal 12:10,1.0,FINISHED,1:03:02:56,1:02:00:50,07/25/2025 @ 14:15:50,max,Max,USA 75050,Pogo 50,50 Ft,Moritz Hilf,New York Yacht Club / American Yacht Club / Storm Trysail Club,"New York, NY, USA",PHRF,ToD / ToT,-18.0,-18.0,2026,2024 Around Long Island Regatta; 2024 Storm Trysail Club Block Island Race; 2025 Around Long Island Regatta; 2026 Around Long Island Regatta; 2026 Storm Trysail Club Block Island Race; 2026 Vineyard Race,,,Not identified from public sources reviewed,,,,https://yachtscoring.com/event_results_detail/50029/1,https://yachtscoring.com/event_scratch_sheet/50029,https://yachtscoring.com/boatdetail/50775/529465,"Overall fleet rank and size come from YachtScoring Race 1 detailed results. The overall fleet is the source-defined racing circle plus rating division, not the individual class.",368146320,368146320,MAX,Not provided in export,Sailing,15.0,5.0,,Not provided in export,2026-09-04T12:38:38.982Z,2026-09-05T10:31:55.796Z,1238.0,High,"Exact normalized name match, compatible AIS vessel type, and compatible reported length.",Attached AIS_EVENTS_RAW.csv
50029,Around Long Island Regatta,2025,"July 24 - 27, 2025",Around Long Island Course - Spinnaker Racing | PHRF Division,Around Long Island Course - Spinnaker Racing,PHRF Division,3.0,36,32,Spinnaker Division 0 - Warning Signal 12:10,2.0,FINISHED,1:03:07:46,1:00:11:49,07/25/2025 @ 12:26:49,wahoo,Wahoo,USA 52599,Ker 50,50,1/C Eddie Konjoyan,US Naval Academy,"Arnold, Maryland, USA",PHRF,ToD / ToT,-51.0,-51.0,2025,2025 Around Long Island Regatta,,,Not identified from public sources reviewed,,,,https://yachtscoring.com/event_results_detail/50029/1,https://yachtscoring.com/event_scratch_sheet/50029,https://yachtscoring.com/boatdetail/50029/504144,"Overall fleet rank and size come from YachtScoring Race 1 detailed results. The overall fleet is the source-defined racing circle plus rating division, not the individual class.",,,,,,,,,,,,,,,
50029,Around Long Island Regatta,2025,"July 24 - 27, 2025",Around Long Island Course - Spinnaker Racing | PHRF Division,Around Long Island Course - Spinnaker Racing,PHRF Division,6.0,36,32,Spinnaker Division 0 - Warning Signal 12:10,3.0,FINISHED,1:03:50:13,1:01:56:22,07/25/2025 @ 14:11:22,avalanche,Avalanche,GBR 20,Soto 40,40,Albrecht/ Gesualdo,"NYC, STC","Glen Cove, NY, USA",PHRF,ToD / ToT,-33.0,-33.0,2025,2024 Around Long Island Regatta; 2024 Vineyard Race; 2025 Around Long Island Regatta,,,Not identified from public sources reviewed,,,,https://yachtscoring.com/event_results_detail/50029/1,https://yachtscoring.com/event_scratch_sheet/50029,https://yachtscoring.com/boatdetail/50029/507515,"Overall fleet rank and size come from YachtScoring Race 1 detailed results. The overall fleet is the source-defined racing circle plus rating division, not the individual class.",,,,,,,,,,,,,,,
50029,Around Long Island Regatta,2025,"July 24 - 27, 2025",Around Long Island Course - Spinnaker Racing | PHRF Division,Around Long Island Course - Spinnaker Racing,PHRF Division,8.0,36,32,Spinnaker Division 0 - Warning Signal 12:10,4.0,FINISHED,1:04:04:53,1:03:54:32,07/25/2025 @ 16:09:32,cougar,Cougar,USA 4900,J/160,53 Ft,Leonard Sitar,Storm Trysail Club / American Yacht Club / New York Yacht Club / Cruising Club of America,"Holmdel, NJ, USA",ORC,APH,-3.0,464.2,2026,2024 Storm Trysail Club Block Island Race; 2024 Vineyard Race; 2025 Around Long Island Regatta; 2025 Storm Trysail Club Block Island Race; 2025 Vineyard Race; 2026 Storm Trysail Club Block Island Race; 2026 Vineyard Race,,,Not identified from public sources reviewed,,,,https://yachtscoring.com/event_results_detail/50029/1,https://yachtscoring.com/event_scratch_sheet/50029,https://yachtscoring.com/boatdetail/50775/529646,"Overall fleet rank and size come from YachtScoring Race 1 detailed results. The overall fleet is the source-defined racing circle plus rating division, not the individual class.",303392000,303392000,COUGAR,Not provided in export,Sailing,16.0,4.0,,Not provided in export,2026-09-04T13:01:38.926Z,2026-09-05T11:23:34.441Z,1509.0,High,"Exact normalized name match, compatible AIS vessel type, and compatible reported length.",Attached AIS_EVENTS_RAW.csv
50029,Around Long Island Regatta,2025,"July 24 - 27, 2025",Around Long Island Course - Spinnaker Racing | PHRF Division,Around Long Island Course - Spinnaker Racing,PHRF Division,11.0,36,32,Spinnaker Division 0 - Warning Signal 12:10,5.0,FINISHED,1:04:57:40,1:04:26:37,07/25/2025 @ 16:41:37,ohana,Ohana,USA 435,Arcona 435 MkII,44.7 Ft,Ken Wisdom,CPYC/NYYC/RORC,"Wilton, CT, USA",ORC,APH,-9.0,483.8,2026,2024 Vineyard Race; 2025 Around Long Island Regatta; 2025 Vineyard Race; 2026 Around Long Island Regatta; 2026 Vineyard Race,,,Not identified from public sources reviewed,,,,https://yachtscoring.com/event_results_detail/50029/1,https://yachtscoring.com/event_scratch_sheet/50029,https://yachtscoring.com/boatdetail/50775/528935,"Overall fleet rank and size come from YachtScoring Race 1 detailed results. The overall fleet is the source-defined racing circle plus rating division, not the individual class.",338351614; 368366540; 368396040,338351614; 368366540; 368396040,OHANA,Not provided in export,Sailing,13.0,4.0,,Not provided in export,2026-09-04T13:01:36.882Z,2026-09-06T08:25:35.409Z,2053.0,Low,"Exact normalized name matched multiple AIS MMSIs; verify using dimensions, owner, or callsign.",Attached AIS_EVENTS_RAW.csv
50029,Around Long Island Regatta,2025,"July 24 - 27, 2025",Around Long Island Course - Spinnaker Racing | PHRF Division,Around Long Island Course - Spinnaker Racing,PHRF Division,20.0,36,32,Spinnaker Division 0 - Warning Signal 12:10,6.0,FINISHED,1:07:02:06,1:04:26:51,07/25/2025 @ 16:41:51,hunter,Hunter,USA 2388,Mills 41,41,United States Merchant Marine Academy,KPUSMMA,"Kings Point, NY, USA",ORC,APH,-45.0,445.4,2025,2025 Around Long Island Regatta; 2025 Storm Trysail Club Block Island Race,,,Not identified from public sources reviewed,,,,https://yachtscoring.com/event_results_detail/50029/1,https://yachtscoring.com/event_scratch_sheet/50029,https://yachtscoring.com/boatdetail/50032/501678,"Overall fleet rank and size come from YachtScoring Race 1 detailed results. The overall fleet is the source-defined racing circle plus rating division, not the individual class.",,,,,,,,,,,,,,,
50029,Around Long Island Regatta,2025,"July 24 - 27, 2025",Around Long Island Course - Spinnaker Racing | PHRF Division,Around Long Island Course - Spinnaker Racing,PHRF Division,,36,32,Spinnaker Division 0 - Warning Signal 12:10,7.0,DNC,,0:00:00:00,,rocksteady,Rocksteady,USA 60492,Xp 44,44 Ft,Baudoin Lorans,Larchmont Yacht Club,"Larchmont, NY, USA",ORC,APH,0.0,480.8,2026,2024 Vineyard Race; 2025 Around Long Island Regatta; 2025 Vineyard Race; 2026 Storm Trysail Club Block Island Race,,,Not identified from public sources reviewed,,,,https://yachtscoring.com/event_results_detail/50029/1,https://yachtscoring.com/event_scratch_sheet/50029,https://yachtscoring.com/boatdetail/50619/518296,"Overall fleet rank and size come from YachtScoring Race 1 detailed results. The overall fleet is the source-defined racing circle plus rating division, not the individual class.",,,,,,,,,,,,,,,
50029,Around Long Island Regatta,2025,"July 24 - 27, 2025",Around the Islands Course - Non-Spinnaker Racing | PHRF Division,Around the Islands Course - Non-Spinnaker Racing,PHRF Division,1.0,1,1,Non-Spinnaker Division 3 - Warning Signal 11:10,1.0,FINISHED,1:16:09:13,2:00:04:13,07/26/2025 @ 11:19:13,shootingstar,Shooting Star,USA 20802,Peterson 34,33.9 Ft,David Kingsbury,Housatonic Boat Club,"Orange, CT, USA",PHRF,ToD / ToT,114.0,114.0,2026,2024 Around Long Island Regatta; 2024 Vineyard Race; 2025 Around Long Island Regatta; 2025 Vineyard Race; 2026 Around Long Island Regatta; 2026 Vineyard Race,,,Not identified from public sources reviewed,,,,https://yachtscoring.com/event_results_detail/50029/1,https://yachtscoring.com/event_scratch_sheet/50029,https://yachtscoring.com/boatdetail/50775/529463,"Overall fleet rank and size come from YachtScoring Race 1 detailed results. The overall fleet is the source-defined racing circle plus rating division, not the individual class.",366732660,366732660,SHOOTING STAR,Not provided in export,Sailing,10.0,4.0,,Not provided in export,2026-09-04T13:01:52.597Z,2026-09-05T05:19:31.061Z,1757.0,High,"Exact normalized name match, compatible AIS vessel type, and compatible reported length.",Attached AIS_EVENTS_RAW.csv
50029,Around Long Island Regatta,2025,"July 24 - 27, 2025",Around the Islands Course - Spinnaker Racing | PHRF Division,Around the Islands Course - Spinnaker Racing,PHRF Division,2.0,5,5,Spinnaker Division 6 - Warning Signal 11:30,1.0,FINISHED,1:12:25:35,1:18:53:05,07/26/2025 @ 06:28:05,imagine,Imagine,USA 108,X382,11.5 M,Matt Blake,Harlem,"Pelham, NY, USA",ORC,APH,93.0,558.6,2026,2025 Around Long Island Regatta; 2026 Around Long Island Regatta; 2026 Vineyard Race,,,Not identified from public sources reviewed,,,,https://yachtscoring.com/event_results_detail/50029/1,https://yachtscoring.com/event_scratch_sheet/50029,https://yachtscoring.com/boatdetail/50775/527864,"Overall fleet rank and size come from YachtScoring Race 1 detailed results. The overall fleet is the source-defined racing circle plus rating division, not the individual class.",368262650; 368402520,368262650; 368402520,IMAGINE,Not provided in export,Sailing,12.0,5.0,,Not provided in export,2026-09-04T00:04:04.754Z,2026-09-05T12:48:53.021Z,2532.0,Low,"Exact normalized name matched multiple AIS MMSIs; verify using dimensions, owner, or callsign.",Attached AIS_EVENTS_RAW.csv
50029,Around Long Island Regatta,2025,"July 24 - 27, 2025",Around the Islands Course - Spinnaker Racing | PHRF Division,Around the Islands Course - Spinnaker Racing,PHRF Division,5.0,5,5,Spinnaker Division 6 - Warning Signal 11:30,2.0,FINISHED,1:15:28:46,1:23:48:46,07/26/2025 @ 11:23:46,maestrale,Maestrale,113,Tartan 10,33 Ft,Rad Kurek,PSCNY / CIYC,"Middle Village, New York, USA",PHRF,ToD / ToT,120.0,120.0,2025,2024 Around Long Island Regatta; 2025 Around Long Island Regatta,,,Not identified from public sources reviewed,,,,https://yachtscoring.com/event_results_detail/50029/1,https://yachtscoring.com/event_scratch_sheet/50029,https://yachtscoring.com/boatdetail/50029/510938,"Overall fleet rank and size come from YachtScoring Race 1 detailed results. The overall fleet is the source-defined racing circle plus rating division, not the individual class.",,,,,,,,,,,,,,,
50029,Around Long Island Regatta,2025,"July 24 - 27, 2025",Around the Islands Course - Spinnaker Racing | PHRF Division,Around the Islands Course - Spinnaker Racing,PHRF Division,1.0,5,5,Double-Handed Division 8 - Warning Signal 11:40,1.0,FINISHED,1:11:51:58,1:22:41:58,07/26/2025 @ 10:26:58,halvemaen,Halve Maen,USA 075,TARTAN 33,34 Ft,Walther van Stipriaan,UCYC - Unqua Corinthian Yacht Club,"AMITYVILLE, NY, USA",PHRF,ToD / ToT,156.0,156.0,2026,2024 Around Long Island Regatta; 2025 Around Long Island Regatta; 2026 Around Long Island Regatta; 2026 Vineyard Race,,,Not identified from public sources reviewed,,,,https://yachtscoring.com/event_results_detail/50029/1,https://yachtscoring.com/event_scratch_sheet/50029,https://yachtscoring.com/boatdetail/50775/529369,"Overall fleet rank and size come from YachtScoring Race 1 detailed results. The overall fleet is the source-defined racing circle plus rating division, not the individual class.",338433326; 338563588,338433326; 338563588,HALVE MAEN,Not provided in export,Pleasure,10.0,3.0,,Not provided in export,2026-09-04T15:45:08.303Z,2026-09-05T17:19:43.499Z,1673.0,Low,"Exact normalized name matched multiple AIS MMSIs; verify using dimensions, owner, or callsign.",Attached AIS_EVENTS_RAW.csv
50029,Around Long Island Regatta,2025,"July 24 - 27, 2025",Around the Islands Course - Spinnaker Racing | PHRF Division,Around the Islands Course - Spinnaker Racing,PHRF Division,3.0,5,5,Double-Handed Division 8 - Warning Signal 11:40,2.0,FINISHED,1:12:48:16,1:15:30:46,07/26/2025 @ 03:15:46,abilyn,Abilyn,USA 25559,J 120,40 Ft,Josh Reisberg,Sea Cliff YC / Storm Trysail Club,"Sea Cliff, NY, USA",PHRF,ToD / ToT,39.0,39.0,2026,2024 Around Long Island Regatta; 2025 Around Long Island Regatta; 2026 Around Long Island Regatta; 2026 Storm Trysail Club Block Island Race; 2026 Vineyard Race,,,Not identified from public sources reviewed,,,,https://yachtscoring.com/event_results_detail/50029/1,https://yachtscoring.com/event_scratch_sheet/50029,https://yachtscoring.com/boatdetail/50775/528412,"Overall fleet rank and size come from YachtScoring Race 1 detailed results. The overall fleet is the source-defined racing circle plus rating division, not the individual class.",368042460,368042460,ABILYN,Not provided in export,Sailing,13.0,4.0,,Not provided in export,2026-09-04T11:30:46.363Z,2026-09-05T12:26:08.163Z,2551.0,High,"Exact normalized name match, compatible AIS vessel type, and compatible reported length.",Attached AIS_EVENTS_RAW.csv
50029,Around Long Island Regatta,2025,"July 24 - 27, 2025",Around the Islands Course - Spinnaker Racing | PHRF Division,Around the Islands Course - Spinnaker Racing,PHRF Division,4.0,5,5,Double-Handed Division 8 - Warning Signal 11:40,3.0,FINISHED,1:13:07:28,1:16:39:58,07/26/2025 @ 04:24:58,liberty,Liberty,USA 61565,Pogo 36,36 Ft,Richard Fleischman,Mt. Sinai,"Setauket, NY, USA",PHRF,ToD / ToT,51.0,51.0,2026,2025 Around Long Island Regatta; 2025 Vineyard Race; 2026 Vineyard Race,,,Not identified from public sources reviewed,,,,https://yachtscoring.com/event_results_detail/50029/1,https://yachtscoring.com/event_scratch_sheet/50029,https://yachtscoring.com/boatdetail/50775/529552,"Overall fleet rank and size come from YachtScoring Race 1 detailed results. The overall fleet is the source-defined racing circle plus rating division, not the individual class.",368049890,368049890,LIBERTY,Not provided in export,Sailing,12.0,2.0,,Not provided in export,2026-09-04T13:01:50.317Z,2026-09-04T19:42:01.091Z,408.0,High,"Exact normalized name match, compatible AIS vessel type, and compatible reported length.",Attached AIS_EVENTS_RAW.csv
50645,Around Long Island Regatta,2026,"July 23 - 26, 2026",Around Long Island Course - Multihull Racing | PHRF Division,Around Long Island Course - Multihull Racing,PHRF Division,,1,0,Multihull (NEMA) Division M - Warning Signal 14:00,1.0,RET,,0:00:00:00,,threelittlebirds,Three Little Birds,USA 52985,PT11 Trimaran,36 Ft,Peter Malloy,Orient Yacht Club,"Orient, NY, USA",General ToT,ToD / ToT,-25.0,-25.0,2026,2024 Around Long Island Regatta; 2026 Around Long Island Regatta,,,Not identified from public sources reviewed,,,,https://yachtscoring.com/event_results_detail/50645/1,https://yachtscoring.com/event_scratch_sheet/50645,https://yachtscoring.com/boatdetail/50645/525225,"Overall fleet rank and size come from YachtScoring Race 1 detailed results. The overall fleet is the source-defined racing circle plus rating division, not the individual class.",338470066; 338568854,338470066; 338568854,THREE LITTLE BIRDS,Not provided in export,Pleasure,12.0,4.0,,Not provided in export,2026-09-05T02:00:40.43Z,2026-09-06T04:13:38.563Z,72.0,Low,"Exact normalized name matched multiple AIS MMSIs; verify using dimensions, owner, or callsign.",Attached AIS_EVENTS_RAW.csv
50645,Around Long Island Regatta,2026,"July 23 - 26, 2026",Around Long Island Course - Non-Spinnaker Racing | PHRF Division,Around Long Island Course - Non-Spinnaker Racing,PHRF Division,1.0,8,6,Non-Spinnaker Division 1 - Warning Signal 13:00,1.0,FINISHED,2:01:20:59,2:09:58:29,07/25/2026 @ 23:03:29 (GMT-05:00),dolcezza,Dolcezza,53,Hunter Legend 37.5,37 Ft,Neill Parker Jr,Manhasset Bay YC,"Port Washington, NY, USA",PHRF,ToD / ToT,150.0,150.0,2026,2024 Around Long Island Regatta; 2025 Around Long Island Regatta; 2026 Around Long Island Regatta,,,Not identified from public sources reviewed,,,,https://yachtscoring.com/event_results_detail/50645/1,https://yachtscoring.com/event_scratch_sheet/50645,https://yachtscoring.com/boatdetail/50645/522910,"Overall fleet rank and size come from YachtScoring Race 1 detailed results. The overall fleet is the source-defined racing circle plus rating division, not the individual class.",,,,,,,,,,,,,,,
50645,Around Long Island Regatta,2026,"July 23 - 26, 2026",Around Long Island Course - Non-Spinnaker Racing | PHRF Division,Around Long Island Course - Non-Spinnaker Racing,PHRF Division,5.0,8,6,Non-Spinnaker Division 1 - Warning Signal 13:00,2.0,FINISHED,2:19:52:06,3:04:08:54,07/26/2026 @ 17:13:54 (GMT-05:00),coolchange,Cool Change,121,Hunter 39,39 Ft,James Sheed,Shore and Country Club,"Darien, CT, USA",PHRF,ToD / ToT,144.0,144.0,2026,2025 Around Long Island Regatta; 2026 Around Long Island Regatta,,,Not identified from public sources reviewed,,,,https://yachtscoring.com/event_results_detail/50645/1,https://yachtscoring.com/event_scratch_sheet/50645,https://yachtscoring.com/boatdetail/50645/525690,"Overall fleet rank and size come from YachtScoring Race 1 detailed results. The overall fleet is the source-defined racing circle plus rating division, not the individual class.",338072189,338072189,COOL CHANGE,Not provided in export,Pleasure,11.0,4.0,,Not provided in export,2026-09-04T18:43:02.933Z,2026-09-06T07:20:55.341Z,424.0,High,"Exact normalized name match, compatible AIS vessel type, and compatible reported length.",Attached AIS_EVENTS_RAW.csv
50645,Around Long Island Regatta,2026,"July 23 - 26, 2026",Around Long Island Course - Non-Spinnaker Racing | PHRF Division,Around Long Island Course - Non-Spinnaker Racing,PHRF Division,,8,6,Non-Spinnaker Division 1 - Warning Signal 13:00,3.0,RET,,0:00:00:00,,java,Java,279,Jeanneau 36.2 SO,36 Ft,Marc Grill,Port Washington Yacht Club,"PRT WASHINGTN, NY, USA",PHRF,ToD / ToT,183.0,183.0,2026,2024 Around Long Island Regatta; 2025 Around Long Island Regatta; 2026 Around Long Island Regatta,,,Not identified from public sources reviewed,,,,https://yachtscoring.com/event_results_detail/50645/1,https://yachtscoring.com/event_scratch_sheet/50645,https://yachtscoring.com/boatdetail/50645/522716,"Overall fleet rank and size come from YachtScoring Race 1 detailed results. The overall fleet is the source-defined racing circle plus rating division, not the individual class.",,,,,,,,,,,,,,,
50645,Around Long Island Regatta,2026,"July 23 - 26, 2026",Around Long Island Course - Non-Spinnaker Racing | PHRF Division,Around Long Island Course - Non-Spinnaker Racing,PHRF Division,,8,6,Non-Spinnaker Division 1 - Warning Signal 13:00,4.0,RET,,0:00:00:00,,yopo,Yopo,103,Contest,30 Ft,Artur Jasinski,Polish Sailing Club,"Queens, NY, USA",PHRF,ToD / ToT,222.0,222.0,2026,2025 Around Long Island Regatta; 2026 Around Long Island Regatta,,,Not identified from public sources reviewed,,,,https://yachtscoring.com/event_results_detail/50645/1,https://yachtscoring.com/event_scratch_sheet/50645,https://yachtscoring.com/boatdetail/50645/527146,"Overall fleet rank and size come from YachtScoring Race 1 detailed results. The overall fleet is the source-defined racing circle plus rating division, not the individual class.",,,,,,,,,,,,,,,
50645,Around Long Island Regatta,2026,"July 23 - 26, 2026",Around Long Island Course - Non-Spinnaker Racing | PHRF Division,Around Long Island Course - Non-Spinnaker Racing,PHRF Division,2.0,8,6,Non-Spinnaker Division 2 - Warning Signal 13:00,1.0,FINISHED,2:01:34:29,2:08:18:08,07/25/2026 @ 21:23:08 (GMT-05:00),shootingstar,Shooting Star,USA 20802,Peterson 34,33.9 Ft,David Kingsbury,Housatonic Boat Club,"Orange, CT, USA",PHRF,ToD / ToT,117.0,114.0,2026,2024 Around Long Island Regatta; 2024 Vineyard Race; 2025 Around Long Island Regatta; 2025 Vineyard Race; 2026 Around Long Island Regatta; 2026 Vineyard Race,,,Not identified from public sources reviewed,,,,https://yachtscoring.com/event_results_detail/50645/1,https://yachtscoring.com/event_scratch_sheet/50645,https://yachtscoring.com/boatdetail/50775/529463,"Overall fleet rank and size come from YachtScoring Race 1 detailed results. The overall fleet is the source-defined racing circle plus rating division, not the individual class.",366732660,366732660,SHOOTING STAR,Not provided in export,Sailing,10.0,4.0,,Not provided in export,2026-09-04T13:01:52.597Z,2026-09-05T05:19:31.061Z,1757.0,High,"Exact normalized name match, compatible AIS vessel type, and compatible reported length.",Attached AIS_EVENTS_RAW.csv
50645,Around Long Island Regatta,2026,"July 23 - 26, 2026",Around Long Island Course - Non-Spinnaker Racing | PHRF Division,Around Long Island Course - Non-Spinnaker Racing,PHRF Division,3.0,8,6,Non-Spinnaker Division 2 - Warning Signal 13:00,2.0,FINISHED,2:03:33:05,2:11:18:50,07/26/2026 @ 00:23:50 (GMT-05:00),yes4x,YES 4X,393,Beneteau Oceanis 46.1,47.9 Ft,Henryk Walerys,CPYC,"Katonah, NY, USA",PHRF,ToD / ToT,135.0,135.0,2026,2026 Around Long Island Regatta,,,Not identified from public sources reviewed,,,,https://yachtscoring.com/event_results_detail/50645/1,https://yachtscoring.com/event_scratch_sheet/50645,https://yachtscoring.com/boatdetail/50645/526642,"Overall fleet rank and size come from YachtScoring Race 1 detailed results. The overall fleet is the source-defined racing circle plus rating division, not the individual class.",338561323,338561323,YES 4X,Not provided in export,Sailing,15.0,5.0,,Not provided in export,2026-09-06T16:13:17.401Z,2026-09-06T17:20:15.419Z,45.0,High,"Exact normalized name match, compatible AIS vessel type, and compatible reported length.",Attached AIS_EVENTS_RAW.csv
50645,Around Long Island Regatta,2026,"July 23 - 26, 2026",Around Long Island Course - Non-Spinnaker Racing | PHRF Division,Around Long Island Course - Non-Spinnaker Racing,PHRF Division,4.0,8,6,Non-Spinnaker Division 2 - Warning Signal 13:00,3.0,FINISHED,2:03:33:24,2:10:58:27,07/26/2026 @ 00:03:27 (GMT-05:00),palomino,Palomino,USA 61107,C&C 37,37.6 Ft,Eugenio Silvestrini,Hempstead Harbour Club,"Glen Head, NY, USA",PHRF,ToD / ToT,129.0,129.0,2026,2026 Around Long Island Regatta,,,Not identified from public sources reviewed,,,,https://yachtscoring.com/event_results_detail/50645/1,https://yachtscoring.com/event_scratch_sheet/50645,https://yachtscoring.com/boatdetail/50645/526130,"Overall fleet rank and size come from YachtScoring Race 1 detailed results. The overall fleet is the source-defined racing circle plus rating division, not the individual class.",338469505,338469505,PALOMINO,Not provided in export,Sailing,11.0,2.0,,Not provided in export,2026-09-06T14:59:30.95Z,2026-09-07T14:36:17.572Z,102.0,High,"Exact normalized name match, compatible AIS vessel type, and compatible reported length.",Attached AIS_EVENTS_RAW.csv
50645,Around Long Island Regatta,2026,"July 23 - 26, 2026",Around Long Island Course - Non-Spinnaker Racing | PHRF Division,Around Long Island Course - Non-Spinnaker Racing,PHRF Division,6.0,8,6,Non-Spinnaker Division 2 - Warning Signal 13:00,4.0,FINISHED,2:20:22:29,3:04:08:14,07/26/2026 @ 17:13:14 (GMT-05:00),veronique,Veronique,60141,Beneteau first 345,34.5 Ft,Bert Rubin de Cervens,Ketewomoke Yacht Club/ LHYC,"Huntington, NY, USA",PHRF,ToD / ToT,135.0,126.0,2026,2026 Around Long Island Regatta; 2026 Vineyard Race,,,Not identified from public sources reviewed,,,,https://yachtscoring.com/event_results_detail/50645/1,https://yachtscoring.com/event_scratch_sheet/50645,https://yachtscoring.com/boatdetail/50775/529474,"Overall fleet rank and size come from YachtScoring Race 1 detailed results. The overall fleet is the source-defined racing circle plus rating division, not the individual class.",338336412,338336412,VERONIQUE,Not provided in export,Sailing,12.0,4.0,,Not provided in export,2026-09-04T15:46:46.689Z,2026-09-05T04:05:15.868Z,1841.0,High,"Exact normalized name match, compatible AIS vessel type, and compatible reported length.",Attached AIS_EVENTS_RAW.csv
50645,Around Long Island Regatta,2026,"July 23 - 26, 2026",Around Long Island Course - Spinnaker Racing | ORC Division,Around Long Island Course - Spinnaker Racing,ORC Division,1.0,6,6,ORC Division 0 - Warning Signal 13:40,1.0,FINISHED,1:15:56:42,1:17:37:21,07/25/2026 @ 07:22:21 (GMT-05:00),habiru,Habiru,USA 61124,J 121,40.0 Ft,Steve Losik,Bayview Yacht Club,"Great Neck, NY, USA",ORC,APH,488.1,488.1,2026,2025 Around Long Island Regatta; 2025 Storm Trysail Club Block Island Race; 2025 Vineyard Race; 2026 Around Long Island Regatta; 2026 Storm Trysail Club Block Island Race; 2026 Vineyard Race,,,Not identified from public sources reviewed,,,,https://yachtscoring.com/event_results_detail/50645/1,https://yachtscoring.com/event_scratch_sheet/50645,https://yachtscoring.com/boatdetail/50775/522941,"Overall fleet rank and size come from YachtScoring Race 1 detailed results. The overall fleet is the source-defined racing circle plus rating division, not the individual class.",338413878,338413878,HABIRU,Not provided in export,Sailing,12.0,4.0,,Not provided in export,2026-09-04T13:01:42.289Z,2026-09-05T10:32:13.798Z,1063.0,High,"Exact normalized name match, compatible AIS vessel type, and compatible reported length.",Attached AIS_EVENTS_RAW.csv
50645,Around Long Island Regatta,2026,"July 23 - 26, 2026",Around Long Island Course - Spinnaker Racing | ORC Division,Around Long Island Course - Spinnaker Racing,ORC Division,2.0,6,6,ORC Division 0 - Warning Signal 13:40,2.0,FINISHED,1:17:22:34,1:18:59:17,07/25/2026 @ 08:44:17 (GMT-05:00),ohana,Ohana,435,Arcona 435 MkII,44.7 Ft,Ken Wisdom,CPYC/NYYC/RORC,"Wilton, CT, USA",ORC,APH,483.8,483.8,2026,2024 Vineyard Race; 2025 Around Long Island Regatta; 2025 Vineyard Race; 2026 Around Long Island Regatta; 2026 Vineyard Race,,,Not identified from public sources reviewed,,,,https://yachtscoring.com/event_results_detail/50645/1,https://yachtscoring.com/event_scratch_sheet/50645,https://yachtscoring.com/boatdetail/50775/528935,"Overall fleet rank and size come from YachtScoring Race 1 detailed results. The overall fleet is the source-defined racing circle plus rating division, not the individual class.",338351614; 368366540; 368396040,338351614; 368366540; 368396040,OHANA,Not provided in export,Sailing,13.0,4.0,,Not provided in export,2026-09-04T13:01:36.882Z,2026-09-06T08:25:35.409Z,2053.0,Low,"Exact normalized name matched multiple AIS MMSIs; verify using dimensions, owner, or callsign.",Attached AIS_EVENTS_RAW.csv
50645,Around Long Island Regatta,2026,"July 23 - 26, 2026",Around Long Island Course - Spinnaker Racing | ORC Division,Around Long Island Course - Spinnaker Racing,ORC Division,3.0,6,6,ORC Division 0 - Warning Signal 13:40,3.0,FINISHED,1:17:47:23,1:19:57:58,07/25/2026 @ 09:42:58 (GMT-05:00),dellaaurora,Della Aurora,USA 27,XR41,41 Ft,James Bistis,NYYC / LYC,"New Vernon, NJ, USA",ORC,APH,492.1,492.1,2026,2024 Around Long Island Regatta; 2025 Around Long Island Regatta; 2025 Vineyard Race; 2026 Around Long Island Regatta; 2026 Vineyard Race,,,Not identified from public sources reviewed,,,,https://yachtscoring.com/event_results_detail/50645/1,https://yachtscoring.com/event_scratch_sheet/50645,https://yachtscoring.com/boatdetail/50775/529486,"Overall fleet rank and size come from YachtScoring Race 1 detailed results. The overall fleet is the source-defined racing circle plus rating division, not the individual class.",368485380,368485380,DELLA AURORA,Not provided in export,Pleasure,12.0,4.0,,Not provided in export,2026-09-04T13:01:49.702Z,2026-09-05T11:36:23.772Z,1850.0,High,"Exact normalized name match, compatible AIS vessel type, and compatible reported length.",Attached AIS_EVENTS_RAW.csv
50645,Around Long Island Regatta,2026,"July 23 - 26, 2026",Around Long Island Course - Spinnaker Racing | ORC Division,Around Long Island Course - Spinnaker Racing,ORC Division,4.0,6,6,ORC Division 0 - Warning Signal 13:40,4.0,FINISHED,1:18:16:45,1:20:37:36,07/25/2026 @ 10:22:36 (GMT-05:00),surfacetension,Surface Tension,52556,Beneteau First 44.7,44 Ft,Lou Melillo,Atlantic Highlands Yacht Club / Storm Trysail Club,"Middletown, NJ, USA",ORC,APH,505.4,505.4,2026,2024 Around Long Island Regatta; 2024 Storm Trysail Club Block Island Race; 2024 Vineyard Race; 2025 Around Long Island Regatta; 2025 Vineyard Race; 2026 Around Long Island Regatta; 2026 Vineyard Race,,,Not identified from public sources reviewed,,,,https://yachtscoring.com/event_results_detail/50645/1,https://yachtscoring.com/event_scratch_sheet/50645,https://yachtscoring.com/boatdetail/50775/528824,"Overall fleet rank and size come from YachtScoring Race 1 detailed results. The overall fleet is the source-defined racing circle plus rating division, not the individual class.",338477707,338477707,SURFACE TENSION,Not provided in export,Pleasure,14.0,4.0,,Not provided in export,2026-09-04T13:01:39.193Z,2026-09-05T11:47:22.563Z,1789.0,High,"Exact normalized name match, compatible AIS vessel type, and compatible reported length.",Attached AIS_EVENTS_RAW.csv
50645,Around Long Island Regatta,2026,"July 23 - 26, 2026",Around Long Island Course - Spinnaker Racing | ORC Division,Around Long Island Course - Spinnaker Racing,ORC Division,5.0,6,6,ORC Division 0 - Warning Signal 13:40,5.0,FINISHED,1:18:42:44,2:03:23:10,07/25/2026 @ 17:08:10 (GMT-05:00),imagine,Imagine,USA108,X382,11.5 M,Matt Blake,Harlem,"Pelham, NY, USA",ORC,APH,558.6,558.6,2026,2025 Around Long Island Regatta; 2026 Around Long Island Regatta; 2026 Vineyard Race,,,Not identified from public sources reviewed,,,,https://yachtscoring.com/event_results_detail/50645/1,https://yachtscoring.com/event_scratch_sheet/50645,https://yachtscoring.com/boatdetail/50775/527864,"Overall fleet rank and size come from YachtScoring Race 1 detailed results. The overall fleet is the source-defined racing circle plus rating division, not the individual class.",368262650; 368402520,368262650; 368402520,IMAGINE,Not provided in export,Sailing,12.0,5.0,,Not provided in export,2026-09-04T00:04:04.754Z,2026-09-05T12:48:53.021Z,2532.0,Low,"Exact normalized name matched multiple AIS MMSIs; verify using dimensions, owner, or callsign.",Attached AIS_EVENTS_RAW.csv
50645,Around Long Island Regatta,2026,"July 23 - 26, 2026",Around Long Island Course - Spinnaker Racing | ORC Division,Around Long Island Course - Spinnaker Racing,ORC Division,6.0,6,6,ORC Division 0 - Warning Signal 13:40,6.0,FINISHED,1:21:09:29,1:23:24:18,07/25/2026 @ 13:09:18 (GMT-05:00),beagle,Beagle,USA 44007,J/44,44 Ft,Willets Meyer,Seawanhaka Corinthian YC/NYYC/Imperial Poona Yacht Club,"Oyster Bay, NY, USA",ORC,APH,496.7,496.7,2026,2026 Around Long Island Regatta,,,Not identified from public sources reviewed,,,,https://yachtscoring.com/event_results_detail/50645/1,https://yachtscoring.com/event_scratch_sheet/50645,https://yachtscoring.com/boatdetail/50645/526637,"Overall fleet rank and size come from YachtScoring Race 1 detailed results. The overall fleet is the source-defined racing circle plus rating division, not the individual class.",,,,,,,,,,,,,,,
50645,Around Long Island Regatta,2026,"July 23 - 26, 2026",Around Long Island Course - Spinnaker Racing | PHRF Division,Around Long Island Course - Spinnaker Racing,PHRF Division,4.0,37,33,Spinnaker Division 3 - Warning Signal 13:10,1.0,FINISHED,1:17:53:21,2:03:43:18,07/25/2026 @ 16:58:18 (GMT-05:00),goldeneye,Golden-Eye,USA 1937,Rhodes,41.1 Ft,Michael Emmert,Sea Cliff Yacht Club,"Glen Head, NY, USA",PHRF,ToD / ToT,171.0,171.0,2026,2025 Around Long Island Regatta; 2025 Vineyard Race; 2026 Around Long Island Regatta; 2026 Vineyard Race,,,Not identified from public sources reviewed,,,,https://yachtscoring.com/event_results_detail/50645/1,https://yachtscoring.com/event_scratch_sheet/50645,https://yachtscoring.com/boatdetail/50775/529631,"Overall fleet rank and size come from YachtScoring Race 1 detailed results. The overall fleet is the source-defined racing circle plus rating division, not the individual class.",338222494,338222494,GOLDEN-EYE,Not provided in export,Sailing,14.0,3.0,,Not provided in export,2026-09-04T00:23:04.718Z,2026-09-07T14:29:19.49Z,1958.0,High,"Exact normalized name match, compatible AIS vessel type, and compatible reported length.",Attached AIS_EVENTS_RAW.csv
50645,Around Long Island Regatta,2026,"July 23 - 26, 2026",Around Long Island Course - Spinnaker Racing | PHRF Division,Around Long Island Course - Spinnaker Racing,PHRF Division,7.0,37,33,Spinnaker Division 3 - Warning Signal 13:10,2.0,FINISHED,1:18:32:40,2:03:20:31,07/25/2026 @ 16:35:31 (GMT-05:00),actaea,ACTAEA,USA 3815,Bermuda 40,40.75 Ft,Michael M Cone,"EYC, CCA, NYYC","Philadelphia, PA, USA",PHRF,ToD / ToT,153.0,153.0,2026,2024 Around Long Island Regatta; 2025 Around Long Island Regatta; 2026 Around Long Island Regatta,,,Not identified from public sources reviewed,,,,https://yachtscoring.com/event_results_detail/50645/1,https://yachtscoring.com/event_scratch_sheet/50645,https://yachtscoring.com/boatdetail/50645/523379,"Overall fleet rank and size come from YachtScoring Race 1 detailed results. The overall fleet is the source-defined racing circle plus rating division, not the individual class.",,,,,,,,,,,,,,,
50645,Around Long Island Regatta,2026,"July 23 - 26, 2026",Around Long Island Course - Spinnaker Racing | PHRF Division,Around Long Island Course - Spinnaker Racing,PHRF Division,9.0,37,33,Spinnaker Division 3 - Warning Signal 13:10,3.0,FINISHED,1:19:22:14,2:03:39:02,07/25/2026 @ 16:54:02 (GMT-05:00),tynaje,Tynaje,USA 2222,Ohlson 38,38 Ft,Daniel Fisher,Sachems Head Yacht Club,"Guilford, CT, USA",PHRF,ToD / ToT,144.0,144.0,2026,2026 Around Long Island Regatta,,,Not identified from public sources reviewed,,,,https://yachtscoring.com/event_results_detail/50645/1,https://yachtscoring.com/event_scratch_sheet/50645,https://yachtscoring.com/boatdetail/50645/519419,"Overall fleet rank and size come from YachtScoring Race 1 detailed results. The overall fleet is the source-defined racing circle plus rating division, not the individual class.",,,,,,,,,,,,,,,
50645,Around Long Island Regatta,2026,"July 23 - 26, 2026",Around Long Island Course - Spinnaker Racing | PHRF Division,Around Long Island Course - Spinnaker Racing,PHRF Division,19.0,37,33,Spinnaker Division 3 - Warning Signal 13:10,4.0,FINISHED,1:20:45:18,2:04:51:45,07/25/2026 @ 18:06:45 (GMT-05:00),midnightrider,Midnight Rider - PMP Strategy,511,J/30,29.92 Ft,Denis Lafarge,SMBSM,"New York, NY, USA",PHRF,ToD / ToT,141.0,141.0,2026,2025 Around Long Island Regatta; 2026 Around Long Island Regatta; 2026 Storm Trysail Club Block Island Race; 2026 Vineyard Race,,,Not identified from public sources reviewed,,,,https://yachtscoring.com/event_results_detail/50645/1,https://yachtscoring.com/event_scratch_sheet/50645,https://yachtscoring.com/boatdetail/50775/529531,"Overall fleet rank and size come from YachtScoring Race 1 detailed results. The overall fleet is the source-defined racing circle plus rating division, not the individual class.",338554109,338554109,MIDNIGHT RIDER,Not provided in export,Sailing,9.0,3.0,,Not provided in export,2026-09-04T00:03:26.939Z,2026-09-07T14:36:24.067Z,217379.0,High,"Exact normalized name match, compatible AIS vessel type, and compatible reported length.",Attached AIS_EVENTS_RAW.csv
50645,Around Long Island Regatta,2026,"July 23 - 26, 2026",Around Long Island Course - Spinnaker Racing | PHRF Division,Around Long Island Course - Spinnaker Racing,PHRF Division,21.0,37,33,Spinnaker Division 3 - Warning Signal 13:10,5.0,FINISHED,1:21:06:57,2:05:34:06,07/25/2026 @ 18:49:06 (GMT-05:00),scarlett,Scarlett,USA 332,J Boat,30 Ft,David Wightman,Kingston Sailing Club,"New Paltz, NY, USA",PHRF,ToD / ToT,147.0,147.0,2026,2025 Around Long Island Regatta; 2026 Around Long Island Regatta,,,Not identified from public sources reviewed,,,,https://yachtscoring.com/event_results_detail/50645/1,https://yachtscoring.com/event_scratch_sheet/50645,https://yachtscoring.com/boatdetail/50645/526132,"Overall fleet rank and size come from YachtScoring Race 1 detailed results. The overall fleet is the source-defined racing circle plus rating division, not the individual class.",,,,,,,,,,,,,,,
50645,Around Long Island Regatta,2026,"July 23 - 26, 2026",Around Long Island Course - Spinnaker Racing | PHRF Division,Around Long Island Course - Spinnaker Racing,PHRF Division,2.0,37,33,Double-Handed Division 4 - Warning Signal 14:10,1.0,FINISHED,1:17:32:46,1:19:47:19,07/25/2026 @ 10:02:19 (GMT-05:00),abilyn,Abilyn,USA 25559,J 120,40 Ft,Josh Reisberg,Sea Cliff YC / Storm Trysail Club,"Sea Cliff, NY, USA",PHRF,ToD / ToT,39.0,39.0,2026,2024 Around Long Island Regatta; 2025 Around Long Island Regatta; 2026 Around Long Island Regatta; 2026 Storm Trysail Club Block Island Race; 2026 Vineyard Race,,,Not identified from public sources reviewed,,,,https://yachtscoring.com/event_results_detail/50645/1,https://yachtscoring.com/event_scratch_sheet/50645,https://yachtscoring.com/boatdetail/50775/528412,"Overall fleet rank and size come from YachtScoring Race 1 detailed results. The overall fleet is the source-defined racing circle plus rating division, not the individual class.",368042460,368042460,ABILYN,Not provided in export,Sailing,13.0,4.0,,Not provided in export,2026-09-04T11:30:46.363Z,2026-09-05T12:26:08.163Z,2551.0,High,"Exact normalized name match, compatible AIS vessel type, and compatible reported length.",Attached AIS_EVENTS_RAW.csv
50645,Around Long Island Regatta,2026,"July 23 - 26, 2026",Around Long Island Course - Spinnaker Racing | PHRF Division,Around Long Island Course - Spinnaker Racing,PHRF Division,5.0,37,33,Double-Handed Division 4 - Warning Signal 14:10,2.0,FINISHED,1:18:16:25,1:22:24:49,07/25/2026 @ 12:39:49 (GMT-05:00),thinman,Thin Man,USA 24,J/99,32.6 Ft,Todd Aven,City Island Yacht Club / Storm Trysail Club,"Brooklyn, NY, USA",PHRF,ToD / ToT,72.0,72.0,2026,2024 Around Long Island Regatta; 2024 Storm Trysail Club Block Island Race; 2024 Vineyard Race; 2025 Storm Trysail Club Block Island Race; 2025 Vineyard Race; 2026 Around Long Island Regatta; 2026 Storm Trysail Club Block Island Race; 2026 Vineyard Race,,,Not identified from public sources reviewed,,,,https://yachtscoring.com/event_results_detail/50645/1,https://yachtscoring.com/event_scratch_sheet/50645,https://yachtscoring.com/boatdetail/50775/522327,"Overall fleet rank and size come from YachtScoring Race 1 detailed results. The overall fleet is the source-defined racing circle plus rating division, not the individual class.",368114910,368114910,THIN MAN,Not provided in export,Sailing,10.0,4.0,,Not provided in export,2026-09-04T12:42:09.782Z,2026-09-05T12:28:11.623Z,2454.0,High,"Exact normalized name match, compatible AIS vessel type, and compatible reported length.",Attached AIS_EVENTS_RAW.csv
50645,Around Long Island Regatta,2026,"July 23 - 26, 2026",Around Long Island Course - Spinnaker Racing | PHRF Division,Around Long Island Course - Spinnaker Racing,PHRF Division,10.0,37,33,Double-Handed Division 4 - Warning Signal 14:10,3.0,FINISHED,1:19:25:28,2:04:23:40,07/25/2026 @ 18:38:40 (GMT-05:00),halvemaen,Halve Maen,USA 075,TARTAN 33,34 Ft,Walther van Stipriaan,UCYC - Unqua Corinthian Yacht Club,"AMITYVILLE, NY, USA",PHRF,ToD / ToT,156.0,156.0,2026,2024 Around Long Island Regatta; 2025 Around Long Island Regatta; 2026 Around Long Island Regatta; 2026 Vineyard Race,,,Not identified from public sources reviewed,,,,https://yachtscoring.com/event_results_detail/50645/1,https://yachtscoring.com/event_scratch_sheet/50645,https://yachtscoring.com/boatdetail/50775/529369,"Overall fleet rank and size come from YachtScoring Race 1 detailed results. The overall fleet is the source-defined racing circle plus rating division, not the individual class.",338433326; 338563588,338433326; 338563588,HALVE MAEN,Not provided in export,Pleasure,10.0,3.0,,Not provided in export,2026-09-04T15:45:08.303Z,2026-09-05T17:19:43.499Z,1673.0,Low,"Exact normalized name matched multiple AIS MMSIs; verify using dimensions, owner, or callsign.",Attached AIS_EVENTS_RAW.csv
50645,Around Long Island Regatta,2026,"July 23 - 26, 2026",Around Long Island Course - Spinnaker Racing | PHRF Division,Around Long Island Course - Spinnaker Racing,PHRF Division,31.0,37,33,Double-Handed Division 4 - Warning Signal 14:10,4.0,FINISHED,2:00:17:54,2:04:26:18,07/25/2026 @ 18:41:18 (GMT-05:00),windancer,Windancer,USA 25,J 37,37.4 Ft,Kenneth Horvath,RYC,"Basking Ridge, NJ, USA",PHRF,ToD / ToT,72.0,72.0,2026,2025 Around Long Island Regatta; 2026 Around Long Island Regatta,,,Not identified from public sources reviewed,,,,https://yachtscoring.com/event_results_detail/50645/1,https://yachtscoring.com/event_scratch_sheet/50645,https://yachtscoring.com/boatdetail/50645/527006,"Overall fleet rank and size come from YachtScoring Race 1 detailed results. The overall fleet is the source-defined racing circle plus rating division, not the individual class.",,,,,,,,,,,,,,,
50645,Around Long Island Regatta,2026,"July 23 - 26, 2026",Around Long Island Course - Spinnaker Racing | PHRF Division,Around Long Island Course - Spinnaker Racing,PHRF Division,33.0,37,33,Double-Handed Division 4 - Warning Signal 14:10,5.0,FINISHED,2:01:59:06,2:10:05:33,07/26/2026 @ 00:20:33 (GMT-05:00),firstrate,First Rate,40819,Tartan 34-2,34.42 Ft,Marek Antkowiak,CIYC/Polish Sailing Club of NY,"LAKE HOPATCONG, NJ, USA",PHRF,ToD / ToT,141.0,141.0,2026,2024 Around Long Island Regatta; 2026 Around Long Island Regatta; 2026 Vineyard Race,,,Not identified from public sources reviewed,,,,https://yachtscoring.com/event_results_detail/50645/1,https://yachtscoring.com/event_scratch_sheet/50645,https://yachtscoring.com/boatdetail/50775/529766,"Overall fleet rank and size come from YachtScoring Race 1 detailed results. The overall fleet is the source-defined racing circle plus rating division, not the individual class.",338442426,338442426,FIRST RATE,Not provided in export,Sailing,10.0,3.0,,Not provided in export,2026-09-04T12:50:09.735Z,2026-09-05T07:22:57.972Z,1939.0,High,"Exact normalized name match, compatible AIS vessel type, and compatible reported length.",Attached AIS_EVENTS_RAW.csv
50645,Around Long Island Regatta,2026,"July 23 - 26, 2026",Around Long Island Course - Spinnaker Racing | PHRF Division,Around Long Island Course - Spinnaker Racing,PHRF Division,13.0,37,33,Spinnaker Division 5 - Warning Signal 13:20,1.0,FINISHED,1:19:49:16,2:03:24:40,07/25/2026 @ 16:49:40 (GMT-05:00),mayhem,Mayhem,18,Frers 30,29.5 Ft,Mark May,Shattemuc YC,"Ossining, NY, USA",PHRF,ToD / ToT,132.0,132.0,2026,2026 Around Long Island Regatta,,,Not identified from public sources reviewed,,,,https://yachtscoring.com/event_results_detail/50645/1,https://yachtscoring.com/event_scratch_sheet/50645,https://yachtscoring.com/boatdetail/50645/525619,"Overall fleet rank and size come from YachtScoring Race 1 detailed results. The overall fleet is the source-defined racing circle plus rating division, not the individual class.",,,,,,,,,,,,,,,
50645,Around Long Island Regatta,2026,"July 23 - 26, 2026",Around Long Island Course - Spinnaker Racing | PHRF Division,Around Long Island Course - Spinnaker Racing,PHRF Division,17.0,37,33,Spinnaker Division 5 - Warning Signal 13:20,2.0,FINISHED,1:20:28:56,2:04:14:41,07/25/2026 @ 17:39:41 (GMT-05:00),ripple,Ripple,USA 32685,S2 9.1,29.9 Ft,Michael Colucci,Chelsea Yacht Club/STC,"Fishkill, NY, USA",PHRF,ToD / ToT,135.0,135.0,2026,2024 Vineyard Race; 2026 Around Long Island Regatta,,,Not identified from public sources reviewed,,,,https://yachtscoring.com/event_results_detail/50645/1,https://yachtscoring.com/event_scratch_sheet/50645,https://yachtscoring.com/boatdetail/50645/526428,"Overall fleet rank and size come from YachtScoring Race 1 detailed results. The overall fleet is the source-defined racing circle plus rating division, not the individual class.",,,,,,,,,,,,,,,
50645,Around Long Island Regatta,2026,"July 23 - 26, 2026",Around Long Island Course - Spinnaker Racing | PHRF Division,Around Long Island Course - Spinnaker Racing,PHRF Division,18.0,37,33,Spinnaker Division 5 - Warning Signal 13:20,3.0,FINISHED,1:20:30:25,2:04:16:10,07/25/2026 @ 17:41:10 (GMT-05:00),marie,MARIE,42832,Tartan 372,37 Ft,Paul Eliea,Ketewomoke YC - Lloyd Harbor YC,"South Huntington, NY, USA",PHRF,ToD / ToT,135.0,135.0,2026,2024 Around Long Island Regatta; 2026 Around Long Island Regatta,,,Not identified from public sources reviewed,,,,https://yachtscoring.com/event_results_detail/50645/1,https://yachtscoring.com/event_scratch_sheet/50645,https://yachtscoring.com/boatdetail/50645/526662,"Overall fleet rank and size come from YachtScoring Race 1 detailed results. The overall fleet is the source-defined racing circle plus rating division, not the individual class.",,,,,,,,,,,,,,,
50645,Around Long Island Regatta,2026,"July 23 - 26, 2026",Around Long Island Course - Spinnaker Racing | PHRF Division,Around Long Island Course - Spinnaker Racing,PHRF Division,20.0,37,33,Spinnaker Division 5 - Warning Signal 13:20,4.0,FINISHED,1:20:47:28,2:04:02:10,07/25/2026 @ 17:27:10 (GMT-05:00),random,Random,USA 51362,Sabre 362,36 Ft,Robert Millstein,Shattemuc Yacht Club,"Briarcliff Manor, NY, USA",PHRF,ToD / ToT,126.0,126.0,2026,2024 Around Long Island Regatta; 2025 Around Long Island Regatta; 2026 Around Long Island Regatta,,,Not identified from public sources reviewed,,,,https://yachtscoring.com/event_results_detail/50645/1,https://yachtscoring.com/event_scratch_sheet/50645,https://yachtscoring.com/boatdetail/50645/525670,"Overall fleet rank and size come from YachtScoring Race 1 detailed results. The overall fleet is the source-defined racing circle plus rating division, not the individual class.",,,,,,,,,,,,,,,
50645,Around Long Island Regatta,2026,"July 23 - 26, 2026",Around Long Island Course - Spinnaker Racing | PHRF Division,Around Long Island Course - Spinnaker Racing,PHRF Division,24.0,37,33,Spinnaker Division 5 - Warning Signal 13:20,5.0,FINISHED,1:21:35:47,2:05:00:50,07/25/2026 @ 18:25:50 (GMT-05:00),peggyo,Peggy-O,43895,Sabre,38 Ft,Pedro Escandon,Metedeconk River Yacht Club,"Brick, NJ, USA",PHRF,ToD / ToT,129.0,129.0,2026,2024 Vineyard Race; 2026 Around Long Island Regatta,,,Not identified from public sources reviewed,,,,https://yachtscoring.com/event_results_detail/50645/1,https://yachtscoring.com/event_scratch_sheet/50645,https://yachtscoring.com/boatdetail/50645/522567,"Overall fleet rank and size come from YachtScoring Race 1 detailed results. The overall fleet is the source-defined racing circle plus rating division, not the individual class.",,,,,,,,,,,,,,,
50645,Around Long Island Regatta,2026,"July 23 - 26, 2026",Around Long Island Course - Spinnaker Racing | PHRF Division,Around Long Island Course - Spinnaker Racing,PHRF Division,,37,33,Spinnaker Division 5 - Warning Signal 13:20,6.0,RET,,0:00:00:00,,mara,MARA,P39,Pearson 39-2,39 Ft,Alexander Malochka,none,"Brooklyn, NY, USA",PHRF,ToD / ToT,120.0,120.0,2026,2026 Around Long Island Regatta,,,Not identified from public sources reviewed,,,,https://yachtscoring.com/event_results_detail/50645/1,https://yachtscoring.com/event_scratch_sheet/50645,https://yachtscoring.com/boatdetail/50645/520565,"Overall fleet rank and size come from YachtScoring Race 1 detailed results. The overall fleet is the source-defined racing circle plus rating division, not the individual class.",,,,,,,,,,,,,,,
50645,Around Long Island Regatta,2026,"July 23 - 26, 2026",Around Long Island Course - Spinnaker Racing | PHRF Division,Around Long Island Course - Spinnaker Racing,PHRF Division,,37,33,Spinnaker Division 5 - Warning Signal 13:20,7.0,RET,,0:00:00:00,,elizabeth,Elizabeth,46294,Catalina,42 Ft,Tom Hurter,St Petersburg Yacht Club,"st petersburg, FL, USA",PHRF,ToD / ToT,111.0,111.0,2026,2026 Around Long Island Regatta,,,Not identified from public sources reviewed,,,,https://yachtscoring.com/event_results_detail/50645/1,https://yachtscoring.com/event_scratch_sheet/50645,https://yachtscoring.com/boatdetail/50645/526069,"Overall fleet rank and size come from YachtScoring Race 1 detailed results. The overall fleet is the source-defined racing circle plus rating division, not the individual class.",,,,,,,,,,,,,,,
50645,Around Long Island Regatta,2026,"July 23 - 26, 2026",Around Long Island Course - Spinnaker Racing | PHRF Division,Around Long Island Course - Spinnaker Racing,PHRF Division,,37,33,Spinnaker Division 5 - Warning Signal 13:20,8.0,RET,,0:00:00:00,,athena,Athena,36,Catalina 38,38 Ft,christopher Berg,LHYC,"huntington, ny, USA",PHRF,ToD / ToT,123.0,123.0,2026,2026 Around Long Island Regatta,,,Not identified from public sources reviewed,,,,https://yachtscoring.com/event_results_detail/50645/1,https://yachtscoring.com/event_scratch_sheet/50645,https://yachtscoring.com/boatdetail/50645/527045,"Overall fleet rank and size come from YachtScoring Race 1 detailed results. The overall fleet is the source-defined racing circle plus rating division, not the individual class.",367151730,367151730,ATHENA,Not provided in export,High speed craft,33.0,10.0,2.0,Not provided in export,2026-09-05T11:09:30.014Z,2026-09-06T00:09:05.03Z,7443.0,Low,"Exact normalized name match, but AIS reported length or type conflicts with the race entry.",Attached AIS_EVENTS_RAW.csv
50645,Around Long Island Regatta,2026,"July 23 - 26, 2026",Around Long Island Course - Spinnaker Racing | PHRF Division,Around Long Island Course - Spinnaker Racing,PHRF Division,11.0,37,33,Spinnaker Division 7 - Warning Signal 13:30,1.0,FINISHED,1:19:40:18,1:23:59:03,07/25/2026 @ 13:34:03 (GMT-05:00),therover,The Rover,USA 93310,Swan 44 MKII,44 Ft,S. Steven Yang,NYYC,"New York, NY, USA",PHRF,ToD / ToT,75.0,57.0,2026,2024 Vineyard Race; 2026 Around Long Island Regatta; 2026 Vineyard Race,,,Not identified from public sources reviewed,,,,https://yachtscoring.com/event_results_detail/50645/1,https://yachtscoring.com/event_scratch_sheet/50645,https://yachtscoring.com/boatdetail/50775/529049,"Overall fleet rank and size come from YachtScoring Race 1 detailed results. The overall fleet is the source-defined racing circle plus rating division, not the individual class.",368118690,368118690,THE ROVER,Not provided in export,Sailing,15.0,3.0,,Not provided in export,2026-09-04T13:01:39.415Z,2026-09-06T12:06:31.376Z,1719.0,High,"Exact normalized name match, compatible AIS vessel type, and compatible reported length.",Attached AIS_EVENTS_RAW.csv
50645,Around Long Island Regatta,2026,"July 23 - 26, 2026",Around Long Island Course - Spinnaker Racing | PHRF Division,Around Long Island Course - Spinnaker Racing,PHRF Division,14.0,37,33,Spinnaker Division 7 - Warning Signal 13:30,2.0,FINISHED,1:19:58:52,2:00:59:01,07/25/2026 @ 14:34:01 (GMT-05:00),phantom,Phantom,USA 444,Xp 44,44 Ft,Chris Schoen,"LYC, NYYC, STC","Larchmont, NY, USA",ORC,APH,87.0,482.4,2026,2024 Storm Trysail Club Block Island Race; 2025 Around Long Island Regatta; 2025 Storm Trysail Club Block Island Race; 2025 Vineyard Race; 2026 Around Long Island Regatta; 2026 Storm Trysail Club Block Island Race; 2026 Vineyard Race,,,Not identified from public sources reviewed,,,,https://yachtscoring.com/event_results_detail/50645/1,https://yachtscoring.com/event_scratch_sheet/50645,https://yachtscoring.com/boatdetail/50775/528995,"Overall fleet rank and size come from YachtScoring Race 1 detailed results. The overall fleet is the source-defined racing circle plus rating division, not the individual class.",338242317; 368001170; 368077430,338242317; 368001170; 368077430,PHANTOM,Not provided in export,Sailing,13.0,4.0,,Not provided in export,2026-09-04T13:01:46.597Z,2026-09-05T18:18:29.753Z,1979.0,Low,"Exact normalized name matched multiple AIS MMSIs; verify using dimensions, owner, or callsign.",Attached AIS_EVENTS_RAW.csv
50645,Around Long Island Regatta,2026,"July 23 - 26, 2026",Around Long Island Course - Spinnaker Racing | PHRF Division,Around Long Island Course - Spinnaker Racing,PHRF Division,16.0,37,33,Spinnaker Division 7 - Warning Signal 13:30,3.0,FINISHED,1:20:18:49,2:00:58:16,07/25/2026 @ 14:33:16 (GMT-05:00),betelgeuse,BETELGEUSE YCC,43392,J/36,36 Ft,Ben Cohen,,"Brooklyn, NY, USA",PHRF,ToD / ToT,81.0,81.0,2026,2026 Around Long Island Regatta,,,Not identified from public sources reviewed,,,,https://yachtscoring.com/event_results_detail/50645/1,https://yachtscoring.com/event_scratch_sheet/50645,https://yachtscoring.com/boatdetail/50645/525441,"Overall fleet rank and size come from YachtScoring Race 1 detailed results. The overall fleet is the source-defined racing circle plus rating division, not the individual class.",,,,,,,,,,,,,,,
50645,Around Long Island Regatta,2026,"July 23 - 26, 2026",Around Long Island Course - Spinnaker Racing | PHRF Division,Around Long Island Course - Spinnaker Racing,PHRF Division,23.0,37,33,Spinnaker Division 7 - Warning Signal 13:30,4.0,FINISHED,1:21:25:00,2:01:43:45,07/25/2026 @ 15:18:45 (GMT-05:00),valiant,Valiant YCC,408,J/105,10.5 M,Stamford Yacht Club Juniors,Stamford YC Junior Big Boat Program,"Stamford, Ct, USA",PHRF,ToD / ToT,75.0,75.0,2026,2026 Around Long Island Regatta,,,Not identified from public sources reviewed,,,,https://yachtscoring.com/event_results_detail/50645/1,https://yachtscoring.com/event_scratch_sheet/50645,https://yachtscoring.com/boatdetail/50645/526516,"Overall fleet rank and size come from YachtScoring Race 1 detailed results. The overall fleet is the source-defined racing circle plus rating division, not the individual class.",,,,,,,,,,,,,,,
50645,Around Long Island Regatta,2026,"July 23 - 26, 2026",Around Long Island Course - Spinnaker Racing | PHRF Division,Around Long Island Course - Spinnaker Racing,PHRF Division,26.0,37,33,Spinnaker Division 7 - Warning Signal 13:30,5.0,FINISHED,1:21:55:32,2:03:16:23,07/25/2026 @ 16:51:23 (GMT-05:00),littletexas,Little Texas YCC,USA 169,J/105 SD,35 Ft,The WaterFront Center Junior Big Boat,The WaterFront Center,"OYSTER BAY, New York, USA",PHRF,ToD / ToT,93.0,93.0,2026,2025 Around Long Island Regatta; 2026 Around Long Island Regatta; 2026 Vineyard Race,,,Not identified from public sources reviewed,,,,https://yachtscoring.com/event_results_detail/50645/1,https://yachtscoring.com/event_scratch_sheet/50645,https://yachtscoring.com/boatdetail/50775/530033,"Overall fleet rank and size come from YachtScoring Race 1 detailed results. The overall fleet is the source-defined racing circle plus rating division, not the individual class.",368382110,368382110,LITTLE TEXAS,Not provided in export,Sailing,12.0,3.0,,Not provided in export,2026-09-04T15:44:47.557Z,2026-09-05T12:16:52.182Z,1582.0,High,"Exact normalized name match, compatible AIS vessel type, and compatible reported length.",Attached AIS_EVENTS_RAW.csv
50645,Around Long Island Regatta,2026,"July 23 - 26, 2026",Around Long Island Course - Spinnaker Racing | PHRF Division,Around Long Island Course - Spinnaker Racing,PHRF Division,27.0,37,33,Spinnaker Division 7 - Warning Signal 13:30,6.0,FINISHED,1:22:52:18,2:03:21:24,07/25/2026 @ 16:56:24 (GMT-05:00),scapegoat,SCAPEGOAT,USA USA 619,J/105,34 Ft,James Reichel,Lloyd Harbor YC,"West Islip, NY, USA",PHRF,ToD / ToT,78.0,78.0,2026,2024 Around Long Island Regatta; 2025 Around Long Island Regatta; 2026 Around Long Island Regatta,,,Not identified from public sources reviewed,,,,https://yachtscoring.com/event_results_detail/50645/1,https://yachtscoring.com/event_scratch_sheet/50645,https://yachtscoring.com/boatdetail/50645/526964,"Overall fleet rank and size come from YachtScoring Race 1 detailed results. The overall fleet is the source-defined racing circle plus rating division, not the individual class.",,,,,,,,,,,,,,,
50645,Around Long Island Regatta,2026,"July 23 - 26, 2026",Around Long Island Course - Spinnaker Racing | PHRF Division,Around Long Island Course - Spinnaker Racing,PHRF Division,29.0,37,33,Spinnaker Division 7 - Warning Signal 13:30,7.0,FINISHED,1:23:17:19,2:03:15:22,07/25/2026 @ 16:50:22 (GMT-05:00),velocita,Velocita,USA 319,J/109,35 Ft,Marc De Souter,Liberty Yacht Club,"Wayne, NJ, USA",PHRF,ToD / ToT,69.0,69.0,2026,2025 Vineyard Race; 2026 Around Long Island Regatta; 2026 Vineyard Race,,,Not identified from public sources reviewed,,,,https://yachtscoring.com/event_results_detail/50645/1,https://yachtscoring.com/event_scratch_sheet/50645,https://yachtscoring.com/boatdetail/50775/525683,"Overall fleet rank and size come from YachtScoring Race 1 detailed results. The overall fleet is the source-defined racing circle plus rating division, not the individual class.",338446443,338446443,VELOCITA,Not provided in export,Sailing,11.0,4.0,,Not provided in export,2026-09-04T11:25:28.503Z,2026-09-05T21:33:05.061Z,2922.0,High,"Exact normalized name match, compatible AIS vessel type, and compatible reported length.",Attached AIS_EVENTS_RAW.csv
50645,Around Long Island Regatta,2026,"July 23 - 26, 2026",Around Long Island Course - Spinnaker Racing | PHRF Division,Around Long Island Course - Spinnaker Racing,PHRF Division,30.0,37,33,Spinnaker Division 7 - Warning Signal 13:30,8.0,FINISHED,1:23:50:21,2:04:50:30,07/25/2026 @ 18:25:30 (GMT-05:00),argos,ARGOS,1543,Dufour 44,44 Ft,Rad Kurek,PSCNY / CIYC,"Middle Village, New York, USA",PHRF,ToD / ToT,87.0,87.0,2026,2026 Around Long Island Regatta; 2026 Vineyard Race,,,Not identified from public sources reviewed,,,,https://yachtscoring.com/event_results_detail/50645/1,https://yachtscoring.com/event_scratch_sheet/50645,https://yachtscoring.com/boatdetail/50775/529695,"Overall fleet rank and size come from YachtScoring Race 1 detailed results. The overall fleet is the source-defined racing circle plus rating division, not the individual class.",368335020,368335020,ARGOS,Not provided in export,Sailing,13.0,4.0,,Not provided in export,2026-09-04T10:14:25.956Z,2026-09-05T04:31:54.543Z,940.0,High,"Exact normalized name match, compatible AIS vessel type, and compatible reported length.",Attached AIS_EVENTS_RAW.csv
50645,Around Long Island Regatta,2026,"July 23 - 26, 2026",Around Long Island Course - Spinnaker Racing | PHRF Division,Around Long Island Course - Spinnaker Racing,PHRF Division,,37,33,Spinnaker Division 7 - Warning Signal 13:30,9.0,RET,,0:00:00:00,,avatar,Avatar,USA 61971,Beneteau First 42,42 Ft,Janusz Kedzierski,Mill Basin Club,"New York, NY, USA",PHRF,ToD / ToT,87.0,87.0,2026,2026 Around Long Island Regatta,,,Not identified from public sources reviewed,,,,https://yachtscoring.com/event_results_detail/50645/1,https://yachtscoring.com/event_scratch_sheet/50645,https://yachtscoring.com/boatdetail/50645/526247,"Overall fleet rank and size come from YachtScoring Race 1 detailed results. The overall fleet is the source-defined racing circle plus rating division, not the individual class.",,,,,,,,,,,,,,,
50645,Around Long Island Regatta,2026,"July 23 - 26, 2026",Around Long Island Course - Spinnaker Racing | PHRF Division,Around Long Island Course - Spinnaker Racing,PHRF Division,3.0,37,33,Spinnaker Division 8 - Warning Signal 13:40,1.0,FINISHED,1:17:50:54,1:19:13:42,07/25/2026 @ 08:58:42 (GMT-05:00),lioness,Lioness,USA 38007,Sydney 38,38 Ft,Lion Sailing Sailmakers,"Lion Racing, HYC","NYC, NY, USA",PHRF,ToD / ToT,24.0,24.0,2026,2026 Around Long Island Regatta; 2026 Storm Trysail Club Block Island Race; 2026 Vineyard Race,,,Not identified from public sources reviewed,,,,https://yachtscoring.com/event_results_detail/50645/1,https://yachtscoring.com/event_scratch_sheet/50645,https://yachtscoring.com/boatdetail/50775/528713,"Overall fleet rank and size come from YachtScoring Race 1 detailed results. The overall fleet is the source-defined racing circle plus rating division, not the individual class.",,,,,,,,,,,,,,,
50645,Around Long Island Regatta,2026,"July 23 - 26, 2026",Around Long Island Course - Spinnaker Racing | PHRF Division,Around Long Island Course - Spinnaker Racing,PHRF Division,8.0,37,33,Spinnaker Division 8 - Warning Signal 13:40,2.0,FINISHED,1:18:47:09,1:19:28:33,07/25/2026 @ 09:13:33 (GMT-05:00),crocodile,Crocodile,USA 61150,Beneteau First 50,49 Ft,Scott Ward,"STC, CCA","Hollywood, MD, USA",PHRF,ToD / ToT,12.0,12.0,2026,2026 Around Long Island Regatta,,,Not identified from public sources reviewed,,,,https://yachtscoring.com/event_results_detail/50645/1,https://yachtscoring.com/event_scratch_sheet/50645,https://yachtscoring.com/boatdetail/50645/522625,"Overall fleet rank and size come from YachtScoring Race 1 detailed results. The overall fleet is the source-defined racing circle plus rating division, not the individual class.",,,,,,,,,,,,,,,
50645,Around Long Island Regatta,2026,"July 23 - 26, 2026",Around Long Island Course - Spinnaker Racing | PHRF Division,Around Long Island Course - Spinnaker Racing,PHRF Division,12.0,37,33,Spinnaker Division 8 - Warning Signal 13:40,3.0,FINISHED,1:19:41:53,1:22:17:08,07/25/2026 @ 12:02:08 (GMT-05:00),duet,DUET,USA 51445,J/120,40 Ft,Andy Lubimov,Huguenot YC,"Scarsdale, NY, USA",PHRF,ToD / ToT,45.0,45.0,2026,2024 Around Long Island Regatta; 2024 Storm Trysail Club Block Island Race; 2024 Vineyard Race; 2025 Around Long Island Regatta; 2025 Vineyard Race; 2026 Around Long Island Regatta; 2026 Storm Trysail Club Block Island Race; 2026 Vineyard Race,,,Not identified from public sources reviewed,,,,https://yachtscoring.com/event_results_detail/50645/1,https://yachtscoring.com/event_scratch_sheet/50645,https://yachtscoring.com/boatdetail/50775/529469,"Overall fleet rank and size come from YachtScoring Race 1 detailed results. The overall fleet is the source-defined racing circle plus rating division, not the individual class.",338479036; 338479179,338479036; 338479179,DUET,Not provided in export,Sailing,12.0,2.0,,Not provided in export,2026-09-04T13:01:47.168Z,2026-09-06T15:56:24.176Z,2302.0,Low,"Exact normalized name matched multiple AIS MMSIs; verify using dimensions, owner, or callsign.",Attached AIS_EVENTS_RAW.csv
50645,Around Long Island Regatta,2026,"July 23 - 26, 2026",Around Long Island Course - Spinnaker Racing | PHRF Division,Around Long Island Course - Spinnaker Racing,PHRF Division,22.0,37,33,Spinnaker Division 8 - Warning Signal 13:40,4.0,FINISHED,1:21:24:52,2:00:10:28,07/25/2026 @ 13:55:28 (GMT-05:00),exuberance,Exuberance,51506,X-442,44 Ft,Rich Spitzenberger,PJYC,"PORT JEFFERSON, NY, USA",PHRF,ToD / ToT,48.0,48.0,2026,2024 Vineyard Race; 2025 Vineyard Race; 2026 Around Long Island Regatta,,,Not identified from public sources reviewed,,,,https://yachtscoring.com/event_results_detail/50645/1,https://yachtscoring.com/event_scratch_sheet/50645,https://yachtscoring.com/boatdetail/50645/527105,"Overall fleet rank and size come from YachtScoring Race 1 detailed results. The overall fleet is the source-defined racing circle plus rating division, not the individual class.",338498112,338498112,EXUBERANCE,Not provided in export,Pleasure,13.0,5.0,,Not provided in export,2026-09-04T17:08:44.185Z,2026-09-07T14:36:08.135Z,229.0,High,"Exact normalized name match, compatible AIS vessel type, and compatible reported length.",Attached AIS_EVENTS_RAW.csv
50645,Around Long Island Regatta,2026,"July 23 - 26, 2026",Around Long Island Course - Spinnaker Racing | PHRF Division,Around Long Island Course - Spinnaker Racing,PHRF Division,25.0,37,33,Spinnaker Division 8 - Warning Signal 13:40,5.0,FINISHED,1:21:46:35,2:01:03:14,07/25/2026 @ 14:48:14 (GMT-05:00),vicitan,VICITAN YCC,USA 19,FIGARO 2,33 Ft,NEKA SAILING,NEKA Sailing,"Glen Cove, NY, USA",PHRF,ToD / ToT,57.0,57.0,2026,2026 Around Long Island Regatta; 2026 Vineyard Race,,,Not identified from public sources reviewed,,,,https://yachtscoring.com/event_results_detail/50645/1,https://yachtscoring.com/event_scratch_sheet/50645,https://yachtscoring.com/boatdetail/50775/529674,"Overall fleet rank and size come from YachtScoring Race 1 detailed results. The overall fleet is the source-defined racing circle plus rating division, not the individual class.",,,,,,,,,,,,,,,
50645,Around Long Island Regatta,2026,"July 23 - 26, 2026",Around Long Island Course - Spinnaker Racing | PHRF Division,Around Long Island Course - Spinnaker Racing,PHRF Division,32.0,37,33,Spinnaker Division 8 - Warning Signal 13:40,6.0,FINISHED,2:01:21:52,2:04:48:52,07/25/2026 @ 18:33:52 (GMT-05:00),wanderer,WANDERER,181,Hanse 458,44.5 Ft,Stefano Basilico,"Port Jefferson Yacht Club, Bellport Bay Yacht Club","BROOKLYN, NY, USA",PHRF,ToD / ToT,60.0,60.0,2026,2024 Around Long Island Regatta; 2024 Storm Trysail Club Block Island Race; 2025 Around Long Island Regatta; 2026 Around Long Island Regatta,,,Not identified from public sources reviewed,,,,https://yachtscoring.com/event_results_detail/50645/1,https://yachtscoring.com/event_scratch_sheet/50645,https://yachtscoring.com/boatdetail/50645/522641,"Overall fleet rank and size come from YachtScoring Race 1 detailed results. The overall fleet is the source-defined racing circle plus rating division, not the individual class.",,,,,,,,,,,,,,,
50645,Around Long Island Regatta,2026,"July 23 - 26, 2026",Around Long Island Course - Spinnaker Racing | PHRF Division,Around Long Island Course - Spinnaker Racing,PHRF Division,1.0,37,33,Spinnaker Division 9 - Warning Signal 13:50,1.0,FINISHED,1:17:24:58,1:16:33:13,07/25/2026 @ 06:28:13 (GMT-05:00),zammermoos,Zammermoos,Uni 4224,Club Swan 42,42 Ft,David Fass,New York Yacht Club,"Mamaroneck, NY, USA",PHRF,ToD / ToT,-15.0,-15.0,2026,2024 Storm Trysail Club Block Island Race; 2025 Storm Trysail Club Block Island Race; 2026 Around Long Island Regatta,,,Not identified from public sources reviewed,,,,https://yachtscoring.com/event_results_detail/50645/1,https://yachtscoring.com/event_scratch_sheet/50645,https://yachtscoring.com/boatdetail/50645/525944,"Overall fleet rank and size come from YachtScoring Race 1 detailed results. The overall fleet is the source-defined racing circle plus rating division, not the individual class.",,,,,,,,,,,,,,,
50645,Around Long Island Regatta,2026,"July 23 - 26, 2026",Around Long Island Course - Spinnaker Racing | PHRF Division,Around Long Island Course - Spinnaker Racing,PHRF Division,6.0,37,33,Spinnaker Division 9 - Warning Signal 13:50,2.0,FINISHED,1:18:22:47,1:16:59:59,07/25/2026 @ 06:54:59 (GMT-05:00),poseidon,Poseidon,USA 52059,Swan 45,45 Ft,Nico Martinez,US Naval Academy,"Annapolis, Maryland, USA",PHRF,ToD / ToT,-24.0,-24.0,2026,2026 Around Long Island Regatta,,,Not identified from public sources reviewed,,,,https://yachtscoring.com/event_results_detail/50645/1,https://yachtscoring.com/event_scratch_sheet/50645,https://yachtscoring.com/boatdetail/50645/521980,"Overall fleet rank and size come from YachtScoring Race 1 detailed results. The overall fleet is the source-defined racing circle plus rating division, not the individual class.",,,,,,,,,,,,,,,
50645,Around Long Island Regatta,2026,"July 23 - 26, 2026",Around Long Island Course - Spinnaker Racing | PHRF Division,Around Long Island Course - Spinnaker Racing,PHRF Division,15.0,37,33,Spinnaker Division 9 - Warning Signal 13:50,3.0,FINISHED,1:20:13:05,1:19:10:59,07/25/2026 @ 09:05:59 (GMT-05:00),katara56,Katara56,CAY61887,X-Yacht 56,56 Ft,Daniel Griffin,PWYC/NYYC,"Port Washington, NY, USA",PHRF,ToD / ToT,-15.0,-15.0,2026,2026 Around Long Island Regatta; 2026 Storm Trysail Club Block Island Race,,,Not identified from public sources reviewed,,,,https://yachtscoring.com/event_results_detail/50645/1,https://yachtscoring.com/event_scratch_sheet/50645,https://yachtscoring.com/boatdetail/50645/522107,"Overall fleet rank and size come from YachtScoring Race 1 detailed results. The overall fleet is the source-defined racing circle plus rating division, not the individual class.",,,,,,,,,,,,,,,
50645,Around Long Island Regatta,2026,"July 23 - 26, 2026",Around Long Island Course - Spinnaker Racing | PHRF Division,Around Long Island Course - Spinnaker Racing,PHRF Division,28.0,37,33,Spinnaker Division 9 - Warning Signal 13:50,4.0,FINISHED,1:23:04:24,1:22:02:18,07/25/2026 @ 11:57:18 (GMT-05:00),max,Max,USA 75050,Pogo 50,50 Ft,Moritz Hilf,New York Yacht Club / American Yacht Club / Storm Trysail Club,"New York, NY, USA",PHRF,ToD / ToT,-18.0,-18.0,2026,2024 Around Long Island Regatta; 2024 Storm Trysail Club Block Island Race; 2025 Around Long Island Regatta; 2026 Around Long Island Regatta; 2026 Storm Trysail Club Block Island Race; 2026 Vineyard Race,,,Not identified from public sources reviewed,,,,https://yachtscoring.com/event_results_detail/50645/1,https://yachtscoring.com/event_scratch_sheet/50645,https://yachtscoring.com/boatdetail/50775/529465,"Overall fleet rank and size come from YachtScoring Race 1 detailed results. The overall fleet is the source-defined racing circle plus rating division, not the individual class.",368146320,368146320,MAX,Not provided in export,Sailing,15.0,5.0,,Not provided in export,2026-09-04T12:38:38.982Z,2026-09-05T10:31:55.796Z,1238.0,High,"Exact normalized name match, compatible AIS vessel type, and compatible reported length.",Attached AIS_EVENTS_RAW.csv
50645,Around Long Island Regatta,2026,"July 23 - 26, 2026",Around the Islands Course - Spinnaker Racing | PHRF Division,Around the Islands Course - Spinnaker Racing,PHRF Division,1.0,1,1,Spinnaker Division 6 - Warning Signal 13:20,1.0,FINISHED,2:21:06:51,3:08:13:51,07/26/2026 @ 21:38:51 (GMT-05:00),nomad,Nomad,USA 52968,Hunter 41DS,40.4 Ft,Shane Haas,Poughkeepsie Yacht Club,"West Shokan, NY, USA",PHRF,ToD / ToT,174.0,174.0,2026,2024 Around Long Island Regatta; 2025 Around Long Island Regatta; 2026 Around Long Island Regatta,,,Not identified from public sources reviewed,,,,https://yachtscoring.com/event_results_detail/50645/1,https://yachtscoring.com/event_scratch_sheet/50645,https://yachtscoring.com/boatdetail/50645/526572,"Overall fleet rank and size come from YachtScoring Race 1 detailed results. The overall fleet is the source-defined racing circle plus rating division, not the individual class.",338537227,338537227,NOMAD,Not provided in export,Pleasure,14.0,5.0,,Not provided in export,2026-09-05T02:19:13.657Z,2026-09-06T07:53:15.801Z,736.0,High,"Exact normalized name match, compatible AIS vessel type, and compatible reported length.",Attached AIS_EVENTS_RAW.csv
16470,Storm Trysail Club Block Island Race,2024,"May 24 - 26, 2024",Block Island Racing | ORC Division,Block Island Racing,ORC Division,18.0,40,31,Class 2 ORC-DH,1.0,FINISHED,1:09:37:20,1:14:37:26,05/26/2024 @ 04:42:26 (GMT-05:00),groupe5,Groupe 5,USA 26,Mod. Figaro 2,33 Ft,NEKA Sailing /Zachary Doerr,NEKA Sailing,"Newport, RI, USA",ORC,APH,530.0,523.5,2026,2024 Storm Trysail Club Block Island Race; 2024 Vineyard Race; 2025 Storm Trysail Club Block Island Race; 2025 Vineyard Race; 2026 Storm Trysail Club Block Island Race; 2026 Vineyard Race,,,Not identified from public sources reviewed,,,,https://yachtscoring.com/event_results_detail/16470/1,https://yachtscoring.com/event_scratch_sheet/16470,https://yachtscoring.com/boatdetail/50775/530233,"Overall fleet rank and size come from YachtScoring Race 1 detailed results. The overall fleet is the source-defined racing circle plus rating division, not the individual class.",,,,,,,,,,,,,,,
16470,Storm Trysail Club Block Island Race,2024,"May 24 - 26, 2024",Block Island Racing | ORC Division,Block Island Racing,ORC Division,21.0,40,31,Class 2 ORC-DH,2.0,FINISHED,1:10:48:44,1:15:57:49,05/26/2024 @ 06:02:49 (GMT-05:00),byte,Byte,USA 12424,Sun Fast 3300,32.9,Robert & Collin Alexander,American Yacht Club,"Rye, NY, USA",ORC,APH,535.0,531.3,2025,2024 Storm Trysail Club Block Island Race; 2024 Vineyard Race; 2025 Storm Trysail Club Block Island Race; 2025 Vineyard Race,,,Not identified from public sources reviewed,,,,https://yachtscoring.com/event_results_detail/16470/1,https://yachtscoring.com/event_scratch_sheet/16470,https://yachtscoring.com/boatdetail/50111/504863,"Overall fleet rank and size come from YachtScoring Race 1 detailed results. The overall fleet is the source-defined racing circle plus rating division, not the individual class.",,,,,,,,,,,,,,,
16470,Storm Trysail Club Block Island Race,2024,"May 24 - 26, 2024",Block Island Racing | ORC Division,Block Island Racing,ORC Division,28.0,40,31,Class 2 ORC-DH,3.0,FINISHED,1:12:02:31,1:17:42:37,05/26/2024 @ 07:47:37 (GMT-05:00),avanti,AVANTI,USA 52906,Hanse Mod,45,Jeremi Jablonski,CPYC,"Wilton, CT, USA",ORC,APH,506.5,502.8,2024,2024 Storm Trysail Club Block Island Race; 2024 Vineyard Race,,,Not identified from public sources reviewed,,,,https://yachtscoring.com/event_results_detail/16470/1,https://yachtscoring.com/event_scratch_sheet/16470,https://yachtscoring.com/boatdetail/16572/307740,"Overall fleet rank and size come from YachtScoring Race 1 detailed results. The overall fleet is the source-defined racing circle plus rating division, not the individual class.",,,,,,,,,,,,,,,
16470,Storm Trysail Club Block Island Race,2024,"May 24 - 26, 2024",Block Island Racing | ORC Division,Block Island Racing,ORC Division,6.0,40,31,Class 6 ORC,1.0,FINISHED,1:05:55:29,1:12:13:27,05/26/2024 @ 02:48:27 (GMT-05:00),intheory,In Theory,USA 61183,JPK 1080,35.5 Ft,Peter McWhinnie,"LYC, STC, RORC","Larchmont, New York, USA",ORC,APH,530.7,528.2,2026,2024 Storm Trysail Club Block Island Race; 2024 Vineyard Race; 2026 Storm Trysail Club Block Island Race; 2026 Vineyard Race,,,Not identified from public sources reviewed,,,,https://yachtscoring.com/event_results_detail/16470/1,https://yachtscoring.com/event_scratch_sheet/16470,https://yachtscoring.com/boatdetail/50775/528135,"Overall fleet rank and size come from YachtScoring Race 1 detailed results. The overall fleet is the source-defined racing circle plus rating division, not the individual class.",368070090,368070090,IN THEORY,Not provided in export,Sailing,11.0,4.0,,Not provided in export,2026-09-04T13:01:55.789Z,2026-09-05T11:26:06.426Z,1728.0,High,"Exact normalized name match, compatible AIS vessel type, and compatible reported length.",Attached AIS_EVENTS_RAW.csv
16470,Storm Trysail Club Block Island Race,2024,"May 24 - 26, 2024",Block Island Racing | ORC Division,Block Island Racing,ORC Division,8.0,40,31,Class 6 ORC,2.0,FINISHED,1:06:01:10,1:11:04:40,05/26/2024 @ 01:39:40 (GMT-05:00),christopherdragonxii,Christopher Dragon XII,USA 2277,Italia 11.98,38 Ft,Linda & Andrew Weiss,Storm Trysail Club / Larchmont Yacht Club,"Mamaroneck, NY, USA",ORC,APH,,525.5,2026,2024 Storm Trysail Club Block Island Race; 2024 Vineyard Race; 2025 Storm Trysail Club Block Island Race; 2025 Vineyard Race; 2026 Storm Trysail Club Block Island Race; 2026 Vineyard Race,,338324718; 338441051,"Conflicting public candidates, verify",Low,https://www.marinetraffic.com/en/ais/details/ships/shipid:5683135/mmsi:338324718/imo:0/vessel:CHRISTOPHER_DRAGON; https://globalfishingwatch.org/platform/vessel/98ffbb82-bba49-f1d0-aa9a-36a153c5e354,"Public AIS/GFW results found Christopher Dragon candidates, but neither source proves the XII suffix, owner, or home port match.",https://yachtscoring.com/event_results_detail/16470/1,https://yachtscoring.com/event_scratch_sheet/16470,https://yachtscoring.com/boatdetail/50775/526458,"Overall fleet rank and size come from YachtScoring Race 1 detailed results. The overall fleet is the source-defined racing circle plus rating division, not the individual class.",338324718; 338441051,,,,,,,,,,,,,,
16470,Storm Trysail Club Block Island Race,2024,"May 24 - 26, 2024",Block Island Racing | ORC Division,Block Island Racing,ORC Division,16.0,40,31,Class 6 ORC,3.0,FINISHED,1:08:46:18,1:14:09:19,05/26/2024 @ 04:44:19 (GMT-05:00),carina,Carina,USA 315,Custom 48' sloop,48',Rives Potts,NYYC,"Essex, CT, USA",ORC,APH,525.4,525.4,2024,2024 Storm Trysail Club Block Island Race,,,Not identified from public sources reviewed,,,,https://yachtscoring.com/event_results_detail/16470/1,https://yachtscoring.com/event_scratch_sheet/16470,https://yachtscoring.com/boatdetail/16470/298221,"Overall fleet rank and size come from YachtScoring Race 1 detailed results. The overall fleet is the source-defined racing circle plus rating division, not the individual class.",,,,,,,,,,,,,,,
16470,Storm Trysail Club Block Island Race,2024,"May 24 - 26, 2024",Block Island Racing | ORC Division,Block Island Racing,ORC Division,22.0,40,31,Class 6 ORC,4.0,FINISHED,1:10:52:15,1:16:38:14,05/26/2024 @ 07:13:14 (GMT-05:00),loblolly,Loblolly,USA 60036,Sunfast 3600,36,Michael Greene,CPYC,"New York, NY, USA",ORC,APH,524.0,524.0,2024,2024 Storm Trysail Club Block Island Race,,,Not identified from public sources reviewed,,,,https://yachtscoring.com/event_results_detail/16470/1,https://yachtscoring.com/event_scratch_sheet/16470,https://yachtscoring.com/boatdetail/16470/296507,"Overall fleet rank and size come from YachtScoring Race 1 detailed results. The overall fleet is the source-defined racing circle plus rating division, not the individual class.",,,,,,,,,,,,,,,
16470,Storm Trysail Club Block Island Race,2024,"May 24 - 26, 2024",Block Island Racing | ORC Division,Block Island Racing,ORC Division,23.0,40,31,Class 6 ORC,5.0,FINISHED,1:11:14:27,1:18:48:53,05/26/2024 @ 09:23:53 (GMT-05:00),coucou,Coucou,USA 18321,Express 37,37,Eric Wolf,Manhasset Bay Yacht Club,"Glen Cove, New York, USA",PHRF,ToD / ToT,547.5,66.0,2025,2024 Storm Trysail Club Block Island Race; 2024 Vineyard Race; 2025 Vineyard Race,,,Not identified from public sources reviewed,,,,https://yachtscoring.com/event_results_detail/16470/1,https://yachtscoring.com/event_scratch_sheet/16470,https://yachtscoring.com/boatdetail/50111/507095,"Overall fleet rank and size come from YachtScoring Race 1 detailed results. The overall fleet is the source-defined racing circle plus rating division, not the individual class.",,,,,,,,,,,,,,,
16470,Storm Trysail Club Block Island Race,2024,"May 24 - 26, 2024",Block Island Racing | ORC Division,Block Island Racing,ORC Division,27.0,40,31,Class 6 ORC,6.0,FINISHED,1:12:00:44,1:18:11:55,05/26/2024 @ 08:46:55 (GMT-05:00),ragana,Ragana,USA 52238,Cape Fear 38R,38 Ft,Darius Peleda,CPYC,"Westport, CT, USA",ORC,APH,525.1,523.2,2026,2024 Storm Trysail Club Block Island Race; 2024 Vineyard Race; 2025 Vineyard Race; 2026 Storm Trysail Club Block Island Race; 2026 Vineyard Race,,,Not identified from public sources reviewed,,,,https://yachtscoring.com/event_results_detail/16470/1,https://yachtscoring.com/event_scratch_sheet/16470,https://yachtscoring.com/boatdetail/50775/529400,"Overall fleet rank and size come from YachtScoring Race 1 detailed results. The overall fleet is the source-defined racing circle plus rating division, not the individual class.",367613230,367613230,RAGANA,Not provided in export,Sailing,11.0,2.0,,Not provided in export,2026-09-04T13:01:38.321Z,2026-09-05T11:33:53.504Z,1404.0,High,"Exact normalized name match, compatible AIS vessel type, and compatible reported length.",Attached AIS_EVENTS_RAW.csv
16470,Storm Trysail Club Block Island Race,2024,"May 24 - 26, 2024",Block Island Racing | ORC Division,Block Island Racing,ORC Division,31.0,40,31,Class 6 ORC,7.0,FINISHED,1:13:42:42,1:18:59:27,05/26/2024 @ 09:34:27 (GMT-05:00),squeezeplay,SqueeZeplay,USA 52240,IMX 40,39’7” Ft,Gregg Brinegar,New York Yacht Club,"Farmington, CT, USA",ORC,APH,516.9,517.1,2026,2024 Storm Trysail Club Block Island Race; 2025 Storm Trysail Club Block Island Race; 2026 Storm Trysail Club Block Island Race,,,Not identified from public sources reviewed,,,,https://yachtscoring.com/event_results_detail/16470/1,https://yachtscoring.com/event_scratch_sheet/16470,https://yachtscoring.com/boatdetail/50619/520412,"Overall fleet rank and size come from YachtScoring Race 1 detailed results. The overall fleet is the source-defined racing circle plus rating division, not the individual class.",,,,,,,,,,,,,,,
16470,Storm Trysail Club Block Island Race,2024,"May 24 - 26, 2024",Block Island Racing | ORC Division,Block Island Racing,ORC Division,10.0,40,31,Class 8 ORC,1.0,FINISHED,1:06:22:59,1:10:05:19,05/26/2024 @ 01:00:19 (GMT-05:00),zigzag,Zig Zag,USA 12912,J 122,40 Ft,Andrew Clark,"NYYC, IHYC, STC","Greenwich, CT, USA",ORC,APH,512.0,503.9,2026,2024 Storm Trysail Club Block Island Race; 2025 Storm Trysail Club Block Island Race; 2025 Vineyard Race; 2026 Storm Trysail Club Block Island Race,,,Not identified from public sources reviewed,,,,https://yachtscoring.com/event_results_detail/16470/1,https://yachtscoring.com/event_scratch_sheet/16470,https://yachtscoring.com/boatdetail/50619/520819,"Overall fleet rank and size come from YachtScoring Race 1 detailed results. The overall fleet is the source-defined racing circle plus rating division, not the individual class.",,,,,,,,,,,,,,,
16470,Storm Trysail Club Block Island Race,2024,"May 24 - 26, 2024",Block Island Racing | ORC Division,Block Island Racing,ORC Division,19.0,40,31,Class 8 ORC,2.0,FINISHED,1:09:44:14,1:12:53:29,05/26/2024 @ 03:48:29 (GMT-05:00),skye,Skye,USA 39534,Farr 395,40 Ft,Ty Anderson,Riverside/STC/NYYC,"Riverside, CT, USA",ORC,APH,507.3,504.4,2026,2024 Storm Trysail Club Block Island Race; 2025 Storm Trysail Club Block Island Race; 2026 Storm Trysail Club Block Island Race,,,Not identified from public sources reviewed,,,,https://yachtscoring.com/event_results_detail/16470/1,https://yachtscoring.com/event_scratch_sheet/16470,https://yachtscoring.com/boatdetail/50619/517710,"Overall fleet rank and size come from YachtScoring Race 1 detailed results. The overall fleet is the source-defined racing circle plus rating division, not the individual class.",,,,,,,,,,,,,,,
16470,Storm Trysail Club Block Island Race,2024,"May 24 - 26, 2024",Block Island Racing | ORC Division,Block Island Racing,ORC Division,24.0,40,31,Class 8 ORC,3.0,FINISHED,1:11:17:20,1:15:22:34,05/26/2024 @ 06:17:34 (GMT-05:00),banter,BANTER,USA 61682,Archambault 40RC,39.3 Ft,Matthew Gimple,Cruising Club of America / RORC / SHYC,"Pawcatuck, CT, USA",ORC,APH,507.9,506.8,2026,2024 Storm Trysail Club Block Island Race; 2026 Storm Trysail Club Block Island Race,,,Not identified from public sources reviewed,,,,https://yachtscoring.com/event_results_detail/16470/1,https://yachtscoring.com/event_scratch_sheet/16470,https://yachtscoring.com/boatdetail/50619/519702,"Overall fleet rank and size come from YachtScoring Race 1 detailed results. The overall fleet is the source-defined racing circle plus rating division, not the individual class.",,,,,,,,,,,,,,,
16470,Storm Trysail Club Block Island Race,2024,"May 24 - 26, 2024",Block Island Racing | ORC Division,Block Island Racing,ORC Division,25.0,40,31,Class 8 ORC,4.0,FINISHED,1:11:18:38,1:15:01:33,05/26/2024 @ 05:56:33 (GMT-05:00),frolic,FROLIC,USA 42324,J 44,44.9,HL DeVore,Larchmont / NYYC / Storm Trysail / CCA,"Mamaroneck, NY, USA",ORC,APH,497.7,497.7,2024,2024 Storm Trysail Club Block Island Race,,,Not identified from public sources reviewed,,,,https://yachtscoring.com/event_results_detail/16470/1,https://yachtscoring.com/event_scratch_sheet/16470,https://yachtscoring.com/boatdetail/16470/298534,"Overall fleet rank and size come from YachtScoring Race 1 detailed results. The overall fleet is the source-defined racing circle plus rating division, not the individual class.",,,,,,,,,,,,,,,
16470,Storm Trysail Club Block Island Race,2024,"May 24 - 26, 2024",Block Island Racing | ORC Division,Block Island Racing,ORC Division,26.0,40,31,Class 8 ORC,5.0,FINISHED,1:11:32:28,1:14:49:33,05/26/2024 @ 05:44:33 (GMT-05:00),rumba,Rumba,USA 61132,J/133,43 Ft,Ove Haxthausen,Stamford Yacht Club,"Stamford, CT, USA",ORC,APH,493.0,490.0,2026,2024 Storm Trysail Club Block Island Race; 2024 Vineyard Race; 2025 Vineyard Race; 2026 Vineyard Race,,,Not identified from public sources reviewed,,,,https://yachtscoring.com/event_results_detail/16470/1,https://yachtscoring.com/event_scratch_sheet/16470,https://yachtscoring.com/boatdetail/50775/522779,"Overall fleet rank and size come from YachtScoring Race 1 detailed results. The overall fleet is the source-defined racing circle plus rating division, not the individual class.",368057260,368057260,RUMBA,Not provided in export,Sailing,13.0,3.0,,Not provided in export,2026-09-04T15:44:43.206Z,2026-09-05T11:43:33.282Z,1530.0,High,"Exact normalized name match, compatible AIS vessel type, and compatible reported length.",Attached AIS_EVENTS_RAW.csv
16470,Storm Trysail Club Block Island Race,2024,"May 24 - 26, 2024",Block Island Racing | ORC Division,Block Island Racing,ORC Division,29.0,40,31,Class 8 ORC,6.0,FINISHED,1:12:13:57,1:16:17:55,05/26/2024 @ 07:12:55 (GMT-05:00),surfacetension,Surface Tension,USA 52556,Beneteau First 44.7,44 Ft,Lou Melillo,Atlantic Highlands Yacht Club / Storm Trysail Club,"Middletown, NJ, USA",ORC,APH,507.0,505.4,2026,2024 Around Long Island Regatta; 2024 Storm Trysail Club Block Island Race; 2024 Vineyard Race; 2025 Around Long Island Regatta; 2025 Vineyard Race; 2026 Around Long Island Regatta; 2026 Vineyard Race,,,Not identified from public sources reviewed,,,,https://yachtscoring.com/event_results_detail/16470/1,https://yachtscoring.com/event_scratch_sheet/16470,https://yachtscoring.com/boatdetail/50775/528824,"Overall fleet rank and size come from YachtScoring Race 1 detailed results. The overall fleet is the source-defined racing circle plus rating division, not the individual class.",338477707,338477707,SURFACE TENSION,Not provided in export,Pleasure,14.0,4.0,,Not provided in export,2026-09-04T13:01:39.193Z,2026-09-05T11:47:22.563Z,1789.0,High,"Exact normalized name match, compatible AIS vessel type, and compatible reported length.",Attached AIS_EVENTS_RAW.csv
16470,Storm Trysail Club Block Island Race,2024,"May 24 - 26, 2024",Block Island Racing | ORC Division,Block Island Racing,ORC Division,30.0,40,31,Class 8 ORC,7.0,FINISHED,1:12:22:13,1:17:17:32,05/26/2024 @ 08:12:32 (GMT-05:00),hamburgii,Hamburg II,USA 51709,J 46,46 Ft,Albrecht Goethe,Lakewood Yacht Club / Storm Trysail Club,"Seabrook, TX, USA",PHRF,ToD / ToT,501.2,30.0,2026,2024 Storm Trysail Club Block Island Race; 2024 Vineyard Race; 2025 Storm Trysail Club Block Island Race; 2025 Vineyard Race; 2026 Vineyard Race,,,Not identified from public sources reviewed,,,,https://yachtscoring.com/event_results_detail/16470/1,https://yachtscoring.com/event_scratch_sheet/16470,https://yachtscoring.com/boatdetail/50775/527917,"Overall fleet rank and size come from YachtScoring Race 1 detailed results. The overall fleet is the source-defined racing circle plus rating division, not the individual class.",366947050,366947050,HAMBURG II,Not provided in export,Sailing,14.0,4.0,,Not provided in export,2026-09-04T15:44:45.213Z,2026-09-05T11:43:37.498Z,2272.0,High,"Exact normalized name match, compatible AIS vessel type, and compatible reported length.",Attached AIS_EVENTS_RAW.csv
16470,Storm Trysail Club Block Island Race,2024,"May 24 - 26, 2024",Block Island Racing | ORC Division,Block Island Racing,ORC Division,,40,31,Class 8 ORC,8.0,RET,,0:22:35:07,05/25/2024 @ 13:30:07 (GMT-05:00),touchofgrey,Touch of Grey,USA 68750,J/121,40 Ft,Trevor Roach,Cedar Point Yacht Club,"Stamford, CT, USA",ORC,APH,490.4,490.4,2026,2024 Storm Trysail Club Block Island Race; 2024 Vineyard Race; 2025 Storm Trysail Club Block Island Race; 2025 Vineyard Race; 2026 Storm Trysail Club Block Island Race,,,Not identified from public sources reviewed,,,,https://yachtscoring.com/event_results_detail/16470/1,https://yachtscoring.com/event_scratch_sheet/16470,https://yachtscoring.com/boatdetail/50619/522176,"Overall fleet rank and size come from YachtScoring Race 1 detailed results. The overall fleet is the source-defined racing circle plus rating division, not the individual class.",,,,,,,,,,,,,,,
16470,Storm Trysail Club Block Island Race,2024,"May 24 - 26, 2024",Block Island Racing | ORC Division,Block Island Racing,ORC Division,,40,31,Class 8 ORC,9.0,RET,,1:20:04:11,05/26/2024 @ 10:59:11 (GMT-05:00),nextboat,Next Boat,USA 52787,Morris 45,45,Mark Ellman,NYYC; CCA; STC,"New York, NY, USA",ORC,APH,513.9,513.9,2024,2024 Storm Trysail Club Block Island Race,,,Not identified from public sources reviewed,,,,https://yachtscoring.com/event_results_detail/16470/1,https://yachtscoring.com/event_scratch_sheet/16470,https://yachtscoring.com/boatdetail/16470/294831,"Overall fleet rank and size come from YachtScoring Race 1 detailed results. The overall fleet is the source-defined racing circle plus rating division, not the individual class.",,,,,,,,,,,,,,,
16470,Storm Trysail Club Block Island Race,2024,"May 24 - 26, 2024",Block Island Racing | ORC Division,Block Island Racing,ORC Division,9.0,40,31,Class 9 ORC,1.0,FINISHED,1:06:03:33,1:08:05:50,05/25/2024 @ 23:10:50 (GMT-05:00),eagle,Eagle,USA 61121,J/121,40 Ft,Steven Levy,Indian Harbor YC/NYYC,"Greenwich, CT, USA",ORC,APH,482.6,482.9,2026,2024 Storm Trysail Club Block Island Race; 2025 Vineyard Race; 2026 Vineyard Race,,,Not identified from public sources reviewed,,,,https://yachtscoring.com/event_results_detail/16470/1,https://yachtscoring.com/event_scratch_sheet/16470,https://yachtscoring.com/boatdetail/50775/526317,"Overall fleet rank and size come from YachtScoring Race 1 detailed results. The overall fleet is the source-defined racing circle plus rating division, not the individual class.",338112141; 368040250,338112141; 368040250,EAGLE,Not provided in export,Pleasure,12.0,4.0,,Not provided in export,2026-09-04T15:45:10.007Z,2026-09-05T11:24:47.624Z,1892.0,Low,"Exact normalized name matched multiple AIS MMSIs; verify using dimensions, owner, or callsign.",Attached AIS_EVENTS_RAW.csv
16470,Storm Trysail Club Block Island Race,2024,"May 24 - 26, 2024",Block Island Racing | ORC Division,Block Island Racing,ORC Division,11.0,40,31,Class 9 ORC,2.0,FINISHED,1:06:29:00,1:07:36:43,05/25/2024 @ 22:41:43 (GMT-05:00),zammermoos,Zammermoos,USA 4224,Club Swan 42,42 Ft,David Fass,New York Yacht Club,"Mamaroneck, NY, USA",PHRF,ToD / ToT,477.5,-15.0,2026,2024 Storm Trysail Club Block Island Race; 2025 Storm Trysail Club Block Island Race; 2026 Around Long Island Regatta,,,Not identified from public sources reviewed,,,,https://yachtscoring.com/event_results_detail/16470/1,https://yachtscoring.com/event_scratch_sheet/16470,https://yachtscoring.com/boatdetail/50645/525944,"Overall fleet rank and size come from YachtScoring Race 1 detailed results. The overall fleet is the source-defined racing circle plus rating division, not the individual class.",,,,,,,,,,,,,,,
16470,Storm Trysail Club Block Island Race,2024,"May 24 - 26, 2024",Block Island Racing | ORC Division,Block Island Racing,ORC Division,12.0,40,31,Class 9 ORC,3.0,FINISHED,1:06:33:15,1:08:12:23,05/25/2024 @ 23:17:23 (GMT-05:00),kp025,KP 025,USA 25,IC37,37,Avram Lessman,US Merchant Marine Academy,"Kings Point, NY, USA",ORC,APH,474.2,474.2,2024,2024 Storm Trysail Club Block Island Race,,,Not identified from public sources reviewed,,,,https://yachtscoring.com/event_results_detail/16470/1,https://yachtscoring.com/event_scratch_sheet/16470,https://yachtscoring.com/boatdetail/16470/295673,"Overall fleet rank and size come from YachtScoring Race 1 detailed results. The overall fleet is the source-defined racing circle plus rating division, not the individual class.",,,,,,,,,,,,,,,
16470,Storm Trysail Club Block Island Race,2024,"May 24 - 26, 2024",Block Island Racing | ORC Division,Block Island Racing,ORC Division,14.0,40,31,Class 9 ORC,4.0,FINISHED,1:07:09:14,1:09:19:11,05/26/2024 @ 00:24:11 (GMT-05:00),jules,Jules,USA 52300,Baltic 52,52.5 Ft,Thomas Dunn,Belle Haven Club; New York Yacht Club,"Greenwich, CT, USA",PHRF,ToD / ToT,477.0,12.0,2025,2024 Storm Trysail Club Block Island Race; 2024 Vineyard Race; 2025 Storm Trysail Club Block Island Race; 2025 Vineyard Race,,,Not identified from public sources reviewed,,,,https://yachtscoring.com/event_results_detail/16470/1,https://yachtscoring.com/event_scratch_sheet/16470,https://yachtscoring.com/boatdetail/50111/513204,"Overall fleet rank and size come from YachtScoring Race 1 detailed results. The overall fleet is the source-defined racing circle plus rating division, not the individual class.",,,,,,,,,,,,,,,
16470,Storm Trysail Club Block Island Race,2024,"May 24 - 26, 2024",Block Island Racing | ORC Division,Block Island Racing,ORC Division,15.0,40,31,Class 9 ORC,5.0,FINISHED,1:07:27:43,1:09:37:26,05/26/2024 @ 00:42:26 (GMT-05:00),phantom,Phantom,USA 60711,Xp 44,44 Ft,Chris Schoen,"LYC, NYYC, STC","Larchmont, NY, USA",ORC,APH,484.9,482.4,2026,2024 Storm Trysail Club Block Island Race; 2025 Around Long Island Regatta; 2025 Storm Trysail Club Block Island Race; 2025 Vineyard Race; 2026 Around Long Island Regatta; 2026 Storm Trysail Club Block Island Race; 2026 Vineyard Race,,,Not identified from public sources reviewed,,,,https://yachtscoring.com/event_results_detail/16470/1,https://yachtscoring.com/event_scratch_sheet/16470,https://yachtscoring.com/boatdetail/50775/528995,"Overall fleet rank and size come from YachtScoring Race 1 detailed results. The overall fleet is the source-defined racing circle plus rating division, not the individual class.",338242317; 368001170; 368077430,338242317; 368001170; 368077430,PHANTOM,Not provided in export,Sailing,13.0,4.0,,Not provided in export,2026-09-04T13:01:46.597Z,2026-09-05T18:18:29.753Z,1979.0,Low,"Exact normalized name matched multiple AIS MMSIs; verify using dimensions, owner, or callsign.",Attached AIS_EVENTS_RAW.csv
16470,Storm Trysail Club Block Island Race,2024,"May 24 - 26, 2024",Block Island Racing | ORC Division,Block Island Racing,ORC Division,17.0,40,31,Class 9 ORC,6.0,FINISHED,1:08:56:17,1:09:36:12,05/26/2024 @ 00:41:12 (GMT-05:00),oakclifffarr40blue,Oakcliff Farr 40 Blue,USA 51990,Farr 40 Turbo,40 Ft,Oakcliff Sailing,Oakcliff Sailing,"Oyster Bay, NY, USA",PHRF,ToD / ToT,472.3,-6.0,2026,2024 Storm Trysail Club Block Island Race; 2025 Storm Trysail Club Block Island Race; 2026 Storm Trysail Club Block Island Race; 2026 Vineyard Race,,,Not identified from public sources reviewed,,,,https://yachtscoring.com/event_results_detail/16470/1,https://yachtscoring.com/event_scratch_sheet/16470,https://yachtscoring.com/boatdetail/50775/526299,"Overall fleet rank and size come from YachtScoring Race 1 detailed results. The overall fleet is the source-defined racing circle plus rating division, not the individual class.",,,,,,,,,,,,,,,
16470,Storm Trysail Club Block Island Race,2024,"May 24 - 26, 2024",Block Island Racing | ORC Division,Block Island Racing,ORC Division,20.0,40,31,Class 9 ORC,7.0,FINISHED,1:10:05:24,1:10:49:16,05/26/2024 @ 01:54:16 (GMT-05:00),oakclifffarr40blackhforracing,Oakcliff Farr 40 Black - HFOR Racing,USA 51695,Farr 40M,40,Oakcliff Sailing,Oakcliff Sailing - Queens University,"Oyster Bay, NY, USA",ORC,APH,472.7,472.7,2024,2024 Storm Trysail Club Block Island Race,,,Not identified from public sources reviewed,,,,https://yachtscoring.com/event_results_detail/16470/1,https://yachtscoring.com/event_scratch_sheet/16470,https://yachtscoring.com/boatdetail/16470/294077,"Overall fleet rank and size come from YachtScoring Race 1 detailed results. The overall fleet is the source-defined racing circle plus rating division, not the individual class.",,,,,,,,,,,,,,,
16470,Storm Trysail Club Block Island Race,2024,"May 24 - 26, 2024",Block Island Racing | ORC Division,Block Island Racing,ORC Division,,40,31,Class 9 ORC,8.0,RET,,1:03:44:35,05/25/2024 @ 18:49:35 (GMT-05:00),desperado,Desperado,USA 51601,Custom 40,40,Tommy Hickey,NEKA Sailing / New York Yacht Club,"Weymouth, MA, USA",ORC,APH,482.5,482.5,2024,2024 Storm Trysail Club Block Island Race,,,Not identified from public sources reviewed,,,,https://yachtscoring.com/event_results_detail/16470/1,https://yachtscoring.com/event_scratch_sheet/16470,https://yachtscoring.com/boatdetail/16470/298528,"Overall fleet rank and size come from YachtScoring Race 1 detailed results. The overall fleet is the source-defined racing circle plus rating division, not the individual class.",,,,,,,,,,,,,,,
16470,Storm Trysail Club Block Island Race,2024,"May 24 - 26, 2024",Block Island Racing | ORC Division,Block Island Racing,ORC Division,,40,31,Class 9 ORC,9.0,RET,,1:04:04:20,05/25/2024 @ 19:09:20 (GMT-05:00),spectre,Spectre,USA 51356,J 125,41,Brian Prinz Jr,Branford Yacht Club,"EAST HAVEN, CT, USA",ORC,APH,472.3,472.3,2024,2024 Storm Trysail Club Block Island Race,,,Not identified from public sources reviewed,,,,https://yachtscoring.com/event_results_detail/16470/1,https://yachtscoring.com/event_scratch_sheet/16470,https://yachtscoring.com/boatdetail/16470/297286,"Overall fleet rank and size come from YachtScoring Race 1 detailed results. The overall fleet is the source-defined racing circle plus rating division, not the individual class.",,,,,,,,,,,,,,,
16470,Storm Trysail Club Block Island Race,2024,"May 24 - 26, 2024",Block Island Racing | ORC Division,Block Island Racing,ORC Division,4.0,40,31,Class 11 ORC,1.0,FINISHED,1:04:46:45,1:04:19:03,05/25/2024 @ 19:34:03 (GMT-05:00),arma,ARMA,USA 61211,GP42,42 Ft,Dubois / Eaves / Krow / Roseberry,Larchmont Yacht Club,"Larchmont, NY, USA",ORC,APH,443.0,441.4,2026,2024 Storm Trysail Club Block Island Race; 2024 Vineyard Race; 2025 Storm Trysail Club Block Island Race; 2025 Vineyard Race; 2026 Storm Trysail Club Block Island Race,,,Not identified from public sources reviewed,,,,https://yachtscoring.com/event_results_detail/16470/1,https://yachtscoring.com/event_scratch_sheet/16470,https://yachtscoring.com/boatdetail/50619/521837,"Overall fleet rank and size come from YachtScoring Race 1 detailed results. The overall fleet is the source-defined racing circle plus rating division, not the individual class.",,,,,,,,,,,,,,,
16470,Storm Trysail Club Block Island Race,2024,"May 24 - 26, 2024",Block Island Racing | ORC Division,Block Island Racing,ORC Division,5.0,40,31,Class 11 ORC,2.0,FINISHED,1:05:54:21,1:06:33:47,05/25/2024 @ 21:48:47 (GMT-05:00),coolbreeze,Cool Breeze,USA 60432,Mills 43,43 Ft,United States Coast Guard Academy,Unuted States Coast Guard Academy Sailing,"New London, CT, USA",ORC,APH,467.7,466.5,2026,2024 Storm Trysail Club Block Island Race; 2026 Storm Trysail Club Block Island Race,,,Not identified from public sources reviewed,,,,https://yachtscoring.com/event_results_detail/16470/1,https://yachtscoring.com/event_scratch_sheet/16470,https://yachtscoring.com/boatdetail/50619/517921,"Overall fleet rank and size come from YachtScoring Race 1 detailed results. The overall fleet is the source-defined racing circle plus rating division, not the individual class.",,,,,,,,,,,,,,,
16470,Storm Trysail Club Block Island Race,2024,"May 24 - 26, 2024",Block Island Racing | ORC Division,Block Island Racing,ORC Division,13.0,40,31,Class 11 ORC,3.0,FINISHED,1:06:51:54,1:06:17:33,05/25/2024 @ 21:32:33 (GMT-05:00),katsu,Katsu,USA 61804,RP 45,45 Ft,NEKA SAILING,NEKA Sailing,"Glen Cove, NY, USA",ORC,APH,445.6,444.0,2026,2024 Storm Trysail Club Block Island Race; 2025 Storm Trysail Club Block Island Race; 2026 Vineyard Race,,,Not identified from public sources reviewed,,,,https://yachtscoring.com/event_results_detail/16470/1,https://yachtscoring.com/event_scratch_sheet/16470,https://yachtscoring.com/boatdetail/50775/529671,"Overall fleet rank and size come from YachtScoring Race 1 detailed results. The overall fleet is the source-defined racing circle plus rating division, not the individual class.",533001750,533001750,KATSU,Not provided in export,Pleasure,13.0,4.0,,Not provided in export,2026-09-04T13:01:47.97Z,2026-09-05T10:43:45.247Z,1242.0,High,"Exact normalized name match, compatible AIS vessel type, and compatible reported length.",Attached AIS_EVENTS_RAW.csv
16470,Storm Trysail Club Block Island Race,2024,"May 24 - 26, 2024",Block Island Racing | ORC Division,Block Island Racing,ORC Division,,40,31,Class 11 ORC,4.0,RET,,0:22:15:07,05/25/2024 @ 13:30:07 (GMT-05:00),lapin,Lapin,USA 2001,Farr 47,47,Christopher Clark,IHYC,"Greenwich, CT, USA",ORC,APH,455.8,455.8,2024,2024 Storm Trysail Club Block Island Race,,,Not identified from public sources reviewed,,,,https://yachtscoring.com/event_results_detail/16470/1,https://yachtscoring.com/event_scratch_sheet/16470,https://yachtscoring.com/boatdetail/16470/298541,"Overall fleet rank and size come from YachtScoring Race 1 detailed results. The overall fleet is the source-defined racing circle plus rating division, not the individual class.",,,,,,,,,,,,,,,
16470,Storm Trysail Club Block Island Race,2024,"May 24 - 26, 2024",Block Island Racing | ORC Division,Block Island Racing,ORC Division,,40,31,Class 11 ORC,5.0,RET,,0:22:15:07,05/25/2024 @ 13:30:07 (GMT-05:00),sirenoakcliff,Siren-Oakcliff,USA 50069,Ker 50,50,William Hubbard,New York Yacht Club/Oakcliff Sailing,"Oyster Bay, NY, USA",ORC,APH,434.8,434.8,2024,2024 Storm Trysail Club Block Island Race,,,Not identified from public sources reviewed,,,,https://yachtscoring.com/event_results_detail/16470/1,https://yachtscoring.com/event_scratch_sheet/16470,https://yachtscoring.com/boatdetail/16470/295670,"Overall fleet rank and size come from YachtScoring Race 1 detailed results. The overall fleet is the source-defined racing circle plus rating division, not the individual class.",,,,,,,,,,,,,,,
16470,Storm Trysail Club Block Island Race,2024,"May 24 - 26, 2024",Block Island Racing | ORC Division,Block Island Racing,ORC Division,,40,31,Class 11 ORC,6.0,RET,,0:22:15:07,05/25/2024 @ 13:30:07 (GMT-05:00),inception,Inception,USA 4921,HH42,42,NEKA Sailing,NEKA,"Glen Cove, NY, USA",ORC,APH,426.9,426.9,2024,2024 Storm Trysail Club Block Island Race,,,Not identified from public sources reviewed,,,,https://yachtscoring.com/event_results_detail/16470/1,https://yachtscoring.com/event_scratch_sheet/16470,https://yachtscoring.com/boatdetail/16470/294227,"Overall fleet rank and size come from YachtScoring Race 1 detailed results. The overall fleet is the source-defined racing circle plus rating division, not the individual class.",,,,,,,,,,,,,,,
16470,Storm Trysail Club Block Island Race,2024,"May 24 - 26, 2024",Block Island Racing | ORC Division,Block Island Racing,ORC Division,,40,31,Class 11 ORC,7.0,RET,,1:01:28:54,05/25/2024 @ 16:43:54 (GMT-05:00),papillon,Papillon,GBR 6255X,Oyster 625,63,Barry Parkin,Riverside YC,"Riverside, CT, USA",ORC,APH,460.6,460.6,2024,2024 Storm Trysail Club Block Island Race,,,Not identified from public sources reviewed,,,,https://yachtscoring.com/event_results_detail/16470/1,https://yachtscoring.com/event_scratch_sheet/16470,https://yachtscoring.com/boatdetail/16470/297490,"Overall fleet rank and size come from YachtScoring Race 1 detailed results. The overall fleet is the source-defined racing circle plus rating division, not the individual class.",,,,,,,,,,,,,,,
16470,Storm Trysail Club Block Island Race,2024,"May 24 - 26, 2024",Block Island Racing | ORC Division,Block Island Racing,ORC Division,,40,31,Class 11 ORC,8.0,RET,,1:03:27:58,05/25/2024 @ 18:42:58 (GMT-05:00),cougar,Cougar,USA 4900,J/160,53 Ft,Leonard Sitar,Storm Trysail Club / American Yacht Club / New York Yacht Club / Cruising Club of America,"Holmdel, NJ, USA",ORC,APH,465.7,464.2,2026,2024 Storm Trysail Club Block Island Race; 2024 Vineyard Race; 2025 Around Long Island Regatta; 2025 Storm Trysail Club Block Island Race; 2025 Vineyard Race; 2026 Storm Trysail Club Block Island Race; 2026 Vineyard Race,,,Not identified from public sources reviewed,,,,https://yachtscoring.com/event_results_detail/16470/1,https://yachtscoring.com/event_scratch_sheet/16470,https://yachtscoring.com/boatdetail/50775/529646,"Overall fleet rank and size come from YachtScoring Race 1 detailed results. The overall fleet is the source-defined racing circle plus rating division, not the individual class.",303392000,303392000,COUGAR,Not provided in export,Sailing,16.0,4.0,,Not provided in export,2026-09-04T13:01:38.926Z,2026-09-05T11:23:34.441Z,1509.0,High,"Exact normalized name match, compatible AIS vessel type, and compatible reported length.",Attached AIS_EVENTS_RAW.csv
16470,Storm Trysail Club Block Island Race,2024,"May 24 - 26, 2024",Block Island Racing | ORC Division,Block Island Racing,ORC Division,1.0,40,31,Class 12 ORC,1.0,FINISHED,1:01:55:09,0:22:42:44,05/25/2024 @ 14:07:44 (GMT-05:00),summerstorm52,Summer Storm 52,USA 520,TP 52,52,Andrew Berdon,NYYC/STC/Beach Point YC,"Hartsdale, NY, USA",ORC,APH,383.4,382.0,2024,2024 Storm Trysail Club Block Island Race; 2024 Vineyard Race,,,Not identified from public sources reviewed,,,,https://yachtscoring.com/event_results_detail/16470/1,https://yachtscoring.com/event_scratch_sheet/16470,https://yachtscoring.com/boatdetail/16572/301206,"Overall fleet rank and size come from YachtScoring Race 1 detailed results. The overall fleet is the source-defined racing circle plus rating division, not the individual class.",,,,,,,,,,,,,,,
16470,Storm Trysail Club Block Island Race,2024,"May 24 - 26, 2024",Block Island Racing | ORC Division,Block Island Racing,ORC Division,2.0,40,31,Class 12 ORC,2.0,FINISHED,1:03:11:06,0:20:49:07,05/25/2024 @ 12:14:07 (GMT-05:00),spacemonkey,Space Monkey,USA 60669,Mills 68,68,David Greenstein,NYYC,"Stamford, CT, USA",ORC,APH,345.0,345.0,2024,2024 Storm Trysail Club Block Island Race; 2024 Vineyard Race,,,Not identified from public sources reviewed,,,,https://yachtscoring.com/event_results_detail/16470/1,https://yachtscoring.com/event_scratch_sheet/16470,https://yachtscoring.com/boatdetail/16572/296055,"Overall fleet rank and size come from YachtScoring Race 1 detailed results. The overall fleet is the source-defined racing circle plus rating division, not the individual class.",,,,,,,,,,,,,,,
16470,Storm Trysail Club Block Island Race,2024,"May 24 - 26, 2024",Block Island Racing | ORC Division,Block Island Racing,ORC Division,3.0,40,31,Class 12 ORC,3.0,FINISHED,1:03:50:15,0:22:34:44,05/25/2024 @ 13:59:44 (GMT-05:00),temptationoakcliffjv66,Temptation/Oakcliff JV66,USA 119,JV 66,66,Oakcliff Sailing / Art Santry,Oakcliff Sailing,"Oyster Bay, NY, USA",ORC,APH,355.0,351.0,2025,2024 Storm Trysail Club Block Island Race; 2025 Storm Trysail Club Block Island Race,,,Not identified from public sources reviewed,,,,https://yachtscoring.com/event_results_detail/16470/1,https://yachtscoring.com/event_scratch_sheet/16470,https://yachtscoring.com/boatdetail/50032/506435,"Overall fleet rank and size come from YachtScoring Race 1 detailed results. The overall fleet is the source-defined racing circle plus rating division, not the individual class.",,,,,,,,,,,,,,,
16470,Storm Trysail Club Block Island Race,2024,"May 24 - 26, 2024",Block Island Racing | ORC Division,Block Island Racing,ORC Division,7.0,40,31,Class 12 ORC,4.0,FINISHED,1:05:59:04,0:21:13:03,05/25/2024 @ 12:38:03 (GMT-05:00),oc86,OC-86,USA 28686,RP 86,86 Ft,Oakcliff Sailing,Oakcliff / Storm Trysail Club,"Oyster Bay, NY, USA",ORC,APH,322.8,322.3,2026,2024 Storm Trysail Club Block Island Race; 2026 Storm Trysail Club Block Island Race,,,Not identified from public sources reviewed,,,,https://yachtscoring.com/event_results_detail/16470/1,https://yachtscoring.com/event_scratch_sheet/16470,https://yachtscoring.com/boatdetail/50619/520652,"Overall fleet rank and size come from YachtScoring Race 1 detailed results. The overall fleet is the source-defined racing circle plus rating division, not the individual class.",,,,,,,,,,,,,,,
16470,Storm Trysail Club Block Island Race,2024,"May 24 - 26, 2024",Block Island Racing | PHRF Division,Block Island Racing,PHRF Division,7.0,36,21,Class 3 PHRF-DH,1.0,FINISHED,1:17:22:14,1:16:21:13,05/26/2024 @ 06:26:13 (GMT-05:00),youngamerican146,Young American-146,USA 146,J 105,34.5,Peter Becker & Adrien Blanc,"Young American Sailing Academy, NYYC, CCA, AYC","Rye, NY, USA",PHRF,ToD / ToT,84.0,84.0,2024,2024 Storm Trysail Club Block Island Race; 2024 Vineyard Race,,,Not identified from public sources reviewed,,,,https://yachtscoring.com/event_results_detail/16470/1,https://yachtscoring.com/event_scratch_sheet/16470,https://yachtscoring.com/boatdetail/16572/307035,"Overall fleet rank and size come from YachtScoring Race 1 detailed results. The overall fleet is the source-defined racing circle plus rating division, not the individual class.",,,,,,,,,,,,,,,
16470,Storm Trysail Club Block Island Race,2024,"May 24 - 26, 2024",Block Island Racing | PHRF Division,Block Island Racing,PHRF Division,9.0,36,21,Class 3 PHRF-DH,2.0,FINISHED,1:17:59:13,1:15:59:02,05/26/2024 @ 06:04:02 (GMT-05:00),thinman,Thin Man,USA 24,J/99,32.6 Ft,Todd Aven,City Island Yacht Club / Storm Trysail Club,"Brooklyn, NY, USA",PHRF,ToD / ToT,69.0,72.0,2026,2024 Around Long Island Regatta; 2024 Storm Trysail Club Block Island Race; 2024 Vineyard Race; 2025 Storm Trysail Club Block Island Race; 2025 Vineyard Race; 2026 Around Long Island Regatta; 2026 Storm Trysail Club Block Island Race; 2026 Vineyard Race,,,Not identified from public sources reviewed,,,,https://yachtscoring.com/event_results_detail/16470/1,https://yachtscoring.com/event_scratch_sheet/16470,https://yachtscoring.com/boatdetail/50775/522327,"Overall fleet rank and size come from YachtScoring Race 1 detailed results. The overall fleet is the source-defined racing circle plus rating division, not the individual class.",368114910,368114910,THIN MAN,Not provided in export,Sailing,10.0,4.0,,Not provided in export,2026-09-04T12:42:09.782Z,2026-09-05T12:28:11.623Z,2454.0,High,"Exact normalized name match, compatible AIS vessel type, and compatible reported length.",Attached AIS_EVENTS_RAW.csv
16470,Storm Trysail Club Block Island Race,2024,"May 24 - 26, 2024",Block Island Racing | PHRF Division,Block Island Racing,PHRF Division,16.0,36,21,Class 3 PHRF-DH,3.0,FINISHED,1:20:13:12,1:18:18:57,05/26/2024 @ 08:23:57 (GMT-05:00),velocity2,Velocity2,USA 22,J/99,32.6 Ft,Kevin Marks,Noroton Yacht Club,"Darien, CT, USA",PHRF,ToD / ToT,72.0,72.0,2026,2024 Storm Trysail Club Block Island Race; 2025 Vineyard Race; 2026 Storm Trysail Club Block Island Race; 2026 Vineyard Race,,,Not identified from public sources reviewed,,,,https://yachtscoring.com/event_results_detail/16470/1,https://yachtscoring.com/event_scratch_sheet/16470,https://yachtscoring.com/boatdetail/50775/526397,"Overall fleet rank and size come from YachtScoring Race 1 detailed results. The overall fleet is the source-defined racing circle plus rating division, not the individual class.",338412468,338412468,VELOCITY 2,Not provided in export,Sailing,10.0,3.0,,Not provided in export,2026-09-04T15:46:20.451Z,2026-09-04T17:45:12.721Z,199.0,High,"Exact normalized name match, compatible AIS vessel type, and compatible reported length.",Attached AIS_EVENTS_RAW.csv
16470,Storm Trysail Club Block Island Race,2024,"May 24 - 26, 2024",Block Island Racing | PHRF Division,Block Island Racing,PHRF Division,20.0,36,21,Class 3 PHRF-DH,4.0,FINISHED,1:21:18:11,1:19:21:08,05/26/2024 @ 09:26:08 (GMT-05:00),wizard,Wizard,USA 31,J 99,32.5,Adam Zakka & Jonathan Krumeich,Indian Harbor Yacht Club & NYYC,"Old Greenwich, CT, USA",ORC,APH,72.0,546.4,2025,2024 Storm Trysail Club Block Island Race; 2025 Storm Trysail Club Block Island Race,,,Not identified from public sources reviewed,,,,https://yachtscoring.com/event_results_detail/16470/1,https://yachtscoring.com/event_scratch_sheet/16470,https://yachtscoring.com/boatdetail/50032/501622,"Overall fleet rank and size come from YachtScoring Race 1 detailed results. The overall fleet is the source-defined racing circle plus rating division, not the individual class.",,,,,,,,,,,,,,,
16470,Storm Trysail Club Block Island Race,2024,"May 24 - 26, 2024",Block Island Racing | PHRF Division,Block Island Racing,PHRF Division,,36,21,Class 3 PHRF-DH,5.0,RET,,0:21:32:37,05/25/2024 @ 11:37:37 (GMT-05:00),eclipse,Eclipse,USA 52386,Sabre 386,38.7 Ft,Marc Berkowitz,,"Armonk, NY, USA",PHRF,ToD / ToT,120.0,120.0,2026,2024 Storm Trysail Club Block Island Race; 2024 Vineyard Race; 2025 Storm Trysail Club Block Island Race; 2025 Vineyard Race; 2026 Vineyard Race,,,Not identified from public sources reviewed,,,,https://yachtscoring.com/event_results_detail/16470/1,https://yachtscoring.com/event_scratch_sheet/16470,https://yachtscoring.com/boatdetail/50775/529212,"Overall fleet rank and size come from YachtScoring Race 1 detailed results. The overall fleet is the source-defined racing circle plus rating division, not the individual class.",368003670; 368217460,368003670; 368217460,ECLIPSE,Not provided in export,Sailing,13.0,5.0,,Not provided in export,2026-09-04T12:51:15.468Z,2026-09-07T14:36:18.509Z,2579.0,Low,"Exact normalized name matched multiple AIS MMSIs; verify using dimensions, owner, or callsign.",Attached AIS_EVENTS_RAW.csv
16470,Storm Trysail Club Block Island Race,2024,"May 24 - 26, 2024",Block Island Racing | PHRF Division,Block Island Racing,PHRF Division,6.0,36,21,Class 4 PHRF,1.0,FINISHED,1:17:07:35,1:16:18:15,05/26/2024 @ 06:33:15 (GMT-05:00),sanguine,Sanguine,USA 100,J/100,32.8 Ft,Steven Landy / Derek Soohoo,City Island Yacht Club,"Armonk, New York, USA",PHRF,ToD / ToT,87.0,87.0,2025,2024 Storm Trysail Club Block Island Race; 2024 Vineyard Race; 2025 Around Long Island Regatta; 2025 Storm Trysail Club Block Island Race; 2025 Vineyard Race,,,Not identified from public sources reviewed,,,,https://yachtscoring.com/event_results_detail/16470/1,https://yachtscoring.com/event_scratch_sheet/16470,https://yachtscoring.com/boatdetail/50111/512946,"Overall fleet rank and size come from YachtScoring Race 1 detailed results. The overall fleet is the source-defined racing circle plus rating division, not the individual class.",,,,,,,,,,,,,,,
16470,Storm Trysail Club Block Island Race,2024,"May 24 - 26, 2024",Block Island Racing | PHRF Division,Block Island Racing,PHRF Division,11.0,36,21,Class 4 PHRF,2.0,FINISHED,1:18:57:13,1:19:05:14,05/26/2024 @ 09:20:14 (GMT-05:00),tacktile,Tacktile,USA 56,Sabre 42 CB,42 Ft,Jeffrey Wilson,"Pequot Yacht Club, STC, CCA","Fairfield, CT, USA",PHRF,ToD / ToT,102.0,102.0,2026,2024 Storm Trysail Club Block Island Race; 2024 Vineyard Race; 2025 Storm Trysail Club Block Island Race; 2025 Vineyard Race; 2026 Storm Trysail Club Block Island Race; 2026 Vineyard Race,,,Not identified from public sources reviewed,,,,https://yachtscoring.com/event_results_detail/16470/1,https://yachtscoring.com/event_scratch_sheet/16470,https://yachtscoring.com/boatdetail/50775/528210,"Overall fleet rank and size come from YachtScoring Race 1 detailed results. The overall fleet is the source-defined racing circle plus rating division, not the individual class.",338406561,338406561,TACKTILE,Not provided in export,Sailing,13.0,4.0,,Not provided in export,2026-09-04T15:44:43.69Z,2026-09-05T12:49:10.928Z,2720.0,High,"Exact normalized name match, compatible AIS vessel type, and compatible reported length.",Attached AIS_EVENTS_RAW.csv
16470,Storm Trysail Club Block Island Race,2024,"May 24 - 26, 2024",Block Island Racing | PHRF Division,Block Island Racing,PHRF Division,14.0,36,21,Class 4 PHRF,3.0,FINISHED,1:19:47:01,1:18:54:30,05/26/2024 @ 09:09:30 (GMT-05:00),celeritas,Celeritas,USA 3340,Soverel 33-2,33,William Beery,"Norwalk YC, STC","Norwalk, CT, USA",PHRF,ToD / ToT,87.0,87.0,2025,2024 Storm Trysail Club Block Island Race; 2024 Vineyard Race; 2025 Storm Trysail Club Block Island Race,,,Not identified from public sources reviewed,,,,https://yachtscoring.com/event_results_detail/16470/1,https://yachtscoring.com/event_scratch_sheet/16470,https://yachtscoring.com/boatdetail/50032/504500,"Overall fleet rank and size come from YachtScoring Race 1 detailed results. The overall fleet is the source-defined racing circle plus rating division, not the individual class.",,,,,,,,,,,,,,,
16470,Storm Trysail Club Block Island Race,2024,"May 24 - 26, 2024",Block Island Racing | PHRF Division,Block Island Racing,PHRF Division,15.0,36,21,Class 4 PHRF,4.0,FINISHED,1:20:00:45,1:19:32:17,05/26/2024 @ 09:47:17 (GMT-05:00),windfall,Windfall,USA 379,Beneteau 46.1,46 Ft,Shawn Bay,Pequot Yacht Club,"Fairfield, CT, USA",PHRF,ToD / ToT,93.0,93.0,2026,2024 Storm Trysail Club Block Island Race; 2026 Storm Trysail Club Block Island Race,,,Not identified from public sources reviewed,,,,https://yachtscoring.com/event_results_detail/16470/1,https://yachtscoring.com/event_scratch_sheet/16470,https://yachtscoring.com/boatdetail/50619/519044,"Overall fleet rank and size come from YachtScoring Race 1 detailed results. The overall fleet is the source-defined racing circle plus rating division, not the individual class.",338486782,338486782,WINDFALL,Not provided in export,Sailing,14.0,4.0,,Not provided in export,2026-09-04T15:50:03.768Z,2026-09-07T11:40:42.525Z,603.0,High,"Exact normalized name match, compatible AIS vessel type, and compatible reported length.",Attached AIS_EVENTS_RAW.csv
16470,Storm Trysail Club Block Island Race,2024,"May 24 - 26, 2024",Block Island Racing | PHRF Division,Block Island Racing,PHRF Division,18.0,36,21,Class 4 PHRF,5.0,FINISHED,1:20:39:08,1:21:49:14,05/26/2024 @ 12:04:14 (GMT-05:00),emily,Emily,USA 20621,Custom,44,John Dumke,Pequot Yacht Club,"Westport, CT, USA",PHRF,ToD / ToT,117.0,117.0,2024,2024 Storm Trysail Club Block Island Race,,,Not identified from public sources reviewed,,,,https://yachtscoring.com/event_results_detail/16470/1,https://yachtscoring.com/event_scratch_sheet/16470,https://yachtscoring.com/boatdetail/16470/295701,"Overall fleet rank and size come from YachtScoring Race 1 detailed results. The overall fleet is the source-defined racing circle plus rating division, not the individual class.",,,,,,,,,,,,,,,
16470,Storm Trysail Club Block Island Race,2024,"May 24 - 26, 2024",Block Island Racing | PHRF Division,Block Island Racing,PHRF Division,,36,21,Class 4 PHRF,6.0,RET,,0:18:46:12,05/25/2024 @ 09:01:12 (GMT-05:00),towhee,Towhee,USA 1781,Cal 40,39.25 Ft,Paul Jennings,"CCA, OSC, NYYC","Branford, CT, USA",PHRF,ToD / ToT,117.0,120.0,2026,2024 Storm Trysail Club Block Island Race; 2025 Around Long Island Regatta; 2026 Storm Trysail Club Block Island Race,,,Not identified from public sources reviewed,,,,https://yachtscoring.com/event_results_detail/16470/1,https://yachtscoring.com/event_scratch_sheet/16470,https://yachtscoring.com/boatdetail/50619/519140,"Overall fleet rank and size come from YachtScoring Race 1 detailed results. The overall fleet is the source-defined racing circle plus rating division, not the individual class.",,,,,,,,,,,,,,,
16470,Storm Trysail Club Block Island Race,2024,"May 24 - 26, 2024",Block Island Racing | PHRF Division,Block Island Racing,PHRF Division,,36,21,Class 4 PHRF,7.0,RET,,0:20:17:22,05/25/2024 @ 10:32:22 (GMT-05:00),alliance,Alliance,USA 50003,Passport,50,Paul Michalowski,NYYC,"Westport, CT, USA",PHRF,ToD / ToT,123.0,123.0,2024,2024 Storm Trysail Club Block Island Race,,,Not identified from public sources reviewed,,,,https://yachtscoring.com/event_results_detail/16470/1,https://yachtscoring.com/event_scratch_sheet/16470,https://yachtscoring.com/boatdetail/16470/298552,"Overall fleet rank and size come from YachtScoring Race 1 detailed results. The overall fleet is the source-defined racing circle plus rating division, not the individual class.",,,,,,,,,,,,,,,
16470,Storm Trysail Club Block Island Race,2024,"May 24 - 26, 2024",Block Island Racing | PHRF Division,Block Island Racing,PHRF Division,,36,21,Class 4 PHRF,8.0,RET,,1:11:01:52,05/26/2024 @ 01:16:52 (GMT-05:00),duet,DUET,USA 51950,J/120,40 Ft,Andy Lubimov,Huguenot YC,"Scarsdale, NY, USA",PHRF,ToD / ToT,114.0,45.0,2026,2024 Around Long Island Regatta; 2024 Storm Trysail Club Block Island Race; 2024 Vineyard Race; 2025 Around Long Island Regatta; 2025 Vineyard Race; 2026 Around Long Island Regatta; 2026 Storm Trysail Club Block Island Race; 2026 Vineyard Race,,,Not identified from public sources reviewed,,,,https://yachtscoring.com/event_results_detail/16470/1,https://yachtscoring.com/event_scratch_sheet/16470,https://yachtscoring.com/boatdetail/50775/529469,"Overall fleet rank and size come from YachtScoring Race 1 detailed results. The overall fleet is the source-defined racing circle plus rating division, not the individual class.",338479036; 338479179,338479036; 338479179,DUET,Not provided in export,Sailing,12.0,2.0,,Not provided in export,2026-09-04T13:01:47.168Z,2026-09-06T15:56:24.176Z,2302.0,Low,"Exact normalized name matched multiple AIS MMSIs; verify using dimensions, owner, or callsign.",Attached AIS_EVENTS_RAW.csv
16470,Storm Trysail Club Block Island Race,2024,"May 24 - 26, 2024",Block Island Racing | PHRF Division,Block Island Racing,PHRF Division,,36,21,Class 4 PHRF,9.0,RET,,1:18:39:59,05/26/2024 @ 08:54:59 (GMT-05:00),yankeeboy,Yankee Boy,USA 52524,Swan 411,41 Ft,Duncan McKay,Stamford Yacht Club,"Stamford, CT, USA",PHRF,ToD / ToT,96.0,102.0,2026,2024 Around Long Island Regatta; 2024 Storm Trysail Club Block Island Race; 2024 Vineyard Race; 2026 Vineyard Race,,,Not identified from public sources reviewed,,,,https://yachtscoring.com/event_results_detail/16470/1,https://yachtscoring.com/event_scratch_sheet/16470,https://yachtscoring.com/boatdetail/50775/529594,"Overall fleet rank and size come from YachtScoring Race 1 detailed results. The overall fleet is the source-defined racing circle plus rating division, not the individual class.",338356893,338356893,YANKEE BOY,Not provided in export,Sailing,13.0,4.0,,Not provided in export,2026-09-04T15:45:03.927Z,2026-09-05T12:53:49.046Z,2723.0,High,"Exact normalized name match, compatible AIS vessel type, and compatible reported length.",Attached AIS_EVENTS_RAW.csv
16470,Storm Trysail Club Block Island Race,2024,"May 24 - 26, 2024",Block Island Racing | PHRF Division,Block Island Racing,PHRF Division,10.0,36,21,Class 5 PHRF,1.0,FINISHED,1:18:33:19,1:15:44:30,05/26/2024 @ 06:09:30 (GMT-05:00),stormypetrel,Stormy Petrel,USA CGA-3,USCG Leadership 44,44,US Coast Guard Academy,U.S. Coast Guard Academy Sailing,"New London, Ct, USA",PHRF,ToD / ToT,57.0,57.0,2025,2024 Storm Trysail Club Block Island Race; 2025 Storm Trysail Club Block Island Race,,,Not identified from public sources reviewed,,,,https://yachtscoring.com/event_results_detail/16470/1,https://yachtscoring.com/event_scratch_sheet/16470,https://yachtscoring.com/boatdetail/50032/501641,"Overall fleet rank and size come from YachtScoring Race 1 detailed results. The overall fleet is the source-defined racing circle plus rating division, not the individual class.",,,,,,,,,,,,,,,
16470,Storm Trysail Club Block Island Race,2024,"May 24 - 26, 2024",Block Island Racing | PHRF Division,Block Island Racing,PHRF Division,13.0,36,21,Class 5 PHRF,2.0,FINISHED,1:19:08:44,1:17:05:14,05/26/2024 @ 07:30:14 (GMT-05:00),smile,Smile,USA 301,J 109,35.3,Adam Hayden,Pequot Yacht Club,"Weston, CT, USA",PHRF,ToD / ToT,69.0,69.0,2025,2024 Storm Trysail Club Block Island Race; 2025 Storm Trysail Club Block Island Race,,,Not identified from public sources reviewed,,,,https://yachtscoring.com/event_results_detail/16470/1,https://yachtscoring.com/event_scratch_sheet/16470,https://yachtscoring.com/boatdetail/50032/504962,"Overall fleet rank and size come from YachtScoring Race 1 detailed results. The overall fleet is the source-defined racing circle plus rating division, not the individual class.",,,,,,,,,,,,,,,
16470,Storm Trysail Club Block Island Race,2024,"May 24 - 26, 2024",Block Island Racing | PHRF Division,Block Island Racing,PHRF Division,17.0,36,21,Class 5 PHRF,3.0,FINISHED,1:20:28:17,1:18:20:59,05/26/2024 @ 08:45:59 (GMT-05:00),atalanta,Atalanta,60358,J 42,42,Kurt Locher,Larchmont Yacht Club,"Nashville, TN, USA",ORC,APH,69.0,532.0,2025,2024 Storm Trysail Club Block Island Race; 2025 Storm Trysail Club Block Island Race,,,Not identified from public sources reviewed,,,,https://yachtscoring.com/event_results_detail/16470/1,https://yachtscoring.com/event_scratch_sheet/16470,https://yachtscoring.com/boatdetail/50032/506936,"Overall fleet rank and size come from YachtScoring Race 1 detailed results. The overall fleet is the source-defined racing circle plus rating division, not the individual class.",,,,,,,,,,,,,,,
16470,Storm Trysail Club Block Island Race,2024,"May 24 - 26, 2024",Block Island Racing | PHRF Division,Block Island Racing,PHRF Division,19.0,36,21,Class 5 PHRF,4.0,FINISHED,1:21:09:50,1:19:38:12,05/26/2024 @ 10:03:12 (GMT-05:00),sawtooth,Sawtooth,43681S,Thomas 35,35 Ft,Peter Schmiedeck,SHYC,"Weston, CT, USA",PHRF,ToD / ToT,78.0,78.0,2025,2024 Storm Trysail Club Block Island Race; 2024 Vineyard Race; 2025 Storm Trysail Club Block Island Race; 2025 Vineyard Race,,,Not identified from public sources reviewed,,,,https://yachtscoring.com/event_results_detail/16470/1,https://yachtscoring.com/event_scratch_sheet/16470,https://yachtscoring.com/boatdetail/50111/512815,"Overall fleet rank and size come from YachtScoring Race 1 detailed results. The overall fleet is the source-defined racing circle plus rating division, not the individual class.",,,,,,,,,,,,,,,
16470,Storm Trysail Club Block Island Race,2024,"May 24 - 26, 2024",Block Island Racing | PHRF Division,Block Island Racing,PHRF Division,,36,21,Class 5 PHRF,5.0,RET,,0:08:06:59,05/24/2024 @ 22:31:59 (GMT-05:00),lowprofile,Low Profile,USA 70330,Sunfast 3300,33,Chris Benzak & Christian Salvati,NYYC | ILYC,"Newport, RI, USA",ORC,APH,60.0,533.5,2025,2024 Storm Trysail Club Block Island Race; 2025 Storm Trysail Club Block Island Race,,,Not identified from public sources reviewed,,,,https://yachtscoring.com/event_results_detail/16470/1,https://yachtscoring.com/event_scratch_sheet/16470,https://yachtscoring.com/boatdetail/50032/501936,"Overall fleet rank and size come from YachtScoring Race 1 detailed results. The overall fleet is the source-defined racing circle plus rating division, not the individual class.",,,,,,,,,,,,,,,
16470,Storm Trysail Club Block Island Race,2024,"May 24 - 26, 2024",Block Island Racing | PHRF Division,Block Island Racing,PHRF Division,,36,21,Class 5 PHRF,6.0,RET,,0:23:05:07,05/25/2024 @ 13:30:07 (GMT-05:00),inisharon,Inisharon,USA 51003,Lyman Morse Seguin 49,50.2 Ft,Jim Murphy,"American Yacht Club, STC, CCA, NYYC","Rye, NY, USA",ORC,APH,72.0,537.8,2026,2024 Storm Trysail Club Block Island Race; 2026 Storm Trysail Club Block Island Race,,,Not identified from public sources reviewed,,,,https://yachtscoring.com/event_results_detail/16470/1,https://yachtscoring.com/event_scratch_sheet/16470,https://yachtscoring.com/boatdetail/50619/521428,"Overall fleet rank and size come from YachtScoring Race 1 detailed results. The overall fleet is the source-defined racing circle plus rating division, not the individual class.",,,,,,,,,,,,,,,
16470,Storm Trysail Club Block Island Race,2024,"May 24 - 26, 2024",Block Island Racing | PHRF Division,Block Island Racing,PHRF Division,,36,21,Class 5 PHRF,7.0,RET,,0:23:05:07,05/25/2024 @ 13:30:07 (GMT-05:00),fulltilt,FULL TILT,USA 200,J/109,35.2 Ft,Jonathan Thomson,PEQUOT,"FAIRFIELD, CT, USA",PHRF,ToD / ToT,69.0,69.0,2026,2024 Storm Trysail Club Block Island Race; 2024 Vineyard Race; 2026 Storm Trysail Club Block Island Race,,,Not identified from public sources reviewed,,,,https://yachtscoring.com/event_results_detail/16470/1,https://yachtscoring.com/event_scratch_sheet/16470,https://yachtscoring.com/boatdetail/50619/521596,"Overall fleet rank and size come from YachtScoring Race 1 detailed results. The overall fleet is the source-defined racing circle plus rating division, not the individual class.",,,,,,,,,,,,,,,
16470,Storm Trysail Club Block Island Race,2024,"May 24 - 26, 2024",Block Island Racing | PHRF Division,Block Island Racing,PHRF Division,,36,21,Class 5 PHRF,8.0,RET,,1:16:48:14,05/26/2024 @ 07:13:14 (GMT-05:00),avalon,Avalon,USA 33074,Sunfast 3300,33,Jacob Fisker-Andersen,Florida Yacht Club,"Jacksonville, FL, USA",PHRF,ToD / ToT,60.0,60.0,2024,2024 Storm Trysail Club Block Island Race; 2024 Vineyard Race,,,Not identified from public sources reviewed,,,,https://yachtscoring.com/event_results_detail/16470/1,https://yachtscoring.com/event_scratch_sheet/16470,https://yachtscoring.com/boatdetail/16572/308707,"Overall fleet rank and size come from YachtScoring Race 1 detailed results. The overall fleet is the source-defined racing circle plus rating division, not the individual class.",319009600; 367628630,319009600; 367628630,AVALON,Not provided in export,Pleasure,46.0,10.0,,Not provided in export,2026-09-05T04:02:22.505Z,2026-09-05T23:24:29.027Z,553.0,Low,"Exact normalized name matched multiple AIS MMSIs; verify using dimensions, owner, or callsign.",Attached AIS_EVENTS_RAW.csv
16470,Storm Trysail Club Block Island Race,2024,"May 24 - 26, 2024",Block Island Racing | PHRF Division,Block Island Racing,PHRF Division,,36,21,Class 5 PHRF,9.0,RET,,1:20:34:11,05/26/2024 @ 10:59:11 (GMT-05:00),wanderer,WANDERER,181,Hanse 458,44.5 Ft,Stefano Basilico,"Port Jefferson Yacht Club, Bellport Bay Yacht Club","BROOKLYN, NY, USA",PHRF,ToD / ToT,57.0,60.0,2026,2024 Around Long Island Regatta; 2024 Storm Trysail Club Block Island Race; 2025 Around Long Island Regatta; 2026 Around Long Island Regatta,,,Not identified from public sources reviewed,,,,https://yachtscoring.com/event_results_detail/16470/1,https://yachtscoring.com/event_scratch_sheet/16470,https://yachtscoring.com/boatdetail/50645/522641,"Overall fleet rank and size come from YachtScoring Race 1 detailed results. The overall fleet is the source-defined racing circle plus rating division, not the individual class.",,,,,,,,,,,,,,,
16470,Storm Trysail Club Block Island Race,2024,"May 24 - 26, 2024",Block Island Racing | PHRF Division,Block Island Racing,PHRF Division,1.0,36,21,Class 7 PHRF,1.0,FINISHED,1:12:28:34,1:08:22:48,05/25/2024 @ 23:07:48 (GMT-05:00),loki,Loki,USA 61220,J/122,40 Ft,David Rosow,Pequot Yacht Club / NYYC,"Fairfield, CT, USA",ORC,APH,27.0,511.3,2026,2024 Storm Trysail Club Block Island Race; 2024 Vineyard Race; 2025 Storm Trysail Club Block Island Race; 2025 Vineyard Race; 2026 Storm Trysail Club Block Island Race; 2026 Vineyard Race,,,Not identified from public sources reviewed,,,,https://yachtscoring.com/event_results_detail/16470/1,https://yachtscoring.com/event_scratch_sheet/16470,https://yachtscoring.com/boatdetail/50775/526362,"Overall fleet rank and size come from YachtScoring Race 1 detailed results. The overall fleet is the source-defined racing circle plus rating division, not the individual class.",368006960,368006960,LOKI,Not provided in export,Sailing,12.0,4.0,,Not provided in export,2026-09-04T15:44:43.847Z,2026-09-05T11:33:13.609Z,1624.0,High,"Exact normalized name match, compatible AIS vessel type, and compatible reported length.",Attached AIS_EVENTS_RAW.csv
16470,Storm Trysail Club Block Island Race,2024,"May 24 - 26, 2024",Block Island Racing | PHRF Division,Block Island Racing,PHRF Division,2.0,36,21,Class 7 PHRF,2.0,FINISHED,1:14:53:39,1:10:20:48,05/26/2024 @ 01:05:48 (GMT-05:00),theroost,The Roost,USA 12,J/111,36.5 Ft,Pito Chickering,Riverside Yacht Club / NYYC / STC,"Cos Cob, CT, USA",PHRF,ToD / ToT,24.0,24.0,2026,2024 Storm Trysail Club Block Island Race; 2024 Vineyard Race; 2025 Storm Trysail Club Block Island Race; 2026 Vineyard Race,,,Not identified from public sources reviewed,,,,https://yachtscoring.com/event_results_detail/16470/1,https://yachtscoring.com/event_scratch_sheet/16470,https://yachtscoring.com/boatdetail/50775/529630,"Overall fleet rank and size come from YachtScoring Race 1 detailed results. The overall fleet is the source-defined racing circle plus rating division, not the individual class.",338479506,338479506,THE ROOST,Not provided in export,Sailing,11.0,4.0,,Not provided in export,2026-09-04T15:45:49.664Z,2026-09-05T11:17:41.879Z,1468.0,High,"Exact normalized name match, compatible AIS vessel type, and compatible reported length.",Attached AIS_EVENTS_RAW.csv
16470,Storm Trysail Club Block Island Race,2024,"May 24 - 26, 2024",Block Island Racing | PHRF Division,Block Island Racing,PHRF Division,3.0,36,21,Class 7 PHRF,3.0,FINISHED,1:15:00:35,1:10:48:30,05/26/2024 @ 01:33:30 (GMT-05:00),blitzen,Blitzen,USA 46,J130SD,42 Ft,John Storck Jr,"Storm Trysail Club, CCA, CYC, LHYC","Huntington, NY, USA",PHRF,ToD / ToT,30.0,33.0,2026,2024 Storm Trysail Club Block Island Race; 2025 Storm Trysail Club Block Island Race; 2026 Storm Trysail Club Block Island Race,,,Not identified from public sources reviewed,,,,https://yachtscoring.com/event_results_detail/16470/1,https://yachtscoring.com/event_scratch_sheet/16470,https://yachtscoring.com/boatdetail/50619/520342,"Overall fleet rank and size come from YachtScoring Race 1 detailed results. The overall fleet is the source-defined racing circle plus rating division, not the individual class.",,,,,,,,,,,,,,,
16470,Storm Trysail Club Block Island Race,2024,"May 24 - 26, 2024",Block Island Racing | PHRF Division,Block Island Racing,PHRF Division,4.0,36,21,Class 7 PHRF,4.0,FINISHED,1:15:43:26,1:11:15:47,05/26/2024 @ 02:00:47 (GMT-05:00),summergrace,Summer Grace,USA 12235,J/122,40.0 Ft,Kevin Kelley,Riverside Yacht Club/NYYC,"Riverside, CT, USA",PHRF,ToD / ToT,27.0,27.0,2026,2024 Storm Trysail Club Block Island Race; 2026 Storm Trysail Club Block Island Race,,,Not identified from public sources reviewed,,,,https://yachtscoring.com/event_results_detail/16470/1,https://yachtscoring.com/event_scratch_sheet/16470,https://yachtscoring.com/boatdetail/50619/522041,"Overall fleet rank and size come from YachtScoring Race 1 detailed results. The overall fleet is the source-defined racing circle plus rating division, not the individual class.",,,,,,,,,,,,,,,
16470,Storm Trysail Club Block Island Race,2024,"May 24 - 26, 2024",Block Island Racing | PHRF Division,Block Island Racing,PHRF Division,8.0,36,21,Class 7 PHRF,5.0,FINISHED,1:17:52:21,1:12:58:36,05/26/2024 @ 03:43:36 (GMT-05:00),comet,Comet,USA 43600,J44,44 Ft,United States Merchant Marine Academy,KPUSMMA,"Kings Point, NY, USA",PHRF,ToD / ToT,24.0,27.0,2026,2024 Storm Trysail Club Block Island Race; 2024 Vineyard Race; 2026 Storm Trysail Club Block Island Race,,,Not identified from public sources reviewed,,,,https://yachtscoring.com/event_results_detail/16470/1,https://yachtscoring.com/event_scratch_sheet/16470,https://yachtscoring.com/boatdetail/50619/518597,"Overall fleet rank and size come from YachtScoring Race 1 detailed results. The overall fleet is the source-defined racing circle plus rating division, not the individual class.",,,,,,,,,,,,,,,
16470,Storm Trysail Club Block Island Race,2024,"May 24 - 26, 2024",Block Island Racing | PHRF Division,Block Island Racing,PHRF Division,12.0,36,21,Class 7 PHRF,6.0,FINISHED,1:19:00:14,1:15:33:43,05/26/2024 @ 06:18:43 (GMT-05:00),charlotte,Charlotte,USA 46650,J/120,40 Ft,Richard West,"Stamford YC, NYYC, STC","Darien, CT, USA",PHRF,ToD / ToT,48.0,51.0,2026,2024 Storm Trysail Club Block Island Race; 2024 Vineyard Race; 2025 Storm Trysail Club Block Island Race; 2025 Vineyard Race; 2026 Storm Trysail Club Block Island Race; 2026 Vineyard Race,,,Not identified from public sources reviewed,,,,https://yachtscoring.com/event_results_detail/16470/1,https://yachtscoring.com/event_scratch_sheet/16470,https://yachtscoring.com/boatdetail/50775/521977,"Overall fleet rank and size come from YachtScoring Race 1 detailed results. The overall fleet is the source-defined racing circle plus rating division, not the individual class.",368248080,368248080,CHARLOTTE,Not provided in export,Sailing,12.0,4.0,,Not provided in export,2026-09-04T13:01:40.309Z,2026-09-07T12:34:12.754Z,1984.0,High,"Exact normalized name match, compatible AIS vessel type, and compatible reported length.",Attached AIS_EVENTS_RAW.csv
16470,Storm Trysail Club Block Island Race,2024,"May 24 - 26, 2024",Block Island Racing | PHRF Division,Block Island Racing,PHRF Division,,36,21,Class 7 PHRF,7.0,RET,,0:21:53:03,05/25/2024 @ 12:38:03 (GMT-05:00),fireball,Fireball,USA 16,J/111,36.5 Ft,Bill & Jackie Baxter,Riverside Yacht Club / STC / NYYC,"Stamford, CT, USA",PHRF,ToD / ToT,24.0,24.0,2026,2024 Storm Trysail Club Block Island Race; 2024 Vineyard Race; 2025 Storm Trysail Club Block Island Race; 2025 Vineyard Race; 2026 Storm Trysail Club Block Island Race,,,Not identified from public sources reviewed,,,,https://yachtscoring.com/event_results_detail/16470/1,https://yachtscoring.com/event_scratch_sheet/16470,https://yachtscoring.com/boatdetail/50619/521095,"Overall fleet rank and size come from YachtScoring Race 1 detailed results. The overall fleet is the source-defined racing circle plus rating division, not the individual class.",,,,,,,,,,,,,,,
16470,Storm Trysail Club Block Island Race,2024,"May 24 - 26, 2024",Block Island Racing | PHRF Division,Block Island Racing,PHRF Division,,36,21,Class 7 PHRF,8.0,RET,,1:03:32:37,05/25/2024 @ 18:17:37 (GMT-05:00),monhegan,Monhegan,USA 35777,J/44,44.9,Martinus van Breems,"STC, St Thomas Yacht Club","Redding, CT, USA",PHRF,ToD / ToT,36.0,36.0,2024,2024 Storm Trysail Club Block Island Race,,,Not identified from public sources reviewed,,,,https://yachtscoring.com/event_results_detail/16470/1,https://yachtscoring.com/event_scratch_sheet/16470,https://yachtscoring.com/boatdetail/16470/298543,"Overall fleet rank and size come from YachtScoring Race 1 detailed results. The overall fleet is the source-defined racing circle plus rating division, not the individual class.",,,,,,,,,,,,,,,
16470,Storm Trysail Club Block Island Race,2024,"May 24 - 26, 2024",Block Island Racing | PHRF Division,Block Island Racing,PHRF Division,,36,21,Class 7 PHRF,9.0,RET,,1:03:32:37,05/25/2024 @ 18:17:37 (GMT-05:00),direwolf,Dire Wolf,USA 12204,J/122,40 Ft,Constantine Baris,Sagamore Yacht Club / New York Yacht Club / Storm Trysail Club / New York Athletic Club Yacht Club,"Locust Valley, NY, USA",ORC,APH,27.0,508.4,2026,2024 Storm Trysail Club Block Island Race; 2024 Vineyard Race; 2025 Storm Trysail Club Block Island Race; 2025 Vineyard Race; 2026 Storm Trysail Club Block Island Race,,,Not identified from public sources reviewed,,,,https://yachtscoring.com/event_results_detail/16470/1,https://yachtscoring.com/event_scratch_sheet/16470,https://yachtscoring.com/boatdetail/50619/517751,"Overall fleet rank and size come from YachtScoring Race 1 detailed results. The overall fleet is the source-defined racing circle plus rating division, not the individual class.",,,,,,,,,,,,,,,
16470,Storm Trysail Club Block Island Race,2024,"May 24 - 26, 2024",Block Island Racing | PHRF Division,Block Island Racing,PHRF Division,,36,21,Class 7 PHRF,10.0,RET,,1:04:45:10,05/25/2024 @ 19:30:10 (GMT-05:00),scylla,Scylla,USA 60739,Dehler 46,47 Ft,Markus Lahrkamp,American Yacht Club,"Rye, NY, USA",PHRF,ToD / ToT,24.0,15.0,2026,2024 Storm Trysail Club Block Island Race; 2024 Vineyard Race; 2025 Vineyard Race; 2026 Storm Trysail Club Block Island Race,,,Not identified from public sources reviewed,,,,https://yachtscoring.com/event_results_detail/16470/1,https://yachtscoring.com/event_scratch_sheet/16470,https://yachtscoring.com/boatdetail/50619/521108,"Overall fleet rank and size come from YachtScoring Race 1 detailed results. The overall fleet is the source-defined racing circle plus rating division, not the individual class.",,,,,,,,,,,,,,,
16470,Storm Trysail Club Block Island Race,2024,"May 24 - 26, 2024",Block Island Racing | PHRF Division,Block Island Racing,PHRF Division,,36,21,Class 7 PHRF,11.0,RET,,1:10:25:31,05/26/2024 @ 01:10:31 (GMT-05:00),madison,Madison,USA 83293,J/120,40' Ft,Brian Spears,Pequot YC | STC,"Fairfield, CT, USA",PHRF,ToD / ToT,42.0,42.0,2026,2024 Storm Trysail Club Block Island Race; 2024 Vineyard Race; 2025 Storm Trysail Club Block Island Race; 2025 Vineyard Race; 2026 Storm Trysail Club Block Island Race; 2026 Vineyard Race,,,Not identified from public sources reviewed,,,,https://yachtscoring.com/event_results_detail/16470/1,https://yachtscoring.com/event_scratch_sheet/16470,https://yachtscoring.com/boatdetail/50775/529464,"Overall fleet rank and size come from YachtScoring Race 1 detailed results. The overall fleet is the source-defined racing circle plus rating division, not the individual class.",367704280,367704280,MADISON,Not provided in export,Sailing,12.0,4.0,,Not provided in export,2026-09-04T13:01:49.41Z,2026-09-05T11:30:21.564Z,1781.0,High,"Exact normalized name match, compatible AIS vessel type, and compatible reported length.",Attached AIS_EVENTS_RAW.csv
16470,Storm Trysail Club Block Island Race,2024,"May 24 - 26, 2024",Block Island Racing | PHRF Division,Block Island Racing,PHRF Division,5.0,36,21,Class 10 PHRF,1.0,FINISHED,1:16:58:26,1:09:43:24,05/26/2024 @ 00:48:24 (GMT-05:00),goodnews,Good News,USA 7065,J/125,41 Ft,Macrae Sykes,NYYC/RYC/STC,"Old Greenwich, CT, USA",ORC,APH,-15.0,462.2,2026,2024 Storm Trysail Club Block Island Race; 2024 Vineyard Race; 2025 Storm Trysail Club Block Island Race; 2025 Vineyard Race; 2026 Vineyard Race,,,Not identified from public sources reviewed,,,,https://yachtscoring.com/event_results_detail/16470/1,https://yachtscoring.com/event_scratch_sheet/16470,https://yachtscoring.com/boatdetail/50775/527412,"Overall fleet rank and size come from YachtScoring Race 1 detailed results. The overall fleet is the source-defined racing circle plus rating division, not the individual class.",368131030,368131030,GOOD NEWS,Not provided in export,Pleasure,13.0,3.0,,Not provided in export,2026-09-04T13:01:38.543Z,2026-09-05T10:24:36.89Z,624.0,High,"Exact normalized name match, compatible AIS vessel type, and compatible reported length.",Attached AIS_EVENTS_RAW.csv
16470,Storm Trysail Club Block Island Race,2024,"May 24 - 26, 2024",Block Island Racing | PHRF Division,Block Island Racing,PHRF Division,21.0,36,21,Class 10 PHRF,2.0,FINISHED,1:23:29:48,1:14:52:28,05/26/2024 @ 05:57:28 (GMT-05:00),max,Max,USA 75050,Pogo 50,50 Ft,Moritz Hilf,New York Yacht Club / American Yacht Club / Storm Trysail Club,"New York, NY, USA",PHRF,ToD / ToT,-18.0,-18.0,2026,2024 Around Long Island Regatta; 2024 Storm Trysail Club Block Island Race; 2025 Around Long Island Regatta; 2026 Around Long Island Regatta; 2026 Storm Trysail Club Block Island Race; 2026 Vineyard Race,,,Not identified from public sources reviewed,,,,https://yachtscoring.com/event_results_detail/16470/1,https://yachtscoring.com/event_scratch_sheet/16470,https://yachtscoring.com/boatdetail/50775/529465,"Overall fleet rank and size come from YachtScoring Race 1 detailed results. The overall fleet is the source-defined racing circle plus rating division, not the individual class.",368146320,368146320,MAX,Not provided in export,Sailing,15.0,5.0,,Not provided in export,2026-09-04T12:38:38.982Z,2026-09-05T10:31:55.796Z,1238.0,High,"Exact normalized name match, compatible AIS vessel type, and compatible reported length.",Attached AIS_EVENTS_RAW.csv
50032,Storm Trysail Club Block Island Race,2025,"May 23 - 25, 2025",Block Island Racing | ORC Division,Block Island Racing,ORC Division,13.0,31,28,Class 1 ORC-DH,1.0,FINISHED,1:08:30:35,1:11:20:40,05/24/2025 @ 23:25:40 (GMT-05:00),savethesound,Save the Sound,USA 167,J/99,32 Ft,Douglas McKeige,American Yacht Club,"Mamaroneck, NY, USA",PHRF,ToD / ToT,552.9,69.0,2026,2025 Storm Trysail Club Block Island Race; 2025 Vineyard Race; 2026 Storm Trysail Club Block Island Race; 2026 Vineyard Race,,,Not identified from public sources reviewed,,,,https://yachtscoring.com/event_results_detail/50032/1,https://yachtscoring.com/event_scratch_sheet/50032,https://yachtscoring.com/boatdetail/50775/529843,"Overall fleet rank and size come from YachtScoring Race 1 detailed results. The overall fleet is the source-defined racing circle plus rating division, not the individual class.",338535733,338535733,SAVE THE SOUND,Not provided in export,Pleasure,10.0,2.0,,Not provided in export,2026-09-04T13:01:48.836Z,2026-09-05T12:07:47.921Z,164.0,High,"Exact normalized name match, compatible AIS vessel type, and compatible reported length.",Attached AIS_EVENTS_RAW.csv
50032,Storm Trysail Club Block Island Race,2025,"May 23 - 25, 2025",Block Island Racing | ORC Division,Block Island Racing,ORC Division,15.0,31,28,Class 1 ORC-DH,2.0,FINISHED,1:09:07:56,1:11:04:18,05/24/2025 @ 23:09:18 (GMT-05:00),byte,Byte,USA 12424,Sun Fast 3300,32.9,Robert & Collin Alexander,American Yacht Club,"Rye, NY, USA",ORC,APH,531.3,531.3,2025,2024 Storm Trysail Club Block Island Race; 2024 Vineyard Race; 2025 Storm Trysail Club Block Island Race; 2025 Vineyard Race,,,Not identified from public sources reviewed,,,,https://yachtscoring.com/event_results_detail/50032/1,https://yachtscoring.com/event_scratch_sheet/50032,https://yachtscoring.com/boatdetail/50111/504863,"Overall fleet rank and size come from YachtScoring Race 1 detailed results. The overall fleet is the source-defined racing circle plus rating division, not the individual class.",,,,,,,,,,,,,,,
50032,Storm Trysail Club Block Island Race,2025,"May 23 - 25, 2025",Block Island Racing | ORC Division,Block Island Racing,ORC Division,17.0,31,28,Class 1 ORC-DH,3.0,FINISHED,1:09:40:05,1:12:12:50,05/25/2025 @ 00:17:50 (GMT-05:00),havoc,Havoc,USA 52735,X-35,35 Ft,Stephen Fisk,CPYC,"Westport, CT, USA",ORC,APH,544.7,544.7,2025,2025 Storm Trysail Club Block Island Race; 2025 Vineyard Race,,,Not identified from public sources reviewed,,,,https://yachtscoring.com/event_results_detail/50032/1,https://yachtscoring.com/event_scratch_sheet/50032,https://yachtscoring.com/boatdetail/50111/510518,"Overall fleet rank and size come from YachtScoring Race 1 detailed results. The overall fleet is the source-defined racing circle plus rating division, not the individual class.",,,,,,,,,,,,,,,
50032,Storm Trysail Club Block Island Race,2025,"May 23 - 25, 2025",Block Island Racing | ORC Division,Block Island Racing,ORC Division,18.0,31,28,Class 1 ORC-DH,4.0,FINISHED,1:09:47:36,1:12:01:51,05/25/2025 @ 00:06:51 (GMT-05:00),stratos,Stratos,USA 15833,Sun Fast 3300,33 Ft,Marcus Wunderlich,Cedar Point Yacht Club,"Jersey City, NJ, USA",ORC,APH,537.5,537.3,2026,2025 Storm Trysail Club Block Island Race; 2025 Vineyard Race; 2026 Storm Trysail Club Block Island Race; 2026 Vineyard Race,,,Not identified from public sources reviewed,,,,https://yachtscoring.com/event_results_detail/50032/1,https://yachtscoring.com/event_scratch_sheet/50032,https://yachtscoring.com/boatdetail/50775/528566,"Overall fleet rank and size come from YachtScoring Race 1 detailed results. The overall fleet is the source-defined racing circle plus rating division, not the individual class.",368404820,368404820,STRATOS,Not provided in export,Sailing,10.0,3.0,,Not provided in export,2026-09-04T12:55:31.188Z,2026-09-06T16:17:39.456Z,1785.0,High,"Exact normalized name match, compatible AIS vessel type, and compatible reported length.",Attached AIS_EVENTS_RAW.csv
50032,Storm Trysail Club Block Island Race,2025,"May 23 - 25, 2025",Block Island Racing | ORC Division,Block Island Racing,ORC Division,20.0,31,28,Class 1 ORC-DH,5.0,FINISHED,1:10:49:24,1:13:54:03,05/25/2025 @ 01:59:03 (GMT-05:00),thinman,Thin Man,USA 24,J/99,32.6 Ft,Todd Aven,City Island Yacht Club / Storm Trysail Club,"Brooklyn, NY, USA",PHRF,ToD / ToT,553.4,72.0,2026,2024 Around Long Island Regatta; 2024 Storm Trysail Club Block Island Race; 2024 Vineyard Race; 2025 Storm Trysail Club Block Island Race; 2025 Vineyard Race; 2026 Around Long Island Regatta; 2026 Storm Trysail Club Block Island Race; 2026 Vineyard Race,,,Not identified from public sources reviewed,,,,https://yachtscoring.com/event_results_detail/50032/1,https://yachtscoring.com/event_scratch_sheet/50032,https://yachtscoring.com/boatdetail/50775/522327,"Overall fleet rank and size come from YachtScoring Race 1 detailed results. The overall fleet is the source-defined racing circle plus rating division, not the individual class.",368114910,368114910,THIN MAN,Not provided in export,Sailing,10.0,4.0,,Not provided in export,2026-09-04T12:42:09.782Z,2026-09-05T12:28:11.623Z,2454.0,High,"Exact normalized name match, compatible AIS vessel type, and compatible reported length.",Attached AIS_EVENTS_RAW.csv
50032,Storm Trysail Club Block Island Race,2025,"May 23 - 25, 2025",Block Island Racing | ORC Division,Block Island Racing,ORC Division,22.0,31,28,Class 1 ORC-DH,6.0,FINISHED,1:11:02:29,1:13:37:49,05/25/2025 @ 01:42:49 (GMT-05:00),wizard,Wizard,USA 31,J 99,32.5,Adam Zakka & Jonathan Krumeich,Indian Harbor Yacht Club & NYYC,"Old Greenwich, CT, USA",ORC,APH,546.4,546.4,2025,2024 Storm Trysail Club Block Island Race; 2025 Storm Trysail Club Block Island Race,,,Not identified from public sources reviewed,,,,https://yachtscoring.com/event_results_detail/50032/1,https://yachtscoring.com/event_scratch_sheet/50032,https://yachtscoring.com/boatdetail/50032/501622,"Overall fleet rank and size come from YachtScoring Race 1 detailed results. The overall fleet is the source-defined racing circle plus rating division, not the individual class.",,,,,,,,,,,,,,,
50032,Storm Trysail Club Block Island Race,2025,"May 23 - 25, 2025",Block Island Racing | ORC Division,Block Island Racing,ORC Division,24.0,31,28,Class 1 ORC-DH,7.0,FINISHED,1:12:00:40,1:08:25:51,05/24/2025 @ 20:30:51 (GMT-05:00),scowlingdragon,Scowling Dragon,USA 200,Class40,40,Michael Hennessy & Peter Becker,Mudheads,"Mystic, CT, USA",ORC,APH,420.4,420.4,2025,2025 Storm Trysail Club Block Island Race,,,Not identified from public sources reviewed,,,,https://yachtscoring.com/event_results_detail/50032/1,https://yachtscoring.com/event_scratch_sheet/50032,https://yachtscoring.com/boatdetail/50032/501893,"Overall fleet rank and size come from YachtScoring Race 1 detailed results. The overall fleet is the source-defined racing circle plus rating division, not the individual class.",,,,,,,,,,,,,,,
50032,Storm Trysail Club Block Island Race,2025,"May 23 - 25, 2025",Block Island Racing | ORC Division,Block Island Racing,ORC Division,27.0,31,28,Class 1 ORC-DH,8.0,FINISHED,1:13:03:44,1:16:21:03,05/25/2025 @ 04:26:03 (GMT-05:00),eventyr,Eventyr,USA 61668,J/99,32.6 Ft,Michael Kohler,Larchmont Yacht Club,"New York, NY, USA",ORC,APH,554.7,554.6,2026,2025 Storm Trysail Club Block Island Race; 2025 Vineyard Race; 2026 Storm Trysail Club Block Island Race; 2026 Vineyard Race,,,Not identified from public sources reviewed,,,,https://yachtscoring.com/event_results_detail/50032/1,https://yachtscoring.com/event_scratch_sheet/50032,https://yachtscoring.com/boatdetail/50775/529700,"Overall fleet rank and size come from YachtScoring Race 1 detailed results. The overall fleet is the source-defined racing circle plus rating division, not the individual class.",368327540,368327540,EVENTYR,Not provided in export,Sailing,10.0,4.0,,Not provided in export,2026-09-04T12:01:37.671Z,2026-09-05T12:02:49.28Z,1424.0,High,"Exact normalized name match, compatible AIS vessel type, and compatible reported length.",Attached AIS_EVENTS_RAW.csv
50032,Storm Trysail Club Block Island Race,2025,"May 23 - 25, 2025",Block Island Racing | ORC Division,Block Island Racing,ORC Division,,31,28,Class 1 ORC-DH,9.0,RET,,0:00:00:00,,lowprofile,Low Profile,USA 70330,Sunfast 3300,33,Chris Benzak & Christian Salvati,NYYC | ILYC,"Newport, RI, USA",ORC,APH,533.5,533.5,2025,2024 Storm Trysail Club Block Island Race; 2025 Storm Trysail Club Block Island Race,,,Not identified from public sources reviewed,,,,https://yachtscoring.com/event_results_detail/50032/1,https://yachtscoring.com/event_scratch_sheet/50032,https://yachtscoring.com/boatdetail/50032/501936,"Overall fleet rank and size come from YachtScoring Race 1 detailed results. The overall fleet is the source-defined racing circle plus rating division, not the individual class.",,,,,,,,,,,,,,,
50032,Storm Trysail Club Block Island Race,2025,"May 23 - 25, 2025",Block Island Racing | ORC Division,Block Island Racing,ORC Division,2.0,31,28,Class 6 ORC,1.0,FINISHED,1:06:41:27,1:06:50:31,05/24/2025 @ 19:35:31 (GMT-05:00),loki,Loki,USA 61220,J/122,40 Ft,David Rosow,Pequot Yacht Club / NYYC,"Fairfield, CT, USA",ORC,APH,510.0,511.3,2026,2024 Storm Trysail Club Block Island Race; 2024 Vineyard Race; 2025 Storm Trysail Club Block Island Race; 2025 Vineyard Race; 2026 Storm Trysail Club Block Island Race; 2026 Vineyard Race,,,Not identified from public sources reviewed,,,,https://yachtscoring.com/event_results_detail/50032/1,https://yachtscoring.com/event_scratch_sheet/50032,https://yachtscoring.com/boatdetail/50775/526362,"Overall fleet rank and size come from YachtScoring Race 1 detailed results. The overall fleet is the source-defined racing circle plus rating division, not the individual class.",368006960,368006960,LOKI,Not provided in export,Sailing,12.0,4.0,,Not provided in export,2026-09-04T15:44:43.847Z,2026-09-05T11:33:13.609Z,1624.0,High,"Exact normalized name match, compatible AIS vessel type, and compatible reported length.",Attached AIS_EVENTS_RAW.csv
50032,Storm Trysail Club Block Island Race,2025,"May 23 - 25, 2025",Block Island Racing | ORC Division,Block Island Racing,ORC Division,3.0,31,28,Class 6 ORC,2.0,FINISHED,1:06:48:30,1:06:49:14,05/24/2025 @ 19:34:14 (GMT-05:00),zigzag,Zig Zag,USA 12912,J 122,40 Ft,Andrew Clark,"NYYC, IHYC, STC","Greenwich, CT, USA",ORC,APH,505.4,503.9,2026,2024 Storm Trysail Club Block Island Race; 2025 Storm Trysail Club Block Island Race; 2025 Vineyard Race; 2026 Storm Trysail Club Block Island Race,,,Not identified from public sources reviewed,,,,https://yachtscoring.com/event_results_detail/50032/1,https://yachtscoring.com/event_scratch_sheet/50032,https://yachtscoring.com/boatdetail/50619/520819,"Overall fleet rank and size come from YachtScoring Race 1 detailed results. The overall fleet is the source-defined racing circle plus rating division, not the individual class.",,,,,,,,,,,,,,,
50032,Storm Trysail Club Block Island Race,2025,"May 23 - 25, 2025",Block Island Racing | ORC Division,Block Island Racing,ORC Division,4.0,31,28,Class 6 ORC,3.0,FINISHED,1:07:05:08,1:08:04:36,05/24/2025 @ 20:49:36 (GMT-05:00),christopherdragonxii,Christopher Dragon XII,USA 2277,Italia 11.98,38 Ft,Linda & Andrew Weiss,Storm Trysail Club / Larchmont Yacht Club,"Mamaroneck, NY, USA",ORC,APH,524.5,525.5,2026,2024 Storm Trysail Club Block Island Race; 2024 Vineyard Race; 2025 Storm Trysail Club Block Island Race; 2025 Vineyard Race; 2026 Storm Trysail Club Block Island Race; 2026 Vineyard Race,,338324718; 338441051,"Conflicting public candidates, verify",Low,https://www.marinetraffic.com/en/ais/details/ships/shipid:5683135/mmsi:338324718/imo:0/vessel:CHRISTOPHER_DRAGON; https://globalfishingwatch.org/platform/vessel/98ffbb82-bba49-f1d0-aa9a-36a153c5e354,"Public AIS/GFW results found Christopher Dragon candidates, but neither source proves the XII suffix, owner, or home port match.",https://yachtscoring.com/event_results_detail/50032/1,https://yachtscoring.com/event_scratch_sheet/50032,https://yachtscoring.com/boatdetail/50775/526458,"Overall fleet rank and size come from YachtScoring Race 1 detailed results. The overall fleet is the source-defined racing circle plus rating division, not the individual class.",338324718; 338441051,,,,,,,,,,,,,,
50032,Storm Trysail Club Block Island Race,2025,"May 23 - 25, 2025",Block Island Racing | ORC Division,Block Island Racing,ORC Division,10.0,31,28,Class 6 ORC,4.0,FINISHED,1:07:50:56,1:07:58:48,05/24/2025 @ 20:43:48 (GMT-05:00),skye,Skye,USA 39534,Farr 395,40 Ft,Ty Anderson,Riverside/STC/NYYC,"Riverside, CT, USA",ORC,APH,504.9,504.4,2026,2024 Storm Trysail Club Block Island Race; 2025 Storm Trysail Club Block Island Race; 2026 Storm Trysail Club Block Island Race,,,Not identified from public sources reviewed,,,,https://yachtscoring.com/event_results_detail/50032/1,https://yachtscoring.com/event_scratch_sheet/50032,https://yachtscoring.com/boatdetail/50619/517710,"Overall fleet rank and size come from YachtScoring Race 1 detailed results. The overall fleet is the source-defined racing circle plus rating division, not the individual class.",,,,,,,,,,,,,,,
50032,Storm Trysail Club Block Island Race,2025,"May 23 - 25, 2025",Block Island Racing | ORC Division,Block Island Racing,ORC Division,19.0,31,28,Class 6 ORC,5.0,FINISHED,1:10:27:59,1:11:45:53,05/25/2025 @ 00:30:53 (GMT-05:00),atalanta,Atalanta,USA 60358,J 42,42,Kurt Locher,Larchmont Yacht Club,"Nashville, TN, USA",ORC,APH,532.0,532.0,2025,2024 Storm Trysail Club Block Island Race; 2025 Storm Trysail Club Block Island Race,,,Not identified from public sources reviewed,,,,https://yachtscoring.com/event_results_detail/50032/1,https://yachtscoring.com/event_scratch_sheet/50032,https://yachtscoring.com/boatdetail/50032/506936,"Overall fleet rank and size come from YachtScoring Race 1 detailed results. The overall fleet is the source-defined racing circle plus rating division, not the individual class.",,,,,,,,,,,,,,,
50032,Storm Trysail Club Block Island Race,2025,"May 23 - 25, 2025",Block Island Racing | ORC Division,Block Island Racing,ORC Division,21.0,31,28,Class 6 ORC,6.0,FINISHED,1:10:55:06,1:11:20:59,05/25/2025 @ 00:05:59 (GMT-05:00),squeezeplay,SqueeZeplay,USA 52240,IMX 40,39’7” Ft,Gregg Brinegar,New York Yacht Club,"Farmington, CT, USA",ORC,APH,516.5,517.1,2026,2024 Storm Trysail Club Block Island Race; 2025 Storm Trysail Club Block Island Race; 2026 Storm Trysail Club Block Island Race,,,Not identified from public sources reviewed,,,,https://yachtscoring.com/event_results_detail/50032/1,https://yachtscoring.com/event_scratch_sheet/50032,https://yachtscoring.com/boatdetail/50619/520412,"Overall fleet rank and size come from YachtScoring Race 1 detailed results. The overall fleet is the source-defined racing circle plus rating division, not the individual class.",,,,,,,,,,,,,,,
50032,Storm Trysail Club Block Island Race,2025,"May 23 - 25, 2025",Block Island Racing | ORC Division,Block Island Racing,ORC Division,23.0,31,28,Class 6 ORC,7.0,FINISHED,1:11:46:57,1:13:19:40,05/25/2025 @ 02:04:40 (GMT-05:00),groupe5,Groupe 5,26,Mod. Figaro 2,33 Ft,NEKA Sailing /Zachary Doerr,NEKA Sailing,"Newport, RI, USA",ORC,APH,522.7,523.5,2026,2024 Storm Trysail Club Block Island Race; 2024 Vineyard Race; 2025 Storm Trysail Club Block Island Race; 2025 Vineyard Race; 2026 Storm Trysail Club Block Island Race; 2026 Vineyard Race,,,Not identified from public sources reviewed,,,,https://yachtscoring.com/event_results_detail/50032/1,https://yachtscoring.com/event_scratch_sheet/50032,https://yachtscoring.com/boatdetail/50775/530233,"Overall fleet rank and size come from YachtScoring Race 1 detailed results. The overall fleet is the source-defined racing circle plus rating division, not the individual class.",,,,,,,,,,,,,,,
50032,Storm Trysail Club Block Island Race,2025,"May 23 - 25, 2025",Block Island Racing | ORC Division,Block Island Racing,ORC Division,25.0,31,28,Class 6 ORC,8.0,FINISHED,1:12:36:19,1:14:10:56,05/25/2025 @ 02:55:56 (GMT-05:00),sleeper,SLEEPER YCC,326,J/105,10.5 M,NEKA SAILING,NEKA Sailing,"Glen Cove, NY, USA",ORC,APH,531.1,540.2,2026,2024 Vineyard Race; 2025 Storm Trysail Club Block Island Race; 2025 Vineyard Race; 2026 Storm Trysail Club Block Island Race; 2026 Vineyard Race,,,Not identified from public sources reviewed,,,,https://yachtscoring.com/event_results_detail/50032/1,https://yachtscoring.com/event_scratch_sheet/50032,https://yachtscoring.com/boatdetail/50775/529673,"Overall fleet rank and size come from YachtScoring Race 1 detailed results. The overall fleet is the source-defined racing circle plus rating division, not the individual class.",,,,,,,,,,,,,,,
50032,Storm Trysail Club Block Island Race,2025,"May 23 - 25, 2025",Block Island Racing | ORC Division,Block Island Racing,ORC Division,26.0,31,28,Class 6 ORC,9.0,FINISHED,1:12:49:00,1:13:20:36,05/25/2025 @ 02:05:36 (GMT-05:00),newmoon,New Moon,USA 61895,Baltic 51',51',Dwight Collins,Noroton Yacht Club,"Darien, Connecticut, USA",ORC,APH,517.9,517.9,2025,2025 Storm Trysail Club Block Island Race,,,Not identified from public sources reviewed,,,,https://yachtscoring.com/event_results_detail/50032/1,https://yachtscoring.com/event_scratch_sheet/50032,https://yachtscoring.com/boatdetail/50032/502067,"Overall fleet rank and size come from YachtScoring Race 1 detailed results. The overall fleet is the source-defined racing circle plus rating division, not the individual class.",338440854,338440854,NEW MOON,Not provided in export,Sailing,16.0,5.0,,Not provided in export,2026-09-06T14:29:39.233Z,2026-09-06T16:26:34.35Z,124.0,High,"Exact normalized name match, compatible AIS vessel type, and compatible reported length.",Attached AIS_EVENTS_RAW.csv
50032,Storm Trysail Club Block Island Race,2025,"May 23 - 25, 2025",Block Island Racing | ORC Division,Block Island Racing,ORC Division,,31,28,Class 6 ORC,10.0,DNC,,0:00:00:00,,rumble,Rumble,USA 61782,JPK 10.30,33.8,Bradford Gibbs,Fishers Island Yacht Club / New York Yacht Club,"Providence, RI, USA",ORC,APH,546.7,546.7,2025,2025 Storm Trysail Club Block Island Race,,,Not identified from public sources reviewed,,,,https://yachtscoring.com/event_results_detail/50032/1,https://yachtscoring.com/event_scratch_sheet/50032,https://yachtscoring.com/boatdetail/50032/501591,"Overall fleet rank and size come from YachtScoring Race 1 detailed results. The overall fleet is the source-defined racing circle plus rating division, not the individual class.",368386940,368386940,RUMBLE,Not provided in export,,,,,Not provided in export,2026-09-05T22:21:14.153Z,2026-09-05T22:57:54.056Z,13.0,Medium,"Exact normalized name match and compatible reported length, but AIS type is not specifically sailing.",Attached AIS_EVENTS_RAW.csv
50032,Storm Trysail Club Block Island Race,2025,"May 23 - 25, 2025",Block Island Racing | ORC Division,Block Island Racing,ORC Division,5.0,31,28,Class 8 ORC,1.0,FINISHED,1:07:16:41,1:05:56:13,05/24/2025 @ 19:01:13 (GMT-05:00),zammermoos,Zammermoos,USA 4224,Club Swan 42,42 Ft,David Fass,New York Yacht Club,"Mamaroneck, NY, USA",PHRF,ToD / ToT,474.9,-15.0,2026,2024 Storm Trysail Club Block Island Race; 2025 Storm Trysail Club Block Island Race; 2026 Around Long Island Regatta,,,Not identified from public sources reviewed,,,,https://yachtscoring.com/event_results_detail/50032/1,https://yachtscoring.com/event_scratch_sheet/50032,https://yachtscoring.com/boatdetail/50645/525944,"Overall fleet rank and size come from YachtScoring Race 1 detailed results. The overall fleet is the source-defined racing circle plus rating division, not the individual class.",,,,,,,,,,,,,,,
50032,Storm Trysail Club Block Island Race,2025,"May 23 - 25, 2025",Block Island Racing | ORC Division,Block Island Racing,ORC Division,6.0,31,28,Class 8 ORC,2.0,FINISHED,1:07:35:15,1:06:40:14,05/24/2025 @ 19:45:14 (GMT-05:00),phantom,Phantom,USA 60711,Xp 44,44 Ft,Chris Schoen,"LYC, NYYC, STC","Larchmont, NY, USA",ORC,APH,482.7,482.4,2026,2024 Storm Trysail Club Block Island Race; 2025 Around Long Island Regatta; 2025 Storm Trysail Club Block Island Race; 2025 Vineyard Race; 2026 Around Long Island Regatta; 2026 Storm Trysail Club Block Island Race; 2026 Vineyard Race,,,Not identified from public sources reviewed,,,,https://yachtscoring.com/event_results_detail/50032/1,https://yachtscoring.com/event_scratch_sheet/50032,https://yachtscoring.com/boatdetail/50775/528995,"Overall fleet rank and size come from YachtScoring Race 1 detailed results. The overall fleet is the source-defined racing circle plus rating division, not the individual class.",338242317; 368001170; 368077430,338242317; 368001170; 368077430,PHANTOM,Not provided in export,Sailing,13.0,4.0,,Not provided in export,2026-09-04T13:01:46.597Z,2026-09-05T18:18:29.753Z,1979.0,Low,"Exact normalized name matched multiple AIS MMSIs; verify using dimensions, owner, or callsign.",Attached AIS_EVENTS_RAW.csv
50032,Storm Trysail Club Block Island Race,2025,"May 23 - 25, 2025",Block Island Racing | ORC Division,Block Island Racing,ORC Division,7.0,31,28,Class 8 ORC,3.0,FINISHED,1:07:41:17,1:06:13:41,05/24/2025 @ 19:18:41 (GMT-05:00),goodnews,Good News,USA 7065,J/125,41 Ft,Macrae Sykes,NYYC/RYC/STC,"Old Greenwich, CT, USA",ORC,APH,461.5,462.2,2026,2024 Storm Trysail Club Block Island Race; 2024 Vineyard Race; 2025 Storm Trysail Club Block Island Race; 2025 Vineyard Race; 2026 Vineyard Race,,,Not identified from public sources reviewed,,,,https://yachtscoring.com/event_results_detail/50032/1,https://yachtscoring.com/event_scratch_sheet/50032,https://yachtscoring.com/boatdetail/50775/527412,"Overall fleet rank and size come from YachtScoring Race 1 detailed results. The overall fleet is the source-defined racing circle plus rating division, not the individual class.",368131030,368131030,GOOD NEWS,Not provided in export,Pleasure,13.0,3.0,,Not provided in export,2026-09-04T13:01:38.543Z,2026-09-05T10:24:36.89Z,624.0,High,"Exact normalized name match, compatible AIS vessel type, and compatible reported length.",Attached AIS_EVENTS_RAW.csv
50032,Storm Trysail Club Block Island Race,2025,"May 23 - 25, 2025",Block Island Racing | ORC Division,Block Island Racing,ORC Division,8.0,31,28,Class 8 ORC,4.0,FINISHED,1:07:42:39,1:05:58:00,05/24/2025 @ 19:03:00 (GMT-05:00),geminiii,Gemini II,USA 45454,Swan 45,45 Ft,James Coffman,NYYC/CPYC/RORC,"Rye, NY, USA",ORC,APH,468.7,469.0,2026,2024 Vineyard Race; 2025 Storm Trysail Club Block Island Race; 2025 Vineyard Race; 2026 Vineyard Race,,,Not identified from public sources reviewed,,,,https://yachtscoring.com/event_results_detail/50032/1,https://yachtscoring.com/event_scratch_sheet/50032,https://yachtscoring.com/boatdetail/50775/529252,"Overall fleet rank and size come from YachtScoring Race 1 detailed results. The overall fleet is the source-defined racing circle plus rating division, not the individual class.",367347940,367347940,GEMINI II,Not provided in export,Sailing,14.0,4.0,,Not provided in export,2026-09-04T15:46:00.758Z,2026-09-05T10:39:20.012Z,1136.0,High,"Exact normalized name match, compatible AIS vessel type, and compatible reported length.",Attached AIS_EVENTS_RAW.csv
50032,Storm Trysail Club Block Island Race,2025,"May 23 - 25, 2025",Block Island Racing | ORC Division,Block Island Racing,ORC Division,9.0,31,28,Class 8 ORC,5.0,FINISHED,1:07:44:11,1:06:32:11,05/24/2025 @ 19:37:11 (GMT-05:00),revolution,Revolution,USA 4212,Club Swan 42,42,Eben Moulton,Eastern Point Yacht Club,"Cambridge, MA, USA",ORC,APH,477.7,477.7,2025,2025 Storm Trysail Club Block Island Race,,,Not identified from public sources reviewed,,,,https://yachtscoring.com/event_results_detail/50032/1,https://yachtscoring.com/event_scratch_sheet/50032,https://yachtscoring.com/boatdetail/50032/505301,"Overall fleet rank and size come from YachtScoring Race 1 detailed results. The overall fleet is the source-defined racing circle plus rating division, not the individual class.",,,,,,,,,,,,,,,
50032,Storm Trysail Club Block Island Race,2025,"May 23 - 25, 2025",Block Island Racing | ORC Division,Block Island Racing,ORC Division,12.0,31,28,Class 8 ORC,6.0,FINISHED,1:08:08:02,1:07:18:05,05/24/2025 @ 20:23:05 (GMT-05:00),touchofgrey,Touch of Grey,USA 68750,J/121,40 Ft,Trevor Roach,Cedar Point Yacht Club,"Stamford, CT, USA",ORC,APH,488.7,490.4,2026,2024 Storm Trysail Club Block Island Race; 2024 Vineyard Race; 2025 Storm Trysail Club Block Island Race; 2025 Vineyard Race; 2026 Storm Trysail Club Block Island Race,,,Not identified from public sources reviewed,,,,https://yachtscoring.com/event_results_detail/50032/1,https://yachtscoring.com/event_scratch_sheet/50032,https://yachtscoring.com/boatdetail/50619/522176,"Overall fleet rank and size come from YachtScoring Race 1 detailed results. The overall fleet is the source-defined racing circle plus rating division, not the individual class.",,,,,,,,,,,,,,,
50032,Storm Trysail Club Block Island Race,2025,"May 23 - 25, 2025",Block Island Racing | ORC Division,Block Island Racing,ORC Division,14.0,31,28,Class 8 ORC,7.0,FINISHED,1:08:54:20,1:06:45:41,05/24/2025 @ 19:50:41 (GMT-05:00),coolbreezeuscga,Cool Breeze - USCGA,USA 60432,Mills 43,43,US Coast Guard Academy,USCGA Sailing,"New London, Ct, USA",ORC,APH,465.6,465.6,2025,2025 Storm Trysail Club Block Island Race,,,Not identified from public sources reviewed,,,,https://yachtscoring.com/event_results_detail/50032/1,https://yachtscoring.com/event_scratch_sheet/50032,https://yachtscoring.com/boatdetail/50032/501643,"Overall fleet rank and size come from YachtScoring Race 1 detailed results. The overall fleet is the source-defined racing circle plus rating division, not the individual class.",,,,,,,,,,,,,,,
50032,Storm Trysail Club Block Island Race,2025,"May 23 - 25, 2025",Block Island Racing | ORC Division,Block Island Racing,ORC Division,1.0,31,28,Class 9 ORC,1.0,FINISHED,1:06:40:30,0:23:37:37,05/24/2025 @ 12:52:37 (GMT-05:00),temptationoakcliffjv66,Temptation/Oakcliff JV66,USA 119,JV 66,66,Oakcliff Sailing / Art Santry,Oakcliff Sailing,"Oyster Bay, NY, USA",ORC,APH,351.0,351.0,2025,2024 Storm Trysail Club Block Island Race; 2025 Storm Trysail Club Block Island Race,,,Not identified from public sources reviewed,,,,https://yachtscoring.com/event_results_detail/50032/1,https://yachtscoring.com/event_scratch_sheet/50032,https://yachtscoring.com/boatdetail/50032/506435,"Overall fleet rank and size come from YachtScoring Race 1 detailed results. The overall fleet is the source-defined racing circle plus rating division, not the individual class.",,,,,,,,,,,,,,,
50032,Storm Trysail Club Block Island Race,2025,"May 23 - 25, 2025",Block Island Racing | ORC Division,Block Island Racing,ORC Division,11.0,31,28,Class 9 ORC,2.0,FINISHED,1:08:05:51,1:05:42:22,05/24/2025 @ 18:57:22 (GMT-05:00),arma,ARMA,USA 61211,GP42,42 Ft,Dubois / Eaves / Krow / Roseberry,Larchmont Yacht Club,"Larchmont, NY, USA",ORC,APH,440.6,441.4,2026,2024 Storm Trysail Club Block Island Race; 2024 Vineyard Race; 2025 Storm Trysail Club Block Island Race; 2025 Vineyard Race; 2026 Storm Trysail Club Block Island Race,,,Not identified from public sources reviewed,,,,https://yachtscoring.com/event_results_detail/50032/1,https://yachtscoring.com/event_scratch_sheet/50032,https://yachtscoring.com/boatdetail/50619/521837,"Overall fleet rank and size come from YachtScoring Race 1 detailed results. The overall fleet is the source-defined racing circle plus rating division, not the individual class.",,,,,,,,,,,,,,,
50032,Storm Trysail Club Block Island Race,2025,"May 23 - 25, 2025",Block Island Racing | ORC Division,Block Island Racing,ORC Division,16.0,31,28,Class 9 ORC,3.0,FINISHED,1:09:33:11,1:06:42:03,05/24/2025 @ 19:57:03 (GMT-05:00),katsu,Katsu,USA 61804,RP 45,45 Ft,NEKA SAILING,NEKA Sailing,"Glen Cove, NY, USA",ORC,APH,444.2,444.0,2026,2024 Storm Trysail Club Block Island Race; 2025 Storm Trysail Club Block Island Race; 2026 Vineyard Race,,,Not identified from public sources reviewed,,,,https://yachtscoring.com/event_results_detail/50032/1,https://yachtscoring.com/event_scratch_sheet/50032,https://yachtscoring.com/boatdetail/50775/529671,"Overall fleet rank and size come from YachtScoring Race 1 detailed results. The overall fleet is the source-defined racing circle plus rating division, not the individual class.",533001750,533001750,KATSU,Not provided in export,Pleasure,13.0,4.0,,Not provided in export,2026-09-04T13:01:47.97Z,2026-09-05T10:43:45.247Z,1242.0,High,"Exact normalized name match, compatible AIS vessel type, and compatible reported length.",Attached AIS_EVENTS_RAW.csv
50032,Storm Trysail Club Block Island Race,2025,"May 23 - 25, 2025",Block Island Racing | ORC Division,Block Island Racing,ORC Division,28.0,31,28,Class 9 ORC,4.0,FINISHED,1:14:02:43,1:11:15:00,05/25/2025 @ 00:30:00 (GMT-05:00),hunter,Hunter,USA 2388,Mills 41,41,United States Merchant Marine Academy,KPUSMMA,"Kings Point, NY, USA",ORC,APH,445.4,445.4,2025,2025 Around Long Island Regatta; 2025 Storm Trysail Club Block Island Race,,,Not identified from public sources reviewed,,,,https://yachtscoring.com/event_results_detail/50032/1,https://yachtscoring.com/event_scratch_sheet/50032,https://yachtscoring.com/boatdetail/50032/501678,"Overall fleet rank and size come from YachtScoring Race 1 detailed results. The overall fleet is the source-defined racing circle plus rating division, not the individual class.",,,,,,,,,,,,,,,
50032,Storm Trysail Club Block Island Race,2025,"May 23 - 25, 2025",Block Island Racing | ORC Division,Block Island Racing,ORC Division,,31,28,Class 9 ORC,5.0,DNC,,0:00:00:00,,pterodactyl,Pterodactyl,USA 45045,custom,44 Ft,scott weisman,New York Yacht Club/Sunningdale,"White Plains, NY, USA",ORC,APH,,422.8,2026,2025 Storm Trysail Club Block Island Race; 2025 Vineyard Race; 2026 Vineyard Race,,,Not identified from public sources reviewed,,,,https://yachtscoring.com/event_results_detail/50032/1,https://yachtscoring.com/event_scratch_sheet/50032,https://yachtscoring.com/boatdetail/50775/527091,"Overall fleet rank and size come from YachtScoring Race 1 detailed results. The overall fleet is the source-defined racing circle plus rating division, not the individual class.",368253380,368253380,PTERODACTYL,Not provided in export,Sailing,14.0,4.0,,Not provided in export,2026-09-04T15:45:12.89Z,2026-09-06T06:08:44.991Z,1054.0,High,"Exact normalized name match, compatible AIS vessel type, and compatible reported length.",Attached AIS_EVENTS_RAW.csv
50032,Storm Trysail Club Block Island Race,2025,"May 23 - 25, 2025",Block Island Racing | PHRF Division,Block Island Racing,PHRF Division,23.0,26,23,Class 2 PHRF-DH,1.0,SCP,1:19:26:57,1:16:10:30,05/25/2025 @ 04:15:30 (GMT-05:00),luckyluke,Lucky Luke,USA 61734,Pogo 36,10.8m,Jean-Marie Bergeal,CPYC,"Westport, CT, USA",PHRF,ToD / ToT,51.0,51.0,2025,2024 Around Long Island Regatta; 2025 Around Long Island Regatta; 2025 Storm Trysail Club Block Island Race,,,Not identified from public sources reviewed,,,,https://yachtscoring.com/event_results_detail/50032/1,https://yachtscoring.com/event_scratch_sheet/50032,https://yachtscoring.com/boatdetail/50032/506331,"Overall fleet rank and size come from YachtScoring Race 1 detailed results. The overall fleet is the source-defined racing circle plus rating division, not the individual class.",,,,,,,,,,,,,,,
50032,Storm Trysail Club Block Island Race,2025,"May 23 - 25, 2025",Block Island Racing | PHRF Division,Block Island Racing,PHRF Division,,26,23,Class 2 PHRF-DH,2.0,RET,,0:00:00:00,,eclipse,Eclipse,USA 52386,Sabre 386,38.7 Ft,Marc Berkowitz,,"Armonk, NY, USA",PHRF,ToD / ToT,120.0,120.0,2026,2024 Storm Trysail Club Block Island Race; 2024 Vineyard Race; 2025 Storm Trysail Club Block Island Race; 2025 Vineyard Race; 2026 Vineyard Race,,,Not identified from public sources reviewed,,,,https://yachtscoring.com/event_results_detail/50032/1,https://yachtscoring.com/event_scratch_sheet/50032,https://yachtscoring.com/boatdetail/50775/529212,"Overall fleet rank and size come from YachtScoring Race 1 detailed results. The overall fleet is the source-defined racing circle plus rating division, not the individual class.",368003670; 368217460,368003670; 368217460,ECLIPSE,Not provided in export,Sailing,13.0,5.0,,Not provided in export,2026-09-04T12:51:15.468Z,2026-09-07T14:36:18.509Z,2579.0,Low,"Exact normalized name matched multiple AIS MMSIs; verify using dimensions, owner, or callsign.",Attached AIS_EVENTS_RAW.csv
50032,Storm Trysail Club Block Island Race,2025,"May 23 - 25, 2025",Block Island Racing | PHRF Division,Block Island Racing,PHRF Division,12.0,26,23,Class 4 PHRF,1.0,FINISHED,1:14:31:54,1:13:45:41,05/25/2025 @ 02:10:41 (GMT-05:00),sanguine,Sanguine,USA 100,J/100,32.8 Ft,Steven Landy / Derek Soohoo,City Island Yacht Club,"Armonk, New York, USA",PHRF,ToD / ToT,87.0,87.0,2025,2024 Storm Trysail Club Block Island Race; 2024 Vineyard Race; 2025 Around Long Island Regatta; 2025 Storm Trysail Club Block Island Race; 2025 Vineyard Race,,,Not identified from public sources reviewed,,,,https://yachtscoring.com/event_results_detail/50032/1,https://yachtscoring.com/event_scratch_sheet/50032,https://yachtscoring.com/boatdetail/50111/512946,"Overall fleet rank and size come from YachtScoring Race 1 detailed results. The overall fleet is the source-defined racing circle plus rating division, not the individual class.",,,,,,,,,,,,,,,
50032,Storm Trysail Club Block Island Race,2025,"May 23 - 25, 2025",Block Island Racing | PHRF Division,Block Island Racing,PHRF Division,16.0,26,23,Class 4 PHRF,2.0,FINISHED,1:15:13:44,1:14:15:53,05/25/2025 @ 02:40:53 (GMT-05:00),sawtooth,Sawtooth,USA 43681,Thomas 35,35 Ft,Peter Schmiedeck,SHYC,"Weston, CT, USA",PHRF,ToD / ToT,84.0,78.0,2025,2024 Storm Trysail Club Block Island Race; 2024 Vineyard Race; 2025 Storm Trysail Club Block Island Race; 2025 Vineyard Race,,,Not identified from public sources reviewed,,,,https://yachtscoring.com/event_results_detail/50032/1,https://yachtscoring.com/event_scratch_sheet/50032,https://yachtscoring.com/boatdetail/50111/512815,"Overall fleet rank and size come from YachtScoring Race 1 detailed results. The overall fleet is the source-defined racing circle plus rating division, not the individual class.",,,,,,,,,,,,,,,
50032,Storm Trysail Club Block Island Race,2025,"May 23 - 25, 2025",Block Island Racing | PHRF Division,Block Island Racing,PHRF Division,17.0,26,23,Class 4 PHRF,3.0,FINISHED,1:15:32:00,1:14:44:35,05/25/2025 @ 03:09:35 (GMT-05:00),celeritas,Celeritas,USA 3340,Soverel 33-2,33,William Beery,"Norwalk YC, STC","Norwalk, CT, USA",PHRF,ToD / ToT,87.0,87.0,2025,2024 Storm Trysail Club Block Island Race; 2024 Vineyard Race; 2025 Storm Trysail Club Block Island Race,,,Not identified from public sources reviewed,,,,https://yachtscoring.com/event_results_detail/50032/1,https://yachtscoring.com/event_scratch_sheet/50032,https://yachtscoring.com/boatdetail/50032/504500,"Overall fleet rank and size come from YachtScoring Race 1 detailed results. The overall fleet is the source-defined racing circle plus rating division, not the individual class.",,,,,,,,,,,,,,,
50032,Storm Trysail Club Block Island Race,2025,"May 23 - 25, 2025",Block Island Racing | PHRF Division,Block Island Racing,PHRF Division,18.0,26,23,Class 4 PHRF,4.0,FINISHED,1:15:46:30,1:14:36:46,05/25/2025 @ 03:01:46 (GMT-05:00),cathexis,Cathexis,USA 114,X382,38 Ft,Bryan & Kara Schapperle,NYC / NYYC / STC,"Wilton, CT, USA",PHRF,ToD / ToT,81.0,81.0,2026,2024 Vineyard Race; 2025 Storm Trysail Club Block Island Race; 2025 Vineyard Race; 2026 Storm Trysail Club Block Island Race; 2026 Vineyard Race,,,Not identified from public sources reviewed,,,,https://yachtscoring.com/event_results_detail/50032/1,https://yachtscoring.com/event_scratch_sheet/50032,https://yachtscoring.com/boatdetail/50775/528158,"Overall fleet rank and size come from YachtScoring Race 1 detailed results. The overall fleet is the source-defined racing circle plus rating division, not the individual class.",338249654,338249654,CATHEXIS,Not provided in export,Sailing,12.0,3.0,,Not provided in export,2026-09-04T13:01:41.57Z,2026-09-04T20:39:25.763Z,284.0,High,"Exact normalized name match, compatible AIS vessel type, and compatible reported length.",Attached AIS_EVENTS_RAW.csv
50032,Storm Trysail Club Block Island Race,2025,"May 23 - 25, 2025",Block Island Racing | PHRF Division,Block Island Racing,PHRF Division,19.0,26,23,Class 4 PHRF,5.0,FINISHED,1:15:49:34,1:14:39:45,05/25/2025 @ 03:04:45 (GMT-05:00),coconspirator,Co-Conspirator,USA 48,J/33,33 Ft,Matt Roleke & Trace Dittenhofer,Toms River Yacht Club,"Jersey City, NJ, USA",PHRF,ToD / ToT,81.0,78.0,2026,2025 Storm Trysail Club Block Island Race; 2026 Storm Trysail Club Block Island Race,,,Not identified from public sources reviewed,,,,https://yachtscoring.com/event_results_detail/50032/1,https://yachtscoring.com/event_scratch_sheet/50032,https://yachtscoring.com/boatdetail/50619/521961,"Overall fleet rank and size come from YachtScoring Race 1 detailed results. The overall fleet is the source-defined racing circle plus rating division, not the individual class.",,,,,,,,,,,,,,,
50032,Storm Trysail Club Block Island Race,2025,"May 23 - 25, 2025",Block Island Racing | PHRF Division,Block Island Racing,PHRF Division,22.0,26,23,Class 4 PHRF,6.0,FINISHED,1:18:54:49,1:19:02:49,05/25/2025 @ 07:27:49 (GMT-05:00),tacktile,Tacktile,USA 56,Sabre 42 CB,42 Ft,Jeffrey Wilson,"Pequot Yacht Club, STC, CCA","Fairfield, CT, USA",PHRF,ToD / ToT,102.0,102.0,2026,2024 Storm Trysail Club Block Island Race; 2024 Vineyard Race; 2025 Storm Trysail Club Block Island Race; 2025 Vineyard Race; 2026 Storm Trysail Club Block Island Race; 2026 Vineyard Race,,,Not identified from public sources reviewed,,,,https://yachtscoring.com/event_results_detail/50032/1,https://yachtscoring.com/event_scratch_sheet/50032,https://yachtscoring.com/boatdetail/50775/528210,"Overall fleet rank and size come from YachtScoring Race 1 detailed results. The overall fleet is the source-defined racing circle plus rating division, not the individual class.",338406561,338406561,TACKTILE,Not provided in export,Sailing,13.0,4.0,,Not provided in export,2026-09-04T15:44:43.69Z,2026-09-05T12:49:10.928Z,2720.0,High,"Exact normalized name match, compatible AIS vessel type, and compatible reported length.",Attached AIS_EVENTS_RAW.csv
50032,Storm Trysail Club Block Island Race,2025,"May 23 - 25, 2025",Block Island Racing | PHRF Division,Block Island Racing,PHRF Division,,26,23,Class 4 PHRF,7.0,RET,,0:00:00:00,,falkor,Falkor,USA 99645,Dufour 36P,36,Matt Stainback,Harlem Yacht Club,"Bronx, NY, USA",PHRF,ToD / ToT,75.0,75.0,2025,2025 Storm Trysail Club Block Island Race,,,Not identified from public sources reviewed,,,,https://yachtscoring.com/event_results_detail/50032/1,https://yachtscoring.com/event_scratch_sheet/50032,https://yachtscoring.com/boatdetail/50032/505856,"Overall fleet rank and size come from YachtScoring Race 1 detailed results. The overall fleet is the source-defined racing circle plus rating division, not the individual class.",,,,,,,,,,,,,,,
50032,Storm Trysail Club Block Island Race,2025,"May 23 - 25, 2025",Block Island Racing | PHRF Division,Block Island Racing,PHRF Division,8.0,26,23,Class 5 PHRF,1.0,FINISHED,1:14:05:42,1:11:02:46,05/24/2025 @ 23:37:46 (GMT-05:00),charlotte,Charlotte,USA 46650,J/120,40 Ft,Richard West,"Stamford YC, NYYC, STC","Darien, CT, USA",PHRF,ToD / ToT,48.0,51.0,2026,2024 Storm Trysail Club Block Island Race; 2024 Vineyard Race; 2025 Storm Trysail Club Block Island Race; 2025 Vineyard Race; 2026 Storm Trysail Club Block Island Race; 2026 Vineyard Race,,,Not identified from public sources reviewed,,,,https://yachtscoring.com/event_results_detail/50032/1,https://yachtscoring.com/event_scratch_sheet/50032,https://yachtscoring.com/boatdetail/50775/521977,"Overall fleet rank and size come from YachtScoring Race 1 detailed results. The overall fleet is the source-defined racing circle plus rating division, not the individual class.",368248080,368248080,CHARLOTTE,Not provided in export,Sailing,12.0,4.0,,Not provided in export,2026-09-04T13:01:40.309Z,2026-09-07T12:34:12.754Z,1984.0,High,"Exact normalized name match, compatible AIS vessel type, and compatible reported length.",Attached AIS_EVENTS_RAW.csv
50032,Storm Trysail Club Block Island Race,2025,"May 23 - 25, 2025",Block Island Racing | PHRF Division,Block Island Racing,PHRF Division,9.0,26,23,Class 5 PHRF,2.0,FINISHED,1:14:11:21,1:10:36:15,05/24/2025 @ 23:11:15 (GMT-05:00),alibi,Alibi,USA 43968,J/120,40 Ft,John Sartorius,"NYYC, IHYC","Greenwich, CT, USA",PHRF,ToD / ToT,39.0,39.0,2026,2024 Vineyard Race; 2025 Storm Trysail Club Block Island Race; 2025 Vineyard Race; 2026 Storm Trysail Club Block Island Race; 2026 Vineyard Race,,,Not identified from public sources reviewed,,,,https://yachtscoring.com/event_results_detail/50032/1,https://yachtscoring.com/event_scratch_sheet/50032,https://yachtscoring.com/boatdetail/50775/528273,"Overall fleet rank and size come from YachtScoring Race 1 detailed results. The overall fleet is the source-defined racing circle plus rating division, not the individual class.",338532684; 366821680,338532684; 366821680,ALIBI,Not provided in export,Sailing,12.0,4.0,,Not provided in export,2026-09-04T13:01:50.288Z,2026-09-07T12:04:02.449Z,3367.0,Low,"Exact normalized name matched multiple AIS MMSIs; verify using dimensions, owner, or callsign.",Attached AIS_EVENTS_RAW.csv
50032,Storm Trysail Club Block Island Race,2025,"May 23 - 25, 2025",Block Island Racing | PHRF Division,Block Island Racing,PHRF Division,10.0,26,23,Class 5 PHRF,3.0,FINISHED,1:14:12:49,1:12:23:26,05/25/2025 @ 00:58:26 (GMT-05:00),quicksilver,Quicksilver,USA 168,J/109,35.5 Ft,Ian Milward,Horseshoe Harbor Yacht Club,"Larchmont, NY, USA",PHRF,ToD / ToT,69.0,69.0,2026,2025 Storm Trysail Club Block Island Race; 2026 Vineyard Race,,,Not identified from public sources reviewed,,,,https://yachtscoring.com/event_results_detail/50032/1,https://yachtscoring.com/event_scratch_sheet/50032,https://yachtscoring.com/boatdetail/50775/525664,"Overall fleet rank and size come from YachtScoring Race 1 detailed results. The overall fleet is the source-defined racing circle plus rating division, not the individual class.",338210285,338210285,QUICKSILVER,Not provided in export,Sailing,11.0,4.0,,Not provided in export,2026-09-04T11:39:57.348Z,2026-09-05T12:50:20.231Z,2728.0,High,"Exact normalized name match, compatible AIS vessel type, and compatible reported length.",Attached AIS_EVENTS_RAW.csv
50032,Storm Trysail Club Block Island Race,2025,"May 23 - 25, 2025",Block Island Racing | PHRF Division,Block Island Racing,PHRF Division,11.0,26,23,Class 5 PHRF,4.0,FINISHED,1:14:15:48,1:12:26:16,05/25/2025 @ 01:01:16 (GMT-05:00),smile,Smile,USA 301,J 109,35.3,Adam Hayden,Pequot Yacht Club,"Weston, CT, USA",PHRF,ToD / ToT,69.0,69.0,2025,2024 Storm Trysail Club Block Island Race; 2025 Storm Trysail Club Block Island Race,,,Not identified from public sources reviewed,,,,https://yachtscoring.com/event_results_detail/50032/1,https://yachtscoring.com/event_scratch_sheet/50032,https://yachtscoring.com/boatdetail/50032/504962,"Overall fleet rank and size come from YachtScoring Race 1 detailed results. The overall fleet is the source-defined racing circle plus rating division, not the individual class.",,,,,,,,,,,,,,,
50032,Storm Trysail Club Block Island Race,2025,"May 23 - 25, 2025",Block Island Racing | PHRF Division,Block Island Racing,PHRF Division,13.0,26,23,Class 5 PHRF,5.0,FINISHED,1:14:37:30,1:12:04:16,05/25/2025 @ 00:39:16 (GMT-05:00),stormypetrel,Stormy Petrel,CGA-3,USCG Leadership 44,44,US Coast Guard Academy,U.S. Coast Guard Academy Sailing,"New London, Ct, USA",PHRF,ToD / ToT,57.0,57.0,2025,2024 Storm Trysail Club Block Island Race; 2025 Storm Trysail Club Block Island Race,,,Not identified from public sources reviewed,,,,https://yachtscoring.com/event_results_detail/50032/1,https://yachtscoring.com/event_scratch_sheet/50032,https://yachtscoring.com/boatdetail/50032/501641,"Overall fleet rank and size come from YachtScoring Race 1 detailed results. The overall fleet is the source-defined racing circle plus rating division, not the individual class.",,,,,,,,,,,,,,,
50032,Storm Trysail Club Block Island Race,2025,"May 23 - 25, 2025",Block Island Racing | PHRF Division,Block Island Racing,PHRF Division,14.0,26,23,Class 5 PHRF,6.0,FINISHED,1:14:45:58,1:11:39:48,05/25/2025 @ 00:14:48 (GMT-05:00),mischief,Mischief,US 61523,J 112,36,Eric & Maggie Deichmann,Riverside Yacht Club,"Riverside, CT, USA",PHRF,ToD / ToT,48.0,48.0,2025,2024 Vineyard Race; 2025 Storm Trysail Club Block Island Race,,,Not identified from public sources reviewed,,,,https://yachtscoring.com/event_results_detail/50032/1,https://yachtscoring.com/event_scratch_sheet/50032,https://yachtscoring.com/boatdetail/50032/503167,"Overall fleet rank and size come from YachtScoring Race 1 detailed results. The overall fleet is the source-defined racing circle plus rating division, not the individual class.",338460537,338460537,MISCHIEF,Not provided in export,Pleasure,9.0,3.0,,Not provided in export,2026-09-05T03:42:39.484Z,2026-09-05T08:32:04.971Z,234.0,High,"Exact normalized name match, compatible AIS vessel type, and compatible reported length.",Attached AIS_EVENTS_RAW.csv
50032,Storm Trysail Club Block Island Race,2025,"May 23 - 25, 2025",Block Island Racing | PHRF Division,Block Island Racing,PHRF Division,20.0,26,23,Class 5 PHRF,7.0,FINISHED,1:16:25:37,1:12:49:07,05/25/2025 @ 01:24:07 (GMT-05:00),madison,Madison,USA 83293,J/120,40' Ft,Brian Spears,Pequot YC | STC,"Fairfield, CT, USA",PHRF,ToD / ToT,42.0,42.0,2026,2024 Storm Trysail Club Block Island Race; 2024 Vineyard Race; 2025 Storm Trysail Club Block Island Race; 2025 Vineyard Race; 2026 Storm Trysail Club Block Island Race; 2026 Vineyard Race,,,Not identified from public sources reviewed,,,,https://yachtscoring.com/event_results_detail/50032/1,https://yachtscoring.com/event_scratch_sheet/50032,https://yachtscoring.com/boatdetail/50775/529464,"Overall fleet rank and size come from YachtScoring Race 1 detailed results. The overall fleet is the source-defined racing circle plus rating division, not the individual class.",367704280,367704280,MADISON,Not provided in export,Sailing,12.0,4.0,,Not provided in export,2026-09-04T13:01:49.41Z,2026-09-05T11:30:21.564Z,1781.0,High,"Exact normalized name match, compatible AIS vessel type, and compatible reported length.",Attached AIS_EVENTS_RAW.csv
50032,Storm Trysail Club Block Island Race,2025,"May 23 - 25, 2025",Block Island Racing | PHRF Division,Block Island Racing,PHRF Division,21.0,26,23,Class 5 PHRF,8.0,FINISHED,1:17:09:48,1:13:17:57,05/25/2025 @ 01:52:57 (GMT-05:00),tenebrae,Tenebrae,USA 52400,J/124,40.7,William Ingraham,"Larchmont, STC","Larchmont, ny, USA",PHRF,ToD / ToT,39.0,39.0,2025,2024 Vineyard Race; 2025 Storm Trysail Club Block Island Race,,,Not identified from public sources reviewed,,,,https://yachtscoring.com/event_results_detail/50032/1,https://yachtscoring.com/event_scratch_sheet/50032,https://yachtscoring.com/boatdetail/50032/506893,"Overall fleet rank and size come from YachtScoring Race 1 detailed results. The overall fleet is the source-defined racing circle plus rating division, not the individual class.",368034190,368034190,TENEBRAE,Not provided in export,Sailing,12.0,4.0,,Not provided in export,2026-09-06T15:51:43.582Z,2026-09-06T17:20:28.681Z,210.0,High,"Exact normalized name match, compatible AIS vessel type, and compatible reported length.",Attached AIS_EVENTS_RAW.csv
50032,Storm Trysail Club Block Island Race,2025,"May 23 - 25, 2025",Block Island Racing | PHRF Division,Block Island Racing,PHRF Division,1.0,26,23,Class 7 PHRF,1.0,FINISHED,1:10:57:42,1:06:52:26,05/24/2025 @ 19:47:26 (GMT-05:00),fireball,Fireball,USA 16,J/111,36.5 Ft,Bill & Jackie Baxter,Riverside Yacht Club / STC / NYYC,"Stamford, CT, USA",PHRF,ToD / ToT,24.0,24.0,2026,2024 Storm Trysail Club Block Island Race; 2024 Vineyard Race; 2025 Storm Trysail Club Block Island Race; 2025 Vineyard Race; 2026 Storm Trysail Club Block Island Race,,,Not identified from public sources reviewed,,,,https://yachtscoring.com/event_results_detail/50032/1,https://yachtscoring.com/event_scratch_sheet/50032,https://yachtscoring.com/boatdetail/50619/521095,"Overall fleet rank and size come from YachtScoring Race 1 detailed results. The overall fleet is the source-defined racing circle plus rating division, not the individual class.",,,,,,,,,,,,,,,
50032,Storm Trysail Club Block Island Race,2025,"May 23 - 25, 2025",Block Island Racing | PHRF Division,Block Island Racing,PHRF Division,2.0,26,23,Class 7 PHRF,2.0,FINISHED,1:11:20:45,1:07:42:11,05/24/2025 @ 20:37:11 (GMT-05:00),blitzen,Blitzen,USA 46,J130SD,42 Ft,John Storck Jr,"Storm Trysail Club, CCA, CYC, LHYC","Huntington, NY, USA",PHRF,ToD / ToT,33.0,33.0,2026,2024 Storm Trysail Club Block Island Race; 2025 Storm Trysail Club Block Island Race; 2026 Storm Trysail Club Block Island Race,,,Not identified from public sources reviewed,,,,https://yachtscoring.com/event_results_detail/50032/1,https://yachtscoring.com/event_scratch_sheet/50032,https://yachtscoring.com/boatdetail/50619/520342,"Overall fleet rank and size come from YachtScoring Race 1 detailed results. The overall fleet is the source-defined racing circle plus rating division, not the individual class.",,,,,,,,,,,,,,,
50032,Storm Trysail Club Block Island Race,2025,"May 23 - 25, 2025",Block Island Racing | PHRF Division,Block Island Racing,PHRF Division,3.0,26,23,Class 7 PHRF,3.0,FINISHED,1:11:55:32,1:06:13:58,05/24/2025 @ 19:08:58 (GMT-05:00),cougar,Cougar,USA 4900,J/160,53 Ft,Leonard Sitar,Storm Trysail Club / American Yacht Club / New York Yacht Club / Cruising Club of America,"Holmdel, NJ, USA",ORC,APH,-3.0,464.2,2026,2024 Storm Trysail Club Block Island Race; 2024 Vineyard Race; 2025 Around Long Island Regatta; 2025 Storm Trysail Club Block Island Race; 2025 Vineyard Race; 2026 Storm Trysail Club Block Island Race; 2026 Vineyard Race,,,Not identified from public sources reviewed,,,,https://yachtscoring.com/event_results_detail/50032/1,https://yachtscoring.com/event_scratch_sheet/50032,https://yachtscoring.com/boatdetail/50775/529646,"Overall fleet rank and size come from YachtScoring Race 1 detailed results. The overall fleet is the source-defined racing circle plus rating division, not the individual class.",303392000,303392000,COUGAR,Not provided in export,Sailing,16.0,4.0,,Not provided in export,2026-09-04T13:01:38.926Z,2026-09-05T11:23:34.441Z,1509.0,High,"Exact normalized name match, compatible AIS vessel type, and compatible reported length.",Attached AIS_EVENTS_RAW.csv
50032,Storm Trysail Club Block Island Race,2025,"May 23 - 25, 2025",Block Island Racing | PHRF Division,Block Island Racing,PHRF Division,4.0,26,23,Class 7 PHRF,4.0,FINISHED,1:12:28:31,1:08:12:38,05/24/2025 @ 21:07:38 (GMT-05:00),theroost,The Roost,USA 12,J/111,36.5 Ft,Pito Chickering,Riverside Yacht Club / NYYC / STC,"Cos Cob, CT, USA",PHRF,ToD / ToT,24.0,24.0,2026,2024 Storm Trysail Club Block Island Race; 2024 Vineyard Race; 2025 Storm Trysail Club Block Island Race; 2026 Vineyard Race,,,Not identified from public sources reviewed,,,,https://yachtscoring.com/event_results_detail/50032/1,https://yachtscoring.com/event_scratch_sheet/50032,https://yachtscoring.com/boatdetail/50775/529630,"Overall fleet rank and size come from YachtScoring Race 1 detailed results. The overall fleet is the source-defined racing circle plus rating division, not the individual class.",338479506,338479506,THE ROOST,Not provided in export,Sailing,11.0,4.0,,Not provided in export,2026-09-04T15:45:49.664Z,2026-09-05T11:17:41.879Z,1468.0,High,"Exact normalized name match, compatible AIS vessel type, and compatible reported length.",Attached AIS_EVENTS_RAW.csv
50032,Storm Trysail Club Block Island Race,2025,"May 23 - 25, 2025",Block Island Racing | PHRF Division,Block Island Racing,PHRF Division,5.0,26,23,Class 7 PHRF,5.0,FINISHED,1:12:33:40,1:07:36:39,05/24/2025 @ 20:31:39 (GMT-05:00),jules,Jules,USA 52300,Baltic 52,52.5 Ft,Thomas Dunn,Belle Haven Club; New York Yacht Club,"Greenwich, CT, USA",PHRF,ToD / ToT,12.0,12.0,2025,2024 Storm Trysail Club Block Island Race; 2024 Vineyard Race; 2025 Storm Trysail Club Block Island Race; 2025 Vineyard Race,,,Not identified from public sources reviewed,,,,https://yachtscoring.com/event_results_detail/50032/1,https://yachtscoring.com/event_scratch_sheet/50032,https://yachtscoring.com/boatdetail/50111/513204,"Overall fleet rank and size come from YachtScoring Race 1 detailed results. The overall fleet is the source-defined racing circle plus rating division, not the individual class.",,,,,,,,,,,,,,,
50032,Storm Trysail Club Block Island Race,2025,"May 23 - 25, 2025",Block Island Racing | PHRF Division,Block Island Racing,PHRF Division,6.0,26,23,Class 7 PHRF,6.0,FINISHED,1:12:53:37,1:08:04:13,05/24/2025 @ 20:59:13 (GMT-05:00),habiru,Habiru,USA 61124,J 121,40.0 Ft,Steve Losik,Bayview Yacht Club,"Great Neck, NY, USA",ORC,APH,15.0,488.1,2026,2025 Around Long Island Regatta; 2025 Storm Trysail Club Block Island Race; 2025 Vineyard Race; 2026 Around Long Island Regatta; 2026 Storm Trysail Club Block Island Race; 2026 Vineyard Race,,,Not identified from public sources reviewed,,,,https://yachtscoring.com/event_results_detail/50032/1,https://yachtscoring.com/event_scratch_sheet/50032,https://yachtscoring.com/boatdetail/50775/522941,"Overall fleet rank and size come from YachtScoring Race 1 detailed results. The overall fleet is the source-defined racing circle plus rating division, not the individual class.",338413878,338413878,HABIRU,Not provided in export,Sailing,12.0,4.0,,Not provided in export,2026-09-04T13:01:42.289Z,2026-09-05T10:32:13.798Z,1063.0,High,"Exact normalized name match, compatible AIS vessel type, and compatible reported length.",Attached AIS_EVENTS_RAW.csv
50032,Storm Trysail Club Block Island Race,2025,"May 23 - 25, 2025",Block Island Racing | PHRF Division,Block Island Racing,PHRF Division,7.0,26,23,Class 7 PHRF,7.0,FINISHED,1:13:13:08,1:07:08:53,05/24/2025 @ 20:03:53 (GMT-05:00),oakclifffarr40blue,Oakcliff Farr 40 Blue,USA 51990,Farr 40 Turbo,40 Ft,Oakcliff Sailing,Oakcliff Sailing,"Oyster Bay, NY, USA",PHRF,ToD / ToT,-6.0,-6.0,2026,2024 Storm Trysail Club Block Island Race; 2025 Storm Trysail Club Block Island Race; 2026 Storm Trysail Club Block Island Race; 2026 Vineyard Race,,,Not identified from public sources reviewed,,,,https://yachtscoring.com/event_results_detail/50032/1,https://yachtscoring.com/event_scratch_sheet/50032,https://yachtscoring.com/boatdetail/50775/526299,"Overall fleet rank and size come from YachtScoring Race 1 detailed results. The overall fleet is the source-defined racing circle plus rating division, not the individual class.",,,,,,,,,,,,,,,
50032,Storm Trysail Club Block Island Race,2025,"May 23 - 25, 2025",Block Island Racing | PHRF Division,Block Island Racing,PHRF Division,15.0,26,23,Class 7 PHRF,8.0,FINISHED,1:15:05:45,1:11:04:00,05/24/2025 @ 23:59:00 (GMT-05:00),hamburgii,Hamburg II,USA 51709,J 46,46 Ft,Albrecht Goethe,Lakewood Yacht Club / Storm Trysail Club,"Seabrook, TX, USA",PHRF,ToD / ToT,33.0,30.0,2026,2024 Storm Trysail Club Block Island Race; 2024 Vineyard Race; 2025 Storm Trysail Club Block Island Race; 2025 Vineyard Race; 2026 Vineyard Race,,,Not identified from public sources reviewed,,,,https://yachtscoring.com/event_results_detail/50032/1,https://yachtscoring.com/event_scratch_sheet/50032,https://yachtscoring.com/boatdetail/50775/527917,"Overall fleet rank and size come from YachtScoring Race 1 detailed results. The overall fleet is the source-defined racing circle plus rating division, not the individual class.",366947050,366947050,HAMBURG II,Not provided in export,Sailing,14.0,4.0,,Not provided in export,2026-09-04T15:44:45.213Z,2026-09-05T11:43:37.498Z,2272.0,High,"Exact normalized name match, compatible AIS vessel type, and compatible reported length.",Attached AIS_EVENTS_RAW.csv
50032,Storm Trysail Club Block Island Race,2025,"May 23 - 25, 2025",Block Island Racing | PHRF Division,Block Island Racing,PHRF Division,,26,23,Class 7 PHRF,9.0,RET,,0:00:00:00,,direwolf,Dire Wolf,USA 12204,J/122,40 Ft,Constantine Baris,Sagamore Yacht Club / New York Yacht Club / Storm Trysail Club / New York Athletic Club Yacht Club,"Locust Valley, NY, USA",ORC,APH,27.0,508.4,2026,2024 Storm Trysail Club Block Island Race; 2024 Vineyard Race; 2025 Storm Trysail Club Block Island Race; 2025 Vineyard Race; 2026 Storm Trysail Club Block Island Race,,,Not identified from public sources reviewed,,,,https://yachtscoring.com/event_results_detail/50032/1,https://yachtscoring.com/event_scratch_sheet/50032,https://yachtscoring.com/boatdetail/50619/517751,"Overall fleet rank and size come from YachtScoring Race 1 detailed results. The overall fleet is the source-defined racing circle plus rating division, not the individual class.",,,,,,,,,,,,,,,
50032,Storm Trysail Club Block Island Race,2025,"May 23 - 25, 2025",Block Island Racing | ToT Division,Block Island Racing,ToT Division,1.0,1,1,Class M MultiHull,1.0,FINISHED,2:00:09:15,1:14:58:09,05/25/2025 @ 03:13:09 (GMT-05:00),daffodil,Daffodil,167,Corsair F31R,31 Ft,Alex Watson,NEMA,"New York, NY, USA",General ToT,ToD / ToT,1.2357,-20.0,2026,2025 Around Long Island Regatta; 2025 Storm Trysail Club Block Island Race; 2026 Storm Trysail Club Block Island Race,,,Not identified from public sources reviewed,,,,https://yachtscoring.com/event_results_detail/50032/1,https://yachtscoring.com/event_scratch_sheet/50032,https://yachtscoring.com/boatdetail/50619/522880,"Overall fleet rank and size come from YachtScoring Race 1 detailed results. The overall fleet is the source-defined racing circle plus rating division, not the individual class.",,,,,,,,,,,,,,,
50032,Storm Trysail Club Block Island Race,2025,"May 23 - 25, 2025",Plum Island Racing | PHRF Division,Plum Island Racing,PHRF Division,1.0,2,1,Class 3 PHRF-PI,1.0,SCP,1:08:01:53,1:09:09:56,05/24/2025 @ 21:24:56 (GMT-05:00),gadzooks,Gadzooks,USA 21108,C&C38,37 Ft,Geoffrey Beringer,The Corinthians,"Darien, CT, USA",PHRF,ToD / ToT,123.0,123.0,2025,2024 Vineyard Race; 2025 Storm Trysail Club Block Island Race; 2025 Vineyard Race,,,Not identified from public sources reviewed,,,,https://yachtscoring.com/event_results_detail/50032/1,https://yachtscoring.com/event_scratch_sheet/50032,https://yachtscoring.com/boatdetail/50111/512427,"Overall fleet rank and size come from YachtScoring Race 1 detailed results. The overall fleet is the source-defined racing circle plus rating division, not the individual class.",,,,,,,,,,,,,,,
50032,Storm Trysail Club Block Island Race,2025,"May 23 - 25, 2025",Plum Island Racing | PHRF Division,Plum Island Racing,PHRF Division,,2,1,Class 3 PHRF-PI,2.0,RET,,0:00:00:00,,soundsgreat,Sound's Great,USA 60665,Jeanneau 409,40,Barry Lenoble,"MSSA, MSYC","Selden, NY, USA",PHRF,ToD / ToT,102.0,102.0,2025,2024 Around Long Island Regatta; 2025 Around Long Island Regatta; 2025 Storm Trysail Club Block Island Race,,,Not identified from public sources reviewed,,,,https://yachtscoring.com/event_results_detail/50032/1,https://yachtscoring.com/event_scratch_sheet/50032,https://yachtscoring.com/boatdetail/50032/505609,"Overall fleet rank and size come from YachtScoring Race 1 detailed results. The overall fleet is the source-defined racing circle plus rating division, not the individual class.",338226417,338226417,SOUNDS GREAT,Not provided in export,Sailing,12.0,4.0,,Not provided in export,2026-09-04T19:26:32.539Z,2026-09-04T19:58:32.78Z,31.0,High,"Exact normalized name match, compatible AIS vessel type, and compatible reported length.",Attached AIS_EVENTS_RAW.csv
50032,Storm Trysail Club Block Island Race,2025,"May 23 - 25, 2025",XDH-Block Island Racing | PHRF Division,XDH-Block Island Racing,PHRF Division,1.0,10,8,Class 3 PHRF-PI,1.0,FINISHED,1:13:06:55,1:11:20:40,05/24/2025 @ 23:25:40 (GMT-05:00),savethesoundx,SAVE THE SOUNDX,USA 167X,J/99,,Doug McKeige & Rich duMoulin,,USA,PHRF,ToD / ToT,69.0,69.0,2025,2025 Storm Trysail Club Block Island Race,,,Not identified from public sources reviewed,,,,https://yachtscoring.com/event_results_detail/50032/1,https://yachtscoring.com/event_scratch_sheet/50032,https://yachtscoring.com/boatdetail/50032/506766,"Overall fleet rank and size come from YachtScoring Race 1 detailed results. The overall fleet is the source-defined racing circle plus rating division, not the individual class.",,,,,,,,,,,,,,,
50032,Storm Trysail Club Block Island Race,2025,"May 23 - 25, 2025",XDH-Block Island Racing | PHRF Division,XDH-Block Island Racing,PHRF Division,2.0,10,8,Class 3 PHRF-PI,2.0,FINISHED,1:13:55:48,1:11:04:18,05/24/2025 @ 23:09:18 (GMT-05:00),bytex,BYTE X,USA 12424X,Sun Fast 3300,,Robert & Libby Alexander,,USA,PHRF,ToD / ToT,51.0,51.0,2025,2025 Storm Trysail Club Block Island Race,,,Not identified from public sources reviewed,,,,https://yachtscoring.com/event_results_detail/50032/1,https://yachtscoring.com/event_scratch_sheet/50032,https://yachtscoring.com/boatdetail/50032/506763,"Overall fleet rank and size come from YachtScoring Race 1 detailed results. The overall fleet is the source-defined racing circle plus rating division, not the individual class.",,,,,,,,,,,,,,,
50032,Storm Trysail Club Block Island Race,2025,"May 23 - 25, 2025",XDH-Block Island Racing | PHRF Division,XDH-Block Island Racing,PHRF Division,3.0,10,8,Class 3 PHRF-PI,3.0,FINISHED,1:14:23:40,1:12:01:51,05/25/2025 @ 00:06:51 (GMT-05:00),stratosx,STRATOSX,USA 15833X,Sun Fast 3300,,Marcus Wunderlich,,USA,PHRF,ToD / ToT,60.0,60.0,2025,2025 Storm Trysail Club Block Island Race,,,Not identified from public sources reviewed,,,,https://yachtscoring.com/event_results_detail/50032/1,https://yachtscoring.com/event_scratch_sheet/50032,https://yachtscoring.com/boatdetail/50032/506765,"Overall fleet rank and size come from YachtScoring Race 1 detailed results. The overall fleet is the source-defined racing circle plus rating division, not the individual class.",,,,,,,,,,,,,,,
50032,Storm Trysail Club Block Island Race,2025,"May 23 - 25, 2025",XDH-Block Island Racing | PHRF Division,XDH-Block Island Racing,PHRF Division,4.0,10,8,Class 3 PHRF-PI,4.0,FINISHED,1:14:35:22,1:12:12:50,05/25/2025 @ 00:17:50 (GMT-05:00),havocx,HAVOC-X,USA 52735X,X-35,35,Stephen Fisk & Paul Craine,,USA,PHRF,ToD / ToT,,,2025,2025 Storm Trysail Club Block Island Race,,,Not identified from public sources reviewed,,,,https://yachtscoring.com/event_results_detail/50032/1,https://yachtscoring.com/event_scratch_sheet/50032,https://yachtscoring.com/boatdetail/50032/507398,"Overall fleet rank and size come from YachtScoring Race 1 detailed results. The overall fleet is the source-defined racing circle plus rating division, not the individual class.",,,,,,,,,,,,,,,
50032,Storm Trysail Club Block Island Race,2025,"May 23 - 25, 2025",XDH-Block Island Racing | PHRF Division,XDH-Block Island Racing,PHRF Division,5.0,10,8,Class 3 PHRF-PI,5.0,FINISHED,1:14:37:37,1:12:57:49,05/25/2025 @ 01:02:49 (GMT-05:00),wizardx,WIZARDX,USA 31X,J/99,,Adam Zakka,,USA,PHRF,ToD / ToT,72.0,72.0,2025,2025 Storm Trysail Club Block Island Race,,,Not identified from public sources reviewed,,,,https://yachtscoring.com/event_results_detail/50032/1,https://yachtscoring.com/event_scratch_sheet/50032,https://yachtscoring.com/boatdetail/50032/506768,"Overall fleet rank and size come from YachtScoring Race 1 detailed results. The overall fleet is the source-defined racing circle plus rating division, not the individual class.",,,,,,,,,,,,,,,
50032,Storm Trysail Club Block Island Race,2025,"May 23 - 25, 2025",XDH-Block Island Racing | PHRF Division,XDH-Block Island Racing,PHRF Division,6.0,10,8,Class 3 PHRF-PI,6.0,FINISHED,1:15:36:23,1:13:54:03,05/25/2025 @ 01:59:03 (GMT-05:00),thinmanx,THIN MANX,USA 24X,J/99,,Todd Aven,,USA,PHRF,ToD / ToT,72.0,72.0,2025,2025 Storm Trysail Club Block Island Race,,,Not identified from public sources reviewed,,,,https://yachtscoring.com/event_results_detail/50032/1,https://yachtscoring.com/event_scratch_sheet/50032,https://yachtscoring.com/boatdetail/50032/506771,"Overall fleet rank and size come from YachtScoring Race 1 detailed results. The overall fleet is the source-defined racing circle plus rating division, not the individual class.",,,,,,,,,,,,,,,
50032,Storm Trysail Club Block Island Race,2025,"May 23 - 25, 2025",XDH-Block Island Racing | PHRF Division,XDH-Block Island Racing,PHRF Division,7.0,10,8,Class 3 PHRF-PI,7.0,FINISHED,1:16:46:31,1:08:25:51,05/24/2025 @ 20:30:51 (GMT-05:00),scowlingdragonx,SCOWLING DRAGON X,USA 200X,Class 40,,Michael Hennessy,,USA,PHRF,ToD / ToT,-33.0,-33.0,2025,2025 Storm Trysail Club Block Island Race,,,Not identified from public sources reviewed,,,,https://yachtscoring.com/event_results_detail/50032/1,https://yachtscoring.com/event_scratch_sheet/50032,https://yachtscoring.com/boatdetail/50032/506762,"Overall fleet rank and size come from YachtScoring Race 1 detailed results. The overall fleet is the source-defined racing circle plus rating division, not the individual class.",,,,,,,,,,,,,,,
50032,Storm Trysail Club Block Island Race,2025,"May 23 - 25, 2025",XDH-Block Island Racing | PHRF Division,XDH-Block Island Racing,PHRF Division,8.0,10,8,Class 3 PHRF-PI,8.0,SCP,1:19:26:57,1:16:10:30,05/25/2025 @ 04:15:30 (GMT-05:00),luckylukex,LUCKY LUKEX,USA 61734X,Pogo 36,,Jean-Marie Bergeal,,USA,PHRF,ToD / ToT,51.0,51.0,2025,2025 Storm Trysail Club Block Island Race,,,Not identified from public sources reviewed,,,,https://yachtscoring.com/event_results_detail/50032/1,https://yachtscoring.com/event_scratch_sheet/50032,https://yachtscoring.com/boatdetail/50032/506914,"Overall fleet rank and size come from YachtScoring Race 1 detailed results. The overall fleet is the source-defined racing circle plus rating division, not the individual class.",,,,,,,,,,,,,,,
50032,Storm Trysail Club Block Island Race,2025,"May 23 - 25, 2025",XDH-Block Island Racing | PHRF Division,XDH-Block Island Racing,PHRF Division,,10,8,Class 3 PHRF-PI,9.0,RET,,0:00:00:00,,lowprofilex,LOW PROFILEx,usa 70330X,Sun Fast 3300,,Chris Benzak,,USA,PHRF,ToD / ToT,51.0,51.0,2025,2025 Storm Trysail Club Block Island Race,,,Not identified from public sources reviewed,,,,https://yachtscoring.com/event_results_detail/50032/1,https://yachtscoring.com/event_scratch_sheet/50032,https://yachtscoring.com/boatdetail/50032/506764,"Overall fleet rank and size come from YachtScoring Race 1 detailed results. The overall fleet is the source-defined racing circle plus rating division, not the individual class.",,,,,,,,,,,,,,,
50032,Storm Trysail Club Block Island Race,2025,"May 23 - 25, 2025",XDH-Block Island Racing | PHRF Division,XDH-Block Island Racing,PHRF Division,,10,8,Class 3 PHRF-PI,10.0,RET,,0:00:00:00,,eclipsex,ECLIPSEX,USA 52386X,Sabre 386,,Marc Berkowitz,,USA,PHRF,ToD / ToT,120.0,120.0,2025,2025 Storm Trysail Club Block Island Race,,,Not identified from public sources reviewed,,,,https://yachtscoring.com/event_results_detail/50032/1,https://yachtscoring.com/event_scratch_sheet/50032,https://yachtscoring.com/boatdetail/50032/506772,"Overall fleet rank and size come from YachtScoring Race 1 detailed results. The overall fleet is the source-defined racing circle plus rating division, not the individual class.",,,,,,,,,,,,,,,
50619,Storm Trysail Club Block Island Race,2026,"May 22 - 24, 2026",Block Island Course Racing | ORC Division,Block Island Course Racing,ORC Division,11.0,34,33,Class 1 ORC-DH,1.0,FINISHED,1:08:23:02,1:11:50:19,05/23/2026 @ 23:55:19 (GMT-05:00),thinman,Thin Man,USA 24,J/99,32.6 Ft,Todd Aven,City Island Yacht Club / Storm Trysail Club,"Brooklyn, NY, USA",PHRF,ToD / ToT,553.2,72.0,2026,2024 Around Long Island Regatta; 2024 Storm Trysail Club Block Island Race; 2024 Vineyard Race; 2025 Storm Trysail Club Block Island Race; 2025 Vineyard Race; 2026 Around Long Island Regatta; 2026 Storm Trysail Club Block Island Race; 2026 Vineyard Race,,,Not identified from public sources reviewed,,,,https://yachtscoring.com/event_results_detail/50619/1,https://yachtscoring.com/event_scratch_sheet/50619,https://yachtscoring.com/boatdetail/50775/522327,"Overall fleet rank and size come from YachtScoring Race 1 detailed results. The overall fleet is the source-defined racing circle plus rating division, not the individual class.",368114910,368114910,THIN MAN,Not provided in export,Sailing,10.0,4.0,,Not provided in export,2026-09-04T12:42:09.782Z,2026-09-05T12:28:11.623Z,2454.0,High,"Exact normalized name match, compatible AIS vessel type, and compatible reported length.",Attached AIS_EVENTS_RAW.csv
50619,Storm Trysail Club Block Island Race,2026,"May 22 - 24, 2026",Block Island Course Racing | ORC Division,Block Island Course Racing,ORC Division,21.0,34,33,Class 1 ORC-DH,2.0,FINISHED,1:09:06:48,1:10:00:53,05/23/2026 @ 22:05:53 (GMT-05:00),abilyn,Abilyn,USA 25559,J 120,40 Ft,Josh Reisberg,Sea Cliff YC / Storm Trysail Club,"Sea Cliff, NY, USA",PHRF,ToD / ToT,510.8,39.0,2026,2024 Around Long Island Regatta; 2025 Around Long Island Regatta; 2026 Around Long Island Regatta; 2026 Storm Trysail Club Block Island Race; 2026 Vineyard Race,,,Not identified from public sources reviewed,,,,https://yachtscoring.com/event_results_detail/50619/1,https://yachtscoring.com/event_scratch_sheet/50619,https://yachtscoring.com/boatdetail/50775/528412,"Overall fleet rank and size come from YachtScoring Race 1 detailed results. The overall fleet is the source-defined racing circle plus rating division, not the individual class.",368042460,368042460,ABILYN,Not provided in export,Sailing,13.0,4.0,,Not provided in export,2026-09-04T11:30:46.363Z,2026-09-05T12:26:08.163Z,2551.0,High,"Exact normalized name match, compatible AIS vessel type, and compatible reported length.",Attached AIS_EVENTS_RAW.csv
50619,Storm Trysail Club Block Island Race,2026,"May 22 - 24, 2026",Block Island Course Racing | ORC Division,Block Island Course Racing,ORC Division,22.0,34,33,Class 1 ORC-DH,3.0,FINISHED,1:09:11:41,1:12:00:39,05/24/2026 @ 00:05:39 (GMT-05:00),stratos,Stratos,USA 15833,Sun Fast 3300,33 Ft,Marcus Wunderlich,Cedar Point Yacht Club,"Jersey City, NJ, USA",ORC,APH,537.3,537.3,2026,2025 Storm Trysail Club Block Island Race; 2025 Vineyard Race; 2026 Storm Trysail Club Block Island Race; 2026 Vineyard Race,,,Not identified from public sources reviewed,,,,https://yachtscoring.com/event_results_detail/50619/1,https://yachtscoring.com/event_scratch_sheet/50619,https://yachtscoring.com/boatdetail/50775/528566,"Overall fleet rank and size come from YachtScoring Race 1 detailed results. The overall fleet is the source-defined racing circle plus rating division, not the individual class.",368404820,368404820,STRATOS,Not provided in export,Sailing,10.0,3.0,,Not provided in export,2026-09-04T12:55:31.188Z,2026-09-06T16:17:39.456Z,1785.0,High,"Exact normalized name match, compatible AIS vessel type, and compatible reported length.",Attached AIS_EVENTS_RAW.csv
50619,Storm Trysail Club Block Island Race,2026,"May 22 - 24, 2026",Block Island Course Racing | ORC Division,Block Island Course Racing,ORC Division,25.0,34,33,Class 1 ORC-DH,4.0,FINISHED,1:09:28:37,1:13:22:46,05/24/2026 @ 01:27:46 (GMT-05:00),eventyr,Eventyr,USA 61668,J/99,32.6 Ft,Michael Kohler,Larchmont Yacht Club,"New York, NY, USA",ORC,APH,554.6,554.6,2026,2025 Storm Trysail Club Block Island Race; 2025 Vineyard Race; 2026 Storm Trysail Club Block Island Race; 2026 Vineyard Race,,,Not identified from public sources reviewed,,,,https://yachtscoring.com/event_results_detail/50619/1,https://yachtscoring.com/event_scratch_sheet/50619,https://yachtscoring.com/boatdetail/50775/529700,"Overall fleet rank and size come from YachtScoring Race 1 detailed results. The overall fleet is the source-defined racing circle plus rating division, not the individual class.",368327540,368327540,EVENTYR,Not provided in export,Sailing,10.0,4.0,,Not provided in export,2026-09-04T12:01:37.671Z,2026-09-05T12:02:49.28Z,1424.0,High,"Exact normalized name match, compatible AIS vessel type, and compatible reported length.",Attached AIS_EVENTS_RAW.csv
50619,Storm Trysail Club Block Island Race,2026,"May 22 - 24, 2026",Block Island Course Racing | ORC Division,Block Island Course Racing,ORC Division,27.0,34,33,Class 1 ORC-DH,5.0,FINISHED,1:09:35:19,1:12:22:44,05/24/2026 @ 00:27:44 (GMT-05:00),velocity2,Velocity2,USA 22,J/99,32.6 Ft,Kevin Marks,Noroton Yacht Club,"Darien, CT, USA",PHRF,ToD / ToT,542.9,72.0,2026,2024 Storm Trysail Club Block Island Race; 2025 Vineyard Race; 2026 Storm Trysail Club Block Island Race; 2026 Vineyard Race,,,Not identified from public sources reviewed,,,,https://yachtscoring.com/event_results_detail/50619/1,https://yachtscoring.com/event_scratch_sheet/50619,https://yachtscoring.com/boatdetail/50775/526397,"Overall fleet rank and size come from YachtScoring Race 1 detailed results. The overall fleet is the source-defined racing circle plus rating division, not the individual class.",338412468,338412468,VELOCITY 2,Not provided in export,Sailing,10.0,3.0,,Not provided in export,2026-09-04T15:46:20.451Z,2026-09-04T17:45:12.721Z,199.0,High,"Exact normalized name match, compatible AIS vessel type, and compatible reported length.",Attached AIS_EVENTS_RAW.csv
50619,Storm Trysail Club Block Island Race,2026,"May 22 - 24, 2026",Block Island Course Racing | ORC Division,Block Island Course Racing,ORC Division,1.0,34,33,Class 6 ORC,1.0,FINISHED,1:06:44:23,1:08:41:16,05/23/2026 @ 21:16:16 (GMT-05:00),christopherdragonxii,Christopher Dragon XII,USA 2277,Italia 11.98,38 Ft,Linda & Andrew Weiss,Storm Trysail Club / Larchmont Yacht Club,"Mamaroneck, NY, USA",ORC,APH,526.2,525.5,2026,2024 Storm Trysail Club Block Island Race; 2024 Vineyard Race; 2025 Storm Trysail Club Block Island Race; 2025 Vineyard Race; 2026 Storm Trysail Club Block Island Race; 2026 Vineyard Race,,338324718; 338441051,"Conflicting public candidates, verify",Low,https://www.marinetraffic.com/en/ais/details/ships/shipid:5683135/mmsi:338324718/imo:0/vessel:CHRISTOPHER_DRAGON; https://globalfishingwatch.org/platform/vessel/98ffbb82-bba49-f1d0-aa9a-36a153c5e354,"Public AIS/GFW results found Christopher Dragon candidates, but neither source proves the XII suffix, owner, or home port match.",https://yachtscoring.com/event_results_detail/50619/1,https://yachtscoring.com/event_scratch_sheet/50619,https://yachtscoring.com/boatdetail/50775/526458,"Overall fleet rank and size come from YachtScoring Race 1 detailed results. The overall fleet is the source-defined racing circle plus rating division, not the individual class.",338324718; 338441051,,,,,,,,,,,,,,
50619,Storm Trysail Club Block Island Race,2026,"May 22 - 24, 2026",Block Island Course Racing | ORC Division,Block Island Course Racing,ORC Division,6.0,34,33,Class 6 ORC,2.0,FINISHED,1:07:37:47,1:09:52:32,05/23/2026 @ 22:27:32 (GMT-05:00),intheory,In Theory,USA 61183,JPK 1080,35.5 Ft,Peter McWhinnie,"LYC, STC, RORC","Larchmont, New York, USA",ORC,APH,528.2,528.2,2026,2024 Storm Trysail Club Block Island Race; 2024 Vineyard Race; 2026 Storm Trysail Club Block Island Race; 2026 Vineyard Race,,,Not identified from public sources reviewed,,,,https://yachtscoring.com/event_results_detail/50619/1,https://yachtscoring.com/event_scratch_sheet/50619,https://yachtscoring.com/boatdetail/50775/528135,"Overall fleet rank and size come from YachtScoring Race 1 detailed results. The overall fleet is the source-defined racing circle plus rating division, not the individual class.",368070090,368070090,IN THEORY,Not provided in export,Sailing,11.0,4.0,,Not provided in export,2026-09-04T13:01:55.789Z,2026-09-05T11:26:06.426Z,1728.0,High,"Exact normalized name match, compatible AIS vessel type, and compatible reported length.",Attached AIS_EVENTS_RAW.csv
50619,Storm Trysail Club Block Island Race,2026,"May 22 - 24, 2026",Block Island Course Racing | ORC Division,Block Island Course Racing,ORC Division,7.0,34,33,Class 6 ORC,3.0,FINISHED,1:07:48:08,1:09:13:15,05/23/2026 @ 21:48:15 (GMT-05:00),groupe5,Groupe 5,USA 26,Mod. Figaro 2,33 Ft,NEKA Sailing /Zachary Doerr,NEKA Sailing,"Newport, RI, USA",ORC,APH,523.5,523.5,2026,2024 Storm Trysail Club Block Island Race; 2024 Vineyard Race; 2025 Storm Trysail Club Block Island Race; 2025 Vineyard Race; 2026 Storm Trysail Club Block Island Race; 2026 Vineyard Race,,,Not identified from public sources reviewed,,,,https://yachtscoring.com/event_results_detail/50619/1,https://yachtscoring.com/event_scratch_sheet/50619,https://yachtscoring.com/boatdetail/50775/530233,"Overall fleet rank and size come from YachtScoring Race 1 detailed results. The overall fleet is the source-defined racing circle plus rating division, not the individual class.",,,,,,,,,,,,,,,
50619,Storm Trysail Club Block Island Race,2026,"May 22 - 24, 2026",Block Island Course Racing | ORC Division,Block Island Course Racing,ORC Division,10.0,34,33,Class 6 ORC,4.0,FINISHED,1:08:03:39,1:09:38:31,05/23/2026 @ 22:13:31 (GMT-05:00),squeezeplay,SqueeZeplay,USA 52240,IMX 40,39’7” Ft,Gregg Brinegar,New York Yacht Club,"Farmington, CT, USA",ORC,APH,517.1,517.1,2026,2024 Storm Trysail Club Block Island Race; 2025 Storm Trysail Club Block Island Race; 2026 Storm Trysail Club Block Island Race,,,Not identified from public sources reviewed,,,,https://yachtscoring.com/event_results_detail/50619/1,https://yachtscoring.com/event_scratch_sheet/50619,https://yachtscoring.com/boatdetail/50619/520412,"Overall fleet rank and size come from YachtScoring Race 1 detailed results. The overall fleet is the source-defined racing circle plus rating division, not the individual class.",,,,,,,,,,,,,,,
50619,Storm Trysail Club Block Island Race,2026,"May 22 - 24, 2026",Block Island Course Racing | ORC Division,Block Island Course Racing,ORC Division,15.0,34,33,Class 6 ORC,5.0,FINISHED,1:08:40:21,1:11:16:06,05/23/2026 @ 23:51:06 (GMT-05:00),savethesound,Save the Sound,USA 167,J/99,32 Ft,Douglas McKeige,American Yacht Club,"Mamaroneck, NY, USA",PHRF,ToD / ToT,546.1,69.0,2026,2025 Storm Trysail Club Block Island Race; 2025 Vineyard Race; 2026 Storm Trysail Club Block Island Race; 2026 Vineyard Race,,,Not identified from public sources reviewed,,,,https://yachtscoring.com/event_results_detail/50619/1,https://yachtscoring.com/event_scratch_sheet/50619,https://yachtscoring.com/boatdetail/50775/529843,"Overall fleet rank and size come from YachtScoring Race 1 detailed results. The overall fleet is the source-defined racing circle plus rating division, not the individual class.",338535733,338535733,SAVE THE SOUND,Not provided in export,Pleasure,10.0,2.0,,Not provided in export,2026-09-04T13:01:48.836Z,2026-09-05T12:07:47.921Z,164.0,High,"Exact normalized name match, compatible AIS vessel type, and compatible reported length.",Attached AIS_EVENTS_RAW.csv
50619,Storm Trysail Club Block Island Race,2026,"May 22 - 24, 2026",Block Island Course Racing | ORC Division,Block Island Course Racing,ORC Division,18.0,34,33,Class 6 ORC,6.0,FINISHED,1:08:49:42,1:12:35:52,05/24/2026 @ 01:10:52 (GMT-05:00),zle,Zèlèe,GBR 1030X,JPK 1030,32 Ft,Lindsey Lind,"RORC, PMYC","Bainbridge Island, WA, USA",ORC,APH,543.2,543.2,2026,2026 Storm Trysail Club Block Island Race,,,Not identified from public sources reviewed,,,,https://yachtscoring.com/event_results_detail/50619/1,https://yachtscoring.com/event_scratch_sheet/50619,https://yachtscoring.com/boatdetail/50619/518694,"Overall fleet rank and size come from YachtScoring Race 1 detailed results. The overall fleet is the source-defined racing circle plus rating division, not the individual class.",,,,,,,,,,,,,,,
50619,Storm Trysail Club Block Island Race,2026,"May 22 - 24, 2026",Block Island Course Racing | ORC Division,Block Island Course Racing,ORC Division,23.0,34,33,Class 6 ORC,7.0,FINISHED,1:09:13:51,1:12:34:54,05/24/2026 @ 01:09:54 (GMT-05:00),sleeper,SLEEPER YCC,USA USA 326,J/105,10.5 M,NEKA SAILING,NEKA Sailing,"Glen Cove, NY, USA",ORC,APH,540.2,540.2,2026,2024 Vineyard Race; 2025 Storm Trysail Club Block Island Race; 2025 Vineyard Race; 2026 Storm Trysail Club Block Island Race; 2026 Vineyard Race,,,Not identified from public sources reviewed,,,,https://yachtscoring.com/event_results_detail/50619/1,https://yachtscoring.com/event_scratch_sheet/50619,https://yachtscoring.com/boatdetail/50775/529673,"Overall fleet rank and size come from YachtScoring Race 1 detailed results. The overall fleet is the source-defined racing circle plus rating division, not the individual class.",,,,,,,,,,,,,,,
50619,Storm Trysail Club Block Island Race,2026,"May 22 - 24, 2026",Block Island Course Racing | ORC Division,Block Island Course Racing,ORC Division,29.0,34,33,Class 6 ORC,8.0,FINISHED,1:09:42:34,1:12:23:15,05/24/2026 @ 00:58:15 (GMT-05:00),blueskies,Blue Skies,USA 44022,Alden Skye,50 Ft,William Gunther,"Essex Yacht Club, NYYC,CCA,STC","Essex, Connecticut, USA",ORC,APH,527.5,527.5,2026,2026 Storm Trysail Club Block Island Race; 2026 Vineyard Race,,,Not identified from public sources reviewed,,,,https://yachtscoring.com/event_results_detail/50619/1,https://yachtscoring.com/event_scratch_sheet/50619,https://yachtscoring.com/boatdetail/50775/528940,"Overall fleet rank and size come from YachtScoring Race 1 detailed results. The overall fleet is the source-defined racing circle plus rating division, not the individual class.",367358490,367358490,BLUE SKIES,Not provided in export,Sailing,17.0,4.0,,Not provided in export,2026-09-04T13:01:49.997Z,2026-09-06T15:33:53.576Z,2481.0,High,"Exact normalized name match, compatible AIS vessel type, and compatible reported length.",Attached AIS_EVENTS_RAW.csv
50619,Storm Trysail Club Block Island Race,2026,"May 22 - 24, 2026",Block Island Course Racing | ORC Division,Block Island Course Racing,ORC Division,31.0,34,33,Class 6 ORC,9.0,FINISHED,1:11:20:27,1:13:29:49,05/24/2026 @ 02:04:49 (GMT-05:00),ragana,Ragana,USA 52238,Cape Fear 38R,38 Ft,Darius Peleda,CPYC,"Westport, CT, USA",ORC,APH,523.2,523.2,2026,2024 Storm Trysail Club Block Island Race; 2024 Vineyard Race; 2025 Vineyard Race; 2026 Storm Trysail Club Block Island Race; 2026 Vineyard Race,,,Not identified from public sources reviewed,,,,https://yachtscoring.com/event_results_detail/50619/1,https://yachtscoring.com/event_scratch_sheet/50619,https://yachtscoring.com/boatdetail/50775/529400,"Overall fleet rank and size come from YachtScoring Race 1 detailed results. The overall fleet is the source-defined racing circle plus rating division, not the individual class.",367613230,367613230,RAGANA,Not provided in export,Sailing,11.0,2.0,,Not provided in export,2026-09-04T13:01:38.321Z,2026-09-05T11:33:53.504Z,1404.0,High,"Exact normalized name match, compatible AIS vessel type, and compatible reported length.",Attached AIS_EVENTS_RAW.csv
50619,Storm Trysail Club Block Island Race,2026,"May 22 - 24, 2026",Block Island Course Racing | ORC Division,Block Island Course Racing,ORC Division,,34,33,Class 6 ORC,10.0,RET,,0:00:00:00,,inisharon,Inisharon,USA 51003,Lyman Morse Seguin 49,50.2 Ft,Jim Murphy,"American Yacht Club, STC, CCA, NYYC","Rye, NY, USA",ORC,APH,537.8,537.8,2026,2024 Storm Trysail Club Block Island Race; 2026 Storm Trysail Club Block Island Race,,,Not identified from public sources reviewed,,,,https://yachtscoring.com/event_results_detail/50619/1,https://yachtscoring.com/event_scratch_sheet/50619,https://yachtscoring.com/boatdetail/50619/521428,"Overall fleet rank and size come from YachtScoring Race 1 detailed results. The overall fleet is the source-defined racing circle plus rating division, not the individual class.",,,,,,,,,,,,,,,
50619,Storm Trysail Club Block Island Race,2026,"May 22 - 24, 2026",Block Island Course Racing | ORC Division,Block Island Course Racing,ORC Division,2.0,34,33,Class 8 ORC,1.0,FINISHED,1:06:48:08,1:07:59:09,05/23/2026 @ 20:54:09 (GMT-05:00),loki,Loki,USA 61220,J/122,40 Ft,David Rosow,Pequot Yacht Club / NYYC,"Fairfield, CT, USA",ORC,APH,511.3,511.3,2026,2024 Storm Trysail Club Block Island Race; 2024 Vineyard Race; 2025 Storm Trysail Club Block Island Race; 2025 Vineyard Race; 2026 Storm Trysail Club Block Island Race; 2026 Vineyard Race,,,Not identified from public sources reviewed,,,,https://yachtscoring.com/event_results_detail/50619/1,https://yachtscoring.com/event_scratch_sheet/50619,https://yachtscoring.com/boatdetail/50775/526362,"Overall fleet rank and size come from YachtScoring Race 1 detailed results. The overall fleet is the source-defined racing circle plus rating division, not the individual class.",368006960,368006960,LOKI,Not provided in export,Sailing,12.0,4.0,,Not provided in export,2026-09-04T15:44:43.847Z,2026-09-05T11:33:13.609Z,1624.0,High,"Exact normalized name match, compatible AIS vessel type, and compatible reported length.",Attached AIS_EVENTS_RAW.csv
50619,Storm Trysail Club Block Island Race,2026,"May 22 - 24, 2026",Block Island Course Racing | ORC Division,Block Island Course Racing,ORC Division,3.0,34,33,Class 8 ORC,2.0,FINISHED,1:07:07:07,1:07:53:37,05/23/2026 @ 20:48:37 (GMT-05:00),zigzag,Zig Zag,USA 12912,J 122,40 Ft,Andrew Clark,"NYYC, IHYC, STC","Greenwich, CT, USA",ORC,APH,503.9,503.9,2026,2024 Storm Trysail Club Block Island Race; 2025 Storm Trysail Club Block Island Race; 2025 Vineyard Race; 2026 Storm Trysail Club Block Island Race,,,Not identified from public sources reviewed,,,,https://yachtscoring.com/event_results_detail/50619/1,https://yachtscoring.com/event_scratch_sheet/50619,https://yachtscoring.com/boatdetail/50619/520819,"Overall fleet rank and size come from YachtScoring Race 1 detailed results. The overall fleet is the source-defined racing circle plus rating division, not the individual class.",,,,,,,,,,,,,,,
50619,Storm Trysail Club Block Island Race,2026,"May 22 - 24, 2026",Block Island Course Racing | ORC Division,Block Island Course Racing,ORC Division,4.0,34,33,Class 8 ORC,3.0,FINISHED,1:07:20:05,1:08:35:10,05/23/2026 @ 21:30:10 (GMT-05:00),quickdraw,Quickdraw,USA 104,J/111,36.5 Ft,Martin Zonnenberg,DIYC/SPYC,"St. Petersburg, FL, USA",ORC,APH,511.2,511.2,2026,2026 Storm Trysail Club Block Island Race,,,Not identified from public sources reviewed,,,,https://yachtscoring.com/event_results_detail/50619/1,https://yachtscoring.com/event_scratch_sheet/50619,https://yachtscoring.com/boatdetail/50619/521826,"Overall fleet rank and size come from YachtScoring Race 1 detailed results. The overall fleet is the source-defined racing circle plus rating division, not the individual class.",,,,,,,,,,,,,,,
50619,Storm Trysail Club Block Island Race,2026,"May 22 - 24, 2026",Block Island Course Racing | ORC Division,Block Island Course Racing,ORC Division,9.0,34,33,Class 8 ORC,4.0,FINISHED,1:08:00:48,1:08:12:12,05/23/2026 @ 21:07:12 (GMT-05:00),skye,Skye,USA 39534,Farr 395,40 Ft,Ty Anderson,Riverside/STC/NYYC,"Riverside, CT, USA",ORC,APH,504.4,504.4,2026,2024 Storm Trysail Club Block Island Race; 2025 Storm Trysail Club Block Island Race; 2026 Storm Trysail Club Block Island Race,,,Not identified from public sources reviewed,,,,https://yachtscoring.com/event_results_detail/50619/1,https://yachtscoring.com/event_scratch_sheet/50619,https://yachtscoring.com/boatdetail/50619/517710,"Overall fleet rank and size come from YachtScoring Race 1 detailed results. The overall fleet is the source-defined racing circle plus rating division, not the individual class.",,,,,,,,,,,,,,,
50619,Storm Trysail Club Block Island Race,2026,"May 22 - 24, 2026",Block Island Course Racing | ORC Division,Block Island Course Racing,ORC Division,12.0,34,33,Class 8 ORC,5.0,FINISHED,1:08:27:31,1:09:08:53,05/23/2026 @ 22:03:53 (GMT-05:00),alibi,Alibi,USA 43968,J/120,40 Ft,John Sartorius,"NYYC, IHYC","Greenwich, CT, USA",PHRF,ToD / ToT,508.6,39.0,2026,2024 Vineyard Race; 2025 Storm Trysail Club Block Island Race; 2025 Vineyard Race; 2026 Storm Trysail Club Block Island Race; 2026 Vineyard Race,,,Not identified from public sources reviewed,,,,https://yachtscoring.com/event_results_detail/50619/1,https://yachtscoring.com/event_scratch_sheet/50619,https://yachtscoring.com/boatdetail/50775/528273,"Overall fleet rank and size come from YachtScoring Race 1 detailed results. The overall fleet is the source-defined racing circle plus rating division, not the individual class.",338532684; 366821680,338532684; 366821680,ALIBI,Not provided in export,Sailing,12.0,4.0,,Not provided in export,2026-09-04T13:01:50.288Z,2026-09-07T12:04:02.449Z,3367.0,Low,"Exact normalized name matched multiple AIS MMSIs; verify using dimensions, owner, or callsign.",Attached AIS_EVENTS_RAW.csv
50619,Storm Trysail Club Block Island Race,2026,"May 22 - 24, 2026",Block Island Course Racing | ORC Division,Block Island Course Racing,ORC Division,13.0,34,33,Class 8 ORC,6.0,FINISHED,1:08:30:39,1:09:28:30,05/23/2026 @ 22:23:30 (GMT-05:00),direwolf,Dire Wolf,USA 12204,J/122,40 Ft,Constantine Baris,Sagamore Yacht Club / New York Yacht Club / Storm Trysail Club / New York Athletic Club Yacht Club,"Locust Valley, NY, USA",ORC,APH,508.4,508.4,2026,2024 Storm Trysail Club Block Island Race; 2024 Vineyard Race; 2025 Storm Trysail Club Block Island Race; 2025 Vineyard Race; 2026 Storm Trysail Club Block Island Race,,,Not identified from public sources reviewed,,,,https://yachtscoring.com/event_results_detail/50619/1,https://yachtscoring.com/event_scratch_sheet/50619,https://yachtscoring.com/boatdetail/50619/517751,"Overall fleet rank and size come from YachtScoring Race 1 detailed results. The overall fleet is the source-defined racing circle plus rating division, not the individual class.",,,,,,,,,,,,,,,
50619,Storm Trysail Club Block Island Race,2026,"May 22 - 24, 2026",Block Island Course Racing | ORC Division,Block Island Course Racing,ORC Division,16.0,34,33,Class 8 ORC,7.0,FINISHED,1:08:40:56,1:09:31:50,05/23/2026 @ 22:26:50 (GMT-05:00),banter,BANTER,USA 61682,Archambault 40RC,39.3 Ft,Matthew Gimple,Cruising Club of America / RORC / SHYC,"Pawcatuck, CT, USA",ORC,APH,506.8,506.8,2026,2024 Storm Trysail Club Block Island Race; 2026 Storm Trysail Club Block Island Race,,,Not identified from public sources reviewed,,,,https://yachtscoring.com/event_results_detail/50619/1,https://yachtscoring.com/event_scratch_sheet/50619,https://yachtscoring.com/boatdetail/50619/519702,"Overall fleet rank and size come from YachtScoring Race 1 detailed results. The overall fleet is the source-defined racing circle plus rating division, not the individual class.",,,,,,,,,,,,,,,
50619,Storm Trysail Club Block Island Race,2026,"May 22 - 24, 2026",Block Island Course Racing | ORC Division,Block Island Course Racing,ORC Division,24.0,34,33,Class 8 ORC,8.0,FINISHED,1:09:18:17,1:09:49:45,05/23/2026 @ 22:44:45 (GMT-05:00),palantir5,Palantir 5,USA 25244,J/44,44 Ft,June & Amanda Kendrick,Lloyd Harbor Yacht Club / Centerport Yacht Club / Storm Trysail Club / New York Yacht Club,"Huntington, NY, USA",ORC,APH,497.9,497.9,2026,2024 Vineyard Race; 2026 Storm Trysail Club Block Island Race,,,Not identified from public sources reviewed,,,,https://yachtscoring.com/event_results_detail/50619/1,https://yachtscoring.com/event_scratch_sheet/50619,https://yachtscoring.com/boatdetail/50619/522206,"Overall fleet rank and size come from YachtScoring Race 1 detailed results. The overall fleet is the source-defined racing circle plus rating division, not the individual class.",,,,,,,,,,,,,,,
50619,Storm Trysail Club Block Island Race,2026,"May 22 - 24, 2026",Block Island Course Racing | ORC Division,Block Island Course Racing,ORC Division,5.0,34,33,Class 11 ORC,1.0,FINISHED,1:07:34:37,1:05:01:42,05/23/2026 @ 18:16:42 (GMT-05:00),arma,ARMA,USA 61211,GP42,42 Ft,Dubois / Eaves / Krow / Roseberry,Larchmont Yacht Club,"Larchmont, NY, USA",ORC,APH,441.4,441.4,2026,2024 Storm Trysail Club Block Island Race; 2024 Vineyard Race; 2025 Storm Trysail Club Block Island Race; 2025 Vineyard Race; 2026 Storm Trysail Club Block Island Race,,,Not identified from public sources reviewed,,,,https://yachtscoring.com/event_results_detail/50619/1,https://yachtscoring.com/event_scratch_sheet/50619,https://yachtscoring.com/boatdetail/50619/521837,"Overall fleet rank and size come from YachtScoring Race 1 detailed results. The overall fleet is the source-defined racing circle plus rating division, not the individual class.",,,,,,,,,,,,,,,
50619,Storm Trysail Club Block Island Race,2026,"May 22 - 24, 2026",Block Island Course Racing | ORC Division,Block Island Course Racing,ORC Division,8.0,34,33,Class 11 ORC,2.0,FINISHED,1:08:00:31,1:07:19:10,05/23/2026 @ 20:34:10 (GMT-05:00),phantom,Phantom,USA 60711,Xp 44,44 Ft,Chris Schoen,"LYC, NYYC, STC","Larchmont, NY, USA",ORC,APH,482.4,482.4,2026,2024 Storm Trysail Club Block Island Race; 2025 Around Long Island Regatta; 2025 Storm Trysail Club Block Island Race; 2025 Vineyard Race; 2026 Around Long Island Regatta; 2026 Storm Trysail Club Block Island Race; 2026 Vineyard Race,,,Not identified from public sources reviewed,,,,https://yachtscoring.com/event_results_detail/50619/1,https://yachtscoring.com/event_scratch_sheet/50619,https://yachtscoring.com/boatdetail/50775/528995,"Overall fleet rank and size come from YachtScoring Race 1 detailed results. The overall fleet is the source-defined racing circle plus rating division, not the individual class.",338242317; 368001170; 368077430,338242317; 368001170; 368077430,PHANTOM,Not provided in export,Sailing,13.0,4.0,,Not provided in export,2026-09-04T13:01:46.597Z,2026-09-05T18:18:29.753Z,1979.0,Low,"Exact normalized name matched multiple AIS MMSIs; verify using dimensions, owner, or callsign.",Attached AIS_EVENTS_RAW.csv
50619,Storm Trysail Club Block Island Race,2026,"May 22 - 24, 2026",Block Island Course Racing | ORC Division,Block Island Course Racing,ORC Division,14.0,34,33,Class 11 ORC,3.0,FINISHED,1:08:31:10,1:07:16:29,05/23/2026 @ 20:31:29 (GMT-05:00),coolbreeze,Cool Breeze,USA 60432,Mills 43,43 Ft,United States Coast Guard Academy,Unuted States Coast Guard Academy Sailing,"New London, CT, USA",ORC,APH,466.5,466.5,2026,2024 Storm Trysail Club Block Island Race; 2026 Storm Trysail Club Block Island Race,,,Not identified from public sources reviewed,,,,https://yachtscoring.com/event_results_detail/50619/1,https://yachtscoring.com/event_scratch_sheet/50619,https://yachtscoring.com/boatdetail/50619/517921,"Overall fleet rank and size come from YachtScoring Race 1 detailed results. The overall fleet is the source-defined racing circle plus rating division, not the individual class.",,,,,,,,,,,,,,,
50619,Storm Trysail Club Block Island Race,2026,"May 22 - 24, 2026",Block Island Course Racing | ORC Division,Block Island Course Racing,ORC Division,17.0,34,33,Class 11 ORC,4.0,FINISHED,1:08:43:09,1:08:31:15,05/23/2026 @ 21:46:15 (GMT-05:00),habiru,Habiru,USA 61124,J 121,40.0 Ft,Steve Losik,Bayview Yacht Club,"Great Neck, NY, USA",ORC,APH,489.0,488.1,2026,2025 Around Long Island Regatta; 2025 Storm Trysail Club Block Island Race; 2025 Vineyard Race; 2026 Around Long Island Regatta; 2026 Storm Trysail Club Block Island Race; 2026 Vineyard Race,,,Not identified from public sources reviewed,,,,https://yachtscoring.com/event_results_detail/50619/1,https://yachtscoring.com/event_scratch_sheet/50619,https://yachtscoring.com/boatdetail/50775/522941,"Overall fleet rank and size come from YachtScoring Race 1 detailed results. The overall fleet is the source-defined racing circle plus rating division, not the individual class.",338413878,338413878,HABIRU,Not provided in export,Sailing,12.0,4.0,,Not provided in export,2026-09-04T13:01:42.289Z,2026-09-05T10:32:13.798Z,1063.0,High,"Exact normalized name match, compatible AIS vessel type, and compatible reported length.",Attached AIS_EVENTS_RAW.csv
50619,Storm Trysail Club Block Island Race,2026,"May 22 - 24, 2026",Block Island Course Racing | ORC Division,Block Island Course Racing,ORC Division,19.0,34,33,Class 11 ORC,5.0,FINISHED,1:08:57:51,1:09:09:11,05/23/2026 @ 22:24:11 (GMT-05:00),touchofgrey,Touch of Grey,USA 68750,J/121,40 Ft,Trevor Roach,Cedar Point Yacht Club,"Stamford, CT, USA",ORC,APH,490.4,490.4,2026,2024 Storm Trysail Club Block Island Race; 2024 Vineyard Race; 2025 Storm Trysail Club Block Island Race; 2025 Vineyard Race; 2026 Storm Trysail Club Block Island Race,,,Not identified from public sources reviewed,,,,https://yachtscoring.com/event_results_detail/50619/1,https://yachtscoring.com/event_scratch_sheet/50619,https://yachtscoring.com/boatdetail/50619/522176,"Overall fleet rank and size come from YachtScoring Race 1 detailed results. The overall fleet is the source-defined racing circle plus rating division, not the individual class.",,,,,,,,,,,,,,,
50619,Storm Trysail Club Block Island Race,2026,"May 22 - 24, 2026",Block Island Course Racing | ORC Division,Block Island Course Racing,ORC Division,20.0,34,33,Class 11 ORC,6.0,FINISHED,1:09:04:50,1:07:38:16,05/23/2026 @ 20:53:16 (GMT-05:00),cougar,Cougar,USA 4900,J/160,53 Ft,Leonard Sitar,Storm Trysail Club / American Yacht Club / New York Yacht Club / Cruising Club of America,"Holmdel, NJ, USA",ORC,APH,464.2,464.2,2026,2024 Storm Trysail Club Block Island Race; 2024 Vineyard Race; 2025 Around Long Island Regatta; 2025 Storm Trysail Club Block Island Race; 2025 Vineyard Race; 2026 Storm Trysail Club Block Island Race; 2026 Vineyard Race,,,Not identified from public sources reviewed,,,,https://yachtscoring.com/event_results_detail/50619/1,https://yachtscoring.com/event_scratch_sheet/50619,https://yachtscoring.com/boatdetail/50775/529646,"Overall fleet rank and size come from YachtScoring Race 1 detailed results. The overall fleet is the source-defined racing circle plus rating division, not the individual class.",303392000,303392000,COUGAR,Not provided in export,Sailing,16.0,4.0,,Not provided in export,2026-09-04T13:01:38.926Z,2026-09-05T11:23:34.441Z,1509.0,High,"Exact normalized name match, compatible AIS vessel type, and compatible reported length.",Attached AIS_EVENTS_RAW.csv
50619,Storm Trysail Club Block Island Race,2026,"May 22 - 24, 2026",Block Island Course Racing | ORC Division,Block Island Course Racing,ORC Division,26.0,34,33,Class 11 ORC,7.0,FINISHED,1:09:33:26,1:08:43:57,05/23/2026 @ 21:58:57 (GMT-05:00),rocksteady,Rocksteady,USA 60492,Xp 44,44 Ft,Baudoin Lorans,Larchmont Yacht Club,"Larchmont, NY, USA",ORC,APH,480.8,480.8,2026,2024 Vineyard Race; 2025 Around Long Island Regatta; 2025 Vineyard Race; 2026 Storm Trysail Club Block Island Race,,,Not identified from public sources reviewed,,,,https://yachtscoring.com/event_results_detail/50619/1,https://yachtscoring.com/event_scratch_sheet/50619,https://yachtscoring.com/boatdetail/50619/518296,"Overall fleet rank and size come from YachtScoring Race 1 detailed results. The overall fleet is the source-defined racing circle plus rating division, not the individual class.",,,,,,,,,,,,,,,
50619,Storm Trysail Club Block Island Race,2026,"May 22 - 24, 2026",Block Island Course Racing | ORC Division,Block Island Course Racing,ORC Division,28.0,34,33,Class 11 ORC,8.0,FINISHED,1:09:39:22,1:08:33:21,05/23/2026 @ 21:48:21 (GMT-05:00),fortissimo,Fortissimo,USA 25,IC37,37 Ft,United States Merchant Marine Academy,KPUSMMA,"Kings Point, NY, USA",ORC,APH,470.5,470.5,2026,2026 Storm Trysail Club Block Island Race,,,Not identified from public sources reviewed,,,,https://yachtscoring.com/event_results_detail/50619/1,https://yachtscoring.com/event_scratch_sheet/50619,https://yachtscoring.com/boatdetail/50619/520611,"Overall fleet rank and size come from YachtScoring Race 1 detailed results. The overall fleet is the source-defined racing circle plus rating division, not the individual class.",,,,,,,,,,,,,,,
50619,Storm Trysail Club Block Island Race,2026,"May 22 - 24, 2026",Block Island Course Racing | ORC Division,Block Island Course Racing,ORC Division,30.0,34,33,Class 11 ORC,9.0,FINISHED,1:10:59:43,1:10:10:06,05/23/2026 @ 23:25:06 (GMT-05:00),katara56,Katara56,CAY 61887,X-Yacht 56,56 Ft,Daniel Griffin,PWYC/NYYC,"Port Washington, NY, USA",PHRF,ToD / ToT,469.0,-15.0,2026,2026 Around Long Island Regatta; 2026 Storm Trysail Club Block Island Race,,,Not identified from public sources reviewed,,,,https://yachtscoring.com/event_results_detail/50619/1,https://yachtscoring.com/event_scratch_sheet/50619,https://yachtscoring.com/boatdetail/50645/522107,"Overall fleet rank and size come from YachtScoring Race 1 detailed results. The overall fleet is the source-defined racing circle plus rating division, not the individual class.",,,,,,,,,,,,,,,
50619,Storm Trysail Club Block Island Race,2026,"May 22 - 24, 2026",Block Island Course Racing | ORC Division,Block Island Course Racing,ORC Division,32.0,34,33,Class 12 ORC,1.0,FINISHED,1:11:59:06,1:01:06:23,05/23/2026 @ 14:31:23 (GMT-05:00),oc86,OC-86,USA 28686,RP 86,86 Ft,Oakcliff Sailing,Oakcliff / Storm Trysail Club,"Oyster Bay, NY, USA",ORC,APH,322.3,322.3,2026,2024 Storm Trysail Club Block Island Race; 2026 Storm Trysail Club Block Island Race,,,Not identified from public sources reviewed,,,,https://yachtscoring.com/event_results_detail/50619/1,https://yachtscoring.com/event_scratch_sheet/50619,https://yachtscoring.com/boatdetail/50619/520652,"Overall fleet rank and size come from YachtScoring Race 1 detailed results. The overall fleet is the source-defined racing circle plus rating division, not the individual class.",,,,,,,,,,,,,,,
50619,Storm Trysail Club Block Island Race,2026,"May 22 - 24, 2026",Block Island Course Racing | ORC Division,Block Island Course Racing,ORC Division,33.0,34,33,Class 12 ORC,2.0,FINISHED,1:12:14:26,1:02:52:15,05/23/2026 @ 16:17:15 (GMT-05:00),temptationoakcliff,Temptation/Oakcliff,USA 119,JV 66,66 Ft,Art Santry Oakcliff Sailing,NYYC/Storm Trysail Club/Oakcliff,"Oyster Bay, NY, USA",ORC,APH,352.6,352.6,2026,2026 Storm Trysail Club Block Island Race,,,Not identified from public sources reviewed,,,,https://yachtscoring.com/event_results_detail/50619/1,https://yachtscoring.com/event_scratch_sheet/50619,https://yachtscoring.com/boatdetail/50619/522794,"Overall fleet rank and size come from YachtScoring Race 1 detailed results. The overall fleet is the source-defined racing circle plus rating division, not the individual class.",,,,,,,,,,,,,,,
50619,Storm Trysail Club Block Island Race,2026,"May 22 - 24, 2026",Block Island Course Racing | PHRF Division,Block Island Course Racing,PHRF Division,10.0,24,23,Class 2 PHRF-DH,1.0,FINISHED,1:13:48:53,1:12:32:09,05/24/2026 @ 00:37:09 (GMT-05:00),youngamerican,Young American,USA 146,J 105,34 Ft,Peter Becker & Adrien Blanc,"NYYC, CCA, American YC, YASA","Rye, NY, USA",PHRF,ToD / ToT,78.0,78.0,2026,2025 Vineyard Race; 2026 Storm Trysail Club Block Island Race; 2026 Vineyard Race,,,Not identified from public sources reviewed,,,,https://yachtscoring.com/event_results_detail/50619/1,https://yachtscoring.com/event_scratch_sheet/50619,https://yachtscoring.com/boatdetail/50775/528918,"Overall fleet rank and size come from YachtScoring Race 1 detailed results. The overall fleet is the source-defined racing circle plus rating division, not the individual class.",,,,,,,,,,,,,,,
50619,Storm Trysail Club Block Island Race,2026,"May 22 - 24, 2026",Block Island Course Racing | PHRF Division,Block Island Course Racing,PHRF Division,11.0,24,23,Class 2 PHRF-DH,2.0,FINISHED,1:13:58:36,1:11:59:24,05/24/2026 @ 00:04:24 (GMT-05:00),sunnyside,Sunny Side,USA 37,J/109,35 Ft,Cary James,Larchmont Yacht Club,"Larchmont, NY, USA",PHRF,ToD / ToT,66.0,66.0,2026,2025 Vineyard Race; 2026 Storm Trysail Club Block Island Race; 2026 Vineyard Race,,,Not identified from public sources reviewed,,,,https://yachtscoring.com/event_results_detail/50619/1,https://yachtscoring.com/event_scratch_sheet/50619,https://yachtscoring.com/boatdetail/50775/523978,"Overall fleet rank and size come from YachtScoring Race 1 detailed results. The overall fleet is the source-defined racing circle plus rating division, not the individual class.",338070361; 338187885,338070361; 338187885,SUNNY SIDE; SUNNYSIDE,Not provided in export,Sailing,13.0,3.0,,Not provided in export,2026-09-04T12:45:57.301Z,2026-09-06T15:01:24.208Z,1727.0,Low,"Exact normalized name matched multiple AIS MMSIs; verify using dimensions, owner, or callsign.",Attached AIS_EVENTS_RAW.csv
50619,Storm Trysail Club Block Island Race,2026,"May 22 - 24, 2026",Block Island Course Racing | PHRF Division,Block Island Course Racing,PHRF Division,15.0,24,23,Class 2 PHRF-DH,3.0,FINISHED,1:14:12:58,1:16:26:56,05/24/2026 @ 04:31:56 (GMT-05:00),midnightrider,Midnight Rider - PMP Strategy,511,J/30,29.92 Ft,Denis Lafarge,SMBSM,"New York, NY, USA",PHRF,ToD / ToT,138.0,141.0,2026,2025 Around Long Island Regatta; 2026 Around Long Island Regatta; 2026 Storm Trysail Club Block Island Race; 2026 Vineyard Race,,,Not identified from public sources reviewed,,,,https://yachtscoring.com/event_results_detail/50619/1,https://yachtscoring.com/event_scratch_sheet/50619,https://yachtscoring.com/boatdetail/50775/529531,"Overall fleet rank and size come from YachtScoring Race 1 detailed results. The overall fleet is the source-defined racing circle plus rating division, not the individual class.",338554109,338554109,MIDNIGHT RIDER,Not provided in export,Sailing,9.0,3.0,,Not provided in export,2026-09-04T00:03:26.939Z,2026-09-07T14:36:24.067Z,217379.0,High,"Exact normalized name match, compatible AIS vessel type, and compatible reported length.",Attached AIS_EVENTS_RAW.csv
50619,Storm Trysail Club Block Island Race,2026,"May 22 - 24, 2026",Block Island Course Racing | PHRF Division,Block Island Course Racing,PHRF Division,3.0,24,23,Class 4 PHRF,1.0,FINISHED,1:12:42:33,1:11:38:11,05/23/2026 @ 23:53:11 (GMT-05:00),cathexis,Cathexis,USA 114,X382,38 Ft,Bryan & Kara Schapperle,NYC / NYYC / STC,"Wilton, CT, USA",PHRF,ToD / ToT,81.0,81.0,2026,2024 Vineyard Race; 2025 Storm Trysail Club Block Island Race; 2025 Vineyard Race; 2026 Storm Trysail Club Block Island Race; 2026 Vineyard Race,,,Not identified from public sources reviewed,,,,https://yachtscoring.com/event_results_detail/50619/1,https://yachtscoring.com/event_scratch_sheet/50619,https://yachtscoring.com/boatdetail/50775/528158,"Overall fleet rank and size come from YachtScoring Race 1 detailed results. The overall fleet is the source-defined racing circle plus rating division, not the individual class.",338249654,338249654,CATHEXIS,Not provided in export,Sailing,12.0,3.0,,Not provided in export,2026-09-04T13:01:41.57Z,2026-09-04T20:39:25.763Z,284.0,High,"Exact normalized name match, compatible AIS vessel type, and compatible reported length.",Attached AIS_EVENTS_RAW.csv
50619,Storm Trysail Club Block Island Race,2026,"May 22 - 24, 2026",Block Island Course Racing | PHRF Division,Block Island Course Racing,PHRF Division,4.0,24,23,Class 4 PHRF,2.0,FINISHED,1:12:47:27,1:11:32:48,05/23/2026 @ 23:47:48 (GMT-05:00),coconspirator,Co-Conspirator,USA 48,J/33,33 Ft,Matt Roleke & Trace Dittenhofer,Toms River Yacht Club,"Jersey City, NJ, USA",PHRF,ToD / ToT,78.0,78.0,2026,2025 Storm Trysail Club Block Island Race; 2026 Storm Trysail Club Block Island Race,,,Not identified from public sources reviewed,,,,https://yachtscoring.com/event_results_detail/50619/1,https://yachtscoring.com/event_scratch_sheet/50619,https://yachtscoring.com/boatdetail/50619/521961,"Overall fleet rank and size come from YachtScoring Race 1 detailed results. The overall fleet is the source-defined racing circle plus rating division, not the individual class.",,,,,,,,,,,,,,,
50619,Storm Trysail Club Block Island Race,2026,"May 22 - 24, 2026",Block Island Course Racing | PHRF Division,Block Island Course Racing,PHRF Division,12.0,24,23,Class 4 PHRF,3.0,FINISHED,1:14:03:24,1:13:38:47,05/24/2026 @ 01:53:47 (GMT-05:00),windfall,Windfall,USA 379,Beneteau 46.1,46 Ft,Shawn Bay,Pequot Yacht Club,"Fairfield, CT, USA",PHRF,ToD / ToT,93.0,93.0,2026,2024 Storm Trysail Club Block Island Race; 2026 Storm Trysail Club Block Island Race,,,Not identified from public sources reviewed,,,,https://yachtscoring.com/event_results_detail/50619/1,https://yachtscoring.com/event_scratch_sheet/50619,https://yachtscoring.com/boatdetail/50619/519044,"Overall fleet rank and size come from YachtScoring Race 1 detailed results. The overall fleet is the source-defined racing circle plus rating division, not the individual class.",338486782,338486782,WINDFALL,Not provided in export,Sailing,14.0,4.0,,Not provided in export,2026-09-04T15:50:03.768Z,2026-09-07T11:40:42.525Z,603.0,High,"Exact normalized name match, compatible AIS vessel type, and compatible reported length.",Attached AIS_EVENTS_RAW.csv
50619,Storm Trysail Club Block Island Race,2026,"May 22 - 24, 2026",Block Island Course Racing | PHRF Division,Block Island Course Racing,PHRF Division,17.0,24,23,Class 4 PHRF,4.0,FINISHED,1:14:36:03,1:14:43:15,05/24/2026 @ 02:58:15 (GMT-05:00),tacktile,Tacktile,USA 56,Sabre 42 CB,42 Ft,Jeffrey Wilson,"Pequot Yacht Club, STC, CCA","Fairfield, CT, USA",PHRF,ToD / ToT,102.0,102.0,2026,2024 Storm Trysail Club Block Island Race; 2024 Vineyard Race; 2025 Storm Trysail Club Block Island Race; 2025 Vineyard Race; 2026 Storm Trysail Club Block Island Race; 2026 Vineyard Race,,,Not identified from public sources reviewed,,,,https://yachtscoring.com/event_results_detail/50619/1,https://yachtscoring.com/event_scratch_sheet/50619,https://yachtscoring.com/boatdetail/50775/528210,"Overall fleet rank and size come from YachtScoring Race 1 detailed results. The overall fleet is the source-defined racing circle plus rating division, not the individual class.",338406561,338406561,TACKTILE,Not provided in export,Sailing,13.0,4.0,,Not provided in export,2026-09-04T15:44:43.69Z,2026-09-05T12:49:10.928Z,2720.0,High,"Exact normalized name match, compatible AIS vessel type, and compatible reported length.",Attached AIS_EVENTS_RAW.csv
50619,Storm Trysail Club Block Island Race,2026,"May 22 - 24, 2026",Block Island Course Racing | PHRF Division,Block Island Course Racing,PHRF Division,19.0,24,23,Class 4 PHRF,5.0,FINISHED,1:14:52:24,1:13:01:07,05/24/2026 @ 01:16:07 (GMT-05:00),fulltilt,FULL TILT,USA 200,J/109,35.2 Ft,Jonathan Thomson,PEQUOT,"FAIRFIELD, CT, USA",PHRF,ToD / ToT,69.0,69.0,2026,2024 Storm Trysail Club Block Island Race; 2024 Vineyard Race; 2026 Storm Trysail Club Block Island Race,,,Not identified from public sources reviewed,,,,https://yachtscoring.com/event_results_detail/50619/1,https://yachtscoring.com/event_scratch_sheet/50619,https://yachtscoring.com/boatdetail/50619/521596,"Overall fleet rank and size come from YachtScoring Race 1 detailed results. The overall fleet is the source-defined racing circle plus rating division, not the individual class.",,,,,,,,,,,,,,,
50619,Storm Trysail Club Block Island Race,2026,"May 22 - 24, 2026",Block Island Course Racing | PHRF Division,Block Island Course Racing,PHRF Division,6.0,24,23,Class 5 PHRF,1.0,FINISHED,1:13:02:30,1:09:54:31,05/23/2026 @ 22:19:31 (GMT-05:00),duet,DUET,USA 51445,J/120,40 Ft,Andy Lubimov,Huguenot YC,"Scarsdale, NY, USA",PHRF,ToD / ToT,45.0,45.0,2026,2024 Around Long Island Regatta; 2024 Storm Trysail Club Block Island Race; 2024 Vineyard Race; 2025 Around Long Island Regatta; 2025 Vineyard Race; 2026 Around Long Island Regatta; 2026 Storm Trysail Club Block Island Race; 2026 Vineyard Race,,,Not identified from public sources reviewed,,,,https://yachtscoring.com/event_results_detail/50619/1,https://yachtscoring.com/event_scratch_sheet/50619,https://yachtscoring.com/boatdetail/50775/529469,"Overall fleet rank and size come from YachtScoring Race 1 detailed results. The overall fleet is the source-defined racing circle plus rating division, not the individual class.",338479036; 338479179,338479036; 338479179,DUET,Not provided in export,Sailing,12.0,2.0,,Not provided in export,2026-09-04T13:01:47.168Z,2026-09-06T15:56:24.176Z,2302.0,Low,"Exact normalized name matched multiple AIS MMSIs; verify using dimensions, owner, or callsign.",Attached AIS_EVENTS_RAW.csv
50619,Storm Trysail Club Block Island Race,2026,"May 22 - 24, 2026",Block Island Course Racing | PHRF Division,Block Island Course Racing,PHRF Division,8.0,24,23,Class 5 PHRF,2.0,FINISHED,1:13:22:18,1:10:33:19,05/23/2026 @ 22:58:19 (GMT-05:00),charlotte,Charlotte,USA 46650,J/120,40 Ft,Richard West,"Stamford YC, NYYC, STC","Darien, CT, USA",PHRF,ToD / ToT,51.0,51.0,2026,2024 Storm Trysail Club Block Island Race; 2024 Vineyard Race; 2025 Storm Trysail Club Block Island Race; 2025 Vineyard Race; 2026 Storm Trysail Club Block Island Race; 2026 Vineyard Race,,,Not identified from public sources reviewed,,,,https://yachtscoring.com/event_results_detail/50619/1,https://yachtscoring.com/event_scratch_sheet/50619,https://yachtscoring.com/boatdetail/50775/521977,"Overall fleet rank and size come from YachtScoring Race 1 detailed results. The overall fleet is the source-defined racing circle plus rating division, not the individual class.",368248080,368248080,CHARLOTTE,Not provided in export,Sailing,12.0,4.0,,Not provided in export,2026-09-04T13:01:40.309Z,2026-09-07T12:34:12.754Z,1984.0,High,"Exact normalized name match, compatible AIS vessel type, and compatible reported length.",Attached AIS_EVENTS_RAW.csv
50619,Storm Trysail Club Block Island Race,2026,"May 22 - 24, 2026",Block Island Course Racing | PHRF Division,Block Island Course Racing,PHRF Division,13.0,24,23,Class 5 PHRF,3.0,FINISHED,1:14:05:25,1:11:55:14,05/24/2026 @ 00:20:14 (GMT-05:00),flyinglady,Flying Lady,USA 50197,Swan 46 Mk 1,47 Ft,Phillip Dickey,Pequot YC,"Guilford, CT, USA",PHRF,ToD / ToT,63.0,63.0,2026,2026 Storm Trysail Club Block Island Race,,,Not identified from public sources reviewed,,,,https://yachtscoring.com/event_results_detail/50619/1,https://yachtscoring.com/event_scratch_sheet/50619,https://yachtscoring.com/boatdetail/50619/520487,"Overall fleet rank and size come from YachtScoring Race 1 detailed results. The overall fleet is the source-defined racing circle plus rating division, not the individual class.",,,,,,,,,,,,,,,
50619,Storm Trysail Club Block Island Race,2026,"May 22 - 24, 2026",Block Island Course Racing | PHRF Division,Block Island Course Racing,PHRF Division,14.0,24,23,Class 5 PHRF,4.0,FINISHED,1:14:12:35,1:10:47:58,05/23/2026 @ 23:12:58 (GMT-05:00),madison,Madison,USA 83293,J/120,40' Ft,Brian Spears,Pequot YC | STC,"Fairfield, CT, USA",PHRF,ToD / ToT,42.0,42.0,2026,2024 Storm Trysail Club Block Island Race; 2024 Vineyard Race; 2025 Storm Trysail Club Block Island Race; 2025 Vineyard Race; 2026 Storm Trysail Club Block Island Race; 2026 Vineyard Race,,,Not identified from public sources reviewed,,,,https://yachtscoring.com/event_results_detail/50619/1,https://yachtscoring.com/event_scratch_sheet/50619,https://yachtscoring.com/boatdetail/50775/529464,"Overall fleet rank and size come from YachtScoring Race 1 detailed results. The overall fleet is the source-defined racing circle plus rating division, not the individual class.",367704280,367704280,MADISON,Not provided in export,Sailing,12.0,4.0,,Not provided in export,2026-09-04T13:01:49.41Z,2026-09-05T11:30:21.564Z,1781.0,High,"Exact normalized name match, compatible AIS vessel type, and compatible reported length.",Attached AIS_EVENTS_RAW.csv
50619,Storm Trysail Club Block Island Race,2026,"May 22 - 24, 2026",Block Island Course Racing | PHRF Division,Block Island Course Racing,PHRF Division,16.0,24,23,Class 5 PHRF,5.0,FINISHED,1:14:36:01,1:11:09:18,05/23/2026 @ 23:34:18 (GMT-05:00),speck,Speck,USA 59916,J/120,40 Ft,William Klein,Norwalk Yacht Club,"Rowayton, CT, USA",PHRF,ToD / ToT,42.0,42.0,2026,2024 Vineyard Race; 2025 Vineyard Race; 2026 Storm Trysail Club Block Island Race; 2026 Vineyard Race,,,Not identified from public sources reviewed,,,,https://yachtscoring.com/event_results_detail/50619/1,https://yachtscoring.com/event_scratch_sheet/50619,https://yachtscoring.com/boatdetail/50775/526303,"Overall fleet rank and size come from YachtScoring Race 1 detailed results. The overall fleet is the source-defined racing circle plus rating division, not the individual class.",368182170,368182170,SPECK,Not provided in export,Pleasure,12.0,4.0,,Not provided in export,2026-09-04T13:01:49.728Z,2026-09-05T11:30:05.683Z,1732.0,High,"Exact normalized name match, compatible AIS vessel type, and compatible reported length.",Attached AIS_EVENTS_RAW.csv
50619,Storm Trysail Club Block Island Race,2026,"May 22 - 24, 2026",Block Island Course Racing | PHRF Division,Block Island Course Racing,PHRF Division,22.0,24,23,Class 5 PHRF,6.0,FINISHED,1:16:21:04,1:13:52:01,05/24/2026 @ 02:17:01 (GMT-05:00),elan,Elan,CGA 10,Nautor Swan 53,53 Ft,US Coast Guard Academy,USCGA Sailing,"New London, CT, USA",PHRF,ToD / ToT,60.0,60.0,2026,2026 Storm Trysail Club Block Island Race,,,Not identified from public sources reviewed,,,,https://yachtscoring.com/event_results_detail/50619/1,https://yachtscoring.com/event_scratch_sheet/50619,https://yachtscoring.com/boatdetail/50619/517922,"Overall fleet rank and size come from YachtScoring Race 1 detailed results. The overall fleet is the source-defined racing circle plus rating division, not the individual class.",338482844,338482844,ELAN,Not provided in export,Sailing,11.0,4.0,,Not provided in export,2026-09-05T16:04:18.051Z,2026-09-05T17:50:45.262Z,177.0,Low,"Exact normalized name match, but AIS reported length or type conflicts with the race entry.",Attached AIS_EVENTS_RAW.csv
50619,Storm Trysail Club Block Island Race,2026,"May 22 - 24, 2026",Block Island Course Racing | PHRF Division,Block Island Course Racing,PHRF Division,1.0,24,23,Class 7 PHRF,1.0,FINISHED,1:12:08:18,1:08:24:50,05/23/2026 @ 21:09:50 (GMT-05:00),blitzen,Blitzen,USA 46,J130SD,42 Ft,John Storck Jr,"Storm Trysail Club, CCA, CYC, LHYC","Huntington, NY, USA",PHRF,ToD / ToT,33.0,33.0,2026,2024 Storm Trysail Club Block Island Race; 2025 Storm Trysail Club Block Island Race; 2026 Storm Trysail Club Block Island Race,,,Not identified from public sources reviewed,,,,https://yachtscoring.com/event_results_detail/50619/1,https://yachtscoring.com/event_scratch_sheet/50619,https://yachtscoring.com/boatdetail/50619/520342,"Overall fleet rank and size come from YachtScoring Race 1 detailed results. The overall fleet is the source-defined racing circle plus rating division, not the individual class.",,,,,,,,,,,,,,,
50619,Storm Trysail Club Block Island Race,2026,"May 22 - 24, 2026",Block Island Course Racing | PHRF Division,Block Island Course Racing,PHRF Division,2.0,24,23,Class 7 PHRF,2.0,FINISHED,1:12:27:14,1:08:11:30,05/23/2026 @ 20:56:30 (GMT-05:00),lioness,Lioness,USA 38007,Sydney 38,38 Ft,Lion Sailing Sailmakers,"Lion Racing, HYC","NYC, NY, USA",PHRF,ToD / ToT,24.0,24.0,2026,2026 Around Long Island Regatta; 2026 Storm Trysail Club Block Island Race; 2026 Vineyard Race,,,Not identified from public sources reviewed,,,,https://yachtscoring.com/event_results_detail/50619/1,https://yachtscoring.com/event_scratch_sheet/50619,https://yachtscoring.com/boatdetail/50775/528713,"Overall fleet rank and size come from YachtScoring Race 1 detailed results. The overall fleet is the source-defined racing circle plus rating division, not the individual class.",,,,,,,,,,,,,,,
50619,Storm Trysail Club Block Island Race,2026,"May 22 - 24, 2026",Block Island Course Racing | PHRF Division,Block Island Course Racing,PHRF Division,5.0,24,23,Class 7 PHRF,3.0,FINISHED,1:12:51:21,1:08:43:02,05/23/2026 @ 21:28:02 (GMT-05:00),summergrace,Summer Grace,USA 12235,J/122,40.0 Ft,Kevin Kelley,Riverside Yacht Club/NYYC,"Riverside, CT, USA",PHRF,ToD / ToT,27.0,27.0,2026,2024 Storm Trysail Club Block Island Race; 2026 Storm Trysail Club Block Island Race,,,Not identified from public sources reviewed,,,,https://yachtscoring.com/event_results_detail/50619/1,https://yachtscoring.com/event_scratch_sheet/50619,https://yachtscoring.com/boatdetail/50619/522041,"Overall fleet rank and size come from YachtScoring Race 1 detailed results. The overall fleet is the source-defined racing circle plus rating division, not the individual class.",,,,,,,,,,,,,,,
50619,Storm Trysail Club Block Island Race,2026,"May 22 - 24, 2026",Block Island Course Racing | PHRF Division,Block Island Course Racing,PHRF Division,7.0,24,23,Class 7 PHRF,4.0,FINISHED,1:13:04:54,1:08:44:46,05/23/2026 @ 21:29:46 (GMT-05:00),fireball,Fireball,USA 16,J/111,36.5 Ft,Bill & Jackie Baxter,Riverside Yacht Club / STC / NYYC,"Stamford, CT, USA",PHRF,ToD / ToT,24.0,24.0,2026,2024 Storm Trysail Club Block Island Race; 2024 Vineyard Race; 2025 Storm Trysail Club Block Island Race; 2025 Vineyard Race; 2026 Storm Trysail Club Block Island Race,,,Not identified from public sources reviewed,,,,https://yachtscoring.com/event_results_detail/50619/1,https://yachtscoring.com/event_scratch_sheet/50619,https://yachtscoring.com/boatdetail/50619/521095,"Overall fleet rank and size come from YachtScoring Race 1 detailed results. The overall fleet is the source-defined racing circle plus rating division, not the individual class.",,,,,,,,,,,,,,,
50619,Storm Trysail Club Block Island Race,2026,"May 22 - 24, 2026",Block Island Course Racing | PHRF Division,Block Island Course Racing,PHRF Division,21.0,24,23,Class 7 PHRF,5.0,FINISHED,1:15:09:27,1:10:45:37,05/23/2026 @ 23:30:37 (GMT-05:00),comet,Comet,USA 43600,J44,44 Ft,United States Merchant Marine Academy,KPUSMMA,"Kings Point, NY, USA",PHRF,ToD / ToT,27.0,27.0,2026,2024 Storm Trysail Club Block Island Race; 2024 Vineyard Race; 2026 Storm Trysail Club Block Island Race,,,Not identified from public sources reviewed,,,,https://yachtscoring.com/event_results_detail/50619/1,https://yachtscoring.com/event_scratch_sheet/50619,https://yachtscoring.com/boatdetail/50619/518597,"Overall fleet rank and size come from YachtScoring Race 1 detailed results. The overall fleet is the source-defined racing circle plus rating division, not the individual class.",,,,,,,,,,,,,,,
50619,Storm Trysail Club Block Island Race,2026,"May 22 - 24, 2026",Block Island Course Racing | PHRF Division,Block Island Course Racing,PHRF Division,23.0,24,23,Class 7 PHRF,6.0,FINISHED,1:17:31:38,1:12:05:53,05/24/2026 @ 00:50:53 (GMT-05:00),scylla,Scylla,USA 60739,Dehler 46,47 Ft,Markus Lahrkamp,American Yacht Club,"Rye, NY, USA",PHRF,ToD / ToT,15.0,15.0,2026,2024 Storm Trysail Club Block Island Race; 2024 Vineyard Race; 2025 Vineyard Race; 2026 Storm Trysail Club Block Island Race,,,Not identified from public sources reviewed,,,,https://yachtscoring.com/event_results_detail/50619/1,https://yachtscoring.com/event_scratch_sheet/50619,https://yachtscoring.com/boatdetail/50619/521108,"Overall fleet rank and size come from YachtScoring Race 1 detailed results. The overall fleet is the source-defined racing circle plus rating division, not the individual class.",,,,,,,,,,,,,,,
50619,Storm Trysail Club Block Island Race,2026,"May 22 - 24, 2026",Block Island Course Racing | PHRF Division,Block Island Course Racing,PHRF Division,9.0,24,23,Class 9 PHRF,1.0,FINISHED,1:13:33:11,1:07:25:40,05/23/2026 @ 20:30:40 (GMT-05:00),oakclifffarr40blue,Oakcliff Farr 40 Blue,USA 51990,Farr 40 Turbo,40 Ft,Oakcliff Sailing,Oakcliff Sailing,"Oyster Bay, NY, USA",PHRF,ToD / ToT,-6.0,-6.0,2026,2024 Storm Trysail Club Block Island Race; 2025 Storm Trysail Club Block Island Race; 2026 Storm Trysail Club Block Island Race; 2026 Vineyard Race,,,Not identified from public sources reviewed,,,,https://yachtscoring.com/event_results_detail/50619/1,https://yachtscoring.com/event_scratch_sheet/50619,https://yachtscoring.com/boatdetail/50775/526299,"Overall fleet rank and size come from YachtScoring Race 1 detailed results. The overall fleet is the source-defined racing circle plus rating division, not the individual class.",,,,,,,,,,,,,,,
50619,Storm Trysail Club Block Island Race,2026,"May 22 - 24, 2026",Block Island Course Racing | PHRF Division,Block Island Course Racing,PHRF Division,18.0,24,23,Class 9 PHRF,2.0,FINISHED,1:14:50:36,1:08:30:27,05/23/2026 @ 21:35:27 (GMT-05:00),oakclifffarr40red,Oakcliff Farr 40 Red,USA 46597,Farr 40 Turbo,40 Ft,Oakcliff Sailing,Oakcliff Sailing,"Oyster Bay, NY, USA",PHRF,ToD / ToT,-6.0,-6.0,2026,2026 Storm Trysail Club Block Island Race; 2026 Vineyard Race,,,Not identified from public sources reviewed,,,,https://yachtscoring.com/event_results_detail/50619/1,https://yachtscoring.com/event_scratch_sheet/50619,https://yachtscoring.com/boatdetail/50775/526301,"Overall fleet rank and size come from YachtScoring Race 1 detailed results. The overall fleet is the source-defined racing circle plus rating division, not the individual class.",338319255,338319255,OAKCLIFF FARR40 RED,Not provided in export,Sailing,12.0,4.0,,Not provided in export,2026-09-04T15:56:51.638Z,2026-09-04T23:59:21.696Z,536.0,High,"Exact normalized name match, compatible AIS vessel type, and compatible reported length.",Attached AIS_EVENTS_RAW.csv
50619,Storm Trysail Club Block Island Race,2026,"May 22 - 24, 2026",Block Island Course Racing | PHRF Division,Block Island Course Racing,PHRF Division,20.0,24,23,Class 9 PHRF,3.0,FINISHED,1:14:56:20,1:07:52:12,05/23/2026 @ 20:57:12 (GMT-05:00),max,Max,USA 75050,Pogo 50,50 Ft,Moritz Hilf,New York Yacht Club / American Yacht Club / Storm Trysail Club,"New York, NY, USA",PHRF,ToD / ToT,-18.0,-18.0,2026,2024 Around Long Island Regatta; 2024 Storm Trysail Club Block Island Race; 2025 Around Long Island Regatta; 2026 Around Long Island Regatta; 2026 Storm Trysail Club Block Island Race; 2026 Vineyard Race,,,Not identified from public sources reviewed,,,,https://yachtscoring.com/event_results_detail/50619/1,https://yachtscoring.com/event_scratch_sheet/50619,https://yachtscoring.com/boatdetail/50775/529465,"Overall fleet rank and size come from YachtScoring Race 1 detailed results. The overall fleet is the source-defined racing circle plus rating division, not the individual class.",368146320,368146320,MAX,Not provided in export,Sailing,15.0,5.0,,Not provided in export,2026-09-04T12:38:38.982Z,2026-09-05T10:31:55.796Z,1238.0,High,"Exact normalized name match, compatible AIS vessel type, and compatible reported length.",Attached AIS_EVENTS_RAW.csv
50619,Storm Trysail Club Block Island Race,2026,"May 22 - 24, 2026",Block Island Course Racing | PHRF Division,Block Island Course Racing,PHRF Division,,24,23,Class 10 MultiHull,1.0,DNC,,0:00:00:00,,daffodil,Daffodil,167,Corsair F31R,31 Ft,Alex Watson,NEMA,"New York, NY, USA",General ToT,ToD / ToT,-20.0,-20.0,2026,2025 Around Long Island Regatta; 2025 Storm Trysail Club Block Island Race; 2026 Storm Trysail Club Block Island Race,,,Not identified from public sources reviewed,,,,https://yachtscoring.com/event_results_detail/50619/1,https://yachtscoring.com/event_scratch_sheet/50619,https://yachtscoring.com/boatdetail/50619/522880,"Overall fleet rank and size come from YachtScoring Race 1 detailed results. The overall fleet is the source-defined racing circle plus rating division, not the individual class.",,,,,,,,,,,,,,,
50619,Storm Trysail Club Block Island Race,2026,"May 22 - 24, 2026",Block Island Course-Cows Finish Racing | ORC Division,Block Island Course-Cows Finish Racing,ORC Division,1.0,1,1,Class 13 ORC-CF,1.0,FINISHED,1:09:01:07,0:21:03:57,05/23/2026 @ 10:28:57 (GMT-05:00),lucky,Lucky,USA 2872,Juan K 88,88 Ft,Bryon Ehrhart,New York Yacht Club,"Chicago, IL, USA",ORC,APH,280.2,280.2,2026,2026 Storm Trysail Club Block Island Race,,,Not identified from public sources reviewed,,,,https://yachtscoring.com/event_results_detail/50619/1,https://yachtscoring.com/event_scratch_sheet/50619,https://yachtscoring.com/boatdetail/50619/522515,"Overall fleet rank and size come from YachtScoring Race 1 detailed results. The overall fleet is the source-defined racing circle plus rating division, not the individual class.",368065230,368065230,LUCKY,Not provided in export,Pleasure,,5.0,,Not provided in export,2026-09-05T10:06:12.222Z,2026-09-05T19:34:45.321Z,817.0,High,"Exact normalized name match, compatible AIS vessel type, and compatible reported length.",Attached AIS_EVENTS_RAW.csv
50619,Storm Trysail Club Block Island Race,2026,"May 22 - 24, 2026",Plum Island Course Racing | PHRF Division,Plum Island Course Racing,PHRF Division,1.0,2,1,Class 3 PHRF-PI,1.0,FINISHED,1:09:59:02,1:11:11:14,05/23/2026 @ 23:26:14 (GMT-05:00),mxm,MXM,B36,Bavaria 36,36 Ft,Roman Brushtein,Hempstead Bay Sailing Club,"Hewlett, NY, USA",PHRF,ToD / ToT,123.0,123.0,2026,2026 Storm Trysail Club Block Island Race,,,Not identified from public sources reviewed,,,,https://yachtscoring.com/event_results_detail/50619/1,https://yachtscoring.com/event_scratch_sheet/50619,https://yachtscoring.com/boatdetail/50619/520823,"Overall fleet rank and size come from YachtScoring Race 1 detailed results. The overall fleet is the source-defined racing circle plus rating division, not the individual class.",,,,,,,,,,,,,,,
50619,Storm Trysail Club Block Island Race,2026,"May 22 - 24, 2026",Plum Island Course Racing | PHRF Division,Plum Island Course Racing,PHRF Division,,2,1,Class 3 PHRF-PI,2.0,RET,,0:00:00:00,,towhee,Towhee,USA 1781,Cal 40,39.25 Ft,Paul Jennings,"CCA, OSC, NYYC","Branford, CT, USA",PHRF,ToD / ToT,120.0,120.0,2026,2024 Storm Trysail Club Block Island Race; 2025 Around Long Island Regatta; 2026 Storm Trysail Club Block Island Race,,,Not identified from public sources reviewed,,,,https://yachtscoring.com/event_results_detail/50619/1,https://yachtscoring.com/event_scratch_sheet/50619,https://yachtscoring.com/boatdetail/50619/519140,"Overall fleet rank and size come from YachtScoring Race 1 detailed results. The overall fleet is the source-defined racing circle plus rating division, not the individual class.",,,,,,,,,,,,,,,
16572,Vineyard Race,2024,"August 30 - September 2, 2024",Cornfield Point Racing | PHRF Division,Cornfield Point Racing,PHRF Division,4.0,12,7,Class 1 PHRF-DH,1.0,FINISHED,1:03:13:47,1:05:19:24,08/31/2024 @ 17:24:24 (GMT-05:00),triton,Triton,84,Tartan 34-2,34 Ft,Mike Sullivan,Yralis,"Fairfield, CT, USA",PHRF,ToD / ToT,150.0,150.0,2026,2024 Vineyard Race; 2026 Vineyard Race,,,Not identified from public sources reviewed,,,,https://yachtscoring.com/event_results_detail/16572/1,https://yachtscoring.com/event_scratch_sheet/16572,https://yachtscoring.com/boatdetail/50775/530029,"Overall fleet rank and size come from YachtScoring Race 1 detailed results. The overall fleet is the source-defined racing circle plus rating division, not the individual class.",338319551; 338573438,338319551; 338573438,TRITON,Not provided in export,Sailing,11.0,4.0,,Not provided in export,2026-09-04T13:01:48.77Z,2026-09-06T00:18:25.849Z,2421.0,Low,"Exact normalized name matched multiple AIS MMSIs; verify using dimensions, owner, or callsign.",Attached AIS_EVENTS_RAW.csv
16572,Vineyard Race,2024,"August 30 - September 2, 2024",Cornfield Point Racing | PHRF Division,Cornfield Point Racing,PHRF Division,5.0,12,7,Class 1 PHRF-DH,2.0,FINISHED,1:03:18:38,1:07:10:35,08/31/2024 @ 19:15:35 (GMT-05:00),chikara,Chikara,USA 0037,Cal 28-2,28.25 Ft,Vlad Mironenko,Sheepshead Bay Yacht Club,"Brooklyn, New York, USA",PHRF,ToD / ToT,192.0,195.0,2026,2024 Vineyard Race; 2026 Vineyard Race,,,Not identified from public sources reviewed,,,,https://yachtscoring.com/event_results_detail/16572/1,https://yachtscoring.com/event_scratch_sheet/16572,https://yachtscoring.com/boatdetail/50775/526377,"Overall fleet rank and size come from YachtScoring Race 1 detailed results. The overall fleet is the source-defined racing circle plus rating division, not the individual class.",,,,,,,,,,,,,,,
16572,Vineyard Race,2024,"August 30 - September 2, 2024",Cornfield Point Racing | PHRF Division,Cornfield Point Racing,PHRF Division,,12,7,Class 1 PHRF-DH,3.0,DNS,,0:00:00:00,,jamala,Jamala,USA 1358,J-24,24,Hamish & Lauren Young,Old Greenwich YC,"Old Greenwich, CT, USA",PHRF,ToD / ToT,174.0,174.0,2024,2024 Vineyard Race,,,Not identified from public sources reviewed,,,,https://yachtscoring.com/event_results_detail/16572/1,https://yachtscoring.com/event_scratch_sheet/16572,https://yachtscoring.com/boatdetail/16572/304513,"Overall fleet rank and size come from YachtScoring Race 1 detailed results. The overall fleet is the source-defined racing circle plus rating division, not the individual class.",,,,,,,,,,,,,,,
16572,Vineyard Race,2024,"August 30 - September 2, 2024",Cornfield Point Racing | PHRF Division,Cornfield Point Racing,PHRF Division,7.0,12,7,Class 2 PHRF-NS,1.0,FINISHED,1:05:10:22,1:04:51:30,08/31/2024 @ 16:56:30 (GMT-05:00),iris,Iris,25567,Sabre426,42’6” Ft,Lee Backus,SHYC,"Westport, CT, USA",PHRF,ToD / ToT,93.0,99.0,2026,2024 Vineyard Race; 2025 Vineyard Race; 2026 Vineyard Race,,,Not identified from public sources reviewed,,,,https://yachtscoring.com/event_results_detail/16572/1,https://yachtscoring.com/event_scratch_sheet/16572,https://yachtscoring.com/boatdetail/50775/528985,"Overall fleet rank and size come from YachtScoring Race 1 detailed results. The overall fleet is the source-defined racing circle plus rating division, not the individual class.",338492882,338492882,IRIS,Not provided in export,Sailing,13.0,4.0,,Not provided in export,2026-09-04T13:01:37.249Z,2026-09-05T04:33:20.349Z,2004.0,High,"Exact normalized name match, compatible AIS vessel type, and compatible reported length.",Attached AIS_EVENTS_RAW.csv
16572,Vineyard Race,2024,"August 30 - September 2, 2024",Cornfield Point Racing | PHRF Division,Cornfield Point Racing,PHRF Division,,12,7,Class 2 PHRF-NS,2.0,DNS,,0:00:00:00,,kekoa,Kekoa,131313,Tartan 38,11.5 M,Luke Wakeman,Ponus Yacht Club,"Halifax, NS, Canada",PHRF,ToD / ToT,117.0,117.0,2025,2024 Vineyard Race; 2025 Vineyard Race,,,Not identified from public sources reviewed,,,,https://yachtscoring.com/event_results_detail/16572/1,https://yachtscoring.com/event_scratch_sheet/16572,https://yachtscoring.com/boatdetail/50111/513158,"Overall fleet rank and size come from YachtScoring Race 1 detailed results. The overall fleet is the source-defined racing circle plus rating division, not the individual class.",,,,,,,,,,,,,,,
16572,Vineyard Race,2024,"August 30 - September 2, 2024",Cornfield Point Racing | PHRF Division,Cornfield Point Racing,PHRF Division,,12,7,Class 2 PHRF-NS,3.0,RET,,1:06:17:25,08/31/2024 @ 18:22:25 (GMT-05:00),terranova,Terra Nova,0127,Hunter 33,33 Ft,Alexander Malochka,none,"Brooklyn, NY, USA",PHRF,ToD / ToT,159.0,159.0,2025,2024 Around Long Island Regatta; 2024 Vineyard Race; 2025 Around Long Island Regatta; 2025 Vineyard Race,,,Not identified from public sources reviewed,,,,https://yachtscoring.com/event_results_detail/16572/1,https://yachtscoring.com/event_scratch_sheet/16572,https://yachtscoring.com/boatdetail/50111/510427,"Overall fleet rank and size come from YachtScoring Race 1 detailed results. The overall fleet is the source-defined racing circle plus rating division, not the individual class.",,,,,,,,,,,,,,,
16572,Vineyard Race,2024,"August 30 - September 2, 2024",Cornfield Point Racing | PHRF Division,Cornfield Point Racing,PHRF Division,1.0,12,7,Class 3 PHRF,1.0,FINISHED,0:23:49:42,1:01:06:41,08/31/2024 @ 13:11:41 (GMT-05:00),bounce,Bounce,USA 32410,J/30,30,Blaine Davis / Melih Bagdatli,MICA,"Ridgewood, NY, USA",PHRF,ToD / ToT,135.0,135.0,2024,2024 Vineyard Race,,,Not identified from public sources reviewed,,,,https://yachtscoring.com/event_results_detail/16572/1,https://yachtscoring.com/event_scratch_sheet/16572,https://yachtscoring.com/boatdetail/16572/297233,"Overall fleet rank and size come from YachtScoring Race 1 detailed results. The overall fleet is the source-defined racing circle plus rating division, not the individual class.",,,,,,,,,,,,,,,
16572,Vineyard Race,2024,"August 30 - September 2, 2024",Cornfield Point Racing | PHRF Division,Cornfield Point Racing,PHRF Division,2.0,12,7,Class 3 PHRF,2.0,FINISHED,0:23:56:35,0:23:34:31,08/31/2024 @ 11:39:31 (GMT-05:00),slingshot,Slingshot,USA 747,Melges24,24 Ft,Wes Whitmyer Jr,Stamford YC,"Stamford, CT, USA",PHRF,ToD / ToT,90.0,90.0,2025,2024 Vineyard Race; 2025 Vineyard Race,,,Not identified from public sources reviewed,,,,https://yachtscoring.com/event_results_detail/16572/1,https://yachtscoring.com/event_scratch_sheet/16572,https://yachtscoring.com/boatdetail/50111/513225,"Overall fleet rank and size come from YachtScoring Race 1 detailed results. The overall fleet is the source-defined racing circle plus rating division, not the individual class.",,,,,,,,,,,,,,,
16572,Vineyard Race,2024,"August 30 - September 2, 2024",Cornfield Point Racing | PHRF Division,Cornfield Point Racing,PHRF Division,3.0,12,7,Class 3 PHRF,3.0,FINISHED,1:00:43:46,1:01:36:19,08/31/2024 @ 13:41:19 (GMT-05:00),gadzooks,Gadzooks,USA 21108,C&C38,37 Ft,Geoffrey Beringer,The Corinthians,"Darien, CT, USA",PHRF,ToD / ToT,123.0,123.0,2025,2024 Vineyard Race; 2025 Storm Trysail Club Block Island Race; 2025 Vineyard Race,,,Not identified from public sources reviewed,,,,https://yachtscoring.com/event_results_detail/16572/1,https://yachtscoring.com/event_scratch_sheet/16572,https://yachtscoring.com/boatdetail/50111/512427,"Overall fleet rank and size come from YachtScoring Race 1 detailed results. The overall fleet is the source-defined racing circle plus rating division, not the individual class.",,,,,,,,,,,,,,,
16572,Vineyard Race,2024,"August 30 - September 2, 2024",Cornfield Point Racing | PHRF Division,Cornfield Point Racing,PHRF Division,6.0,12,7,Class 3 PHRF,4.0,FINISHED,1:03:39:34,1:03:29:20,08/31/2024 @ 15:34:20 (GMT-05:00),pazuzu,Pazuzu,USA 67,Seascape 27,27 Ft,Laura Browning / Bradford Webster,Manhasset Bay YC,"Rochester, VT, USA",PHRF,ToD / ToT,96.0,102.0,2026,2024 Vineyard Race; 2026 Vineyard Race,,,Not identified from public sources reviewed,,,,https://yachtscoring.com/event_results_detail/16572/1,https://yachtscoring.com/event_scratch_sheet/16572,https://yachtscoring.com/boatdetail/50775/525803,"Overall fleet rank and size come from YachtScoring Race 1 detailed results. The overall fleet is the source-defined racing circle plus rating division, not the individual class.",368244610; 368340280,368244610; 368340280,PAZUZU,Not provided in export,Pleasure,14.0,5.0,,Not provided in export,2026-09-04T12:38:28.152Z,2026-09-07T14:34:40.032Z,1984.0,Low,"Exact normalized name matched multiple AIS MMSIs; verify using dimensions, owner, or callsign.",Attached AIS_EVENTS_RAW.csv
16572,Vineyard Race,2024,"August 30 - September 2, 2024",Cornfield Point Racing | PHRF Division,Cornfield Point Racing,PHRF Division,,12,7,Class 3 PHRF,5.0,RET,,0:03:56:25,08/30/2024 @ 16:06:25 (GMT-05:00),roo,Roo,138,C&C 33-2,32.58 Ft,Gary Tarnoff,Breakwater Irregulars,"Stamford, CT, USA",PHRF,ToD / ToT,129.0,129.0,2026,2024 Vineyard Race; 2025 Vineyard Race; 2026 Vineyard Race,,,Not identified from public sources reviewed,,,,https://yachtscoring.com/event_results_detail/16572/1,https://yachtscoring.com/event_scratch_sheet/16572,https://yachtscoring.com/boatdetail/50775/529712,"Overall fleet rank and size come from YachtScoring Race 1 detailed results. The overall fleet is the source-defined racing circle plus rating division, not the individual class.",,,,,,,,,,,,,,,
16572,Vineyard Race,2024,"August 30 - September 2, 2024",Cornfield Point Racing | PHRF Division,Cornfield Point Racing,PHRF Division,,12,7,Class 3 PHRF,6.0,RET,,0:03:56:25,08/30/2024 @ 16:06:25 (GMT-05:00),venturesome,Venturesome,52687,C&C 110,36,Bob Zannetti,SHYC,"Norwalk, CT, USA",PHRF,ToD / ToT,90.0,90.0,2024,2024 Vineyard Race,,,Not identified from public sources reviewed,,,,https://yachtscoring.com/event_results_detail/16572/1,https://yachtscoring.com/event_scratch_sheet/16572,https://yachtscoring.com/boatdetail/16572/306297,"Overall fleet rank and size come from YachtScoring Race 1 detailed results. The overall fleet is the source-defined racing circle plus rating division, not the individual class.",,,,,,,,,,,,,,,
16572,Vineyard Race,2024,"August 30 - September 2, 2024",Seaflower Reef Racing | PHRF Division,Seaflower Reef Racing,PHRF Division,1.0,5,5,Class 4 PHRF,1.0,FINISHED,1:05:23:07,1:04:07:12,08/31/2024 @ 16:22:12 (GMT-05:00),expresso,Expresso,30,X-37,37 Ft,S. Longo / H. Bullen / M. Duncan,CPYC/STC,"Norwalk, CT, USA",ORC,APH,72.0,541.7,2026,2024 Vineyard Race; 2025 Vineyard Race; 2026 Vineyard Race,,,Not identified from public sources reviewed,,,,https://yachtscoring.com/event_results_detail/16572/1,https://yachtscoring.com/event_scratch_sheet/16572,https://yachtscoring.com/boatdetail/50775/525836,"Overall fleet rank and size come from YachtScoring Race 1 detailed results. The overall fleet is the source-defined racing circle plus rating division, not the individual class.",338399265,338399265,EXPRESSO,Not provided in export,Pleasure,,,,Not provided in export,2026-09-04T13:01:51.378Z,2026-09-05T11:38:21.062Z,1107.0,High,"Exact normalized name match, compatible AIS vessel type, and compatible reported length.",Attached AIS_EVENTS_RAW.csv
16572,Vineyard Race,2024,"August 30 - September 2, 2024",Seaflower Reef Racing | PHRF Division,Seaflower Reef Racing,PHRF Division,2.0,5,5,Class 4 PHRF,2.0,FINISHED,1:06:26:08,1:06:56:58,08/31/2024 @ 19:11:58 (GMT-05:00),shootingstar,Shooting Star,USA 20802,Peterson 34,33.9 Ft,David Kingsbury,Housatonic Boat Club,"Orange, CT, USA",PHRF,ToD / ToT,111.0,114.0,2026,2024 Around Long Island Regatta; 2024 Vineyard Race; 2025 Around Long Island Regatta; 2025 Vineyard Race; 2026 Around Long Island Regatta; 2026 Vineyard Race,,,Not identified from public sources reviewed,,,,https://yachtscoring.com/event_results_detail/16572/1,https://yachtscoring.com/event_scratch_sheet/16572,https://yachtscoring.com/boatdetail/50775/529463,"Overall fleet rank and size come from YachtScoring Race 1 detailed results. The overall fleet is the source-defined racing circle plus rating division, not the individual class.",366732660,366732660,SHOOTING STAR,Not provided in export,Sailing,10.0,4.0,,Not provided in export,2026-09-04T13:01:52.597Z,2026-09-05T05:19:31.061Z,1757.0,High,"Exact normalized name match, compatible AIS vessel type, and compatible reported length.",Attached AIS_EVENTS_RAW.csv
16572,Vineyard Race,2024,"August 30 - September 2, 2024",Seaflower Reef Racing | PHRF Division,Seaflower Reef Racing,PHRF Division,3.0,5,5,Class 4 PHRF,3.0,FINISHED,1:06:32:39,1:08:11:20,08/31/2024 @ 20:26:20 (GMT-05:00),ripple,Ripple,USA 32685,S2 9.1,29.9 Ft,Michael Colucci,Chelsea Yacht Club/STC,"Fishkill, NY, USA",PHRF,ToD / ToT,135.0,135.0,2026,2024 Vineyard Race; 2026 Around Long Island Regatta,,,Not identified from public sources reviewed,,,,https://yachtscoring.com/event_results_detail/16572/1,https://yachtscoring.com/event_scratch_sheet/16572,https://yachtscoring.com/boatdetail/50645/526428,"Overall fleet rank and size come from YachtScoring Race 1 detailed results. The overall fleet is the source-defined racing circle plus rating division, not the individual class.",,,,,,,,,,,,,,,
16572,Vineyard Race,2024,"August 30 - September 2, 2024",Seaflower Reef Racing | PHRF Division,Seaflower Reef Racing,PHRF Division,4.0,5,5,Class 4 PHRF,4.0,FINISHED,1:07:52:03,1:06:56:11,08/31/2024 @ 19:11:11 (GMT-05:00),caliente,Caliente,41471,J 37,37,Bill Lewis,Riverside Yacht Club,"Greenwich, CT, USA",PHRF,ToD / ToT,81.0,81.0,2024,2024 Vineyard Race,,,Not identified from public sources reviewed,,,,https://yachtscoring.com/event_results_detail/16572/1,https://yachtscoring.com/event_scratch_sheet/16572,https://yachtscoring.com/boatdetail/16572/307680,"Overall fleet rank and size come from YachtScoring Race 1 detailed results. The overall fleet is the source-defined racing circle plus rating division, not the individual class.",,,,,,,,,,,,,,,
16572,Vineyard Race,2024,"August 30 - September 2, 2024",Seaflower Reef Racing | PHRF Division,Seaflower Reef Racing,PHRF Division,5.0,5,5,Class 4 PHRF,5.0,FINISHED,1:08:38:47,1:07:05:20,08/31/2024 @ 19:20:20 (GMT-05:00),sweetcaroline,Sweet Caroline,USA 239,J 109,35,Christopher Ercole,Hempstead Harbour Club,"Woodside, NY, USA",PHRF,ToD / ToT,69.0,69.0,2024,2024 Vineyard Race,,,Not identified from public sources reviewed,,,,https://yachtscoring.com/event_results_detail/16572/1,https://yachtscoring.com/event_scratch_sheet/16572,https://yachtscoring.com/boatdetail/16572/306347,"Overall fleet rank and size come from YachtScoring Race 1 detailed results. The overall fleet is the source-defined racing circle plus rating division, not the individual class.",,,,,,,,,,,,,,,
16572,Vineyard Race,2024,"August 30 - September 2, 2024",Vineyard Racing | ORC Division,Vineyard Racing,ORC Division,1.0,26,22,Class 9 ORC,1.0,FINISHED,1:21:44:39,1:15:28:19,09/01/2024 @ 04:13:19 (GMT-05:00),christopherdragonxii,Christopher Dragon XII,USA 2277,Italia 11.98,38 Ft,Linda & Andrew Weiss,Storm Trysail Club / Larchmont Yacht Club,"Mamaroneck, NY, USA",ORC,APH,,525.5,2026,2024 Storm Trysail Club Block Island Race; 2024 Vineyard Race; 2025 Storm Trysail Club Block Island Race; 2025 Vineyard Race; 2026 Storm Trysail Club Block Island Race; 2026 Vineyard Race,,338324718; 338441051,"Conflicting public candidates, verify",Low,https://www.marinetraffic.com/en/ais/details/ships/shipid:5683135/mmsi:338324718/imo:0/vessel:CHRISTOPHER_DRAGON; https://globalfishingwatch.org/platform/vessel/98ffbb82-bba49-f1d0-aa9a-36a153c5e354,"Public AIS/GFW results found Christopher Dragon candidates, but neither source proves the XII suffix, owner, or home port match.",https://yachtscoring.com/event_results_detail/16572/1,https://yachtscoring.com/event_scratch_sheet/16572,https://yachtscoring.com/boatdetail/50775/526458,"Overall fleet rank and size come from YachtScoring Race 1 detailed results. The overall fleet is the source-defined racing circle plus rating division, not the individual class.",338324718; 338441051,,,,,,,,,,,,,,
16572,Vineyard Race,2024,"August 30 - September 2, 2024",Vineyard Racing | ORC Division,Vineyard Racing,ORC Division,2.0,26,22,Class 9 ORC,2.0,FINISHED,1:22:18:49,1:16:08:37,09/01/2024 @ 04:53:37 (GMT-05:00),intheory,In Theory,USA 61183,JPK 1080,35.5 Ft,Peter McWhinnie,"LYC, STC, RORC","Larchmont, New York, USA",ORC,APH,,528.2,2026,2024 Storm Trysail Club Block Island Race; 2024 Vineyard Race; 2026 Storm Trysail Club Block Island Race; 2026 Vineyard Race,,,Not identified from public sources reviewed,,,,https://yachtscoring.com/event_results_detail/16572/1,https://yachtscoring.com/event_scratch_sheet/16572,https://yachtscoring.com/boatdetail/50775/528135,"Overall fleet rank and size come from YachtScoring Race 1 detailed results. The overall fleet is the source-defined racing circle plus rating division, not the individual class.",368070090,368070090,IN THEORY,Not provided in export,Sailing,11.0,4.0,,Not provided in export,2026-09-04T13:01:55.789Z,2026-09-05T11:26:06.426Z,1728.0,High,"Exact normalized name match, compatible AIS vessel type, and compatible reported length.",Attached AIS_EVENTS_RAW.csv
16572,Vineyard Race,2024,"August 30 - September 2, 2024",Vineyard Racing | ORC Division,Vineyard Racing,ORC Division,5.0,26,22,Class 9 ORC,3.0,FINISHED,2:00:20:40,1:17:41:13,09/01/2024 @ 06:26:13 (GMT-05:00),groupe5,Groupe 5,USA 26,Mod. Figaro 2,33 Ft,NEKA Sailing /Zachary Doerr,NEKA Sailing,"Newport, RI, USA",ORC,APH,524.7,523.5,2026,2024 Storm Trysail Club Block Island Race; 2024 Vineyard Race; 2025 Storm Trysail Club Block Island Race; 2025 Vineyard Race; 2026 Storm Trysail Club Block Island Race; 2026 Vineyard Race,,,Not identified from public sources reviewed,,,,https://yachtscoring.com/event_results_detail/16572/1,https://yachtscoring.com/event_scratch_sheet/16572,https://yachtscoring.com/boatdetail/50775/530233,"Overall fleet rank and size come from YachtScoring Race 1 detailed results. The overall fleet is the source-defined racing circle plus rating division, not the individual class.",,,,,,,,,,,,,,,
16572,Vineyard Race,2024,"August 30 - September 2, 2024",Vineyard Racing | ORC Division,Vineyard Racing,ORC Division,9.0,26,22,Class 9 ORC,4.0,FINISHED,2:01:08:34,1:18:49:20,09/01/2024 @ 07:34:20 (GMT-05:00),byte,Byte,USA 12424,Sun Fast 3300,32.9,Robert & Collin Alexander,American Yacht Club,"Rye, NY, USA",ORC,APH,530.8,531.3,2025,2024 Storm Trysail Club Block Island Race; 2024 Vineyard Race; 2025 Storm Trysail Club Block Island Race; 2025 Vineyard Race,,,Not identified from public sources reviewed,,,,https://yachtscoring.com/event_results_detail/16572/1,https://yachtscoring.com/event_scratch_sheet/16572,https://yachtscoring.com/boatdetail/50111/504863,"Overall fleet rank and size come from YachtScoring Race 1 detailed results. The overall fleet is the source-defined racing circle plus rating division, not the individual class.",,,,,,,,,,,,,,,
16572,Vineyard Race,2024,"August 30 - September 2, 2024",Vineyard Racing | ORC Division,Vineyard Racing,ORC Division,18.0,26,22,Class 9 ORC,5.0,FINISHED,2:06:03:23,1:22:27:08,09/01/2024 @ 11:12:08 (GMT-05:00),therover,The Rover,USA 93310,Swan 44 MKII,44 Ft,S. Steven Yang,NYYC,"New York, NY, USA",PHRF,ToD / ToT,525.1,57.0,2026,2024 Vineyard Race; 2026 Around Long Island Regatta; 2026 Vineyard Race,,,Not identified from public sources reviewed,,,,https://yachtscoring.com/event_results_detail/16572/1,https://yachtscoring.com/event_scratch_sheet/16572,https://yachtscoring.com/boatdetail/50775/529049,"Overall fleet rank and size come from YachtScoring Race 1 detailed results. The overall fleet is the source-defined racing circle plus rating division, not the individual class.",368118690,368118690,THE ROVER,Not provided in export,Sailing,15.0,3.0,,Not provided in export,2026-09-04T13:01:39.415Z,2026-09-06T12:06:31.376Z,1719.0,High,"Exact normalized name match, compatible AIS vessel type, and compatible reported length.",Attached AIS_EVENTS_RAW.csv
16572,Vineyard Race,2024,"August 30 - September 2, 2024",Vineyard Racing | ORC Division,Vineyard Racing,ORC Division,19.0,26,22,Class 9 ORC,6.0,FINISHED,2:06:11:24,2:01:11:48,09/01/2024 @ 13:56:48 (GMT-05:00),yankeeboy,Yankee Boy,USA 52524,Swan 411,41 Ft,Duncan McKay,Stamford Yacht Club,"Stamford, CT, USA",PHRF,ToD / ToT,555.0,102.0,2026,2024 Around Long Island Regatta; 2024 Storm Trysail Club Block Island Race; 2024 Vineyard Race; 2026 Vineyard Race,,,Not identified from public sources reviewed,,,,https://yachtscoring.com/event_results_detail/16572/1,https://yachtscoring.com/event_scratch_sheet/16572,https://yachtscoring.com/boatdetail/50775/529594,"Overall fleet rank and size come from YachtScoring Race 1 detailed results. The overall fleet is the source-defined racing circle plus rating division, not the individual class.",338356893,338356893,YANKEE BOY,Not provided in export,Sailing,13.0,4.0,,Not provided in export,2026-09-04T15:45:03.927Z,2026-09-05T12:53:49.046Z,2723.0,High,"Exact normalized name match, compatible AIS vessel type, and compatible reported length.",Attached AIS_EVENTS_RAW.csv
16572,Vineyard Race,2024,"August 30 - September 2, 2024",Vineyard Racing | ORC Division,Vineyard Racing,ORC Division,20.0,26,22,Class 9 ORC,7.0,FINISHED,2:09:14:36,2:02:21:49,09/01/2024 @ 15:06:49 (GMT-05:00),sleeper,SLEEPER YCC,USA 326,J/105,10.5 M,NEKA SAILING,NEKA Sailing,"Glen Cove, NY, USA",ORC,APH,537.4,540.2,2026,2024 Vineyard Race; 2025 Storm Trysail Club Block Island Race; 2025 Vineyard Race; 2026 Storm Trysail Club Block Island Race; 2026 Vineyard Race,,,Not identified from public sources reviewed,,,,https://yachtscoring.com/event_results_detail/16572/1,https://yachtscoring.com/event_scratch_sheet/16572,https://yachtscoring.com/boatdetail/50775/529673,"Overall fleet rank and size come from YachtScoring Race 1 detailed results. The overall fleet is the source-defined racing circle plus rating division, not the individual class.",,,,,,,,,,,,,,,
16572,Vineyard Race,2024,"August 30 - September 2, 2024",Vineyard Racing | ORC Division,Vineyard Racing,ORC Division,22.0,26,22,Class 9 ORC,8.0,FINISHED,2:09:43:48,2:03:40:26,09/01/2024 @ 16:25:26 (GMT-05:00),coucou,Coucou,USA 18321,Express 37,37,Eric Wolf,Manhasset Bay Yacht Club,"Glen Cove, New York, USA",PHRF,ToD / ToT,547.5,66.0,2025,2024 Storm Trysail Club Block Island Race; 2024 Vineyard Race; 2025 Vineyard Race,,,Not identified from public sources reviewed,,,,https://yachtscoring.com/event_results_detail/16572/1,https://yachtscoring.com/event_scratch_sheet/16572,https://yachtscoring.com/boatdetail/50111/507095,"Overall fleet rank and size come from YachtScoring Race 1 detailed results. The overall fleet is the source-defined racing circle plus rating division, not the individual class.",,,,,,,,,,,,,,,
16572,Vineyard Race,2024,"August 30 - September 2, 2024",Vineyard Racing | ORC Division,Vineyard Racing,ORC Division,,26,22,Class 9 ORC,9.0,RET,,1:22:31:09,09/01/2024 @ 11:16:09 (GMT-05:00),ragana,Ragana,USA 52238,Cape Fear 38R,38 Ft,Darius Peleda,CPYC,"Westport, CT, USA",ORC,APH,525.1,523.2,2026,2024 Storm Trysail Club Block Island Race; 2024 Vineyard Race; 2025 Vineyard Race; 2026 Storm Trysail Club Block Island Race; 2026 Vineyard Race,,,Not identified from public sources reviewed,,,,https://yachtscoring.com/event_results_detail/16572/1,https://yachtscoring.com/event_scratch_sheet/16572,https://yachtscoring.com/boatdetail/50775/529400,"Overall fleet rank and size come from YachtScoring Race 1 detailed results. The overall fleet is the source-defined racing circle plus rating division, not the individual class.",367613230,367613230,RAGANA,Not provided in export,Sailing,11.0,2.0,,Not provided in export,2026-09-04T13:01:38.321Z,2026-09-05T11:33:53.504Z,1404.0,High,"Exact normalized name match, compatible AIS vessel type, and compatible reported length.",Attached AIS_EVENTS_RAW.csv
16572,Vineyard Race,2024,"August 30 - September 2, 2024",Vineyard Racing | ORC Division,Vineyard Racing,ORC Division,4.0,26,22,Class 12 ORC,1.0,FINISHED,1:23:12:09,1:14:38:01,09/01/2024 @ 03:53:01 (GMT-05:00),hamburgii,Hamburg II,USA 51709,J 46,46 Ft,Albrecht Goethe,Lakewood Yacht Club / Storm Trysail Club,"Seabrook, TX, USA",PHRF,ToD / ToT,501.2,30.0,2026,2024 Storm Trysail Club Block Island Race; 2024 Vineyard Race; 2025 Storm Trysail Club Block Island Race; 2025 Vineyard Race; 2026 Vineyard Race,,,Not identified from public sources reviewed,,,,https://yachtscoring.com/event_results_detail/16572/1,https://yachtscoring.com/event_scratch_sheet/16572,https://yachtscoring.com/boatdetail/50775/527917,"Overall fleet rank and size come from YachtScoring Race 1 detailed results. The overall fleet is the source-defined racing circle plus rating division, not the individual class.",366947050,366947050,HAMBURG II,Not provided in export,Sailing,14.0,4.0,,Not provided in export,2026-09-04T15:44:45.213Z,2026-09-05T11:43:37.498Z,2272.0,High,"Exact normalized name match, compatible AIS vessel type, and compatible reported length.",Attached AIS_EVENTS_RAW.csv
16572,Vineyard Race,2024,"August 30 - September 2, 2024",Vineyard Racing | ORC Division,Vineyard Racing,ORC Division,6.0,26,22,Class 12 ORC,2.0,FINISHED,2:00:32:31,1:15:36:12,09/01/2024 @ 04:51:12 (GMT-05:00),palantir5,Palantir 5,USA 25244,J/44,44 Ft,June & Amanda Kendrick,Lloyd Harbor Yacht Club / Centerport Yacht Club / Storm Trysail Club / New York Yacht Club,"Huntington, NY, USA",ORC,APH,499.5,497.9,2026,2024 Vineyard Race; 2026 Storm Trysail Club Block Island Race,,,Not identified from public sources reviewed,,,,https://yachtscoring.com/event_results_detail/16572/1,https://yachtscoring.com/event_scratch_sheet/16572,https://yachtscoring.com/boatdetail/50619/522206,"Overall fleet rank and size come from YachtScoring Race 1 detailed results. The overall fleet is the source-defined racing circle plus rating division, not the individual class.",,,,,,,,,,,,,,,
16572,Vineyard Race,2024,"August 30 - September 2, 2024",Vineyard Racing | ORC Division,Vineyard Racing,ORC Division,8.0,26,22,Class 12 ORC,3.0,FINISHED,2:01:07:33,1:15:05:17,09/01/2024 @ 04:20:17 (GMT-05:00),rocksteady,Rocksteady,60492,Xp 44,44 Ft,Baudoin Lorans,Larchmont Yacht Club,"Larchmont, NY, USA",ORC,APH,482.0,480.8,2026,2024 Vineyard Race; 2025 Around Long Island Regatta; 2025 Vineyard Race; 2026 Storm Trysail Club Block Island Race,,,Not identified from public sources reviewed,,,,https://yachtscoring.com/event_results_detail/16572/1,https://yachtscoring.com/event_scratch_sheet/16572,https://yachtscoring.com/boatdetail/50619/518296,"Overall fleet rank and size come from YachtScoring Race 1 detailed results. The overall fleet is the source-defined racing circle plus rating division, not the individual class.",,,,,,,,,,,,,,,
16572,Vineyard Race,2024,"August 30 - September 2, 2024",Vineyard Racing | ORC Division,Vineyard Racing,ORC Division,10.0,26,22,Class 12 ORC,4.0,FINISHED,2:01:11:29,1:15:24:13,09/01/2024 @ 04:39:13 (GMT-05:00),touchofgrey,Touch of Grey,68750,J/121,40 Ft,Trevor Roach,Cedar Point Yacht Club,"Stamford, CT, USA",ORC,APH,490.4,490.4,2026,2024 Storm Trysail Club Block Island Race; 2024 Vineyard Race; 2025 Storm Trysail Club Block Island Race; 2025 Vineyard Race; 2026 Storm Trysail Club Block Island Race,,,Not identified from public sources reviewed,,,,https://yachtscoring.com/event_results_detail/16572/1,https://yachtscoring.com/event_scratch_sheet/16572,https://yachtscoring.com/boatdetail/50619/522176,"Overall fleet rank and size come from YachtScoring Race 1 detailed results. The overall fleet is the source-defined racing circle plus rating division, not the individual class.",,,,,,,,,,,,,,,
16572,Vineyard Race,2024,"August 30 - September 2, 2024",Vineyard Racing | ORC Division,Vineyard Racing,ORC Division,12.0,26,22,Class 12 ORC,5.0,FINISHED,2:02:10:52,1:16:37:57,09/01/2024 @ 05:52:57 (GMT-05:00),assarainiv,ASSARAIN IV,USA 58133,J 133,43 feet Ft,Steve Brownlie,Atlantic Highlands Yacht Cub,"Rumson, NJ, USA",ORC,APH,495.4,489.3,2026,2024 Vineyard Race; 2025 Vineyard Race; 2026 Vineyard Race,,,Not identified from public sources reviewed,,,,https://yachtscoring.com/event_results_detail/16572/1,https://yachtscoring.com/event_scratch_sheet/16572,https://yachtscoring.com/boatdetail/50775/527461,"Overall fleet rank and size come from YachtScoring Race 1 detailed results. The overall fleet is the source-defined racing circle plus rating division, not the individual class.",368365260,368365260,ASSARAIN IV,Not provided in export,Sailing,11.0,4.0,,Not provided in export,2026-09-04T15:44:46.116Z,2026-09-05T11:31:46.246Z,1850.0,High,"Exact normalized name match, compatible AIS vessel type, and compatible reported length.",Attached AIS_EVENTS_RAW.csv
16572,Vineyard Race,2024,"August 30 - September 2, 2024",Vineyard Racing | ORC Division,Vineyard Racing,ORC Division,15.0,26,22,Class 12 ORC,6.0,FINISHED,2:02:27:23,1:16:41:50,09/01/2024 @ 05:56:50 (GMT-05:00),rumba,Rumba,USA 61132,J/133,43 Ft,Ove Haxthausen,Stamford Yacht Club,"Stamford, CT, USA",ORC,APH,493.0,490.0,2026,2024 Storm Trysail Club Block Island Race; 2024 Vineyard Race; 2025 Vineyard Race; 2026 Vineyard Race,,,Not identified from public sources reviewed,,,,https://yachtscoring.com/event_results_detail/16572/1,https://yachtscoring.com/event_scratch_sheet/16572,https://yachtscoring.com/boatdetail/50775/522779,"Overall fleet rank and size come from YachtScoring Race 1 detailed results. The overall fleet is the source-defined racing circle plus rating division, not the individual class.",368057260,368057260,RUMBA,Not provided in export,Sailing,13.0,3.0,,Not provided in export,2026-09-04T15:44:43.206Z,2026-09-05T11:43:33.282Z,1530.0,High,"Exact normalized name match, compatible AIS vessel type, and compatible reported length.",Attached AIS_EVENTS_RAW.csv
16572,Vineyard Race,2024,"August 30 - September 2, 2024",Vineyard Racing | ORC Division,Vineyard Racing,ORC Division,16.0,26,22,Class 12 ORC,7.0,FINISHED,2:02:27:56,1:17:52:36,09/01/2024 @ 07:07:36 (GMT-05:00),surfacetension,Surface Tension,USA 52556,Beneteau First 44.7,44 Ft,Lou Melillo,Atlantic Highlands Yacht Club / Storm Trysail Club,"Middletown, NJ, USA",ORC,APH,507.0,505.4,2026,2024 Around Long Island Regatta; 2024 Storm Trysail Club Block Island Race; 2024 Vineyard Race; 2025 Around Long Island Regatta; 2025 Vineyard Race; 2026 Around Long Island Regatta; 2026 Vineyard Race,,,Not identified from public sources reviewed,,,,https://yachtscoring.com/event_results_detail/16572/1,https://yachtscoring.com/event_scratch_sheet/16572,https://yachtscoring.com/boatdetail/50775/528824,"Overall fleet rank and size come from YachtScoring Race 1 detailed results. The overall fleet is the source-defined racing circle plus rating division, not the individual class.",338477707,338477707,SURFACE TENSION,Not provided in export,Pleasure,14.0,4.0,,Not provided in export,2026-09-04T13:01:39.193Z,2026-09-05T11:47:22.563Z,1789.0,High,"Exact normalized name match, compatible AIS vessel type, and compatible reported length.",Attached AIS_EVENTS_RAW.csv
16572,Vineyard Race,2024,"August 30 - September 2, 2024",Vineyard Racing | ORC Division,Vineyard Racing,ORC Division,17.0,26,22,Class 12 ORC,8.0,FINISHED,2:03:41:27,1:18:21:33,09/01/2024 @ 07:36:33 (GMT-05:00),avanti,AVANTI,USA 52906,Hanse Mod,45,Jeremi Jablonski,CPYC,"Wilton, CT, USA",ORC,APH,502.8,502.8,2024,2024 Storm Trysail Club Block Island Race; 2024 Vineyard Race,,,Not identified from public sources reviewed,,,,https://yachtscoring.com/event_results_detail/16572/1,https://yachtscoring.com/event_scratch_sheet/16572,https://yachtscoring.com/boatdetail/16572/307740,"Overall fleet rank and size come from YachtScoring Race 1 detailed results. The overall fleet is the source-defined racing circle plus rating division, not the individual class.",,,,,,,,,,,,,,,
16572,Vineyard Race,2024,"August 30 - September 2, 2024",Vineyard Racing | ORC Division,Vineyard Racing,ORC Division,21.0,26,22,Class 12 ORC,9.0,FINISHED,2:09:22:23,2:00:09:36,09/01/2024 @ 13:24:36 (GMT-05:00),celeritas,Celeritas,USA 68,Soverel 33-2,33,William Beery,"Norwalk YC, STC","Norwalk, CT, USA",PHRF,ToD / ToT,510.2,87.0,2025,2024 Storm Trysail Club Block Island Race; 2024 Vineyard Race; 2025 Storm Trysail Club Block Island Race,,,Not identified from public sources reviewed,,,,https://yachtscoring.com/event_results_detail/16572/1,https://yachtscoring.com/event_scratch_sheet/16572,https://yachtscoring.com/boatdetail/50032/504500,"Overall fleet rank and size come from YachtScoring Race 1 detailed results. The overall fleet is the source-defined racing circle plus rating division, not the individual class.",,,,,,,,,,,,,,,
16572,Vineyard Race,2024,"August 30 - September 2, 2024",Vineyard Racing | ORC Division,Vineyard Racing,ORC Division,3.0,26,22,Class 13 ORC,1.0,FINISHED,1:23:10:13,1:12:26:51,09/01/2024 @ 01:51:51 (GMT-05:00),geminiii,Gemini II,USA 45454,Swan 45,45 Ft,James Coffman,NYYC/CPYC/RORC,"Rye, NY, USA",ORC,APH,470.4,469.0,2026,2024 Vineyard Race; 2025 Storm Trysail Club Block Island Race; 2025 Vineyard Race; 2026 Vineyard Race,,,Not identified from public sources reviewed,,,,https://yachtscoring.com/event_results_detail/16572/1,https://yachtscoring.com/event_scratch_sheet/16572,https://yachtscoring.com/boatdetail/50775/529252,"Overall fleet rank and size come from YachtScoring Race 1 detailed results. The overall fleet is the source-defined racing circle plus rating division, not the individual class.",367347940,367347940,GEMINI II,Not provided in export,Sailing,14.0,4.0,,Not provided in export,2026-09-04T15:46:00.758Z,2026-09-05T10:39:20.012Z,1136.0,High,"Exact normalized name match, compatible AIS vessel type, and compatible reported length.",Attached AIS_EVENTS_RAW.csv
16572,Vineyard Race,2024,"August 30 - September 2, 2024",Vineyard Racing | ORC Division,Vineyard Racing,ORC Division,7.0,26,22,Class 13 ORC,2.0,FINISHED,2:00:57:10,1:13:12:44,09/01/2024 @ 02:37:44 (GMT-05:00),cougar,Cougar,USA 4900,J/160,53 Ft,Leonard Sitar,Storm Trysail Club / American Yacht Club / New York Yacht Club / Cruising Club of America,"Holmdel, NJ, USA",ORC,APH,465.7,464.2,2026,2024 Storm Trysail Club Block Island Race; 2024 Vineyard Race; 2025 Around Long Island Regatta; 2025 Storm Trysail Club Block Island Race; 2025 Vineyard Race; 2026 Storm Trysail Club Block Island Race; 2026 Vineyard Race,,,Not identified from public sources reviewed,,,,https://yachtscoring.com/event_results_detail/16572/1,https://yachtscoring.com/event_scratch_sheet/16572,https://yachtscoring.com/boatdetail/50775/529646,"Overall fleet rank and size come from YachtScoring Race 1 detailed results. The overall fleet is the source-defined racing circle plus rating division, not the individual class.",303392000,303392000,COUGAR,Not provided in export,Sailing,16.0,4.0,,Not provided in export,2026-09-04T13:01:38.926Z,2026-09-05T11:23:34.441Z,1509.0,High,"Exact normalized name match, compatible AIS vessel type, and compatible reported length.",Attached AIS_EVENTS_RAW.csv
16572,Vineyard Race,2024,"August 30 - September 2, 2024",Vineyard Racing | ORC Division,Vineyard Racing,ORC Division,11.0,26,22,Class 13 ORC,3.0,FINISHED,2:01:32:31,1:12:03:24,09/01/2024 @ 01:28:24 (GMT-05:00),arma,ARMA,USA 61211,GP42,42 Ft,Dubois / Eaves / Krow / Roseberry,Larchmont Yacht Club,"Larchmont, NY, USA",ORC,APH,443.0,441.4,2026,2024 Storm Trysail Club Block Island Race; 2024 Vineyard Race; 2025 Storm Trysail Club Block Island Race; 2025 Vineyard Race; 2026 Storm Trysail Club Block Island Race,,,Not identified from public sources reviewed,,,,https://yachtscoring.com/event_results_detail/16572/1,https://yachtscoring.com/event_scratch_sheet/16572,https://yachtscoring.com/boatdetail/50619/521837,"Overall fleet rank and size come from YachtScoring Race 1 detailed results. The overall fleet is the source-defined racing circle plus rating division, not the individual class.",,,,,,,,,,,,,,,
16572,Vineyard Race,2024,"August 30 - September 2, 2024",Vineyard Racing | ORC Division,Vineyard Racing,ORC Division,13.0,26,22,Class 13 ORC,4.0,FINISHED,2:02:13:08,1:15:03:02,09/01/2024 @ 04:28:02 (GMT-05:00),oakclifffarr40black,Oakcliff Farr 40 Black,USA 51695,Farr 40M,40,Oakcliff Sailing,Oakcliff Sailing,"Oyster Bay, NY, USA",ORC,APH,472.7,472.7,2024,2024 Vineyard Race,,,Not identified from public sources reviewed,,,,https://yachtscoring.com/event_results_detail/16572/1,https://yachtscoring.com/event_scratch_sheet/16572,https://yachtscoring.com/boatdetail/16572/309410,"Overall fleet rank and size come from YachtScoring Race 1 detailed results. The overall fleet is the source-defined racing circle plus rating division, not the individual class.",,,,,,,,,,,,,,,
16572,Vineyard Race,2024,"August 30 - September 2, 2024",Vineyard Racing | ORC Division,Vineyard Racing,ORC Division,,26,22,Class 13 ORC,5.0,RET,,0:03:58:21,08/30/2024 @ 17:23:21 (GMT-05:00),avalanche,Avalanche,GBR 20,Soto 40,40,Albrecht/ Gesualdo,"NYC, STC","Glen Cove, NY, USA",PHRF,ToD / ToT,452.9,-33.0,2025,2024 Around Long Island Regatta; 2024 Vineyard Race; 2025 Around Long Island Regatta,,,Not identified from public sources reviewed,,,,https://yachtscoring.com/event_results_detail/16572/1,https://yachtscoring.com/event_scratch_sheet/16572,https://yachtscoring.com/boatdetail/50029/507515,"Overall fleet rank and size come from YachtScoring Race 1 detailed results. The overall fleet is the source-defined racing circle plus rating division, not the individual class.",,,,,,,,,,,,,,,
16572,Vineyard Race,2024,"August 30 - September 2, 2024",Vineyard Racing | ORC Division,Vineyard Racing,ORC Division,,26,22,Class 13 ORC,6.0,RET,,0:05:05:32,08/30/2024 @ 18:30:32 (GMT-05:00),jules,Jules,USA 52300,Baltic 52,52.5 Ft,Thomas Dunn,Belle Haven Club; New York Yacht Club,"Greenwich, CT, USA",PHRF,ToD / ToT,477.0,12.0,2025,2024 Storm Trysail Club Block Island Race; 2024 Vineyard Race; 2025 Storm Trysail Club Block Island Race; 2025 Vineyard Race,,,Not identified from public sources reviewed,,,,https://yachtscoring.com/event_results_detail/16572/1,https://yachtscoring.com/event_scratch_sheet/16572,https://yachtscoring.com/boatdetail/50111/513204,"Overall fleet rank and size come from YachtScoring Race 1 detailed results. The overall fleet is the source-defined racing circle plus rating division, not the individual class.",,,,,,,,,,,,,,,
16572,Vineyard Race,2024,"August 30 - September 2, 2024",Vineyard Racing | ORC Division,Vineyard Racing,ORC Division,14.0,26,22,Class 15 ORC,1.0,FINISHED,2:02:16:44,1:04:32:12,08/31/2024 @ 18:07:12 (GMT-05:00),spacemonkey,Space Monkey,USA 60669,Mills 68,68,David Greenstein,NYYC,"Stamford, CT, USA",ORC,APH,345.0,345.0,2024,2024 Storm Trysail Club Block Island Race; 2024 Vineyard Race,,,Not identified from public sources reviewed,,,,https://yachtscoring.com/event_results_detail/16572/1,https://yachtscoring.com/event_scratch_sheet/16572,https://yachtscoring.com/boatdetail/16572/296055,"Overall fleet rank and size come from YachtScoring Race 1 detailed results. The overall fleet is the source-defined racing circle plus rating division, not the individual class.",,,,,,,,,,,,,,,
16572,Vineyard Race,2024,"August 30 - September 2, 2024",Vineyard Racing | ORC Division,Vineyard Racing,ORC Division,,26,22,Class 15 ORC,2.0,RET,,0:02:31:05,08/30/2024 @ 16:11:05 (GMT-05:00),summerstorm52,Summer Storm 52,USA 520,TP 52,52,Andrew Berdon,NYYC/STC/Beach Point YC,"Hartsdale, NY, USA",ORC,APH,382.0,382.0,2024,2024 Storm Trysail Club Block Island Race; 2024 Vineyard Race,,,Not identified from public sources reviewed,,,,https://yachtscoring.com/event_results_detail/16572/1,https://yachtscoring.com/event_scratch_sheet/16572,https://yachtscoring.com/boatdetail/16572/301206,"Overall fleet rank and size come from YachtScoring Race 1 detailed results. The overall fleet is the source-defined racing circle plus rating division, not the individual class.",,,,,,,,,,,,,,,
16572,Vineyard Race,2024,"August 30 - September 2, 2024",Vineyard Racing | PHRF Division,Vineyard Racing,PHRF Division,3.0,37,27,Class 6 PHRF-DH,1.0,FINISHED,1:20:55:19,1:19:49:04,09/01/2024 @ 08:14:04 (GMT-05:00),youngamerican146,Young American-146,USA 146,J 105,34.5,Peter Becker & Adrien Blanc,"Young American Sailing Academy, NYYC, CCA, AYC","Rye, NY, USA",PHRF,ToD / ToT,84.0,84.0,2024,2024 Storm Trysail Club Block Island Race; 2024 Vineyard Race,,,Not identified from public sources reviewed,,,,https://yachtscoring.com/event_results_detail/16572/1,https://yachtscoring.com/event_scratch_sheet/16572,https://yachtscoring.com/boatdetail/16572/307035,"Overall fleet rank and size come from YachtScoring Race 1 detailed results. The overall fleet is the source-defined racing circle plus rating division, not the individual class.",,,,,,,,,,,,,,,
16572,Vineyard Race,2024,"August 30 - September 2, 2024",Vineyard Racing | PHRF Division,Vineyard Racing,PHRF Division,7.0,37,27,Class 6 PHRF-DH,2.0,FINISHED,1:22:19:36,1:19:28:29,09/01/2024 @ 07:53:29 (GMT-05:00),avalon,Avalon,USA 33078,Sunfast 3300,33,Jacob Fisker-Andersen,Florida Yacht Club,"Jacksonville, FL, USA",PHRF,ToD / ToT,60.0,60.0,2024,2024 Storm Trysail Club Block Island Race; 2024 Vineyard Race,,,Not identified from public sources reviewed,,,,https://yachtscoring.com/event_results_detail/16572/1,https://yachtscoring.com/event_scratch_sheet/16572,https://yachtscoring.com/boatdetail/16572/308707,"Overall fleet rank and size come from YachtScoring Race 1 detailed results. The overall fleet is the source-defined racing circle plus rating division, not the individual class.",319009600; 367628630,319009600; 367628630,AVALON,Not provided in export,Pleasure,46.0,10.0,,Not provided in export,2026-09-05T04:02:22.505Z,2026-09-05T23:24:29.027Z,553.0,Low,"Exact normalized name matched multiple AIS MMSIs; verify using dimensions, owner, or callsign.",Attached AIS_EVENTS_RAW.csv
16572,Vineyard Race,2024,"August 30 - September 2, 2024",Vineyard Racing | PHRF Division,Vineyard Racing,PHRF Division,18.0,37,27,Class 6 PHRF-DH,3.0,FINISHED,2:04:28:13,2:01:58:01,09/01/2024 @ 14:23:01 (GMT-05:00),thinman,Thin Man,USA 24,J/99,32.6 Ft,Todd Aven,City Island Yacht Club / Storm Trysail Club,"Brooklyn, NY, USA",PHRF,ToD / ToT,69.0,72.0,2026,2024 Around Long Island Regatta; 2024 Storm Trysail Club Block Island Race; 2024 Vineyard Race; 2025 Storm Trysail Club Block Island Race; 2025 Vineyard Race; 2026 Around Long Island Regatta; 2026 Storm Trysail Club Block Island Race; 2026 Vineyard Race,,,Not identified from public sources reviewed,,,,https://yachtscoring.com/event_results_detail/16572/1,https://yachtscoring.com/event_scratch_sheet/16572,https://yachtscoring.com/boatdetail/50775/522327,"Overall fleet rank and size come from YachtScoring Race 1 detailed results. The overall fleet is the source-defined racing circle plus rating division, not the individual class.",368114910,368114910,THIN MAN,Not provided in export,Sailing,10.0,4.0,,Not provided in export,2026-09-04T12:42:09.782Z,2026-09-05T12:28:11.623Z,2454.0,High,"Exact normalized name match, compatible AIS vessel type, and compatible reported length.",Attached AIS_EVENTS_RAW.csv
16572,Vineyard Race,2024,"August 30 - September 2, 2024",Vineyard Racing | PHRF Division,Vineyard Racing,PHRF Division,,37,27,Class 6 PHRF-DH,4.0,RET,,1:17:27:46,09/01/2024 @ 05:52:46 (GMT-05:00),eclipse,Eclipse,USA 52386,Sabre 386,38.7 Ft,Marc Berkowitz,,"Armonk, NY, USA",PHRF,ToD / ToT,120.0,120.0,2026,2024 Storm Trysail Club Block Island Race; 2024 Vineyard Race; 2025 Storm Trysail Club Block Island Race; 2025 Vineyard Race; 2026 Vineyard Race,,,Not identified from public sources reviewed,,,,https://yachtscoring.com/event_results_detail/16572/1,https://yachtscoring.com/event_scratch_sheet/16572,https://yachtscoring.com/boatdetail/50775/529212,"Overall fleet rank and size come from YachtScoring Race 1 detailed results. The overall fleet is the source-defined racing circle plus rating division, not the individual class.",368003670; 368217460,368003670; 368217460,ECLIPSE,Not provided in export,Sailing,13.0,5.0,,Not provided in export,2026-09-04T12:51:15.468Z,2026-09-07T14:36:18.509Z,2579.0,Low,"Exact normalized name matched multiple AIS MMSIs; verify using dimensions, owner, or callsign.",Attached AIS_EVENTS_RAW.csv
16572,Vineyard Race,2024,"August 30 - September 2, 2024",Vineyard Racing | PHRF Division,Vineyard Racing,PHRF Division,20.0,37,27,Class 7 PHRF,1.0,FINISHED,2:05:14:04,2:05:24:00,09/01/2024 @ 17:59:00 (GMT-05:00),tacktile,Tacktile,USA 56,Sabre 42 CB,42 Ft,Jeffrey Wilson,"Pequot Yacht Club, STC, CCA","Fairfield, CT, USA",PHRF,ToD / ToT,102.0,102.0,2026,2024 Storm Trysail Club Block Island Race; 2024 Vineyard Race; 2025 Storm Trysail Club Block Island Race; 2025 Vineyard Race; 2026 Storm Trysail Club Block Island Race; 2026 Vineyard Race,,,Not identified from public sources reviewed,,,,https://yachtscoring.com/event_results_detail/16572/1,https://yachtscoring.com/event_scratch_sheet/16572,https://yachtscoring.com/boatdetail/50775/528210,"Overall fleet rank and size come from YachtScoring Race 1 detailed results. The overall fleet is the source-defined racing circle plus rating division, not the individual class.",338406561,338406561,TACKTILE,Not provided in export,Sailing,13.0,4.0,,Not provided in export,2026-09-04T15:44:43.69Z,2026-09-05T12:49:10.928Z,2720.0,High,"Exact normalized name match, compatible AIS vessel type, and compatible reported length.",Attached AIS_EVENTS_RAW.csv
16572,Vineyard Race,2024,"August 30 - September 2, 2024",Vineyard Racing | PHRF Division,Vineyard Racing,PHRF Division,25.0,37,27,Class 7 PHRF,2.0,FINISHED,2:07:37:04,2:08:49:00,09/01/2024 @ 21:24:00 (GMT-05:00),duet,DUET,USA 51950,J/120,40 Ft,Andy Lubimov,Huguenot YC,"Scarsdale, NY, USA",PHRF,ToD / ToT,114.0,45.0,2026,2024 Around Long Island Regatta; 2024 Storm Trysail Club Block Island Race; 2024 Vineyard Race; 2025 Around Long Island Regatta; 2025 Vineyard Race; 2026 Around Long Island Regatta; 2026 Storm Trysail Club Block Island Race; 2026 Vineyard Race,,,Not identified from public sources reviewed,,,,https://yachtscoring.com/event_results_detail/16572/1,https://yachtscoring.com/event_scratch_sheet/16572,https://yachtscoring.com/boatdetail/50775/529469,"Overall fleet rank and size come from YachtScoring Race 1 detailed results. The overall fleet is the source-defined racing circle plus rating division, not the individual class.",338479036; 338479179,338479036; 338479179,DUET,Not provided in export,Sailing,12.0,2.0,,Not provided in export,2026-09-04T13:01:47.168Z,2026-09-06T15:56:24.176Z,2302.0,Low,"Exact normalized name matched multiple AIS MMSIs; verify using dimensions, owner, or callsign.",Attached AIS_EVENTS_RAW.csv
16572,Vineyard Race,2024,"August 30 - September 2, 2024",Vineyard Racing | PHRF Division,Vineyard Racing,PHRF Division,,37,27,Class 7 PHRF,3.0,RET,,1:00:13:26,08/31/2024 @ 12:48:26 (GMT-05:00),peggyo,Peggy-O,USA 43895,Sabre,38 Ft,Pedro Escandon,Metedeconk River Yacht Club,"Brick, NJ, USA",PHRF,ToD / ToT,129.0,129.0,2026,2024 Vineyard Race; 2026 Around Long Island Regatta,,,Not identified from public sources reviewed,,,,https://yachtscoring.com/event_results_detail/16572/1,https://yachtscoring.com/event_scratch_sheet/16572,https://yachtscoring.com/boatdetail/50645/522567,"Overall fleet rank and size come from YachtScoring Race 1 detailed results. The overall fleet is the source-defined racing circle plus rating division, not the individual class.",,,,,,,,,,,,,,,
16572,Vineyard Race,2024,"August 30 - September 2, 2024",Vineyard Racing | PHRF Division,Vineyard Racing,PHRF Division,13.0,37,27,Class 8 PHRF,1.0,FINISHED,2:02:26:22,2:00:44:02,09/01/2024 @ 13:19:02 (GMT-05:00),sawtooth,Sawtooth,43681,Thomas 35,35 Ft,Peter Schmiedeck,SHYC,"Weston, CT, USA",PHRF,ToD / ToT,78.0,78.0,2025,2024 Storm Trysail Club Block Island Race; 2024 Vineyard Race; 2025 Storm Trysail Club Block Island Race; 2025 Vineyard Race,,,Not identified from public sources reviewed,,,,https://yachtscoring.com/event_results_detail/16572/1,https://yachtscoring.com/event_scratch_sheet/16572,https://yachtscoring.com/boatdetail/50111/512815,"Overall fleet rank and size come from YachtScoring Race 1 detailed results. The overall fleet is the source-defined racing circle plus rating division, not the individual class.",,,,,,,,,,,,,,,
16572,Vineyard Race,2024,"August 30 - September 2, 2024",Vineyard Racing | PHRF Division,Vineyard Racing,PHRF Division,14.0,37,27,Class 8 PHRF,2.0,FINISHED,2:02:31:15,2:00:34:40,09/01/2024 @ 13:09:40 (GMT-05:00),frequentflyer,Frequent Flyer,52361,Beneteau First 36.7,36 Ft,Alistair Duke,SHYC/CPYC,"Wilton, CT, USA",PHRF,ToD / ToT,75.0,84.0,2026,2024 Vineyard Race; 2025 Vineyard Race; 2026 Vineyard Race,,,Not identified from public sources reviewed,,,,https://yachtscoring.com/event_results_detail/16572/1,https://yachtscoring.com/event_scratch_sheet/16572,https://yachtscoring.com/boatdetail/50775/528461,"Overall fleet rank and size come from YachtScoring Race 1 detailed results. The overall fleet is the source-defined racing circle plus rating division, not the individual class.",338188881,338188881,FREQUENT FLYER,Not provided in export,Sailing,12.0,3.0,,Not provided in export,2026-09-04T15:44:44.729Z,2026-09-05T11:27:14.801Z,1254.0,High,"Exact normalized name match, compatible AIS vessel type, and compatible reported length.",Attached AIS_EVENTS_RAW.csv
16572,Vineyard Race,2024,"August 30 - September 2, 2024",Vineyard Racing | PHRF Division,Vineyard Racing,PHRF Division,19.0,37,27,Class 8 PHRF,3.0,FINISHED,2:04:45:04,2:01:59:30,09/01/2024 @ 14:34:30 (GMT-05:00),growthspurt,Growth Spurt,USA 261,J/109,35 Ft,"John Greifzu, Jr.",Stamford Yacht Club,"Darien, CT, USA",PHRF,ToD / ToT,66.0,63.0,2026,2024 Vineyard Race; 2025 Vineyard Race; 2026 Vineyard Race,,,Not identified from public sources reviewed,,,,https://yachtscoring.com/event_results_detail/16572/1,https://yachtscoring.com/event_scratch_sheet/16572,https://yachtscoring.com/boatdetail/50775/522339,"Overall fleet rank and size come from YachtScoring Race 1 detailed results. The overall fleet is the source-defined racing circle plus rating division, not the individual class.",338236237,338236237,GROWTH SPURT,Not provided in export,Sailing,11.0,3.0,,Not provided in export,2026-09-04T15:53:52.826Z,2026-09-05T12:06:48.421Z,1786.0,High,"Exact normalized name match, compatible AIS vessel type, and compatible reported length.",Attached AIS_EVENTS_RAW.csv
16572,Vineyard Race,2024,"August 30 - September 2, 2024",Vineyard Racing | PHRF Division,Vineyard Racing,PHRF Division,22.0,37,27,Class 8 PHRF,4.0,FINISHED,2:06:41:42,2:04:05:08,09/01/2024 @ 16:40:08 (GMT-05:00),fulltilt,FULL TILT,USA 200,J/109,35.2 Ft,Jonathan Thomson,PEQUOT,"FAIRFIELD, CT, USA",PHRF,ToD / ToT,69.0,69.0,2026,2024 Storm Trysail Club Block Island Race; 2024 Vineyard Race; 2026 Storm Trysail Club Block Island Race,,,Not identified from public sources reviewed,,,,https://yachtscoring.com/event_results_detail/16572/1,https://yachtscoring.com/event_scratch_sheet/16572,https://yachtscoring.com/boatdetail/50619/521596,"Overall fleet rank and size come from YachtScoring Race 1 detailed results. The overall fleet is the source-defined racing circle plus rating division, not the individual class.",,,,,,,,,,,,,,,
16572,Vineyard Race,2024,"August 30 - September 2, 2024",Vineyard Racing | PHRF Division,Vineyard Racing,PHRF Division,23.0,37,27,Class 8 PHRF,5.0,FINISHED,2:06:44:40,2:05:39:00,09/01/2024 @ 18:14:00 (GMT-05:00),sanguine,Sanguine,USA 100,J/100,32.8 Ft,Steven Landy / Derek Soohoo,City Island Yacht Club,"Armonk, New York, USA",PHRF,ToD / ToT,87.0,87.0,2025,2024 Storm Trysail Club Block Island Race; 2024 Vineyard Race; 2025 Around Long Island Regatta; 2025 Storm Trysail Club Block Island Race; 2025 Vineyard Race,,,Not identified from public sources reviewed,,,,https://yachtscoring.com/event_results_detail/16572/1,https://yachtscoring.com/event_scratch_sheet/16572,https://yachtscoring.com/boatdetail/50111/512946,"Overall fleet rank and size come from YachtScoring Race 1 detailed results. The overall fleet is the source-defined racing circle plus rating division, not the individual class.",,,,,,,,,,,,,,,
16572,Vineyard Race,2024,"August 30 - September 2, 2024",Vineyard Racing | PHRF Division,Vineyard Racing,PHRF Division,27.0,37,27,Class 8 PHRF,6.0,FINISHED,2:12:11:57,2:09:03:00,09/01/2024 @ 21:38:00 (GMT-05:00),osprey,Osprey,60697,J 35,35.5,Gregory Kotzas,Keyport Yacht Club,"Keyport, NJ, USA",PHRF,ToD / ToT,66.0,66.0,2024,2024 Around Long Island Regatta; 2024 Vineyard Race,,,Not identified from public sources reviewed,,,,https://yachtscoring.com/event_results_detail/16572/1,https://yachtscoring.com/event_scratch_sheet/16572,https://yachtscoring.com/boatdetail/16572/294431,"Overall fleet rank and size come from YachtScoring Race 1 detailed results. The overall fleet is the source-defined racing circle plus rating division, not the individual class.",338429575; 368111230,338429575; 368111230,OSPREY,Not provided in export,Pleasure,10.0,6.0,,Not provided in export,2026-09-04T18:35:00.573Z,2026-09-05T23:26:01.989Z,679.0,Low,"Exact normalized name matched multiple AIS MMSIs; verify using dimensions, owner, or callsign.",Attached AIS_EVENTS_RAW.csv
16572,Vineyard Race,2024,"August 30 - September 2, 2024",Vineyard Racing | PHRF Division,Vineyard Racing,PHRF Division,,37,27,Class 8 PHRF,7.0,RET,,0:05:55:32,08/30/2024 @ 18:30:32 (GMT-05:00),cathexis,Cathexis,USA 114,X382,38 Ft,Bryan & Kara Schapperle,NYC / NYYC / STC,"Wilton, CT, USA",PHRF,ToD / ToT,84.0,81.0,2026,2024 Vineyard Race; 2025 Storm Trysail Club Block Island Race; 2025 Vineyard Race; 2026 Storm Trysail Club Block Island Race; 2026 Vineyard Race,,,Not identified from public sources reviewed,,,,https://yachtscoring.com/event_results_detail/16572/1,https://yachtscoring.com/event_scratch_sheet/16572,https://yachtscoring.com/boatdetail/50775/528158,"Overall fleet rank and size come from YachtScoring Race 1 detailed results. The overall fleet is the source-defined racing circle plus rating division, not the individual class.",338249654,338249654,CATHEXIS,Not provided in export,Sailing,12.0,3.0,,Not provided in export,2026-09-04T13:01:41.57Z,2026-09-04T20:39:25.763Z,284.0,High,"Exact normalized name match, compatible AIS vessel type, and compatible reported length.",Attached AIS_EVENTS_RAW.csv
16572,Vineyard Race,2024,"August 30 - September 2, 2024",Vineyard Racing | PHRF Division,Vineyard Racing,PHRF Division,,37,27,Class 8 PHRF,8.0,RET,,1:03:48:07,08/31/2024 @ 16:23:07 (GMT-05:00),callisto,Callisto,USA 61483,Hallberg Rassy 44,45,Deric Hetzel,US Sailing,"Dobbs Ferry, NY, USA",PHRF,ToD / ToT,72.0,72.0,2025,2024 Vineyard Race; 2025 Vineyard Race,,,Not identified from public sources reviewed,,,,https://yachtscoring.com/event_results_detail/16572/1,https://yachtscoring.com/event_scratch_sheet/16572,https://yachtscoring.com/boatdetail/50111/509799,"Overall fleet rank and size come from YachtScoring Race 1 detailed results. The overall fleet is the source-defined racing circle plus rating division, not the individual class.",,,,,,,,,,,,,,,
16572,Vineyard Race,2024,"August 30 - September 2, 2024",Vineyard Racing | PHRF Division,Vineyard Racing,PHRF Division,5.0,37,27,Class 10 PHRF,1.0,FINISHED,1:21:45:49,1:17:28:03,09/01/2024 @ 06:23:03 (GMT-05:00),speck,Speck,USA 59916,J/120,40 Ft,William Klein,Norwalk Yacht Club,"Rowayton, CT, USA",PHRF,ToD / ToT,39.0,42.0,2026,2024 Vineyard Race; 2025 Vineyard Race; 2026 Storm Trysail Club Block Island Race; 2026 Vineyard Race,,,Not identified from public sources reviewed,,,,https://yachtscoring.com/event_results_detail/16572/1,https://yachtscoring.com/event_scratch_sheet/16572,https://yachtscoring.com/boatdetail/50775/526303,"Overall fleet rank and size come from YachtScoring Race 1 detailed results. The overall fleet is the source-defined racing circle plus rating division, not the individual class.",368182170,368182170,SPECK,Not provided in export,Pleasure,12.0,4.0,,Not provided in export,2026-09-04T13:01:49.728Z,2026-09-05T11:30:05.683Z,1732.0,High,"Exact normalized name match, compatible AIS vessel type, and compatible reported length.",Attached AIS_EVENTS_RAW.csv
16572,Vineyard Race,2024,"August 30 - September 2, 2024",Vineyard Racing | PHRF Division,Vineyard Racing,PHRF Division,6.0,37,27,Class 10 PHRF,2.0,FINISHED,1:21:51:34,1:17:45:59,09/01/2024 @ 06:40:59 (GMT-05:00),tenebrae,Tenebrae,USA 52400,J/124,40.7,William Ingraham,"Larchmont, STC","Larchmont, ny, USA",PHRF,ToD / ToT,42.0,39.0,2025,2024 Vineyard Race; 2025 Storm Trysail Club Block Island Race,,,Not identified from public sources reviewed,,,,https://yachtscoring.com/event_results_detail/16572/1,https://yachtscoring.com/event_scratch_sheet/16572,https://yachtscoring.com/boatdetail/50032/506893,"Overall fleet rank and size come from YachtScoring Race 1 detailed results. The overall fleet is the source-defined racing circle plus rating division, not the individual class.",368034190,368034190,TENEBRAE,Not provided in export,Sailing,12.0,4.0,,Not provided in export,2026-09-06T15:51:43.582Z,2026-09-06T17:20:28.681Z,210.0,High,"Exact normalized name match, compatible AIS vessel type, and compatible reported length.",Attached AIS_EVENTS_RAW.csv
16572,Vineyard Race,2024,"August 30 - September 2, 2024",Vineyard Racing | PHRF Division,Vineyard Racing,PHRF Division,8.0,37,27,Class 10 PHRF,3.0,FINISHED,1:22:25:02,1:18:29:28,09/01/2024 @ 07:24:28 (GMT-05:00),xcellent,Xcellent,USA 51442,X442,44 Ft,Eric O'Sullivan,Thames Yacht Club,"Old Lyme, CT, USA",ORC,APH,45.0,508.5,2026,2024 Vineyard Race; 2025 Vineyard Race; 2026 Vineyard Race,,,Not identified from public sources reviewed,,,,https://yachtscoring.com/event_results_detail/16572/1,https://yachtscoring.com/event_scratch_sheet/16572,https://yachtscoring.com/boatdetail/50775/529984,"Overall fleet rank and size come from YachtScoring Race 1 detailed results. The overall fleet is the source-defined racing circle plus rating division, not the individual class.",338476187,338476187,XCELLENT,Not provided in export,Sailing,13.0,4.0,,Not provided in export,2026-09-04T13:01:41.787Z,2026-09-06T14:02:48.888Z,1096.0,High,"Exact normalized name match, compatible AIS vessel type, and compatible reported length.",Attached AIS_EVENTS_RAW.csv
16572,Vineyard Race,2024,"August 30 - September 2, 2024",Vineyard Racing | PHRF Division,Vineyard Racing,PHRF Division,15.0,37,27,Class 10 PHRF,4.0,FINISHED,2:02:56:58,1:22:52:18,09/01/2024 @ 11:47:18 (GMT-05:00),charlotte,Charlotte,USA 46650,J/120,40 Ft,Richard West,"Stamford YC, NYYC, STC","Darien, CT, USA",PHRF,ToD / ToT,48.0,51.0,2026,2024 Storm Trysail Club Block Island Race; 2024 Vineyard Race; 2025 Storm Trysail Club Block Island Race; 2025 Vineyard Race; 2026 Storm Trysail Club Block Island Race; 2026 Vineyard Race,,,Not identified from public sources reviewed,,,,https://yachtscoring.com/event_results_detail/16572/1,https://yachtscoring.com/event_scratch_sheet/16572,https://yachtscoring.com/boatdetail/50775/521977,"Overall fleet rank and size come from YachtScoring Race 1 detailed results. The overall fleet is the source-defined racing circle plus rating division, not the individual class.",368248080,368248080,CHARLOTTE,Not provided in export,Sailing,12.0,4.0,,Not provided in export,2026-09-04T13:01:40.309Z,2026-09-07T12:34:12.754Z,1984.0,High,"Exact normalized name match, compatible AIS vessel type, and compatible reported length.",Attached AIS_EVENTS_RAW.csv
16572,Vineyard Race,2024,"August 30 - September 2, 2024",Vineyard Racing | PHRF Division,Vineyard Racing,PHRF Division,16.0,37,27,Class 10 PHRF,5.0,FINISHED,2:03:10:27,1:22:36:24,09/01/2024 @ 11:31:24 (GMT-05:00),madison,Madison,USA 83293,J/120,40' Ft,Brian Spears,Pequot YC | STC,"Fairfield, CT, USA",PHRF,ToD / ToT,42.0,42.0,2026,2024 Storm Trysail Club Block Island Race; 2024 Vineyard Race; 2025 Storm Trysail Club Block Island Race; 2025 Vineyard Race; 2026 Storm Trysail Club Block Island Race; 2026 Vineyard Race,,,Not identified from public sources reviewed,,,,https://yachtscoring.com/event_results_detail/16572/1,https://yachtscoring.com/event_scratch_sheet/16572,https://yachtscoring.com/boatdetail/50775/529464,"Overall fleet rank and size come from YachtScoring Race 1 detailed results. The overall fleet is the source-defined racing circle plus rating division, not the individual class.",367704280,367704280,MADISON,Not provided in export,Sailing,12.0,4.0,,Not provided in export,2026-09-04T13:01:49.41Z,2026-09-05T11:30:21.564Z,1781.0,High,"Exact normalized name match, compatible AIS vessel type, and compatible reported length.",Attached AIS_EVENTS_RAW.csv
16572,Vineyard Race,2024,"August 30 - September 2, 2024",Vineyard Racing | PHRF Division,Vineyard Racing,PHRF Division,24.0,37,27,Class 10 PHRF,6.0,FINISHED,2:06:46:15,2:02:38:36,09/01/2024 @ 15:33:36 (GMT-05:00),bluefire,Blue Fire,USA 60351,Summit 35,35,Mark Parry,Riverside Yacht Club,"Riverside, CT, USA",PHRF,ToD / ToT,51.0,51.0,2024,2024 Vineyard Race,,,Not identified from public sources reviewed,,,,https://yachtscoring.com/event_results_detail/16572/1,https://yachtscoring.com/event_scratch_sheet/16572,https://yachtscoring.com/boatdetail/16572/301118,"Overall fleet rank and size come from YachtScoring Race 1 detailed results. The overall fleet is the source-defined racing circle plus rating division, not the individual class.",,,,,,,,,,,,,,,
16572,Vineyard Race,2024,"August 30 - September 2, 2024",Vineyard Racing | PHRF Division,Vineyard Racing,PHRF Division,,37,27,Class 10 PHRF,7.0,RET,,0:03:52:48,08/30/2024 @ 16:52:48 (GMT-05:00),exuberance,Exuberance,USA 51506,X-442,44 Ft,Rich Spitzenberger,PJYC,"PORT JEFFERSON, NY, USA",PHRF,ToD / ToT,48.0,48.0,2026,2024 Vineyard Race; 2025 Vineyard Race; 2026 Around Long Island Regatta,,,Not identified from public sources reviewed,,,,https://yachtscoring.com/event_results_detail/16572/1,https://yachtscoring.com/event_scratch_sheet/16572,https://yachtscoring.com/boatdetail/50645/527105,"Overall fleet rank and size come from YachtScoring Race 1 detailed results. The overall fleet is the source-defined racing circle plus rating division, not the individual class.",338498112,338498112,EXUBERANCE,Not provided in export,Pleasure,13.0,5.0,,Not provided in export,2026-09-04T17:08:44.185Z,2026-09-07T14:36:08.135Z,229.0,High,"Exact normalized name match, compatible AIS vessel type, and compatible reported length.",Attached AIS_EVENTS_RAW.csv
16572,Vineyard Race,2024,"August 30 - September 2, 2024",Vineyard Racing | PHRF Division,Vineyard Racing,PHRF Division,,37,27,Class 10 PHRF,8.0,RET,,0:05:35:32,08/30/2024 @ 18:30:32 (GMT-05:00),ohana,Ohana,61117,Arcona 435 MkII,44.7 Ft,Ken Wisdom,CPYC/NYYC/RORC,"Wilton, CT, USA",ORC,APH,54.0,483.8,2026,2024 Vineyard Race; 2025 Around Long Island Regatta; 2025 Vineyard Race; 2026 Around Long Island Regatta; 2026 Vineyard Race,,,Not identified from public sources reviewed,,,,https://yachtscoring.com/event_results_detail/16572/1,https://yachtscoring.com/event_scratch_sheet/16572,https://yachtscoring.com/boatdetail/50775/528935,"Overall fleet rank and size come from YachtScoring Race 1 detailed results. The overall fleet is the source-defined racing circle plus rating division, not the individual class.",338351614; 368366540; 368396040,338351614; 368366540; 368396040,OHANA,Not provided in export,Sailing,13.0,4.0,,Not provided in export,2026-09-04T13:01:36.882Z,2026-09-06T08:25:35.409Z,2053.0,Low,"Exact normalized name matched multiple AIS MMSIs; verify using dimensions, owner, or callsign.",Attached AIS_EVENTS_RAW.csv
16572,Vineyard Race,2024,"August 30 - September 2, 2024",Vineyard Racing | PHRF Division,Vineyard Racing,PHRF Division,,37,27,Class 10 PHRF,9.0,RET,,0:09:37:22,08/30/2024 @ 22:32:22 (GMT-05:00),alibi,Alibi,USA 43968,J/120,40 Ft,John Sartorius,"NYYC, IHYC","Greenwich, CT, USA",PHRF,ToD / ToT,42.0,39.0,2026,2024 Vineyard Race; 2025 Storm Trysail Club Block Island Race; 2025 Vineyard Race; 2026 Storm Trysail Club Block Island Race; 2026 Vineyard Race,,,Not identified from public sources reviewed,,,,https://yachtscoring.com/event_results_detail/16572/1,https://yachtscoring.com/event_scratch_sheet/16572,https://yachtscoring.com/boatdetail/50775/528273,"Overall fleet rank and size come from YachtScoring Race 1 detailed results. The overall fleet is the source-defined racing circle plus rating division, not the individual class.",338532684; 366821680,338532684; 366821680,ALIBI,Not provided in export,Sailing,12.0,4.0,,Not provided in export,2026-09-04T13:01:50.288Z,2026-09-07T12:04:02.449Z,3367.0,Low,"Exact normalized name matched multiple AIS MMSIs; verify using dimensions, owner, or callsign.",Attached AIS_EVENTS_RAW.csv
16572,Vineyard Race,2024,"August 30 - September 2, 2024",Vineyard Racing | PHRF Division,Vineyard Racing,PHRF Division,,37,27,Class 10 PHRF,10.0,RET,,1:16:57:46,09/01/2024 @ 05:52:46 (GMT-05:00),mischief,Mischief,US 61523,J 112,36,Eric & Maggie Deichmann,Riverside Yacht Club,"Riverside, CT, USA",PHRF,ToD / ToT,51.0,48.0,2025,2024 Vineyard Race; 2025 Storm Trysail Club Block Island Race,,,Not identified from public sources reviewed,,,,https://yachtscoring.com/event_results_detail/16572/1,https://yachtscoring.com/event_scratch_sheet/16572,https://yachtscoring.com/boatdetail/50032/503167,"Overall fleet rank and size come from YachtScoring Race 1 detailed results. The overall fleet is the source-defined racing circle plus rating division, not the individual class.",338460537,338460537,MISCHIEF,Not provided in export,Pleasure,9.0,3.0,,Not provided in export,2026-09-05T03:42:39.484Z,2026-09-05T08:32:04.971Z,234.0,High,"Exact normalized name match, compatible AIS vessel type, and compatible reported length.",Attached AIS_EVENTS_RAW.csv
16572,Vineyard Race,2024,"August 30 - September 2, 2024",Vineyard Racing | PHRF Division,Vineyard Racing,PHRF Division,1.0,37,27,Class 11 PHRF,1.0,FINISHED,1:18:38:17,1:13:51:00,09/01/2024 @ 02:56:00 (GMT-05:00),loki,Loki,USA 61220,J/122,40 Ft,David Rosow,Pequot Yacht Club / NYYC,"Fairfield, CT, USA",ORC,APH,27.0,511.3,2026,2024 Storm Trysail Club Block Island Race; 2024 Vineyard Race; 2025 Storm Trysail Club Block Island Race; 2025 Vineyard Race; 2026 Storm Trysail Club Block Island Race; 2026 Vineyard Race,,,Not identified from public sources reviewed,,,,https://yachtscoring.com/event_results_detail/16572/1,https://yachtscoring.com/event_scratch_sheet/16572,https://yachtscoring.com/boatdetail/50775/526362,"Overall fleet rank and size come from YachtScoring Race 1 detailed results. The overall fleet is the source-defined racing circle plus rating division, not the individual class.",368006960,368006960,LOKI,Not provided in export,Sailing,12.0,4.0,,Not provided in export,2026-09-04T15:44:43.847Z,2026-09-05T11:33:13.609Z,1624.0,High,"Exact normalized name match, compatible AIS vessel type, and compatible reported length.",Attached AIS_EVENTS_RAW.csv
16572,Vineyard Race,2024,"August 30 - September 2, 2024",Vineyard Racing | PHRF Division,Vineyard Racing,PHRF Division,2.0,37,27,Class 11 PHRF,2.0,FINISHED,1:19:31:35,1:14:26:14,09/01/2024 @ 03:31:14 (GMT-05:00),fireball,Fireball,USA 16,J/111,36.5 Ft,Bill & Jackie Baxter,Riverside Yacht Club / STC / NYYC,"Stamford, CT, USA",PHRF,ToD / ToT,24.0,24.0,2026,2024 Storm Trysail Club Block Island Race; 2024 Vineyard Race; 2025 Storm Trysail Club Block Island Race; 2025 Vineyard Race; 2026 Storm Trysail Club Block Island Race,,,Not identified from public sources reviewed,,,,https://yachtscoring.com/event_results_detail/16572/1,https://yachtscoring.com/event_scratch_sheet/16572,https://yachtscoring.com/boatdetail/50619/521095,"Overall fleet rank and size come from YachtScoring Race 1 detailed results. The overall fleet is the source-defined racing circle plus rating division, not the individual class.",,,,,,,,,,,,,,,
16572,Vineyard Race,2024,"August 30 - September 2, 2024",Vineyard Racing | PHRF Division,Vineyard Racing,PHRF Division,4.0,37,27,Class 11 PHRF,3.0,FINISHED,1:21:39:36,1:16:31:57,09/01/2024 @ 05:36:57 (GMT-05:00),direwolf,Dire Wolf,USA 12204,J/122,40 Ft,Constantine Baris,Sagamore Yacht Club / New York Yacht Club / Storm Trysail Club / New York Athletic Club Yacht Club,"Locust Valley, NY, USA",ORC,APH,27.0,508.4,2026,2024 Storm Trysail Club Block Island Race; 2024 Vineyard Race; 2025 Storm Trysail Club Block Island Race; 2025 Vineyard Race; 2026 Storm Trysail Club Block Island Race,,,Not identified from public sources reviewed,,,,https://yachtscoring.com/event_results_detail/16572/1,https://yachtscoring.com/event_scratch_sheet/16572,https://yachtscoring.com/boatdetail/50619/517751,"Overall fleet rank and size come from YachtScoring Race 1 detailed results. The overall fleet is the source-defined racing circle plus rating division, not the individual class.",,,,,,,,,,,,,,,
16572,Vineyard Race,2024,"August 30 - September 2, 2024",Vineyard Racing | PHRF Division,Vineyard Racing,PHRF Division,10.0,37,27,Class 11 PHRF,4.0,FINISHED,1:23:39:34,1:18:18:27,09/01/2024 @ 07:23:27 (GMT-05:00),ciaobaby,Ciao Baby,USA 102,J/111,37 Ft,Peter Chirlian,AHYC,"Sea Girt, NJ, USA",PHRF,ToD / ToT,27.0,27.0,2025,2024 Vineyard Race; 2025 Vineyard Race,,,Not identified from public sources reviewed,,,,https://yachtscoring.com/event_results_detail/16572/1,https://yachtscoring.com/event_scratch_sheet/16572,https://yachtscoring.com/boatdetail/50111/510409,"Overall fleet rank and size come from YachtScoring Race 1 detailed results. The overall fleet is the source-defined racing circle plus rating division, not the individual class.",,,,,,,,,,,,,,,
16572,Vineyard Race,2024,"August 30 - September 2, 2024",Vineyard Racing | PHRF Division,Vineyard Racing,PHRF Division,12.0,37,27,Class 11 PHRF,5.0,FINISHED,2:01:09:17,1:19:24:27,09/01/2024 @ 08:29:27 (GMT-05:00),19thnervousbreakdown,19th Nervous Breakdown,USA 11114,J 111,36.5 Ft,John Sutherland,Mystic River Mudheads Sailing Assoc.,"Groton, CT, USA",ORC,APH,24.0,504.5,2025,2024 Vineyard Race; 2025 Vineyard Race,,,Not identified from public sources reviewed,,,,https://yachtscoring.com/event_results_detail/16572/1,https://yachtscoring.com/event_scratch_sheet/16572,https://yachtscoring.com/boatdetail/50111/510456,"Overall fleet rank and size come from YachtScoring Race 1 detailed results. The overall fleet is the source-defined racing circle plus rating division, not the individual class.",,,,,,,,,,,,,,,
16572,Vineyard Race,2024,"August 30 - September 2, 2024",Vineyard Racing | PHRF Division,Vineyard Racing,PHRF Division,17.0,37,27,Class 11 PHRF,6.0,FINISHED,2:04:20:48,1:22:13:35,09/01/2024 @ 11:18:35 (GMT-05:00),theroost,The Roost,USA 12,J/111,36.5 Ft,Pito Chickering,Riverside Yacht Club / NYYC / STC,"Cos Cob, CT, USA",PHRF,ToD / ToT,24.0,24.0,2026,2024 Storm Trysail Club Block Island Race; 2024 Vineyard Race; 2025 Storm Trysail Club Block Island Race; 2026 Vineyard Race,,,Not identified from public sources reviewed,,,,https://yachtscoring.com/event_results_detail/16572/1,https://yachtscoring.com/event_scratch_sheet/16572,https://yachtscoring.com/boatdetail/50775/529630,"Overall fleet rank and size come from YachtScoring Race 1 detailed results. The overall fleet is the source-defined racing circle plus rating division, not the individual class.",338479506,338479506,THE ROOST,Not provided in export,Sailing,11.0,4.0,,Not provided in export,2026-09-04T15:45:49.664Z,2026-09-05T11:17:41.879Z,1468.0,High,"Exact normalized name match, compatible AIS vessel type, and compatible reported length.",Attached AIS_EVENTS_RAW.csv
16572,Vineyard Race,2024,"August 30 - September 2, 2024",Vineyard Racing | PHRF Division,Vineyard Racing,PHRF Division,26.0,37,27,Class 11 PHRF,7.0,FINISHED,2:11:59:03,2:04:24:55,09/01/2024 @ 17:29:55 (GMT-05:00),rhiannon,Rhiannon,USA 52488,J 133,43,Cao Deambrosio & Chris Nicholls,Stamford Yacht Club,"Stamford, CT, USA",PHRF,ToD / ToT,18.0,18.0,2024,2024 Vineyard Race,,,Not identified from public sources reviewed,,,,https://yachtscoring.com/event_results_detail/16572/1,https://yachtscoring.com/event_scratch_sheet/16572,https://yachtscoring.com/boatdetail/16572/308416,"Overall fleet rank and size come from YachtScoring Race 1 detailed results. The overall fleet is the source-defined racing circle plus rating division, not the individual class.",,,,,,,,,,,,,,,
16572,Vineyard Race,2024,"August 30 - September 2, 2024",Vineyard Racing | PHRF Division,Vineyard Racing,PHRF Division,,37,27,Class 11 PHRF,8.0,RET,,0:03:28:24,08/30/2024 @ 16:38:24 (GMT-05:00),comet,Comet,USA 43600,J44,44 Ft,United States Merchant Marine Academy,KPUSMMA,"Kings Point, NY, USA",PHRF,ToD / ToT,27.0,27.0,2026,2024 Storm Trysail Club Block Island Race; 2024 Vineyard Race; 2026 Storm Trysail Club Block Island Race,,,Not identified from public sources reviewed,,,,https://yachtscoring.com/event_results_detail/16572/1,https://yachtscoring.com/event_scratch_sheet/16572,https://yachtscoring.com/boatdetail/50619/518597,"Overall fleet rank and size come from YachtScoring Race 1 detailed results. The overall fleet is the source-defined racing circle plus rating division, not the individual class.",,,,,,,,,,,,,,,
16572,Vineyard Race,2024,"August 30 - September 2, 2024",Vineyard Racing | PHRF Division,Vineyard Racing,PHRF Division,,37,27,Class 11 PHRF,9.0,RET,,1:06:35:46,08/31/2024 @ 19:40:46 (GMT-05:00),scylla,Scylla,USA 60739,Dehler 46,47 Ft,Markus Lahrkamp,American Yacht Club,"Rye, NY, USA",PHRF,ToD / ToT,24.0,15.0,2026,2024 Storm Trysail Club Block Island Race; 2024 Vineyard Race; 2025 Vineyard Race; 2026 Storm Trysail Club Block Island Race,,,Not identified from public sources reviewed,,,,https://yachtscoring.com/event_results_detail/16572/1,https://yachtscoring.com/event_scratch_sheet/16572,https://yachtscoring.com/boatdetail/50619/521108,"Overall fleet rank and size come from YachtScoring Race 1 detailed results. The overall fleet is the source-defined racing circle plus rating division, not the individual class.",,,,,,,,,,,,,,,
16572,Vineyard Race,2024,"August 30 - September 2, 2024",Vineyard Racing | PHRF Division,Vineyard Racing,PHRF Division,9.0,37,27,Class 14 PHRF,1.0,FINISHED,1:22:28:35,1:14:15:08,09/01/2024 @ 03:50:08 (GMT-05:00),goodnews,Good News,USA 7065,J/125,41 Ft,Macrae Sykes,NYYC/RYC/STC,"Old Greenwich, CT, USA",ORC,APH,-15.0,462.2,2026,2024 Storm Trysail Club Block Island Race; 2024 Vineyard Race; 2025 Storm Trysail Club Block Island Race; 2025 Vineyard Race; 2026 Vineyard Race,,,Not identified from public sources reviewed,,,,https://yachtscoring.com/event_results_detail/16572/1,https://yachtscoring.com/event_scratch_sheet/16572,https://yachtscoring.com/boatdetail/50775/527412,"Overall fleet rank and size come from YachtScoring Race 1 detailed results. The overall fleet is the source-defined racing circle plus rating division, not the individual class.",368131030,368131030,GOOD NEWS,Not provided in export,Pleasure,13.0,3.0,,Not provided in export,2026-09-04T13:01:38.543Z,2026-09-05T10:24:36.89Z,624.0,High,"Exact normalized name match, compatible AIS vessel type, and compatible reported length.",Attached AIS_EVENTS_RAW.csv
16572,Vineyard Race,2024,"August 30 - September 2, 2024",Vineyard Racing | PHRF Division,Vineyard Racing,PHRF Division,11.0,37,27,Class 14 PHRF,2.0,FINISHED,1:23:59:35,1:13:30:33,09/01/2024 @ 03:05:33 (GMT-05:00),resonance,Resonance,2355,X-Yachts Xp55,56.5,Kurt Locher,Larchmont Yacht Club / NYYC,"Nashville, TN, USA",PHRF,ToD / ToT,-42.0,-42.0,2024,2024 Vineyard Race,,,Not identified from public sources reviewed,,,,https://yachtscoring.com/event_results_detail/16572/1,https://yachtscoring.com/event_scratch_sheet/16572,https://yachtscoring.com/boatdetail/16572/308694,"Overall fleet rank and size come from YachtScoring Race 1 detailed results. The overall fleet is the source-defined racing circle plus rating division, not the individual class.",339000221,339000221,RESONANCE,Not provided in export,Pleasure,38.0,8.0,,Not provided in export,2026-09-04T17:22:04.197Z,2026-09-07T14:34:59.155Z,1311.0,Low,"Exact normalized name match, but AIS reported length or type conflicts with the race entry.",Attached AIS_EVENTS_RAW.csv
16572,Vineyard Race,2024,"August 30 - September 2, 2024",Vineyard Racing | PHRF Division,Vineyard Racing,PHRF Division,21.0,37,27,Class 14 PHRF,3.0,FINISHED,2:06:30:41,1:21:22:10,09/01/2024 @ 10:57:10 (GMT-05:00),hounddog,Hound Dog,USA 51110,Tripp 41,41 Ft,Connor Mettus,,"New Smyrna Beach, FL, USA",PHRF,ToD / ToT,-9.0,-9.0,2025,2024 Around Long Island Regatta; 2024 Vineyard Race; 2025 Vineyard Race,,,Not identified from public sources reviewed,,,,https://yachtscoring.com/event_results_detail/16572/1,https://yachtscoring.com/event_scratch_sheet/16572,https://yachtscoring.com/boatdetail/50111/513283,"Overall fleet rank and size come from YachtScoring Race 1 detailed results. The overall fleet is the source-defined racing circle plus rating division, not the individual class.",,,,,,,,,,,,,,,
50111,Vineyard Race,2025,"August 29 - 31, 2025",Cornfield Point Racing | PHRF Division,Cornfield Point Racing,PHRF Division,3.0,10,10,Class 1 - PHRF NS,1.0,FINISHED,0:18:27:52,0:18:56:51,08/30/2025 @ 07:01:51 (GMT-05:00),kekoa,Kekoa,CAN 131313,Tartan 38,11.5 M,Luke Wakeman,Ponus Yacht Club,"Halifax, NS, Canada",PHRF,ToD / ToT,117.0,117.0,2025,2024 Vineyard Race; 2025 Vineyard Race,,,Not identified from public sources reviewed,,,,https://yachtscoring.com/event_results_detail/50111/1,https://yachtscoring.com/event_scratch_sheet/50111,https://yachtscoring.com/boatdetail/50111/513158,"Overall fleet rank and size come from YachtScoring Race 1 detailed results. The overall fleet is the source-defined racing circle plus rating division, not the individual class.",,,,,,,,,,,,,,,
50111,Vineyard Race,2025,"August 29 - 31, 2025",Cornfield Point Racing | PHRF Division,Cornfield Point Racing,PHRF Division,5.0,10,10,Class 1 - PHRF NS,2.0,FINISHED,0:18:56:25,0:18:44:10,08/30/2025 @ 06:49:10 (GMT-05:00),iris,Iris,USA 25567,Sabre426,42’6” Ft,Lee Backus,SHYC,"Westport, CT, USA",PHRF,ToD / ToT,93.0,99.0,2026,2024 Vineyard Race; 2025 Vineyard Race; 2026 Vineyard Race,,,Not identified from public sources reviewed,,,,https://yachtscoring.com/event_results_detail/50111/1,https://yachtscoring.com/event_scratch_sheet/50111,https://yachtscoring.com/boatdetail/50775/528985,"Overall fleet rank and size come from YachtScoring Race 1 detailed results. The overall fleet is the source-defined racing circle plus rating division, not the individual class.",338492882,338492882,IRIS,Not provided in export,Sailing,13.0,4.0,,Not provided in export,2026-09-04T13:01:37.249Z,2026-09-05T04:33:20.349Z,2004.0,High,"Exact normalized name match, compatible AIS vessel type, and compatible reported length.",Attached AIS_EVENTS_RAW.csv
50111,Vineyard Race,2025,"August 29 - 31, 2025",Cornfield Point Racing | PHRF Division,Cornfield Point Racing,PHRF Division,8.0,10,10,Class 1 - PHRF NS,3.0,FINISHED,0:19:52:44,0:19:45:23,08/30/2025 @ 07:50:23 (GMT-05:00),celebrationii,Celebration (II),USA 41437,Tripp 37,37 Ft,Sea Scout Ship 6,Sea Scouts,"Norwalk, CT, USA",PHRF,ToD / ToT,96.0,96.0,2026,2025 Vineyard Race; 2026 Vineyard Race,,,Not identified from public sources reviewed,,,,https://yachtscoring.com/event_results_detail/50111/1,https://yachtscoring.com/event_scratch_sheet/50111,https://yachtscoring.com/boatdetail/50775/530301,"Overall fleet rank and size come from YachtScoring Race 1 detailed results. The overall fleet is the source-defined racing circle plus rating division, not the individual class.",,,,,,,,,,,,,,,
50111,Vineyard Race,2025,"August 29 - 31, 2025",Cornfield Point Racing | PHRF Division,Cornfield Point Racing,PHRF Division,10.0,10,10,Class 1 - PHRF NS,4.0,FINISHED,1:05:27:23,1:08:07:46,08/30/2025 @ 20:12:46 (GMT-05:00),terranova,Terra Nova,USA 0127,Hunter 33,33 Ft,Alexander Malochka,none,"Brooklyn, NY, USA",PHRF,ToD / ToT,159.0,159.0,2025,2024 Around Long Island Regatta; 2024 Vineyard Race; 2025 Around Long Island Regatta; 2025 Vineyard Race,,,Not identified from public sources reviewed,,,,https://yachtscoring.com/event_results_detail/50111/1,https://yachtscoring.com/event_scratch_sheet/50111,https://yachtscoring.com/boatdetail/50111/510427,"Overall fleet rank and size come from YachtScoring Race 1 detailed results. The overall fleet is the source-defined racing circle plus rating division, not the individual class.",,,,,,,,,,,,,,,
50111,Vineyard Race,2025,"August 29 - 31, 2025",Cornfield Point Racing | PHRF Division,Cornfield Point Racing,PHRF Division,1.0,10,10,Class 2 - PHRF,1.0,FINISHED,0:17:01:56,0:18:48:50,08/30/2025 @ 06:53:50 (GMT-05:00),goldeneye,Golden-Eye,USA 1937,Rhodes,41.1 Ft,Michael Emmert,Sea Cliff Yacht Club,"Glen Head, NY, USA",PHRF,ToD / ToT,168.0,171.0,2026,2025 Around Long Island Regatta; 2025 Vineyard Race; 2026 Around Long Island Regatta; 2026 Vineyard Race,,,Not identified from public sources reviewed,,,,https://yachtscoring.com/event_results_detail/50111/1,https://yachtscoring.com/event_scratch_sheet/50111,https://yachtscoring.com/boatdetail/50775/529631,"Overall fleet rank and size come from YachtScoring Race 1 detailed results. The overall fleet is the source-defined racing circle plus rating division, not the individual class.",338222494,338222494,GOLDEN-EYE,Not provided in export,Sailing,14.0,3.0,,Not provided in export,2026-09-04T00:23:04.718Z,2026-09-07T14:29:19.49Z,1958.0,High,"Exact normalized name match, compatible AIS vessel type, and compatible reported length.",Attached AIS_EVENTS_RAW.csv
50111,Vineyard Race,2025,"August 29 - 31, 2025",Cornfield Point Racing | PHRF Division,Cornfield Point Racing,PHRF Division,2.0,10,10,Class 2 - PHRF,2.0,FINISHED,0:18:04:14,0:17:47:35,08/30/2025 @ 05:52:35 (GMT-05:00),slingshot,Slingshot,USA 747,Melges24,24 Ft,Wes Whitmyer Jr,Stamford YC,"Stamford, CT, USA",PHRF,ToD / ToT,90.0,90.0,2025,2024 Vineyard Race; 2025 Vineyard Race,,,Not identified from public sources reviewed,,,,https://yachtscoring.com/event_results_detail/50111/1,https://yachtscoring.com/event_scratch_sheet/50111,https://yachtscoring.com/boatdetail/50111/513225,"Overall fleet rank and size come from YachtScoring Race 1 detailed results. The overall fleet is the source-defined racing circle plus rating division, not the individual class.",,,,,,,,,,,,,,,
50111,Vineyard Race,2025,"August 29 - 31, 2025",Cornfield Point Racing | PHRF Division,Cornfield Point Racing,PHRF Division,4.0,10,10,Class 2 - PHRF,3.0,FINISHED,0:18:30:16,0:19:09:35,08/30/2025 @ 07:14:35 (GMT-05:00),gadzooks,Gadzooks,USA 21108,C&C38,37 Ft,Geoffrey Beringer,The Corinthians,"Darien, CT, USA",PHRF,ToD / ToT,123.0,123.0,2025,2024 Vineyard Race; 2025 Storm Trysail Club Block Island Race; 2025 Vineyard Race,,,Not identified from public sources reviewed,,,,https://yachtscoring.com/event_results_detail/50111/1,https://yachtscoring.com/event_scratch_sheet/50111,https://yachtscoring.com/boatdetail/50111/512427,"Overall fleet rank and size come from YachtScoring Race 1 detailed results. The overall fleet is the source-defined racing circle plus rating division, not the individual class.",,,,,,,,,,,,,,,
50111,Vineyard Race,2025,"August 29 - 31, 2025",Cornfield Point Racing | PHRF Division,Cornfield Point Racing,PHRF Division,6.0,10,10,Class 2 - PHRF,4.0,FINISHED,0:19:12:23,0:18:49:21,08/30/2025 @ 06:54:21 (GMT-05:00),gambit,Gambit,USA 252,J 105,34.5 Ft,Christopher Miller,Halloween YC,"Stamford, CT, USA",PHRF,ToD / ToT,87.0,87.0,2025,2025 Vineyard Race,,,Not identified from public sources reviewed,,,,https://yachtscoring.com/event_results_detail/50111/1,https://yachtscoring.com/event_scratch_sheet/50111,https://yachtscoring.com/boatdetail/50111/510471,"Overall fleet rank and size come from YachtScoring Race 1 detailed results. The overall fleet is the source-defined racing circle plus rating division, not the individual class.",,,,,,,,,,,,,,,
50111,Vineyard Race,2025,"August 29 - 31, 2025",Cornfield Point Racing | PHRF Division,Cornfield Point Racing,PHRF Division,7.0,10,10,Class 2 - PHRF,5.0,FINISHED,0:19:29:15,0:20:21:24,08/30/2025 @ 08:26:24 (GMT-05:00),roo,Roo,USA 138,C&C 33-2,32.58 Ft,Gary Tarnoff,Breakwater Irregulars,"Stamford, CT, USA",PHRF,ToD / ToT,129.0,129.0,2026,2024 Vineyard Race; 2025 Vineyard Race; 2026 Vineyard Race,,,Not identified from public sources reviewed,,,,https://yachtscoring.com/event_results_detail/50111/1,https://yachtscoring.com/event_scratch_sheet/50111,https://yachtscoring.com/boatdetail/50775/529712,"Overall fleet rank and size come from YachtScoring Race 1 detailed results. The overall fleet is the source-defined racing circle plus rating division, not the individual class.",,,,,,,,,,,,,,,
50111,Vineyard Race,2025,"August 29 - 31, 2025",Cornfield Point Racing | PHRF Division,Cornfield Point Racing,PHRF Division,9.0,10,10,Class 2 - PHRF,6.0,FINISHED,0:20:49:16,0:21:50:44,08/30/2025 @ 09:55:44 (GMT-05:00),bonnesant,Bonne Santé,USA 35,Jeanneau 350,35 Ft,Dan Anderson,Stamford Yacht Club,"Stamford, Connecticut, USA",PHRF,ToD / ToT,132.0,132.0,2026,2025 Vineyard Race; 2026 Vineyard Race,,,Not identified from public sources reviewed,,,,https://yachtscoring.com/event_results_detail/50111/1,https://yachtscoring.com/event_scratch_sheet/50111,https://yachtscoring.com/boatdetail/50775/525413,"Overall fleet rank and size come from YachtScoring Race 1 detailed results. The overall fleet is the source-defined racing circle plus rating division, not the individual class.",,,,,,,,,,,,,,,
50111,Vineyard Race,2025,"August 29 - 31, 2025",Seaflower Racing | PHRF Division,Seaflower Racing,PHRF Division,1.0,6,6,Class 3 - PHRF,1.0,FINISHED,0:21:34:19,0:20:50:33,08/30/2025 @ 09:05:33 (GMT-05:00),sawtooth,Sawtooth,USA 43681,Thomas 35,35 Ft,Peter Schmiedeck,SHYC,"Weston, CT, USA",PHRF,ToD / ToT,78.0,78.0,2025,2024 Storm Trysail Club Block Island Race; 2024 Vineyard Race; 2025 Storm Trysail Club Block Island Race; 2025 Vineyard Race,,,Not identified from public sources reviewed,,,,https://yachtscoring.com/event_results_detail/50111/1,https://yachtscoring.com/event_scratch_sheet/50111,https://yachtscoring.com/boatdetail/50111/512815,"Overall fleet rank and size come from YachtScoring Race 1 detailed results. The overall fleet is the source-defined racing circle plus rating division, not the individual class.",,,,,,,,,,,,,,,
50111,Vineyard Race,2025,"August 29 - 31, 2025",Seaflower Racing | PHRF Division,Seaflower Racing,PHRF Division,2.0,6,6,Class 3 - PHRF,2.0,FINISHED,0:22:17:38,0:21:20:02,08/30/2025 @ 09:35:02 (GMT-05:00),callisto,Callisto,USA 61483,Hallberg Rassy 44,45,Deric Hetzel,US Sailing,"Dobbs Ferry, NY, USA",PHRF,ToD / ToT,72.0,72.0,2025,2024 Vineyard Race; 2025 Vineyard Race,,,Not identified from public sources reviewed,,,,https://yachtscoring.com/event_results_detail/50111/1,https://yachtscoring.com/event_scratch_sheet/50111,https://yachtscoring.com/boatdetail/50111/509799,"Overall fleet rank and size come from YachtScoring Race 1 detailed results. The overall fleet is the source-defined racing circle plus rating division, not the individual class.",,,,,,,,,,,,,,,
50111,Vineyard Race,2025,"August 29 - 31, 2025",Seaflower Racing | PHRF Division,Seaflower Racing,PHRF Division,3.0,6,6,Class 3 - PHRF,3.0,FINISHED,0:22:42:28,0:22:02:39,08/30/2025 @ 10:17:39 (GMT-05:00),scorpios,Scorpios,USA 2608,GP26,26 Ft,Costas Vlahakis,Halloween YC,"Stamford, CT, USA",PHRF,ToD / ToT,81.0,81.0,2026,2025 Vineyard Race; 2026 Vineyard Race,,,Not identified from public sources reviewed,,,,https://yachtscoring.com/event_results_detail/50111/1,https://yachtscoring.com/event_scratch_sheet/50111,https://yachtscoring.com/boatdetail/50775/526889,"Overall fleet rank and size come from YachtScoring Race 1 detailed results. The overall fleet is the source-defined racing circle plus rating division, not the individual class.",,,,,,,,,,,,,,,
50111,Vineyard Race,2025,"August 29 - 31, 2025",Seaflower Racing | PHRF Division,Seaflower Racing,PHRF Division,4.0,6,6,Class 3 - PHRF,4.0,FINISHED,0:22:45:26,0:23:08:29,08/30/2025 @ 11:23:29 (GMT-05:00),shootingstar,Shooting Star,USA 20802,Peterson 34,33.9 Ft,David Kingsbury,Housatonic Boat Club,"Orange, CT, USA",PHRF,ToD / ToT,111.0,114.0,2026,2024 Around Long Island Regatta; 2024 Vineyard Race; 2025 Around Long Island Regatta; 2025 Vineyard Race; 2026 Around Long Island Regatta; 2026 Vineyard Race,,,Not identified from public sources reviewed,,,,https://yachtscoring.com/event_results_detail/50111/1,https://yachtscoring.com/event_scratch_sheet/50111,https://yachtscoring.com/boatdetail/50775/529463,"Overall fleet rank and size come from YachtScoring Race 1 detailed results. The overall fleet is the source-defined racing circle plus rating division, not the individual class.",366732660,366732660,SHOOTING STAR,Not provided in export,Sailing,10.0,4.0,,Not provided in export,2026-09-04T13:01:52.597Z,2026-09-05T05:19:31.061Z,1757.0,High,"Exact normalized name match, compatible AIS vessel type, and compatible reported length.",Attached AIS_EVENTS_RAW.csv
50111,Vineyard Race,2025,"August 29 - 31, 2025",Seaflower Racing | PHRF Division,Seaflower Racing,PHRF Division,5.0,6,6,Class 3 - PHRF,5.0,FINISHED,0:22:49:53,0:22:22:30,08/30/2025 @ 10:37:30 (GMT-05:00),synergy,Synergy,USA 680,J-105,34.5 Ft,David Spence,Liberty Yacht Club,"Maplewood, NJ, USA",PHRF,ToD / ToT,87.0,87.0,2025,2025 Vineyard Race,,,Not identified from public sources reviewed,,,,https://yachtscoring.com/event_results_detail/50111/1,https://yachtscoring.com/event_scratch_sheet/50111,https://yachtscoring.com/boatdetail/50111/512675,"Overall fleet rank and size come from YachtScoring Race 1 detailed results. The overall fleet is the source-defined racing circle plus rating division, not the individual class.",,,,,,,,,,,,,,,
50111,Vineyard Race,2025,"August 29 - 31, 2025",Seaflower Racing | PHRF Division,Seaflower Racing,PHRF Division,6.0,6,6,Class 3 - PHRF,6.0,FINISHED,0:23:46:41,0:22:38:37,08/30/2025 @ 10:53:37 (GMT-05:00),velocita,Velocita,HKG 2101,J/109,35 Ft,Marc De Souter,Liberty Yacht Club,"Wayne, NJ, USA",PHRF,ToD / ToT,69.0,69.0,2026,2025 Vineyard Race; 2026 Around Long Island Regatta; 2026 Vineyard Race,,,Not identified from public sources reviewed,,,,https://yachtscoring.com/event_results_detail/50111/1,https://yachtscoring.com/event_scratch_sheet/50111,https://yachtscoring.com/boatdetail/50775/525683,"Overall fleet rank and size come from YachtScoring Race 1 detailed results. The overall fleet is the source-defined racing circle plus rating division, not the individual class.",338446443,338446443,VELOCITA,Not provided in export,Sailing,11.0,4.0,,Not provided in export,2026-09-04T11:25:28.503Z,2026-09-05T21:33:05.061Z,2922.0,High,"Exact normalized name match, compatible AIS vessel type, and compatible reported length.",Attached AIS_EVENTS_RAW.csv
50111,Vineyard Race,2025,"August 29 - 31, 2025",Vineyard Racing | ORC Division,Vineyard Racing,ORC Division,5.0,31,31,Class 5 - ORC DH,1.0,FINISHED,1:09:16:02,1:11:56:15,08/31/2025 @ 00:21:15 (GMT-05:00),byte,Byte,USA 12424,Sun Fast 3300,32.9,Robert & Collin Alexander,American Yacht Club,"Rye, NY, USA",ORC,APH,531.3,531.3,2025,2024 Storm Trysail Club Block Island Race; 2024 Vineyard Race; 2025 Storm Trysail Club Block Island Race; 2025 Vineyard Race,,,Not identified from public sources reviewed,,,,https://yachtscoring.com/event_results_detail/50111/1,https://yachtscoring.com/event_scratch_sheet/50111,https://yachtscoring.com/boatdetail/50111/504863,"Overall fleet rank and size come from YachtScoring Race 1 detailed results. The overall fleet is the source-defined racing circle plus rating division, not the individual class.",,,,,,,,,,,,,,,
50111,Vineyard Race,2025,"August 29 - 31, 2025",Vineyard Racing | ORC Division,Vineyard Racing,ORC Division,6.0,31,31,Class 5 - ORC DH,2.0,FINISHED,1:09:38:40,1:12:56:37,08/31/2025 @ 01:21:37 (GMT-05:00),havoc,Havoc,USA 52735,X-35,35 Ft,Stephen Fisk,CPYC,"Westport, CT, USA",ORC,APH,544.7,544.7,2025,2025 Storm Trysail Club Block Island Race; 2025 Vineyard Race,,,Not identified from public sources reviewed,,,,https://yachtscoring.com/event_results_detail/50111/1,https://yachtscoring.com/event_scratch_sheet/50111,https://yachtscoring.com/boatdetail/50111/510518,"Overall fleet rank and size come from YachtScoring Race 1 detailed results. The overall fleet is the source-defined racing circle plus rating division, not the individual class.",,,,,,,,,,,,,,,
50111,Vineyard Race,2025,"August 29 - 31, 2025",Vineyard Racing | ORC Division,Vineyard Racing,ORC Division,8.0,31,31,Class 5 - ORC DH,3.0,FINISHED,1:10:09:27,1:13:17:53,08/31/2025 @ 01:42:53 (GMT-05:00),stratos,Stratos,USA 15833,Sun Fast 3300,33 Ft,Marcus Wunderlich,Cedar Point Yacht Club,"Jersey City, NJ, USA",ORC,APH,537.5,537.3,2026,2025 Storm Trysail Club Block Island Race; 2025 Vineyard Race; 2026 Storm Trysail Club Block Island Race; 2026 Vineyard Race,,,Not identified from public sources reviewed,,,,https://yachtscoring.com/event_results_detail/50111/1,https://yachtscoring.com/event_scratch_sheet/50111,https://yachtscoring.com/boatdetail/50775/528566,"Overall fleet rank and size come from YachtScoring Race 1 detailed results. The overall fleet is the source-defined racing circle plus rating division, not the individual class.",368404820,368404820,STRATOS,Not provided in export,Sailing,10.0,3.0,,Not provided in export,2026-09-04T12:55:31.188Z,2026-09-06T16:17:39.456Z,1785.0,High,"Exact normalized name match, compatible AIS vessel type, and compatible reported length.",Attached AIS_EVENTS_RAW.csv
50111,Vineyard Race,2025,"August 29 - 31, 2025",Vineyard Racing | ORC Division,Vineyard Racing,ORC Division,7.0,31,31,Class 7 - ORC,1.0,FINISHED,1:09:48:59,1:13:35:11,08/31/2025 @ 02:10:11 (GMT-05:00),thinman,Thin Man,USA 24,J/99,32.6 Ft,Todd Aven,City Island Yacht Club / Storm Trysail Club,"Brooklyn, NY, USA",PHRF,ToD / ToT,547.0,72.0,2026,2024 Around Long Island Regatta; 2024 Storm Trysail Club Block Island Race; 2024 Vineyard Race; 2025 Storm Trysail Club Block Island Race; 2025 Vineyard Race; 2026 Around Long Island Regatta; 2026 Storm Trysail Club Block Island Race; 2026 Vineyard Race,,,Not identified from public sources reviewed,,,,https://yachtscoring.com/event_results_detail/50111/1,https://yachtscoring.com/event_scratch_sheet/50111,https://yachtscoring.com/boatdetail/50775/522327,"Overall fleet rank and size come from YachtScoring Race 1 detailed results. The overall fleet is the source-defined racing circle plus rating division, not the individual class.",368114910,368114910,THIN MAN,Not provided in export,Sailing,10.0,4.0,,Not provided in export,2026-09-04T12:42:09.782Z,2026-09-05T12:28:11.623Z,2454.0,High,"Exact normalized name match, compatible AIS vessel type, and compatible reported length.",Attached AIS_EVENTS_RAW.csv
50111,Vineyard Race,2025,"August 29 - 31, 2025",Vineyard Racing | ORC Division,Vineyard Racing,ORC Division,12.0,31,31,Class 7 - ORC,2.0,FINISHED,1:10:23:49,1:13:35:47,08/31/2025 @ 02:10:47 (GMT-05:00),expresso,Expresso,USA 30,X-37,37 Ft,S. Longo / H. Bullen / M. Duncan,CPYC/STC,"Norwalk, CT, USA",ORC,APH,540.7,541.7,2026,2024 Vineyard Race; 2025 Vineyard Race; 2026 Vineyard Race,,,Not identified from public sources reviewed,,,,https://yachtscoring.com/event_results_detail/50111/1,https://yachtscoring.com/event_scratch_sheet/50111,https://yachtscoring.com/boatdetail/50775/525836,"Overall fleet rank and size come from YachtScoring Race 1 detailed results. The overall fleet is the source-defined racing circle plus rating division, not the individual class.",338399265,338399265,EXPRESSO,Not provided in export,Pleasure,,,,Not provided in export,2026-09-04T13:01:51.378Z,2026-09-05T11:38:21.062Z,1107.0,High,"Exact normalized name match, compatible AIS vessel type, and compatible reported length.",Attached AIS_EVENTS_RAW.csv
50111,Vineyard Race,2025,"August 29 - 31, 2025",Vineyard Racing | ORC Division,Vineyard Racing,ORC Division,16.0,31,31,Class 7 - ORC,3.0,FINISHED,1:10:43:44,1:14:20:41,08/31/2025 @ 02:55:41 (GMT-05:00),sleeper,SLEEPER YCC,USA 326,J/105,10.5 M,NEKA SAILING,NEKA Sailing,"Glen Cove, NY, USA",ORC,APH,539.1,540.2,2026,2024 Vineyard Race; 2025 Storm Trysail Club Block Island Race; 2025 Vineyard Race; 2026 Storm Trysail Club Block Island Race; 2026 Vineyard Race,,,Not identified from public sources reviewed,,,,https://yachtscoring.com/event_results_detail/50111/1,https://yachtscoring.com/event_scratch_sheet/50111,https://yachtscoring.com/boatdetail/50775/529673,"Overall fleet rank and size come from YachtScoring Race 1 detailed results. The overall fleet is the source-defined racing circle plus rating division, not the individual class.",,,,,,,,,,,,,,,
50111,Vineyard Race,2025,"August 29 - 31, 2025",Vineyard Racing | ORC Division,Vineyard Racing,ORC Division,1.0,31,31,Class 9 - ORC,1.0,FINISHED,1:08:53:52,1:11:15:23,08/31/2025 @ 00:00:23 (GMT-05:00),groupe5,Groupe 5,USA 26,Mod. Figaro 2,33 Ft,NEKA Sailing /Zachary Doerr,NEKA Sailing,"Newport, RI, USA",ORC,APH,522.7,523.5,2026,2024 Storm Trysail Club Block Island Race; 2024 Vineyard Race; 2025 Storm Trysail Club Block Island Race; 2025 Vineyard Race; 2026 Storm Trysail Club Block Island Race; 2026 Vineyard Race,,,Not identified from public sources reviewed,,,,https://yachtscoring.com/event_results_detail/50111/1,https://yachtscoring.com/event_scratch_sheet/50111,https://yachtscoring.com/boatdetail/50775/530233,"Overall fleet rank and size come from YachtScoring Race 1 detailed results. The overall fleet is the source-defined racing circle plus rating division, not the individual class.",,,,,,,,,,,,,,,
50111,Vineyard Race,2025,"August 29 - 31, 2025",Vineyard Racing | ORC Division,Vineyard Racing,ORC Division,2.0,31,31,Class 9 - ORC,2.0,FINISHED,1:08:58:58,1:11:28:50,08/31/2025 @ 00:13:50 (GMT-05:00),christopherdragonxii,Christopher Dragon XII,USA 2277,Italia 11.98,38 Ft,Linda & Andrew Weiss,Storm Trysail Club / Larchmont Yacht Club,"Mamaroneck, NY, USA",ORC,APH,524.4,525.5,2026,2024 Storm Trysail Club Block Island Race; 2024 Vineyard Race; 2025 Storm Trysail Club Block Island Race; 2025 Vineyard Race; 2026 Storm Trysail Club Block Island Race; 2026 Vineyard Race,,338324718; 338441051,"Conflicting public candidates, verify",Low,https://www.marinetraffic.com/en/ais/details/ships/shipid:5683135/mmsi:338324718/imo:0/vessel:CHRISTOPHER_DRAGON; https://globalfishingwatch.org/platform/vessel/98ffbb82-bba49-f1d0-aa9a-36a153c5e354,"Public AIS/GFW results found Christopher Dragon candidates, but neither source proves the XII suffix, owner, or home port match.",https://yachtscoring.com/event_results_detail/50111/1,https://yachtscoring.com/event_scratch_sheet/50111,https://yachtscoring.com/boatdetail/50775/526458,"Overall fleet rank and size come from YachtScoring Race 1 detailed results. The overall fleet is the source-defined racing circle plus rating division, not the individual class.",338324718; 338441051,,,,,,,,,,,,,,
50111,Vineyard Race,2025,"August 29 - 31, 2025",Vineyard Racing | ORC Division,Vineyard Racing,ORC Division,3.0,31,31,Class 9 - ORC,3.0,FINISHED,1:08:59:06,1:10:25:39,08/30/2025 @ 23:10:39 (GMT-05:00),zigzag,Zig Zag,USA 12912,J 122,40 Ft,Andrew Clark,"NYYC, IHYC, STC","Greenwich, CT, USA",ORC,APH,505.6,503.9,2026,2024 Storm Trysail Club Block Island Race; 2025 Storm Trysail Club Block Island Race; 2025 Vineyard Race; 2026 Storm Trysail Club Block Island Race,,,Not identified from public sources reviewed,,,,https://yachtscoring.com/event_results_detail/50111/1,https://yachtscoring.com/event_scratch_sheet/50111,https://yachtscoring.com/boatdetail/50619/520819,"Overall fleet rank and size come from YachtScoring Race 1 detailed results. The overall fleet is the source-defined racing circle plus rating division, not the individual class.",,,,,,,,,,,,,,,
50111,Vineyard Race,2025,"August 29 - 31, 2025",Vineyard Racing | ORC Division,Vineyard Racing,ORC Division,4.0,31,31,Class 9 - ORC,4.0,FINISHED,1:09:04:45,1:10:45:02,08/30/2025 @ 23:30:02 (GMT-05:00),loki,Loki,USA 61220,J/122,40 Ft,David Rosow,Pequot Yacht Club / NYYC,"Fairfield, CT, USA",ORC,APH,510.0,511.3,2026,2024 Storm Trysail Club Block Island Race; 2024 Vineyard Race; 2025 Storm Trysail Club Block Island Race; 2025 Vineyard Race; 2026 Storm Trysail Club Block Island Race; 2026 Vineyard Race,,,Not identified from public sources reviewed,,,,https://yachtscoring.com/event_results_detail/50111/1,https://yachtscoring.com/event_scratch_sheet/50111,https://yachtscoring.com/boatdetail/50775/526362,"Overall fleet rank and size come from YachtScoring Race 1 detailed results. The overall fleet is the source-defined racing circle plus rating division, not the individual class.",368006960,368006960,LOKI,Not provided in export,Sailing,12.0,4.0,,Not provided in export,2026-09-04T15:44:43.847Z,2026-09-05T11:33:13.609Z,1624.0,High,"Exact normalized name match, compatible AIS vessel type, and compatible reported length.",Attached AIS_EVENTS_RAW.csv
50111,Vineyard Race,2025,"August 29 - 31, 2025",Vineyard Racing | ORC Division,Vineyard Racing,ORC Division,13.0,31,31,Class 9 - ORC,5.0,FINISHED,1:10:28:06,1:13:04:14,08/31/2025 @ 01:49:14 (GMT-05:00),ragana,Ragana,USA 52238,Cape Fear 38R,38 Ft,Darius Peleda,CPYC,"Westport, CT, USA",ORC,APH,522.4,523.2,2026,2024 Storm Trysail Club Block Island Race; 2024 Vineyard Race; 2025 Vineyard Race; 2026 Storm Trysail Club Block Island Race; 2026 Vineyard Race,,,Not identified from public sources reviewed,,,,https://yachtscoring.com/event_results_detail/50111/1,https://yachtscoring.com/event_scratch_sheet/50111,https://yachtscoring.com/boatdetail/50775/529400,"Overall fleet rank and size come from YachtScoring Race 1 detailed results. The overall fleet is the source-defined racing circle plus rating division, not the individual class.",367613230,367613230,RAGANA,Not provided in export,Sailing,11.0,2.0,,Not provided in export,2026-09-04T13:01:38.321Z,2026-09-05T11:33:53.504Z,1404.0,High,"Exact normalized name match, compatible AIS vessel type, and compatible reported length.",Attached AIS_EVENTS_RAW.csv
50111,Vineyard Race,2025,"August 29 - 31, 2025",Vineyard Racing | ORC Division,Vineyard Racing,ORC Division,17.0,31,31,Class 9 - ORC,6.0,FINISHED,1:10:45:33,1:12:03:39,08/31/2025 @ 00:48:39 (GMT-05:00),hamburgii,Hamburg II,USA 51709,J 46,46 Ft,Albrecht Goethe,Lakewood Yacht Club / Storm Trysail Club,"Seabrook, TX, USA",PHRF,ToD / ToT,500.3,30.0,2026,2024 Storm Trysail Club Block Island Race; 2024 Vineyard Race; 2025 Storm Trysail Club Block Island Race; 2025 Vineyard Race; 2026 Vineyard Race,,,Not identified from public sources reviewed,,,,https://yachtscoring.com/event_results_detail/50111/1,https://yachtscoring.com/event_scratch_sheet/50111,https://yachtscoring.com/boatdetail/50775/527917,"Overall fleet rank and size come from YachtScoring Race 1 detailed results. The overall fleet is the source-defined racing circle plus rating division, not the individual class.",366947050,366947050,HAMBURG II,Not provided in export,Sailing,14.0,4.0,,Not provided in export,2026-09-04T15:44:45.213Z,2026-09-05T11:43:37.498Z,2272.0,High,"Exact normalized name match, compatible AIS vessel type, and compatible reported length.",Attached AIS_EVENTS_RAW.csv
50111,Vineyard Race,2025,"August 29 - 31, 2025",Vineyard Racing | ORC Division,Vineyard Racing,ORC Division,19.0,31,31,Class 9 - ORC,7.0,FINISHED,1:10:56:00,1:12:05:31,08/31/2025 @ 00:50:31 (GMT-05:00),surfacetension,Surface Tension,USA 52556,Beneteau First 44.7,44 Ft,Lou Melillo,Atlantic Highlands Yacht Club / Storm Trysail Club,"Middletown, NJ, USA",ORC,APH,504.7,505.4,2026,2024 Around Long Island Regatta; 2024 Storm Trysail Club Block Island Race; 2024 Vineyard Race; 2025 Around Long Island Regatta; 2025 Vineyard Race; 2026 Around Long Island Regatta; 2026 Vineyard Race,,,Not identified from public sources reviewed,,,,https://yachtscoring.com/event_results_detail/50111/1,https://yachtscoring.com/event_scratch_sheet/50111,https://yachtscoring.com/boatdetail/50775/528824,"Overall fleet rank and size come from YachtScoring Race 1 detailed results. The overall fleet is the source-defined racing circle plus rating division, not the individual class.",338477707,338477707,SURFACE TENSION,Not provided in export,Pleasure,14.0,4.0,,Not provided in export,2026-09-04T13:01:39.193Z,2026-09-05T11:47:22.563Z,1789.0,High,"Exact normalized name match, compatible AIS vessel type, and compatible reported length.",Attached AIS_EVENTS_RAW.csv
50111,Vineyard Race,2025,"August 29 - 31, 2025",Vineyard Racing | ORC Division,Vineyard Racing,ORC Division,21.0,31,31,Class 9 - ORC,8.0,FINISHED,1:11:31:00,1:13:09:05,08/31/2025 @ 01:54:05 (GMT-05:00),19thnervousbreakdown,19th Nervous Breakdown,USA 11114,J 111,36.5 Ft,John Sutherland,Mystic River Mudheads Sailing Assoc.,"Groton, CT, USA",ORC,APH,504.5,504.5,2025,2024 Vineyard Race; 2025 Vineyard Race,,,Not identified from public sources reviewed,,,,https://yachtscoring.com/event_results_detail/50111/1,https://yachtscoring.com/event_scratch_sheet/50111,https://yachtscoring.com/boatdetail/50111/510456,"Overall fleet rank and size come from YachtScoring Race 1 detailed results. The overall fleet is the source-defined racing circle plus rating division, not the individual class.",,,,,,,,,,,,,,,
50111,Vineyard Race,2025,"August 29 - 31, 2025",Vineyard Racing | ORC Division,Vineyard Racing,ORC Division,9.0,31,31,Class 11 - ORC,1.0,FINISHED,1:10:11:17,1:10:44:26,08/30/2025 @ 23:49:26 (GMT-05:00),habiru,Habiru,USA 61124,J 121,40.0 Ft,Steve Losik,Bayview Yacht Club,"Great Neck, NY, USA",ORC,APH,490.1,488.1,2026,2025 Around Long Island Regatta; 2025 Storm Trysail Club Block Island Race; 2025 Vineyard Race; 2026 Around Long Island Regatta; 2026 Storm Trysail Club Block Island Race; 2026 Vineyard Race,,,Not identified from public sources reviewed,,,,https://yachtscoring.com/event_results_detail/50111/1,https://yachtscoring.com/event_scratch_sheet/50111,https://yachtscoring.com/boatdetail/50775/522941,"Overall fleet rank and size come from YachtScoring Race 1 detailed results. The overall fleet is the source-defined racing circle plus rating division, not the individual class.",338413878,338413878,HABIRU,Not provided in export,Sailing,12.0,4.0,,Not provided in export,2026-09-04T13:01:42.289Z,2026-09-05T10:32:13.798Z,1063.0,High,"Exact normalized name match, compatible AIS vessel type, and compatible reported length.",Attached AIS_EVENTS_RAW.csv
50111,Vineyard Race,2025,"August 29 - 31, 2025",Vineyard Racing | ORC Division,Vineyard Racing,ORC Division,10.0,31,31,Class 11 - ORC,2.0,FINISHED,1:10:21:48,1:10:52:46,08/30/2025 @ 23:57:46 (GMT-05:00),touchofgrey,Touch of Grey,USA 68750,J/121,40 Ft,Trevor Roach,Cedar Point Yacht Club,"Stamford, CT, USA",ORC,APH,488.7,490.4,2026,2024 Storm Trysail Club Block Island Race; 2024 Vineyard Race; 2025 Storm Trysail Club Block Island Race; 2025 Vineyard Race; 2026 Storm Trysail Club Block Island Race,,,Not identified from public sources reviewed,,,,https://yachtscoring.com/event_results_detail/50111/1,https://yachtscoring.com/event_scratch_sheet/50111,https://yachtscoring.com/boatdetail/50619/522176,"Overall fleet rank and size come from YachtScoring Race 1 detailed results. The overall fleet is the source-defined racing circle plus rating division, not the individual class.",,,,,,,,,,,,,,,
50111,Vineyard Race,2025,"August 29 - 31, 2025",Vineyard Racing | ORC Division,Vineyard Racing,ORC Division,11.0,31,31,Class 11 - ORC,3.0,FINISHED,1:10:22:48,1:10:54:13,08/30/2025 @ 23:59:13 (GMT-05:00),assarainiv,ASSARAIN IV,USA 58133,J 133,43 feet Ft,Steve Brownlie,Atlantic Highlands Yacht Cub,"Rumson, NJ, USA",ORC,APH,488.5,489.3,2026,2024 Vineyard Race; 2025 Vineyard Race; 2026 Vineyard Race,,,Not identified from public sources reviewed,,,,https://yachtscoring.com/event_results_detail/50111/1,https://yachtscoring.com/event_scratch_sheet/50111,https://yachtscoring.com/boatdetail/50775/527461,"Overall fleet rank and size come from YachtScoring Race 1 detailed results. The overall fleet is the source-defined racing circle plus rating division, not the individual class.",368365260,368365260,ASSARAIN IV,Not provided in export,Sailing,11.0,4.0,,Not provided in export,2026-09-04T15:44:46.116Z,2026-09-05T11:31:46.246Z,1850.0,High,"Exact normalized name match, compatible AIS vessel type, and compatible reported length.",Attached AIS_EVENTS_RAW.csv
50111,Vineyard Race,2025,"August 29 - 31, 2025",Vineyard Racing | ORC Division,Vineyard Racing,ORC Division,14.0,31,31,Class 11 - ORC,4.0,FINISHED,1:10:33:23,1:11:14:37,08/31/2025 @ 00:19:37 (GMT-05:00),dellaaurora,Della Aurora,USA 46726,XR41,41 Ft,James Bistis,NYYC / LYC,"New Vernon, NJ, USA",ORC,APH,494.2,492.1,2026,2024 Around Long Island Regatta; 2025 Around Long Island Regatta; 2025 Vineyard Race; 2026 Around Long Island Regatta; 2026 Vineyard Race,,,Not identified from public sources reviewed,,,,https://yachtscoring.com/event_results_detail/50111/1,https://yachtscoring.com/event_scratch_sheet/50111,https://yachtscoring.com/boatdetail/50775/529486,"Overall fleet rank and size come from YachtScoring Race 1 detailed results. The overall fleet is the source-defined racing circle plus rating division, not the individual class.",368485380,368485380,DELLA AURORA,Not provided in export,Pleasure,12.0,4.0,,Not provided in export,2026-09-04T13:01:49.702Z,2026-09-05T11:36:23.772Z,1850.0,High,"Exact normalized name match, compatible AIS vessel type, and compatible reported length.",Attached AIS_EVENTS_RAW.csv
50111,Vineyard Race,2025,"August 29 - 31, 2025",Vineyard Racing | ORC Division,Vineyard Racing,ORC Division,15.0,31,31,Class 11 - ORC,5.0,FINISHED,1:10:42:41,1:11:21:30,08/31/2025 @ 00:26:30 (GMT-05:00),rumba,Rumba,USA 61132,J/133,43 Ft,Ove Haxthausen,Stamford Yacht Club,"Stamford, CT, USA",ORC,APH,490.8,490.0,2026,2024 Storm Trysail Club Block Island Race; 2024 Vineyard Race; 2025 Vineyard Race; 2026 Vineyard Race,,,Not identified from public sources reviewed,,,,https://yachtscoring.com/event_results_detail/50111/1,https://yachtscoring.com/event_scratch_sheet/50111,https://yachtscoring.com/boatdetail/50775/522779,"Overall fleet rank and size come from YachtScoring Race 1 detailed results. The overall fleet is the source-defined racing circle plus rating division, not the individual class.",368057260,368057260,RUMBA,Not provided in export,Sailing,13.0,3.0,,Not provided in export,2026-09-04T15:44:43.206Z,2026-09-05T11:43:33.282Z,1530.0,High,"Exact normalized name match, compatible AIS vessel type, and compatible reported length.",Attached AIS_EVENTS_RAW.csv
50111,Vineyard Race,2025,"August 29 - 31, 2025",Vineyard Racing | ORC Division,Vineyard Racing,ORC Division,18.0,31,31,Class 11 - ORC,6.0,FINISHED,1:10:53:45,1:09:40:36,08/30/2025 @ 22:45:36 (GMT-05:00),phantom,Phantom,USA 60711,Xp 44,44 Ft,Chris Schoen,"LYC, NYYC, STC","Larchmont, NY, USA",ORC,APH,482.7,482.4,2026,2024 Storm Trysail Club Block Island Race; 2025 Around Long Island Regatta; 2025 Storm Trysail Club Block Island Race; 2025 Vineyard Race; 2026 Around Long Island Regatta; 2026 Storm Trysail Club Block Island Race; 2026 Vineyard Race,,,Not identified from public sources reviewed,,,,https://yachtscoring.com/event_results_detail/50111/1,https://yachtscoring.com/event_scratch_sheet/50111,https://yachtscoring.com/boatdetail/50775/528995,"Overall fleet rank and size come from YachtScoring Race 1 detailed results. The overall fleet is the source-defined racing circle plus rating division, not the individual class.",338242317; 368001170; 368077430,338242317; 368001170; 368077430,PHANTOM,Not provided in export,Sailing,13.0,4.0,,Not provided in export,2026-09-04T13:01:46.597Z,2026-09-05T18:18:29.753Z,1979.0,Low,"Exact normalized name matched multiple AIS MMSIs; verify using dimensions, owner, or callsign.",Attached AIS_EVENTS_RAW.csv
50111,Vineyard Race,2025,"August 29 - 31, 2025",Vineyard Racing | ORC Division,Vineyard Racing,ORC Division,20.0,31,31,Class 11 - ORC,7.0,FINISHED,1:11:27:37,1:09:53:51,08/30/2025 @ 22:58:51 (GMT-05:00),rocksteady,Rocksteady,USA 60492,Xp 44,44 Ft,Baudoin Lorans,Larchmont Yacht Club,"Larchmont, NY, USA",ORC,APH,479.7,480.8,2026,2024 Vineyard Race; 2025 Around Long Island Regatta; 2025 Vineyard Race; 2026 Storm Trysail Club Block Island Race,,,Not identified from public sources reviewed,,,,https://yachtscoring.com/event_results_detail/50111/1,https://yachtscoring.com/event_scratch_sheet/50111,https://yachtscoring.com/boatdetail/50619/518296,"Overall fleet rank and size come from YachtScoring Race 1 detailed results. The overall fleet is the source-defined racing circle plus rating division, not the individual class.",,,,,,,,,,,,,,,
50111,Vineyard Race,2025,"August 29 - 31, 2025",Vineyard Racing | ORC Division,Vineyard Racing,ORC Division,22.0,31,31,Class 11 - ORC,8.0,FINISHED,1:12:46:24,1:10:16:06,08/30/2025 @ 23:21:06 (GMT-05:00),geminiii,Gemini II,USA 45454,Swan 45,45 Ft,James Coffman,NYYC/CPYC/RORC,"Rye, NY, USA",ORC,APH,468.6,469.0,2026,2024 Vineyard Race; 2025 Storm Trysail Club Block Island Race; 2025 Vineyard Race; 2026 Vineyard Race,,,Not identified from public sources reviewed,,,,https://yachtscoring.com/event_results_detail/50111/1,https://yachtscoring.com/event_scratch_sheet/50111,https://yachtscoring.com/boatdetail/50775/529252,"Overall fleet rank and size come from YachtScoring Race 1 detailed results. The overall fleet is the source-defined racing circle plus rating division, not the individual class.",367347940,367347940,GEMINI II,Not provided in export,Sailing,14.0,4.0,,Not provided in export,2026-09-04T15:46:00.758Z,2026-09-05T10:39:20.012Z,1136.0,High,"Exact normalized name match, compatible AIS vessel type, and compatible reported length.",Attached AIS_EVENTS_RAW.csv
50111,Vineyard Race,2025,"August 29 - 31, 2025",Vineyard Racing | ORC Division,Vineyard Racing,ORC Division,23.0,31,31,Class 11 - ORC,9.0,FINISHED,1:12:49:36,1:11:47:32,08/31/2025 @ 00:52:32 (GMT-05:00),ohana,Ohana,USA 435,Arcona 435 MkII,44.7 Ft,Ken Wisdom,CPYC/NYYC/RORC,"Wilton, CT, USA",ORC,APH,482.8,483.8,2026,2024 Vineyard Race; 2025 Around Long Island Regatta; 2025 Vineyard Race; 2026 Around Long Island Regatta; 2026 Vineyard Race,,,Not identified from public sources reviewed,,,,https://yachtscoring.com/event_results_detail/50111/1,https://yachtscoring.com/event_scratch_sheet/50111,https://yachtscoring.com/boatdetail/50775/528935,"Overall fleet rank and size come from YachtScoring Race 1 detailed results. The overall fleet is the source-defined racing circle plus rating division, not the individual class.",338351614; 368366540; 368396040,338351614; 368366540; 368396040,OHANA,Not provided in export,Sailing,13.0,4.0,,Not provided in export,2026-09-04T13:01:36.882Z,2026-09-06T08:25:35.409Z,2053.0,Low,"Exact normalized name matched multiple AIS MMSIs; verify using dimensions, owner, or callsign.",Attached AIS_EVENTS_RAW.csv
50111,Vineyard Race,2025,"August 29 - 31, 2025",Vineyard Racing | ORC Division,Vineyard Racing,ORC Division,24.0,31,31,Class 11 - ORC,10.0,FINISHED,1:12:56:37,1:10:00:09,08/30/2025 @ 23:05:09 (GMT-05:00),goodnews,Good News,USA 7065,J/125,41 Ft,Macrae Sykes,NYYC/RYC/STC,"Old Greenwich, CT, USA",ORC,APH,461.4,462.2,2026,2024 Storm Trysail Club Block Island Race; 2024 Vineyard Race; 2025 Storm Trysail Club Block Island Race; 2025 Vineyard Race; 2026 Vineyard Race,,,Not identified from public sources reviewed,,,,https://yachtscoring.com/event_results_detail/50111/1,https://yachtscoring.com/event_scratch_sheet/50111,https://yachtscoring.com/boatdetail/50775/527412,"Overall fleet rank and size come from YachtScoring Race 1 detailed results. The overall fleet is the source-defined racing circle plus rating division, not the individual class.",368131030,368131030,GOOD NEWS,Not provided in export,Pleasure,13.0,3.0,,Not provided in export,2026-09-04T13:01:38.543Z,2026-09-05T10:24:36.89Z,624.0,High,"Exact normalized name match, compatible AIS vessel type, and compatible reported length.",Attached AIS_EVENTS_RAW.csv
50111,Vineyard Race,2025,"August 29 - 31, 2025",Vineyard Racing | ORC Division,Vineyard Racing,ORC Division,25.0,31,31,Class 11 - ORC,11.0,FINISHED,1:13:19:52,1:12:03:55,08/31/2025 @ 01:08:55 (GMT-05:00),eagle,Eagle,USA 61121,J/121,40 Ft,Steven Levy,Indian Harbor YC/NYYC,"Greenwich, CT, USA",ORC,APH,483.1,482.9,2026,2024 Storm Trysail Club Block Island Race; 2025 Vineyard Race; 2026 Vineyard Race,,,Not identified from public sources reviewed,,,,https://yachtscoring.com/event_results_detail/50111/1,https://yachtscoring.com/event_scratch_sheet/50111,https://yachtscoring.com/boatdetail/50775/526317,"Overall fleet rank and size come from YachtScoring Race 1 detailed results. The overall fleet is the source-defined racing circle plus rating division, not the individual class.",338112141; 368040250,338112141; 368040250,EAGLE,Not provided in export,Pleasure,12.0,4.0,,Not provided in export,2026-09-04T15:45:10.007Z,2026-09-05T11:24:47.624Z,1892.0,Low,"Exact normalized name matched multiple AIS MMSIs; verify using dimensions, owner, or callsign.",Attached AIS_EVENTS_RAW.csv
50111,Vineyard Race,2025,"August 29 - 31, 2025",Vineyard Racing | ORC Division,Vineyard Racing,ORC Division,26.0,31,31,Class 11 - ORC,12.0,FINISHED,1:13:24:40,1:12:25:39,08/31/2025 @ 01:30:39 (GMT-05:00),liberty,Liberty,USA 61565,Pogo 36,36 Ft,Richard Fleischman,Mt. Sinai,"Setauket, NY, USA",PHRF,ToD / ToT,486.5,51.0,2026,2025 Around Long Island Regatta; 2025 Vineyard Race; 2026 Vineyard Race,,,Not identified from public sources reviewed,,,,https://yachtscoring.com/event_results_detail/50111/1,https://yachtscoring.com/event_scratch_sheet/50111,https://yachtscoring.com/boatdetail/50775/529552,"Overall fleet rank and size come from YachtScoring Race 1 detailed results. The overall fleet is the source-defined racing circle plus rating division, not the individual class.",368049890,368049890,LIBERTY,Not provided in export,Sailing,12.0,2.0,,Not provided in export,2026-09-04T13:01:50.317Z,2026-09-04T19:42:01.091Z,408.0,High,"Exact normalized name match, compatible AIS vessel type, and compatible reported length.",Attached AIS_EVENTS_RAW.csv
50111,Vineyard Race,2025,"August 29 - 31, 2025",Vineyard Racing | ORC Division,Vineyard Racing,ORC Division,27.0,31,31,Class 13 - ORC,1.0,FINISHED,1:13:49:13,1:09:03:45,08/30/2025 @ 22:28:45 (GMT-05:00),rikki,Rikki,USA 8008,R/P 42,42 Ft,Bruce Chafee,Sakonnet Yacht Club,"Boston, MA, USA",ORC,APH,443.6,444.0,2026,2025 Vineyard Race; 2026 Vineyard Race,,,Not identified from public sources reviewed,,,,https://yachtscoring.com/event_results_detail/50111/1,https://yachtscoring.com/event_scratch_sheet/50111,https://yachtscoring.com/boatdetail/50775/529364,"Overall fleet rank and size come from YachtScoring Race 1 detailed results. The overall fleet is the source-defined racing circle plus rating division, not the individual class.",368075770,368075770,RIKKI,Not provided in export,Sailing,13.0,4.0,,Not provided in export,2026-09-04T13:01:53.463Z,2026-09-06T12:09:55.967Z,1269.0,High,"Exact normalized name match, compatible AIS vessel type, and compatible reported length.",Attached AIS_EVENTS_RAW.csv
50111,Vineyard Race,2025,"August 29 - 31, 2025",Vineyard Racing | ORC Division,Vineyard Racing,ORC Division,28.0,31,31,Class 13 - ORC,2.0,FINISHED,1:14:26:32,1:09:15:27,08/30/2025 @ 22:40:27 (GMT-05:00),oakcliffker50,Oakcliff Ker50,USA 50069,Ker 50,50 Ft,Oakcliff Sailing,Oakcliff Sailing,"Oyster Bay, NY, USA",ORC,APH,432.8,432.8,2025,2025 Vineyard Race,,,Not identified from public sources reviewed,,,,https://yachtscoring.com/event_results_detail/50111/1,https://yachtscoring.com/event_scratch_sheet/50111,https://yachtscoring.com/boatdetail/50111/512550,"Overall fleet rank and size come from YachtScoring Race 1 detailed results. The overall fleet is the source-defined racing circle plus rating division, not the individual class.",,,,,,,,,,,,,,,
50111,Vineyard Race,2025,"August 29 - 31, 2025",Vineyard Racing | ORC Division,Vineyard Racing,ORC Division,29.0,31,31,Class 13 - ORC,3.0,FINISHED,1:14:30:04,1:07:44:54,08/30/2025 @ 21:09:54 (GMT-05:00),pterodactyl,Pterodactyl,USA 45045,custom,44 Ft,scott weisman,New York Yacht Club/Sunningdale,"White Plains, NY, USA",ORC,APH,420.5,422.8,2026,2025 Storm Trysail Club Block Island Race; 2025 Vineyard Race; 2026 Vineyard Race,,,Not identified from public sources reviewed,,,,https://yachtscoring.com/event_results_detail/50111/1,https://yachtscoring.com/event_scratch_sheet/50111,https://yachtscoring.com/boatdetail/50775/527091,"Overall fleet rank and size come from YachtScoring Race 1 detailed results. The overall fleet is the source-defined racing circle plus rating division, not the individual class.",368253380,368253380,PTERODACTYL,Not provided in export,Sailing,14.0,4.0,,Not provided in export,2026-09-04T15:45:12.89Z,2026-09-06T06:08:44.991Z,1054.0,High,"Exact normalized name match, compatible AIS vessel type, and compatible reported length.",Attached AIS_EVENTS_RAW.csv
50111,Vineyard Race,2025,"August 29 - 31, 2025",Vineyard Racing | ORC Division,Vineyard Racing,ORC Division,30.0,31,31,Class 13 - ORC,4.0,FINISHED,1:14:37:51,1:09:27:09,08/30/2025 @ 22:52:09 (GMT-05:00),arma,ARMA,USA 61211,GP42,42 Ft,Dubois / Eaves / Krow / Roseberry,Larchmont Yacht Club,"Larchmont, NY, USA",ORC,APH,440.6,441.4,2026,2024 Storm Trysail Club Block Island Race; 2024 Vineyard Race; 2025 Storm Trysail Club Block Island Race; 2025 Vineyard Race; 2026 Storm Trysail Club Block Island Race,,,Not identified from public sources reviewed,,,,https://yachtscoring.com/event_results_detail/50111/1,https://yachtscoring.com/event_scratch_sheet/50111,https://yachtscoring.com/boatdetail/50619/521837,"Overall fleet rank and size come from YachtScoring Race 1 detailed results. The overall fleet is the source-defined racing circle plus rating division, not the individual class.",,,,,,,,,,,,,,,
50111,Vineyard Race,2025,"August 29 - 31, 2025",Vineyard Racing | ORC Division,Vineyard Racing,ORC Division,31.0,31,31,Class 13 - ORC,5.0,FINISHED,1:18:38:54,1:09:35:50,08/30/2025 @ 23:00:50 (GMT-05:00),orsamaggiore,Orsa Maggiore,ITA 12821,Prototype,28.3 M,Giuseppe Parrini,Italian Navy,"La Spezia, La Spezia, Italy",ORC,APH,402.4,402.4,2025,2025 Vineyard Race,,,Not identified from public sources reviewed,,,,https://yachtscoring.com/event_results_detail/50111/1,https://yachtscoring.com/event_scratch_sheet/50111,https://yachtscoring.com/boatdetail/50111/512608,"Overall fleet rank and size come from YachtScoring Race 1 detailed results. The overall fleet is the source-defined racing circle plus rating division, not the individual class.",,,,,,,,,,,,,,,
50111,Vineyard Race,2025,"August 29 - 31, 2025",Vineyard Racing | PHRF Division,Vineyard Racing,PHRF Division,1.0,29,28,Class 4 - PHRF DH,1.0,FINISHED,1:13:42:57,1:14:52:42,08/31/2025 @ 03:17:42 (GMT-05:00),eclipse,Eclipse,USA 52386,Sabre 386,38.7 Ft,Marc Berkowitz,,"Armonk, NY, USA",PHRF,ToD / ToT,120.0,120.0,2026,2024 Storm Trysail Club Block Island Race; 2024 Vineyard Race; 2025 Storm Trysail Club Block Island Race; 2025 Vineyard Race; 2026 Vineyard Race,,,Not identified from public sources reviewed,,,,https://yachtscoring.com/event_results_detail/50111/1,https://yachtscoring.com/event_scratch_sheet/50111,https://yachtscoring.com/boatdetail/50775/529212,"Overall fleet rank and size come from YachtScoring Race 1 detailed results. The overall fleet is the source-defined racing circle plus rating division, not the individual class.",368003670; 368217460,368003670; 368217460,ECLIPSE,Not provided in export,Sailing,13.0,5.0,,Not provided in export,2026-09-04T12:51:15.468Z,2026-09-07T14:36:18.509Z,2579.0,Low,"Exact normalized name matched multiple AIS MMSIs; verify using dimensions, owner, or callsign.",Attached AIS_EVENTS_RAW.csv
50111,Vineyard Race,2025,"August 29 - 31, 2025",Vineyard Racing | PHRF Division,Vineyard Racing,PHRF Division,2.0,29,28,Class 4 - PHRF DH,2.0,FINISHED,1:13:53:43,1:12:57:50,08/31/2025 @ 01:22:50 (GMT-05:00),youngamerican,Young American,USA 146,J 105,34 Ft,Peter Becker & Adrien Blanc,"NYYC, CCA, American YC, YASA","Rye, NY, USA",PHRF,ToD / ToT,84.0,78.0,2026,2025 Vineyard Race; 2026 Storm Trysail Club Block Island Race; 2026 Vineyard Race,,,Not identified from public sources reviewed,,,,https://yachtscoring.com/event_results_detail/50111/1,https://yachtscoring.com/event_scratch_sheet/50111,https://yachtscoring.com/boatdetail/50775/528918,"Overall fleet rank and size come from YachtScoring Race 1 detailed results. The overall fleet is the source-defined racing circle plus rating division, not the individual class.",,,,,,,,,,,,,,,
50111,Vineyard Race,2025,"August 29 - 31, 2025",Vineyard Racing | PHRF Division,Vineyard Racing,PHRF Division,4.0,29,28,Class 4 - PHRF DH,3.0,FINISHED,1:14:35:05,1:12:44:38,08/31/2025 @ 01:09:38 (GMT-05:00),savethesound,Save the Sound,USA US 167,J/99,32 Ft,Douglas McKeige,American Yacht Club,"Mamaroneck, NY, USA",PHRF,ToD / ToT,69.0,69.0,2026,2025 Storm Trysail Club Block Island Race; 2025 Vineyard Race; 2026 Storm Trysail Club Block Island Race; 2026 Vineyard Race,,,Not identified from public sources reviewed,,,,https://yachtscoring.com/event_results_detail/50111/1,https://yachtscoring.com/event_scratch_sheet/50111,https://yachtscoring.com/boatdetail/50775/529843,"Overall fleet rank and size come from YachtScoring Race 1 detailed results. The overall fleet is the source-defined racing circle plus rating division, not the individual class.",338535733,338535733,SAVE THE SOUND,Not provided in export,Pleasure,10.0,2.0,,Not provided in export,2026-09-04T13:01:48.836Z,2026-09-05T12:07:47.921Z,164.0,High,"Exact normalized name match, compatible AIS vessel type, and compatible reported length.",Attached AIS_EVENTS_RAW.csv
50111,Vineyard Race,2025,"August 29 - 31, 2025",Vineyard Racing | PHRF Division,Vineyard Racing,PHRF Division,15.0,29,28,Class 4 - PHRF DH,4.0,FINISHED,1:15:45:07,1:13:51:19,08/31/2025 @ 02:16:19 (GMT-05:00),eventyr,Eventyr,USA 61668,J/99,32.6 Ft,Michael Kohler,Larchmont Yacht Club,"New York, NY, USA",ORC,APH,69.0,554.6,2026,2025 Storm Trysail Club Block Island Race; 2025 Vineyard Race; 2026 Storm Trysail Club Block Island Race; 2026 Vineyard Race,,,Not identified from public sources reviewed,,,,https://yachtscoring.com/event_results_detail/50111/1,https://yachtscoring.com/event_scratch_sheet/50111,https://yachtscoring.com/boatdetail/50775/529700,"Overall fleet rank and size come from YachtScoring Race 1 detailed results. The overall fleet is the source-defined racing circle plus rating division, not the individual class.",368327540,368327540,EVENTYR,Not provided in export,Sailing,10.0,4.0,,Not provided in export,2026-09-04T12:01:37.671Z,2026-09-05T12:02:49.28Z,1424.0,High,"Exact normalized name match, compatible AIS vessel type, and compatible reported length.",Attached AIS_EVENTS_RAW.csv
50111,Vineyard Race,2025,"August 29 - 31, 2025",Vineyard Racing | PHRF Division,Vineyard Racing,PHRF Division,28.0,29,28,Class 4 - PHRF DH,5.0,FINISHED,1:20:15:40,1:18:21:18,08/31/2025 @ 06:46:18 (GMT-05:00),velocity2,Velocity2,USA 22,J/99,32.6 Ft,Kevin Marks,Noroton Yacht Club,"Darien, CT, USA",PHRF,ToD / ToT,72.0,72.0,2026,2024 Storm Trysail Club Block Island Race; 2025 Vineyard Race; 2026 Storm Trysail Club Block Island Race; 2026 Vineyard Race,,,Not identified from public sources reviewed,,,,https://yachtscoring.com/event_results_detail/50111/1,https://yachtscoring.com/event_scratch_sheet/50111,https://yachtscoring.com/boatdetail/50775/526397,"Overall fleet rank and size come from YachtScoring Race 1 detailed results. The overall fleet is the source-defined racing circle plus rating division, not the individual class.",338412468,338412468,VELOCITY 2,Not provided in export,Sailing,10.0,3.0,,Not provided in export,2026-09-04T15:46:20.451Z,2026-09-04T17:45:12.721Z,199.0,High,"Exact normalized name match, compatible AIS vessel type, and compatible reported length.",Attached AIS_EVENTS_RAW.csv
50111,Vineyard Race,2025,"August 29 - 31, 2025",Vineyard Racing | PHRF Division,Vineyard Racing,PHRF Division,3.0,29,28,Class 6 - PHRF,1.0,FINISHED,1:14:26:28,1:13:29:46,08/31/2025 @ 02:04:46 (GMT-05:00),frequentflyer,Frequent Flyer,USA 52361,Beneteau First 36.7,36 Ft,Alistair Duke,SHYC/CPYC,"Wilton, CT, USA",PHRF,ToD / ToT,84.0,84.0,2026,2024 Vineyard Race; 2025 Vineyard Race; 2026 Vineyard Race,,,Not identified from public sources reviewed,,,,https://yachtscoring.com/event_results_detail/50111/1,https://yachtscoring.com/event_scratch_sheet/50111,https://yachtscoring.com/boatdetail/50775/528461,"Overall fleet rank and size come from YachtScoring Race 1 detailed results. The overall fleet is the source-defined racing circle plus rating division, not the individual class.",338188881,338188881,FREQUENT FLYER,Not provided in export,Sailing,12.0,3.0,,Not provided in export,2026-09-04T15:44:44.729Z,2026-09-05T11:27:14.801Z,1254.0,High,"Exact normalized name match, compatible AIS vessel type, and compatible reported length.",Attached AIS_EVENTS_RAW.csv
50111,Vineyard Race,2025,"August 29 - 31, 2025",Vineyard Racing | PHRF Division,Vineyard Racing,PHRF Division,5.0,29,28,Class 6 - PHRF,2.0,FINISHED,1:14:46:02,1:14:53:16,08/31/2025 @ 03:28:16 (GMT-05:00),tacktile,Tacktile,USA 56,Sabre 42 CB,42 Ft,Jeffrey Wilson,"Pequot Yacht Club, STC, CCA","Fairfield, CT, USA",PHRF,ToD / ToT,102.0,102.0,2026,2024 Storm Trysail Club Block Island Race; 2024 Vineyard Race; 2025 Storm Trysail Club Block Island Race; 2025 Vineyard Race; 2026 Storm Trysail Club Block Island Race; 2026 Vineyard Race,,,Not identified from public sources reviewed,,,,https://yachtscoring.com/event_results_detail/50111/1,https://yachtscoring.com/event_scratch_sheet/50111,https://yachtscoring.com/boatdetail/50775/528210,"Overall fleet rank and size come from YachtScoring Race 1 detailed results. The overall fleet is the source-defined racing circle plus rating division, not the individual class.",338406561,338406561,TACKTILE,Not provided in export,Sailing,13.0,4.0,,Not provided in export,2026-09-04T15:44:43.69Z,2026-09-05T12:49:10.928Z,2720.0,High,"Exact normalized name match, compatible AIS vessel type, and compatible reported length.",Attached AIS_EVENTS_RAW.csv
50111,Vineyard Race,2025,"August 29 - 31, 2025",Vineyard Racing | PHRF Division,Vineyard Racing,PHRF Division,7.0,29,28,Class 6 - PHRF,3.0,FINISHED,1:15:00:58,1:13:52:34,08/31/2025 @ 02:27:34 (GMT-05:00),cathexis,Cathexis,USA 114,X382,38 Ft,Bryan & Kara Schapperle,NYC / NYYC / STC,"Wilton, CT, USA",PHRF,ToD / ToT,81.0,81.0,2026,2024 Vineyard Race; 2025 Storm Trysail Club Block Island Race; 2025 Vineyard Race; 2026 Storm Trysail Club Block Island Race; 2026 Vineyard Race,,,Not identified from public sources reviewed,,,,https://yachtscoring.com/event_results_detail/50111/1,https://yachtscoring.com/event_scratch_sheet/50111,https://yachtscoring.com/boatdetail/50775/528158,"Overall fleet rank and size come from YachtScoring Race 1 detailed results. The overall fleet is the source-defined racing circle plus rating division, not the individual class.",338249654,338249654,CATHEXIS,Not provided in export,Sailing,12.0,3.0,,Not provided in export,2026-09-04T13:01:41.57Z,2026-09-04T20:39:25.763Z,284.0,High,"Exact normalized name match, compatible AIS vessel type, and compatible reported length.",Attached AIS_EVENTS_RAW.csv
50111,Vineyard Race,2025,"August 29 - 31, 2025",Vineyard Racing | PHRF Division,Vineyard Racing,PHRF Division,13.0,29,28,Class 6 - PHRF,4.0,FINISHED,1:15:37:35,1:14:50:03,08/31/2025 @ 03:25:03 (GMT-05:00),sanguine,Sanguine,USA 100,J/100,32.8 Ft,Steven Landy / Derek Soohoo,City Island Yacht Club,"Armonk, New York, USA",PHRF,ToD / ToT,87.0,87.0,2025,2024 Storm Trysail Club Block Island Race; 2024 Vineyard Race; 2025 Around Long Island Regatta; 2025 Storm Trysail Club Block Island Race; 2025 Vineyard Race,,,Not identified from public sources reviewed,,,,https://yachtscoring.com/event_results_detail/50111/1,https://yachtscoring.com/event_scratch_sheet/50111,https://yachtscoring.com/boatdetail/50111/512946,"Overall fleet rank and size come from YachtScoring Race 1 detailed results. The overall fleet is the source-defined racing circle plus rating division, not the individual class.",,,,,,,,,,,,,,,
50111,Vineyard Race,2025,"August 29 - 31, 2025",Vineyard Racing | PHRF Division,Vineyard Racing,PHRF Division,25.0,29,28,Class 6 - PHRF,5.0,FINISHED,1:18:08:16,1:18:39:30,08/31/2025 @ 07:14:30 (GMT-05:00),poppy,Poppy,USA 42559,Olson 34,34 Ft,Kelly Robinson,"STC, Raritan, Monterey Peninsula","Staten Island, NY, USA",PHRF,ToD / ToT,108.0,108.0,2025,2024 Around Long Island Regatta; 2025 Vineyard Race,,,Not identified from public sources reviewed,,,,https://yachtscoring.com/event_results_detail/50111/1,https://yachtscoring.com/event_scratch_sheet/50111,https://yachtscoring.com/boatdetail/50111/510477,"Overall fleet rank and size come from YachtScoring Race 1 detailed results. The overall fleet is the source-defined racing circle plus rating division, not the individual class.",,,,,,,,,,,,,,,
50111,Vineyard Race,2025,"August 29 - 31, 2025",Vineyard Racing | PHRF Division,Vineyard Racing,PHRF Division,9.0,29,28,Class 8 - PHRF,1.0,FINISHED,1:15:22:55,1:13:08:20,08/31/2025 @ 01:53:20 (GMT-05:00),redshift,Red Shift,USA 1,Figaro 2,33 Ft,CBC Youth Offshore Team,"Community Boating Center, New Bedford","New Bedford, MA, USA",PHRF,ToD / ToT,63.0,63.0,2025,2025 Vineyard Race,,,Not identified from public sources reviewed,,,,https://yachtscoring.com/event_results_detail/50111/1,https://yachtscoring.com/event_scratch_sheet/50111,https://yachtscoring.com/boatdetail/50111/513800,"Overall fleet rank and size come from YachtScoring Race 1 detailed results. The overall fleet is the source-defined racing circle plus rating division, not the individual class.",,,,,,,,,,,,,,,
50111,Vineyard Race,2025,"August 29 - 31, 2025",Vineyard Racing | PHRF Division,Vineyard Racing,PHRF Division,12.0,29,28,Class 8 - PHRF,2.0,FINISHED,1:15:33:15,1:13:29:06,08/31/2025 @ 02:14:06 (GMT-05:00),growthspurt,Growth Spurt,USA 261,J/109,35 Ft,"John Greifzu, Jr.",Stamford Yacht Club,"Darien, CT, USA",PHRF,ToD / ToT,66.0,63.0,2026,2024 Vineyard Race; 2025 Vineyard Race; 2026 Vineyard Race,,,Not identified from public sources reviewed,,,,https://yachtscoring.com/event_results_detail/50111/1,https://yachtscoring.com/event_scratch_sheet/50111,https://yachtscoring.com/boatdetail/50775/522339,"Overall fleet rank and size come from YachtScoring Race 1 detailed results. The overall fleet is the source-defined racing circle plus rating division, not the individual class.",338236237,338236237,GROWTH SPURT,Not provided in export,Sailing,11.0,3.0,,Not provided in export,2026-09-04T15:53:52.826Z,2026-09-05T12:06:48.421Z,1786.0,High,"Exact normalized name match, compatible AIS vessel type, and compatible reported length.",Attached AIS_EVENTS_RAW.csv
50111,Vineyard Race,2025,"August 29 - 31, 2025",Vineyard Racing | PHRF Division,Vineyard Racing,PHRF Division,17.0,29,28,Class 8 - PHRF,3.0,FINISHED,1:15:51:42,1:13:46:35,08/31/2025 @ 02:31:35 (GMT-05:00),coucou,Coucou,USA 18321,Express 37,37,Eric Wolf,Manhasset Bay Yacht Club,"Glen Cove, New York, USA",PHRF,ToD / ToT,66.0,66.0,2025,2024 Storm Trysail Club Block Island Race; 2024 Vineyard Race; 2025 Vineyard Race,,,Not identified from public sources reviewed,,,,https://yachtscoring.com/event_results_detail/50111/1,https://yachtscoring.com/event_scratch_sheet/50111,https://yachtscoring.com/boatdetail/50111/507095,"Overall fleet rank and size come from YachtScoring Race 1 detailed results. The overall fleet is the source-defined racing circle plus rating division, not the individual class.",,,,,,,,,,,,,,,
50111,Vineyard Race,2025,"August 29 - 31, 2025",Vineyard Racing | PHRF Division,Vineyard Racing,PHRF Division,,29,28,Class 8 - PHRF,4.0,RET,,0:00:00:00,,sunnyside,Sunny Side,USA 37,J/109,35 Ft,Cary James,Larchmont Yacht Club,"Larchmont, NY, USA",PHRF,ToD / ToT,69.0,66.0,2026,2025 Vineyard Race; 2026 Storm Trysail Club Block Island Race; 2026 Vineyard Race,,,Not identified from public sources reviewed,,,,https://yachtscoring.com/event_results_detail/50111/1,https://yachtscoring.com/event_scratch_sheet/50111,https://yachtscoring.com/boatdetail/50775/523978,"Overall fleet rank and size come from YachtScoring Race 1 detailed results. The overall fleet is the source-defined racing circle plus rating division, not the individual class.",338070361; 338187885,338070361; 338187885,SUNNY SIDE; SUNNYSIDE,Not provided in export,Sailing,13.0,3.0,,Not provided in export,2026-09-04T12:45:57.301Z,2026-09-06T15:01:24.208Z,1727.0,Low,"Exact normalized name matched multiple AIS MMSIs; verify using dimensions, owner, or callsign.",Attached AIS_EVENTS_RAW.csv
50111,Vineyard Race,2025,"August 29 - 31, 2025",Vineyard Racing | PHRF Division,Vineyard Racing,PHRF Division,6.0,29,28,Class 10 - PHRF,1.0,FINISHED,1:14:58:54,1:11:51:42,08/31/2025 @ 00:46:42 (GMT-05:00),charlotte,Charlotte,USA 46650,J/120,40 Ft,Richard West,"Stamford YC, NYYC, STC","Darien, CT, USA",PHRF,ToD / ToT,48.0,51.0,2026,2024 Storm Trysail Club Block Island Race; 2024 Vineyard Race; 2025 Storm Trysail Club Block Island Race; 2025 Vineyard Race; 2026 Storm Trysail Club Block Island Race; 2026 Vineyard Race,,,Not identified from public sources reviewed,,,,https://yachtscoring.com/event_results_detail/50111/1,https://yachtscoring.com/event_scratch_sheet/50111,https://yachtscoring.com/boatdetail/50775/521977,"Overall fleet rank and size come from YachtScoring Race 1 detailed results. The overall fleet is the source-defined racing circle plus rating division, not the individual class.",368248080,368248080,CHARLOTTE,Not provided in export,Sailing,12.0,4.0,,Not provided in export,2026-09-04T13:01:40.309Z,2026-09-07T12:34:12.754Z,1984.0,High,"Exact normalized name match, compatible AIS vessel type, and compatible reported length.",Attached AIS_EVENTS_RAW.csv
50111,Vineyard Race,2025,"August 29 - 31, 2025",Vineyard Racing | PHRF Division,Vineyard Racing,PHRF Division,8.0,29,28,Class 10 - PHRF,2.0,FINISHED,1:15:13:23,1:11:43:20,08/31/2025 @ 00:38:20 (GMT-05:00),madison,Madison,USA 83293,J/120,40' Ft,Brian Spears,Pequot YC | STC,"Fairfield, CT, USA",PHRF,ToD / ToT,42.0,42.0,2026,2024 Storm Trysail Club Block Island Race; 2024 Vineyard Race; 2025 Storm Trysail Club Block Island Race; 2025 Vineyard Race; 2026 Storm Trysail Club Block Island Race; 2026 Vineyard Race,,,Not identified from public sources reviewed,,,,https://yachtscoring.com/event_results_detail/50111/1,https://yachtscoring.com/event_scratch_sheet/50111,https://yachtscoring.com/boatdetail/50775/529464,"Overall fleet rank and size come from YachtScoring Race 1 detailed results. The overall fleet is the source-defined racing circle plus rating division, not the individual class.",367704280,367704280,MADISON,Not provided in export,Sailing,12.0,4.0,,Not provided in export,2026-09-04T13:01:49.41Z,2026-09-05T11:30:21.564Z,1781.0,High,"Exact normalized name match, compatible AIS vessel type, and compatible reported length.",Attached AIS_EVENTS_RAW.csv
50111,Vineyard Race,2025,"August 29 - 31, 2025",Vineyard Racing | PHRF Division,Vineyard Racing,PHRF Division,11.0,29,28,Class 10 - PHRF,3.0,FINISHED,1:15:33:11,1:12:01:22,08/31/2025 @ 00:56:22 (GMT-05:00),speck,Speck,USA 59916,J/120,40 Ft,William Klein,Norwalk Yacht Club,"Rowayton, CT, USA",PHRF,ToD / ToT,42.0,42.0,2026,2024 Vineyard Race; 2025 Vineyard Race; 2026 Storm Trysail Club Block Island Race; 2026 Vineyard Race,,,Not identified from public sources reviewed,,,,https://yachtscoring.com/event_results_detail/50111/1,https://yachtscoring.com/event_scratch_sheet/50111,https://yachtscoring.com/boatdetail/50775/526303,"Overall fleet rank and size come from YachtScoring Race 1 detailed results. The overall fleet is the source-defined racing circle plus rating division, not the individual class.",368182170,368182170,SPECK,Not provided in export,Pleasure,12.0,4.0,,Not provided in export,2026-09-04T13:01:49.728Z,2026-09-05T11:30:05.683Z,1732.0,High,"Exact normalized name match, compatible AIS vessel type, and compatible reported length.",Attached AIS_EVENTS_RAW.csv
50111,Vineyard Race,2025,"August 29 - 31, 2025",Vineyard Racing | PHRF Division,Vineyard Racing,PHRF Division,14.0,29,28,Class 10 - PHRF,4.0,FINISHED,1:15:39:41,1:12:18:24,08/31/2025 @ 01:13:24 (GMT-05:00),duet,DUET,USA 51445,J/120,40 Ft,Andy Lubimov,Huguenot YC,"Scarsdale, NY, USA",PHRF,ToD / ToT,45.0,45.0,2026,2024 Around Long Island Regatta; 2024 Storm Trysail Club Block Island Race; 2024 Vineyard Race; 2025 Around Long Island Regatta; 2025 Vineyard Race; 2026 Around Long Island Regatta; 2026 Storm Trysail Club Block Island Race; 2026 Vineyard Race,,,Not identified from public sources reviewed,,,,https://yachtscoring.com/event_results_detail/50111/1,https://yachtscoring.com/event_scratch_sheet/50111,https://yachtscoring.com/boatdetail/50775/529469,"Overall fleet rank and size come from YachtScoring Race 1 detailed results. The overall fleet is the source-defined racing circle plus rating division, not the individual class.",338479036; 338479179,338479036; 338479179,DUET,Not provided in export,Sailing,12.0,2.0,,Not provided in export,2026-09-04T13:01:47.168Z,2026-09-06T15:56:24.176Z,2302.0,Low,"Exact normalized name matched multiple AIS MMSIs; verify using dimensions, owner, or callsign.",Attached AIS_EVENTS_RAW.csv
50111,Vineyard Race,2025,"August 29 - 31, 2025",Vineyard Racing | PHRF Division,Vineyard Racing,PHRF Division,18.0,29,28,Class 10 - PHRF,5.0,FINISHED,1:15:55:13,1:12:43:31,08/31/2025 @ 01:38:31 (GMT-05:00),exuberance,Exuberance,USA 51506,X-442,44 Ft,Rich Spitzenberger,PJYC,"PORT JEFFERSON, NY, USA",PHRF,ToD / ToT,48.0,48.0,2026,2024 Vineyard Race; 2025 Vineyard Race; 2026 Around Long Island Regatta,,,Not identified from public sources reviewed,,,,https://yachtscoring.com/event_results_detail/50111/1,https://yachtscoring.com/event_scratch_sheet/50111,https://yachtscoring.com/boatdetail/50645/527105,"Overall fleet rank and size come from YachtScoring Race 1 detailed results. The overall fleet is the source-defined racing circle plus rating division, not the individual class.",338498112,338498112,EXUBERANCE,Not provided in export,Pleasure,13.0,5.0,,Not provided in export,2026-09-04T17:08:44.185Z,2026-09-07T14:36:08.135Z,229.0,High,"Exact normalized name match, compatible AIS vessel type, and compatible reported length.",Attached AIS_EVENTS_RAW.csv
50111,Vineyard Race,2025,"August 29 - 31, 2025",Vineyard Racing | PHRF Division,Vineyard Racing,PHRF Division,20.0,29,28,Class 10 - PHRF,6.0,FINISHED,1:16:04:29,1:12:18:46,08/31/2025 @ 01:13:46 (GMT-05:00),xcellent,Xcellent,USA 51442,X442,44 Ft,Eric O'Sullivan,Thames Yacht Club,"Old Lyme, CT, USA",ORC,APH,39.0,508.5,2026,2024 Vineyard Race; 2025 Vineyard Race; 2026 Vineyard Race,,,Not identified from public sources reviewed,,,,https://yachtscoring.com/event_results_detail/50111/1,https://yachtscoring.com/event_scratch_sheet/50111,https://yachtscoring.com/boatdetail/50775/529984,"Overall fleet rank and size come from YachtScoring Race 1 detailed results. The overall fleet is the source-defined racing circle plus rating division, not the individual class.",338476187,338476187,XCELLENT,Not provided in export,Sailing,13.0,4.0,,Not provided in export,2026-09-04T13:01:41.787Z,2026-09-06T14:02:48.888Z,1096.0,High,"Exact normalized name match, compatible AIS vessel type, and compatible reported length.",Attached AIS_EVENTS_RAW.csv
50111,Vineyard Race,2025,"August 29 - 31, 2025",Vineyard Racing | PHRF Division,Vineyard Racing,PHRF Division,24.0,29,28,Class 10 - PHRF,7.0,FINISHED,1:16:28:26,1:12:40:28,08/31/2025 @ 01:35:28 (GMT-05:00),alibi,Alibi,USA 43968,J/120,40 Ft,John Sartorius,"NYYC, IHYC","Greenwich, CT, USA",PHRF,ToD / ToT,39.0,39.0,2026,2024 Vineyard Race; 2025 Storm Trysail Club Block Island Race; 2025 Vineyard Race; 2026 Storm Trysail Club Block Island Race; 2026 Vineyard Race,,,Not identified from public sources reviewed,,,,https://yachtscoring.com/event_results_detail/50111/1,https://yachtscoring.com/event_scratch_sheet/50111,https://yachtscoring.com/boatdetail/50775/528273,"Overall fleet rank and size come from YachtScoring Race 1 detailed results. The overall fleet is the source-defined racing circle plus rating division, not the individual class.",338532684; 366821680,338532684; 366821680,ALIBI,Not provided in export,Sailing,12.0,4.0,,Not provided in export,2026-09-04T13:01:50.288Z,2026-09-07T12:04:02.449Z,3367.0,Low,"Exact normalized name matched multiple AIS MMSIs; verify using dimensions, owner, or callsign.",Attached AIS_EVENTS_RAW.csv
50111,Vineyard Race,2025,"August 29 - 31, 2025",Vineyard Racing | PHRF Division,Vineyard Racing,PHRF Division,26.0,29,28,Class 10 - PHRF,8.0,FINISHED,1:18:10:33,1:14:36:30,08/31/2025 @ 03:31:30 (GMT-05:00),salty,Salty,USA 53,Beneteau First 36,39 Ft,Chris Lange,RYC,"Old Greenwich, CT, USA",PHRF,ToD / ToT,45.0,45.0,2025,2025 Vineyard Race,,,Not identified from public sources reviewed,,,,https://yachtscoring.com/event_results_detail/50111/1,https://yachtscoring.com/event_scratch_sheet/50111,https://yachtscoring.com/boatdetail/50111/513852,"Overall fleet rank and size come from YachtScoring Race 1 detailed results. The overall fleet is the source-defined racing circle plus rating division, not the individual class.",,,,,,,,,,,,,,,
50111,Vineyard Race,2025,"August 29 - 31, 2025",Vineyard Racing | PHRF Division,Vineyard Racing,PHRF Division,10.0,29,28,Class 12 - PHRF,1.0,FINISHED,1:15:32:52,1:10:55:26,08/31/2025 @ 00:10:26 (GMT-05:00),fireball,Fireball,USA 16,J/111,36.5 Ft,Bill & Jackie Baxter,Riverside Yacht Club / STC / NYYC,"Stamford, CT, USA",PHRF,ToD / ToT,24.0,24.0,2026,2024 Storm Trysail Club Block Island Race; 2024 Vineyard Race; 2025 Storm Trysail Club Block Island Race; 2025 Vineyard Race; 2026 Storm Trysail Club Block Island Race,,,Not identified from public sources reviewed,,,,https://yachtscoring.com/event_results_detail/50111/1,https://yachtscoring.com/event_scratch_sheet/50111,https://yachtscoring.com/boatdetail/50619/521095,"Overall fleet rank and size come from YachtScoring Race 1 detailed results. The overall fleet is the source-defined racing circle plus rating division, not the individual class.",,,,,,,,,,,,,,,
50111,Vineyard Race,2025,"August 29 - 31, 2025",Vineyard Racing | PHRF Division,Vineyard Racing,PHRF Division,16.0,29,28,Class 12 - PHRF,2.0,FINISHED,1:15:50:40,1:09:31:50,08/30/2025 @ 22:46:50 (GMT-05:00),cougar,Cougar,USA 4900,J/160,53 Ft,Leonard Sitar,Storm Trysail Club / American Yacht Club / New York Yacht Club / Cruising Club of America,"Holmdel, NJ, USA",ORC,APH,-3.0,464.2,2026,2024 Storm Trysail Club Block Island Race; 2024 Vineyard Race; 2025 Around Long Island Regatta; 2025 Storm Trysail Club Block Island Race; 2025 Vineyard Race; 2026 Storm Trysail Club Block Island Race; 2026 Vineyard Race,,,Not identified from public sources reviewed,,,,https://yachtscoring.com/event_results_detail/50111/1,https://yachtscoring.com/event_scratch_sheet/50111,https://yachtscoring.com/boatdetail/50775/529646,"Overall fleet rank and size come from YachtScoring Race 1 detailed results. The overall fleet is the source-defined racing circle plus rating division, not the individual class.",303392000,303392000,COUGAR,Not provided in export,Sailing,16.0,4.0,,Not provided in export,2026-09-04T13:01:38.926Z,2026-09-05T11:23:34.441Z,1509.0,High,"Exact normalized name match, compatible AIS vessel type, and compatible reported length.",Attached AIS_EVENTS_RAW.csv
50111,Vineyard Race,2025,"August 29 - 31, 2025",Vineyard Racing | PHRF Division,Vineyard Racing,PHRF Division,19.0,29,28,Class 12 - PHRF,3.0,FINISHED,1:15:58:12,1:11:17:48,08/31/2025 @ 00:32:48 (GMT-05:00),scylla,Scylla,USA 60739,Dehler 46,47 Ft,Markus Lahrkamp,American Yacht Club,"Rye, NY, USA",PHRF,ToD / ToT,24.0,15.0,2026,2024 Storm Trysail Club Block Island Race; 2024 Vineyard Race; 2025 Vineyard Race; 2026 Storm Trysail Club Block Island Race,,,Not identified from public sources reviewed,,,,https://yachtscoring.com/event_results_detail/50111/1,https://yachtscoring.com/event_scratch_sheet/50111,https://yachtscoring.com/boatdetail/50619/521108,"Overall fleet rank and size come from YachtScoring Race 1 detailed results. The overall fleet is the source-defined racing circle plus rating division, not the individual class.",,,,,,,,,,,,,,,
50111,Vineyard Race,2025,"August 29 - 31, 2025",Vineyard Racing | PHRF Division,Vineyard Racing,PHRF Division,21.0,29,28,Class 12 - PHRF,4.0,FINISHED,1:16:14:46,1:11:43:36,08/31/2025 @ 00:58:36 (GMT-05:00),ciaobaby,Ciao Baby,USA 102,J/111,37 Ft,Peter Chirlian,AHYC,"Sea Girt, NJ, USA",PHRF,ToD / ToT,27.0,27.0,2025,2024 Vineyard Race; 2025 Vineyard Race,,,Not identified from public sources reviewed,,,,https://yachtscoring.com/event_results_detail/50111/1,https://yachtscoring.com/event_scratch_sheet/50111,https://yachtscoring.com/boatdetail/50111/510409,"Overall fleet rank and size come from YachtScoring Race 1 detailed results. The overall fleet is the source-defined racing circle plus rating division, not the individual class.",,,,,,,,,,,,,,,
50111,Vineyard Race,2025,"August 29 - 31, 2025",Vineyard Racing | PHRF Division,Vineyard Racing,PHRF Division,22.0,29,28,Class 12 - PHRF,5.0,FINISHED,1:16:17:41,1:11:46:11,08/31/2025 @ 01:01:11 (GMT-05:00),direwolf,Dire Wolf,USA 12204,J/122,40 Ft,Constantine Baris,Sagamore Yacht Club / New York Yacht Club / Storm Trysail Club / New York Athletic Club Yacht Club,"Locust Valley, NY, USA",ORC,APH,27.0,508.4,2026,2024 Storm Trysail Club Block Island Race; 2024 Vineyard Race; 2025 Storm Trysail Club Block Island Race; 2025 Vineyard Race; 2026 Storm Trysail Club Block Island Race,,,Not identified from public sources reviewed,,,,https://yachtscoring.com/event_results_detail/50111/1,https://yachtscoring.com/event_scratch_sheet/50111,https://yachtscoring.com/boatdetail/50619/517751,"Overall fleet rank and size come from YachtScoring Race 1 detailed results. The overall fleet is the source-defined racing circle plus rating division, not the individual class.",,,,,,,,,,,,,,,
50111,Vineyard Race,2025,"August 29 - 31, 2025",Vineyard Racing | PHRF Division,Vineyard Racing,PHRF Division,23.0,29,28,Class 12 - PHRF,6.0,FINISHED,1:16:24:44,1:10:56:26,08/31/2025 @ 00:11:26 (GMT-05:00),jules,Jules,USA 52300,Baltic 52,52.5 Ft,Thomas Dunn,Belle Haven Club; New York Yacht Club,"Greenwich, CT, USA",PHRF,ToD / ToT,12.0,12.0,2025,2024 Storm Trysail Club Block Island Race; 2024 Vineyard Race; 2025 Storm Trysail Club Block Island Race; 2025 Vineyard Race,,,Not identified from public sources reviewed,,,,https://yachtscoring.com/event_results_detail/50111/1,https://yachtscoring.com/event_scratch_sheet/50111,https://yachtscoring.com/boatdetail/50111/513204,"Overall fleet rank and size come from YachtScoring Race 1 detailed results. The overall fleet is the source-defined racing circle plus rating division, not the individual class.",,,,,,,,,,,,,,,
50111,Vineyard Race,2025,"August 29 - 31, 2025",Vineyard Racing | PHRF Division,Vineyard Racing,PHRF Division,27.0,29,28,Class 12 - PHRF,7.0,FINISHED,1:18:39:48,1:11:30:30,08/31/2025 @ 00:45:30 (GMT-05:00),hounddog,Hound Dog,USA 51110,Tripp 41,41 Ft,Connor Mettus,,"New Smyrna Beach, FL, USA",PHRF,ToD / ToT,-9.0,-9.0,2025,2024 Around Long Island Regatta; 2024 Vineyard Race; 2025 Vineyard Race,,,Not identified from public sources reviewed,,,,https://yachtscoring.com/event_results_detail/50111/1,https://yachtscoring.com/event_scratch_sheet/50111,https://yachtscoring.com/boatdetail/50111/513283,"Overall fleet rank and size come from YachtScoring Race 1 detailed results. The overall fleet is the source-defined racing circle plus rating division, not the individual class.",,,,,,,,,,,,,,,
50775,Vineyard Race,2026,"September 4 - 6, 2026",Cornfield Point Racing | PHRF Division,Cornfield Point Racing,PHRF Division,7.0,10,10,Class 1 PHRF - NS,1.0,FINISHED,0:20:41:31,0:20:39:39,09/05/2026 @ 08:44:39 (GMT-05:00),iris,Iris,USA 25567,Sabre426,42’6” Ft,Lee Backus,SHYC,"Westport, CT, USA",PHRF,ToD / ToT,99.0,99.0,2026,2024 Vineyard Race; 2025 Vineyard Race; 2026 Vineyard Race,,,Not identified from public sources reviewed,,,,https://yachtscoring.com/event_results_detail/50775/1,https://yachtscoring.com/event_scratch_sheet/50775,https://yachtscoring.com/boatdetail/50775/528985,"Overall fleet rank and size come from YachtScoring Race 1 detailed results. The overall fleet is the source-defined racing circle plus rating division, not the individual class.",338492882,338492882,IRIS,Not provided in export,Sailing,13.0,4.0,,Not provided in export,2026-09-04T13:01:37.249Z,2026-09-05T04:33:20.349Z,2004.0,High,"Exact normalized name match, compatible AIS vessel type, and compatible reported length.",Attached AIS_EVENTS_RAW.csv
50775,Vineyard Race,2026,"September 4 - 6, 2026",Cornfield Point Racing | PHRF Division,Cornfield Point Racing,PHRF Division,9.0,10,10,Class 1 PHRF - NS,2.0,FINISHED,0:20:55:07,0:20:47:23,09/05/2026 @ 08:52:23 (GMT-05:00),celebrationii,Celebration (II),USA 41437,Tripp 37,37 Ft,Sea Scout Ship 6,Sea Scouts,"Norwalk, CT, USA",PHRF,ToD / ToT,96.0,96.0,2026,2025 Vineyard Race; 2026 Vineyard Race,,,Not identified from public sources reviewed,,,,https://yachtscoring.com/event_results_detail/50775/1,https://yachtscoring.com/event_scratch_sheet/50775,https://yachtscoring.com/boatdetail/50775/530301,"Overall fleet rank and size come from YachtScoring Race 1 detailed results. The overall fleet is the source-defined racing circle plus rating division, not the individual class.",,,,,,,,,,,,,,,
50775,Vineyard Race,2026,"September 4 - 6, 2026",Cornfield Point Racing | PHRF Division,Cornfield Point Racing,PHRF Division,3.0,10,10,Class 2 PHRF - DH,1.0,FINISHED,0:19:21:41,0:20:51:00,09/05/2026 @ 08:56:00 (GMT-05:00),triton,Triton,USA 84,Tartan 34-2,34 Ft,Mike Sullivan,Yralis,"Fairfield, CT, USA",PHRF,ToD / ToT,150.0,150.0,2026,2024 Vineyard Race; 2026 Vineyard Race,,,Not identified from public sources reviewed,,,,https://yachtscoring.com/event_results_detail/50775/1,https://yachtscoring.com/event_scratch_sheet/50775,https://yachtscoring.com/boatdetail/50775/530029,"Overall fleet rank and size come from YachtScoring Race 1 detailed results. The overall fleet is the source-defined racing circle plus rating division, not the individual class.",338319551; 338573438,338319551; 338573438,TRITON,Not provided in export,Sailing,11.0,4.0,,Not provided in export,2026-09-04T13:01:48.77Z,2026-09-06T00:18:25.849Z,2421.0,Low,"Exact normalized name matched multiple AIS MMSIs; verify using dimensions, owner, or callsign.",Attached AIS_EVENTS_RAW.csv
50775,Vineyard Race,2026,"September 4 - 6, 2026",Cornfield Point Racing | PHRF Division,Cornfield Point Racing,PHRF Division,4.0,10,10,Class 2 PHRF - DH,2.0,FINISHED,0:19:47:35,0:22:41:08,09/05/2026 @ 10:46:08 (GMT-05:00),chikara,Chikara,USA 0037,Cal 28-2,28.25 Ft,Vlad Mironenko,Sheepshead Bay Yacht Club,"Brooklyn, New York, USA",PHRF,ToD / ToT,195.0,195.0,2026,2024 Vineyard Race; 2026 Vineyard Race,,,Not identified from public sources reviewed,,,,https://yachtscoring.com/event_results_detail/50775/1,https://yachtscoring.com/event_scratch_sheet/50775,https://yachtscoring.com/boatdetail/50775/526377,"Overall fleet rank and size come from YachtScoring Race 1 detailed results. The overall fleet is the source-defined racing circle plus rating division, not the individual class.",,,,,,,,,,,,,,,
50775,Vineyard Race,2026,"September 4 - 6, 2026",Cornfield Point Racing | PHRF Division,Cornfield Point Racing,PHRF Division,1.0,10,10,Class 3 PHRF,1.0,FINISHED,0:18:39:13,0:20:41:30,09/05/2026 @ 08:46:30 (GMT-05:00),goldeneye,Golden-Eye,USA 1937,Rhodes,41.1 Ft,Michael Emmert,Sea Cliff Yacht Club,"Glen Head, NY, USA",PHRF,ToD / ToT,171.0,171.0,2026,2025 Around Long Island Regatta; 2025 Vineyard Race; 2026 Around Long Island Regatta; 2026 Vineyard Race,,,Not identified from public sources reviewed,,,,https://yachtscoring.com/event_results_detail/50775/1,https://yachtscoring.com/event_scratch_sheet/50775,https://yachtscoring.com/boatdetail/50775/529631,"Overall fleet rank and size come from YachtScoring Race 1 detailed results. The overall fleet is the source-defined racing circle plus rating division, not the individual class.",338222494,338222494,GOLDEN-EYE,Not provided in export,Sailing,14.0,3.0,,Not provided in export,2026-09-04T00:23:04.718Z,2026-09-07T14:29:19.49Z,1958.0,High,"Exact normalized name match, compatible AIS vessel type, and compatible reported length.",Attached AIS_EVENTS_RAW.csv
50775,Vineyard Race,2026,"September 4 - 6, 2026",Cornfield Point Racing | PHRF Division,Cornfield Point Racing,PHRF Division,2.0,10,10,Class 3 PHRF,2.0,FINISHED,0:19:16:31,0:21:38:52,09/05/2026 @ 09:43:52 (GMT-05:00),nemo,NemO,USA 20684,Tartan 30,30 Ft,Peter Anderson,Norwalk Yacht Club,"Norwalk, CT, USA",PHRF,ToD / ToT,180.0,180.0,2026,2026 Vineyard Race,,,Not identified from public sources reviewed,,,,https://yachtscoring.com/event_results_detail/50775/1,https://yachtscoring.com/event_scratch_sheet/50775,https://yachtscoring.com/boatdetail/50775/526215,"Overall fleet rank and size come from YachtScoring Race 1 detailed results. The overall fleet is the source-defined racing circle plus rating division, not the individual class.",338567432,338567432,NEMO,Not provided in export,Sailing,9.0,4.0,,Not provided in export,2026-09-04T15:44:46.048Z,2026-09-05T03:32:00.91Z,1655.0,High,"Exact normalized name match, compatible AIS vessel type, and compatible reported length.",Attached AIS_EVENTS_RAW.csv
50775,Vineyard Race,2026,"September 4 - 6, 2026",Cornfield Point Racing | PHRF Division,Cornfield Point Racing,PHRF Division,5.0,10,10,Class 3 PHRF,3.0,FINISHED,0:20:04:05,0:20:52:18,09/05/2026 @ 08:57:18 (GMT-05:00),veronique,Veronique,USA 60141,Beneteau first 345,34.5 Ft,Bert Rubin de Cervens,Ketewomoke Yacht Club/ LHYC,"Huntington, NY, USA",PHRF,ToD / ToT,126.0,126.0,2026,2026 Around Long Island Regatta; 2026 Vineyard Race,,,Not identified from public sources reviewed,,,,https://yachtscoring.com/event_results_detail/50775/1,https://yachtscoring.com/event_scratch_sheet/50775,https://yachtscoring.com/boatdetail/50775/529474,"Overall fleet rank and size come from YachtScoring Race 1 detailed results. The overall fleet is the source-defined racing circle plus rating division, not the individual class.",338336412,338336412,VERONIQUE,Not provided in export,Sailing,12.0,4.0,,Not provided in export,2026-09-04T15:46:46.689Z,2026-09-05T04:05:15.868Z,1841.0,High,"Exact normalized name match, compatible AIS vessel type, and compatible reported length.",Attached AIS_EVENTS_RAW.csv
50775,Vineyard Race,2026,"September 4 - 6, 2026",Cornfield Point Racing | PHRF Division,Cornfield Point Racing,PHRF Division,6.0,10,10,Class 3 PHRF,4.0,FINISHED,0:20:21:21,0:21:15:50,09/05/2026 @ 09:20:50 (GMT-05:00),roo,Roo,USA 138,C&C 33-2,32.58 Ft,Gary Tarnoff,Breakwater Irregulars,"Stamford, CT, USA",PHRF,ToD / ToT,129.0,129.0,2026,2024 Vineyard Race; 2025 Vineyard Race; 2026 Vineyard Race,,,Not identified from public sources reviewed,,,,https://yachtscoring.com/event_results_detail/50775/1,https://yachtscoring.com/event_scratch_sheet/50775,https://yachtscoring.com/boatdetail/50775/529712,"Overall fleet rank and size come from YachtScoring Race 1 detailed results. The overall fleet is the source-defined racing circle plus rating division, not the individual class.",,,,,,,,,,,,,,,
50775,Vineyard Race,2026,"September 4 - 6, 2026",Cornfield Point Racing | PHRF Division,Cornfield Point Racing,PHRF Division,8.0,10,10,Class 3 PHRF,5.0,FINISHED,0:20:48:16,0:20:52:09,09/05/2026 @ 08:57:09 (GMT-05:00),pazuzu,Pazuzu,USA 67,Seascape 27,27 Ft,Laura Browning / Bradford Webster,Manhasset Bay YC,"Rochester, VT, USA",PHRF,ToD / ToT,102.0,102.0,2026,2024 Vineyard Race; 2026 Vineyard Race,,,Not identified from public sources reviewed,,,,https://yachtscoring.com/event_results_detail/50775/1,https://yachtscoring.com/event_scratch_sheet/50775,https://yachtscoring.com/boatdetail/50775/525803,"Overall fleet rank and size come from YachtScoring Race 1 detailed results. The overall fleet is the source-defined racing circle plus rating division, not the individual class.",368244610; 368340280,368244610; 368340280,PAZUZU,Not provided in export,Pleasure,14.0,5.0,,Not provided in export,2026-09-04T12:38:28.152Z,2026-09-07T14:34:40.032Z,1984.0,Low,"Exact normalized name matched multiple AIS MMSIs; verify using dimensions, owner, or callsign.",Attached AIS_EVENTS_RAW.csv
50775,Vineyard Race,2026,"September 4 - 6, 2026",Cornfield Point Racing | PHRF Division,Cornfield Point Racing,PHRF Division,10.0,10,10,Class 3 PHRF,6.0,FINISHED,0:21:02:48,0:22:04:56,09/05/2026 @ 10:09:56 (GMT-05:00),bonnesant,Bonne Santé,USA 35,Jeanneau 350,35 Ft,Dan Anderson,Stamford Yacht Club,"Stamford, Connecticut, USA",PHRF,ToD / ToT,132.0,132.0,2026,2025 Vineyard Race; 2026 Vineyard Race,,,Not identified from public sources reviewed,,,,https://yachtscoring.com/event_results_detail/50775/1,https://yachtscoring.com/event_scratch_sheet/50775,https://yachtscoring.com/boatdetail/50775/525413,"Overall fleet rank and size come from YachtScoring Race 1 detailed results. The overall fleet is the source-defined racing circle plus rating division, not the individual class.",,,,,,,,,,,,,,,
50775,Vineyard Race,2026,"September 4 - 6, 2026",Seaflower Reef Racing | PHRF Division,Seaflower Reef Racing,PHRF Division,2.0,8,7,Class 4 PHRF - DH,1.0,FINISHED,0:22:36:52,0:23:18:41,09/05/2026 @ 11:33:41 (GMT-05:00),eclipse,Eclipse,USA 52386,Sabre 386,38.7 Ft,Marc Berkowitz,,"Armonk, NY, USA",PHRF,ToD / ToT,120.0,120.0,2026,2024 Storm Trysail Club Block Island Race; 2024 Vineyard Race; 2025 Storm Trysail Club Block Island Race; 2025 Vineyard Race; 2026 Vineyard Race,,,Not identified from public sources reviewed,,,,https://yachtscoring.com/event_results_detail/50775/1,https://yachtscoring.com/event_scratch_sheet/50775,https://yachtscoring.com/boatdetail/50775/529212,"Overall fleet rank and size come from YachtScoring Race 1 detailed results. The overall fleet is the source-defined racing circle plus rating division, not the individual class.",368003670; 368217460,368003670; 368217460,ECLIPSE,Not provided in export,Sailing,13.0,5.0,,Not provided in export,2026-09-04T12:51:15.468Z,2026-09-07T14:36:18.509Z,2579.0,Low,"Exact normalized name matched multiple AIS MMSIs; verify using dimensions, owner, or callsign.",Attached AIS_EVENTS_RAW.csv
50775,Vineyard Race,2026,"September 4 - 6, 2026",Seaflower Reef Racing | PHRF Division,Seaflower Reef Racing,PHRF Division,7.0,8,7,Class 4 PHRF - DH,2.0,FINISHED,1:02:13:19,1:03:52:30,09/05/2026 @ 16:07:30 (GMT-05:00),firstrate,First Rate,USA 40819,Tartan 34-2,34.42 Ft,Marek Antkowiak,CIYC/Polish Sailing Club of NY,"LAKE HOPATCONG, NJ, USA",PHRF,ToD / ToT,141.0,141.0,2026,2024 Around Long Island Regatta; 2026 Around Long Island Regatta; 2026 Vineyard Race,,,Not identified from public sources reviewed,,,,https://yachtscoring.com/event_results_detail/50775/1,https://yachtscoring.com/event_scratch_sheet/50775,https://yachtscoring.com/boatdetail/50775/529766,"Overall fleet rank and size come from YachtScoring Race 1 detailed results. The overall fleet is the source-defined racing circle plus rating division, not the individual class.",338442426,338442426,FIRST RATE,Not provided in export,Sailing,10.0,3.0,,Not provided in export,2026-09-04T12:50:09.735Z,2026-09-05T07:22:57.972Z,1939.0,High,"Exact normalized name match, compatible AIS vessel type, and compatible reported length.",Attached AIS_EVENTS_RAW.csv
50775,Vineyard Race,2026,"September 4 - 6, 2026",Seaflower Reef Racing | PHRF Division,Seaflower Reef Racing,PHRF Division,,8,7,Class 4 PHRF - DH,3.0,DNC,,0:00:00:00,,velocity2,Velocity2,USA 22,J/99,32.6 Ft,Kevin Marks,Noroton Yacht Club,"Darien, CT, USA",PHRF,ToD / ToT,72.0,72.0,2026,2024 Storm Trysail Club Block Island Race; 2025 Vineyard Race; 2026 Storm Trysail Club Block Island Race; 2026 Vineyard Race,,,Not identified from public sources reviewed,,,,https://yachtscoring.com/event_results_detail/50775/1,https://yachtscoring.com/event_scratch_sheet/50775,https://yachtscoring.com/boatdetail/50775/526397,"Overall fleet rank and size come from YachtScoring Race 1 detailed results. The overall fleet is the source-defined racing circle plus rating division, not the individual class.",338412468,338412468,VELOCITY 2,Not provided in export,Sailing,10.0,3.0,,Not provided in export,2026-09-04T15:46:20.451Z,2026-09-04T17:45:12.721Z,199.0,High,"Exact normalized name match, compatible AIS vessel type, and compatible reported length.",Attached AIS_EVENTS_RAW.csv
50775,Vineyard Race,2026,"September 4 - 6, 2026",Seaflower Reef Racing | PHRF Division,Seaflower Reef Racing,PHRF Division,1.0,8,7,Class 5 PHRF,1.0,FINISHED,0:21:50:53,0:21:12:35,09/05/2026 @ 09:27:35 (GMT-05:00),scorpios,Scorpios,USA 2608,GP26,26 Ft,Costas Vlahakis,Halloween YC,"Stamford, CT, USA",PHRF,ToD / ToT,81.0,81.0,2026,2025 Vineyard Race; 2026 Vineyard Race,,,Not identified from public sources reviewed,,,,https://yachtscoring.com/event_results_detail/50775/1,https://yachtscoring.com/event_scratch_sheet/50775,https://yachtscoring.com/boatdetail/50775/526889,"Overall fleet rank and size come from YachtScoring Race 1 detailed results. The overall fleet is the source-defined racing circle plus rating division, not the individual class.",,,,,,,,,,,,,,,
50775,Vineyard Race,2026,"September 4 - 6, 2026",Seaflower Reef Racing | PHRF Division,Seaflower Reef Racing,PHRF Division,3.0,8,7,Class 5 PHRF,2.0,FINISHED,0:23:43:47,0:23:15:19,09/05/2026 @ 11:30:19 (GMT-05:00),argos,ARGOS,USA 1543,Dufour 44,44 Ft,Rad Kurek,PSCNY / CIYC,"Middle Village, New York, USA",PHRF,ToD / ToT,87.0,87.0,2026,2026 Around Long Island Regatta; 2026 Vineyard Race,,,Not identified from public sources reviewed,,,,https://yachtscoring.com/event_results_detail/50775/1,https://yachtscoring.com/event_scratch_sheet/50775,https://yachtscoring.com/boatdetail/50775/529695,"Overall fleet rank and size come from YachtScoring Race 1 detailed results. The overall fleet is the source-defined racing circle plus rating division, not the individual class.",368335020,368335020,ARGOS,Not provided in export,Sailing,13.0,4.0,,Not provided in export,2026-09-04T10:14:25.956Z,2026-09-05T04:31:54.543Z,940.0,High,"Exact normalized name match, compatible AIS vessel type, and compatible reported length.",Attached AIS_EVENTS_RAW.csv
50775,Vineyard Race,2026,"September 4 - 6, 2026",Seaflower Reef Racing | PHRF Division,Seaflower Reef Racing,PHRF Division,4.0,8,7,Class 5 PHRF,3.0,FINISHED,0:23:49:31,1:00:20:20,09/05/2026 @ 12:35:20 (GMT-05:00),shootingstar,Shooting Star,USA 20802,Peterson 34,33.9 Ft,David Kingsbury,Housatonic Boat Club,"Orange, CT, USA",PHRF,ToD / ToT,114.0,114.0,2026,2024 Around Long Island Regatta; 2024 Vineyard Race; 2025 Around Long Island Regatta; 2025 Vineyard Race; 2026 Around Long Island Regatta; 2026 Vineyard Race,,,Not identified from public sources reviewed,,,,https://yachtscoring.com/event_results_detail/50775/1,https://yachtscoring.com/event_scratch_sheet/50775,https://yachtscoring.com/boatdetail/50775/529463,"Overall fleet rank and size come from YachtScoring Race 1 detailed results. The overall fleet is the source-defined racing circle plus rating division, not the individual class.",366732660,366732660,SHOOTING STAR,Not provided in export,Sailing,10.0,4.0,,Not provided in export,2026-09-04T13:01:52.597Z,2026-09-05T05:19:31.061Z,1757.0,High,"Exact normalized name match, compatible AIS vessel type, and compatible reported length.",Attached AIS_EVENTS_RAW.csv
50775,Vineyard Race,2026,"September 4 - 6, 2026",Seaflower Reef Racing | PHRF Division,Seaflower Reef Racing,PHRF Division,5.0,8,7,Class 5 PHRF,4.0,FINISHED,1:00:13:47,0:23:11:11,09/05/2026 @ 11:26:11 (GMT-05:00),sapphire,Sapphire,USA 42979,J 35,35.5 Ft,Jim Farrell,BRYC / STC,"Fairfield, CT, USA",PHRF,ToD / ToT,72.0,72.0,2026,2026 Vineyard Race,,,Not identified from public sources reviewed,,,,https://yachtscoring.com/event_results_detail/50775/1,https://yachtscoring.com/event_scratch_sheet/50775,https://yachtscoring.com/boatdetail/50775/528617,"Overall fleet rank and size come from YachtScoring Race 1 detailed results. The overall fleet is the source-defined racing circle plus rating division, not the individual class.",338154864; 338517873,338154864; 338517873,SAPPHIRE,Not provided in export,Pleasure,10.0,3.0,,Not provided in export,2026-09-04T13:01:52.263Z,2026-09-06T04:29:53.897Z,856.0,Low,"Exact normalized name matched multiple AIS MMSIs; verify using dimensions, owner, or callsign.",Attached AIS_EVENTS_RAW.csv
50775,Vineyard Race,2026,"September 4 - 6, 2026",Seaflower Reef Racing | PHRF Division,Seaflower Reef Racing,PHRF Division,6.0,8,7,Class 5 PHRF,5.0,FINISHED,1:00:16:51,1:00:34:51,09/05/2026 @ 12:49:51 (GMT-05:00),skyfall,Skyfall,USA 007,C&C 99,32 Ft,Lisa Woolsey,Liberty Yacht Club,"Hoboken, NJ, USA",PHRF,ToD / ToT,108.0,108.0,2026,2026 Vineyard Race,,,Not identified from public sources reviewed,,,,https://yachtscoring.com/event_results_detail/50775/1,https://yachtscoring.com/event_scratch_sheet/50775,https://yachtscoring.com/boatdetail/50775/529862,"Overall fleet rank and size come from YachtScoring Race 1 detailed results. The overall fleet is the source-defined racing circle plus rating division, not the individual class.",338538871,338538871,SKYFALL,Not provided in export,Sailing,10.0,4.0,,Not provided in export,2026-09-04T13:01:40.41Z,2026-09-05T06:12:27.608Z,2134.0,High,"Exact normalized name match, compatible AIS vessel type, and compatible reported length.",Attached AIS_EVENTS_RAW.csv
50775,Vineyard Race,2026,"September 4 - 6, 2026",Vineyard Racing | ORC Division,Vineyard Racing,ORC Division,8.0,29,28,Class 7 ORC - DH,1.0,FINISHED,1:16:13:48,1:11:35:21,09/06/2026 @ 00:00:21 (GMT-05:00),sleeper,SLEEPER YCC,USA 326,J/105,10.5 M,NEKA SAILING,NEKA Sailing,"Glen Cove, NY, USA",ORC,APH,540.2,540.2,2026,2024 Vineyard Race; 2025 Storm Trysail Club Block Island Race; 2025 Vineyard Race; 2026 Storm Trysail Club Block Island Race; 2026 Vineyard Race,,,Not identified from public sources reviewed,,,,https://yachtscoring.com/event_results_detail/50775/1,https://yachtscoring.com/event_scratch_sheet/50775,https://yachtscoring.com/boatdetail/50775/529673,"Overall fleet rank and size come from YachtScoring Race 1 detailed results. The overall fleet is the source-defined racing circle plus rating division, not the individual class.",,,,,,,,,,,,,,,
50775,Vineyard Race,2026,"September 4 - 6, 2026",Vineyard Racing | ORC Division,Vineyard Racing,ORC Division,13.0,29,28,Class 7 ORC - DH,2.0,FINISHED,1:17:12:22,1:12:18:41,09/06/2026 @ 00:43:41 (GMT-05:00),stratos,Stratos,USA 15833,Sun Fast 3300,33 Ft,Marcus Wunderlich,Cedar Point Yacht Club,"Jersey City, NJ, USA",ORC,APH,537.3,537.3,2026,2025 Storm Trysail Club Block Island Race; 2025 Vineyard Race; 2026 Storm Trysail Club Block Island Race; 2026 Vineyard Race,,,Not identified from public sources reviewed,,,,https://yachtscoring.com/event_results_detail/50775/1,https://yachtscoring.com/event_scratch_sheet/50775,https://yachtscoring.com/boatdetail/50775/528566,"Overall fleet rank and size come from YachtScoring Race 1 detailed results. The overall fleet is the source-defined racing circle plus rating division, not the individual class.",368404820,368404820,STRATOS,Not provided in export,Sailing,10.0,3.0,,Not provided in export,2026-09-04T12:55:31.188Z,2026-09-06T16:17:39.456Z,1785.0,High,"Exact normalized name match, compatible AIS vessel type, and compatible reported length.",Attached AIS_EVENTS_RAW.csv
50775,Vineyard Race,2026,"September 4 - 6, 2026",Vineyard Racing | ORC Division,Vineyard Racing,ORC Division,14.0,29,28,Class 7 ORC - DH,3.0,FINISHED,1:17:20:17,1:13:33:59,09/06/2026 @ 01:58:59 (GMT-05:00),eventyr,Eventyr,USA 61668,J/99,32.6 Ft,Michael Kohler,Larchmont Yacht Club,"New York, NY, USA",ORC,APH,554.6,554.6,2026,2025 Storm Trysail Club Block Island Race; 2025 Vineyard Race; 2026 Storm Trysail Club Block Island Race; 2026 Vineyard Race,,,Not identified from public sources reviewed,,,,https://yachtscoring.com/event_results_detail/50775/1,https://yachtscoring.com/event_scratch_sheet/50775,https://yachtscoring.com/boatdetail/50775/529700,"Overall fleet rank and size come from YachtScoring Race 1 detailed results. The overall fleet is the source-defined racing circle plus rating division, not the individual class.",368327540,368327540,EVENTYR,Not provided in export,Sailing,10.0,4.0,,Not provided in export,2026-09-04T12:01:37.671Z,2026-09-05T12:02:49.28Z,1424.0,High,"Exact normalized name match, compatible AIS vessel type, and compatible reported length.",Attached AIS_EVENTS_RAW.csv
50775,Vineyard Race,2026,"September 4 - 6, 2026",Vineyard Racing | ORC Division,Vineyard Racing,ORC Division,2.0,29,28,Class 9 ORC,1.0,FINISHED,1:15:11:46,1:09:43:22,09/05/2026 @ 22:28:22 (GMT-05:00),groupe5,Groupe 5,USA 26,Mod. Figaro 2,33 Ft,NEKA Sailing /Zachary Doerr,NEKA Sailing,"Newport, RI, USA",ORC,APH,523.5,523.5,2026,2024 Storm Trysail Club Block Island Race; 2024 Vineyard Race; 2025 Storm Trysail Club Block Island Race; 2025 Vineyard Race; 2026 Storm Trysail Club Block Island Race; 2026 Vineyard Race,,,Not identified from public sources reviewed,,,,https://yachtscoring.com/event_results_detail/50775/1,https://yachtscoring.com/event_scratch_sheet/50775,https://yachtscoring.com/boatdetail/50775/530233,"Overall fleet rank and size come from YachtScoring Race 1 detailed results. The overall fleet is the source-defined racing circle plus rating division, not the individual class.",,,,,,,,,,,,,,,
50775,Vineyard Race,2026,"September 4 - 6, 2026",Vineyard Racing | ORC Division,Vineyard Racing,ORC Division,9.0,29,28,Class 9 ORC,2.0,FINISHED,1:16:23:08,1:10:50:43,09/05/2026 @ 23:35:43 (GMT-05:00),intheory,In Theory,USA 61183,JPK 1080,35.5 Ft,Peter McWhinnie,"LYC, STC, RORC","Larchmont, New York, USA",ORC,APH,528.2,528.2,2026,2024 Storm Trysail Club Block Island Race; 2024 Vineyard Race; 2026 Storm Trysail Club Block Island Race; 2026 Vineyard Race,,,Not identified from public sources reviewed,,,,https://yachtscoring.com/event_results_detail/50775/1,https://yachtscoring.com/event_scratch_sheet/50775,https://yachtscoring.com/boatdetail/50775/528135,"Overall fleet rank and size come from YachtScoring Race 1 detailed results. The overall fleet is the source-defined racing circle plus rating division, not the individual class.",368070090,368070090,IN THEORY,Not provided in export,Sailing,11.0,4.0,,Not provided in export,2026-09-04T13:01:55.789Z,2026-09-05T11:26:06.426Z,1728.0,High,"Exact normalized name match, compatible AIS vessel type, and compatible reported length.",Attached AIS_EVENTS_RAW.csv
50775,Vineyard Race,2026,"September 4 - 6, 2026",Vineyard Racing | ORC Division,Vineyard Racing,ORC Division,10.0,29,28,Class 9 ORC,3.0,FINISHED,1:16:29:57,1:10:48:40,09/05/2026 @ 23:33:40 (GMT-05:00),christopherdragonxii,Christopher Dragon XII,ITA 2277,Italia 11.98,38 Ft,Linda & Andrew Weiss,Storm Trysail Club / Larchmont Yacht Club,"Mamaroneck, NY, USA",ORC,APH,525.5,525.5,2026,2024 Storm Trysail Club Block Island Race; 2024 Vineyard Race; 2025 Storm Trysail Club Block Island Race; 2025 Vineyard Race; 2026 Storm Trysail Club Block Island Race; 2026 Vineyard Race,,338324718; 338441051,"Conflicting public candidates, verify",Low,https://www.marinetraffic.com/en/ais/details/ships/shipid:5683135/mmsi:338324718/imo:0/vessel:CHRISTOPHER_DRAGON; https://globalfishingwatch.org/platform/vessel/98ffbb82-bba49-f1d0-aa9a-36a153c5e354,"Public AIS/GFW results found Christopher Dragon candidates, but neither source proves the XII suffix, owner, or home port match.",https://yachtscoring.com/event_results_detail/50775/1,https://yachtscoring.com/event_scratch_sheet/50775,https://yachtscoring.com/boatdetail/50775/526458,"Overall fleet rank and size come from YachtScoring Race 1 detailed results. The overall fleet is the source-defined racing circle plus rating division, not the individual class.",338324718; 338441051,,,,,,,,,,,,,,
50775,Vineyard Race,2026,"September 4 - 6, 2026",Vineyard Racing | ORC Division,Vineyard Racing,ORC Division,11.0,29,28,Class 9 ORC,4.0,FINISHED,1:16:57:31,1:11:09:38,09/05/2026 @ 23:54:38 (GMT-05:00),blueskies,Blue Skies,USA 44022,Alden Skye,50 Ft,William Gunther,"Essex Yacht Club, NYYC,CCA,STC","Essex, Connecticut, USA",ORC,APH,527.5,527.5,2026,2026 Storm Trysail Club Block Island Race; 2026 Vineyard Race,,,Not identified from public sources reviewed,,,,https://yachtscoring.com/event_results_detail/50775/1,https://yachtscoring.com/event_scratch_sheet/50775,https://yachtscoring.com/boatdetail/50775/528940,"Overall fleet rank and size come from YachtScoring Race 1 detailed results. The overall fleet is the source-defined racing circle plus rating division, not the individual class.",367358490,367358490,BLUE SKIES,Not provided in export,Sailing,17.0,4.0,,Not provided in export,2026-09-04T13:01:49.997Z,2026-09-06T15:33:53.576Z,2481.0,High,"Exact normalized name match, compatible AIS vessel type, and compatible reported length.",Attached AIS_EVENTS_RAW.csv
50775,Vineyard Race,2026,"September 4 - 6, 2026",Vineyard Racing | ORC Division,Vineyard Racing,ORC Division,17.0,29,28,Class 9 ORC,5.0,FINISHED,1:17:28:30,1:13:48:15,09/06/2026 @ 02:33:15 (GMT-05:00),imagine,Imagine,USA 108,X382,11.5 M,Matt Blake,Harlem,"Pelham, NY, USA",ORC,APH,558.6,558.6,2026,2025 Around Long Island Regatta; 2026 Around Long Island Regatta; 2026 Vineyard Race,,,Not identified from public sources reviewed,,,,https://yachtscoring.com/event_results_detail/50775/1,https://yachtscoring.com/event_scratch_sheet/50775,https://yachtscoring.com/boatdetail/50775/527864,"Overall fleet rank and size come from YachtScoring Race 1 detailed results. The overall fleet is the source-defined racing circle plus rating division, not the individual class.",368262650; 368402520,368262650; 368402520,IMAGINE,Not provided in export,Sailing,12.0,5.0,,Not provided in export,2026-09-04T00:04:04.754Z,2026-09-05T12:48:53.021Z,2532.0,Low,"Exact normalized name matched multiple AIS MMSIs; verify using dimensions, owner, or callsign.",Attached AIS_EVENTS_RAW.csv
50775,Vineyard Race,2026,"September 4 - 6, 2026",Vineyard Racing | ORC Division,Vineyard Racing,ORC Division,21.0,29,28,Class 9 ORC,6.0,FINISHED,1:17:52:15,1:13:05:59,09/06/2026 @ 01:50:59 (GMT-05:00),expresso,Expresso,USA 30,X-37,37 Ft,S. Longo / H. Bullen / M. Duncan,CPYC/STC,"Norwalk, CT, USA",ORC,APH,541.7,541.7,2026,2024 Vineyard Race; 2025 Vineyard Race; 2026 Vineyard Race,,,Not identified from public sources reviewed,,,,https://yachtscoring.com/event_results_detail/50775/1,https://yachtscoring.com/event_scratch_sheet/50775,https://yachtscoring.com/boatdetail/50775/525836,"Overall fleet rank and size come from YachtScoring Race 1 detailed results. The overall fleet is the source-defined racing circle plus rating division, not the individual class.",338399265,338399265,EXPRESSO,Not provided in export,Pleasure,,,,Not provided in export,2026-09-04T13:01:51.378Z,2026-09-05T11:38:21.062Z,1107.0,High,"Exact normalized name match, compatible AIS vessel type, and compatible reported length.",Attached AIS_EVENTS_RAW.csv
50775,Vineyard Race,2026,"September 4 - 6, 2026",Vineyard Racing | ORC Division,Vineyard Racing,ORC Division,26.0,29,28,Class 9 ORC,7.0,FINISHED,1:19:09:21,1:12:55:46,09/06/2026 @ 01:40:46 (GMT-05:00),ragana,Ragana,USA 52238,Cape Fear 38R,38 Ft,Darius Peleda,CPYC,"Westport, CT, USA",ORC,APH,523.2,523.2,2026,2024 Storm Trysail Club Block Island Race; 2024 Vineyard Race; 2025 Vineyard Race; 2026 Storm Trysail Club Block Island Race; 2026 Vineyard Race,,,Not identified from public sources reviewed,,,,https://yachtscoring.com/event_results_detail/50775/1,https://yachtscoring.com/event_scratch_sheet/50775,https://yachtscoring.com/boatdetail/50775/529400,"Overall fleet rank and size come from YachtScoring Race 1 detailed results. The overall fleet is the source-defined racing circle plus rating division, not the individual class.",367613230,367613230,RAGANA,Not provided in export,Sailing,11.0,2.0,,Not provided in export,2026-09-04T13:01:38.321Z,2026-09-05T11:33:53.504Z,1404.0,High,"Exact normalized name match, compatible AIS vessel type, and compatible reported length.",Attached AIS_EVENTS_RAW.csv
50775,Vineyard Race,2026,"September 4 - 6, 2026",Vineyard Racing | ORC Division,Vineyard Racing,ORC Division,3.0,29,28,Class 11 ORC,1.0,FINISHED,1:15:20:59,1:07:41:06,09/05/2026 @ 20:36:06 (GMT-05:00),dellaaurora,Della Aurora,USA 27,XR41,41 Ft,James Bistis,NYYC / LYC,"New Vernon, NJ, USA",ORC,APH,492.1,492.1,2026,2024 Around Long Island Regatta; 2025 Around Long Island Regatta; 2025 Vineyard Race; 2026 Around Long Island Regatta; 2026 Vineyard Race,,,Not identified from public sources reviewed,,,,https://yachtscoring.com/event_results_detail/50775/1,https://yachtscoring.com/event_scratch_sheet/50775,https://yachtscoring.com/boatdetail/50775/529486,"Overall fleet rank and size come from YachtScoring Race 1 detailed results. The overall fleet is the source-defined racing circle plus rating division, not the individual class.",368485380,368485380,DELLA AURORA,Not provided in export,Pleasure,12.0,4.0,,Not provided in export,2026-09-04T13:01:49.702Z,2026-09-05T11:36:23.772Z,1850.0,High,"Exact normalized name match, compatible AIS vessel type, and compatible reported length.",Attached AIS_EVENTS_RAW.csv
50775,Vineyard Race,2026,"September 4 - 6, 2026",Vineyard Racing | ORC Division,Vineyard Racing,ORC Division,12.0,29,28,Class 11 ORC,2.0,FINISHED,1:17:06:26,1:10:24:18,09/05/2026 @ 23:19:18 (GMT-05:00),loki,Loki,USA 61220,J/122,40 Ft,David Rosow,Pequot Yacht Club / NYYC,"Fairfield, CT, USA",ORC,APH,511.3,511.3,2026,2024 Storm Trysail Club Block Island Race; 2024 Vineyard Race; 2025 Storm Trysail Club Block Island Race; 2025 Vineyard Race; 2026 Storm Trysail Club Block Island Race; 2026 Vineyard Race,,,Not identified from public sources reviewed,,,,https://yachtscoring.com/event_results_detail/50775/1,https://yachtscoring.com/event_scratch_sheet/50775,https://yachtscoring.com/boatdetail/50775/526362,"Overall fleet rank and size come from YachtScoring Race 1 detailed results. The overall fleet is the source-defined racing circle plus rating division, not the individual class.",368006960,368006960,LOKI,Not provided in export,Sailing,12.0,4.0,,Not provided in export,2026-09-04T15:44:43.847Z,2026-09-05T11:33:13.609Z,1624.0,High,"Exact normalized name match, compatible AIS vessel type, and compatible reported length.",Attached AIS_EVENTS_RAW.csv
50775,Vineyard Race,2026,"September 4 - 6, 2026",Vineyard Racing | ORC Division,Vineyard Racing,ORC Division,20.0,29,28,Class 11 ORC,3.0,FINISHED,1:17:50:39,1:09:27:33,09/05/2026 @ 22:22:33 (GMT-05:00),assarainiv,ASSARAIN IV,USA 58133,J 133,43 feet Ft,Steve Brownlie,Atlantic Highlands Yacht Cub,"Rumson, NJ, USA",ORC,APH,489.3,489.3,2026,2024 Vineyard Race; 2025 Vineyard Race; 2026 Vineyard Race,,,Not identified from public sources reviewed,,,,https://yachtscoring.com/event_results_detail/50775/1,https://yachtscoring.com/event_scratch_sheet/50775,https://yachtscoring.com/boatdetail/50775/527461,"Overall fleet rank and size come from YachtScoring Race 1 detailed results. The overall fleet is the source-defined racing circle plus rating division, not the individual class.",368365260,368365260,ASSARAIN IV,Not provided in export,Sailing,11.0,4.0,,Not provided in export,2026-09-04T15:44:46.116Z,2026-09-05T11:31:46.246Z,1850.0,High,"Exact normalized name match, compatible AIS vessel type, and compatible reported length.",Attached AIS_EVENTS_RAW.csv
50775,Vineyard Race,2026,"September 4 - 6, 2026",Vineyard Racing | ORC Division,Vineyard Racing,ORC Division,22.0,29,28,Class 11 ORC,4.0,FINISHED,1:17:52:53,1:10:39:00,09/05/2026 @ 23:34:00 (GMT-05:00),surfacetension,Surface Tension,USA 52556,Beneteau First 44.7,44 Ft,Lou Melillo,Atlantic Highlands Yacht Club / Storm Trysail Club,"Middletown, NJ, USA",ORC,APH,505.4,505.4,2026,2024 Around Long Island Regatta; 2024 Storm Trysail Club Block Island Race; 2024 Vineyard Race; 2025 Around Long Island Regatta; 2025 Vineyard Race; 2026 Around Long Island Regatta; 2026 Vineyard Race,,,Not identified from public sources reviewed,,,,https://yachtscoring.com/event_results_detail/50775/1,https://yachtscoring.com/event_scratch_sheet/50775,https://yachtscoring.com/boatdetail/50775/528824,"Overall fleet rank and size come from YachtScoring Race 1 detailed results. The overall fleet is the source-defined racing circle plus rating division, not the individual class.",338477707,338477707,SURFACE TENSION,Not provided in export,Pleasure,14.0,4.0,,Not provided in export,2026-09-04T13:01:39.193Z,2026-09-05T11:47:22.563Z,1789.0,High,"Exact normalized name match, compatible AIS vessel type, and compatible reported length.",Attached AIS_EVENTS_RAW.csv
50775,Vineyard Race,2026,"September 4 - 6, 2026",Vineyard Racing | ORC Division,Vineyard Racing,ORC Division,25.0,29,28,Class 11 ORC,5.0,FINISHED,1:18:04:27,1:10:45:38,09/05/2026 @ 23:40:38 (GMT-05:00),kenai,Kenai,GBR 5598T,J/44,44 Ft,Chris Lewis,"NYYC, STC, Lakewood YC","Austin, TX, USA",ORC,APH,506.4,506.4,2026,2026 Vineyard Race,,,Not identified from public sources reviewed,,,,https://yachtscoring.com/event_results_detail/50775/1,https://yachtscoring.com/event_scratch_sheet/50775,https://yachtscoring.com/boatdetail/50775/529860,"Overall fleet rank and size come from YachtScoring Race 1 detailed results. The overall fleet is the source-defined racing circle plus rating division, not the individual class.",338555273,338555273,KENAI,Not provided in export,Sailing,14.0,4.0,,Not provided in export,2026-09-04T12:40:44.663Z,2026-09-05T11:39:41.841Z,1904.0,High,"Exact normalized name match, compatible AIS vessel type, and compatible reported length.",Attached AIS_EVENTS_RAW.csv
50775,Vineyard Race,2026,"September 4 - 6, 2026",Vineyard Racing | ORC Division,Vineyard Racing,ORC Division,27.0,29,28,Class 11 ORC,6.0,FINISHED,1:19:09:30,1:11:50:34,09/06/2026 @ 00:45:34 (GMT-05:00),xcellent,Xcellent,USA 51442,X442,44 Ft,Eric O'Sullivan,Thames Yacht Club,"Old Lyme, CT, USA",ORC,APH,508.5,508.5,2026,2024 Vineyard Race; 2025 Vineyard Race; 2026 Vineyard Race,,,Not identified from public sources reviewed,,,,https://yachtscoring.com/event_results_detail/50775/1,https://yachtscoring.com/event_scratch_sheet/50775,https://yachtscoring.com/boatdetail/50775/529984,"Overall fleet rank and size come from YachtScoring Race 1 detailed results. The overall fleet is the source-defined racing circle plus rating division, not the individual class.",338476187,338476187,XCELLENT,Not provided in export,Sailing,13.0,4.0,,Not provided in export,2026-09-04T13:01:41.787Z,2026-09-06T14:02:48.888Z,1096.0,High,"Exact normalized name match, compatible AIS vessel type, and compatible reported length.",Attached AIS_EVENTS_RAW.csv
50775,Vineyard Race,2026,"September 4 - 6, 2026",Vineyard Racing | ORC Division,Vineyard Racing,ORC Division,28.0,29,28,Class 11 ORC,7.0,FINISHED,1:19:19:08,1:10:44:49,09/05/2026 @ 23:39:49 (GMT-05:00),rumba,Rumba,USA 61132,J/133,43 Ft,Ove Haxthausen,Stamford Yacht Club,"Stamford, CT, USA",ORC,APH,490.0,490.0,2026,2024 Storm Trysail Club Block Island Race; 2024 Vineyard Race; 2025 Vineyard Race; 2026 Vineyard Race,,,Not identified from public sources reviewed,,,,https://yachtscoring.com/event_results_detail/50775/1,https://yachtscoring.com/event_scratch_sheet/50775,https://yachtscoring.com/boatdetail/50775/522779,"Overall fleet rank and size come from YachtScoring Race 1 detailed results. The overall fleet is the source-defined racing circle plus rating division, not the individual class.",368057260,368057260,RUMBA,Not provided in export,Sailing,13.0,3.0,,Not provided in export,2026-09-04T15:44:43.206Z,2026-09-05T11:43:33.282Z,1530.0,High,"Exact normalized name match, compatible AIS vessel type, and compatible reported length.",Attached AIS_EVENTS_RAW.csv
50775,Vineyard Race,2026,"September 4 - 6, 2026",Vineyard Racing | ORC Division,Vineyard Racing,ORC Division,,29,28,Class 11 ORC,8.0,NSC,,0:00:00:00,,jungleland,Jungleland,USA 61666,J/111,36 Ft,Rick Hanson,North East River Yacht Club,"LEWES, DE, USA",ORC,APH,507.9,507.9,2026,2026 Vineyard Race,,,Not identified from public sources reviewed,,,,https://yachtscoring.com/event_results_detail/50775/1,https://yachtscoring.com/event_scratch_sheet/50775,https://yachtscoring.com/boatdetail/50775/524803,"Overall fleet rank and size come from YachtScoring Race 1 detailed results. The overall fleet is the source-defined racing circle plus rating division, not the individual class.",338318259,338318259,JUNGLELAND,Not provided in export,Sailing,9.0,3.0,,Not provided in export,2026-09-04T15:45:03.88Z,2026-09-05T12:27:53.034Z,2459.0,High,"Exact normalized name match, compatible AIS vessel type, and compatible reported length.",Attached AIS_EVENTS_RAW.csv
50775,Vineyard Race,2026,"September 4 - 6, 2026",Vineyard Racing | ORC Division,Vineyard Racing,ORC Division,4.0,29,28,Class 13 ORC,1.0,FINISHED,1:15:34:32,1:07:15:46,09/05/2026 @ 20:30:46 (GMT-05:00),phantom,Phantom,USA 60711,Xp 44,44 Ft,Chris Schoen,"LYC, NYYC, STC","Larchmont, NY, USA",ORC,APH,482.4,482.4,2026,2024 Storm Trysail Club Block Island Race; 2025 Around Long Island Regatta; 2025 Storm Trysail Club Block Island Race; 2025 Vineyard Race; 2026 Around Long Island Regatta; 2026 Storm Trysail Club Block Island Race; 2026 Vineyard Race,,,Not identified from public sources reviewed,,,,https://yachtscoring.com/event_results_detail/50775/1,https://yachtscoring.com/event_scratch_sheet/50775,https://yachtscoring.com/boatdetail/50775/528995,"Overall fleet rank and size come from YachtScoring Race 1 detailed results. The overall fleet is the source-defined racing circle plus rating division, not the individual class.",338242317; 368001170; 368077430,338242317; 368001170; 368077430,PHANTOM,Not provided in export,Sailing,13.0,4.0,,Not provided in export,2026-09-04T13:01:46.597Z,2026-09-05T18:18:29.753Z,1979.0,Low,"Exact normalized name matched multiple AIS MMSIs; verify using dimensions, owner, or callsign.",Attached AIS_EVENTS_RAW.csv
50775,Vineyard Race,2026,"September 4 - 6, 2026",Vineyard Racing | ORC Division,Vineyard Racing,ORC Division,5.0,29,28,Class 13 ORC,2.0,FINISHED,1:15:37:11,1:07:38:15,09/05/2026 @ 20:53:15 (GMT-05:00),habiru,Habiru,USA 61124,J 121,40.0 Ft,Steve Losik,Bayview Yacht Club,"Great Neck, NY, USA",ORC,APH,488.1,488.1,2026,2025 Around Long Island Regatta; 2025 Storm Trysail Club Block Island Race; 2025 Vineyard Race; 2026 Around Long Island Regatta; 2026 Storm Trysail Club Block Island Race; 2026 Vineyard Race,,,Not identified from public sources reviewed,,,,https://yachtscoring.com/event_results_detail/50775/1,https://yachtscoring.com/event_scratch_sheet/50775,https://yachtscoring.com/boatdetail/50775/522941,"Overall fleet rank and size come from YachtScoring Race 1 detailed results. The overall fleet is the source-defined racing circle plus rating division, not the individual class.",338413878,338413878,HABIRU,Not provided in export,Sailing,12.0,4.0,,Not provided in export,2026-09-04T13:01:42.289Z,2026-09-05T10:32:13.798Z,1063.0,High,"Exact normalized name match, compatible AIS vessel type, and compatible reported length.",Attached AIS_EVENTS_RAW.csv
50775,Vineyard Race,2026,"September 4 - 6, 2026",Vineyard Racing | ORC Division,Vineyard Racing,ORC Division,7.0,29,28,Class 13 ORC,3.0,FINISHED,1:16:08:02,1:07:46:00,09/05/2026 @ 21:01:00 (GMT-05:00),eagle,Eagle,USA 61121,J/121,40 Ft,Steven Levy,Indian Harbor YC/NYYC,"Greenwich, CT, USA",ORC,APH,482.9,482.9,2026,2024 Storm Trysail Club Block Island Race; 2025 Vineyard Race; 2026 Vineyard Race,,,Not identified from public sources reviewed,,,,https://yachtscoring.com/event_results_detail/50775/1,https://yachtscoring.com/event_scratch_sheet/50775,https://yachtscoring.com/boatdetail/50775/526317,"Overall fleet rank and size come from YachtScoring Race 1 detailed results. The overall fleet is the source-defined racing circle plus rating division, not the individual class.",338112141; 368040250,338112141; 368040250,EAGLE,Not provided in export,Pleasure,12.0,4.0,,Not provided in export,2026-09-04T15:45:10.007Z,2026-09-05T11:24:47.624Z,1892.0,Low,"Exact normalized name matched multiple AIS MMSIs; verify using dimensions, owner, or callsign.",Attached AIS_EVENTS_RAW.csv
50775,Vineyard Race,2026,"September 4 - 6, 2026",Vineyard Racing | ORC Division,Vineyard Racing,ORC Division,15.0,29,28,Class 13 ORC,4.0,FINISHED,1:17:20:55,1:08:29:29,09/05/2026 @ 21:44:29 (GMT-05:00),eldiablo,El Diablo,USA 56600,Bolt 37,37 Ft,Robert Fryer,American Yacht Club,"Cos Cob, CT, USA",ORC,APH,477.2,477.2,2026,2026 Vineyard Race,,,Not identified from public sources reviewed,,,,https://yachtscoring.com/event_results_detail/50775/1,https://yachtscoring.com/event_scratch_sheet/50775,https://yachtscoring.com/boatdetail/50775/529355,"Overall fleet rank and size come from YachtScoring Race 1 detailed results. The overall fleet is the source-defined racing circle plus rating division, not the individual class.",338554674,338554674,EL DIABLO,Not provided in export,Sailing,12.0,4.0,,Not provided in export,2026-09-04T13:01:46.91Z,2026-09-05T10:18:00.943Z,702.0,High,"Exact normalized name match, compatible AIS vessel type, and compatible reported length.",Attached AIS_EVENTS_RAW.csv
50775,Vineyard Race,2026,"September 4 - 6, 2026",Vineyard Racing | ORC Division,Vineyard Racing,ORC Division,18.0,29,28,Class 13 ORC,5.0,FINISHED,1:17:31:36,1:07:31:27,09/05/2026 @ 20:46:27 (GMT-05:00),goodnews,Good News,USA 7065,J/125,41 Ft,Macrae Sykes,NYYC/RYC/STC,"Old Greenwich, CT, USA",ORC,APH,462.2,462.2,2026,2024 Storm Trysail Club Block Island Race; 2024 Vineyard Race; 2025 Storm Trysail Club Block Island Race; 2025 Vineyard Race; 2026 Vineyard Race,,,Not identified from public sources reviewed,,,,https://yachtscoring.com/event_results_detail/50775/1,https://yachtscoring.com/event_scratch_sheet/50775,https://yachtscoring.com/boatdetail/50775/527412,"Overall fleet rank and size come from YachtScoring Race 1 detailed results. The overall fleet is the source-defined racing circle plus rating division, not the individual class.",368131030,368131030,GOOD NEWS,Not provided in export,Pleasure,13.0,3.0,,Not provided in export,2026-09-04T13:01:38.543Z,2026-09-05T10:24:36.89Z,624.0,High,"Exact normalized name match, compatible AIS vessel type, and compatible reported length.",Attached AIS_EVENTS_RAW.csv
50775,Vineyard Race,2026,"September 4 - 6, 2026",Vineyard Racing | ORC Division,Vineyard Racing,ORC Division,19.0,29,28,Class 13 ORC,6.0,FINISHED,1:17:37:08,1:08:05:28,09/05/2026 @ 21:20:28 (GMT-05:00),geminiii,Gemini II,USA 45454,Swan 45,45 Ft,James Coffman,NYYC/CPYC/RORC,"Rye, NY, USA",ORC,APH,469.0,469.0,2026,2024 Vineyard Race; 2025 Storm Trysail Club Block Island Race; 2025 Vineyard Race; 2026 Vineyard Race,,,Not identified from public sources reviewed,,,,https://yachtscoring.com/event_results_detail/50775/1,https://yachtscoring.com/event_scratch_sheet/50775,https://yachtscoring.com/boatdetail/50775/529252,"Overall fleet rank and size come from YachtScoring Race 1 detailed results. The overall fleet is the source-defined racing circle plus rating division, not the individual class.",367347940,367347940,GEMINI II,Not provided in export,Sailing,14.0,4.0,,Not provided in export,2026-09-04T15:46:00.758Z,2026-09-05T10:39:20.012Z,1136.0,High,"Exact normalized name match, compatible AIS vessel type, and compatible reported length.",Attached AIS_EVENTS_RAW.csv
50775,Vineyard Race,2026,"September 4 - 6, 2026",Vineyard Racing | ORC Division,Vineyard Racing,ORC Division,23.0,29,28,Class 13 ORC,7.0,FINISHED,1:17:54:00,1:09:06:06,09/05/2026 @ 22:21:06 (GMT-05:00),ohana,Ohana,USA 435,Arcona 435 MkII,44.7 Ft,Ken Wisdom,CPYC/NYYC/RORC,"Wilton, CT, USA",ORC,APH,483.8,483.8,2026,2024 Vineyard Race; 2025 Around Long Island Regatta; 2025 Vineyard Race; 2026 Around Long Island Regatta; 2026 Vineyard Race,,,Not identified from public sources reviewed,,,,https://yachtscoring.com/event_results_detail/50775/1,https://yachtscoring.com/event_scratch_sheet/50775,https://yachtscoring.com/boatdetail/50775/528935,"Overall fleet rank and size come from YachtScoring Race 1 detailed results. The overall fleet is the source-defined racing circle plus rating division, not the individual class.",338351614; 368366540; 368396040,338351614; 368366540; 368396040,OHANA,Not provided in export,Sailing,13.0,4.0,,Not provided in export,2026-09-04T13:01:36.882Z,2026-09-06T08:25:35.409Z,2053.0,Low,"Exact normalized name matched multiple AIS MMSIs; verify using dimensions, owner, or callsign.",Attached AIS_EVENTS_RAW.csv
50775,Vineyard Race,2026,"September 4 - 6, 2026",Vineyard Racing | ORC Division,Vineyard Racing,ORC Division,24.0,29,28,Class 13 ORC,8.0,FINISHED,1:17:57:03,1:07:46:51,09/05/2026 @ 21:01:51 (GMT-05:00),cougar,Cougar,USA 4900,J/160,53 Ft,Leonard Sitar,Storm Trysail Club / American Yacht Club / New York Yacht Club / Cruising Club of America,"Holmdel, NJ, USA",ORC,APH,464.2,464.2,2026,2024 Storm Trysail Club Block Island Race; 2024 Vineyard Race; 2025 Around Long Island Regatta; 2025 Storm Trysail Club Block Island Race; 2025 Vineyard Race; 2026 Storm Trysail Club Block Island Race; 2026 Vineyard Race,,,Not identified from public sources reviewed,,,,https://yachtscoring.com/event_results_detail/50775/1,https://yachtscoring.com/event_scratch_sheet/50775,https://yachtscoring.com/boatdetail/50775/529646,"Overall fleet rank and size come from YachtScoring Race 1 detailed results. The overall fleet is the source-defined racing circle plus rating division, not the individual class.",303392000,303392000,COUGAR,Not provided in export,Sailing,16.0,4.0,,Not provided in export,2026-09-04T13:01:38.926Z,2026-09-05T11:23:34.441Z,1509.0,High,"Exact normalized name match, compatible AIS vessel type, and compatible reported length.",Attached AIS_EVENTS_RAW.csv
50775,Vineyard Race,2026,"September 4 - 6, 2026",Vineyard Racing | ORC Division,Vineyard Racing,ORC Division,1.0,29,28,Class 15 ORC,1.0,FINISHED,1:15:00:36,1:03:12:20,09/05/2026 @ 16:37:20 (GMT-05:00),pterodactyl,Pterodactyl,USA 45045,custom,44 Ft,scott weisman,New York Yacht Club/Sunningdale,"White Plains, NY, USA",ORC,APH,422.8,422.8,2026,2025 Storm Trysail Club Block Island Race; 2025 Vineyard Race; 2026 Vineyard Race,,,Not identified from public sources reviewed,,,,https://yachtscoring.com/event_results_detail/50775/1,https://yachtscoring.com/event_scratch_sheet/50775,https://yachtscoring.com/boatdetail/50775/527091,"Overall fleet rank and size come from YachtScoring Race 1 detailed results. The overall fleet is the source-defined racing circle plus rating division, not the individual class.",368253380,368253380,PTERODACTYL,Not provided in export,Sailing,14.0,4.0,,Not provided in export,2026-09-04T15:45:12.89Z,2026-09-06T06:08:44.991Z,1054.0,High,"Exact normalized name match, compatible AIS vessel type, and compatible reported length.",Attached AIS_EVENTS_RAW.csv
50775,Vineyard Race,2026,"September 4 - 6, 2026",Vineyard Racing | ORC Division,Vineyard Racing,ORC Division,6.0,29,28,Class 15 ORC,2.0,FINISHED,1:16:02:30,1:05:15:34,09/05/2026 @ 18:40:34 (GMT-05:00),rikki,Rikki,USA 8008,R/P 42,42 Ft,Bruce Chafee,Sakonnet Yacht Club,"Boston, MA, USA",ORC,APH,444.0,444.0,2026,2025 Vineyard Race; 2026 Vineyard Race,,,Not identified from public sources reviewed,,,,https://yachtscoring.com/event_results_detail/50775/1,https://yachtscoring.com/event_scratch_sheet/50775,https://yachtscoring.com/boatdetail/50775/529364,"Overall fleet rank and size come from YachtScoring Race 1 detailed results. The overall fleet is the source-defined racing circle plus rating division, not the individual class.",368075770,368075770,RIKKI,Not provided in export,Sailing,13.0,4.0,,Not provided in export,2026-09-04T13:01:53.463Z,2026-09-06T12:09:55.967Z,1269.0,High,"Exact normalized name match, compatible AIS vessel type, and compatible reported length.",Attached AIS_EVENTS_RAW.csv
50775,Vineyard Race,2026,"September 4 - 6, 2026",Vineyard Racing | ORC Division,Vineyard Racing,ORC Division,16.0,29,28,Class 15 ORC,3.0,FINISHED,1:17:21:56,1:06:11:22,09/05/2026 @ 19:36:22 (GMT-05:00),katsu,Katsu,USA 61804,RP 45,45 Ft,NEKA SAILING,NEKA Sailing,"Glen Cove, NY, USA",ORC,APH,444.0,444.0,2026,2024 Storm Trysail Club Block Island Race; 2025 Storm Trysail Club Block Island Race; 2026 Vineyard Race,,,Not identified from public sources reviewed,,,,https://yachtscoring.com/event_results_detail/50775/1,https://yachtscoring.com/event_scratch_sheet/50775,https://yachtscoring.com/boatdetail/50775/529671,"Overall fleet rank and size come from YachtScoring Race 1 detailed results. The overall fleet is the source-defined racing circle plus rating division, not the individual class.",533001750,533001750,KATSU,Not provided in export,Pleasure,13.0,4.0,,Not provided in export,2026-09-04T13:01:47.97Z,2026-09-05T10:43:45.247Z,1242.0,High,"Exact normalized name match, compatible AIS vessel type, and compatible reported length.",Attached AIS_EVENTS_RAW.csv
50775,Vineyard Race,2026,"September 4 - 6, 2026",Vineyard Racing | PHRF Division,Vineyard Racing,PHRF Division,1.0,33,33,Class 6 PHRF - DH,1.0,FINISHED,1:12:55:04,1:11:40:10,09/06/2026 @ 00:05:10 (GMT-05:00),youngamerican,Young American,USA 146,J 105,34 Ft,Peter Becker & Adrien Blanc,"NYYC, CCA, American YC, YASA","Rye, NY, USA",PHRF,ToD / ToT,78.0,78.0,2026,2025 Vineyard Race; 2026 Storm Trysail Club Block Island Race; 2026 Vineyard Race,,,Not identified from public sources reviewed,,,,https://yachtscoring.com/event_results_detail/50775/1,https://yachtscoring.com/event_scratch_sheet/50775,https://yachtscoring.com/boatdetail/50775/528918,"Overall fleet rank and size come from YachtScoring Race 1 detailed results. The overall fleet is the source-defined racing circle plus rating division, not the individual class.",,,,,,,,,,,,,,,
50775,Vineyard Race,2026,"September 4 - 6, 2026",Vineyard Racing | PHRF Division,Vineyard Racing,PHRF Division,12.0,33,33,Class 6 PHRF - DH,2.0,FINISHED,1:14:03:40,1:12:14:43,09/06/2026 @ 00:39:43 (GMT-05:00),savethesound,Save the Sound,USA 167,J/99,32 Ft,Douglas McKeige,American Yacht Club,"Mamaroneck, NY, USA",PHRF,ToD / ToT,69.0,69.0,2026,2025 Storm Trysail Club Block Island Race; 2025 Vineyard Race; 2026 Storm Trysail Club Block Island Race; 2026 Vineyard Race,,,Not identified from public sources reviewed,,,,https://yachtscoring.com/event_results_detail/50775/1,https://yachtscoring.com/event_scratch_sheet/50775,https://yachtscoring.com/boatdetail/50775/529843,"Overall fleet rank and size come from YachtScoring Race 1 detailed results. The overall fleet is the source-defined racing circle plus rating division, not the individual class.",338535733,338535733,SAVE THE SOUND,Not provided in export,Pleasure,10.0,2.0,,Not provided in export,2026-09-04T13:01:48.836Z,2026-09-05T12:07:47.921Z,164.0,High,"Exact normalized name match, compatible AIS vessel type, and compatible reported length.",Attached AIS_EVENTS_RAW.csv
50775,Vineyard Race,2026,"September 4 - 6, 2026",Vineyard Racing | PHRF Division,Vineyard Racing,PHRF Division,23.0,33,33,Class 6 PHRF - DH,3.0,FINISHED,1:14:54:39,1:11:15:29,09/05/2026 @ 23:40:29 (GMT-05:00),abilyn,Abilyn,USA 25559,J 120,40 Ft,Josh Reisberg,Sea Cliff YC / Storm Trysail Club,"Sea Cliff, NY, USA",PHRF,ToD / ToT,39.0,39.0,2026,2024 Around Long Island Regatta; 2025 Around Long Island Regatta; 2026 Around Long Island Regatta; 2026 Storm Trysail Club Block Island Race; 2026 Vineyard Race,,,Not identified from public sources reviewed,,,,https://yachtscoring.com/event_results_detail/50775/1,https://yachtscoring.com/event_scratch_sheet/50775,https://yachtscoring.com/boatdetail/50775/528412,"Overall fleet rank and size come from YachtScoring Race 1 detailed results. The overall fleet is the source-defined racing circle plus rating division, not the individual class.",368042460,368042460,ABILYN,Not provided in export,Sailing,13.0,4.0,,Not provided in export,2026-09-04T11:30:46.363Z,2026-09-05T12:26:08.163Z,2551.0,High,"Exact normalized name match, compatible AIS vessel type, and compatible reported length.",Attached AIS_EVENTS_RAW.csv
50775,Vineyard Race,2026,"September 4 - 6, 2026",Vineyard Racing | PHRF Division,Vineyard Racing,PHRF Division,24.0,33,33,Class 6 PHRF - DH,4.0,FINISHED,1:14:56:17,1:12:54:04,09/06/2026 @ 01:19:04 (GMT-05:00),sunnyside,Sunny Side,USA 37,J/109,35 Ft,Cary James,Larchmont Yacht Club,"Larchmont, NY, USA",PHRF,ToD / ToT,66.0,66.0,2026,2025 Vineyard Race; 2026 Storm Trysail Club Block Island Race; 2026 Vineyard Race,,,Not identified from public sources reviewed,,,,https://yachtscoring.com/event_results_detail/50775/1,https://yachtscoring.com/event_scratch_sheet/50775,https://yachtscoring.com/boatdetail/50775/523978,"Overall fleet rank and size come from YachtScoring Race 1 detailed results. The overall fleet is the source-defined racing circle plus rating division, not the individual class.",338070361; 338187885,338070361; 338187885,SUNNY SIDE; SUNNYSIDE,Not provided in export,Sailing,13.0,3.0,,Not provided in export,2026-09-04T12:45:57.301Z,2026-09-06T15:01:24.208Z,1727.0,Low,"Exact normalized name matched multiple AIS MMSIs; verify using dimensions, owner, or callsign.",Attached AIS_EVENTS_RAW.csv
50775,Vineyard Race,2026,"September 4 - 6, 2026",Vineyard Racing | PHRF Division,Vineyard Racing,PHRF Division,26.0,33,33,Class 6 PHRF - DH,5.0,FINISHED,1:15:31:15,1:18:55:29,09/06/2026 @ 07:20:29 (GMT-05:00),halvemaen,Halve Maen,USA 075,TARTAN 33,34 Ft,Walther van Stipriaan,UCYC - Unqua Corinthian Yacht Club,"AMITYVILLE, NY, USA",PHRF,ToD / ToT,156.0,156.0,2026,2024 Around Long Island Regatta; 2025 Around Long Island Regatta; 2026 Around Long Island Regatta; 2026 Vineyard Race,,,Not identified from public sources reviewed,,,,https://yachtscoring.com/event_results_detail/50775/1,https://yachtscoring.com/event_scratch_sheet/50775,https://yachtscoring.com/boatdetail/50775/529369,"Overall fleet rank and size come from YachtScoring Race 1 detailed results. The overall fleet is the source-defined racing circle plus rating division, not the individual class.",338433326; 338563588,338433326; 338563588,HALVE MAEN,Not provided in export,Pleasure,10.0,3.0,,Not provided in export,2026-09-04T15:45:08.303Z,2026-09-05T17:19:43.499Z,1673.0,Low,"Exact normalized name matched multiple AIS MMSIs; verify using dimensions, owner, or callsign.",Attached AIS_EVENTS_RAW.csv
50775,Vineyard Race,2026,"September 4 - 6, 2026",Vineyard Racing | PHRF Division,Vineyard Racing,PHRF Division,27.0,33,33,Class 6 PHRF - DH,6.0,FINISHED,1:15:53:28,1:12:53:06,09/06/2026 @ 01:18:06 (GMT-05:00),liberty,Liberty,USA 61565,Pogo 36,36 Ft,Richard Fleischman,Mt. Sinai,"Setauket, NY, USA",PHRF,ToD / ToT,51.0,51.0,2026,2025 Around Long Island Regatta; 2025 Vineyard Race; 2026 Vineyard Race,,,Not identified from public sources reviewed,,,,https://yachtscoring.com/event_results_detail/50775/1,https://yachtscoring.com/event_scratch_sheet/50775,https://yachtscoring.com/boatdetail/50775/529552,"Overall fleet rank and size come from YachtScoring Race 1 detailed results. The overall fleet is the source-defined racing circle plus rating division, not the individual class.",368049890,368049890,LIBERTY,Not provided in export,Sailing,12.0,2.0,,Not provided in export,2026-09-04T13:01:50.317Z,2026-09-04T19:42:01.091Z,408.0,High,"Exact normalized name match, compatible AIS vessel type, and compatible reported length.",Attached AIS_EVENTS_RAW.csv
50775,Vineyard Race,2026,"September 4 - 6, 2026",Vineyard Racing | PHRF Division,Vineyard Racing,PHRF Division,32.0,33,33,Class 6 PHRF - DH,7.0,FINISHED,1:21:12:51,2:00:03:52,09/06/2026 @ 12:28:52 (GMT-05:00),midnightrider,Midnight Rider - PMP Strategy,USA 511,J/30,29.92 Ft,Denis Lafarge,SMBSM,"New York, NY, USA",PHRF,ToD / ToT,141.0,141.0,2026,2025 Around Long Island Regatta; 2026 Around Long Island Regatta; 2026 Storm Trysail Club Block Island Race; 2026 Vineyard Race,,,Not identified from public sources reviewed,,,,https://yachtscoring.com/event_results_detail/50775/1,https://yachtscoring.com/event_scratch_sheet/50775,https://yachtscoring.com/boatdetail/50775/529531,"Overall fleet rank and size come from YachtScoring Race 1 detailed results. The overall fleet is the source-defined racing circle plus rating division, not the individual class.",338554109,338554109,MIDNIGHT RIDER,Not provided in export,Sailing,9.0,3.0,,Not provided in export,2026-09-04T00:03:26.939Z,2026-09-07T14:36:24.067Z,217379.0,High,"Exact normalized name match, compatible AIS vessel type, and compatible reported length.",Attached AIS_EVENTS_RAW.csv
50775,Vineyard Race,2026,"September 4 - 6, 2026",Vineyard Racing | PHRF Division,Vineyard Racing,PHRF Division,2.0,33,33,Class 8 PHRF,1.0,FINISHED,1:13:02:39,1:13:09:34,09/06/2026 @ 01:44:34 (GMT-05:00),yankeeboy,Yankee Boy,USA 52524,Swan 411,41 Ft,Duncan McKay,Stamford Yacht Club,"Stamford, CT, USA",PHRF,ToD / ToT,102.0,102.0,2026,2024 Around Long Island Regatta; 2024 Storm Trysail Club Block Island Race; 2024 Vineyard Race; 2026 Vineyard Race,,,Not identified from public sources reviewed,,,,https://yachtscoring.com/event_results_detail/50775/1,https://yachtscoring.com/event_scratch_sheet/50775,https://yachtscoring.com/boatdetail/50775/529594,"Overall fleet rank and size come from YachtScoring Race 1 detailed results. The overall fleet is the source-defined racing circle plus rating division, not the individual class.",338356893,338356893,YANKEE BOY,Not provided in export,Sailing,13.0,4.0,,Not provided in export,2026-09-04T15:45:03.927Z,2026-09-05T12:53:49.046Z,2723.0,High,"Exact normalized name match, compatible AIS vessel type, and compatible reported length.",Attached AIS_EVENTS_RAW.csv
50775,Vineyard Race,2026,"September 4 - 6, 2026",Vineyard Racing | PHRF Division,Vineyard Racing,PHRF Division,3.0,33,33,Class 8 PHRF,2.0,FINISHED,1:13:08:58,1:13:15:54,09/06/2026 @ 02:00:54 (GMT-05:00),tacktile,Tacktile,USA 56,Sabre 42 CB,42 Ft,Jeffrey Wilson,"Pequot Yacht Club, STC, CCA","Fairfield, CT, USA",PHRF,ToD / ToT,102.0,102.0,2026,2024 Storm Trysail Club Block Island Race; 2024 Vineyard Race; 2025 Storm Trysail Club Block Island Race; 2025 Vineyard Race; 2026 Storm Trysail Club Block Island Race; 2026 Vineyard Race,,,Not identified from public sources reviewed,,,,https://yachtscoring.com/event_results_detail/50775/1,https://yachtscoring.com/event_scratch_sheet/50775,https://yachtscoring.com/boatdetail/50775/528210,"Overall fleet rank and size come from YachtScoring Race 1 detailed results. The overall fleet is the source-defined racing circle plus rating division, not the individual class.",338406561,338406561,TACKTILE,Not provided in export,Sailing,13.0,4.0,,Not provided in export,2026-09-04T15:44:43.69Z,2026-09-05T12:49:10.928Z,2720.0,High,"Exact normalized name match, compatible AIS vessel type, and compatible reported length.",Attached AIS_EVENTS_RAW.csv
50775,Vineyard Race,2026,"September 4 - 6, 2026",Vineyard Racing | PHRF Division,Vineyard Racing,PHRF Division,4.0,33,33,Class 8 PHRF,3.0,FINISHED,1:13:14:04,1:12:08:47,09/06/2026 @ 00:53:47 (GMT-05:00),cathexis,Cathexis,USA 114,X382,38 Ft,Bryan & Kara Schapperle,NYC / NYYC / STC,"Wilton, CT, USA",PHRF,ToD / ToT,81.0,81.0,2026,2024 Vineyard Race; 2025 Storm Trysail Club Block Island Race; 2025 Vineyard Race; 2026 Storm Trysail Club Block Island Race; 2026 Vineyard Race,,,Not identified from public sources reviewed,,,,https://yachtscoring.com/event_results_detail/50775/1,https://yachtscoring.com/event_scratch_sheet/50775,https://yachtscoring.com/boatdetail/50775/528158,"Overall fleet rank and size come from YachtScoring Race 1 detailed results. The overall fleet is the source-defined racing circle plus rating division, not the individual class.",338249654,338249654,CATHEXIS,Not provided in export,Sailing,12.0,3.0,,Not provided in export,2026-09-04T13:01:41.57Z,2026-09-04T20:39:25.763Z,284.0,High,"Exact normalized name match, compatible AIS vessel type, and compatible reported length.",Attached AIS_EVENTS_RAW.csv
50775,Vineyard Race,2026,"September 4 - 6, 2026",Vineyard Racing | PHRF Division,Vineyard Racing,PHRF Division,7.0,33,33,Class 8 PHRF,4.0,FINISHED,1:13:43:09,1:13:18:45,09/06/2026 @ 02:03:45 (GMT-05:00),littletexas,Little Texas YCC,USA 169,J/105 SD,35 Ft,The WaterFront Center Junior Big Boat,The WaterFront Center,"OYSTER BAY, New York, USA",PHRF,ToD / ToT,93.0,93.0,2026,2025 Around Long Island Regatta; 2026 Around Long Island Regatta; 2026 Vineyard Race,,,Not identified from public sources reviewed,,,,https://yachtscoring.com/event_results_detail/50775/1,https://yachtscoring.com/event_scratch_sheet/50775,https://yachtscoring.com/boatdetail/50775/530033,"Overall fleet rank and size come from YachtScoring Race 1 detailed results. The overall fleet is the source-defined racing circle plus rating division, not the individual class.",368382110,368382110,LITTLE TEXAS,Not provided in export,Sailing,12.0,3.0,,Not provided in export,2026-09-04T15:44:47.557Z,2026-09-05T12:16:52.182Z,1582.0,High,"Exact normalized name match, compatible AIS vessel type, and compatible reported length.",Attached AIS_EVENTS_RAW.csv
50775,Vineyard Race,2026,"September 4 - 6, 2026",Vineyard Racing | PHRF Division,Vineyard Racing,PHRF Division,11.0,33,33,Class 8 PHRF,5.0,FINISHED,1:13:54:01,1:12:58:07,09/06/2026 @ 01:43:07 (GMT-05:00),frequentflyer,Frequent Flyer,USA 52361,Beneteau First 36.7,36 Ft,Alistair Duke,SHYC/CPYC,"Wilton, CT, USA",PHRF,ToD / ToT,84.0,84.0,2026,2024 Vineyard Race; 2025 Vineyard Race; 2026 Vineyard Race,,,Not identified from public sources reviewed,,,,https://yachtscoring.com/event_results_detail/50775/1,https://yachtscoring.com/event_scratch_sheet/50775,https://yachtscoring.com/boatdetail/50775/528461,"Overall fleet rank and size come from YachtScoring Race 1 detailed results. The overall fleet is the source-defined racing circle plus rating division, not the individual class.",338188881,338188881,FREQUENT FLYER,Not provided in export,Sailing,12.0,3.0,,Not provided in export,2026-09-04T15:44:44.729Z,2026-09-05T11:27:14.801Z,1254.0,High,"Exact normalized name match, compatible AIS vessel type, and compatible reported length.",Attached AIS_EVENTS_RAW.csv
50775,Vineyard Race,2026,"September 4 - 6, 2026",Vineyard Racing | PHRF Division,Vineyard Racing,PHRF Division,33.0,33,33,Class 8 PHRF,6.0,FINISHED,2:00:07:52,2:02:03:30,09/06/2026 @ 14:38:30 (GMT-05:00),condor,Condor,USA 61764,Bowman Corsair,44 Ft,Andy Johnson,Milford Yacht Club,"Milford, CT, USA",PHRF,ToD / ToT,126.0,126.0,2026,2024 Around Long Island Regatta; 2025 Around Long Island Regatta; 2026 Vineyard Race,,,Not identified from public sources reviewed,,,,https://yachtscoring.com/event_results_detail/50775/1,https://yachtscoring.com/event_scratch_sheet/50775,https://yachtscoring.com/boatdetail/50775/529076,"Overall fleet rank and size come from YachtScoring Race 1 detailed results. The overall fleet is the source-defined racing circle plus rating division, not the individual class.",366876790,366876790,CONDOR,Not provided in export,Sailing,13.0,4.0,,Not provided in export,2026-09-04T13:01:37.712Z,2026-09-07T11:45:21.573Z,6204.0,High,"Exact normalized name match, compatible AIS vessel type, and compatible reported length.",Attached AIS_EVENTS_RAW.csv
50775,Vineyard Race,2026,"September 4 - 6, 2026",Vineyard Racing | PHRF Division,Vineyard Racing,PHRF Division,5.0,33,33,Class 10 PHRF,1.0,FINISHED,1:13:14:23,1:11:38:10,09/06/2026 @ 00:13:10 (GMT-05:00),thinman,Thin Man,USA 24,J/99,32.6 Ft,Todd Aven,City Island Yacht Club / Storm Trysail Club,"Brooklyn, NY, USA",PHRF,ToD / ToT,72.0,72.0,2026,2024 Around Long Island Regatta; 2024 Storm Trysail Club Block Island Race; 2024 Vineyard Race; 2025 Storm Trysail Club Block Island Race; 2025 Vineyard Race; 2026 Around Long Island Regatta; 2026 Storm Trysail Club Block Island Race; 2026 Vineyard Race,,,Not identified from public sources reviewed,,,,https://yachtscoring.com/event_results_detail/50775/1,https://yachtscoring.com/event_scratch_sheet/50775,https://yachtscoring.com/boatdetail/50775/522327,"Overall fleet rank and size come from YachtScoring Race 1 detailed results. The overall fleet is the source-defined racing circle plus rating division, not the individual class.",368114910,368114910,THIN MAN,Not provided in export,Sailing,10.0,4.0,,Not provided in export,2026-09-04T12:42:09.782Z,2026-09-05T12:28:11.623Z,2454.0,High,"Exact normalized name match, compatible AIS vessel type, and compatible reported length.",Attached AIS_EVENTS_RAW.csv
50775,Vineyard Race,2026,"September 4 - 6, 2026",Vineyard Racing | PHRF Division,Vineyard Racing,PHRF Division,10.0,33,33,Class 10 PHRF,2.0,FINISHED,1:13:51:29,1:11:42:06,09/06/2026 @ 00:17:06 (GMT-05:00),growthspurt,Growth Spurt,USA 261,J/109,35 Ft,"John Greifzu, Jr.",Stamford Yacht Club,"Darien, CT, USA",PHRF,ToD / ToT,63.0,63.0,2026,2024 Vineyard Race; 2025 Vineyard Race; 2026 Vineyard Race,,,Not identified from public sources reviewed,,,,https://yachtscoring.com/event_results_detail/50775/1,https://yachtscoring.com/event_scratch_sheet/50775,https://yachtscoring.com/boatdetail/50775/522339,"Overall fleet rank and size come from YachtScoring Race 1 detailed results. The overall fleet is the source-defined racing circle plus rating division, not the individual class.",338236237,338236237,GROWTH SPURT,Not provided in export,Sailing,11.0,3.0,,Not provided in export,2026-09-04T15:53:52.826Z,2026-09-05T12:06:48.421Z,1786.0,High,"Exact normalized name match, compatible AIS vessel type, and compatible reported length.",Attached AIS_EVENTS_RAW.csv
50775,Vineyard Race,2026,"September 4 - 6, 2026",Vineyard Racing | PHRF Division,Vineyard Racing,PHRF Division,13.0,33,33,Class 10 PHRF,3.0,FINISHED,1:14:10:46,1:11:39:18,09/06/2026 @ 00:14:18 (GMT-05:00),therover,The Rover,USA 93310,Swan 44 MKII,44 Ft,S. Steven Yang,NYYC,"New York, NY, USA",PHRF,ToD / ToT,57.0,57.0,2026,2024 Vineyard Race; 2026 Around Long Island Regatta; 2026 Vineyard Race,,,Not identified from public sources reviewed,,,,https://yachtscoring.com/event_results_detail/50775/1,https://yachtscoring.com/event_scratch_sheet/50775,https://yachtscoring.com/boatdetail/50775/529049,"Overall fleet rank and size come from YachtScoring Race 1 detailed results. The overall fleet is the source-defined racing circle plus rating division, not the individual class.",368118690,368118690,THE ROVER,Not provided in export,Sailing,15.0,3.0,,Not provided in export,2026-09-04T13:01:39.415Z,2026-09-06T12:06:31.376Z,1719.0,High,"Exact normalized name match, compatible AIS vessel type, and compatible reported length.",Attached AIS_EVENTS_RAW.csv
50775,Vineyard Race,2026,"September 4 - 6, 2026",Vineyard Racing | PHRF Division,Vineyard Racing,PHRF Division,17.0,33,33,Class 10 PHRF,4.0,FINISHED,1:14:32:13,1:12:41:54,09/06/2026 @ 01:16:54 (GMT-05:00),quicksilver,Quicksilver,USA 168,J/109,35.5 Ft,Ian Milward,Horseshoe Harbor Yacht Club,"Larchmont, NY, USA",PHRF,ToD / ToT,69.0,69.0,2026,2025 Storm Trysail Club Block Island Race; 2026 Vineyard Race,,,Not identified from public sources reviewed,,,,https://yachtscoring.com/event_results_detail/50775/1,https://yachtscoring.com/event_scratch_sheet/50775,https://yachtscoring.com/boatdetail/50775/525664,"Overall fleet rank and size come from YachtScoring Race 1 detailed results. The overall fleet is the source-defined racing circle plus rating division, not the individual class.",338210285,338210285,QUICKSILVER,Not provided in export,Sailing,11.0,4.0,,Not provided in export,2026-09-04T11:39:57.348Z,2026-09-05T12:50:20.231Z,2728.0,High,"Exact normalized name match, compatible AIS vessel type, and compatible reported length.",Attached AIS_EVENTS_RAW.csv
50775,Vineyard Race,2026,"September 4 - 6, 2026",Vineyard Racing | PHRF Division,Vineyard Racing,PHRF Division,20.0,33,33,Class 10 PHRF,5.0,FINISHED,1:14:34:32,1:12:01:30,09/06/2026 @ 00:36:30 (GMT-05:00),vicitan,VICITAN YCC,USA 19,FIGARO 2,33 Ft,NEKA SAILING,NEKA Sailing,"Glen Cove, NY, USA",PHRF,ToD / ToT,57.0,57.0,2026,2026 Around Long Island Regatta; 2026 Vineyard Race,,,Not identified from public sources reviewed,,,,https://yachtscoring.com/event_results_detail/50775/1,https://yachtscoring.com/event_scratch_sheet/50775,https://yachtscoring.com/boatdetail/50775/529674,"Overall fleet rank and size come from YachtScoring Race 1 detailed results. The overall fleet is the source-defined racing circle plus rating division, not the individual class.",,,,,,,,,,,,,,,
50775,Vineyard Race,2026,"September 4 - 6, 2026",Vineyard Racing | PHRF Division,Vineyard Racing,PHRF Division,31.0,33,33,Class 10 PHRF,6.0,FINISHED,1:18:14:11,1:16:13:17,09/06/2026 @ 04:48:17 (GMT-05:00),velocita,Velocita,USA 319,J/109,35 Ft,Marc De Souter,Liberty Yacht Club,"Wayne, NJ, USA",PHRF,ToD / ToT,69.0,69.0,2026,2025 Vineyard Race; 2026 Around Long Island Regatta; 2026 Vineyard Race,,,Not identified from public sources reviewed,,,,https://yachtscoring.com/event_results_detail/50775/1,https://yachtscoring.com/event_scratch_sheet/50775,https://yachtscoring.com/boatdetail/50775/525683,"Overall fleet rank and size come from YachtScoring Race 1 detailed results. The overall fleet is the source-defined racing circle plus rating division, not the individual class.",338446443,338446443,VELOCITA,Not provided in export,Sailing,11.0,4.0,,Not provided in export,2026-09-04T11:25:28.503Z,2026-09-05T21:33:05.061Z,2922.0,High,"Exact normalized name match, compatible AIS vessel type, and compatible reported length.",Attached AIS_EVENTS_RAW.csv
50775,Vineyard Race,2026,"September 4 - 6, 2026",Vineyard Racing | PHRF Division,Vineyard Racing,PHRF Division,6.0,33,33,Class 12 PHRF,1.0,FINISHED,1:13:16:57,1:10:28:23,09/05/2026 @ 23:33:23 (GMT-05:00),charlotte,Charlotte,USA 46650,J/120,40 Ft,Richard West,"Stamford YC, NYYC, STC","Darien, CT, USA",PHRF,ToD / ToT,51.0,51.0,2026,2024 Storm Trysail Club Block Island Race; 2024 Vineyard Race; 2025 Storm Trysail Club Block Island Race; 2025 Vineyard Race; 2026 Storm Trysail Club Block Island Race; 2026 Vineyard Race,,,Not identified from public sources reviewed,,,,https://yachtscoring.com/event_results_detail/50775/1,https://yachtscoring.com/event_scratch_sheet/50775,https://yachtscoring.com/boatdetail/50775/521977,"Overall fleet rank and size come from YachtScoring Race 1 detailed results. The overall fleet is the source-defined racing circle plus rating division, not the individual class.",368248080,368248080,CHARLOTTE,Not provided in export,Sailing,12.0,4.0,,Not provided in export,2026-09-04T13:01:40.309Z,2026-09-07T12:34:12.754Z,1984.0,High,"Exact normalized name match, compatible AIS vessel type, and compatible reported length.",Attached AIS_EVENTS_RAW.csv
50775,Vineyard Race,2026,"September 4 - 6, 2026",Vineyard Racing | PHRF Division,Vineyard Racing,PHRF Division,8.0,33,33,Class 12 PHRF,2.0,FINISHED,1:13:44:02,1:10:32:32,09/05/2026 @ 23:37:32 (GMT-05:00),duet,DUET,USA 51445,J/120,40 Ft,Andy Lubimov,Huguenot YC,"Scarsdale, NY, USA",PHRF,ToD / ToT,45.0,45.0,2026,2024 Around Long Island Regatta; 2024 Storm Trysail Club Block Island Race; 2024 Vineyard Race; 2025 Around Long Island Regatta; 2025 Vineyard Race; 2026 Around Long Island Regatta; 2026 Storm Trysail Club Block Island Race; 2026 Vineyard Race,,,Not identified from public sources reviewed,,,,https://yachtscoring.com/event_results_detail/50775/1,https://yachtscoring.com/event_scratch_sheet/50775,https://yachtscoring.com/boatdetail/50775/529469,"Overall fleet rank and size come from YachtScoring Race 1 detailed results. The overall fleet is the source-defined racing circle plus rating division, not the individual class.",338479036; 338479179,338479036; 338479179,DUET,Not provided in export,Sailing,12.0,2.0,,Not provided in export,2026-09-04T13:01:47.168Z,2026-09-06T15:56:24.176Z,2302.0,Low,"Exact normalized name matched multiple AIS MMSIs; verify using dimensions, owner, or callsign.",Attached AIS_EVENTS_RAW.csv
50775,Vineyard Race,2026,"September 4 - 6, 2026",Vineyard Racing | PHRF Division,Vineyard Racing,PHRF Division,9.0,33,33,Class 12 PHRF,3.0,FINISHED,1:13:51:01,1:10:28:19,09/05/2026 @ 23:33:19 (GMT-05:00),speck,Speck,USA 59916,J/120,40 Ft,William Klein,Norwalk Yacht Club,"Rowayton, CT, USA",PHRF,ToD / ToT,42.0,42.0,2026,2024 Vineyard Race; 2025 Vineyard Race; 2026 Storm Trysail Club Block Island Race; 2026 Vineyard Race,,,Not identified from public sources reviewed,,,,https://yachtscoring.com/event_results_detail/50775/1,https://yachtscoring.com/event_scratch_sheet/50775,https://yachtscoring.com/boatdetail/50775/526303,"Overall fleet rank and size come from YachtScoring Race 1 detailed results. The overall fleet is the source-defined racing circle plus rating division, not the individual class.",368182170,368182170,SPECK,Not provided in export,Pleasure,12.0,4.0,,Not provided in export,2026-09-04T13:01:49.728Z,2026-09-05T11:30:05.683Z,1732.0,High,"Exact normalized name match, compatible AIS vessel type, and compatible reported length.",Attached AIS_EVENTS_RAW.csv
50775,Vineyard Race,2026,"September 4 - 6, 2026",Vineyard Racing | PHRF Division,Vineyard Racing,PHRF Division,14.0,33,33,Class 12 PHRF,4.0,FINISHED,1:14:21:16,1:10:55:52,09/06/2026 @ 00:00:52 (GMT-05:00),madison,Madison,USA 83293,J/120,40' Ft,Brian Spears,Pequot YC | STC,"Fairfield, CT, USA",PHRF,ToD / ToT,42.0,42.0,2026,2024 Storm Trysail Club Block Island Race; 2024 Vineyard Race; 2025 Storm Trysail Club Block Island Race; 2025 Vineyard Race; 2026 Storm Trysail Club Block Island Race; 2026 Vineyard Race,,,Not identified from public sources reviewed,,,,https://yachtscoring.com/event_results_detail/50775/1,https://yachtscoring.com/event_scratch_sheet/50775,https://yachtscoring.com/boatdetail/50775/529464,"Overall fleet rank and size come from YachtScoring Race 1 detailed results. The overall fleet is the source-defined racing circle plus rating division, not the individual class.",367704280,367704280,MADISON,Not provided in export,Sailing,12.0,4.0,,Not provided in export,2026-09-04T13:01:49.41Z,2026-09-05T11:30:21.564Z,1781.0,High,"Exact normalized name match, compatible AIS vessel type, and compatible reported length.",Attached AIS_EVENTS_RAW.csv
50775,Vineyard Race,2026,"September 4 - 6, 2026",Vineyard Racing | PHRF Division,Vineyard Racing,PHRF Division,15.0,33,33,Class 12 PHRF,5.0,FINISHED,1:14:27:58,1:09:58:07,09/05/2026 @ 23:03:07 (GMT-05:00),lioness,Lioness,USA 38007,Sydney 38,38 Ft,Lion Sailing Sailmakers,"Lion Racing, HYC","NYC, NY, USA",PHRF,ToD / ToT,24.0,24.0,2026,2026 Around Long Island Regatta; 2026 Storm Trysail Club Block Island Race; 2026 Vineyard Race,,,Not identified from public sources reviewed,,,,https://yachtscoring.com/event_results_detail/50775/1,https://yachtscoring.com/event_scratch_sheet/50775,https://yachtscoring.com/boatdetail/50775/528713,"Overall fleet rank and size come from YachtScoring Race 1 detailed results. The overall fleet is the source-defined racing circle plus rating division, not the individual class.",,,,,,,,,,,,,,,
50775,Vineyard Race,2026,"September 4 - 6, 2026",Vineyard Racing | PHRF Division,Vineyard Racing,PHRF Division,16.0,33,33,Class 12 PHRF,6.0,FINISHED,1:14:28:27,1:09:58:33,09/05/2026 @ 23:03:33 (GMT-05:00),summerstormclemsontigers,Summer Storm-Clemson Tigers,USA 008,J/111,36 Ft,Alec Snyder,NYYC/STC/Beach Point YC,"Hartsdale, NY, USA",PHRF,ToD / ToT,24.0,24.0,2026,2026 Vineyard Race,,,Not identified from public sources reviewed,,,,https://yachtscoring.com/event_results_detail/50775/1,https://yachtscoring.com/event_scratch_sheet/50775,https://yachtscoring.com/boatdetail/50775/528414,"Overall fleet rank and size come from YachtScoring Race 1 detailed results. The overall fleet is the source-defined racing circle plus rating division, not the individual class.",,,,,,,,,,,,,,,
50775,Vineyard Race,2026,"September 4 - 6, 2026",Vineyard Racing | PHRF Division,Vineyard Racing,PHRF Division,18.0,33,33,Class 12 PHRF,7.0,FINISHED,1:14:32:31,1:10:55:26,09/06/2026 @ 00:00:26 (GMT-05:00),alibi,Alibi,USA 43968,J/120,40 Ft,John Sartorius,"NYYC, IHYC","Greenwich, CT, USA",PHRF,ToD / ToT,39.0,39.0,2026,2024 Vineyard Race; 2025 Storm Trysail Club Block Island Race; 2025 Vineyard Race; 2026 Storm Trysail Club Block Island Race; 2026 Vineyard Race,,,Not identified from public sources reviewed,,,,https://yachtscoring.com/event_results_detail/50775/1,https://yachtscoring.com/event_scratch_sheet/50775,https://yachtscoring.com/boatdetail/50775/528273,"Overall fleet rank and size come from YachtScoring Race 1 detailed results. The overall fleet is the source-defined racing circle plus rating division, not the individual class.",338532684; 366821680,338532684; 366821680,ALIBI,Not provided in export,Sailing,12.0,4.0,,Not provided in export,2026-09-04T13:01:50.288Z,2026-09-07T12:04:02.449Z,3367.0,Low,"Exact normalized name matched multiple AIS MMSIs; verify using dimensions, owner, or callsign.",Attached AIS_EVENTS_RAW.csv
50775,Vineyard Race,2026,"September 4 - 6, 2026",Vineyard Racing | PHRF Division,Vineyard Racing,PHRF Division,19.0,33,33,Class 12 PHRF,8.0,FINISHED,1:14:34:03,1:10:46:14,09/05/2026 @ 23:51:14 (GMT-05:00),pincoya,Pincoya,USA 52762,Finngulf 46,46 Ft,Robert Lawrence,Noroton Yacht Club / NYYC,"Rowayton, CT, USA",PHRF,ToD / ToT,36.0,36.0,2026,2026 Vineyard Race,,,Not identified from public sources reviewed,,,,https://yachtscoring.com/event_results_detail/50775/1,https://yachtscoring.com/event_scratch_sheet/50775,https://yachtscoring.com/boatdetail/50775/529480,"Overall fleet rank and size come from YachtScoring Race 1 detailed results. The overall fleet is the source-defined racing circle plus rating division, not the individual class.",338390766,338390766,PINCOYA,Not provided in export,Pleasure,15.0,4.0,,Not provided in export,2026-09-04T13:01:56.93Z,2026-09-05T12:29:08.096Z,2602.0,High,"Exact normalized name match, compatible AIS vessel type, and compatible reported length.",Attached AIS_EVENTS_RAW.csv
50775,Vineyard Race,2026,"September 4 - 6, 2026",Vineyard Racing | PHRF Division,Vineyard Racing,PHRF Division,22.0,33,33,Class 12 PHRF,9.0,FINISHED,1:14:51:17,1:10:40:12,09/05/2026 @ 23:45:12 (GMT-05:00),hamburgii,Hamburg II,USA 51709,J 46,46 Ft,Albrecht Goethe,Lakewood Yacht Club / Storm Trysail Club,"Seabrook, TX, USA",PHRF,ToD / ToT,30.0,30.0,2026,2024 Storm Trysail Club Block Island Race; 2024 Vineyard Race; 2025 Storm Trysail Club Block Island Race; 2025 Vineyard Race; 2026 Vineyard Race,,,Not identified from public sources reviewed,,,,https://yachtscoring.com/event_results_detail/50775/1,https://yachtscoring.com/event_scratch_sheet/50775,https://yachtscoring.com/boatdetail/50775/527917,"Overall fleet rank and size come from YachtScoring Race 1 detailed results. The overall fleet is the source-defined racing circle plus rating division, not the individual class.",366947050,366947050,HAMBURG II,Not provided in export,Sailing,14.0,4.0,,Not provided in export,2026-09-04T15:44:45.213Z,2026-09-05T11:43:37.498Z,2272.0,High,"Exact normalized name match, compatible AIS vessel type, and compatible reported length.",Attached AIS_EVENTS_RAW.csv
50775,Vineyard Race,2026,"September 4 - 6, 2026",Vineyard Racing | PHRF Division,Vineyard Racing,PHRF Division,25.0,33,33,Class 12 PHRF,10.0,FINISHED,1:15:05:11,1:10:30:59,09/05/2026 @ 23:35:59 (GMT-05:00),theroost,The Roost,USA 12,J/111,36.5 Ft,Pito Chickering,Riverside Yacht Club / NYYC / STC,"Cos Cob, CT, USA",PHRF,ToD / ToT,24.0,24.0,2026,2024 Storm Trysail Club Block Island Race; 2024 Vineyard Race; 2025 Storm Trysail Club Block Island Race; 2026 Vineyard Race,,,Not identified from public sources reviewed,,,,https://yachtscoring.com/event_results_detail/50775/1,https://yachtscoring.com/event_scratch_sheet/50775,https://yachtscoring.com/boatdetail/50775/529630,"Overall fleet rank and size come from YachtScoring Race 1 detailed results. The overall fleet is the source-defined racing circle plus rating division, not the individual class.",338479506,338479506,THE ROOST,Not provided in export,Sailing,11.0,4.0,,Not provided in export,2026-09-04T15:45:49.664Z,2026-09-05T11:17:41.879Z,1468.0,High,"Exact normalized name match, compatible AIS vessel type, and compatible reported length.",Attached AIS_EVENTS_RAW.csv
50775,Vineyard Race,2026,"September 4 - 6, 2026",Vineyard Racing | PHRF Division,Vineyard Racing,PHRF Division,21.0,33,33,Class 14 PHRF,1.0,FINISHED,1:14:37:09,1:07:36:30,09/05/2026 @ 21:01:30 (GMT-05:00),max,Max,USA 75050,Pogo 50,50 Ft,Moritz Hilf,New York Yacht Club / American Yacht Club / Storm Trysail Club,"New York, NY, USA",PHRF,ToD / ToT,-18.0,-18.0,2026,2024 Around Long Island Regatta; 2024 Storm Trysail Club Block Island Race; 2025 Around Long Island Regatta; 2026 Around Long Island Regatta; 2026 Storm Trysail Club Block Island Race; 2026 Vineyard Race,,,Not identified from public sources reviewed,,,,https://yachtscoring.com/event_results_detail/50775/1,https://yachtscoring.com/event_scratch_sheet/50775,https://yachtscoring.com/boatdetail/50775/529465,"Overall fleet rank and size come from YachtScoring Race 1 detailed results. The overall fleet is the source-defined racing circle plus rating division, not the individual class.",368146320,368146320,MAX,Not provided in export,Sailing,15.0,5.0,,Not provided in export,2026-09-04T12:38:38.982Z,2026-09-05T10:31:55.796Z,1238.0,High,"Exact normalized name match, compatible AIS vessel type, and compatible reported length.",Attached AIS_EVENTS_RAW.csv
50775,Vineyard Race,2026,"September 4 - 6, 2026",Vineyard Racing | PHRF Division,Vineyard Racing,PHRF Division,28.0,33,33,Class 14 PHRF,2.0,FINISHED,1:15:54:16,1:08:28:37,09/05/2026 @ 21:53:37 (GMT-05:00),moneyball,Moneyball,USA 61180,MAT 1180,38.7 Ft,Peter Hansen,Stamford Yacht Club,"Stamford, Connecticut, USA",PHRF,ToD / ToT,-21.0,-21.0,2026,2026 Vineyard Race,,,Not identified from public sources reviewed,,,,https://yachtscoring.com/event_results_detail/50775/1,https://yachtscoring.com/event_scratch_sheet/50775,https://yachtscoring.com/boatdetail/50775/529406,"Overall fleet rank and size come from YachtScoring Race 1 detailed results. The overall fleet is the source-defined racing circle plus rating division, not the individual class.",,,,,,,,,,,,,,,
50775,Vineyard Race,2026,"September 4 - 6, 2026",Vineyard Racing | PHRF Division,Vineyard Racing,PHRF Division,29.0,33,33,Class 14 PHRF,3.0,FINISHED,1:16:10:41,1:09:37:29,09/05/2026 @ 23:02:29 (GMT-05:00),oakclifffarr40blue,Oakcliff Farr 40 Blue,USA 51990,Farr 40 Turbo,40 Ft,Oakcliff Sailing,Oakcliff Sailing,"Oyster Bay, NY, USA",PHRF,ToD / ToT,-6.0,-6.0,2026,2024 Storm Trysail Club Block Island Race; 2025 Storm Trysail Club Block Island Race; 2026 Storm Trysail Club Block Island Race; 2026 Vineyard Race,,,Not identified from public sources reviewed,,,,https://yachtscoring.com/event_results_detail/50775/1,https://yachtscoring.com/event_scratch_sheet/50775,https://yachtscoring.com/boatdetail/50775/526299,"Overall fleet rank and size come from YachtScoring Race 1 detailed results. The overall fleet is the source-defined racing circle plus rating division, not the individual class.",,,,,,,,,,,,,,,
50775,Vineyard Race,2026,"September 4 - 6, 2026",Vineyard Racing | PHRF Division,Vineyard Racing,PHRF Division,30.0,33,33,Class 14 PHRF,4.0,FINISHED,1:16:55:59,1:10:15:23,09/05/2026 @ 23:40:23 (GMT-05:00),oakclifffarr40red,Oakcliff Farr 40 Red,USA 46957,Farr 40 Turbo,40 Ft,Oakcliff Sailing,Oakcliff Sailing,"Oyster Bay, NY, USA",PHRF,ToD / ToT,-6.0,-6.0,2026,2026 Storm Trysail Club Block Island Race; 2026 Vineyard Race,,,Not identified from public sources reviewed,,,,https://yachtscoring.com/event_results_detail/50775/1,https://yachtscoring.com/event_scratch_sheet/50775,https://yachtscoring.com/boatdetail/50775/526301,"Overall fleet rank and size come from YachtScoring Race 1 detailed results. The overall fleet is the source-defined racing circle plus rating division, not the individual class.",338319255,338319255,OAKCLIFF FARR40 RED,Not provided in export,Sailing,12.0,4.0,,Not provided in export,2026-09-04T15:56:51.638Z,2026-09-04T23:59:21.696Z,536.0,High,"Exact normalized name match, compatible AIS vessel type, and compatible reported length.",Attached AIS_EVENTS_RAW.csv
50775,Vineyard Race,2026,"September 4 - 6, 2026",Vineyard Racing | ToT Division,Vineyard Racing,ToT Division,1.0,1,1,Class 16 Multihull,1.0,FINISHED,1:07:41:50,0:22:25:57,09/05/2026 @ 12:00:57 (GMT-05:00),dreadknot,Dreadknot,USA 12,Gunboat 62,65 Ft,Rick Cunningham Doug Welsh,,"Newport Beach, CA, USA",General ToT,Rating,1.413,1.413,2026,2026 Vineyard Race,,,Not identified from public sources reviewed,,,,https://yachtscoring.com/event_results_detail/50775/1,https://yachtscoring.com/event_scratch_sheet/50775,https://yachtscoring.com/boatdetail/50775/529238,"Overall fleet rank and size come from YachtScoring Race 1 detailed results. The overall fleet is the source-defined racing circle plus rating division, not the individual class.",,,,,,,,,,,,,,,
16314,AYC Fall Regatta,2024,Not shown on scratch-sheet page,East Course | One Design,East Course,J/44,,11,0,J/44,,ENTRY ONLY,,,,beagle,Beagle,USA 4401,J/44,44.9,Willets Meyer,Seawanhaka Corinthian Yacht Club / New York Yacht Club / IPYC,"Oyster Bay, NY, USA",One Design,Rating,,,2024,2024 AYC Fall Regatta,1.0,,,,,,,https://yachtscoring.com/event_scratch_sheet/16314,https://yachtscoring.com/boatdetail/16314/309854,Additional scratch-sheet entry hosted by American Yacht Club. Included because reported length is at least 28 ft. Scratch-sheet entry sequence: 1.. Result fields were not added because this import is based on the entry sheet.,,,,,,,,,,,,,,,
16314,AYC Fall Regatta,2024,Not shown on scratch-sheet page,East Course | One Design,East Course,J/44,,11,0,J/44,,ENTRY ONLY,,,,comet,Comet YCC,USA 4402,J/44,44.9,Midshipman Caleb Keister,US Merchant Marine Academy,"Kings Point, NY, USA",One Design,Rating,,,2024,2024 AYC Fall Regatta,1.0,,,,,,,https://yachtscoring.com/event_scratch_sheet/16314,https://yachtscoring.com/boatdetail/16314/306371,Additional scratch-sheet entry hosted by American Yacht Club. Included because reported length is at least 28 ft. Scratch-sheet entry sequence: 2.. Result fields were not added because this import is based on the entry sheet.,,,,,,,,,,,,,,,
16314,AYC Fall Regatta,2024,Not shown on scratch-sheet page,East Course | One Design,East Course,J/44,,11,0,J/44,,ENTRY ONLY,,,,maxine,Maxine,USA 4411,J/44,44.9,William Ketcham,American Yacht Club,"Greenwich, CT, USA",One Design,Rating,,,2024,2024 AYC Fall Regatta,1.0,,,,,,,https://yachtscoring.com/event_scratch_sheet/16314,https://yachtscoring.com/boatdetail/16314/309862,Additional scratch-sheet entry hosted by American Yacht Club. Included because reported length is at least 28 ft. Scratch-sheet entry sequence: 3.. Result fields were not added because this import is based on the entry sheet.,,,,,,,,,,,,,,,
16314,AYC Fall Regatta,2024,Not shown on scratch-sheet page,East Course | One Design,East Course,J/44,,11,0,J/44,,ENTRY ONLY,,,,palantir5,Palantir 5,USA 4406,J/44,44.9,June & Amanda Kendrick,Lloyd Harbor Yacht Club / New York Yacht Club / Storm Trysail Club / Centerport Yacht Club,"Huntington, NY, USA",One Design,Rating,,,2024,2024 AYC Fall Regatta,1.0,,,,,,,https://yachtscoring.com/event_scratch_sheet/16314,https://yachtscoring.com/boatdetail/16314/310230,Additional scratch-sheet entry hosted by American Yacht Club. Included because reported length is at least 28 ft. Scratch-sheet entry sequence: 4.. Result fields were not added because this import is based on the entry sheet.,,,,,,,,,,,,,,,
16314,AYC Fall Regatta,2024,Not shown on scratch-sheet page,East Course | One Design,East Course,J/44,,11,0,J/44,,ENTRY ONLY,,,,resolute,Resolute,USA 4404,J/44,44.9,Don & Rick Rave,Storm Trysail Club / Lloyd Harbor Yacht Club,"Huntington Bay, NY, USA",One Design,Rating,,,2024,2024 AYC Fall Regatta,1.0,,,,,,,https://yachtscoring.com/event_scratch_sheet/16314,https://yachtscoring.com/boatdetail/16314/309707,Additional scratch-sheet entry hosted by American Yacht Club. Included because reported length is at least 28 ft. Scratch-sheet entry sequence: 5.. Result fields were not added because this import is based on the entry sheet.,367091630,367091630,RESOLUTE,Not provided in export,Tug,30.0,10.0,5.0,Not provided in export,2026-09-04T18:40:14.464Z,2026-09-07T11:42:35.33Z,2793.0,Low,"Exact normalized name match, but AIS reported length or type conflicts with the race entry.",Attached AIS_EVENTS_RAW.csv
16314,AYC Fall Regatta,2024,Not shown on scratch-sheet page,East Course | One Design,East Course,J/105,,11,0,J/105,,ENTRY ONLY,,,,echo,Echo,USA 418,J/105,34.5,David Owen,Larchmont Yacht Club,"Larchmont, NY, USA",One Design,Rating,,,2024,2024 AYC Fall Regatta,1.0,,,,,,,https://yachtscoring.com/event_scratch_sheet/16314,https://yachtscoring.com/boatdetail/16314/309684,Additional scratch-sheet entry hosted by American Yacht Club. Included because reported length is at least 28 ft. Scratch-sheet entry sequence: 1.. Result fields were not added because this import is based on the entry sheet.,,,,,,,,,,,,,,,
16314,AYC Fall Regatta,2024,Not shown on scratch-sheet page,East Course | One Design,East Course,J/105,,11,0,J/105,,ENTRY ONLY,,,,littlefish,Little Fish,USA 626,J/105,34.5,Noroton Yacht Club Junior Big Boat Team,Noroton Yacht Club,"Darien, CT, USA",One Design,Rating,,,2024,2024 AYC Fall Regatta,1.0,,,,,,,https://yachtscoring.com/event_scratch_sheet/16314,https://yachtscoring.com/boatdetail/16314/311573,Additional scratch-sheet entry hosted by American Yacht Club. Included because reported length is at least 28 ft. Scratch-sheet entry sequence: 2.. Result fields were not added because this import is based on the entry sheet.,368492390,368492390,LITTLE FISH,Not provided in export,,,,,Not provided in export,2026-09-04T16:11:19.965Z,2026-09-05T09:37:06.63Z,20.0,Medium,"Exact normalized name match and compatible reported length, but AIS type is not specifically sailing.",Attached AIS_EVENTS_RAW.csv
16314,AYC Fall Regatta,2024,Not shown on scratch-sheet page,East Course | One Design,East Course,J/105,,11,0,J/105,,ENTRY ONLY,,,,littletexas,Little Texas,USA 326,J/105,34.5,The WaterFront Center Junior Big Boat Team,The WaterFront Center,"Oyster Bay, NY, USA",One Design,Rating,,,2024,2024 AYC Fall Regatta,1.0,,,,,,,https://yachtscoring.com/event_scratch_sheet/16314,https://yachtscoring.com/boatdetail/16314/311653,Additional scratch-sheet entry hosted by American Yacht Club. Included because reported length is at least 28 ft. Scratch-sheet entry sequence: 3.. Result fields were not added because this import is based on the entry sheet.,368382110,368382110,LITTLE TEXAS,Not provided in export,Sailing,12.0,3.0,,Not provided in export,2026-09-04T15:44:47.557Z,2026-09-05T12:16:52.182Z,1582.0,High,"Exact normalized name match, compatible AIS vessel type, and compatible reported length.",Attached AIS_EVENTS_RAW.csv
16314,AYC Fall Regatta,2024,Not shown on scratch-sheet page,East Course | One Design,East Course,J/105,,11,0,J/105,,ENTRY ONLY,,,,loulou,loulou,USA 334,J/105,34.5,Paul Beaudin,Harlem Yacht Club,"Harlem, NY, USA",One Design,Rating,,,2024,2024 AYC Fall Regatta,1.0,,,,,,,https://yachtscoring.com/event_scratch_sheet/16314,https://yachtscoring.com/boatdetail/16314/304652,Additional scratch-sheet entry hosted by American Yacht Club. Included because reported length is at least 28 ft. Scratch-sheet entry sequence: 4.. Result fields were not added because this import is based on the entry sheet.,,,,,,,,,,,,,,,
16314,AYC Fall Regatta,2024,Not shown on scratch-sheet page,East Course | One Design,East Course,J/105,,11,0,J/105,,ENTRY ONLY,,,,solution,Solution,USA 65,J/105,34.5,David Willis,Storm Trysail Club / Lloyd Harbor Yacht Club / Centerport Yacht Club,"Huntington, NY, USA",One Design,Rating,,,2024,2024 AYC Fall Regatta,1.0,,,,,,,https://yachtscoring.com/event_scratch_sheet/16314,https://yachtscoring.com/boatdetail/16314/308659,Additional scratch-sheet entry hosted by American Yacht Club. Included because reported length is at least 28 ft. Scratch-sheet entry sequence: 5.. Result fields were not added because this import is based on the entry sheet.,,,,,,,,,,,,,,,
16314,AYC Fall Regatta,2024,Not shown on scratch-sheet page,East Course | One Design,East Course,J/105,,11,0,J/105,,ENTRY ONLY,,,,warlock,Warlock,USA 139,J/105,34.5,Damian Emery,Port Jefferson Yacht Club,"Shoreham, NY, USA",One Design,Rating,,,2024,2024 AYC Fall Regatta,1.0,,,,,,,https://yachtscoring.com/event_scratch_sheet/16314,https://yachtscoring.com/boatdetail/16314/309801,Additional scratch-sheet entry hosted by American Yacht Club. Included because reported length is at least 28 ft. Scratch-sheet entry sequence: 6.. Result fields were not added because this import is based on the entry sheet.,,,,,,,,,,,,,,,
16314,AYC Fall Regatta,2024,Not shown on scratch-sheet page,South Course | PHRF,South Course,Coastal PHRF 1,,33,0,Coastal PHRF 1,,ENTRY ONLY,,,,aftermidnight,After Midnight,USA 1201,CTM41,41,Paul Jeka,New York Yacht Club,"Atlantic Highlands, NJ, USA",PHRF,ToD / ToT,-27.0,-27.0,2024,2024 AYC Fall Regatta,1.0,,,,,,,https://yachtscoring.com/event_scratch_sheet/16314,https://yachtscoring.com/boatdetail/16314/306149,Additional scratch-sheet entry hosted by American Yacht Club. Included because reported length is at least 28 ft. Scratch-sheet entry sequence: 1.. Result fields were not added because this import is based on the entry sheet.,,,,,,,,,,,,,,,
16314,AYC Fall Regatta,2024,Not shown on scratch-sheet page,South Course | PHRF,South Course,Coastal PHRF 1,,33,0,Coastal PHRF 1,,ENTRY ONLY,,,,coolbreeze,Cool Breeze,USA 60432,Mills 43,43,United States Coast Guard Academy,US Coast Guard Academy Sailing,"New London, CT, USA",PHRF,ToD / ToT,-27.0,-27.0,2024,2024 AYC Fall Regatta,1.0,,,,,,,https://yachtscoring.com/event_scratch_sheet/16314,https://yachtscoring.com/boatdetail/16314/306478,Additional scratch-sheet entry hosted by American Yacht Club. Included because reported length is at least 28 ft. Scratch-sheet entry sequence: 2.. Result fields were not added because this import is based on the entry sheet.,,,,,,,,,,,,,,,
16314,AYC Fall Regatta,2024,Not shown on scratch-sheet page,South Course | PHRF,South Course,Coastal PHRF 1,,33,0,Coastal PHRF 1,,ENTRY ONLY,,,,cougar,Cougar,USA 4900,J/160,53,Leonard Sitar,American Yacht Club / New York Yacht Club / Storm Trysail Club / Cruising Club of America,"Holmdel, NJ, USA",PHRF,ToD / ToT,-3.0,-3.0,2024,2024 AYC Fall Regatta,1.0,,,,,,,https://yachtscoring.com/event_scratch_sheet/16314,https://yachtscoring.com/boatdetail/16314/310399,Additional scratch-sheet entry hosted by American Yacht Club. Included because reported length is at least 28 ft. Scratch-sheet entry sequence: 3.. Result fields were not added because this import is based on the entry sheet.,303392000,303392000,COUGAR,Not provided in export,Sailing,16.0,4.0,,Not provided in export,2026-09-04T13:01:38.926Z,2026-09-05T11:23:34.441Z,1509.0,High,"Exact normalized name match, compatible AIS vessel type, and compatible reported length.",Attached AIS_EVENTS_RAW.csv
16314,AYC Fall Regatta,2024,Not shown on scratch-sheet page,South Course | PHRF,South Course,Coastal PHRF 1,,33,0,Coastal PHRF 1,,ENTRY ONLY,,,,eldiablo,El Diablo,USA 56600,Bolt 37,37,Robert Fryer,American Yacht Club,"Cos Cob, CT, USA",PHRF,ToD / ToT,-6.0,-6.0,2024,2024 AYC Fall Regatta,1.0,,,,,,,https://yachtscoring.com/event_scratch_sheet/16314,https://yachtscoring.com/boatdetail/16314/311150,Additional scratch-sheet entry hosted by American Yacht Club. Included because reported length is at least 28 ft. Scratch-sheet entry sequence: 4.. Result fields were not added because this import is based on the entry sheet.,338554674,338554674,EL DIABLO,Not provided in export,Sailing,12.0,4.0,,Not provided in export,2026-09-04T13:01:46.91Z,2026-09-05T10:18:00.943Z,702.0,High,"Exact normalized name match, compatible AIS vessel type, and compatible reported length.",Attached AIS_EVENTS_RAW.csv
16314,AYC Fall Regatta,2024,Not shown on scratch-sheet page,South Course | PHRF,South Course,Coastal PHRF 1,,33,0,Coastal PHRF 1,,ENTRY ONLY,,,,max,Max,USA 75050,Pogo 50,50,Moritz Hilf,New York Yacht Club / Storm Trysail Club,"New York, NY, USA",PHRF,ToD / ToT,-18.0,-18.0,2024,2024 AYC Fall Regatta,1.0,,,,,,,https://yachtscoring.com/event_scratch_sheet/16314,https://yachtscoring.com/boatdetail/16314/311489,Additional scratch-sheet entry hosted by American Yacht Club. Included because reported length is at least 28 ft. Scratch-sheet entry sequence: 5.. Result fields were not added because this import is based on the entry sheet.,368146320,368146320,MAX,Not provided in export,Sailing,15.0,5.0,,Not provided in export,2026-09-04T12:38:38.982Z,2026-09-05T10:31:55.796Z,1238.0,High,"Exact normalized name match, compatible AIS vessel type, and compatible reported length.",Attached AIS_EVENTS_RAW.csv
16314,AYC Fall Regatta,2024,Not shown on scratch-sheet page,South Course | PHRF,South Course,Coastal PHRF 2,,33,0,Coastal PHRF 2,,ENTRY ONLY,,,,acadia,Acadia,USA 45002,J/45,45,Erik Asgeirsson,American Yacht Club / New York Yacht Club,"Rye, NY, USA",PHRF,ToD / ToT,12.0,12.0,2024,2024 AYC Fall Regatta,1.0,,,,,,,https://yachtscoring.com/event_scratch_sheet/16314,https://yachtscoring.com/boatdetail/16314/308802,Additional scratch-sheet entry hosted by American Yacht Club. Included because reported length is at least 28 ft. Scratch-sheet entry sequence: 1.. Result fields were not added because this import is based on the entry sheet.,368083750; 368252090,368083750; 368252090,ACADIA,Not provided in export,Sailing,13.0,5.0,,Not provided in export,2026-09-04T12:41:13.005Z,2026-09-06T04:33:21.237Z,183.0,Low,"Exact normalized name matched multiple AIS MMSIs; verify using dimensions, owner, or callsign.",Attached AIS_EVENTS_RAW.csv
16314,AYC Fall Regatta,2024,Not shown on scratch-sheet page,South Course | PHRF,South Course,Coastal PHRF 2,,33,0,Coastal PHRF 2,,ENTRY ONLY,,,,antidote,Antidote,USA 52545,J/133,43,Ron Richman,American Yacht Club,"Rye, NY, USA",PHRF,ToD / ToT,18.0,18.0,2024,2024 AYC Fall Regatta,1.0,,,,,,,https://yachtscoring.com/event_scratch_sheet/16314,https://yachtscoring.com/boatdetail/16314/311355,Additional scratch-sheet entry hosted by American Yacht Club. Included because reported length is at least 28 ft. Scratch-sheet entry sequence: 2.. Result fields were not added because this import is based on the entry sheet.,,,,,,,,,,,,,,,
16314,AYC Fall Regatta,2024,Not shown on scratch-sheet page,South Course | PHRF,South Course,Coastal PHRF 2,,33,0,Coastal PHRF 2,,ENTRY ONLY,,,,hamburgii,Hamburg II,USA 51709,J/46,46,Albrecht Goethe,Lakewood Yacht Club / Storm Trysail Club,"Seabrook, TX, USA",PHRF,ToD / ToT,36.0,36.0,2024,2024 AYC Fall Regatta,1.0,,,,,,,https://yachtscoring.com/event_scratch_sheet/16314,https://yachtscoring.com/boatdetail/16314/308430,Additional scratch-sheet entry hosted by American Yacht Club. Included because reported length is at least 28 ft. Scratch-sheet entry sequence: 3.. Result fields were not added because this import is based on the entry sheet.,366947050,366947050,HAMBURG II,Not provided in export,Sailing,14.0,4.0,,Not provided in export,2026-09-04T15:44:45.213Z,2026-09-05T11:43:37.498Z,2272.0,High,"Exact normalized name match, compatible AIS vessel type, and compatible reported length.",Attached AIS_EVENTS_RAW.csv
16314,AYC Fall Regatta,2024,Not shown on scratch-sheet page,South Course | PHRF,South Course,Coastal PHRF 2,,33,0,Coastal PHRF 2,,ENTRY ONLY,,,,muskoka,Muskoka,USA 60293,Hanse 545,53,Neil Hindle,American Yacht Club,"Pelham Manor, NY, USA",PHRF,ToD / ToT,30.0,30.0,2024,2024 AYC Fall Regatta,1.0,,,,,,,https://yachtscoring.com/event_scratch_sheet/16314,https://yachtscoring.com/boatdetail/16314/309210,Additional scratch-sheet entry hosted by American Yacht Club. Included because reported length is at least 28 ft. Scratch-sheet entry sequence: 4.. Result fields were not added because this import is based on the entry sheet.,367651690,367651690,MUSKOKA,Not provided in export,Sailing,16.0,5.0,,Not provided in export,2026-09-04T10:25:16.427Z,2026-09-07T13:29:54.931Z,593.0,High,"Exact normalized name match, compatible AIS vessel type, and compatible reported length.",Attached AIS_EVENTS_RAW.csv
16314,AYC Fall Regatta,2024,Not shown on scratch-sheet page,South Course | PHRF,South Course,Coastal PHRF 2,,33,0,Coastal PHRF 2,,ENTRY ONLY,,,,scylla,Scylla,USA 60739,Dehler 46,47,Markus Lahrkamp,American Yacht Club,"Rye, NY, USA",PHRF,ToD / ToT,24.0,24.0,2024,2024 AYC Fall Regatta,1.0,,,,,,,https://yachtscoring.com/event_scratch_sheet/16314,https://yachtscoring.com/boatdetail/16314/311070,Additional scratch-sheet entry hosted by American Yacht Club. Included because reported length is at least 28 ft. Scratch-sheet entry sequence: 5.. Result fields were not added because this import is based on the entry sheet.,,,,,,,,,,,,,,,
16314,AYC Fall Regatta,2024,Not shown on scratch-sheet page,South Course | PHRF,South Course,Coastal PHRF 2,,33,0,Coastal PHRF 2,,ENTRY ONLY,,,,speck,Speck,USA 59916,J/120,40,William Klein,Norwalk Yacht Club,"Rowayton, CT, USA",PHRF,ToD / ToT,39.0,39.0,2024,2024 AYC Fall Regatta,1.0,,,,,,,https://yachtscoring.com/event_scratch_sheet/16314,https://yachtscoring.com/boatdetail/16314/311448,Additional scratch-sheet entry hosted by American Yacht Club. Included because reported length is at least 28 ft. Scratch-sheet entry sequence: 6.. Result fields were not added because this import is based on the entry sheet.,368182170,368182170,SPECK,Not provided in export,Pleasure,12.0,4.0,,Not provided in export,2026-09-04T13:01:49.728Z,2026-09-05T11:30:05.683Z,1732.0,High,"Exact normalized name match, compatible AIS vessel type, and compatible reported length.",Attached AIS_EVENTS_RAW.csv
16314,AYC Fall Regatta,2024,Not shown on scratch-sheet page,South Course | PHRF,South Course,Coastal PHRF 2,,33,0,Coastal PHRF 2,,ENTRY ONLY,,,,tenebrae,Tenebrae,USA 52400,J/124,40.7,William Ingraham,Larchmont Yacht Club / Storm Trysail Club,"Larchmont, NY, USA",PHRF,ToD / ToT,42.0,42.0,2024,2024 AYC Fall Regatta,1.0,,,,,,,https://yachtscoring.com/event_scratch_sheet/16314,https://yachtscoring.com/boatdetail/16314/310507,Additional scratch-sheet entry hosted by American Yacht Club. Included because reported length is at least 28 ft. Scratch-sheet entry sequence: 7.. Result fields were not added because this import is based on the entry sheet.,368034190,368034190,TENEBRAE,Not provided in export,Sailing,12.0,4.0,,Not provided in export,2026-09-06T15:51:43.582Z,2026-09-06T17:20:28.681Z,210.0,High,"Exact normalized name match, compatible AIS vessel type, and compatible reported length.",Attached AIS_EVENTS_RAW.csv
16314,AYC Fall Regatta,2024,Not shown on scratch-sheet page,South Course | PHRF,South Course,Coastal PHRF 2,,33,0,Coastal PHRF 2,,ENTRY ONLY,,,,varuna,Varuna,USA 88,J/111,36,Abhijeet Lele,Sachem's Head Yacht Club / New York Yacht Club,"Guilford, CT, USA",PHRF,ToD / ToT,24.0,24.0,2024,2024 AYC Fall Regatta,1.0,,,,,,,https://yachtscoring.com/event_scratch_sheet/16314,https://yachtscoring.com/boatdetail/16314/310295,Additional scratch-sheet entry hosted by American Yacht Club. Included because reported length is at least 28 ft. Scratch-sheet entry sequence: 8.. Result fields were not added because this import is based on the entry sheet.,,,,,,,,,,,,,,,
16314,AYC Fall Regatta,2024,Not shown on scratch-sheet page,South Course | PHRF,South Course,Coastal PHRF 3,,33,0,Coastal PHRF 3,,ENTRY ONLY,,,,agent99,Agent 99,USA 141,J/99,32.6,Raymond Warner,American Yacht Club,"Greenwich, CT, USA",PHRF,ToD / ToT,72.0,72.0,2024,2024 AYC Fall Regatta,1.0,,,,,,,https://yachtscoring.com/event_scratch_sheet/16314,https://yachtscoring.com/boatdetail/16314/311120,Additional scratch-sheet entry hosted by American Yacht Club. Included because reported length is at least 28 ft. Scratch-sheet entry sequence: 1.. Result fields were not added because this import is based on the entry sheet.,,,,,,,,,,,,,,,
16314,AYC Fall Regatta,2024,Not shown on scratch-sheet page,South Course | PHRF,South Course,Coastal PHRF 3,,33,0,Coastal PHRF 3,,ENTRY ONLY,,,,firstlight,First Light,USA 10104,Tartan 101,33,Dana OBrien,Riverside Yacht Club,"Riverside, CT, USA",PHRF,ToD / ToT,78.0,78.0,2024,2024 AYC Fall Regatta,1.0,,,,,,,https://yachtscoring.com/event_scratch_sheet/16314,https://yachtscoring.com/boatdetail/16314/310742,Additional scratch-sheet entry hosted by American Yacht Club. Included because reported length is at least 28 ft. Scratch-sheet entry sequence: 2.. Result fields were not added because this import is based on the entry sheet.,368253330,368253330,FIRST LIGHT,Not provided in export,Pleasure,17.0,0.0,,Not provided in export,2026-09-05T04:13:13.843Z,2026-09-06T01:13:15.951Z,553.0,Low,"Exact normalized name match, but AIS reported length or type conflicts with the race entry.",Attached AIS_EVENTS_RAW.csv
16314,AYC Fall Regatta,2024,Not shown on scratch-sheet page,South Course | PHRF,South Course,Coastal PHRF 3,,33,0,Coastal PHRF 3,,ENTRY ONLY,,,,mayniac,Mayniac,USA 259,Fareast 28R,29.75,Bryce May,Black Rock Yacht Club,"Fairfield, CT, USA",PHRF,ToD / ToT,54.0,54.0,2024,2024 AYC Fall Regatta,1.0,,,,,,,https://yachtscoring.com/event_scratch_sheet/16314,https://yachtscoring.com/boatdetail/16314/311571,Additional scratch-sheet entry hosted by American Yacht Club. Included because reported length is at least 28 ft. Scratch-sheet entry sequence: 3.. Result fields were not added because this import is based on the entry sheet.,,,,,,,,,,,,,,,
16314,AYC Fall Regatta,2024,Not shown on scratch-sheet page,South Course | PHRF,South Course,Coastal PHRF 3,,33,0,Coastal PHRF 3,,ENTRY ONLY,,,,nordlys,Nordlys,USA 267,J/109,35,Robert Schwartz,Manhasset Bay Yacht Club / New York Yacht Club,"Port Washington, NY, USA",PHRF,ToD / ToT,63.0,63.0,2024,2024 AYC Fall Regatta,1.0,,,,,,,https://yachtscoring.com/event_scratch_sheet/16314,https://yachtscoring.com/boatdetail/16314/309603,Additional scratch-sheet entry hosted by American Yacht Club. Included because reported length is at least 28 ft. Scratch-sheet entry sequence: 4.. Result fields were not added because this import is based on the entry sheet.,,,,,,,,,,,,,,,
16314,AYC Fall Regatta,2024,Not shown on scratch-sheet page,South Course | PHRF,South Course,Coastal PHRF 3,,33,0,Coastal PHRF 3,,ENTRY ONLY,,,,sanguine,Sanguine,USA 100,J/100,32.8,Steve Landy / Derek Soohoo,City Island Yacht Club,"Armonk, NY, USA",PHRF,ToD / ToT,87.0,87.0,2024,2024 AYC Fall Regatta,1.0,,,,,,,https://yachtscoring.com/event_scratch_sheet/16314,https://yachtscoring.com/boatdetail/16314/310988,Additional scratch-sheet entry hosted by American Yacht Club. Included because reported length is at least 28 ft. Scratch-sheet entry sequence: 5.. Result fields were not added because this import is based on the entry sheet.,,,,,,,,,,,,,,,
16314,AYC Fall Regatta,2024,Not shown on scratch-sheet page,South Course | PHRF,South Course,Coastal PHRF 3,,33,0,Coastal PHRF 3,,ENTRY ONLY,,,,sawtooth,Sawtooth,43681,Thomas 35,35,Peter Schmiedeck,Saugatuck Harbor Yacht Club,"Weston, CT, USA",PHRF,ToD / ToT,78.0,78.0,2024,2024 AYC Fall Regatta,1.0,,,,,,,https://yachtscoring.com/event_scratch_sheet/16314,https://yachtscoring.com/boatdetail/16314/311058,Additional scratch-sheet entry hosted by American Yacht Club. Included because reported length is at least 28 ft. Scratch-sheet entry sequence: 6.. Result fields were not added because this import is based on the entry sheet.,,,,,,,,,,,,,,,
16314,AYC Fall Regatta,2024,Not shown on scratch-sheet page,South Course | PHRF,South Course,Coastal PHRF 3,,33,0,Coastal PHRF 3,,ENTRY ONLY,,,,silverlining,Silver Lining,USA 49,Beneteau 54 Oceanis,56,Richard Graydon,Liberty Yacht Club,"New York, NY, USA",PHRF,ToD / ToT,57.0,57.0,2024,2024 AYC Fall Regatta,1.0,,,,,,,https://yachtscoring.com/event_scratch_sheet/16314,https://yachtscoring.com/boatdetail/16314/311723,Additional scratch-sheet entry hosted by American Yacht Club. Included because reported length is at least 28 ft. Scratch-sheet entry sequence: 7.. Result fields were not added because this import is based on the entry sheet.,,,,,,,,,,,,,,,
16314,AYC Fall Regatta,2024,Not shown on scratch-sheet page,South Course | PHRF,South Course,Coastal PHRF 3,,33,0,Coastal PHRF 3,,ENTRY ONLY,,,,stormypetrel,Stormy Petrel,USA CGA-3,USCG Leadership 44,44.34,United States Coast Guard Academy,US Coast Guard Academy Sailing,"New London, CT, USA",PHRF,ToD / ToT,57.0,57.0,2024,2024 AYC Fall Regatta,1.0,,,,,,,https://yachtscoring.com/event_scratch_sheet/16314,https://yachtscoring.com/boatdetail/16314/306479,Additional scratch-sheet entry hosted by American Yacht Club. Included because reported length is at least 28 ft. Scratch-sheet entry sequence: 8.. Result fields were not added because this import is based on the entry sheet.,,,,,,,,,,,,,,,
16314,AYC Fall Regatta,2024,Not shown on scratch-sheet page,South Course | PHRF,South Course,Coastal PHRF 3,,33,0,Coastal PHRF 3,,ENTRY ONLY,,,,thinman,Thin Man,USA 24,J/99,32.6,Todd Aven,City Island Yacht Club / Storm Trysail Club,"Brooklyn, NY, USA",PHRF,ToD / ToT,69.0,69.0,2024,2024 AYC Fall Regatta,1.0,,,,,,,https://yachtscoring.com/event_scratch_sheet/16314,https://yachtscoring.com/boatdetail/16314/311329,Additional scratch-sheet entry hosted by American Yacht Club. Included because reported length is at least 28 ft. Scratch-sheet entry sequence: 9.. Result fields were not added because this import is based on the entry sheet.,368114910,368114910,THIN MAN,Not provided in export,Sailing,10.0,4.0,,Not provided in export,2026-09-04T12:42:09.782Z,2026-09-05T12:28:11.623Z,2454.0,High,"Exact normalized name match, compatible AIS vessel type, and compatible reported length.",Attached AIS_EVENTS_RAW.csv
16314,AYC Fall Regatta,2024,Not shown on scratch-sheet page,South Course | PHRF,South Course,Coastal PHRF 4,,33,0,Coastal PHRF 4,,ENTRY ONLY,,,,easyred,Easy Red,USA 92,J/92,30,JC Zucconi / James Townsend,Indian Harbor Yacht Club,"Greenwich, CT, USA",PHRF,ToD / ToT,108.0,108.0,2024,2024 AYC Fall Regatta,1.0,,,,,,,https://yachtscoring.com/event_scratch_sheet/16314,https://yachtscoring.com/boatdetail/16314/306232,Additional scratch-sheet entry hosted by American Yacht Club. Included because reported length is at least 28 ft. Scratch-sheet entry sequence: 1.. Result fields were not added because this import is based on the entry sheet.,,,,,,,,,,,,,,,
16314,AYC Fall Regatta,2024,Not shown on scratch-sheet page,South Course | PHRF,South Course,Coastal PHRF 4,,33,0,Coastal PHRF 4,,ENTRY ONLY,,,,quintessence,Quintessence,USA 61491,Saffier SE 33,31.5,Roger Widmann,New York Yacht Club / Larchmont Yacht Club,"New Rochelle, NY, USA",PHRF,ToD / ToT,120.0,120.0,2024,2024 AYC Fall Regatta,1.0,,,,,,,https://yachtscoring.com/event_scratch_sheet/16314,https://yachtscoring.com/boatdetail/16314/311578,Additional scratch-sheet entry hosted by American Yacht Club. Included because reported length is at least 28 ft. Scratch-sheet entry sequence: 2.. Result fields were not added because this import is based on the entry sheet.,,,,,,,,,,,,,,,
16314,AYC Fall Regatta,2024,Not shown on scratch-sheet page,South Course | PHRF,South Course,Coastal PHRF 4,,33,0,Coastal PHRF 4,,ENTRY ONLY,,,,yankeeboy,Yankee Boy,USA 52524,Swan 411,41,Duncan McKay,American Yacht Club,"New York, NY, USA",PHRF,ToD / ToT,96.0,96.0,2024,2024 AYC Fall Regatta,1.0,,,,,,,https://yachtscoring.com/event_scratch_sheet/16314,https://yachtscoring.com/boatdetail/16314/291393,Additional scratch-sheet entry hosted by American Yacht Club. Included because reported length is at least 28 ft. Scratch-sheet entry sequence: 4.. Result fields were not added because this import is based on the entry sheet.,338356893,338356893,YANKEE BOY,Not provided in export,Sailing,13.0,4.0,,Not provided in export,2026-09-04T15:45:03.927Z,2026-09-05T12:53:49.046Z,2723.0,High,"Exact normalized name match, compatible AIS vessel type, and compatible reported length.",Attached AIS_EVENTS_RAW.csv
16314,AYC Fall Regatta,2024,Not shown on scratch-sheet page,South Course | PHRF,South Course,Coastal PHRF 5 - Non-Spinnaker - J/100,,33,0,Coastal PHRF 5 - Non-Spinnaker - J/100,,ENTRY ONLY,,,,bluefin,Bluefin,USA 111,J/100,32.8,Tom Boyle / Bob Clyatt / Doug McKeige,American Yacht Club,"Greenwich, CT, USA",PHRF,ToD / ToT,93.0,93.0,2024,2024 AYC Fall Regatta,1.0,,,,,,,https://yachtscoring.com/event_scratch_sheet/16314,https://yachtscoring.com/boatdetail/16314/309211,Additional scratch-sheet entry hosted by American Yacht Club. Included because reported length is at least 28 ft. Scratch-sheet entry sequence: 1.. Result fields were not added because this import is based on the entry sheet.,338390411,338390411,BLUEFIN,Not provided in export,Pleasure,13.0,5.0,,Not provided in export,2026-09-05T02:18:17.44Z,2026-09-06T04:15:17.815Z,171.0,Low,"Exact normalized name match, but AIS reported length or type conflicts with the race entry.",Attached AIS_EVENTS_RAW.csv
16314,AYC Fall Regatta,2024,Not shown on scratch-sheet page,South Course | PHRF,South Course,Coastal PHRF 5 - Non-Spinnaker - J/100,,33,0,Coastal PHRF 5 - Non-Spinnaker - J/100,,ENTRY ONLY,,,,freedom,Freedom,USA 851,J/100,32.8,Drew Fung / Pat Jakobson,American Yacht Club,"Rye, NY, USA",PHRF,ToD / ToT,93.0,93.0,2024,2024 AYC Fall Regatta,1.0,,,,,,,https://yachtscoring.com/event_scratch_sheet/16314,https://yachtscoring.com/boatdetail/16314/311238,Additional scratch-sheet entry hosted by American Yacht Club. Included because reported length is at least 28 ft. Scratch-sheet entry sequence: 2.. Result fields were not added because this import is based on the entry sheet.,338399528; 338487573; 338557535,338399528; 338487573; 338557535,FREEDOM,Not provided in export,Pleasure,14.0,4.0,,Not provided in export,2026-09-04T16:13:59.785Z,2026-09-06T07:52:23.027Z,737.0,Low,"Exact normalized name matched multiple AIS MMSIs; verify using dimensions, owner, or callsign.",Attached AIS_EVENTS_RAW.csv
16314,AYC Fall Regatta,2024,Not shown on scratch-sheet page,South Course | PHRF,South Course,Coastal PHRF 5 - Non-Spinnaker - J/100,,33,0,Coastal PHRF 5 - Non-Spinnaker - J/100,,ENTRY ONLY,,,,liberty,Liberty,USA 85,J/100,32.8,William Hennes,American Yacht Club,"Rye, NY, USA",PHRF,ToD / ToT,93.0,93.0,2024,2024 AYC Fall Regatta,1.0,,,,,,,https://yachtscoring.com/event_scratch_sheet/16314,https://yachtscoring.com/boatdetail/16314/308833,Additional scratch-sheet entry hosted by American Yacht Club. Included because reported length is at least 28 ft. Scratch-sheet entry sequence: 3.. Result fields were not added because this import is based on the entry sheet.,368049890,368049890,LIBERTY,Not provided in export,Sailing,12.0,2.0,,Not provided in export,2026-09-04T13:01:50.317Z,2026-09-04T19:42:01.091Z,408.0,Low,"Exact normalized name match, but AIS reported length or type conflicts with the race entry.",Attached AIS_EVENTS_RAW.csv
16314,AYC Fall Regatta,2024,Not shown on scratch-sheet page,South Course | PHRF,South Course,Coastal PHRF 5 - Non-Spinnaker - J/100,,33,0,Coastal PHRF 5 - Non-Spinnaker - J/100,,ENTRY ONLY,,,,resolute,Resolute,USA 65,J/100,32.8,Nick Everett,American Yacht Club,"Rye, NY, USA",PHRF,ToD / ToT,93.0,93.0,2024,2024 AYC Fall Regatta,1.0,,,,,,,https://yachtscoring.com/event_scratch_sheet/16314,https://yachtscoring.com/boatdetail/16314/309584,Additional scratch-sheet entry hosted by American Yacht Club. Included because reported length is at least 28 ft. Scratch-sheet entry sequence: 4.. Result fields were not added because this import is based on the entry sheet.,367091630,367091630,RESOLUTE,Not provided in export,Tug,30.0,10.0,5.0,Not provided in export,2026-09-04T18:40:14.464Z,2026-09-07T11:42:35.33Z,2793.0,Low,"Exact normalized name match, but AIS reported length or type conflicts with the race entry.",Attached AIS_EVENTS_RAW.csv
16314,AYC Fall Regatta,2024,Not shown on scratch-sheet page,South Course | PHRF,South Course,Coastal PHRF 6 - Non-Spinnaker,,33,0,Coastal PHRF 6 - Non-Spinnaker,,ENTRY ONLY,,,,andante,Andante,24500,Hanse 315,31.6,Ray Beeler & Joanne Douvas,American Yacht Club,"Pelham, NY, USA",PHRF,ToD / ToT,138.0,138.0,2024,2024 AYC Fall Regatta,1.0,,,,,,,https://yachtscoring.com/event_scratch_sheet/16314,https://yachtscoring.com/boatdetail/16314/310298,Additional scratch-sheet entry hosted by American Yacht Club. Included because reported length is at least 28 ft. Scratch-sheet entry sequence: 1.. Result fields were not added because this import is based on the entry sheet.,,,,,,,,,,,,,,,
16314,AYC Fall Regatta,2024,Not shown on scratch-sheet page,South Course | PHRF,South Course,Coastal PHRF 6 - Non-Spinnaker,,33,0,Coastal PHRF 6 - Non-Spinnaker,,ENTRY ONLY,,,,badger,Badger,USA 439,Jeanneau Sun Odyssey 439,43.8,Edward Casal,American Yacht Club,"Harrison, NY, USA",PHRF,ToD / ToT,129.0,129.0,2024,2024 AYC Fall Regatta,1.0,,,,,,,https://yachtscoring.com/event_scratch_sheet/16314,https://yachtscoring.com/boatdetail/16314/311463,Additional scratch-sheet entry hosted by American Yacht Club. Included because reported length is at least 28 ft. Scratch-sheet entry sequence: 2.. Result fields were not added because this import is based on the entry sheet.,367770360,367770360,BADGER,Not provided in export,Sailing,13.0,4.0,,Not provided in export,2026-09-04T00:04:44.121Z,2026-09-07T14:34:29.31Z,747.0,High,"Exact normalized name match, compatible AIS vessel type, and compatible reported length.",Attached AIS_EVENTS_RAW.csv
16314,AYC Fall Regatta,2024,Not shown on scratch-sheet page,South Course | PHRF,South Course,Coastal PHRF 6 - Non-Spinnaker,,33,0,Coastal PHRF 6 - Non-Spinnaker,,ENTRY ONLY,,,,greatscott,Great Scott,USA 22966,Morgan 36T,35.75,Justin Amrhein,Harlem Yacht Club,"Bronx, NY, USA",PHRF,ToD / ToT,138.0,138.0,2024,2024 AYC Fall Regatta,1.0,,,,,,,https://yachtscoring.com/event_scratch_sheet/16314,https://yachtscoring.com/boatdetail/16314/311219,Additional scratch-sheet entry hosted by American Yacht Club. Included because reported length is at least 28 ft. Scratch-sheet entry sequence: 3.. Result fields were not added because this import is based on the entry sheet.,,,,,,,,,,,,,,,
16314,AYC Fall Regatta,2024,Not shown on scratch-sheet page,South Course | PHRF,South Course,Coastal PHRF 6 - Non-Spinnaker,,33,0,Coastal PHRF 6 - Non-Spinnaker,,ENTRY ONLY,,,,nantucket,Nantucket,37,Beneteau 37,37.67,George Braverman,YRALIS,"Rye, NY, USA",PHRF,ToD / ToT,156.0,156.0,2024,2024 AYC Fall Regatta,1.0,,,,,,,https://yachtscoring.com/event_scratch_sheet/16314,https://yachtscoring.com/boatdetail/16314/310143,Additional scratch-sheet entry hosted by American Yacht Club. Included because reported length is at least 28 ft. Scratch-sheet entry sequence: 4.. Result fields were not added because this import is based on the entry sheet.,,,,,,,,,,,,,,,
50455,AYC Fall Regatta,2025,Not shown on scratch-sheet page,East Course | ORC,East Course,Fall Series (10/4-5) ORC Windward-Leeward,,11,0,Fall Series (10/4-5) ORC Windward-Leeward,,ENTRY ONLY,,,,arma,ARMA,USA 61211,GP42,42 Ft,Dubois / Eaves / Krow / Roseberry,Larchmont Yacht Club,"Larchmont, NY, USA",ORC,APH,440.6,440.6,2025,2025 AYC Fall Regatta,1.0,,,,,,,https://yachtscoring.com/event_scratch_sheet/50455,https://yachtscoring.com/boatdetail/50455/515296,Additional scratch-sheet entry hosted by American Yacht Club. Included because reported length is at least 28 ft. Scratch-sheet entry sequence: 1.. Result fields were not added because this import is based on the entry sheet.,,,,,,,,,,,,,,,
50455,AYC Fall Regatta,2025,Not shown on scratch-sheet page,East Course | ORC,East Course,Fall Series (10/4-5) ORC Windward-Leeward,,11,0,Fall Series (10/4-5) ORC Windward-Leeward,,ENTRY ONLY,,,,avalanche,Avalanche,GBR 20,Soto 40,40 Ft,Craig Albrecht / Alexis Gesualdo,Storm Trysail Club / Northport Yacht Club,"Glen Cove, NY, USA",ORC,APH,448.4,448.4,2025,2025 AYC Fall Regatta,1.0,,,,,,,https://yachtscoring.com/event_scratch_sheet/50455,https://yachtscoring.com/boatdetail/50455/514806,Additional scratch-sheet entry hosted by American Yacht Club. Included because reported length is at least 28 ft. Scratch-sheet entry sequence: 2.. Result fields were not added because this import is based on the entry sheet.,,,,,,,,,,,,,,,
50455,AYC Fall Regatta,2025,Not shown on scratch-sheet page,East Course | ORC,East Course,Fall Series (10/4-5) ORC Windward-Leeward,,11,0,Fall Series (10/4-5) ORC Windward-Leeward,,ENTRY ONLY,,,,coolbreeze,Cool Breeze,USA 4301,Club Swan 43,43 Ft,John Cooper,Lake Stockton Yacht Club,"Cane Hill, MO, USA",ORC,APH,461.5,461.5,2025,2025 AYC Fall Regatta,1.0,,,,,,,https://yachtscoring.com/event_scratch_sheet/50455,https://yachtscoring.com/boatdetail/50455/513644,Additional scratch-sheet entry hosted by American Yacht Club. Included because reported length is at least 28 ft. Scratch-sheet entry sequence: 3.. Result fields were not added because this import is based on the entry sheet.,,,,,,,,,,,,,,,
50455,AYC Fall Regatta,2025,Not shown on scratch-sheet page,East Course | ORC,East Course,Fall Series (10/4-5) ORC Windward-Leeward,,11,0,Fall Series (10/4-5) ORC Windward-Leeward,,ENTRY ONLY,,,,coolbreeze,Cool Breeze,USA 60432,Mills 43,43 Ft,USCGA / Lincoln White - G,Unuted States Coast Guard Academy Sailing,"New London, CT, USA",ORC,APH,465.7,465.7,2025,2025 AYC Fall Regatta,1.0,,,,,,,https://yachtscoring.com/event_scratch_sheet/50455,https://yachtscoring.com/boatdetail/50455/514930,Additional scratch-sheet entry hosted by American Yacht Club. Included because reported length is at least 28 ft. Scratch-sheet entry sequence: 4.. Result fields were not added because this import is based on the entry sheet.,,,,,,,,,,,,,,,
50455,AYC Fall Regatta,2025,Not shown on scratch-sheet page,East Course | ORC,East Course,Fall Series (10/4-5) ORC Windward-Leeward,,11,0,Fall Series (10/4-5) ORC Windward-Leeward,,ENTRY ONLY,,,,eldiablo,El Diablo,USA 56600,Bolt 37,37 Ft,Robert Fryer,American Yacht Club / New York Yacht Club,"Cos Cob, CT, USA",ORC,APH,477.1,477.1,2025,2025 AYC Fall Regatta,1.0,,,,,,,https://yachtscoring.com/event_scratch_sheet/50455,https://yachtscoring.com/boatdetail/50455/514884,Additional scratch-sheet entry hosted by American Yacht Club. Included because reported length is at least 28 ft. Scratch-sheet entry sequence: 5.. Result fields were not added because this import is based on the entry sheet.,338554674,338554674,EL DIABLO,Not provided in export,Sailing,12.0,4.0,,Not provided in export,2026-09-04T13:01:46.91Z,2026-09-05T10:18:00.943Z,702.0,High,"Exact normalized name match, compatible AIS vessel type, and compatible reported length.",Attached AIS_EVENTS_RAW.csv
50455,AYC Fall Regatta,2025,Not shown on scratch-sheet page,East Course | ORC,East Course,Fall Series (10/4-5) ORC Windward-Leeward,,11,0,Fall Series (10/4-5) ORC Windward-Leeward,,ENTRY ONLY,,,,fairamerican,Fair American,USA 32,IC37,37 Ft,American Women IC37,American Yacht Club,"Rye, NY, USA",ORC,APH,469.9,469.9,2025,2025 AYC Fall Regatta,1.0,,,,,,,https://yachtscoring.com/event_scratch_sheet/50455,https://yachtscoring.com/boatdetail/50455/513989,Additional scratch-sheet entry hosted by American Yacht Club. Included because reported length is at least 28 ft. Scratch-sheet entry sequence: 6.. Result fields were not added because this import is based on the entry sheet.,,,,,,,,,,,,,,,
50455,AYC Fall Regatta,2025,Not shown on scratch-sheet page,East Course | ORC,East Course,Fall Series (10/4-5) ORC Windward-Leeward,,11,0,Fall Series (10/4-5) ORC Windward-Leeward,,ENTRY ONLY,,,,fortissimo,Fortissimo,USA 25,IC37,37 Ft,United States Merchant Marine Academy,United States Merchant Marine Academy,"Kings Point, NY, USA",ORC,APH,472.4,472.4,2025,2025 AYC Fall Regatta,1.0,,,,,,,https://yachtscoring.com/event_scratch_sheet/50455,https://yachtscoring.com/boatdetail/50455/514874,Additional scratch-sheet entry hosted by American Yacht Club. Included because reported length is at least 28 ft. Scratch-sheet entry sequence: 7.. Result fields were not added because this import is based on the entry sheet.,,,,,,,,,,,,,,,
50455,AYC Fall Regatta,2025,Not shown on scratch-sheet page,East Course | ORC,East Course,Fall Series (10/4-5) ORC Windward-Leeward,,11,0,Fall Series (10/4-5) ORC Windward-Leeward,,ENTRY ONLY,,,,geminiii,Gemini II,USA 45454,Swan 45,45 Ft,Laura Heiss / James Coffman,American Yacht Club,"Rye, NY, USA",ORC,APH,468.6,468.6,2025,2025 AYC Fall Regatta,1.0,,,,,,,https://yachtscoring.com/event_scratch_sheet/50455,https://yachtscoring.com/boatdetail/50455/514157,Additional scratch-sheet entry hosted by American Yacht Club. Included because reported length is at least 28 ft. Scratch-sheet entry sequence: 8.. Result fields were not added because this import is based on the entry sheet.,367347940,367347940,GEMINI II,Not provided in export,Sailing,14.0,4.0,,Not provided in export,2026-09-04T15:46:00.758Z,2026-09-05T10:39:20.012Z,1136.0,High,"Exact normalized name match, compatible AIS vessel type, and compatible reported length.",Attached AIS_EVENTS_RAW.csv
50455,AYC Fall Regatta,2025,Not shown on scratch-sheet page,East Course | ORC,East Course,Fall Series (10/4-5) ORC Windward-Leeward,,11,0,Fall Series (10/4-5) ORC Windward-Leeward,,ENTRY ONLY,,,,habiru,Habiru,USA 61124,J/121,40.0 Ft,Steve Losik,United Yacht Club,"Great Neck, NY, USA",ORC,APH,490.1,490.1,2025,2025 AYC Fall Regatta,1.0,,,,,,,https://yachtscoring.com/event_scratch_sheet/50455,https://yachtscoring.com/boatdetail/50455/514822,Additional scratch-sheet entry hosted by American Yacht Club. Included because reported length is at least 28 ft. Scratch-sheet entry sequence: 9.. Result fields were not added because this import is based on the entry sheet.,338413878,338413878,HABIRU,Not provided in export,Sailing,12.0,4.0,,Not provided in export,2026-09-04T13:01:42.289Z,2026-09-05T10:32:13.798Z,1063.0,High,"Exact normalized name match, compatible AIS vessel type, and compatible reported length.",Attached AIS_EVENTS_RAW.csv
50455,AYC Fall Regatta,2025,Not shown on scratch-sheet page,East Course | ORC,East Course,Fall Series (10/4-5) ORC Windward-Leeward,,11,0,Fall Series (10/4-5) ORC Windward-Leeward,,ENTRY ONLY,,,,touchofgrey,Touch of Grey,USA 68750,J/121,40 Ft,Trevor Roach,Cedar Point Yacht Club,"Stamford, CT, USA",ORC,APH,488.7,488.7,2025,2025 AYC Fall Regatta,1.0,,,,,,,https://yachtscoring.com/event_scratch_sheet/50455,https://yachtscoring.com/boatdetail/50455/515086,Additional scratch-sheet entry hosted by American Yacht Club. Included because reported length is at least 28 ft. Scratch-sheet entry sequence: 10.. Result fields were not added because this import is based on the entry sheet.,,,,,,,,,,,,,,,
50455,AYC Fall Regatta,2025,Not shown on scratch-sheet page,East Course | ORC,East Course,Fall Series (10/4-5) ORC Windward-Leeward,,11,0,Fall Series (10/4-5) ORC Windward-Leeward,,ENTRY ONLY,,,,zammermoos,Zammermoos,US 4224,Club Swan 42,42 Ft,David Fass,New York Yacht Club,"Mamaroneck, NY, USA",ORC,APH,474.9,474.9,2025,2025 AYC Fall Regatta,1.0,,,,,,,https://yachtscoring.com/event_scratch_sheet/50455,https://yachtscoring.com/boatdetail/50455/514802,Additional scratch-sheet entry hosted by American Yacht Club. Included because reported length is at least 28 ft. Scratch-sheet entry sequence: 11.. Result fields were not added because this import is based on the entry sheet.,,,,,,,,,,,,,,,
50455,AYC Fall Regatta,2025,Not shown on scratch-sheet page,East Course | PHRF,East Course,Fall Series (10/4-5) PHRF Windward-Leeward,,9,0,Fall Series (10/4-5) PHRF Windward-Leeward,,ENTRY ONLY,,,,3cheers,3 Cheers,USA 30,J/109,34 Ft,Noroton Junior Big Boat,Noroton Yacht Club,"Darien, CT, USA",PHRF,ToD / ToT,69.0,69.0,2025,2025 AYC Fall Regatta,1.0,,,,,,,https://yachtscoring.com/event_scratch_sheet/50455,https://yachtscoring.com/boatdetail/50455/515713,Additional scratch-sheet entry hosted by American Yacht Club. Included because reported length is at least 28 ft. Scratch-sheet entry sequence: 1.. Result fields were not added because this import is based on the entry sheet.,,,,,,,,,,,,,,,
50455,AYC Fall Regatta,2025,Not shown on scratch-sheet page,East Course | PHRF,East Course,Fall Series (10/4-5) PHRF Windward-Leeward,,9,0,Fall Series (10/4-5) PHRF Windward-Leeward,,ENTRY ONLY,,,,fireball,Fireball,USA 16,J/111,36.5 Ft,Bill & Jackie Baxter,Riverside Yacht Club / Storm Trysail Club / New York Yacht Club,"Stamford, CT, USA",PHRF,ToD / ToT,30.0,30.0,2025,2025 AYC Fall Regatta,1.0,,,,,,,https://yachtscoring.com/event_scratch_sheet/50455,https://yachtscoring.com/boatdetail/50455/515453,Additional scratch-sheet entry hosted by American Yacht Club. Included because reported length is at least 28 ft. Scratch-sheet entry sequence: 2.. Result fields were not added because this import is based on the entry sheet.,,,,,,,,,,,,,,,
50455,AYC Fall Regatta,2025,Not shown on scratch-sheet page,East Course | PHRF,East Course,Fall Series (10/4-5) PHRF Windward-Leeward,,9,0,Fall Series (10/4-5) PHRF Windward-Leeward,,ENTRY ONLY,,,,leadingedge,Leading Edge,USA 162,J/109,35.9 Ft,SUNY Maritime Academy,SUNY Maritime Academy,"Throggs Neck, NY, USA",PHRF,ToD / ToT,72.0,72.0,2025,2025 AYC Fall Regatta,1.0,,,,,,,https://yachtscoring.com/event_scratch_sheet/50455,https://yachtscoring.com/boatdetail/50455/515902,Additional scratch-sheet entry hosted by American Yacht Club. Included because reported length is at least 28 ft. Scratch-sheet entry sequence: 3.. Result fields were not added because this import is based on the entry sheet.,,,,,,,,,,,,,,,
50455,AYC Fall Regatta,2025,Not shown on scratch-sheet page,East Course | PHRF,East Course,Fall Series (10/4-5) PHRF Windward-Leeward,,9,0,Fall Series (10/4-5) PHRF Windward-Leeward,,ENTRY ONLY,,,,nordlys,Nordlys,USA 267,J/109,35 Ft,Robert Schwartz,Manhasset Bay Yacht Club / New York Yacht Club,"Port Washington, NY, USA",PHRF,ToD / ToT,69.0,69.0,2025,2025 AYC Fall Regatta,1.0,,,,,,,https://yachtscoring.com/event_scratch_sheet/50455,https://yachtscoring.com/boatdetail/50455/514393,Additional scratch-sheet entry hosted by American Yacht Club. Included because reported length is at least 28 ft. Scratch-sheet entry sequence: 4.. Result fields were not added because this import is based on the entry sheet.,,,,,,,,,,,,,,,
50455,AYC Fall Regatta,2025,Not shown on scratch-sheet page,East Course | PHRF,East Course,Fall Series (10/4-5) PHRF Windward-Leeward,,9,0,Fall Series (10/4-5) PHRF Windward-Leeward,,ENTRY ONLY,,,,quicksilver,Quicksilver,USA 168,J/109,35.5 Ft,Ian Milward,Horseshoe Harbor Yacht Club,"Larchmont, NY, USA",PHRF,ToD / ToT,75.0,75.0,2025,2025 AYC Fall Regatta,1.0,,,,,,,https://yachtscoring.com/event_scratch_sheet/50455,https://yachtscoring.com/boatdetail/50455/513947,Additional scratch-sheet entry hosted by American Yacht Club. Included because reported length is at least 28 ft. Scratch-sheet entry sequence: 5.. Result fields were not added because this import is based on the entry sheet.,338210285,338210285,QUICKSILVER,Not provided in export,Sailing,11.0,4.0,,Not provided in export,2026-09-04T11:39:57.348Z,2026-09-05T12:50:20.231Z,2728.0,High,"Exact normalized name match, compatible AIS vessel type, and compatible reported length.",Attached AIS_EVENTS_RAW.csv
50455,AYC Fall Regatta,2025,Not shown on scratch-sheet page,East Course | PHRF,East Course,Fall Series (10/4-5) PHRF Windward-Leeward,,9,0,Fall Series (10/4-5) PHRF Windward-Leeward,,ENTRY ONLY,,,,redemption,Redemption,USA 39538,Farr 395,39.6 Ft,David Goldstone,Cedar Point Yacht Club,"Danbury, CT, USA",PHRF,ToD / ToT,27.0,27.0,2025,2025 AYC Fall Regatta,1.0,,,,,,,https://yachtscoring.com/event_scratch_sheet/50455,https://yachtscoring.com/boatdetail/50455/514029,Additional scratch-sheet entry hosted by American Yacht Club. Included because reported length is at least 28 ft. Scratch-sheet entry sequence: 6.. Result fields were not added because this import is based on the entry sheet.,,,,,,,,,,,,,,,
50455,AYC Fall Regatta,2025,Not shown on scratch-sheet page,East Course | PHRF,East Course,Fall Series (10/4-5) PHRF Windward-Leeward,,9,0,Fall Series (10/4-5) PHRF Windward-Leeward,,ENTRY ONLY,,,,secretaffair,Secret Affair,US 42942,Tripp 43,43 Ft,Mark Greenawalt,Fayerweather Yacht Club,"Fairfield, CT, USA",PHRF,ToD / ToT,36.0,36.0,2025,2025 AYC Fall Regatta,1.0,,,,,,,https://yachtscoring.com/event_scratch_sheet/50455,https://yachtscoring.com/boatdetail/50455/515147,Additional scratch-sheet entry hosted by American Yacht Club. Included because reported length is at least 28 ft. Scratch-sheet entry sequence: 7.. Result fields were not added because this import is based on the entry sheet.,,,,,,,,,,,,,,,
50455,AYC Fall Regatta,2025,Not shown on scratch-sheet page,East Course | PHRF,East Course,Fall Series (10/4-5) PHRF Windward-Leeward,,9,0,Fall Series (10/4-5) PHRF Windward-Leeward,,ENTRY ONLY,,,,varuna,Varuna,USA 88,J/111,36.5 Ft,Abhijeet Lele,Sachem's Head Yacht Club / New York Yacht Club,"Guilford, CT, USA",PHRF,ToD / ToT,30.0,30.0,2025,2025 AYC Fall Regatta,1.0,,,,,,,https://yachtscoring.com/event_scratch_sheet/50455,https://yachtscoring.com/boatdetail/50455/515099,Additional scratch-sheet entry hosted by American Yacht Club. Included because reported length is at least 28 ft. Scratch-sheet entry sequence: 8.. Result fields were not added because this import is based on the entry sheet.,,,,,,,,,,,,,,,
50455,AYC Fall Regatta,2025,Not shown on scratch-sheet page,East Course | PHRF,East Course,Fall Series (10/4-5) PHRF Windward-Leeward,,9,0,Fall Series (10/4-5) PHRF Windward-Leeward,,ENTRY ONLY,,,,wildthing,Wild Thing,USA 110,J/88,29 Ft,Diego Sacristan,American Yacht Club,"Rye, NY, USA",PHRF,ToD / ToT,84.0,84.0,2025,2025 AYC Fall Regatta,1.0,,,,,,,https://yachtscoring.com/event_scratch_sheet/50455,https://yachtscoring.com/boatdetail/50455/514199,Additional scratch-sheet entry hosted by American Yacht Club. Included because reported length is at least 28 ft. Scratch-sheet entry sequence: 9.. Result fields were not added because this import is based on the entry sheet.,,,,,,,,,,,,,,,
50455,AYC Fall Regatta,2025,Not shown on scratch-sheet page,East Course | One Design,East Course,Fall Series (10/4-5) J/44,,11,0,Fall Series (10/4-5) J/44,,ENTRY ONLY,,,,beagle,Beagle,USA 4405,J/44,44.9 Ft,Willets Meyer,Seawanhaka Corinthian Yacht Club / Imperial Poona Yacht Club,"Oyster Bay, NY, USA",One Design,Rating,,,2025,2025 AYC Fall Regatta,1.0,,,,,,,https://yachtscoring.com/event_scratch_sheet/50455,https://yachtscoring.com/boatdetail/50455/515242,Additional scratch-sheet entry hosted by American Yacht Club. Included because reported length is at least 28 ft. Scratch-sheet entry sequence: 1.. Result fields were not added because this import is based on the entry sheet.,,,,,,,,,,,,,,,
50455,AYC Fall Regatta,2025,Not shown on scratch-sheet page,East Course | One Design,East Course,Fall Series (10/4-5) J/44,,11,0,Fall Series (10/4-5) J/44,,ENTRY ONLY,,,,comet,Comet,USA 4408,J/44,44.9 Ft,United States Merchant Marine Academy,United States Merchant Marine Academy,"Kings Point, NY, USA",One Design,Rating,,,2025,2025 AYC Fall Regatta,1.0,,,,,,,https://yachtscoring.com/event_scratch_sheet/50455,https://yachtscoring.com/boatdetail/50455/514882,Additional scratch-sheet entry hosted by American Yacht Club. Included because reported length is at least 28 ft. Scratch-sheet entry sequence: 2.. Result fields were not added because this import is based on the entry sheet.,,,,,,,,,,,,,,,
50455,AYC Fall Regatta,2025,Not shown on scratch-sheet page,East Course | One Design,East Course,Fall Series (10/4-5) J/44,,11,0,Fall Series (10/4-5) J/44,,ENTRY ONLY,,,,katana,Katana,USA 4402,J/44,44.9 Ft,William Mooney,New York Yacht Club,"Oyster Bay, NY, USA",One Design,Rating,,,2025,2025 AYC Fall Regatta,1.0,,,,,,,https://yachtscoring.com/event_scratch_sheet/50455,https://yachtscoring.com/boatdetail/50455/515842,Additional scratch-sheet entry hosted by American Yacht Club. Included because reported length is at least 28 ft. Scratch-sheet entry sequence: 3.. Result fields were not added because this import is based on the entry sheet.,319311800,319311800,KATANA,Not provided in export,Sailing,55.0,14.0,4.3,Not provided in export,2026-09-05T05:36:26.336Z,2026-09-06T00:00:54.855Z,3414.0,Low,"Exact normalized name match, but AIS reported length or type conflicts with the race entry.",Attached AIS_EVENTS_RAW.csv
50455,AYC Fall Regatta,2025,Not shown on scratch-sheet page,East Course | One Design,East Course,Fall Series (10/4-5) J/44,,11,0,Fall Series (10/4-5) J/44,,ENTRY ONLY,,,,maxine,Maxine,USA 4406,J/44,44.9 Ft,William Ketcham,American Yacht Club,"Greenwich, CT, USA",One Design,Rating,,,2025,2025 AYC Fall Regatta,1.0,,,,,,,https://yachtscoring.com/event_scratch_sheet/50455,https://yachtscoring.com/boatdetail/50455/515003,Additional scratch-sheet entry hosted by American Yacht Club. Included because reported length is at least 28 ft. Scratch-sheet entry sequence: 4.. Result fields were not added because this import is based on the entry sheet.,,,,,,,,,,,,,,,
50455,AYC Fall Regatta,2025,Not shown on scratch-sheet page,East Course | One Design,East Course,Fall Series (10/4-5) J/44,,11,0,Fall Series (10/4-5) J/44,,ENTRY ONLY,,,,palantir5,Palantir 5,USA 4410,J/44,44.9 Ft,June & Amanda Kendrick,Lloyd Harbor Yacht Club / Centerport Yacht Club / Storm Trysail Club / New York Yacht Club,"Huntington, NY, USA",One Design,Rating,,,2025,2025 AYC Fall Regatta,1.0,,,,,,,https://yachtscoring.com/event_scratch_sheet/50455,https://yachtscoring.com/boatdetail/50455/514960,Additional scratch-sheet entry hosted by American Yacht Club. Included because reported length is at least 28 ft. Scratch-sheet entry sequence: 5.. Result fields were not added because this import is based on the entry sheet.,,,,,,,,,,,,,,,
50455,AYC Fall Regatta,2025,Not shown on scratch-sheet page,East Course | One Design,East Course,Fall Series (10/4-5) J/44,,11,0,Fall Series (10/4-5) J/44,,ENTRY ONLY,,,,resolute,Resolute,USA 4411,J/44,44.9 Ft,Don & Rick Rave,Storm Trysail Club / Lloyd Harbor Yacht Club,"Huntington Bay, NY, USA",One Design,Rating,,,2025,2025 AYC Fall Regatta,1.0,,,,,,,https://yachtscoring.com/event_scratch_sheet/50455,https://yachtscoring.com/boatdetail/50455/514890,Additional scratch-sheet entry hosted by American Yacht Club. Included because reported length is at least 28 ft. Scratch-sheet entry sequence: 6.. Result fields were not added because this import is based on the entry sheet.,367091630,367091630,RESOLUTE,Not provided in export,Tug,30.0,10.0,5.0,Not provided in export,2026-09-04T18:40:14.464Z,2026-09-07T11:42:35.33Z,2793.0,Low,"Exact normalized name match, but AIS reported length or type conflicts with the race entry.",Attached AIS_EVENTS_RAW.csv
50455,AYC Fall Regatta,2025,Not shown on scratch-sheet page,East Course | One Design,East Course,Fall Series (10/4-5) J/105,,11,0,Fall Series (10/4-5) J/105,,ENTRY ONLY,,,,ataraxis,ATARAXIS,USA 513,J/105,34.5 Ft,Frank Latawiec,Lloyd Harbor Yacht Club,"Huntington, NY, USA",One Design,Rating,,,2025,2025 AYC Fall Regatta,1.0,,,,,,,https://yachtscoring.com/event_scratch_sheet/50455,https://yachtscoring.com/boatdetail/50455/514193,Additional scratch-sheet entry hosted by American Yacht Club. Included because reported length is at least 28 ft. Scratch-sheet entry sequence: 1.. Result fields were not added because this import is based on the entry sheet.,,,,,,,,,,,,,,,
50455,AYC Fall Regatta,2025,Not shown on scratch-sheet page,East Course | One Design,East Course,Fall Series (10/4-5) J/105,,11,0,Fall Series (10/4-5) J/105,,ENTRY ONLY,,,,loulou,loulou,USA 334,J/105,34.5 Ft,Paul Beaudin,Harlem Yacht Club,"Harlem, NY, USA",One Design,Rating,,,2025,2025 AYC Fall Regatta,1.0,,,,,,,https://yachtscoring.com/event_scratch_sheet/50455,https://yachtscoring.com/boatdetail/50455/513646,Additional scratch-sheet entry hosted by American Yacht Club. Included because reported length is at least 28 ft. Scratch-sheet entry sequence: 2.. Result fields were not added because this import is based on the entry sheet.,,,,,,,,,,,,,,,
50455,AYC Fall Regatta,2025,Not shown on scratch-sheet page,East Course | One Design,East Course,Fall Series (10/4-5) J/105,,11,0,Fall Series (10/4-5) J/105,,ENTRY ONLY,,,,solution,Solution,USA 65,J/105,34.5 Ft,David Willis,Lloyd Harbor Yacht Club,"Huntington, NY, USA",One Design,Rating,,,2025,2025 AYC Fall Regatta,1.0,,,,,,,https://yachtscoring.com/event_scratch_sheet/50455,https://yachtscoring.com/boatdetail/50455/514141,Additional scratch-sheet entry hosted by American Yacht Club. Included because reported length is at least 28 ft. Scratch-sheet entry sequence: 3.. Result fields were not added because this import is based on the entry sheet.,,,,,,,,,,,,,,,
50455,AYC Fall Regatta,2025,Not shown on scratch-sheet page,East Course | One Design,East Course,Fall Series (10/4-5) J/105,,11,0,Fall Series (10/4-5) J/105,,ENTRY ONLY,,,,warlock,Warlock,USA 139,J/105,34.5 Ft,Damian Emery,Port Jefferson Yacht Club,"Shoreham, NY, USA",One Design,Rating,,,2025,2025 AYC Fall Regatta,1.0,,,,,,,https://yachtscoring.com/event_scratch_sheet/50455,https://yachtscoring.com/boatdetail/50455/513751,Additional scratch-sheet entry hosted by American Yacht Club. Included because reported length is at least 28 ft. Scratch-sheet entry sequence: 4.. Result fields were not added because this import is based on the entry sheet.,,,,,,,,,,,,,,,
50455,AYC Fall Regatta,2025,Not shown on scratch-sheet page,East Course | One Design,East Course,Fall Series (10/4-5) J/105,,11,0,Fall Series (10/4-5) J/105,,ENTRY ONLY,,,,youngamerican,Young American,USA 324,J/105,34.5 Ft,Don Dowd,American Yacht Club,"Rye, NY, USA",One Design,Rating,,,2025,2025 AYC Fall Regatta,1.0,,,,,,,https://yachtscoring.com/event_scratch_sheet/50455,https://yachtscoring.com/boatdetail/50455/515563,Additional scratch-sheet entry hosted by American Yacht Club. Included because reported length is at least 28 ft. Scratch-sheet entry sequence: 5.. Result fields were not added because this import is based on the entry sheet.,,,,,,,,,,,,,,,
50455,AYC Fall Regatta,2025,Not shown on scratch-sheet page,South Course | ORC,South Course,Fall Series (10/4-5) Coastal Racing - ORC,,4,0,Fall Series (10/4-5) Coastal Racing - ORC,,ENTRY ONLY,,,,groupe5,Groupe 5,USA 26,Figaro 2,32 Ft,NEKA Sailing,North East Keelboat Association,"Glen Cove, NY, USA",ORC,APH,523.5,523.5,2025,2025 AYC Fall Regatta,1.0,,,,,,,https://yachtscoring.com/event_scratch_sheet/50455,https://yachtscoring.com/boatdetail/50455/515396,Additional scratch-sheet entry hosted by American Yacht Club. Included because reported length is at least 28 ft. Scratch-sheet entry sequence: 1.. Result fields were not added because this import is based on the entry sheet.,,,,,,,,,,,,,,,
50455,AYC Fall Regatta,2025,Not shown on scratch-sheet page,South Course | ORC,South Course,Fall Series (10/4-5) Coastal Racing - ORC,,4,0,Fall Series (10/4-5) Coastal Racing - ORC,,ENTRY ONLY,,,,ohana,Ohana,USA 435,Arcona 435 MkII,44.7 Ft,Ken Wisdom,Cedar Point Yacht Club / New York Yacht Club / Royal Ocean Racing Club,"Wilton, CT, USA",ORC,APH,482.8,482.8,2025,2025 AYC Fall Regatta,1.0,,,,,,,https://yachtscoring.com/event_scratch_sheet/50455,https://yachtscoring.com/boatdetail/50455/515241,Additional scratch-sheet entry hosted by American Yacht Club. Included because reported length is at least 28 ft. Scratch-sheet entry sequence: 2.. Result fields were not added because this import is based on the entry sheet.,338351614; 368366540; 368396040,338351614; 368366540; 368396040,OHANA,Not provided in export,Sailing,13.0,4.0,,Not provided in export,2026-09-04T13:01:36.882Z,2026-09-06T08:25:35.409Z,2053.0,Low,"Exact normalized name matched multiple AIS MMSIs; verify using dimensions, owner, or callsign.",Attached AIS_EVENTS_RAW.csv
50455,AYC Fall Regatta,2025,Not shown on scratch-sheet page,South Course | ORC,South Course,Fall Series (10/4-5) Coastal Racing - ORC,,4,0,Fall Series (10/4-5) Coastal Racing - ORC,,ENTRY ONLY,,,,rumba,Rumba,USA 61132,J/133,43 Ft,Ove Haxthausen,Stamford Yacht Club,"Stamford, CT, USA",ORC,APH,490.8,490.8,2025,2025 AYC Fall Regatta,1.0,,,,,,,https://yachtscoring.com/event_scratch_sheet/50455,https://yachtscoring.com/boatdetail/50455/513651,Additional scratch-sheet entry hosted by American Yacht Club. Included because reported length is at least 28 ft. Scratch-sheet entry sequence: 3.. Result fields were not added because this import is based on the entry sheet.,368057260,368057260,RUMBA,Not provided in export,Sailing,13.0,3.0,,Not provided in export,2026-09-04T15:44:43.206Z,2026-09-05T11:43:33.282Z,1530.0,High,"Exact normalized name match, compatible AIS vessel type, and compatible reported length.",Attached AIS_EVENTS_RAW.csv
50455,AYC Fall Regatta,2025,Not shown on scratch-sheet page,South Course | ORC,South Course,Fall Series (10/4-5) Coastal Racing - ORC,,4,0,Fall Series (10/4-5) Coastal Racing - ORC,,ENTRY ONLY,,,,stratos,Stratos,USA 15833,Sun Fast 3300,33 Ft,Marcus Wunderlich,Cedar Point Yacht Club,"Jersey City, NJ, USA",ORC,APH,537.5,537.5,2025,2025 AYC Fall Regatta,1.0,,,,,,,https://yachtscoring.com/event_scratch_sheet/50455,https://yachtscoring.com/boatdetail/50455/515073,Additional scratch-sheet entry hosted by American Yacht Club. Included because reported length is at least 28 ft. Scratch-sheet entry sequence: 4.. Result fields were not added because this import is based on the entry sheet.,368404820,368404820,STRATOS,Not provided in export,Sailing,10.0,3.0,,Not provided in export,2026-09-04T12:55:31.188Z,2026-09-06T16:17:39.456Z,1785.0,High,"Exact normalized name match, compatible AIS vessel type, and compatible reported length.",Attached AIS_EVENTS_RAW.csv
50455,AYC Fall Regatta,2025,Not shown on scratch-sheet page,South Course | PHRF,South Course,Fall Series (10/4-5) Coastal Racing - PHRF 2 - Spinnaker,,38,0,Fall Series (10/4-5) Coastal Racing - PHRF 2 - Spinnaker,,ENTRY ONLY,,,,acadia,ACADIA,USA 45002,J/45,45 Ft,Erik Asgeirsson,American Yacht Club / New York Yacht Club,"Rye, NY, USA",PHRF,ToD / ToT,12.0,12.0,2025,2025 AYC Fall Regatta,1.0,,,,,,,https://yachtscoring.com/event_scratch_sheet/50455,https://yachtscoring.com/boatdetail/50455/513729,Additional scratch-sheet entry hosted by American Yacht Club. Included because reported length is at least 28 ft. Scratch-sheet entry sequence: 1.. Result fields were not added because this import is based on the entry sheet.,368083750; 368252090,368083750; 368252090,ACADIA,Not provided in export,Sailing,13.0,5.0,,Not provided in export,2026-09-04T12:41:13.005Z,2026-09-06T04:33:21.237Z,183.0,Low,"Exact normalized name matched multiple AIS MMSIs; verify using dimensions, owner, or callsign.",Attached AIS_EVENTS_RAW.csv
50455,AYC Fall Regatta,2025,Not shown on scratch-sheet page,South Course | PHRF,South Course,Fall Series (10/4-5) Coastal Racing - PHRF 2 - Spinnaker,,38,0,Fall Series (10/4-5) Coastal Racing - PHRF 2 - Spinnaker,,ENTRY ONLY,,,,aftermidnight,After Midnight,USA 1201,CTM 41,41 Ft,Paul Jeka,New York Yacht Club,"Atlantic Highlands, NJ, USA",PHRF,ToD / ToT,-27.0,-27.0,2025,2025 AYC Fall Regatta,1.0,,,,,,,https://yachtscoring.com/event_scratch_sheet/50455,https://yachtscoring.com/boatdetail/50455/514072,Additional scratch-sheet entry hosted by American Yacht Club. Included because reported length is at least 28 ft. Scratch-sheet entry sequence: 2.. Result fields were not added because this import is based on the entry sheet.,,,,,,,,,,,,,,,
50455,AYC Fall Regatta,2025,Not shown on scratch-sheet page,South Course | PHRF,South Course,Fall Series (10/4-5) Coastal Racing - PHRF 2 - Spinnaker,,38,0,Fall Series (10/4-5) Coastal Racing - PHRF 2 - Spinnaker,,ENTRY ONLY,,,,cougar,Cougar,USA 4900,J/160,53 Ft,Leonard Sitar,Storm Trysail Club / American Yacht Club / New York Yacht Club / Cruising Club of America,"Holmdel, NJ, USA",PHRF,ToD / ToT,-3.0,-3.0,2025,2025 AYC Fall Regatta,1.0,,,,,,,https://yachtscoring.com/event_scratch_sheet/50455,https://yachtscoring.com/boatdetail/50455/515655,Additional scratch-sheet entry hosted by American Yacht Club. Included because reported length is at least 28 ft. Scratch-sheet entry sequence: 3.. Result fields were not added because this import is based on the entry sheet.,303392000,303392000,COUGAR,Not provided in export,Sailing,16.0,4.0,,Not provided in export,2026-09-04T13:01:38.926Z,2026-09-05T11:23:34.441Z,1509.0,High,"Exact normalized name match, compatible AIS vessel type, and compatible reported length.",Attached AIS_EVENTS_RAW.csv
50455,AYC Fall Regatta,2025,Not shown on scratch-sheet page,South Course | PHRF,South Course,Fall Series (10/4-5) Coastal Racing - PHRF 2 - Spinnaker,,38,0,Fall Series (10/4-5) Coastal Racing - PHRF 2 - Spinnaker,,ENTRY ONLY,,,,jules,Jules,USA 52300,Baltic 52,52.5 Ft,Thomas Dunn,Belle Haven Club / New York Yacht Club,"Greenwich, CT, USA",PHRF,ToD / ToT,12.0,12.0,2025,2025 AYC Fall Regatta,1.0,,,,,,,https://yachtscoring.com/event_scratch_sheet/50455,https://yachtscoring.com/boatdetail/50455/515268,Additional scratch-sheet entry hosted by American Yacht Club. Included because reported length is at least 28 ft. Scratch-sheet entry sequence: 4.. Result fields were not added because this import is based on the entry sheet.,,,,,,,,,,,,,,,
50455,AYC Fall Regatta,2025,Not shown on scratch-sheet page,South Course | PHRF,South Course,Fall Series (10/4-5) Coastal Racing - PHRF 2 - Spinnaker,,38,0,Fall Series (10/4-5) Coastal Racing - PHRF 2 - Spinnaker,,ENTRY ONLY,,,,max,Max,USA 75050,Pogo 50,50 Ft,Moritz Hilf,New York Yacht Club,"New York, NY, USA",PHRF,ToD / ToT,-18.0,-18.0,2025,2025 AYC Fall Regatta,1.0,,,,,,,https://yachtscoring.com/event_scratch_sheet/50455,https://yachtscoring.com/boatdetail/50455/515599,Additional scratch-sheet entry hosted by American Yacht Club. Included because reported length is at least 28 ft. Scratch-sheet entry sequence: 5.. Result fields were not added because this import is based on the entry sheet.,368146320,368146320,MAX,Not provided in export,Sailing,15.0,5.0,,Not provided in export,2026-09-04T12:38:38.982Z,2026-09-05T10:31:55.796Z,1238.0,High,"Exact normalized name match, compatible AIS vessel type, and compatible reported length.",Attached AIS_EVENTS_RAW.csv
50455,AYC Fall Regatta,2025,Not shown on scratch-sheet page,South Course | PHRF,South Course,Fall Series (10/4-5) Coastal Racing - PHRF 3 - Spinnaker,,38,0,Fall Series (10/4-5) Coastal Racing - PHRF 3 - Spinnaker,,ENTRY ONLY,,,,hamburgii,Hamburg II,USA 51709,J/46,46 Ft,Albrecht Goethe,Lakewood Yacht Club / Storm Trysail Club,"Seabrook, TX, USA",PHRF,ToD / ToT,33.0,33.0,2025,2025 AYC Fall Regatta,1.0,,,,,,,https://yachtscoring.com/event_scratch_sheet/50455,https://yachtscoring.com/boatdetail/50455/514937,Additional scratch-sheet entry hosted by American Yacht Club. Included because reported length is at least 28 ft. Scratch-sheet entry sequence: 1.. Result fields were not added because this import is based on the entry sheet.,366947050,366947050,HAMBURG II,Not provided in export,Sailing,14.0,4.0,,Not provided in export,2026-09-04T15:44:45.213Z,2026-09-05T11:43:37.498Z,2272.0,High,"Exact normalized name match, compatible AIS vessel type, and compatible reported length.",Attached AIS_EVENTS_RAW.csv
50455,AYC Fall Regatta,2025,Not shown on scratch-sheet page,South Course | PHRF,South Course,Fall Series (10/4-5) Coastal Racing - PHRF 3 - Spinnaker,,38,0,Fall Series (10/4-5) Coastal Racing - PHRF 3 - Spinnaker,,ENTRY ONLY,,,,mayniac,Mayniac,USA 259,Fareast 28R,28 Ft,Bryce May,Black Rock Yacht Club,"Fairfield, CT, USA",PHRF,ToD / ToT,60.0,60.0,2025,2025 AYC Fall Regatta,1.0,,,,,,,https://yachtscoring.com/event_scratch_sheet/50455,https://yachtscoring.com/boatdetail/50455/515232,Additional scratch-sheet entry hosted by American Yacht Club. Included because reported length is at least 28 ft. Scratch-sheet entry sequence: 2.. Result fields were not added because this import is based on the entry sheet.,,,,,,,,,,,,,,,
50455,AYC Fall Regatta,2025,Not shown on scratch-sheet page,South Course | PHRF,South Course,Fall Series (10/4-5) Coastal Racing - PHRF 3 - Spinnaker,,38,0,Fall Series (10/4-5) Coastal Racing - PHRF 3 - Spinnaker,,ENTRY ONLY,,,,muskoka,Muskoka,USA 60293,Hanse 545,53 Ft,Neil Hindle,American Yacht Club,"Pelham Manor, NY, USA",PHRF,ToD / ToT,30.0,30.0,2025,2025 AYC Fall Regatta,1.0,,,,,,,https://yachtscoring.com/event_scratch_sheet/50455,https://yachtscoring.com/boatdetail/50455/515351,Additional scratch-sheet entry hosted by American Yacht Club. Included because reported length is at least 28 ft. Scratch-sheet entry sequence: 3.. Result fields were not added because this import is based on the entry sheet.,367651690,367651690,MUSKOKA,Not provided in export,Sailing,16.0,5.0,,Not provided in export,2026-09-04T10:25:16.427Z,2026-09-07T13:29:54.931Z,593.0,High,"Exact normalized name match, compatible AIS vessel type, and compatible reported length.",Attached AIS_EVENTS_RAW.csv
50455,AYC Fall Regatta,2025,Not shown on scratch-sheet page,South Course | PHRF,South Course,Fall Series (10/4-5) Coastal Racing - PHRF 3 - Spinnaker,,38,0,Fall Series (10/4-5) Coastal Racing - PHRF 3 - Spinnaker,,ENTRY ONLY,,,,scylla,Scylla,USA 60739,Dehler 46,47 Ft,Markus Lahrkamp,American Yacht Club,"Rye, NY, USA",PHRF,ToD / ToT,24.0,24.0,2025,2025 AYC Fall Regatta,1.0,,,,,,,https://yachtscoring.com/event_scratch_sheet/50455,https://yachtscoring.com/boatdetail/50455/515725,Additional scratch-sheet entry hosted by American Yacht Club. Included because reported length is at least 28 ft. Scratch-sheet entry sequence: 4.. Result fields were not added because this import is based on the entry sheet.,,,,,,,,,,,,,,,
50455,AYC Fall Regatta,2025,Not shown on scratch-sheet page,South Course | PHRF,South Course,Fall Series (10/4-5) Coastal Racing - PHRF 3 - Spinnaker,,38,0,Fall Series (10/4-5) Coastal Racing - PHRF 3 - Spinnaker,,ENTRY ONLY,,,,stormypetrel,Stormy Petrel,CGA-3,USCG Leadership 44,44 Ft,USCGA Sailing,US Coast Guard Academy Sailing,"New London, CT, USA",PHRF,ToD / ToT,57.0,57.0,2025,2025 AYC Fall Regatta,1.0,,,,,,,https://yachtscoring.com/event_scratch_sheet/50455,https://yachtscoring.com/boatdetail/50455/514928,Additional scratch-sheet entry hosted by American Yacht Club. Included because reported length is at least 28 ft. Scratch-sheet entry sequence: 5.. Result fields were not added because this import is based on the entry sheet.,,,,,,,,,,,,,,,
50455,AYC Fall Regatta,2025,Not shown on scratch-sheet page,South Course | PHRF,South Course,Fall Series (10/4-5) Coastal Racing - PHRF 3 - Spinnaker,,38,0,Fall Series (10/4-5) Coastal Racing - PHRF 3 - Spinnaker,,ENTRY ONLY,,,,teal,TEAL,USA 113,Henderson 30,30 Ft,Lily & Jeffrey Tyrrel,Storm Trysail Club / Musket Cove Yacht Club,"Scarsdale, NY, USA",PHRF,ToD / ToT,42.0,42.0,2025,2025 AYC Fall Regatta,1.0,,,,,,,https://yachtscoring.com/event_scratch_sheet/50455,https://yachtscoring.com/boatdetail/50455/515572,Additional scratch-sheet entry hosted by American Yacht Club. Included because reported length is at least 28 ft. Scratch-sheet entry sequence: 6.. Result fields were not added because this import is based on the entry sheet.,,,,,,,,,,,,,,,
50455,AYC Fall Regatta,2025,Not shown on scratch-sheet page,South Course | PHRF,South Course,Fall Series (10/4-5) Coastal Racing - PHRF 3 - Spinnaker,,38,0,Fall Series (10/4-5) Coastal Racing - PHRF 3 - Spinnaker,,ENTRY ONLY,,,,tenebrae,Tenebrae,USA 52400,J/124,40.7 Ft,William Ingraham,Larchmont Yacht Club / Storm Trysail Club,"Larchmont, NY, USA",PHRF,ToD / ToT,39.0,39.0,2025,2025 AYC Fall Regatta,1.0,,,,,,,https://yachtscoring.com/event_scratch_sheet/50455,https://yachtscoring.com/boatdetail/50455/515867,Additional scratch-sheet entry hosted by American Yacht Club. Included because reported length is at least 28 ft. Scratch-sheet entry sequence: 7.. Result fields were not added because this import is based on the entry sheet.,368034190,368034190,TENEBRAE,Not provided in export,Sailing,12.0,4.0,,Not provided in export,2026-09-06T15:51:43.582Z,2026-09-06T17:20:28.681Z,210.0,High,"Exact normalized name match, compatible AIS vessel type, and compatible reported length.",Attached AIS_EVENTS_RAW.csv
50455,AYC Fall Regatta,2025,Not shown on scratch-sheet page,South Course | PHRF,South Course,Fall Series (10/4-5) Coastal Racing - PHRF 4 - Spinnaker,,38,0,Fall Series (10/4-5) Coastal Racing - PHRF 4 - Spinnaker,,ENTRY ONLY,,,,attractivenuisance,Attractive Nuisance,77287,Olson 30,30 Ft,Jonathan Nye,Indian Harbor Yacht Club / Storm Trysail Club,"Stamford, CT, USA",PHRF,ToD / ToT,105.0,105.0,2025,2025 AYC Fall Regatta,1.0,,,,,,,https://yachtscoring.com/event_scratch_sheet/50455,https://yachtscoring.com/boatdetail/50455/515374,Additional scratch-sheet entry hosted by American Yacht Club. Included because reported length is at least 28 ft. Scratch-sheet entry sequence: 1.. Result fields were not added because this import is based on the entry sheet.,,,,,,,,,,,,,,,
50455,AYC Fall Regatta,2025,Not shown on scratch-sheet page,South Course | PHRF,South Course,Fall Series (10/4-5) Coastal Racing - PHRF 4 - Spinnaker,,38,0,Fall Series (10/4-5) Coastal Racing - PHRF 4 - Spinnaker,,ENTRY ONLY,,,,cathexis,Cathexis,USA 114,X382,38 Ft,Bryan & Kara Schapperle,Norwalk Yacht Club / New York Yacht Club,"Wilton, CT, USA",PHRF,ToD / ToT,81.0,81.0,2025,2025 AYC Fall Regatta,1.0,,,,,,,https://yachtscoring.com/event_scratch_sheet/50455,https://yachtscoring.com/boatdetail/50455/513640,Additional scratch-sheet entry hosted by American Yacht Club. Included because reported length is at least 28 ft. Scratch-sheet entry sequence: 2.. Result fields were not added because this import is based on the entry sheet.,338249654,338249654,CATHEXIS,Not provided in export,Sailing,12.0,3.0,,Not provided in export,2026-09-04T13:01:41.57Z,2026-09-04T20:39:25.763Z,284.0,High,"Exact normalized name match, compatible AIS vessel type, and compatible reported length.",Attached AIS_EVENTS_RAW.csv
50455,AYC Fall Regatta,2025,Not shown on scratch-sheet page,South Course | PHRF,South Course,Fall Series (10/4-5) Coastal Racing - PHRF 4 - Spinnaker,,38,0,Fall Series (10/4-5) Coastal Racing - PHRF 4 - Spinnaker,,ENTRY ONLY,,,,coconspirator,Co-Conspirator,USA 48,J/33,33 Ft,Matt Roleke & Trace Dittenhofer,Toms River Yacht Club,"Jersey City, NJ, USA",PHRF,ToD / ToT,81.0,81.0,2025,2025 AYC Fall Regatta,1.0,,,,,,,https://yachtscoring.com/event_scratch_sheet/50455,https://yachtscoring.com/boatdetail/50455/515097,Additional scratch-sheet entry hosted by American Yacht Club. Included because reported length is at least 28 ft. Scratch-sheet entry sequence: 3.. Result fields were not added because this import is based on the entry sheet.,,,,,,,,,,,,,,,
50455,AYC Fall Regatta,2025,Not shown on scratch-sheet page,South Course | PHRF,South Course,Fall Series (10/4-5) Coastal Racing - PHRF 4 - Spinnaker,,38,0,Fall Series (10/4-5) Coastal Racing - PHRF 4 - Spinnaker,,ENTRY ONLY,,,,gremlin,Gremlin,43564,Tripp 36,36 Ft,Erik Haakonsen,Cedar Point Yacht Club,"Fairfield, CT, USA",PHRF,ToD / ToT,75.0,75.0,2025,2025 AYC Fall Regatta,1.0,,,,,,,https://yachtscoring.com/event_scratch_sheet/50455,https://yachtscoring.com/boatdetail/50455/514249,Additional scratch-sheet entry hosted by American Yacht Club. Included because reported length is at least 28 ft. Scratch-sheet entry sequence: 4.. Result fields were not added because this import is based on the entry sheet.,,,,,,,,,,,,,,,
50455,AYC Fall Regatta,2025,Not shown on scratch-sheet page,South Course | PHRF,South Course,Fall Series (10/4-5) Coastal Racing - PHRF 4 - Spinnaker,,38,0,Fall Series (10/4-5) Coastal Racing - PHRF 4 - Spinnaker,,ENTRY ONLY,,,,onetoomany,One Too Many,USA 17,J/88,29 Ft,Lawrence Cutler / Andrew Weiss,Storm Trysail Club,"Mamaroneck, NY, USA",PHRF,ToD / ToT,78.0,78.0,2025,2025 AYC Fall Regatta,1.0,,,,,,,https://yachtscoring.com/event_scratch_sheet/50455,https://yachtscoring.com/boatdetail/50455/515420,Additional scratch-sheet entry hosted by American Yacht Club. Included because reported length is at least 28 ft. Scratch-sheet entry sequence: 5.. Result fields were not added because this import is based on the entry sheet.,,,,,,,,,,,,,,,
50455,AYC Fall Regatta,2025,Not shown on scratch-sheet page,South Course | PHRF,South Course,Fall Series (10/4-5) Coastal Racing - PHRF 4 - Spinnaker,,38,0,Fall Series (10/4-5) Coastal Racing - PHRF 4 - Spinnaker,,ENTRY ONLY,,,,sanguine,Sanguine,USA 100,J/100,32.8 Ft,Steven Landy / Derek Soohoo,City Island Yacht Club,"Armonk, NY, USA",PHRF,ToD / ToT,87.0,87.0,2025,2025 AYC Fall Regatta,1.0,,,,,,,https://yachtscoring.com/event_scratch_sheet/50455,https://yachtscoring.com/boatdetail/50455/515476,Additional scratch-sheet entry hosted by American Yacht Club. Included because reported length is at least 28 ft. Scratch-sheet entry sequence: 6.. Result fields were not added because this import is based on the entry sheet.,,,,,,,,,,,,,,,
50455,AYC Fall Regatta,2025,Not shown on scratch-sheet page,South Course | PHRF,South Course,Fall Series (10/4-5) Coastal Racing - PHRF 4 - Spinnaker,,38,0,Fall Series (10/4-5) Coastal Racing - PHRF 4 - Spinnaker,,ENTRY ONLY,,,,savethesound,Save the Sound,USA 167,J/99,32 Ft,Douglas McKeige,American Yacht Club,"Mamaroneck, NY, USA",PHRF,ToD / ToT,69.0,69.0,2025,2025 AYC Fall Regatta,1.0,,,,,,,https://yachtscoring.com/event_scratch_sheet/50455,https://yachtscoring.com/boatdetail/50455/514694,Additional scratch-sheet entry hosted by American Yacht Club. Included because reported length is at least 28 ft. Scratch-sheet entry sequence: 7.. Result fields were not added because this import is based on the entry sheet.,338535733,338535733,SAVE THE SOUND,Not provided in export,Pleasure,10.0,2.0,,Not provided in export,2026-09-04T13:01:48.836Z,2026-09-05T12:07:47.921Z,164.0,High,"Exact normalized name match, compatible AIS vessel type, and compatible reported length.",Attached AIS_EVENTS_RAW.csv
50455,AYC Fall Regatta,2025,Not shown on scratch-sheet page,South Course | PHRF,South Course,Fall Series (10/4-5) Coastal Racing - PHRF 4 - Spinnaker,,38,0,Fall Series (10/4-5) Coastal Racing - PHRF 4 - Spinnaker,,ENTRY ONLY,,,,spiritof76,Spirit of '76,USA 67,C&C 115,37.70 Ft,Alan Borst,American Yacht Club,"Mamaroneck, NY, USA",PHRF,ToD / ToT,75.0,75.0,2025,2025 AYC Fall Regatta,1.0,,,,,,,https://yachtscoring.com/event_scratch_sheet/50455,https://yachtscoring.com/boatdetail/50455/515447,Additional scratch-sheet entry hosted by American Yacht Club. Included because reported length is at least 28 ft. Scratch-sheet entry sequence: 9.. Result fields were not added because this import is based on the entry sheet.,,,,,,,,,,,,,,,
50455,AYC Fall Regatta,2025,Not shown on scratch-sheet page,South Course | PHRF,South Course,Fall Series (10/4-5) Coastal Racing - PHRF 4 - Spinnaker,,38,0,Fall Series (10/4-5) Coastal Racing - PHRF 4 - Spinnaker,,ENTRY ONLY,,,,sur,Sur,USA 121,J/99,32.6 Ft,Alejandro Della Valle,Larchmont Yacht Club,"New York, NY, USA",PHRF,ToD / ToT,72.0,72.0,2025,2025 AYC Fall Regatta,1.0,,,,,,,https://yachtscoring.com/event_scratch_sheet/50455,https://yachtscoring.com/boatdetail/50455/515898,Additional scratch-sheet entry hosted by American Yacht Club. Included because reported length is at least 28 ft. Scratch-sheet entry sequence: 10.. Result fields were not added because this import is based on the entry sheet.,,,,,,,,,,,,,,,
50455,AYC Fall Regatta,2025,Not shown on scratch-sheet page,South Course | PHRF,South Course,Fall Series (10/4-5) Coastal Racing - PHRF 4 - Spinnaker,,38,0,Fall Series (10/4-5) Coastal Racing - PHRF 4 - Spinnaker,,ENTRY ONLY,,,,thinman,Thin Man,USA 24,J/99,32.6 Ft,Todd Aven,City Island Yacht Club / Storm Trysail Club,"Brooklyn, NY, USA",PHRF,ToD / ToT,72.0,72.0,2025,2025 AYC Fall Regatta,1.0,,,,,,,https://yachtscoring.com/event_scratch_sheet/50455,https://yachtscoring.com/boatdetail/50455/514747,Additional scratch-sheet entry hosted by American Yacht Club. Included because reported length is at least 28 ft. Scratch-sheet entry sequence: 11.. Result fields were not added because this import is based on the entry sheet.,368114910,368114910,THIN MAN,Not provided in export,Sailing,10.0,4.0,,Not provided in export,2026-09-04T12:42:09.782Z,2026-09-05T12:28:11.623Z,2454.0,High,"Exact normalized name match, compatible AIS vessel type, and compatible reported length.",Attached AIS_EVENTS_RAW.csv
50455,AYC Fall Regatta,2025,Not shown on scratch-sheet page,South Course | PHRF,South Course,Fall Series (10/4-5) Coastal Racing - PHRF 5 - Non-Spinnaker Doublehanded,,38,0,Fall Series (10/4-5) Coastal Racing - PHRF 5 - Non-Spinnaker Doublehanded,,ENTRY ONLY,,,,byte,byte,USA 12424,Sun Fast 3300,32.8 Ft,Robert & Libby Alexander,American Yacht Club,"Rye, NY, USA",PHRF,ToD / ToT,63.0,63.0,2025,2025 AYC Fall Regatta,1.0,,,,,,,https://yachtscoring.com/event_scratch_sheet/50455,https://yachtscoring.com/boatdetail/50455/513991,Additional scratch-sheet entry hosted by American Yacht Club. Included because reported length is at least 28 ft. Scratch-sheet entry sequence: 1.. Result fields were not added because this import is based on the entry sheet.,,,,,,,,,,,,,,,
50455,AYC Fall Regatta,2025,Not shown on scratch-sheet page,South Course | PHRF,South Course,Fall Series (10/4-5) Coastal Racing - PHRF 5 - Non-Spinnaker Doublehanded,,38,0,Fall Series (10/4-5) Coastal Racing - PHRF 5 - Non-Spinnaker Doublehanded,,ENTRY ONLY,,,,delirium,Delirium,USA 41123,Beneteau Oceanis 41.1,41 Ft,Erik Graber / Matthew Joseph,American Yacht Club,"Harrison, NY, USA",PHRF,ToD / ToT,129.0,129.0,2025,2025 AYC Fall Regatta,1.0,,,,,,,https://yachtscoring.com/event_scratch_sheet/50455,https://yachtscoring.com/boatdetail/50455/514824,Additional scratch-sheet entry hosted by American Yacht Club. Included because reported length is at least 28 ft. Scratch-sheet entry sequence: 2.. Result fields were not added because this import is based on the entry sheet.,338391426,338391426,DELIRIUM,Not provided in export,Sailing,13.0,4.0,,Not provided in export,2026-09-04T00:05:38.056Z,2026-09-07T14:36:01.282Z,718.0,High,"Exact normalized name match, compatible AIS vessel type, and compatible reported length.",Attached AIS_EVENTS_RAW.csv
50455,AYC Fall Regatta,2025,Not shown on scratch-sheet page,South Course | PHRF,South Course,Fall Series (10/4-5) Coastal Racing - PHRF 5 - Non-Spinnaker Doublehanded,,38,0,Fall Series (10/4-5) Coastal Racing - PHRF 5 - Non-Spinnaker Doublehanded,,ENTRY ONLY,,,,nostromino,Nostromino,USA 10009,Wally Nano,37 Ft,Peter Gruber,American Yacht Club,"Stamford, CT, USA",PHRF,ToD / ToT,63.0,63.0,2025,2025 AYC Fall Regatta,1.0,,,,,,,https://yachtscoring.com/event_scratch_sheet/50455,https://yachtscoring.com/boatdetail/50455/514221,Additional scratch-sheet entry hosted by American Yacht Club. Included because reported length is at least 28 ft. Scratch-sheet entry sequence: 3.. Result fields were not added because this import is based on the entry sheet.,,,,,,,,,,,,,,,
50455,AYC Fall Regatta,2025,Not shown on scratch-sheet page,South Course | PHRF,South Course,Fall Series (10/4-5) Coastal Racing - PHRF 6 - Non-Spinnaker J/100,,38,0,Fall Series (10/4-5) Coastal Racing - PHRF 6 - Non-Spinnaker J/100,,ENTRY ONLY,,,,blackcombvalour,Blackcomb/Valour,USA 30,J/100,32.8 Ft,Lisl Dunlop / Paula Schaefer / Giff Constable,American Yacht Club,"Rye, NY, USA",PHRF,ToD / ToT,93.0,93.0,2025,2025 AYC Fall Regatta,1.0,,,,,,,https://yachtscoring.com/event_scratch_sheet/50455,https://yachtscoring.com/boatdetail/50455/514196,Additional scratch-sheet entry hosted by American Yacht Club. Included because reported length is at least 28 ft. Scratch-sheet entry sequence: 1.. Result fields were not added because this import is based on the entry sheet.,,,,,,,,,,,,,,,
50455,AYC Fall Regatta,2025,Not shown on scratch-sheet page,South Course | PHRF,South Course,Fall Series (10/4-5) Coastal Racing - PHRF 6 - Non-Spinnaker J/100,,38,0,Fall Series (10/4-5) Coastal Racing - PHRF 6 - Non-Spinnaker J/100,,ENTRY ONLY,,,,bluefin,Bluefin,USA 111,J/100,32.8 Ft,Tom Boyle / Bob Clyatt / Doug McKeige,American Yacht Club,"Greenwich, CT, USA",PHRF,ToD / ToT,93.0,93.0,2025,2025 AYC Fall Regatta,1.0,,,,,,,https://yachtscoring.com/event_scratch_sheet/50455,https://yachtscoring.com/boatdetail/50455/514905,Additional scratch-sheet entry hosted by American Yacht Club. Included because reported length is at least 28 ft. Scratch-sheet entry sequence: 2.. Result fields were not added because this import is based on the entry sheet.,338390411,338390411,BLUEFIN,Not provided in export,Pleasure,13.0,5.0,,Not provided in export,2026-09-05T02:18:17.44Z,2026-09-06T04:15:17.815Z,171.0,Low,"Exact normalized name match, but AIS reported length or type conflicts with the race entry.",Attached AIS_EVENTS_RAW.csv
50455,AYC Fall Regatta,2025,Not shown on scratch-sheet page,South Course | PHRF,South Course,Fall Series (10/4-5) Coastal Racing - PHRF 6 - Non-Spinnaker J/100,,38,0,Fall Series (10/4-5) Coastal Racing - PHRF 6 - Non-Spinnaker J/100,,ENTRY ONLY,,,,freedom,Freedom,USA 126,J/100,32.8 Ft,Drew Fung / Barry Gold / Pat Jakobson,American Yacht Club,"Rye, NY, USA",PHRF,ToD / ToT,93.0,93.0,2025,2025 AYC Fall Regatta,1.0,,,,,,,https://yachtscoring.com/event_scratch_sheet/50455,https://yachtscoring.com/boatdetail/50455/513648,Additional scratch-sheet entry hosted by American Yacht Club. Included because reported length is at least 28 ft. Scratch-sheet entry sequence: 3.. Result fields were not added because this import is based on the entry sheet.,338399528; 338487573; 338557535,338399528; 338487573; 338557535,FREEDOM,Not provided in export,Pleasure,14.0,4.0,,Not provided in export,2026-09-04T16:13:59.785Z,2026-09-06T07:52:23.027Z,737.0,Low,"Exact normalized name matched multiple AIS MMSIs; verify using dimensions, owner, or callsign.",Attached AIS_EVENTS_RAW.csv
50455,AYC Fall Regatta,2025,Not shown on scratch-sheet page,South Course | PHRF,South Course,Fall Series (10/4-5) Coastal Racing - PHRF 6 - Non-Spinnaker J/100,,38,0,Fall Series (10/4-5) Coastal Racing - PHRF 6 - Non-Spinnaker J/100,,ENTRY ONLY,,,,greyowl,Grey Owl,USA 36,J/100,32.8 Ft,John Ford,American Yacht Club,"Rye, NY, USA",PHRF,ToD / ToT,93.0,93.0,2025,2025 AYC Fall Regatta,1.0,,,,,,,https://yachtscoring.com/event_scratch_sheet/50455,https://yachtscoring.com/boatdetail/50455/515663,Additional scratch-sheet entry hosted by American Yacht Club. Included because reported length is at least 28 ft. Scratch-sheet entry sequence: 4.. Result fields were not added because this import is based on the entry sheet.,,,,,,,,,,,,,,,
50455,AYC Fall Regatta,2025,Not shown on scratch-sheet page,South Course | PHRF,South Course,Fall Series (10/4-5) Coastal Racing - PHRF 6 - Non-Spinnaker J/100,,38,0,Fall Series (10/4-5) Coastal Racing - PHRF 6 - Non-Spinnaker J/100,,ENTRY ONLY,,,,resolute,Resolute,USA 65,J/100,32.8 Ft,Scott MacVicar / Brad Parish,American Yacht Club,"Rye, NY, USA",PHRF,ToD / ToT,93.0,93.0,2025,2025 AYC Fall Regatta,1.0,,,,,,,https://yachtscoring.com/event_scratch_sheet/50455,https://yachtscoring.com/boatdetail/50455/515597,Additional scratch-sheet entry hosted by American Yacht Club. Included because reported length is at least 28 ft. Scratch-sheet entry sequence: 5.. Result fields were not added because this import is based on the entry sheet.,367091630,367091630,RESOLUTE,Not provided in export,Tug,30.0,10.0,5.0,Not provided in export,2026-09-04T18:40:14.464Z,2026-09-07T11:42:35.33Z,2793.0,Low,"Exact normalized name match, but AIS reported length or type conflicts with the race entry.",Attached AIS_EVENTS_RAW.csv
50455,AYC Fall Regatta,2025,Not shown on scratch-sheet page,South Course | PHRF,South Course,Fall Series (10/4-5) Coastal Racing - PHRF 6 - Non-Spinnaker J/100,,38,0,Fall Series (10/4-5) Coastal Racing - PHRF 6 - Non-Spinnaker J/100,,ENTRY ONLY,,,,saltire,Saltire,USA 68,J/100,32.8 Ft,John & Corinne Forster,American Yacht Club,"Rye, NY, USA",PHRF,ToD / ToT,93.0,93.0,2025,2025 AYC Fall Regatta,1.0,,,,,,,https://yachtscoring.com/event_scratch_sheet/50455,https://yachtscoring.com/boatdetail/50455/514048,Additional scratch-sheet entry hosted by American Yacht Club. Included because reported length is at least 28 ft. Scratch-sheet entry sequence: 6.. Result fields were not added because this import is based on the entry sheet.,,,,,,,,,,,,,,,
50455,AYC Fall Regatta,2025,Not shown on scratch-sheet page,South Course | PHRF,South Course,Fall Series (10/4-5) Coastal Racing - PHRF 7 - Non-Spinnaker,,38,0,Fall Series (10/4-5) Coastal Racing - PHRF 7 - Non-Spinnaker,,ENTRY ONLY,,,,andante,Andante,USA 24500,Hanse 315,31.6 Ft,Ray Beeler & Joanne Douvas,American Yacht Club,"Pelham, NY, USA",PHRF,ToD / ToT,138.0,138.0,2025,2025 AYC Fall Regatta,1.0,,,,,,,https://yachtscoring.com/event_scratch_sheet/50455,https://yachtscoring.com/boatdetail/50455/514200,Additional scratch-sheet entry hosted by American Yacht Club. Included because reported length is at least 28 ft. Scratch-sheet entry sequence: 1.. Result fields were not added because this import is based on the entry sheet.,,,,,,,,,,,,,,,
50455,AYC Fall Regatta,2025,Not shown on scratch-sheet page,South Course | PHRF,South Course,Fall Series (10/4-5) Coastal Racing - PHRF 7 - Non-Spinnaker,,38,0,Fall Series (10/4-5) Coastal Racing - PHRF 7 - Non-Spinnaker,,ENTRY ONLY,,,,badger,Badger,USA 439,Jeanneau Sun Odyssey 439,43.8 Ft,Edward Casal,American Yacht Club,"Harrison, NY, USA",PHRF,ToD / ToT,129.0,129.0,2025,2025 AYC Fall Regatta,1.0,,,,,,,https://yachtscoring.com/event_scratch_sheet/50455,https://yachtscoring.com/boatdetail/50455/515237,Additional scratch-sheet entry hosted by American Yacht Club. Included because reported length is at least 28 ft. Scratch-sheet entry sequence: 2.. Result fields were not added because this import is based on the entry sheet.,367770360,367770360,BADGER,Not provided in export,Sailing,13.0,4.0,,Not provided in export,2026-09-04T00:04:44.121Z,2026-09-07T14:34:29.31Z,747.0,High,"Exact normalized name match, compatible AIS vessel type, and compatible reported length.",Attached AIS_EVENTS_RAW.csv
50455,AYC Fall Regatta,2025,Not shown on scratch-sheet page,South Course | PHRF,South Course,Fall Series (10/4-5) Coastal Racing - PHRF 7 - Non-Spinnaker,,38,0,Fall Series (10/4-5) Coastal Racing - PHRF 7 - Non-Spinnaker,,ENTRY ONLY,,,,impulse,Impulse,USA 52463,O'Day 39,39 Ft,Len Di Iorio,Huguenot Yacht Club,"New Rochelle, NY, USA",PHRF,ToD / ToT,138.0,138.0,2025,2025 AYC Fall Regatta,1.0,,,,,,,https://yachtscoring.com/event_scratch_sheet/50455,https://yachtscoring.com/boatdetail/50455/515520,Additional scratch-sheet entry hosted by American Yacht Club. Included because reported length is at least 28 ft. Scratch-sheet entry sequence: 3.. Result fields were not added because this import is based on the entry sheet.,369735000,369735000,IMPULSE,Not provided in export,Pleasure,27.0,6.0,,Not provided in export,2026-09-04T23:45:18.035Z,2026-09-06T06:50:03.447Z,459.0,Low,"Exact normalized name match, but AIS reported length or type conflicts with the race entry.",Attached AIS_EVENTS_RAW.csv
50455,AYC Fall Regatta,2025,Not shown on scratch-sheet page,South Course | PHRF,South Course,Fall Series (10/4-5) Coastal Racing - PHRF 7 - Non-Spinnaker,,38,0,Fall Series (10/4-5) Coastal Racing - PHRF 7 - Non-Spinnaker,,ENTRY ONLY,,,,navigo,Navigo,84129,J/29,29 Ft,John Schwarten,Cedar Point Yacht Club,"Westport, CT, USA",PHRF,ToD / ToT,135.0,135.0,2025,2025 AYC Fall Regatta,1.0,,,,,,,https://yachtscoring.com/event_scratch_sheet/50455,https://yachtscoring.com/boatdetail/50455/514962,Additional scratch-sheet entry hosted by American Yacht Club. Included because reported length is at least 28 ft. Scratch-sheet entry sequence: 4.. Result fields were not added because this import is based on the entry sheet.,,,,,,,,,,,,,,,
50455,AYC Fall Regatta,2025,Not shown on scratch-sheet page,South Course | PHRF,South Course,Fall Series (10/4-5) Coastal Racing - PHRF 8 - Spinnaker,,38,0,Fall Series (10/4-5) Coastal Racing - PHRF 8 - Spinnaker,,ENTRY ONLY,,,,easyred,Easy Red,USA 92,J/92,30 Ft,Jon-Claude Zucconi,Indian Harbor Yacht Club,"Greenwich, CT, USA",PHRF,ToD / ToT,108.0,108.0,2025,2025 AYC Fall Regatta,1.0,,,,,,,https://yachtscoring.com/event_scratch_sheet/50455,https://yachtscoring.com/boatdetail/50455/514561,Additional scratch-sheet entry hosted by American Yacht Club. Included because reported length is at least 28 ft. Scratch-sheet entry sequence: 1.. Result fields were not added because this import is based on the entry sheet.,,,,,,,,,,,,,,,
50455,AYC Fall Regatta,2025,Not shown on scratch-sheet page,South Course | PHRF,South Course,Fall Series (10/4-5) Coastal Racing - PHRF 8 - Spinnaker,,38,0,Fall Series (10/4-5) Coastal Racing - PHRF 8 - Spinnaker,,ENTRY ONLY,,,,midnightrider,Midnight Rider - PMP Strategy,511,J/30,29.92 Ft,Denis Lafarge,,"New York, NY, USA",PHRF,ToD / ToT,138.0,138.0,2025,2025 AYC Fall Regatta,1.0,,,,,,,https://yachtscoring.com/event_scratch_sheet/50455,https://yachtscoring.com/boatdetail/50455/515525,Additional scratch-sheet entry hosted by American Yacht Club. Included because reported length is at least 28 ft. Scratch-sheet entry sequence: 2.. Result fields were not added because this import is based on the entry sheet.,338554109,338554109,MIDNIGHT RIDER,Not provided in export,Sailing,9.0,3.0,,Not provided in export,2026-09-04T00:03:26.939Z,2026-09-07T14:36:24.067Z,217379.0,High,"Exact normalized name match, compatible AIS vessel type, and compatible reported length.",Attached AIS_EVENTS_RAW.csv
50455,AYC Fall Regatta,2025,Not shown on scratch-sheet page,South Course | PHRF,South Course,Fall Series (10/4-5) Coastal Racing - PHRF 8 - Spinnaker,,38,0,Fall Series (10/4-5) Coastal Racing - PHRF 8 - Spinnaker,,ENTRY ONLY,,,,nantucket,Nantucket,37,Beneteau 37,37.7 Ft,George Braverman,YRALIS,"Rye, NY, USA",PHRF,ToD / ToT,156.0,156.0,2025,2025 AYC Fall Regatta,1.0,,,,,,,https://yachtscoring.com/event_scratch_sheet/50455,https://yachtscoring.com/boatdetail/50455/515402,Additional scratch-sheet entry hosted by American Yacht Club. Included because reported length is at least 28 ft. Scratch-sheet entry sequence: 3.. Result fields were not added because this import is based on the entry sheet.,,,,,,,,,,,,,,,
50077,AYC Spring Regatta,2025,Not shown on scratch-sheet page,East Course | ORC,East Course,ORC W/L,,7,0,ORC W/L,,ENTRY ONLY,,,,avalanche,Avalanche,GBR 20,Soto 40,40,Craig Albrecht,Port Washington Yacht Club,"Sea Cliff, NY, USA",ORC,APH,448.4,448.4,2025,2025 AYC Spring Regatta,1.0,,,,,,,https://yachtscoring.com/event_scratch_sheet/50077,https://yachtscoring.com/boatdetail/50077/504507,Additional scratch-sheet entry hosted by American Yacht Club. Included because reported length is at least 28 ft. Scratch-sheet entry sequence: 1.. Result fields were not added because this import is based on the entry sheet.,,,,,,,,,,,,,,,
50077,AYC Spring Regatta,2025,Not shown on scratch-sheet page,East Course | ORC,East Course,ORC W/L,,7,0,ORC W/L,,ENTRY ONLY,,,,christopherdragonxii,Christopher Dragon XII,USA 2277,Italia 11.98,38,Andrew & Linda Weiss,Storm Trysail Club / Larchmont Yacht Club,"Mamaroneck, NY, USA",ORC,APH,523.1,523.1,2025,2025 AYC Spring Regatta,1.0,,,,,,,https://yachtscoring.com/event_scratch_sheet/50077,https://yachtscoring.com/boatdetail/50077/502554,Additional scratch-sheet entry hosted by American Yacht Club. Included because reported length is at least 28 ft. Scratch-sheet entry sequence: 2.. Result fields were not added because this import is based on the entry sheet.,,,,,,,,,,,,,,,
50077,AYC Spring Regatta,2025,Not shown on scratch-sheet page,East Course | ORC,East Course,ORC W/L,,7,0,ORC W/L,,ENTRY ONLY,,,,eldiablo,El Diablo,USA 56600,Bolt 37,37,Robert Fryer,American Yacht Club / New York Yacht Club,"Cos Cob, CT, USA",ORC,APH,477.1,477.1,2025,2025 AYC Spring Regatta,1.0,,,,,,,https://yachtscoring.com/event_scratch_sheet/50077,https://yachtscoring.com/boatdetail/50077/503592,Additional scratch-sheet entry hosted by American Yacht Club. Included because reported length is at least 28 ft. Scratch-sheet entry sequence: 3.. Result fields were not added because this import is based on the entry sheet.,338554674,338554674,EL DIABLO,Not provided in export,Sailing,12.0,4.0,,Not provided in export,2026-09-04T13:01:46.91Z,2026-09-05T10:18:00.943Z,702.0,High,"Exact normalized name match, compatible AIS vessel type, and compatible reported length.",Attached AIS_EVENTS_RAW.csv
50077,AYC Spring Regatta,2025,Not shown on scratch-sheet page,East Course | ORC,East Course,ORC W/L,,7,0,ORC W/L,,ENTRY ONLY,,,,geminiii,Gemini II,USA 45454,Swan 45,45,James Coffman,Cedar Point Yacht Club / New York Yacht Club,"Norwalk, CT, USA",ORC,APH,468.7,468.7,2025,2025 AYC Spring Regatta,1.0,,,,,,,https://yachtscoring.com/event_scratch_sheet/50077,https://yachtscoring.com/boatdetail/50077/503591,Additional scratch-sheet entry hosted by American Yacht Club. Included because reported length is at least 28 ft. Scratch-sheet entry sequence: 4.. Result fields were not added because this import is based on the entry sheet.,367347940,367347940,GEMINI II,Not provided in export,Sailing,14.0,4.0,,Not provided in export,2026-09-04T15:46:00.758Z,2026-09-05T10:39:20.012Z,1136.0,High,"Exact normalized name match, compatible AIS vessel type, and compatible reported length.",Attached AIS_EVENTS_RAW.csv
50077,AYC Spring Regatta,2025,Not shown on scratch-sheet page,East Course | ORC,East Course,ORC W/L,,7,0,ORC W/L,,ENTRY ONLY,,,,phantom,Phantom,USA 60711,Xp 44,39,Chris Schoen,Larchmont Yacht Club,"Larchmont, NY, USA",ORC,APH,484.3,484.3,2025,2025 AYC Spring Regatta,1.0,,,,,,,https://yachtscoring.com/event_scratch_sheet/50077,https://yachtscoring.com/boatdetail/50077/504752,Additional scratch-sheet entry hosted by American Yacht Club. Included because reported length is at least 28 ft. Scratch-sheet entry sequence: 5.. Result fields were not added because this import is based on the entry sheet.,338242317; 368001170; 368077430,338242317; 368001170; 368077430,PHANTOM,Not provided in export,Sailing,13.0,4.0,,Not provided in export,2026-09-04T13:01:46.597Z,2026-09-05T18:18:29.753Z,1979.0,Low,"Exact normalized name matched multiple AIS MMSIs; verify using dimensions, owner, or callsign.",Attached AIS_EVENTS_RAW.csv
50077,AYC Spring Regatta,2025,Not shown on scratch-sheet page,East Course | ORC,East Course,ORC W/L,,7,0,ORC W/L,,ENTRY ONLY,,,,touchofgrey,Touch of Grey,USA 68750,J/121,40,Trevor Roach,Cedar Point Yacht Club,"Stamford, CT, USA",ORC,APH,488.7,488.7,2025,2025 AYC Spring Regatta,1.0,,,,,,,https://yachtscoring.com/event_scratch_sheet/50077,https://yachtscoring.com/boatdetail/50077/504395,Additional scratch-sheet entry hosted by American Yacht Club. Included because reported length is at least 28 ft. Scratch-sheet entry sequence: 6.. Result fields were not added because this import is based on the entry sheet.,,,,,,,,,,,,,,,
50077,AYC Spring Regatta,2025,Not shown on scratch-sheet page,East Course | ORC,East Course,ORC W/L,,7,0,ORC W/L,,ENTRY ONLY,,,,zammermoos,Zammermoos,US 4224,Club Swan 42,42,David Fass,New York Yacht Club,"Mamaroneck, NY, USA",ORC,APH,474.9,474.9,2025,2025 AYC Spring Regatta,1.0,,,,,,,https://yachtscoring.com/event_scratch_sheet/50077,https://yachtscoring.com/boatdetail/50077/503663,Additional scratch-sheet entry hosted by American Yacht Club. Included because reported length is at least 28 ft. Scratch-sheet entry sequence: 7.. Result fields were not added because this import is based on the entry sheet.,,,,,,,,,,,,,,,
50077,AYC Spring Regatta,2025,Not shown on scratch-sheet page,East Course | One Design,East Course,J/44,,10,0,J/44,,ENTRY ONLY,,,,beagle,Beagle,USA 4402,J/44,44.9,Willets Meyer,Seawanhaka Corinthian Yacht Club / Imperial Poona Yacht Club,"Oyster Bay, NY, USA",One Design,Rating,,,2025,2025 AYC Spring Regatta,1.0,,,,,,,https://yachtscoring.com/event_scratch_sheet/50077,https://yachtscoring.com/boatdetail/50077/504759,Additional scratch-sheet entry hosted by American Yacht Club. Included because reported length is at least 28 ft. Scratch-sheet entry sequence: 1.. Result fields were not added because this import is based on the entry sheet.,,,,,,,,,,,,,,,
50077,AYC Spring Regatta,2025,Not shown on scratch-sheet page,East Course | One Design,East Course,J/44,,10,0,J/44,,ENTRY ONLY,,,,comet,Comet,USA 4403,J/44,44.9,United States Merchant Marine Academy,Kings Point US Merchant Marine Academy,"Kings Point, NY, USA",One Design,Rating,,,2025,2025 AYC Spring Regatta,1.0,,,,,,,https://yachtscoring.com/event_scratch_sheet/50077,https://yachtscoring.com/boatdetail/50077/503653,Additional scratch-sheet entry hosted by American Yacht Club. Included because reported length is at least 28 ft. Scratch-sheet entry sequence: 2.. Result fields were not added because this import is based on the entry sheet.,,,,,,,,,,,,,,,
50077,AYC Spring Regatta,2025,Not shown on scratch-sheet page,East Course | One Design,East Course,J/44,,10,0,J/44,,ENTRY ONLY,,,,maxine,Maxine,USA 4405,J/44,44.9,William Ketcham,American Yacht Club / New York YC / Storm Trysail Club,"Greenwich, CT, USA",One Design,Rating,,,2025,2025 AYC Spring Regatta,1.0,,,,,,,https://yachtscoring.com/event_scratch_sheet/50077,https://yachtscoring.com/boatdetail/50077/504545,Additional scratch-sheet entry hosted by American Yacht Club. Included because reported length is at least 28 ft. Scratch-sheet entry sequence: 3.. Result fields were not added because this import is based on the entry sheet.,,,,,,,,,,,,,,,
50077,AYC Spring Regatta,2025,Not shown on scratch-sheet page,East Course | One Design,East Course,J/44,,10,0,J/44,,ENTRY ONLY,,,,palantir5,Palantir 5,USA 4404,J/44,44.9,June & Amanda Kendrick,Lloyd Harbor Yacht Club / Centerport Yacht Club / Storm Trysail Club / New York Yacht Club,"Huntington, NY, USA",One Design,Rating,,,2025,2025 AYC Spring Regatta,1.0,,,,,,,https://yachtscoring.com/event_scratch_sheet/50077,https://yachtscoring.com/boatdetail/50077/503472,Additional scratch-sheet entry hosted by American Yacht Club. Included because reported length is at least 28 ft. Scratch-sheet entry sequence: 4.. Result fields were not added because this import is based on the entry sheet.,,,,,,,,,,,,,,,
50077,AYC Spring Regatta,2025,Not shown on scratch-sheet page,East Course | One Design,East Course,J/44,,10,0,J/44,,ENTRY ONLY,,,,resolute,Resolute,USA 4401,J/44,44.9,Don & Rick Rave,Storm Trysail Club / Lloyd Harbor Yacht Club,"Huntington Bay, NY, USA",One Design,Rating,,,2025,2025 AYC Spring Regatta,1.0,,,,,,,https://yachtscoring.com/event_scratch_sheet/50077,https://yachtscoring.com/boatdetail/50077/503603,Additional scratch-sheet entry hosted by American Yacht Club. Included because reported length is at least 28 ft. Scratch-sheet entry sequence: 5.. Result fields were not added because this import is based on the entry sheet.,367091630,367091630,RESOLUTE,Not provided in export,Tug,30.0,10.0,5.0,Not provided in export,2026-09-04T18:40:14.464Z,2026-09-07T11:42:35.33Z,2793.0,Low,"Exact normalized name match, but AIS reported length or type conflicts with the race entry.",Attached AIS_EVENTS_RAW.csv
50077,AYC Spring Regatta,2025,Not shown on scratch-sheet page,East Course | One Design,East Course,J/105,,10,0,J/105,,ENTRY ONLY,,,,loulou,loulou,USA 334,J/105,34.5,Paul Beaudin,Harlem Yacht Club,"Harlem, NY, USA",One Design,Rating,,,2025,2025 AYC Spring Regatta,1.0,,,,,,,https://yachtscoring.com/event_scratch_sheet/50077,https://yachtscoring.com/boatdetail/50077/501927,Additional scratch-sheet entry hosted by American Yacht Club. Included because reported length is at least 28 ft. Scratch-sheet entry sequence: 1.. Result fields were not added because this import is based on the entry sheet.,,,,,,,,,,,,,,,
50077,AYC Spring Regatta,2025,Not shown on scratch-sheet page,East Course | One Design,East Course,J/105,,10,0,J/105,,ENTRY ONLY,,,,shakennotstirred,Shaken not Stirred,USA 225,J/105,34.5,Cristiano Ramponi Serrao,Riverside Yacht Club,"Old Greenwich, CT, USA",One Design,Rating,,,2025,2025 AYC Spring Regatta,1.0,,,,,,,https://yachtscoring.com/event_scratch_sheet/50077,https://yachtscoring.com/boatdetail/50077/504383,Additional scratch-sheet entry hosted by American Yacht Club. Included because reported length is at least 28 ft. Scratch-sheet entry sequence: 2.. Result fields were not added because this import is based on the entry sheet.,338372436,338372436,SHAKEN NOT STIRRED,Not provided in export,Pleasure,10.0,3.0,,Not provided in export,2026-09-06T14:48:23.415Z,2026-09-06T16:37:18.492Z,224.0,High,"Exact normalized name match, compatible AIS vessel type, and compatible reported length.",Attached AIS_EVENTS_RAW.csv
50077,AYC Spring Regatta,2025,Not shown on scratch-sheet page,East Course | One Design,East Course,J/105,,10,0,J/105,,ENTRY ONLY,,,,solution,Solution,USA 65,J/105,34.5,David Willis,Storm Trysail Club / Lloyd Harbor Yacht Club / Cruising Club of America / Centerport Yacht Club,"Huntington, NY, USA",One Design,Rating,,,2025,2025 AYC Spring Regatta,1.0,,,,,,,https://yachtscoring.com/event_scratch_sheet/50077,https://yachtscoring.com/boatdetail/50077/501932,Additional scratch-sheet entry hosted by American Yacht Club. Included because reported length is at least 28 ft. Scratch-sheet entry sequence: 3.. Result fields were not added because this import is based on the entry sheet.,,,,,,,,,,,,,,,
50077,AYC Spring Regatta,2025,Not shown on scratch-sheet page,East Course | One Design,East Course,J/88,,10,0,J/88,,ENTRY ONLY,,,,albondigas,Albondigas,USA 34,J/88,29,Justin Scagnelli,,"New York, NY, USA",One Design,Rating,,,2025,2025 AYC Spring Regatta,1.0,,,,,,,https://yachtscoring.com/event_scratch_sheet/50077,https://yachtscoring.com/boatdetail/50077/502120,Additional scratch-sheet entry hosted by American Yacht Club. Included because reported length is at least 28 ft. Scratch-sheet entry sequence: 1.. Result fields were not added because this import is based on the entry sheet.,,,,,,,,,,,,,,,
50077,AYC Spring Regatta,2025,Not shown on scratch-sheet page,East Course | One Design,East Course,J/88,,10,0,J/88,,ENTRY ONLY,,,,wildthing,Wild Thing,USA 110,J/88,29,Diego Sacristan,American Yacht Club,"Rye, NY, USA",One Design,Rating,,,2025,2025 AYC Spring Regatta,1.0,,,,,,,https://yachtscoring.com/event_scratch_sheet/50077,https://yachtscoring.com/boatdetail/50077/504710,Additional scratch-sheet entry hosted by American Yacht Club. Included because reported length is at least 28 ft. Scratch-sheet entry sequence: 2.. Result fields were not added because this import is based on the entry sheet.,,,,,,,,,,,,,,,
50077,AYC Spring Regatta,2025,Not shown on scratch-sheet page,South Course | PHRF,South Course,Coastal PHRF 1,,25,0,Coastal PHRF 1,,ENTRY ONLY,,,,aftermidnight,After Midnight,USA 1201,CTM 41,41,Paul Jeka,New York Yacht Club,"Atlantic Highlands, NJ, USA",PHRF,ToD / ToT,-27.0,-27.0,2025,2025 AYC Spring Regatta,1.0,,,,,,,https://yachtscoring.com/event_scratch_sheet/50077,https://yachtscoring.com/boatdetail/50077/502099,Additional scratch-sheet entry hosted by American Yacht Club. Included because reported length is at least 28 ft. Scratch-sheet entry sequence: 1.. Result fields were not added because this import is based on the entry sheet.,,,,,,,,,,,,,,,
50077,AYC Spring Regatta,2025,Not shown on scratch-sheet page,South Course | PHRF,South Course,Coastal PHRF 1,,25,0,Coastal PHRF 1,,ENTRY ONLY,,,,cougar,Cougar,USA 4900,J/160,53,Leonard Sitar,American Yacht Club / New York Yacht Club / Storm Trysail Club / Cruising Club of America,"Holmdel, NJ, USA",PHRF,ToD / ToT,-3.0,-3.0,2025,2025 AYC Spring Regatta,1.0,,,,,,,https://yachtscoring.com/event_scratch_sheet/50077,https://yachtscoring.com/boatdetail/50077/502565,Additional scratch-sheet entry hosted by American Yacht Club. Included because reported length is at least 28 ft. Scratch-sheet entry sequence: 2.. Result fields were not added because this import is based on the entry sheet.,303392000,303392000,COUGAR,Not provided in export,Sailing,16.0,4.0,,Not provided in export,2026-09-04T13:01:38.926Z,2026-09-05T11:23:34.441Z,1509.0,High,"Exact normalized name match, compatible AIS vessel type, and compatible reported length.",Attached AIS_EVENTS_RAW.csv
50077,AYC Spring Regatta,2025,Not shown on scratch-sheet page,South Course | PHRF,South Course,Coastal PHRF 1,,25,0,Coastal PHRF 1,,ENTRY ONLY,,,,max,Max,USA 75050,Pogo 50,50,Moritz Hilf,New York Yacht Club,"New York, NY, USA",PHRF,ToD / ToT,-18.0,-18.0,2025,2025 AYC Spring Regatta,1.0,,,,,,,https://yachtscoring.com/event_scratch_sheet/50077,https://yachtscoring.com/boatdetail/50077/504574,Additional scratch-sheet entry hosted by American Yacht Club. Included because reported length is at least 28 ft. Scratch-sheet entry sequence: 3.. Result fields were not added because this import is based on the entry sheet.,368146320,368146320,MAX,Not provided in export,Sailing,15.0,5.0,,Not provided in export,2026-09-04T12:38:38.982Z,2026-09-05T10:31:55.796Z,1238.0,High,"Exact normalized name match, compatible AIS vessel type, and compatible reported length.",Attached AIS_EVENTS_RAW.csv
50077,AYC Spring Regatta,2025,Not shown on scratch-sheet page,South Course | PHRF,South Course,Coastal PHRF 1,,25,0,Coastal PHRF 1,,ENTRY ONLY,,,,oakclifffarr40blue,Oakcliff Farr 40 Blue,USA 51990,Farr 40 Turbo,40,Oakcliff Sailing / University of New Hampshire,Oakcliff Sailing,"Oyster Bay, NY, USA",PHRF,ToD / ToT,-6.0,-6.0,2025,2025 AYC Spring Regatta,1.0,,,,,,,https://yachtscoring.com/event_scratch_sheet/50077,https://yachtscoring.com/boatdetail/50077/505156,Additional scratch-sheet entry hosted by American Yacht Club. Included because reported length is at least 28 ft. Scratch-sheet entry sequence: 4.. Result fields were not added because this import is based on the entry sheet.,,,,,,,,,,,,,,,
50077,AYC Spring Regatta,2025,Not shown on scratch-sheet page,South Course | ORC,South Course,Coastal ORC 2,,4,0,Coastal ORC 2,,ENTRY ONLY,,,,byte,byte,USA 12424,Sun Fast 3300,32.9,Robert & Libby Alexander,American Yacht Club,"Rye, NY, USA",ORC,APH,527.1,527.1,2025,2025 AYC Spring Regatta,1.0,,,,,,,https://yachtscoring.com/event_scratch_sheet/50077,https://yachtscoring.com/boatdetail/50077/501913,Additional scratch-sheet entry hosted by American Yacht Club. Included because reported length is at least 28 ft. Scratch-sheet entry sequence: 1.. Result fields were not added because this import is based on the entry sheet.,,,,,,,,,,,,,,,
50077,AYC Spring Regatta,2025,Not shown on scratch-sheet page,South Course | ORC,South Course,Coastal ORC 2,,4,0,Coastal ORC 2,,ENTRY ONLY,,,,sleeper,SLEEPER,USA 326,J/105,34.5,Leo Vasiliev / NEKA Sailing,NEKA Sailing,"Glen Cove, NY, USA",ORC,APH,531.1,531.1,2025,2025 AYC Spring Regatta,1.0,,,,,,,https://yachtscoring.com/event_scratch_sheet/50077,https://yachtscoring.com/boatdetail/50077/505441,Additional scratch-sheet entry hosted by American Yacht Club. Included because reported length is at least 28 ft. Scratch-sheet entry sequence: 2.. Result fields were not added because this import is based on the entry sheet.,,,,,,,,,,,,,,,
50077,AYC Spring Regatta,2025,Not shown on scratch-sheet page,South Course | ORC,South Course,Coastal ORC 2,,4,0,Coastal ORC 2,,ENTRY ONLY,,,,stratos,Stratos,USA 15833,Sun Fast 3300,33,Marcus Wunderlich,Cedar Point Yacht Club,"Jersey City, NJ, USA",ORC,APH,532.3,532.3,2025,2025 AYC Spring Regatta,1.0,,,,,,,https://yachtscoring.com/event_scratch_sheet/50077,https://yachtscoring.com/boatdetail/50077/504716,Additional scratch-sheet entry hosted by American Yacht Club. Included because reported length is at least 28 ft. Scratch-sheet entry sequence: 3.. Result fields were not added because this import is based on the entry sheet.,368404820,368404820,STRATOS,Not provided in export,Sailing,10.0,3.0,,Not provided in export,2026-09-04T12:55:31.188Z,2026-09-06T16:17:39.456Z,1785.0,High,"Exact normalized name match, compatible AIS vessel type, and compatible reported length.",Attached AIS_EVENTS_RAW.csv
50077,AYC Spring Regatta,2025,Not shown on scratch-sheet page,South Course | ORC,South Course,Coastal ORC 2,,4,0,Coastal ORC 2,,ENTRY ONLY,,,,surfacetension,Surface Tension,52556,Beneteau First 44.7,44,Lou Melillo,Atlantic Highlands Yacht Club,"Middletown, NJ, USA",ORC,APH,504.7,504.7,2025,2025 AYC Spring Regatta,1.0,,,,,,,https://yachtscoring.com/event_scratch_sheet/50077,https://yachtscoring.com/boatdetail/50077/503882,Additional scratch-sheet entry hosted by American Yacht Club. Included because reported length is at least 28 ft. Scratch-sheet entry sequence: 4.. Result fields were not added because this import is based on the entry sheet.,338477707,338477707,SURFACE TENSION,Not provided in export,Pleasure,14.0,4.0,,Not provided in export,2026-09-04T13:01:39.193Z,2026-09-05T11:47:22.563Z,1789.0,High,"Exact normalized name match, compatible AIS vessel type, and compatible reported length.",Attached AIS_EVENTS_RAW.csv
50077,AYC Spring Regatta,2025,Not shown on scratch-sheet page,South Course | PHRF,South Course,Coastal PHRF 3,,25,0,Coastal PHRF 3,,ENTRY ONLY,,,,acadia,ACADIA,45002,J/45,45,Erik Asgeirsson,American Yacht Club,"Rye, NY, USA",PHRF,ToD / ToT,12.0,12.0,2025,2025 AYC Spring Regatta,1.0,,,,,,,https://yachtscoring.com/event_scratch_sheet/50077,https://yachtscoring.com/boatdetail/50077/502829,Additional scratch-sheet entry hosted by American Yacht Club. Included because reported length is at least 28 ft. Scratch-sheet entry sequence: 1.. Result fields were not added because this import is based on the entry sheet.,368083750; 368252090,368083750; 368252090,ACADIA,Not provided in export,Sailing,13.0,5.0,,Not provided in export,2026-09-04T12:41:13.005Z,2026-09-06T04:33:21.237Z,183.0,Low,"Exact normalized name matched multiple AIS MMSIs; verify using dimensions, owner, or callsign.",Attached AIS_EVENTS_RAW.csv
50077,AYC Spring Regatta,2025,Not shown on scratch-sheet page,South Course | PHRF,South Course,Coastal PHRF 3,,25,0,Coastal PHRF 3,,ENTRY ONLY,,,,antidote,Antidote,USA 52545,J/133,43,Ron Richman,American Yacht Club,"Rye, NY, USA",PHRF,ToD / ToT,18.0,18.0,2025,2025 AYC Spring Regatta,1.0,,,,,,,https://yachtscoring.com/event_scratch_sheet/50077,https://yachtscoring.com/boatdetail/50077/504866,Additional scratch-sheet entry hosted by American Yacht Club. Included because reported length is at least 28 ft. Scratch-sheet entry sequence: 2.. Result fields were not added because this import is based on the entry sheet.,,,,,,,,,,,,,,,
50077,AYC Spring Regatta,2025,Not shown on scratch-sheet page,South Course | PHRF,South Course,Coastal PHRF 3,,25,0,Coastal PHRF 3,,ENTRY ONLY,,,,camelot,Camelot,USA 61378,Brenta 38,38,Jonathan Litt,Riverside Yacht Club,"Greenwich, CT, USA",PHRF,ToD / ToT,51.0,51.0,2025,2025 AYC Spring Regatta,1.0,,,,,,,https://yachtscoring.com/event_scratch_sheet/50077,https://yachtscoring.com/boatdetail/50077/504906,Additional scratch-sheet entry hosted by American Yacht Club. Included because reported length is at least 28 ft. Scratch-sheet entry sequence: 3.. Result fields were not added because this import is based on the entry sheet.,338444975; 368129510,338444975; 368129510,CAMELOT,Not provided in export,Pleasure,14.0,5.0,,Not provided in export,2026-09-05T00:21:20.416Z,2026-09-06T05:30:56.729Z,43.0,Low,"Exact normalized name matched multiple AIS MMSIs; verify using dimensions, owner, or callsign.",Attached AIS_EVENTS_RAW.csv
50077,AYC Spring Regatta,2025,Not shown on scratch-sheet page,South Course | PHRF,South Course,Coastal PHRF 3,,25,0,Coastal PHRF 3,,ENTRY ONLY,,,,charlotte,Charlotte,USA 46650,J/120,40,Richard West,Stamford Yacht Club / Cruising Club of America / New York Yacht Club,"Darien, CT, USA",PHRF,ToD / ToT,48.0,48.0,2025,2025 AYC Spring Regatta,1.0,,,,,,,https://yachtscoring.com/event_scratch_sheet/50077,https://yachtscoring.com/boatdetail/50077/502753,Additional scratch-sheet entry hosted by American Yacht Club. Included because reported length is at least 28 ft. Scratch-sheet entry sequence: 4.. Result fields were not added because this import is based on the entry sheet.,368248080,368248080,CHARLOTTE,Not provided in export,Sailing,12.0,4.0,,Not provided in export,2026-09-04T13:01:40.309Z,2026-09-07T12:34:12.754Z,1984.0,High,"Exact normalized name match, compatible AIS vessel type, and compatible reported length.",Attached AIS_EVENTS_RAW.csv
50077,AYC Spring Regatta,2025,Not shown on scratch-sheet page,South Course | PHRF,South Course,Coastal PHRF 3,,25,0,Coastal PHRF 3,,ENTRY ONLY,,,,hamburgii,Hamburg II,USA 51709,J/46,46,Albrecht Goethe,Lakewood Yacht Club / Storm Trysail Club,"Seabrook, TX, USA",PHRF,ToD / ToT,33.0,33.0,2025,2025 AYC Spring Regatta,1.0,,,,,,,https://yachtscoring.com/event_scratch_sheet/50077,https://yachtscoring.com/boatdetail/50077/503461,Additional scratch-sheet entry hosted by American Yacht Club. Included because reported length is at least 28 ft. Scratch-sheet entry sequence: 5.. Result fields were not added because this import is based on the entry sheet.,366947050,366947050,HAMBURG II,Not provided in export,Sailing,14.0,4.0,,Not provided in export,2026-09-04T15:44:45.213Z,2026-09-05T11:43:37.498Z,2272.0,High,"Exact normalized name match, compatible AIS vessel type, and compatible reported length.",Attached AIS_EVENTS_RAW.csv
50077,AYC Spring Regatta,2025,Not shown on scratch-sheet page,South Course | PHRF,South Course,Coastal PHRF 3,,25,0,Coastal PHRF 3,,ENTRY ONLY,,,,honeybadger,Honey Badger,USA 7,J/112E,36,Brian Nelson,New York Yacht Club / Atlantic Highlands Yacht Club / Monmouth Boat Club,"Shrewsbury, NJ, USA",PHRF,ToD / ToT,42.0,42.0,2025,2025 AYC Spring Regatta,1.0,,,,,,,https://yachtscoring.com/event_scratch_sheet/50077,https://yachtscoring.com/boatdetail/50077/502076,Additional scratch-sheet entry hosted by American Yacht Club. Included because reported length is at least 28 ft. Scratch-sheet entry sequence: 6.. Result fields were not added because this import is based on the entry sheet.,,,,,,,,,,,,,,,
50077,AYC Spring Regatta,2025,Not shown on scratch-sheet page,South Course | PHRF,South Course,Coastal PHRF 3,,25,0,Coastal PHRF 3,,ENTRY ONLY,,,,jules,Jules,USA 52300,Baltic 52,52.5,Thomas Dunn,Belle Haven Club,"Greenwich, CT, USA",PHRF,ToD / ToT,12.0,12.0,2025,2025 AYC Spring Regatta,1.0,,,,,,,https://yachtscoring.com/event_scratch_sheet/50077,https://yachtscoring.com/boatdetail/50077/505313,Additional scratch-sheet entry hosted by American Yacht Club. Included because reported length is at least 28 ft. Scratch-sheet entry sequence: 7.. Result fields were not added because this import is based on the entry sheet.,,,,,,,,,,,,,,,
50077,AYC Spring Regatta,2025,Not shown on scratch-sheet page,South Course | PHRF,South Course,Coastal PHRF 3,,25,0,Coastal PHRF 3,,ENTRY ONLY,,,,scylla,SCYLLA,USA 60739,Dehler 46,46,Markus Lahrkamp,American Yacht Club,"Rye, NY, USA",PHRF,ToD / ToT,24.0,24.0,2025,2025 AYC Spring Regatta,1.0,,,,,,,https://yachtscoring.com/event_scratch_sheet/50077,https://yachtscoring.com/boatdetail/50077/502620,Additional scratch-sheet entry hosted by American Yacht Club. Included because reported length is at least 28 ft. Scratch-sheet entry sequence: 8.. Result fields were not added because this import is based on the entry sheet.,,,,,,,,,,,,,,,
50077,AYC Spring Regatta,2025,Not shown on scratch-sheet page,South Course | PHRF,South Course,Coastal PHRF 3,,25,0,Coastal PHRF 3,,ENTRY ONLY,,,,tenebrae,Tenebrae,USA 52400,J/124,40.7,William Ingraham,Larchmont Yacht Club / Storm Trysail Club,"Larchmont, NY, USA",PHRF,ToD / ToT,39.0,39.0,2025,2025 AYC Spring Regatta,1.0,,,,,,,https://yachtscoring.com/event_scratch_sheet/50077,https://yachtscoring.com/boatdetail/50077/504995,Additional scratch-sheet entry hosted by American Yacht Club. Included because reported length is at least 28 ft. Scratch-sheet entry sequence: 9.. Result fields were not added because this import is based on the entry sheet.,368034190,368034190,TENEBRAE,Not provided in export,Sailing,12.0,4.0,,Not provided in export,2026-09-06T15:51:43.582Z,2026-09-06T17:20:28.681Z,210.0,High,"Exact normalized name match, compatible AIS vessel type, and compatible reported length.",Attached AIS_EVENTS_RAW.csv
50077,AYC Spring Regatta,2025,Not shown on scratch-sheet page,South Course | PHRF,South Course,Coastal PHRF 4,,25,0,Coastal PHRF 4,,ENTRY ONLY,,,,coconspirator,Co-Conspirator,USA 48,J/33,33,Dittenhofer / Roleke,Toms River Yacht Club,"Lanoka Harbor, NJ, USA",PHRF,ToD / ToT,81.0,81.0,2025,2025 AYC Spring Regatta,1.0,,,,,,,https://yachtscoring.com/event_scratch_sheet/50077,https://yachtscoring.com/boatdetail/50077/504462,Additional scratch-sheet entry hosted by American Yacht Club. Included because reported length is at least 28 ft. Scratch-sheet entry sequence: 1.. Result fields were not added because this import is based on the entry sheet.,,,,,,,,,,,,,,,
50077,AYC Spring Regatta,2025,Not shown on scratch-sheet page,South Course | PHRF,South Course,Coastal PHRF 4,,25,0,Coastal PHRF 4,,ENTRY ONLY,,,,easyred,Easy Red,USA USA 92,J/92,30,Jon-Claude Zucconi,Indian Harbor Yacht Club,"Greenwich, CT, USA",PHRF,ToD / ToT,108.0,108.0,2025,2025 AYC Spring Regatta,1.0,,,,,,,https://yachtscoring.com/event_scratch_sheet/50077,https://yachtscoring.com/boatdetail/50077/502107,Additional scratch-sheet entry hosted by American Yacht Club. Included because reported length is at least 28 ft. Scratch-sheet entry sequence: 2.. Result fields were not added because this import is based on the entry sheet.,,,,,,,,,,,,,,,
50077,AYC Spring Regatta,2025,Not shown on scratch-sheet page,South Course | PHRF,South Course,Coastal PHRF 4,,25,0,Coastal PHRF 4,,ENTRY ONLY,,,,hotspur,Hotspur,USA 70024,Sun Fast 3200,32,Rich Jessop,American Yacht Club,"Rye, NY, USA",PHRF,ToD / ToT,78.0,78.0,2025,2025 AYC Spring Regatta,1.0,,,,,,,https://yachtscoring.com/event_scratch_sheet/50077,https://yachtscoring.com/boatdetail/50077/505469,Additional scratch-sheet entry hosted by American Yacht Club. Included because reported length is at least 28 ft. Scratch-sheet entry sequence: 3.. Result fields were not added because this import is based on the entry sheet.,368130480,368130480,HOTSPUR,Not provided in export,Sailing,,,,Not provided in export,2026-09-04T19:08:32.07Z,2026-09-04T20:17:29.802Z,98.0,High,"Exact normalized name match, compatible AIS vessel type, and compatible reported length.",Attached AIS_EVENTS_RAW.csv
50077,AYC Spring Regatta,2025,Not shown on scratch-sheet page,South Course | PHRF,South Course,Coastal PHRF 4,,25,0,Coastal PHRF 4,,ENTRY ONLY,,,,nantucket,Nantucket,37,Beneteau 37,37.7,George Braverman,YRALIS,"Rye, NY, USA",PHRF,ToD / ToT,156.0,156.0,2025,2025 AYC Spring Regatta,1.0,,,,,,,https://yachtscoring.com/event_scratch_sheet/50077,https://yachtscoring.com/boatdetail/50077/505416,Additional scratch-sheet entry hosted by American Yacht Club. Included because reported length is at least 28 ft. Scratch-sheet entry sequence: 4.. Result fields were not added because this import is based on the entry sheet.,,,,,,,,,,,,,,,
50077,AYC Spring Regatta,2025,Not shown on scratch-sheet page,South Course | PHRF,South Course,Coastal PHRF 4,,25,0,Coastal PHRF 4,,ENTRY ONLY,,,,nordlys,Nordlys,USA 267,J/109,35,Robert Schwartz,Manhasset Bay Yacht Club,"Port Washington, NY, USA",PHRF,ToD / ToT,63.0,63.0,2025,2025 AYC Spring Regatta,1.0,,,,,,,https://yachtscoring.com/event_scratch_sheet/50077,https://yachtscoring.com/boatdetail/50077/503105,Additional scratch-sheet entry hosted by American Yacht Club. Included because reported length is at least 28 ft. Scratch-sheet entry sequence: 5.. Result fields were not added because this import is based on the entry sheet.,,,,,,,,,,,,,,,
50077,AYC Spring Regatta,2025,Not shown on scratch-sheet page,South Course | PHRF,South Course,Coastal PHRF 4,,25,0,Coastal PHRF 4,,ENTRY ONLY,,,,thinman,Thin Man,USA 24,J/99,32.6,Todd Aven,City Island Yacht Club / Storm Trysail Club,"Brooklyn, NY, USA",PHRF,ToD / ToT,72.0,72.0,2025,2025 AYC Spring Regatta,1.0,,,,,,,https://yachtscoring.com/event_scratch_sheet/50077,https://yachtscoring.com/boatdetail/50077/503898,Additional scratch-sheet entry hosted by American Yacht Club. Included because reported length is at least 28 ft. Scratch-sheet entry sequence: 6.. Result fields were not added because this import is based on the entry sheet.,368114910,368114910,THIN MAN,Not provided in export,Sailing,10.0,4.0,,Not provided in export,2026-09-04T12:42:09.782Z,2026-09-05T12:28:11.623Z,2454.0,High,"Exact normalized name match, compatible AIS vessel type, and compatible reported length.",Attached AIS_EVENTS_RAW.csv
50077,AYC Spring Regatta,2025,Not shown on scratch-sheet page,South Course | PHRF,South Course,Coastal PHRF 4,,25,0,Coastal PHRF 4,,ENTRY ONLY,,,,yankeeboy,Yankee Boy,USA 52524,Swan 411,40.81,Duncan McKay,Stamford Yacht Club,"Stamford, CT, USA",PHRF,ToD / ToT,96.0,96.0,2025,2025 AYC Spring Regatta,1.0,,,,,,,https://yachtscoring.com/event_scratch_sheet/50077,https://yachtscoring.com/boatdetail/50077/504764,Additional scratch-sheet entry hosted by American Yacht Club. Included because reported length is at least 28 ft. Scratch-sheet entry sequence: 7.. Result fields were not added because this import is based on the entry sheet.,338356893,338356893,YANKEE BOY,Not provided in export,Sailing,13.0,4.0,,Not provided in export,2026-09-04T15:45:03.927Z,2026-09-05T12:53:49.046Z,2723.0,High,"Exact normalized name match, compatible AIS vessel type, and compatible reported length.",Attached AIS_EVENTS_RAW.csv
50077,AYC Spring Regatta,2025,Not shown on scratch-sheet page,South Course | PHRF,South Course,Coastal PHRF 5 - Non-Spinnaker,,25,0,Coastal PHRF 5 - Non-Spinnaker,,ENTRY ONLY,,,,andante,Andante,USA 315,Hanse 315,31.6,Ray Beeler,American Yacht Club,"Pelham, NY, USA",PHRF,ToD / ToT,138.0,138.0,2025,2025 AYC Spring Regatta,1.0,,,,,,,https://yachtscoring.com/event_scratch_sheet/50077,https://yachtscoring.com/boatdetail/50077/503181,Additional scratch-sheet entry hosted by American Yacht Club. Included because reported length is at least 28 ft. Scratch-sheet entry sequence: 1.. Result fields were not added because this import is based on the entry sheet.,,,,,,,,,,,,,,,
50077,AYC Spring Regatta,2025,Not shown on scratch-sheet page,South Course | PHRF,South Course,Coastal PHRF 5 - Non-Spinnaker,,25,0,Coastal PHRF 5 - Non-Spinnaker,,ENTRY ONLY,,,,badger,Badger,USA 439,Jeanneau Sun Odyssey 439,43.8,Edward Casal,American Yacht Club,"Harrison, NY, USA",PHRF,ToD / ToT,129.0,129.0,2025,2025 AYC Spring Regatta,1.0,,,,,,,https://yachtscoring.com/event_scratch_sheet/50077,https://yachtscoring.com/boatdetail/50077/502921,Additional scratch-sheet entry hosted by American Yacht Club. Included because reported length is at least 28 ft. Scratch-sheet entry sequence: 2.. Result fields were not added because this import is based on the entry sheet.,367770360,367770360,BADGER,Not provided in export,Sailing,13.0,4.0,,Not provided in export,2026-09-04T00:04:44.121Z,2026-09-07T14:34:29.31Z,747.0,High,"Exact normalized name match, compatible AIS vessel type, and compatible reported length.",Attached AIS_EVENTS_RAW.csv
50077,AYC Spring Regatta,2025,Not shown on scratch-sheet page,South Course | PHRF,South Course,Coastal PHRF 5 - Non-Spinnaker,,25,0,Coastal PHRF 5 - Non-Spinnaker,,ENTRY ONLY,,,,bluefin,Bluefin,USA 111,J/100,32.8,Tom Boyle / Bob Clyatt / Doug McKeige,American Yacht Club,"Greenwich, CT, USA",PHRF,ToD / ToT,93.0,93.0,2025,2025 AYC Spring Regatta,1.0,,,,,,,https://yachtscoring.com/event_scratch_sheet/50077,https://yachtscoring.com/boatdetail/50077/502674,Additional scratch-sheet entry hosted by American Yacht Club. Included because reported length is at least 28 ft. Scratch-sheet entry sequence: 3.. Result fields were not added because this import is based on the entry sheet.,338390411,338390411,BLUEFIN,Not provided in export,Pleasure,13.0,5.0,,Not provided in export,2026-09-05T02:18:17.44Z,2026-09-06T04:15:17.815Z,171.0,Low,"Exact normalized name match, but AIS reported length or type conflicts with the race entry.",Attached AIS_EVENTS_RAW.csv
50077,AYC Spring Regatta,2025,Not shown on scratch-sheet page,South Course | PHRF,South Course,Coastal PHRF 5 - Non-Spinnaker,,25,0,Coastal PHRF 5 - Non-Spinnaker,,ENTRY ONLY,,,,freedom,Freedom,USA 126,J/100,32.8,Drew Fung / Barry Gold / Pat Jakobson,American Yacht Club,"Rye, NY, USA",PHRF,ToD / ToT,93.0,93.0,2025,2025 AYC Spring Regatta,1.0,,,,,,,https://yachtscoring.com/event_scratch_sheet/50077,https://yachtscoring.com/boatdetail/50077/505552,Additional scratch-sheet entry hosted by American Yacht Club. Included because reported length is at least 28 ft. Scratch-sheet entry sequence: 4.. Result fields were not added because this import is based on the entry sheet.,338399528; 338487573; 338557535,338399528; 338487573; 338557535,FREEDOM,Not provided in export,Pleasure,14.0,4.0,,Not provided in export,2026-09-04T16:13:59.785Z,2026-09-06T07:52:23.027Z,737.0,Low,"Exact normalized name matched multiple AIS MMSIs; verify using dimensions, owner, or callsign.",Attached AIS_EVENTS_RAW.csv
50077,AYC Spring Regatta,2025,Not shown on scratch-sheet page,South Course | PHRF,South Course,Coastal PHRF 5 - Non-Spinnaker,,25,0,Coastal PHRF 5 - Non-Spinnaker,,ENTRY ONLY,,,,liberty,Liberty,USA 85,J/100,32.8,William Hennes,American Yacht Club,"Rye, NY, USA",PHRF,ToD / ToT,93.0,93.0,2025,2025 AYC Spring Regatta,1.0,,,,,,,https://yachtscoring.com/event_scratch_sheet/50077,https://yachtscoring.com/boatdetail/50077/502967,Additional scratch-sheet entry hosted by American Yacht Club. Included because reported length is at least 28 ft. Scratch-sheet entry sequence: 5.. Result fields were not added because this import is based on the entry sheet.,368049890,368049890,LIBERTY,Not provided in export,Sailing,12.0,2.0,,Not provided in export,2026-09-04T13:01:50.317Z,2026-09-04T19:42:01.091Z,408.0,Low,"Exact normalized name match, but AIS reported length or type conflicts with the race entry.",Attached AIS_EVENTS_RAW.csv
50014,Edlu Distance Race,2025,Not shown on scratch-sheet page,Edlu | PHRF,Edlu,Double Handed,,38,0,Double Handed,,ENTRY ONLY,,,,byte,byte,USA 12424,Sun Fast 3300,32.9,Robert Alexander / Don Dowd,American Yacht Club,"Rye, NY, USA",PHRF,ToD / ToT,51.0,51.0,2025,2025 Edlu Distance Race,1.0,,,,,,,https://yachtscoring.com/event_scratch_sheet/50014,https://yachtscoring.com/boatdetail/50014/501914,Additional scratch-sheet entry hosted by Larchmont Yacht Club. Included because reported length is at least 28 ft. Scratch-sheet entry sequence: 1.. Result fields were not added because this import is based on the entry sheet.,,,,,,,,,,,,,,,
50014,Edlu Distance Race,2025,Not shown on scratch-sheet page,Edlu | PHRF,Edlu,Double Handed,,38,0,Double Handed,,ENTRY ONLY,,,,eclipse,Eclipse,USA 52386,Sabre 386,38.7,Marc Berkowitz,,"Armonk, NY, USA",PHRF,ToD / ToT,120.0,120.0,2025,2025 Edlu Distance Race,1.0,,,,,,,https://yachtscoring.com/event_scratch_sheet/50014,https://yachtscoring.com/boatdetail/50014/505057,Additional scratch-sheet entry hosted by Larchmont Yacht Club. Included because reported length is at least 28 ft. Scratch-sheet entry sequence: 2.. Result fields were not added because this import is based on the entry sheet.,368003670; 368217460,368003670; 368217460,ECLIPSE,Not provided in export,Sailing,13.0,5.0,,Not provided in export,2026-09-04T12:51:15.468Z,2026-09-07T14:36:18.509Z,2579.0,Low,"Exact normalized name matched multiple AIS MMSIs; verify using dimensions, owner, or callsign.",Attached AIS_EVENTS_RAW.csv
50014,Edlu Distance Race,2025,Not shown on scratch-sheet page,Edlu | PHRF,Edlu,Double Handed,,38,0,Double Handed,,ENTRY ONLY,,,,eventyr,Eventyr,USA 61668,J/99,32.6,Michael Kohler,Larchmont Yacht Club,"Mamaroneck, NY, USA",PHRF,ToD / ToT,69.0,69.0,2025,2025 Edlu Distance Race,1.0,,,,,,,https://yachtscoring.com/event_scratch_sheet/50014,https://yachtscoring.com/boatdetail/50014/505716,Additional scratch-sheet entry hosted by Larchmont Yacht Club. Included because reported length is at least 28 ft. Scratch-sheet entry sequence: 3.. Result fields were not added because this import is based on the entry sheet.,368327540,368327540,EVENTYR,Not provided in export,Sailing,10.0,4.0,,Not provided in export,2026-09-04T12:01:37.671Z,2026-09-05T12:02:49.28Z,1424.0,High,"Exact normalized name match, compatible AIS vessel type, and compatible reported length.",Attached AIS_EVENTS_RAW.csv
50014,Edlu Distance Race,2025,Not shown on scratch-sheet page,Edlu | PHRF,Edlu,Double Handed,,38,0,Double Handed,,ENTRY ONLY,,,,phantom,Phantom,USA168,J100,33,Andrew Weingarten,NSYC,"Hewlett Harbor, NY, USA",PHRF,ToD / ToT,81.0,81.0,2025,2025 Edlu Distance Race,1.0,,,,,,,https://yachtscoring.com/event_scratch_sheet/50014,https://yachtscoring.com/boatdetail/50014/502775,Additional scratch-sheet entry hosted by Larchmont Yacht Club. Included because reported length is at least 28 ft. Scratch-sheet entry sequence: 4.. Result fields were not added because this import is based on the entry sheet.,338242317; 368001170; 368077430,338242317; 368001170; 368077430,PHANTOM,Not provided in export,Sailing,13.0,4.0,,Not provided in export,2026-09-04T13:01:46.597Z,2026-09-05T18:18:29.753Z,1979.0,Low,"Exact normalized name matched multiple AIS MMSIs; verify using dimensions, owner, or callsign.",Attached AIS_EVENTS_RAW.csv
50014,Edlu Distance Race,2025,Not shown on scratch-sheet page,Edlu | PHRF,Edlu,Double Handed,,38,0,Double Handed,,ENTRY ONLY,,,,ruse,Ruse,USA 72400,Beneteau First 36,39,William Marsh,Hyannis Yacht Club,"Chatham, MA, USA",PHRF,ToD / ToT,39.0,39.0,2025,2025 Edlu Distance Race,1.0,,,,,,,https://yachtscoring.com/event_scratch_sheet/50014,https://yachtscoring.com/boatdetail/50014/503207,Additional scratch-sheet entry hosted by Larchmont Yacht Club. Included because reported length is at least 28 ft. Scratch-sheet entry sequence: 5.. Result fields were not added because this import is based on the entry sheet.,,,,,,,,,,,,,,,
50014,Edlu Distance Race,2025,Not shown on scratch-sheet page,Edlu | PHRF,Edlu,Double Handed,,38,0,Double Handed,,ENTRY ONLY,,,,savethesound,Save the Sound,USA 167,J99,32,Douglas McKeige,American YC,"Mamaroneck, NY, USA",PHRF,ToD / ToT,69.0,69.0,2025,2025 Edlu Distance Race,1.0,,,,,,,https://yachtscoring.com/event_scratch_sheet/50014,https://yachtscoring.com/boatdetail/50014/504990,Additional scratch-sheet entry hosted by Larchmont Yacht Club. Included because reported length is at least 28 ft. Scratch-sheet entry sequence: 6.. Result fields were not added because this import is based on the entry sheet.,338535733,338535733,SAVE THE SOUND,Not provided in export,Pleasure,10.0,2.0,,Not provided in export,2026-09-04T13:01:48.836Z,2026-09-05T12:07:47.921Z,164.0,High,"Exact normalized name match, compatible AIS vessel type, and compatible reported length.",Attached AIS_EVENTS_RAW.csv
50014,Edlu Distance Race,2025,Not shown on scratch-sheet page,Edlu | PHRF,Edlu,Double Handed,,38,0,Double Handed,,ENTRY ONLY,,,,skye,Skye,USA 39534,Farr 395,40,Ty Anderson,Riverside/STC/NYYC,"Riverside, CT, USA",PHRF,ToD / ToT,24.0,24.0,2025,2025 Edlu Distance Race,1.0,,,,,,,https://yachtscoring.com/event_scratch_sheet/50014,https://yachtscoring.com/boatdetail/50014/504480,Additional scratch-sheet entry hosted by Larchmont Yacht Club. Included because reported length is at least 28 ft. Scratch-sheet entry sequence: 7.. Result fields were not added because this import is based on the entry sheet.,,,,,,,,,,,,,,,
50014,Edlu Distance Race,2025,Not shown on scratch-sheet page,Edlu | PHRF,Edlu,Double Handed,,38,0,Double Handed,,ENTRY ONLY,,,,stratos,Stratos,USA 15833,Sun Fast 3300,33,Marcus Wunderlich,Cedar Point Yacht Club,"Jersey City, NJ, USA",PHRF,ToD / ToT,60.0,60.0,2025,2025 Edlu Distance Race,1.0,,,,,,,https://yachtscoring.com/event_scratch_sheet/50014,https://yachtscoring.com/boatdetail/50014/505650,Additional scratch-sheet entry hosted by Larchmont Yacht Club. Included because reported length is at least 28 ft. Scratch-sheet entry sequence: 8.. Result fields were not added because this import is based on the entry sheet.,368404820,368404820,STRATOS,Not provided in export,Sailing,10.0,3.0,,Not provided in export,2026-09-04T12:55:31.188Z,2026-09-06T16:17:39.456Z,1785.0,High,"Exact normalized name match, compatible AIS vessel type, and compatible reported length.",Attached AIS_EVENTS_RAW.csv
50014,Edlu Distance Race,2025,Not shown on scratch-sheet page,Edlu | PHRF,Edlu,Double Handed,,38,0,Double Handed,,ENTRY ONLY,,,,sunnyside,Sunny Side,USA 37,J/109,35,Cary James,Larchmont Yacht Club,"Larchmont, NY, USA",PHRF,ToD / ToT,69.0,69.0,2025,2025 Edlu Distance Race,1.0,,,,,,,https://yachtscoring.com/event_scratch_sheet/50014,https://yachtscoring.com/boatdetail/50014/502693,Additional scratch-sheet entry hosted by Larchmont Yacht Club. Included because reported length is at least 28 ft. Scratch-sheet entry sequence: 9.. Result fields were not added because this import is based on the entry sheet.,338070361; 338187885,338070361; 338187885,SUNNY SIDE; SUNNYSIDE,Not provided in export,Sailing,13.0,3.0,,Not provided in export,2026-09-04T12:45:57.301Z,2026-09-06T15:01:24.208Z,1727.0,Low,"Exact normalized name matched multiple AIS MMSIs; verify using dimensions, owner, or callsign.",Attached AIS_EVENTS_RAW.csv
50014,Edlu Distance Race,2025,Not shown on scratch-sheet page,Edlu | PHRF,Edlu,Double Handed,,38,0,Double Handed,,ENTRY ONLY,,,,thinman,Thin Man,USA 24,J/99,32.6,Todd Aven & Gerard Girstl,City Island YC / Storm Trysail Club,"Brooklyn, NY, USA",PHRF,ToD / ToT,72.0,72.0,2025,2025 Edlu Distance Race,1.0,,,,,,,https://yachtscoring.com/event_scratch_sheet/50014,https://yachtscoring.com/boatdetail/50014/503883,Additional scratch-sheet entry hosted by Larchmont Yacht Club. Included because reported length is at least 28 ft. Scratch-sheet entry sequence: 10.. Result fields were not added because this import is based on the entry sheet.,368114910,368114910,THIN MAN,Not provided in export,Sailing,10.0,4.0,,Not provided in export,2026-09-04T12:42:09.782Z,2026-09-05T12:28:11.623Z,2454.0,High,"Exact normalized name match, compatible AIS vessel type, and compatible reported length.",Attached AIS_EVENTS_RAW.csv
50014,Edlu Distance Race,2025,Not shown on scratch-sheet page,Edlu | One Design,Edlu,J/88,,5,0,J/88,,ENTRY ONLY,,,,albondigas,Albondigas,USA 34,J/88,29,Justin Scagnelli,Huguenot Yacht Club,"New York, NY, USA",One Design,Rating,,,2025,2025 Edlu Distance Race,1.0,,,,,,,https://yachtscoring.com/event_scratch_sheet/50014,https://yachtscoring.com/boatdetail/50014/505509,Additional scratch-sheet entry hosted by Larchmont Yacht Club. Included because reported length is at least 28 ft. Scratch-sheet entry sequence: 1.. Result fields were not added because this import is based on the entry sheet.,,,,,,,,,,,,,,,
50014,Edlu Distance Race,2025,Not shown on scratch-sheet page,Edlu | One Design,Edlu,J/88,,5,0,J/88,,ENTRY ONLY,,,,deviation,Deviation YCC,USA 24,J/88,29,Iris Vogel,"HYC,STC, NYYC","New Rochelle, NY, USA",One Design,Rating,,,2025,2025 Edlu Distance Race,1.0,,,,,,,https://yachtscoring.com/event_scratch_sheet/50014,https://yachtscoring.com/boatdetail/50014/502124,Additional scratch-sheet entry hosted by Larchmont Yacht Club. Included because reported length is at least 28 ft. Scratch-sheet entry sequence: 2.. Result fields were not added because this import is based on the entry sheet.,,,,,,,,,,,,,,,
50014,Edlu Distance Race,2025,Not shown on scratch-sheet page,Edlu | One Design,Edlu,J/88,,5,0,J/88,,ENTRY ONLY,,,,nevermore,Nevermore,USA 81,J/88,29,Ken & Drew Hall,Riverside Yacht Club,"Stamford, CT, USA",One Design,Rating,,,2025,2025 Edlu Distance Race,1.0,,,,,,,https://yachtscoring.com/event_scratch_sheet/50014,https://yachtscoring.com/boatdetail/50014/503262,Additional scratch-sheet entry hosted by Larchmont Yacht Club. Included because reported length is at least 28 ft. Scratch-sheet entry sequence: 3.. Result fields were not added because this import is based on the entry sheet.,,,,,,,,,,,,,,,
50014,Edlu Distance Race,2025,Not shown on scratch-sheet page,Edlu | One Design,Edlu,J/88,,5,0,J/88,,ENTRY ONLY,,,,ohjee,Oh Jee,USA 25,J 88,29 ft,Nicolas Delcourt,Larchmont Yacht Club,"Rye, NY, USA",One Design,Rating,,,2025,2025 Edlu Distance Race,1.0,,,,,,,https://yachtscoring.com/event_scratch_sheet/50014,https://yachtscoring.com/boatdetail/50014/502593,Additional scratch-sheet entry hosted by Larchmont Yacht Club. Included because reported length is at least 28 ft. Scratch-sheet entry sequence: 4.. Result fields were not added because this import is based on the entry sheet.,,,,,,,,,,,,,,,
50014,Edlu Distance Race,2025,Not shown on scratch-sheet page,Edlu | One Design,Edlu,J/88,,5,0,J/88,,ENTRY ONLY,,,,wildthing,Wild Thing,USA 110,J/88,29,Diego Sacristan,American Yacht Club,"Rye, NY, USA",One Design,Rating,,,2025,2025 Edlu Distance Race,1.0,,,,,,,https://yachtscoring.com/event_scratch_sheet/50014,https://yachtscoring.com/boatdetail/50014/505514,Additional scratch-sheet entry hosted by Larchmont Yacht Club. Included because reported length is at least 28 ft. Scratch-sheet entry sequence: 5.. Result fields were not added because this import is based on the entry sheet.,,,,,,,,,,,,,,,
50014,Edlu Distance Race,2025,Not shown on scratch-sheet page,Edlu | PHRF,Edlu,PHRF I,,38,0,PHRF I,,ENTRY ONLY,,,,attractivenuisance,Attractive Nuisance,77287,Olson 30,30,Jonathan Nye,IHYC/STC,"Stamford, CT, USA",PHRF,ToD / ToT,105.0,105.0,2025,2025 Edlu Distance Race,1.0,,,,,,,https://yachtscoring.com/event_scratch_sheet/50014,https://yachtscoring.com/boatdetail/50014/504031,Additional scratch-sheet entry hosted by Larchmont Yacht Club. Included because reported length is at least 28 ft. Scratch-sheet entry sequence: 1.. Result fields were not added because this import is based on the entry sheet.,,,,,,,,,,,,,,,
50014,Edlu Distance Race,2025,Not shown on scratch-sheet page,Edlu | PHRF,Edlu,PHRF I,,38,0,PHRF I,,ENTRY ONLY,,,,bolide,Bolide,USA 23998,C&C,40,Vaughn Harvey,Larchmont,"Larchmont, NY, USA",PHRF,ToD / ToT,93.0,93.0,2025,2025 Edlu Distance Race,1.0,,,,,,,https://yachtscoring.com/event_scratch_sheet/50014,https://yachtscoring.com/boatdetail/50014/505849,Additional scratch-sheet entry hosted by Larchmont Yacht Club. Included because reported length is at least 28 ft. Scratch-sheet entry sequence: 2.. Result fields were not added because this import is based on the entry sheet.,,,,,,,,,,,,,,,
50014,Edlu Distance Race,2025,Not shown on scratch-sheet page,Edlu | PHRF,Edlu,PHRF I,,38,0,PHRF I,,ENTRY ONLY,,,,coconspirator,Co-Conspirator,USA 48,J 33,33,Dittenhofer / Roleke,Toms River Yacht Club,"Lanoka Harbor, NJ, USA",PHRF,ToD / ToT,81.0,81.0,2025,2025 Edlu Distance Race,1.0,,,,,,,https://yachtscoring.com/event_scratch_sheet/50014,https://yachtscoring.com/boatdetail/50014/504485,Additional scratch-sheet entry hosted by Larchmont Yacht Club. Included because reported length is at least 28 ft. Scratch-sheet entry sequence: 3.. Result fields were not added because this import is based on the entry sheet.,,,,,,,,,,,,,,,
50014,Edlu Distance Race,2025,Not shown on scratch-sheet page,Edlu | PHRF,Edlu,PHRF I,,38,0,PHRF I,,ENTRY ONLY,,,,growthspurt,Growth Spurt,USA 261,J/109,35,"John Greifzu, Jr.",Stamford YC/New York YC/STC,"Darien, CT, USA",PHRF,ToD / ToT,66.0,66.0,2025,2025 Edlu Distance Race,1.0,,,,,,,https://yachtscoring.com/event_scratch_sheet/50014,https://yachtscoring.com/boatdetail/50014/504957,Additional scratch-sheet entry hosted by Larchmont Yacht Club. Included because reported length is at least 28 ft. Scratch-sheet entry sequence: 4.. Result fields were not added because this import is based on the entry sheet.,338236237,338236237,GROWTH SPURT,Not provided in export,Sailing,11.0,3.0,,Not provided in export,2026-09-04T15:53:52.826Z,2026-09-05T12:06:48.421Z,1786.0,High,"Exact normalized name match, compatible AIS vessel type, and compatible reported length.",Attached AIS_EVENTS_RAW.csv
50014,Edlu Distance Race,2025,Not shown on scratch-sheet page,Edlu | PHRF,Edlu,PHRF I,,38,0,PHRF I,,ENTRY ONLY,,,,inisharon,Inisharon,USA 51003,Lyman Morse Seguin 49,15.301 m,James Murphy,American Yacht Club,"Rye, NY, USA",PHRF,ToD / ToT,72.0,72.0,2025,2025 Edlu Distance Race,1.0,,,,,,,https://yachtscoring.com/event_scratch_sheet/50014,https://yachtscoring.com/boatdetail/50014/504996,Additional scratch-sheet entry hosted by Larchmont Yacht Club. Included because reported length is at least 28 ft. Scratch-sheet entry sequence: 5.. Result fields were not added because this import is based on the entry sheet.,,,,,,,,,,,,,,,
50014,Edlu Distance Race,2025,Not shown on scratch-sheet page,Edlu | PHRF,Edlu,PHRF I,,38,0,PHRF I,,ENTRY ONLY,,,,nantucket,Nantucket,37,Beneteau 37,37.7,George Braverman,YRALIS,"Rye, NY, USA",PHRF,ToD / ToT,156.0,156.0,2025,2025 Edlu Distance Race,1.0,,,,,,,https://yachtscoring.com/event_scratch_sheet/50014,https://yachtscoring.com/boatdetail/50014/506270,Additional scratch-sheet entry hosted by Larchmont Yacht Club. Included because reported length is at least 28 ft. Scratch-sheet entry sequence: 6.. Result fields were not added because this import is based on the entry sheet.,,,,,,,,,,,,,,,
50014,Edlu Distance Race,2025,Not shown on scratch-sheet page,Edlu | PHRF,Edlu,PHRF I,,38,0,PHRF I,,ENTRY ONLY,,,,strangebrew,Strange Brew,USA 175,J/105,34.5,Randy Bourne,Riverside YC,"Old Greenwich, CT, USA",PHRF,ToD / ToT,87.0,87.0,2025,2025 Edlu Distance Race,1.0,,,,,,,https://yachtscoring.com/event_scratch_sheet/50014,https://yachtscoring.com/boatdetail/50014/503532,Additional scratch-sheet entry hosted by Larchmont Yacht Club. Included because reported length is at least 28 ft. Scratch-sheet entry sequence: 7.. Result fields were not added because this import is based on the entry sheet.,,,,,,,,,,,,,,,
50014,Edlu Distance Race,2025,Not shown on scratch-sheet page,Edlu | PHRF,Edlu,PHRF I,,38,0,PHRF I,,ENTRY ONLY,,,,tempestii,Tempest II,USA 418,J/105,34.5,David Owen,LYC,"Larchmont, NY, USA",PHRF,ToD / ToT,87.0,87.0,2025,2025 Edlu Distance Race,1.0,,,,,,,https://yachtscoring.com/event_scratch_sheet/50014,https://yachtscoring.com/boatdetail/50014/505399,Additional scratch-sheet entry hosted by Larchmont Yacht Club. Included because reported length is at least 28 ft. Scratch-sheet entry sequence: 8.. Result fields were not added because this import is based on the entry sheet.,,,,,,,,,,,,,,,
50014,Edlu Distance Race,2025,Not shown on scratch-sheet page,Edlu | PHRF,Edlu,PHRF I,,38,0,PHRF I,,ENTRY ONLY,,,,wizard,Wizard,USA 31,J99,33,Adam Zakka & Jonathan Krumeich,Indian Harbor Yacht Club & NYYC,"Old Greenwich, CT, USA",PHRF,ToD / ToT,72.0,72.0,2025,2025 Edlu Distance Race,1.0,,,,,,,https://yachtscoring.com/event_scratch_sheet/50014,https://yachtscoring.com/boatdetail/50014/503430,Additional scratch-sheet entry hosted by Larchmont Yacht Club. Included because reported length is at least 28 ft. Scratch-sheet entry sequence: 9.. Result fields were not added because this import is based on the entry sheet.,,,,,,,,,,,,,,,
50014,Edlu Distance Race,2025,Not shown on scratch-sheet page,Edlu | PHRF,Edlu,PHRF I,,38,0,PHRF I,,ENTRY ONLY,,,,yankeeboy,Yankee Boy,USA 52524,Swan 411,40.81,Duncan McKay,Stamford Yacht Club,"STAMFORD, CONNECTICUT, USA",PHRF,ToD / ToT,96.0,96.0,2025,2025 Edlu Distance Race,1.0,,,,,,,https://yachtscoring.com/event_scratch_sheet/50014,https://yachtscoring.com/boatdetail/50014/502697,Additional scratch-sheet entry hosted by Larchmont Yacht Club. Included because reported length is at least 28 ft. Scratch-sheet entry sequence: 10.. Result fields were not added because this import is based on the entry sheet.,338356893,338356893,YANKEE BOY,Not provided in export,Sailing,13.0,4.0,,Not provided in export,2026-09-04T15:45:03.927Z,2026-09-05T12:53:49.046Z,2723.0,High,"Exact normalized name match, compatible AIS vessel type, and compatible reported length.",Attached AIS_EVENTS_RAW.csv
50014,Edlu Distance Race,2025,Not shown on scratch-sheet page,Edlu | PHRF,Edlu,PHRF II,,38,0,PHRF II,,ENTRY ONLY,,,,alibi,Alibi,USA 43968,J/120,40,John Sartorius,"NYYC, IHYC","Darien, CT, USA",PHRF,ToD / ToT,39.0,39.0,2025,2025 Edlu Distance Race,1.0,,,,,,,https://yachtscoring.com/event_scratch_sheet/50014,https://yachtscoring.com/boatdetail/50014/503708,Additional scratch-sheet entry hosted by Larchmont Yacht Club. Included because reported length is at least 28 ft. Scratch-sheet entry sequence: 1.. Result fields were not added because this import is based on the entry sheet.,338532684; 366821680,338532684; 366821680,ALIBI,Not provided in export,Sailing,12.0,4.0,,Not provided in export,2026-09-04T13:01:50.288Z,2026-09-07T12:04:02.449Z,3367.0,Low,"Exact normalized name matched multiple AIS MMSIs; verify using dimensions, owner, or callsign.",Attached AIS_EVENTS_RAW.csv
50014,Edlu Distance Race,2025,Not shown on scratch-sheet page,Edlu | PHRF,Edlu,PHRF II,,38,0,PHRF II,,ENTRY ONLY,,,,antidote,Antidote,USA 52545,J/133,43,Ron Richman,American Yacht Club,"Rye, NY, USA",PHRF,ToD / ToT,18.0,18.0,2025,2025 Edlu Distance Race,1.0,,,,,,,https://yachtscoring.com/event_scratch_sheet/50014,https://yachtscoring.com/boatdetail/50014/506406,Additional scratch-sheet entry hosted by Larchmont Yacht Club. Included because reported length is at least 28 ft. Scratch-sheet entry sequence: 2.. Result fields were not added because this import is based on the entry sheet.,,,,,,,,,,,,,,,
50014,Edlu Distance Race,2025,Not shown on scratch-sheet page,Edlu | PHRF,Edlu,PHRF II,,38,0,PHRF II,,ENTRY ONLY,,,,ciaobaby,Ciao Baby,USA 102,J/111,37,Peter Chirlian,AHYC,"Sea Girt, NJ, USA",PHRF,ToD / ToT,27.0,27.0,2025,2025 Edlu Distance Race,1.0,,,,,,,https://yachtscoring.com/event_scratch_sheet/50014,https://yachtscoring.com/boatdetail/50014/502876,Additional scratch-sheet entry hosted by Larchmont Yacht Club. Included because reported length is at least 28 ft. Scratch-sheet entry sequence: 3.. Result fields were not added because this import is based on the entry sheet.,,,,,,,,,,,,,,,
50014,Edlu Distance Race,2025,Not shown on scratch-sheet page,Edlu | PHRF,Edlu,PHRF II,,38,0,PHRF II,,ENTRY ONLY,,,,direwolf,Dire Wolf,USA 12204,J/122,40,Constantine Baris,Sagamore Yacht Club/NYYC/STC/NYAC,"Locust Valley, NY, USA",PHRF,ToD / ToT,27.0,27.0,2025,2025 Edlu Distance Race,1.0,,,,,,,https://yachtscoring.com/event_scratch_sheet/50014,https://yachtscoring.com/boatdetail/50014/501878,Additional scratch-sheet entry hosted by Larchmont Yacht Club. Included because reported length is at least 28 ft. Scratch-sheet entry sequence: 4.. Result fields were not added because this import is based on the entry sheet.,,,,,,,,,,,,,,,
50014,Edlu Distance Race,2025,Not shown on scratch-sheet page,Edlu | PHRF,Edlu,PHRF II,,38,0,PHRF II,,ENTRY ONLY,,,,fireball,Fireball,USA 16,J 111,36,Bill & Jackie Baxter,Riverside Yacht Club/STC/NYYC,"Stamford, CT, USA",PHRF,ToD / ToT,24.0,24.0,2025,2025 Edlu Distance Race,1.0,,,,,,,https://yachtscoring.com/event_scratch_sheet/50014,https://yachtscoring.com/boatdetail/50014/502940,Additional scratch-sheet entry hosted by Larchmont Yacht Club. Included because reported length is at least 28 ft. Scratch-sheet entry sequence: 5.. Result fields were not added because this import is based on the entry sheet.,,,,,,,,,,,,,,,
50014,Edlu Distance Race,2025,Not shown on scratch-sheet page,Edlu | PHRF,Edlu,PHRF II,,38,0,PHRF II,,ENTRY ONLY,,,,ghost,Ghost,USA 38007,Sydney 38,38,United States Merchant Marine Academy,KPUSMMA,"Kings Point, NY, USA",PHRF,ToD / ToT,30.0,30.0,2025,2025 Edlu Distance Race,1.0,,,,,,,https://yachtscoring.com/event_scratch_sheet/50014,https://yachtscoring.com/boatdetail/50014/505039,Additional scratch-sheet entry hosted by Larchmont Yacht Club. Included because reported length is at least 28 ft. Scratch-sheet entry sequence: 6.. Result fields were not added because this import is based on the entry sheet.,,,,,,,,,,,,,,,
50014,Edlu Distance Race,2025,Not shown on scratch-sheet page,Edlu | PHRF,Edlu,PHRF II,,38,0,PHRF II,,ENTRY ONLY,,,,habiru,Habiru,USA 61124,J 121,40.0,Steve Losik,Hempstead Harbor Club,"Great Neck, NY, USA",PHRF,ToD / ToT,15.0,15.0,2025,2025 Edlu Distance Race,1.0,,,,,,,https://yachtscoring.com/event_scratch_sheet/50014,https://yachtscoring.com/boatdetail/50014/503222,Additional scratch-sheet entry hosted by Larchmont Yacht Club. Included because reported length is at least 28 ft. Scratch-sheet entry sequence: 7.. Result fields were not added because this import is based on the entry sheet.,338413878,338413878,HABIRU,Not provided in export,Sailing,12.0,4.0,,Not provided in export,2026-09-04T13:01:42.289Z,2026-09-05T10:32:13.798Z,1063.0,High,"Exact normalized name match, compatible AIS vessel type, and compatible reported length.",Attached AIS_EVENTS_RAW.csv
50014,Edlu Distance Race,2025,Not shown on scratch-sheet page,Edlu | PHRF,Edlu,PHRF II,,38,0,PHRF II,,ENTRY ONLY,,,,jules,Jules,USA 52300,Baltic 52,52.5,Thomas Dunn,Belle Haven Club,"Greenwich, CT, USA",PHRF,ToD / ToT,12.0,12.0,2025,2025 Edlu Distance Race,1.0,,,,,,,https://yachtscoring.com/event_scratch_sheet/50014,https://yachtscoring.com/boatdetail/50014/506244,Additional scratch-sheet entry hosted by Larchmont Yacht Club. Included because reported length is at least 28 ft. Scratch-sheet entry sequence: 8.. Result fields were not added because this import is based on the entry sheet.,,,,,,,,,,,,,,,
50014,Edlu Distance Race,2025,Not shown on scratch-sheet page,Edlu | PHRF,Edlu,PHRF II,,38,0,PHRF II,,ENTRY ONLY,,,,scylla,SCYLLA,USA 60739,Dehler 46,46,Markus Lahrkamp,American Yacht Club,"Rye, NY, USA",PHRF,ToD / ToT,24.0,24.0,2025,2025 Edlu Distance Race,1.0,,,,,,,https://yachtscoring.com/event_scratch_sheet/50014,https://yachtscoring.com/boatdetail/50014/502621,Additional scratch-sheet entry hosted by Larchmont Yacht Club. Included because reported length is at least 28 ft. Scratch-sheet entry sequence: 9.. Result fields were not added because this import is based on the entry sheet.,,,,,,,,,,,,,,,
50014,Edlu Distance Race,2025,Not shown on scratch-sheet page,Edlu | PHRF,Edlu,PHRF II,,38,0,PHRF II,,ENTRY ONLY,,,,starbuck,Starbuck,USA 46699,Swan 53,53,Alex Urdea,Seawanhaka Corinthian Yacht Club,"Oyster Bay, NY, USA",PHRF,ToD / ToT,36.0,36.0,2025,2025 Edlu Distance Race,1.0,,,,,,,https://yachtscoring.com/event_scratch_sheet/50014,https://yachtscoring.com/boatdetail/50014/505922,Additional scratch-sheet entry hosted by Larchmont Yacht Club. Included because reported length is at least 28 ft. Scratch-sheet entry sequence: 10.. Result fields were not added because this import is based on the entry sheet.,,,,,,,,,,,,,,,
50014,Edlu Distance Race,2025,Not shown on scratch-sheet page,Edlu | PHRF,Edlu,PHRF II,,38,0,PHRF II,,ENTRY ONLY,,,,summergrace,Summer Grace,USA 12235,J/122,40.0,Kevin Kelley,Riverside Yacht Club/NYYC,"Riverside, CT, USA",PHRF,ToD / ToT,27.0,27.0,2025,2025 Edlu Distance Race,1.0,,,,,,,https://yachtscoring.com/event_scratch_sheet/50014,https://yachtscoring.com/boatdetail/50014/506015,Additional scratch-sheet entry hosted by Larchmont Yacht Club. Included because reported length is at least 28 ft. Scratch-sheet entry sequence: 11.. Result fields were not added because this import is based on the entry sheet.,,,,,,,,,,,,,,,
50014,Edlu Distance Race,2025,Not shown on scratch-sheet page,Edlu | PHRF,Edlu,PHRF II,,38,0,PHRF II,,ENTRY ONLY,,,,tenebrae,Tenebrae,USA 52400,J/124,40.7,William Ingraham,"Larchmont, STC","Larchmont, ny, USA",PHRF,ToD / ToT,39.0,39.0,2025,2025 Edlu Distance Race,1.0,,,,,,,https://yachtscoring.com/event_scratch_sheet/50014,https://yachtscoring.com/boatdetail/50014/501736,Additional scratch-sheet entry hosted by Larchmont Yacht Club. Included because reported length is at least 28 ft. Scratch-sheet entry sequence: 12.. Result fields were not added because this import is based on the entry sheet.,368034190,368034190,TENEBRAE,Not provided in export,Sailing,12.0,4.0,,Not provided in export,2026-09-06T15:51:43.582Z,2026-09-06T17:20:28.681Z,210.0,High,"Exact normalized name match, compatible AIS vessel type, and compatible reported length.",Attached AIS_EVENTS_RAW.csv
50014,Edlu Distance Race,2025,Not shown on scratch-sheet page,Edlu | PHRF,Edlu,PHRF II,,38,0,PHRF II,,ENTRY ONLY,,,,texasrose,Texas Rose,USA 58,J 112e,36,William Komaroff,Larchmont YC,"Larchmont, NY, USA",PHRF,ToD / ToT,48.0,48.0,2025,2025 Edlu Distance Race,1.0,,,,,,,https://yachtscoring.com/event_scratch_sheet/50014,https://yachtscoring.com/boatdetail/50014/505442,Additional scratch-sheet entry hosted by Larchmont Yacht Club. Included because reported length is at least 28 ft. Scratch-sheet entry sequence: 13.. Result fields were not added because this import is based on the entry sheet.,,,,,,,,,,,,,,,
50014,Edlu Distance Race,2025,Not shown on scratch-sheet page,Edlu | PHRF,Edlu,PHRF II,,38,0,PHRF II,,ENTRY ONLY,,,,varuna,Varuna,USA 88,J/111,36,Abhijeet Lele,Sachem's Head Yacht Club / New York Yacht Club,"Guilford, CT, USA",PHRF,ToD / ToT,24.0,24.0,2025,2025 Edlu Distance Race,1.0,,,,,,,https://yachtscoring.com/event_scratch_sheet/50014,https://yachtscoring.com/boatdetail/50014/504927,Additional scratch-sheet entry hosted by Larchmont Yacht Club. Included because reported length is at least 28 ft. Scratch-sheet entry sequence: 14.. Result fields were not added because this import is based on the entry sheet.,,,,,,,,,,,,,,,
50014,Edlu Distance Race,2025,Not shown on scratch-sheet page,Edlu | PHRF,Edlu,PHRF III,,38,0,PHRF III,,ENTRY ONLY,,,,cougar,Cougar,USA 4900,J/160,53,Leonard Sitar,American Yacht Club / New York Yacht Club / Storm Trysail Club / Cruising Club of America,"Holmdel, NJ, USA",PHRF,ToD / ToT,-3.0,-3.0,2025,2025 Edlu Distance Race,1.0,,,,,,,https://yachtscoring.com/event_scratch_sheet/50014,https://yachtscoring.com/boatdetail/50014/502563,Additional scratch-sheet entry hosted by Larchmont Yacht Club. Included because reported length is at least 28 ft. Scratch-sheet entry sequence: 1.. Result fields were not added because this import is based on the entry sheet.,303392000,303392000,COUGAR,Not provided in export,Sailing,16.0,4.0,,Not provided in export,2026-09-04T13:01:38.926Z,2026-09-05T11:23:34.441Z,1509.0,High,"Exact normalized name match, compatible AIS vessel type, and compatible reported length.",Attached AIS_EVENTS_RAW.csv
50014,Edlu Distance Race,2025,Not shown on scratch-sheet page,Edlu | PHRF,Edlu,PHRF III,,38,0,PHRF III,,ENTRY ONLY,,,,eldiablo,El Diablo,USA 56600,Bolt 37,37,Robert Fryer,American Yacht Club / New York Yacht Club,"Cos Cob, CT, USA",PHRF,ToD / ToT,-6.0,-6.0,2025,2025 Edlu Distance Race,1.0,,,,,,,https://yachtscoring.com/event_scratch_sheet/50014,https://yachtscoring.com/boatdetail/50014/506395,Additional scratch-sheet entry hosted by Larchmont Yacht Club. Included because reported length is at least 28 ft. Scratch-sheet entry sequence: 2.. Result fields were not added because this import is based on the entry sheet.,338554674,338554674,EL DIABLO,Not provided in export,Sailing,12.0,4.0,,Not provided in export,2026-09-04T13:01:46.91Z,2026-09-05T10:18:00.943Z,702.0,High,"Exact normalized name match, compatible AIS vessel type, and compatible reported length.",Attached AIS_EVENTS_RAW.csv
50014,Edlu Distance Race,2025,Not shown on scratch-sheet page,Edlu | PHRF,Edlu,PHRF III,,38,0,PHRF III,,ENTRY ONLY,,,,goodnews,Good News,USA 7065,J 125,41,Macrae Sykes,NYYC/RYC/STC,"Old Greenwich, CT, USA",PHRF,ToD / ToT,-15.0,-15.0,2025,2025 Edlu Distance Race,1.0,,,,,,,https://yachtscoring.com/event_scratch_sheet/50014,https://yachtscoring.com/boatdetail/50014/502596,Additional scratch-sheet entry hosted by Larchmont Yacht Club. Included because reported length is at least 28 ft. Scratch-sheet entry sequence: 3.. Result fields were not added because this import is based on the entry sheet.,368131030,368131030,GOOD NEWS,Not provided in export,Pleasure,13.0,3.0,,Not provided in export,2026-09-04T13:01:38.543Z,2026-09-05T10:24:36.89Z,624.0,High,"Exact normalized name match, compatible AIS vessel type, and compatible reported length.",Attached AIS_EVENTS_RAW.csv
50014,Edlu Distance Race,2025,Not shown on scratch-sheet page,Edlu | PHRF,Edlu,PHRF III,,38,0,PHRF III,,ENTRY ONLY,,,,max,Max,USA 75050,Pogo 50,50,Moritz Hilf,STC/NYYC,"New York, NY, USA",PHRF,ToD / ToT,-18.0,-18.0,2025,2025 Edlu Distance Race,1.0,,,,,,,https://yachtscoring.com/event_scratch_sheet/50014,https://yachtscoring.com/boatdetail/50014/502550,Additional scratch-sheet entry hosted by Larchmont Yacht Club. Included because reported length is at least 28 ft. Scratch-sheet entry sequence: 4.. Result fields were not added because this import is based on the entry sheet.,368146320,368146320,MAX,Not provided in export,Sailing,15.0,5.0,,Not provided in export,2026-09-04T12:38:38.982Z,2026-09-05T10:31:55.796Z,1238.0,High,"Exact normalized name match, compatible AIS vessel type, and compatible reported length.",Attached AIS_EVENTS_RAW.csv
50014,Edlu Distance Race,2025,Not shown on scratch-sheet page,Edlu | ORC,Edlu,ORC,,7,0,ORC,,ENTRY ONLY,,,,arma,ARMA,USA 61211,GP42,42,"McCloskey, Roseberry DuBois & Krow",Larchmont Yacht Club,"Larchmont, NY, USA",ORC,APH,440.6,440.6,2025,2025 Edlu Distance Race,1.0,,,,,,,https://yachtscoring.com/event_scratch_sheet/50014,https://yachtscoring.com/boatdetail/50014/504119,Additional scratch-sheet entry hosted by Larchmont Yacht Club. Included because reported length is at least 28 ft. Scratch-sheet entry sequence: 1.. Result fields were not added because this import is based on the entry sheet.,,,,,,,,,,,,,,,
50014,Edlu Distance Race,2025,Not shown on scratch-sheet page,Edlu | ORC,Edlu,ORC,,7,0,ORC,,ENTRY ONLY,,,,atalanta,Atalanta,USA 60358,J 42,42,Kurt Locher,Larchmont Yacht Club,"Nashville, TN, USA",ORC,APH,532.0,532.0,2025,2025 Edlu Distance Race,1.0,,,,,,,https://yachtscoring.com/event_scratch_sheet/50014,https://yachtscoring.com/boatdetail/50014/502772,Additional scratch-sheet entry hosted by Larchmont Yacht Club. Included because reported length is at least 28 ft. Scratch-sheet entry sequence: 2.. Result fields were not added because this import is based on the entry sheet.,,,,,,,,,,,,,,,
50014,Edlu Distance Race,2025,Not shown on scratch-sheet page,Edlu | ORC,Edlu,ORC,,7,0,ORC,,ENTRY ONLY,,,,avalanche,Avalanche,GBR 20,Soto 40,40,Craig Albrecht,YRA LIS,"Glen Cove, NY, USA",ORC,APH,448.4,448.4,2025,2025 Edlu Distance Race,1.0,,,,,,,https://yachtscoring.com/event_scratch_sheet/50014,https://yachtscoring.com/boatdetail/50014/506038,Additional scratch-sheet entry hosted by Larchmont Yacht Club. Included because reported length is at least 28 ft. Scratch-sheet entry sequence: 3.. Result fields were not added because this import is based on the entry sheet.,,,,,,,,,,,,,,,
50014,Edlu Distance Race,2025,Not shown on scratch-sheet page,Edlu | ORC,Edlu,ORC,,7,0,ORC,,ENTRY ONLY,,,,christopherdragonxii,Christopher Dragon XII,USA 2277,Italia 11.98,38,Andrew & Linda Weiss,Storm Trysail Club / Larchmont Yacht Club,"Mamaroneck, New York, USA",ORC,APH,524.5,524.5,2025,2025 Edlu Distance Race,1.0,,,,,,,https://yachtscoring.com/event_scratch_sheet/50014,https://yachtscoring.com/boatdetail/50014/501874,Additional scratch-sheet entry hosted by Larchmont Yacht Club. Included because reported length is at least 28 ft. Scratch-sheet entry sequence: 4.. Result fields were not added because this import is based on the entry sheet.,,,,,,,,,,,,,,,
50014,Edlu Distance Race,2025,Not shown on scratch-sheet page,Edlu | ORC,Edlu,ORC,,7,0,ORC,,ENTRY ONLY,,,,phantom,Phantom,USA 60711,Xp 44,39,Chris Schoen,Larchmont Yacht Club,"Larchmont, NY, USA",ORC,APH,484.3,484.3,2025,2025 Edlu Distance Race,1.0,,,,,,,https://yachtscoring.com/event_scratch_sheet/50014,https://yachtscoring.com/boatdetail/50014/501706,Additional scratch-sheet entry hosted by Larchmont Yacht Club. Included because reported length is at least 28 ft. Scratch-sheet entry sequence: 5.. Result fields were not added because this import is based on the entry sheet.,338242317; 368001170; 368077430,338242317; 368001170; 368077430,PHANTOM,Not provided in export,Sailing,13.0,4.0,,Not provided in export,2026-09-04T13:01:46.597Z,2026-09-05T18:18:29.753Z,1979.0,Low,"Exact normalized name matched multiple AIS MMSIs; verify using dimensions, owner, or callsign.",Attached AIS_EVENTS_RAW.csv
50014,Edlu Distance Race,2025,Not shown on scratch-sheet page,Edlu | ORC,Edlu,ORC,,7,0,ORC,,ENTRY ONLY,,,,rocksteady,Rocksteady,USA 60492,Xp 44,44,Baudoin Lorans,Larchmont Yacht Club,"Larchmont, NY, USA",ORC,APH,480.2,480.2,2025,2025 Edlu Distance Race,1.0,,,,,,,https://yachtscoring.com/event_scratch_sheet/50014,https://yachtscoring.com/boatdetail/50014/505108,Additional scratch-sheet entry hosted by Larchmont Yacht Club. Included because reported length is at least 28 ft. Scratch-sheet entry sequence: 6.. Result fields were not added because this import is based on the entry sheet.,,,,,,,,,,,,,,,
50014,Edlu Distance Race,2025,Not shown on scratch-sheet page,Edlu | ORC,Edlu,ORC,,7,0,ORC,,ENTRY ONLY,,,,zammermoos,Zammermoos,US 4224,Club Swan 42,42,David Fass,New York Yacht Club,"Mamaroneck, NY, USA",ORC,APH,474.9,474.9,2025,2025 Edlu Distance Race,1.0,,,,,,,https://yachtscoring.com/event_scratch_sheet/50014,https://yachtscoring.com/boatdetail/50014/503810,Additional scratch-sheet entry hosted by Larchmont Yacht Club. Included because reported length is at least 28 ft. Scratch-sheet entry sequence: 7.. Result fields were not added because this import is based on the entry sheet.,,,,,,,,,,,,,,,
50676,Edlu Distance Race,2026,Not shown on scratch-sheet page,71st Annual Edlu | PHRF,71st Annual Edlu,PHRF Doublehanded,,32,0,PHRF Doublehanded,,ENTRY ONLY,,,,abilyn,Abilyn,USA 25559,J 120,40 Ft,Josh Reisberg,Sea Cliff YC / Storm Trysail Club,"Sea Cliff, NY, USA",PHRF,ToD / ToT,39.0,39.0,2026,2026 Edlu Distance Race,1.0,,,,,,,https://yachtscoring.com/event_scratch_sheet/50676,https://yachtscoring.com/boatdetail/50676/520119,Additional scratch-sheet entry hosted by Larchmont Yacht Club. Included because reported length is at least 28 ft. Scratch-sheet entry sequence: 1.. Result fields were not added because this import is based on the entry sheet.,368042460,368042460,ABILYN,Not provided in export,Sailing,13.0,4.0,,Not provided in export,2026-09-04T11:30:46.363Z,2026-09-05T12:26:08.163Z,2551.0,High,"Exact normalized name match, compatible AIS vessel type, and compatible reported length.",Attached AIS_EVENTS_RAW.csv
50676,Edlu Distance Race,2026,Not shown on scratch-sheet page,71st Annual Edlu | PHRF,71st Annual Edlu,PHRF Doublehanded,,32,0,PHRF Doublehanded,,ENTRY ONLY,,,,borderline,Borderline,USA 41302,C&C Mklll,35 Ft,Jonathan Asch,Stamford YC,"Greenwich, Ct, USA",PHRF,ToD / ToT,117.0,117.0,2026,2026 Edlu Distance Race,1.0,,,,,,,https://yachtscoring.com/event_scratch_sheet/50676,https://yachtscoring.com/boatdetail/50676/521629,Additional scratch-sheet entry hosted by Larchmont Yacht Club. Included because reported length is at least 28 ft. Scratch-sheet entry sequence: 2.. Result fields were not added because this import is based on the entry sheet.,,,,,,,,,,,,,,,
50676,Edlu Distance Race,2026,Not shown on scratch-sheet page,71st Annual Edlu | PHRF,71st Annual Edlu,PHRF Doublehanded,,32,0,PHRF Doublehanded,,ENTRY ONLY,,,,eclipse,Eclipse,USA 52386,Sabre 386,38.7 Ft,Marc Berkowitz,,"Armonk, NY, USA",PHRF,ToD / ToT,120.0,120.0,2026,2026 Edlu Distance Race,1.0,,,,,,,https://yachtscoring.com/event_scratch_sheet/50676,https://yachtscoring.com/boatdetail/50676/521769,Additional scratch-sheet entry hosted by Larchmont Yacht Club. Included because reported length is at least 28 ft. Scratch-sheet entry sequence: 3.. Result fields were not added because this import is based on the entry sheet.,368003670; 368217460,368003670; 368217460,ECLIPSE,Not provided in export,Sailing,13.0,5.0,,Not provided in export,2026-09-04T12:51:15.468Z,2026-09-07T14:36:18.509Z,2579.0,Low,"Exact normalized name matched multiple AIS MMSIs; verify using dimensions, owner, or callsign.",Attached AIS_EVENTS_RAW.csv
50676,Edlu Distance Race,2026,Not shown on scratch-sheet page,71st Annual Edlu | PHRF,71st Annual Edlu,PHRF Doublehanded,,32,0,PHRF Doublehanded,,ENTRY ONLY,,,,savethesound,Save the Sound,USA 167,J/99,32 Ft,Douglas McKeige McKeige,American Yacht Club,"Mamaroneck, NY, USA",PHRF,ToD / ToT,69.0,69.0,2026,2026 Edlu Distance Race,1.0,,,,,,,https://yachtscoring.com/event_scratch_sheet/50676,https://yachtscoring.com/boatdetail/50676/521306,Additional scratch-sheet entry hosted by Larchmont Yacht Club. Included because reported length is at least 28 ft. Scratch-sheet entry sequence: 4.. Result fields were not added because this import is based on the entry sheet.,338535733,338535733,SAVE THE SOUND,Not provided in export,Pleasure,10.0,2.0,,Not provided in export,2026-09-04T13:01:48.836Z,2026-09-05T12:07:47.921Z,164.0,High,"Exact normalized name match, compatible AIS vessel type, and compatible reported length.",Attached AIS_EVENTS_RAW.csv
50676,Edlu Distance Race,2026,Not shown on scratch-sheet page,71st Annual Edlu | PHRF,71st Annual Edlu,PHRF Doublehanded,,32,0,PHRF Doublehanded,,ENTRY ONLY,,,,skye,Skye,USA 39534,Farr 395,40 Ft,Ty Anderson,Riverside/STC/NYYC,"Riverside, CT, USA",PHRF,ToD / ToT,24.0,24.0,2026,2026 Edlu Distance Race,1.0,,,,,,,https://yachtscoring.com/event_scratch_sheet/50676,https://yachtscoring.com/boatdetail/50676/521043,Additional scratch-sheet entry hosted by Larchmont Yacht Club. Included because reported length is at least 28 ft. Scratch-sheet entry sequence: 5.. Result fields were not added because this import is based on the entry sheet.,,,,,,,,,,,,,,,
50676,Edlu Distance Race,2026,Not shown on scratch-sheet page,71st Annual Edlu | PHRF,71st Annual Edlu,PHRF Doublehanded,,32,0,PHRF Doublehanded,,ENTRY ONLY,,,,stratos,Stratos,USA 15833,Sun Fast 3300,33 Ft,Marcus Wunderlich,Cedar Point Yacht Club,"Jersey City, NJ, USA",PHRF,ToD / ToT,60.0,60.0,2026,2026 Edlu Distance Race,1.0,,,,,,,https://yachtscoring.com/event_scratch_sheet/50676,https://yachtscoring.com/boatdetail/50676/521123,Additional scratch-sheet entry hosted by Larchmont Yacht Club. Included because reported length is at least 28 ft. Scratch-sheet entry sequence: 6.. Result fields were not added because this import is based on the entry sheet.,368404820,368404820,STRATOS,Not provided in export,Sailing,10.0,3.0,,Not provided in export,2026-09-04T12:55:31.188Z,2026-09-06T16:17:39.456Z,1785.0,High,"Exact normalized name match, compatible AIS vessel type, and compatible reported length.",Attached AIS_EVENTS_RAW.csv
50676,Edlu Distance Race,2026,Not shown on scratch-sheet page,71st Annual Edlu | PHRF,71st Annual Edlu,PHRF Doublehanded,,32,0,PHRF Doublehanded,,ENTRY ONLY,,,,sunnyside,Sunny Side,USA 37,J/109,35 Ft,Cary James,Larchmont Yacht Club,"Larchmont, NY, USA",PHRF,ToD / ToT,63.0,63.0,2026,2026 Edlu Distance Race,1.0,,,,,,,https://yachtscoring.com/event_scratch_sheet/50676,https://yachtscoring.com/boatdetail/50676/519689,Additional scratch-sheet entry hosted by Larchmont Yacht Club. Included because reported length is at least 28 ft. Scratch-sheet entry sequence: 7.. Result fields were not added because this import is based on the entry sheet.,338070361; 338187885,338070361; 338187885,SUNNY SIDE; SUNNYSIDE,Not provided in export,Sailing,13.0,3.0,,Not provided in export,2026-09-04T12:45:57.301Z,2026-09-06T15:01:24.208Z,1727.0,Low,"Exact normalized name matched multiple AIS MMSIs; verify using dimensions, owner, or callsign.",Attached AIS_EVENTS_RAW.csv
50676,Edlu Distance Race,2026,Not shown on scratch-sheet page,71st Annual Edlu | PHRF,71st Annual Edlu,PHRF Doublehanded,,32,0,PHRF Doublehanded,,ENTRY ONLY,,,,tempestii,Tempest II,USA 418,J/105,34.5 Ft,David Owen,LYC,"Larchmont, NY, USA",PHRF,ToD / ToT,87.0,87.0,2026,2026 Edlu Distance Race,1.0,,,,,,,https://yachtscoring.com/event_scratch_sheet/50676,https://yachtscoring.com/boatdetail/50676/522088,Additional scratch-sheet entry hosted by Larchmont Yacht Club. Included because reported length is at least 28 ft. Scratch-sheet entry sequence: 8.. Result fields were not added because this import is based on the entry sheet.,,,,,,,,,,,,,,,
50676,Edlu Distance Race,2026,Not shown on scratch-sheet page,71st Annual Edlu | PHRF,71st Annual Edlu,PHRF Doublehanded,,32,0,PHRF Doublehanded,,ENTRY ONLY,,,,thinman,Thin Man,USA 24,J/99,32.6 Ft,Todd Aven,City Island Yacht Club / Storm Trysail Club,"Brooklyn, NY, USA",PHRF,ToD / ToT,72.0,72.0,2026,2026 Edlu Distance Race,1.0,,,,,,,https://yachtscoring.com/event_scratch_sheet/50676,https://yachtscoring.com/boatdetail/50676/520106,Additional scratch-sheet entry hosted by Larchmont Yacht Club. Included because reported length is at least 28 ft. Scratch-sheet entry sequence: 9.. Result fields were not added because this import is based on the entry sheet.,368114910,368114910,THIN MAN,Not provided in export,Sailing,10.0,4.0,,Not provided in export,2026-09-04T12:42:09.782Z,2026-09-05T12:28:11.623Z,2454.0,High,"Exact normalized name match, compatible AIS vessel type, and compatible reported length.",Attached AIS_EVENTS_RAW.csv
50676,Edlu Distance Race,2026,Not shown on scratch-sheet page,71st Annual Edlu | PHRF,71st Annual Edlu,PHRF Doublehanded,,32,0,PHRF Doublehanded,,ENTRY ONLY,,,,whistler,Whistler,USA 174,J/99,32.6 Ft,Jon Yoder & Bill Gassman,Larchmont Yacht Club,"Larchmont, NY, USA",PHRF,ToD / ToT,69.0,69.0,2026,2026 Edlu Distance Race,1.0,,,,,,,https://yachtscoring.com/event_scratch_sheet/50676,https://yachtscoring.com/boatdetail/50676/520399,Additional scratch-sheet entry hosted by Larchmont Yacht Club. Included because reported length is at least 28 ft. Scratch-sheet entry sequence: 10.. Result fields were not added because this import is based on the entry sheet.,,,,,,,,,,,,,,,
50676,Edlu Distance Race,2026,Not shown on scratch-sheet page,71st Annual Edlu | PHRF,71st Annual Edlu,PHRF I,,32,0,PHRF I,,ENTRY ONLY,,,,attractivenuisance,Attractive Nuisance,USA 77287,Olson 30,30 Ft,Jonathan Nye,Indian Harbor Yacht Club / Storm Trysail Club,"Stamford, CT, USA",PHRF,ToD / ToT,105.0,105.0,2026,2026 Edlu Distance Race,1.0,,,,,,,https://yachtscoring.com/event_scratch_sheet/50676,https://yachtscoring.com/boatdetail/50676/520162,Additional scratch-sheet entry hosted by Larchmont Yacht Club. Included because reported length is at least 28 ft. Scratch-sheet entry sequence: 1.. Result fields were not added because this import is based on the entry sheet.,,,,,,,,,,,,,,,
50676,Edlu Distance Race,2026,Not shown on scratch-sheet page,71st Annual Edlu | PHRF,71st Annual Edlu,PHRF I,,32,0,PHRF I,,ENTRY ONLY,,,,betelgeuse,Betelgeuse,43396,J/36,36 Ft,Ben Cohen,,"Brooklyn, NY, USA",PHRF,ToD / ToT,84.0,84.0,2026,2026 Edlu Distance Race,1.0,,,,,,,https://yachtscoring.com/event_scratch_sheet/50676,https://yachtscoring.com/boatdetail/50676/521073,Additional scratch-sheet entry hosted by Larchmont Yacht Club. Included because reported length is at least 28 ft. Scratch-sheet entry sequence: 2.. Result fields were not added because this import is based on the entry sheet.,,,,,,,,,,,,,,,
50676,Edlu Distance Race,2026,Not shown on scratch-sheet page,71st Annual Edlu | PHRF,71st Annual Edlu,PHRF I,,32,0,PHRF I,,ENTRY ONLY,,,,coconspirator,Co-Conspirator,USA USA 48,J 33,33 Ft,Matt Roleke & Trace Dittenhofer,Toms River Yacht Club,"Lanoka Harbor, NJ, USA",PHRF,ToD / ToT,78.0,78.0,2026,2026 Edlu Distance Race,1.0,,,,,,,https://yachtscoring.com/event_scratch_sheet/50676,https://yachtscoring.com/boatdetail/50676/521187,Additional scratch-sheet entry hosted by Larchmont Yacht Club. Included because reported length is at least 28 ft. Scratch-sheet entry sequence: 3.. Result fields were not added because this import is based on the entry sheet.,,,,,,,,,,,,,,,
50676,Edlu Distance Race,2026,Not shown on scratch-sheet page,71st Annual Edlu | PHRF,71st Annual Edlu,PHRF I,,32,0,PHRF I,,ENTRY ONLY,,,,loulou,loulou,334,J/105,34 Ft,Paul Beaudin,Harlem Yacht Club,"Harlem, NY, USA",PHRF,ToD / ToT,84.0,84.0,2026,2026 Edlu Distance Race,1.0,,,,,,,https://yachtscoring.com/event_scratch_sheet/50676,https://yachtscoring.com/boatdetail/50676/521292,Additional scratch-sheet entry hosted by Larchmont Yacht Club. Included because reported length is at least 28 ft. Scratch-sheet entry sequence: 4.. Result fields were not added because this import is based on the entry sheet.,,,,,,,,,,,,,,,
50676,Edlu Distance Race,2026,Not shown on scratch-sheet page,71st Annual Edlu | PHRF,71st Annual Edlu,PHRF I,,32,0,PHRF I,,ENTRY ONLY,,,,nantucket,Nantucket,37,Beneteau 37,37.7 Ft,George Braverman,YRALIS,"Rye, NY, USA",PHRF,ToD / ToT,162.0,162.0,2026,2026 Edlu Distance Race,1.0,,,,,,,https://yachtscoring.com/event_scratch_sheet/50676,https://yachtscoring.com/boatdetail/50676/522235,Additional scratch-sheet entry hosted by Larchmont Yacht Club. Included because reported length is at least 28 ft. Scratch-sheet entry sequence: 5.. Result fields were not added because this import is based on the entry sheet.,,,,,,,,,,,,,,,
50676,Edlu Distance Race,2026,Not shown on scratch-sheet page,71st Annual Edlu | PHRF,71st Annual Edlu,PHRF I,,32,0,PHRF I,,ENTRY ONLY,,,,ohjee,Oh Jee,USA 25,J 88,29 ft Ft,Nicolas Delcourt,Larchmont Yacht Club,"Rye, NY, USA",PHRF,ToD / ToT,78.0,78.0,2026,2026 Edlu Distance Race,1.0,,,,,,,https://yachtscoring.com/event_scratch_sheet/50676,https://yachtscoring.com/boatdetail/50676/520499,Additional scratch-sheet entry hosted by Larchmont Yacht Club. Included because reported length is at least 28 ft. Scratch-sheet entry sequence: 6.. Result fields were not added because this import is based on the entry sheet.,,,,,,,,,,,,,,,
50676,Edlu Distance Race,2026,Not shown on scratch-sheet page,71st Annual Edlu | PHRF,71st Annual Edlu,PHRF I,,32,0,PHRF I,,ENTRY ONLY,,,,shakennotstirred,Shaken not Stirred,USA 225,J 105,34.5 Ft,Shaken not Stirred Team,Riverside Yacht Club,"Old Greenwich, CT, USA",PHRF,ToD / ToT,87.0,87.0,2026,2026 Edlu Distance Race,1.0,,,,,,,https://yachtscoring.com/event_scratch_sheet/50676,https://yachtscoring.com/boatdetail/50676/521398,Additional scratch-sheet entry hosted by Larchmont Yacht Club. Included because reported length is at least 28 ft. Scratch-sheet entry sequence: 7.. Result fields were not added because this import is based on the entry sheet.,338372436,338372436,SHAKEN NOT STIRRED,Not provided in export,Pleasure,10.0,3.0,,Not provided in export,2026-09-06T14:48:23.415Z,2026-09-06T16:37:18.492Z,224.0,High,"Exact normalized name match, compatible AIS vessel type, and compatible reported length.",Attached AIS_EVENTS_RAW.csv
50676,Edlu Distance Race,2026,Not shown on scratch-sheet page,71st Annual Edlu | PHRF,71st Annual Edlu,PHRF I,,32,0,PHRF I,,ENTRY ONLY,,,,strangebrew,Strange Brew,USA 175,J/105,34.5 Ft,Randy Bourne,Riverside YC,"Old Greenwich, CT, USA",PHRF,ToD / ToT,87.0,87.0,2026,2026 Edlu Distance Race,1.0,,,,,,,https://yachtscoring.com/event_scratch_sheet/50676,https://yachtscoring.com/boatdetail/50676/521334,Additional scratch-sheet entry hosted by Larchmont Yacht Club. Included because reported length is at least 28 ft. Scratch-sheet entry sequence: 8.. Result fields were not added because this import is based on the entry sheet.,,,,,,,,,,,,,,,
50676,Edlu Distance Race,2026,Not shown on scratch-sheet page,71st Annual Edlu | PHRF,71st Annual Edlu,PHRF II,,32,0,PHRF II,,ENTRY ONLY,,,,alibi,Alibi,USA 43968,J/120,40 Ft,John Sartorius,"NYYC, IHYC","Greenwich, CT, USA",PHRF,ToD / ToT,39.0,39.0,2026,2026 Edlu Distance Race,1.0,,,,,,,https://yachtscoring.com/event_scratch_sheet/50676,https://yachtscoring.com/boatdetail/50676/521693,Additional scratch-sheet entry hosted by Larchmont Yacht Club. Included because reported length is at least 28 ft. Scratch-sheet entry sequence: 1.. Result fields were not added because this import is based on the entry sheet.,338532684; 366821680,338532684; 366821680,ALIBI,Not provided in export,Sailing,12.0,4.0,,Not provided in export,2026-09-04T13:01:50.288Z,2026-09-07T12:04:02.449Z,3367.0,Low,"Exact normalized name matched multiple AIS MMSIs; verify using dimensions, owner, or callsign.",Attached AIS_EVENTS_RAW.csv
50676,Edlu Distance Race,2026,Not shown on scratch-sheet page,71st Annual Edlu | PHRF,71st Annual Edlu,PHRF II,,32,0,PHRF II,,ENTRY ONLY,,,,growthspurt,Growth Spurt,USA 261,J/109,35 Ft,"John Greifzu, Jr.",Stamford YC/New York YC/STC,"Darien, CT, USA",PHRF,ToD / ToT,63.0,63.0,2026,2026 Edlu Distance Race,1.0,,,,,,,https://yachtscoring.com/event_scratch_sheet/50676,https://yachtscoring.com/boatdetail/50676/521874,Additional scratch-sheet entry hosted by Larchmont Yacht Club. Included because reported length is at least 28 ft. Scratch-sheet entry sequence: 2.. Result fields were not added because this import is based on the entry sheet.,338236237,338236237,GROWTH SPURT,Not provided in export,Sailing,11.0,3.0,,Not provided in export,2026-09-04T15:53:52.826Z,2026-09-05T12:06:48.421Z,1786.0,High,"Exact normalized name match, compatible AIS vessel type, and compatible reported length.",Attached AIS_EVENTS_RAW.csv
50676,Edlu Distance Race,2026,Not shown on scratch-sheet page,71st Annual Edlu | PHRF,71st Annual Edlu,PHRF II,,32,0,PHRF II,,ENTRY ONLY,,,,lioness,Lioness,USA 575,Sydney 38,38 Ft,Lion Sailing Sailmakers,Lion Racing,"NYC, NY, USA",PHRF,ToD / ToT,39.0,39.0,2026,2026 Edlu Distance Race,1.0,,,,,,,https://yachtscoring.com/event_scratch_sheet/50676,https://yachtscoring.com/boatdetail/50676/522048,Additional scratch-sheet entry hosted by Larchmont Yacht Club. Included because reported length is at least 28 ft. Scratch-sheet entry sequence: 3.. Result fields were not added because this import is based on the entry sheet.,,,,,,,,,,,,,,,
50676,Edlu Distance Race,2026,Not shown on scratch-sheet page,71st Annual Edlu | PHRF,71st Annual Edlu,PHRF II,,32,0,PHRF II,,ENTRY ONLY,,,,ohana,OHANA,USA 61117,DEHLER 42,42 Ft,Eduardo & Christian Salvati,"LYC, NYYC","LARCHMONT, NY, USA",PHRF,ToD / ToT,54.0,54.0,2026,2026 Edlu Distance Race,1.0,,,,,,,https://yachtscoring.com/event_scratch_sheet/50676,https://yachtscoring.com/boatdetail/50676/521661,Additional scratch-sheet entry hosted by Larchmont Yacht Club. Included because reported length is at least 28 ft. Scratch-sheet entry sequence: 4.. Result fields were not added because this import is based on the entry sheet.,338351614; 368366540; 368396040,338351614; 368366540; 368396040,OHANA,Not provided in export,Sailing,13.0,4.0,,Not provided in export,2026-09-04T13:01:36.882Z,2026-09-06T08:25:35.409Z,2053.0,Low,"Exact normalized name matched multiple AIS MMSIs; verify using dimensions, owner, or callsign.",Attached AIS_EVENTS_RAW.csv
50676,Edlu Distance Race,2026,Not shown on scratch-sheet page,71st Annual Edlu | PHRF,71st Annual Edlu,PHRF II,,32,0,PHRF II,,ENTRY ONLY,,,,teal,TEAL,USA 113,Henderson 30,30 Ft,Lily & Jeffrey Tyrrel,Storm Trysail Club / Musket Cove Yacht Club,"Scarsdale, NY, USA",PHRF,ToD / ToT,42.0,42.0,2026,2026 Edlu Distance Race,1.0,,,,,,,https://yachtscoring.com/event_scratch_sheet/50676,https://yachtscoring.com/boatdetail/50676/522278,Additional scratch-sheet entry hosted by Larchmont Yacht Club. Included because reported length is at least 28 ft. Scratch-sheet entry sequence: 5.. Result fields were not added because this import is based on the entry sheet.,,,,,,,,,,,,,,,
50676,Edlu Distance Race,2026,Not shown on scratch-sheet page,71st Annual Edlu | PHRF,71st Annual Edlu,PHRF II,,32,0,PHRF II,,ENTRY ONLY,,,,tenebrae,Tenebrae,USA 52400,J/124,40.7 Ft,William Ingraham,Larchmont Yacht Club / Storm Trysail Club,"Larchmont, NY, USA",PHRF,ToD / ToT,39.0,39.0,2026,2026 Edlu Distance Race,1.0,,,,,,,https://yachtscoring.com/event_scratch_sheet/50676,https://yachtscoring.com/boatdetail/50676/520098,Additional scratch-sheet entry hosted by Larchmont Yacht Club. Included because reported length is at least 28 ft. Scratch-sheet entry sequence: 6.. Result fields were not added because this import is based on the entry sheet.,368034190,368034190,TENEBRAE,Not provided in export,Sailing,12.0,4.0,,Not provided in export,2026-09-06T15:51:43.582Z,2026-09-06T17:20:28.681Z,210.0,High,"Exact normalized name match, compatible AIS vessel type, and compatible reported length.",Attached AIS_EVENTS_RAW.csv
50676,Edlu Distance Race,2026,Not shown on scratch-sheet page,71st Annual Edlu | PHRF,71st Annual Edlu,PHRF II,,32,0,PHRF II,,ENTRY ONLY,,,,texasrose,Texas Rose,58,J/112,36 Ft,Bill Komaroff,LYC,"Larchmont, NY, USA",PHRF,ToD / ToT,48.0,48.0,2026,2026 Edlu Distance Race,1.0,,,,,,,https://yachtscoring.com/event_scratch_sheet/50676,https://yachtscoring.com/boatdetail/50676/522196,Additional scratch-sheet entry hosted by Larchmont Yacht Club. Included because reported length is at least 28 ft. Scratch-sheet entry sequence: 7.. Result fields were not added because this import is based on the entry sheet.,,,,,,,,,,,,,,,
50676,Edlu Distance Race,2026,Not shown on scratch-sheet page,71st Annual Edlu | PHRF,71st Annual Edlu,PHRF III,,32,0,PHRF III,,ENTRY ONLY,,,,beagle,Beagle,USA 44007,J/44,44 Ft,Willets Meyer,Seawanhaka Corinthian Yacht Club / Imperial Poona Yacht Club,"Oyster Bay, NY, USA",PHRF,ToD / ToT,33.0,33.0,2026,2026 Edlu Distance Race,1.0,,,,,,,https://yachtscoring.com/event_scratch_sheet/50676,https://yachtscoring.com/boatdetail/50676/522323,Additional scratch-sheet entry hosted by Larchmont Yacht Club. Included because reported length is at least 28 ft. Scratch-sheet entry sequence: 1.. Result fields were not added because this import is based on the entry sheet.,,,,,,,,,,,,,,,
50676,Edlu Distance Race,2026,Not shown on scratch-sheet page,71st Annual Edlu | PHRF,71st Annual Edlu,PHRF III,,32,0,PHRF III,,ENTRY ONLY,,,,comet,Comet,USA 4408,J/44,44.9 Ft,United States Merchant Marine Academy,Kings Point United States Merchant Marine Academy,"Kings Point, NY, USA",PHRF,ToD / ToT,27.0,27.0,2026,2026 Edlu Distance Race,1.0,,,,,,,https://yachtscoring.com/event_scratch_sheet/50676,https://yachtscoring.com/boatdetail/50676/520610,Additional scratch-sheet entry hosted by Larchmont Yacht Club. Included because reported length is at least 28 ft. Scratch-sheet entry sequence: 2.. Result fields were not added because this import is based on the entry sheet.,,,,,,,,,,,,,,,
50676,Edlu Distance Race,2026,Not shown on scratch-sheet page,71st Annual Edlu | PHRF,71st Annual Edlu,PHRF III,,32,0,PHRF III,,ENTRY ONLY,,,,fireball,Fireball,USA 16,J/111,36.5 Ft,Bill & Jackie Baxter,Riverside Yacht Club / STC / NYYC,"Stamford, CT, USA",PHRF,ToD / ToT,24.0,24.0,2026,2026 Edlu Distance Race,1.0,,,,,,,https://yachtscoring.com/event_scratch_sheet/50676,https://yachtscoring.com/boatdetail/50676/521092,Additional scratch-sheet entry hosted by Larchmont Yacht Club. Included because reported length is at least 28 ft. Scratch-sheet entry sequence: 3.. Result fields were not added because this import is based on the entry sheet.,,,,,,,,,,,,,,,
50676,Edlu Distance Race,2026,Not shown on scratch-sheet page,71st Annual Edlu | PHRF,71st Annual Edlu,PHRF III,,32,0,PHRF III,,ENTRY ONLY,,,,max,Max,USA 75050,Pogo 50,50 Ft,Moritz Hilf,New York Yacht Club / Storm Trysail Club,"New York, NY, USA",PHRF,ToD / ToT,-18.0,-18.0,2026,2026 Edlu Distance Race,1.0,,,,,,,https://yachtscoring.com/event_scratch_sheet/50676,https://yachtscoring.com/boatdetail/50676/521148,Additional scratch-sheet entry hosted by Larchmont Yacht Club. Included because reported length is at least 28 ft. Scratch-sheet entry sequence: 4.. Result fields were not added because this import is based on the entry sheet.,368146320,368146320,MAX,Not provided in export,Sailing,15.0,5.0,,Not provided in export,2026-09-04T12:38:38.982Z,2026-09-05T10:31:55.796Z,1238.0,High,"Exact normalized name match, compatible AIS vessel type, and compatible reported length.",Attached AIS_EVENTS_RAW.csv
50676,Edlu Distance Race,2026,Not shown on scratch-sheet page,71st Annual Edlu | PHRF,71st Annual Edlu,PHRF III,,32,0,PHRF III,,ENTRY ONLY,,,,scylla,Scylla,USA 60739,Dehler 46,47 Ft,Markus Lahrkamp,American Yacht Club,"Rye, NY, USA",PHRF,ToD / ToT,15.0,15.0,2026,2026 Edlu Distance Race,1.0,,,,,,,https://yachtscoring.com/event_scratch_sheet/50676,https://yachtscoring.com/boatdetail/50676/521106,Additional scratch-sheet entry hosted by Larchmont Yacht Club. Included because reported length is at least 28 ft. Scratch-sheet entry sequence: 5.. Result fields were not added because this import is based on the entry sheet.,,,,,,,,,,,,,,,
50676,Edlu Distance Race,2026,Not shown on scratch-sheet page,71st Annual Edlu | PHRF,71st Annual Edlu,PHRF III,,32,0,PHRF III,,ENTRY ONLY,,,,sweetlorraine,Sweet Lorraine,USA 61879,J/40,40.9 Ft,Mark Hansen,Larchmont Yacht Club,"Scarsdale, NY, USA",PHRF,ToD / ToT,15.0,15.0,2026,2026 Edlu Distance Race,1.0,,,,,,,https://yachtscoring.com/event_scratch_sheet/50676,https://yachtscoring.com/boatdetail/50676/521058,Additional scratch-sheet entry hosted by Larchmont Yacht Club. Included because reported length is at least 28 ft. Scratch-sheet entry sequence: 6.. Result fields were not added because this import is based on the entry sheet.,,,,,,,,,,,,,,,
50676,Edlu Distance Race,2026,Not shown on scratch-sheet page,71st Annual Edlu | PHRF,71st Annual Edlu,PHRF III,,32,0,PHRF III,,ENTRY ONLY,,,,varuna,Varuna,Uni 88,J/111,36.5 Ft,Abhijeet Lele,Sachem's Head Yacht Club / New York Yacht Club,"Guilford, CT, USA",PHRF,ToD / ToT,24.0,24.0,2026,2026 Edlu Distance Race,1.0,,,,,,,https://yachtscoring.com/event_scratch_sheet/50676,https://yachtscoring.com/boatdetail/50676/521352,Additional scratch-sheet entry hosted by Larchmont Yacht Club. Included because reported length is at least 28 ft. Scratch-sheet entry sequence: 7.. Result fields were not added because this import is based on the entry sheet.,,,,,,,,,,,,,,,
50676,Edlu Distance Race,2026,Not shown on scratch-sheet page,71st Annual Edlu | ORC,71st Annual Edlu,ORC I,,14,0,ORC I,,ENTRY ONLY,,,,christopherdragonxii,Christopher Dragon XII,USA 2277,Italia 11.98,38 Ft,Linda and Andrew Weiss .,NYYC/Storm Trysail Club/Larchmont Yacht Club,"Mamaroneck, NY, USA",ORC,APH,524.8,524.8,2026,2026 Edlu Distance Race,1.0,,,,,,,https://yachtscoring.com/event_scratch_sheet/50676,https://yachtscoring.com/boatdetail/50676/519219,Additional scratch-sheet entry hosted by Larchmont Yacht Club. Included because reported length is at least 28 ft. Scratch-sheet entry sequence: 1.. Result fields were not added because this import is based on the entry sheet.,,,,,,,,,,,,,,,
50676,Edlu Distance Race,2026,Not shown on scratch-sheet page,71st Annual Edlu | ORC,71st Annual Edlu,ORC I,,14,0,ORC I,,ENTRY ONLY,,,,dawgzout,Dawgz Out,USA 30016,C&C 30 One Design,30 Ft,United States Merchant Marine Academy,Kings Point United States Merchant Marine Academy,"Kings Point, NY, USA",ORC,APH,511.0,511.0,2026,2026 Edlu Distance Race,1.0,,,,,,,https://yachtscoring.com/event_scratch_sheet/50676,https://yachtscoring.com/boatdetail/50676/522234,Additional scratch-sheet entry hosted by Larchmont Yacht Club. Included because reported length is at least 28 ft. Scratch-sheet entry sequence: 2.. Result fields were not added because this import is based on the entry sheet.,,,,,,,,,,,,,,,
50676,Edlu Distance Race,2026,Not shown on scratch-sheet page,71st Annual Edlu | ORC,71st Annual Edlu,ORC I,,14,0,ORC I,,ENTRY ONLY,,,,direwolf,Dire Wolf,USA 12204,J/122,40 Ft,Constantine Baris,Sagamore Yacht Club / New York Yacht Club / Storm Trysail Club / New York Athletic Club Yacht Club,"Locust Valley, NY, USA",ORC,APH,508.4,508.4,2026,2026 Edlu Distance Race,1.0,,,,,,,https://yachtscoring.com/event_scratch_sheet/50676,https://yachtscoring.com/boatdetail/50676/519667,Additional scratch-sheet entry hosted by Larchmont Yacht Club. Included because reported length is at least 28 ft. Scratch-sheet entry sequence: 3.. Result fields were not added because this import is based on the entry sheet.,,,,,,,,,,,,,,,
50676,Edlu Distance Race,2026,Not shown on scratch-sheet page,71st Annual Edlu | ORC,71st Annual Edlu,ORC I,,14,0,ORC I,,ENTRY ONLY,,,,imagine,Imagine,USA108,X382,11.5 M,Matt Blake,Harlem,"Pelham, NY, USA",ORC,APH,558.6,558.6,2026,2026 Edlu Distance Race,1.0,,,,,,,https://yachtscoring.com/event_scratch_sheet/50676,https://yachtscoring.com/boatdetail/50676/521748,Additional scratch-sheet entry hosted by Larchmont Yacht Club. Included because reported length is at least 28 ft. Scratch-sheet entry sequence: 4.. Result fields were not added because this import is based on the entry sheet.,368262650; 368402520,368262650; 368402520,IMAGINE,Not provided in export,Sailing,12.0,5.0,,Not provided in export,2026-09-04T00:04:04.754Z,2026-09-05T12:48:53.021Z,2532.0,Low,"Exact normalized name matched multiple AIS MMSIs; verify using dimensions, owner, or callsign.",Attached AIS_EVENTS_RAW.csv
50676,Edlu Distance Race,2026,Not shown on scratch-sheet page,71st Annual Edlu | ORC,71st Annual Edlu,ORC I,,14,0,ORC I,,ENTRY ONLY,,,,inisharon,Inisharon,USA 51003,Lyman Morse Seguin 49,50.2 Ft,Jim Murphy,"American Yacht Club, STC, CCA, NYYC","Rye, NY, USA",ORC,APH,537.8,537.8,2026,2026 Edlu Distance Race,1.0,,,,,,,https://yachtscoring.com/event_scratch_sheet/50676,https://yachtscoring.com/boatdetail/50676/521427,Additional scratch-sheet entry hosted by Larchmont Yacht Club. Included because reported length is at least 28 ft. Scratch-sheet entry sequence: 5.. Result fields were not added because this import is based on the entry sheet.,,,,,,,,,,,,,,,
50676,Edlu Distance Race,2026,Not shown on scratch-sheet page,71st Annual Edlu | ORC,71st Annual Edlu,ORC I,,14,0,ORC I,,ENTRY ONLY,,,,intheory,In Theory,USA 61183,JPK 1080,35.5 Ft,Peter McWhinnie,"LYC, STC, RORC","Larchmont, New York, USA",ORC,APH,528.2,528.2,2026,2026 Edlu Distance Race,1.0,,,,,,,https://yachtscoring.com/event_scratch_sheet/50676,https://yachtscoring.com/boatdetail/50676/519683,Additional scratch-sheet entry hosted by Larchmont Yacht Club. Included because reported length is at least 28 ft. Scratch-sheet entry sequence: 6.. Result fields were not added because this import is based on the entry sheet.,368070090,368070090,IN THEORY,Not provided in export,Sailing,11.0,4.0,,Not provided in export,2026-09-04T13:01:55.789Z,2026-09-05T11:26:06.426Z,1728.0,High,"Exact normalized name match, compatible AIS vessel type, and compatible reported length.",Attached AIS_EVENTS_RAW.csv
50676,Edlu Distance Race,2026,Not shown on scratch-sheet page,71st Annual Edlu | ORC,71st Annual Edlu,ORC I,,14,0,ORC I,,ENTRY ONLY,,,,sleeper,SLEEPER,Uni 326,J/105,34.5 Ft,NEKA SAILING,NEKA Sailing,"Glen Cove, NY, USA",ORC,APH,540.2,540.2,2026,2026 Edlu Distance Race,1.0,,,,,,,https://yachtscoring.com/event_scratch_sheet/50676,https://yachtscoring.com/boatdetail/50676/522302,Additional scratch-sheet entry hosted by Larchmont Yacht Club. Included because reported length is at least 28 ft. Scratch-sheet entry sequence: 7.. Result fields were not added because this import is based on the entry sheet.,,,,,,,,,,,,,,,
50676,Edlu Distance Race,2026,Not shown on scratch-sheet page,71st Annual Edlu | ORC,71st Annual Edlu,ORC II,,14,0,ORC II,,ENTRY ONLY,,,,cougar,Cougar,Uni 4900,J 160,53 Ft,Leonard Sitar,Storm Trysail Club / American Yacht Club / New York Yacht Club / Cruising Club of America,"Holmdel, NJ, USA",ORC,APH,464.2,464.2,2026,2026 Edlu Distance Race,1.0,,,,,,,https://yachtscoring.com/event_scratch_sheet/50676,https://yachtscoring.com/boatdetail/50676/521151,Additional scratch-sheet entry hosted by Larchmont Yacht Club. Included because reported length is at least 28 ft. Scratch-sheet entry sequence: 1.. Result fields were not added because this import is based on the entry sheet.,303392000,303392000,COUGAR,Not provided in export,Sailing,16.0,4.0,,Not provided in export,2026-09-04T13:01:38.926Z,2026-09-05T11:23:34.441Z,1509.0,High,"Exact normalized name match, compatible AIS vessel type, and compatible reported length.",Attached AIS_EVENTS_RAW.csv
50676,Edlu Distance Race,2026,Not shown on scratch-sheet page,71st Annual Edlu | ORC,71st Annual Edlu,ORC II,,14,0,ORC II,,ENTRY ONLY,,,,eldiablo,El Diablo,USA 56600,Bolt 37,37 Ft,Robert Fryer,American Yacht Club / New York Yacht Club,"Cos Cob, CT, USA",ORC,APH,477.2,477.2,2026,2026 Edlu Distance Race,1.0,,,,,,,https://yachtscoring.com/event_scratch_sheet/50676,https://yachtscoring.com/boatdetail/50676/522034,Additional scratch-sheet entry hosted by Larchmont Yacht Club. Included because reported length is at least 28 ft. Scratch-sheet entry sequence: 2.. Result fields were not added because this import is based on the entry sheet.,338554674,338554674,EL DIABLO,Not provided in export,Sailing,12.0,4.0,,Not provided in export,2026-09-04T13:01:46.91Z,2026-09-05T10:18:00.943Z,702.0,High,"Exact normalized name match, compatible AIS vessel type, and compatible reported length.",Attached AIS_EVENTS_RAW.csv
50676,Edlu Distance Race,2026,Not shown on scratch-sheet page,71st Annual Edlu | ORC,71st Annual Edlu,ORC II,,14,0,ORC II,,ENTRY ONLY,,,,fortissimo,Fortissimo,USA 25,IC37,37 Ft,United States Merchant Marine Academy,Kings Point United States Merchant Marine Academy,"Kings Point, NY, USA",ORC,APH,470.5,470.5,2026,2026 Edlu Distance Race,1.0,,,,,,,https://yachtscoring.com/event_scratch_sheet/50676,https://yachtscoring.com/boatdetail/50676/520605,Additional scratch-sheet entry hosted by Larchmont Yacht Club. Included because reported length is at least 28 ft. Scratch-sheet entry sequence: 3.. Result fields were not added because this import is based on the entry sheet.,,,,,,,,,,,,,,,
50676,Edlu Distance Race,2026,Not shown on scratch-sheet page,71st Annual Edlu | ORC,71st Annual Edlu,ORC II,,14,0,ORC II,,ENTRY ONLY,,,,goodnews,Good News,USA 7065,J/125,41 Ft,Macrae Sykes,NYYC/RYC/STC,"Old Greenwich, CT, USA",ORC,APH,462.2,462.2,2026,2026 Edlu Distance Race,1.0,,,,,,,https://yachtscoring.com/event_scratch_sheet/50676,https://yachtscoring.com/boatdetail/50676/520574,Additional scratch-sheet entry hosted by Larchmont Yacht Club. Included because reported length is at least 28 ft. Scratch-sheet entry sequence: 4.. Result fields were not added because this import is based on the entry sheet.,368131030,368131030,GOOD NEWS,Not provided in export,Pleasure,13.0,3.0,,Not provided in export,2026-09-04T13:01:38.543Z,2026-09-05T10:24:36.89Z,624.0,High,"Exact normalized name match, compatible AIS vessel type, and compatible reported length.",Attached AIS_EVENTS_RAW.csv
50676,Edlu Distance Race,2026,Not shown on scratch-sheet page,71st Annual Edlu | ORC,71st Annual Edlu,ORC II,,14,0,ORC II,,ENTRY ONLY,,,,phantom,Phantom,USA 60711,Xp 44,39 Ft,Chris Schoen,Larchmont Yacht Club,"Larchmont, NY, USA",ORC,APH,482.4,482.4,2026,2026 Edlu Distance Race,1.0,,,,,,,https://yachtscoring.com/event_scratch_sheet/50676,https://yachtscoring.com/boatdetail/50676/520097,Additional scratch-sheet entry hosted by Larchmont Yacht Club. Included because reported length is at least 28 ft. Scratch-sheet entry sequence: 5.. Result fields were not added because this import is based on the entry sheet.,338242317; 368001170; 368077430,338242317; 368001170; 368077430,PHANTOM,Not provided in export,Sailing,13.0,4.0,,Not provided in export,2026-09-04T13:01:46.597Z,2026-09-05T18:18:29.753Z,1979.0,Low,"Exact normalized name matched multiple AIS MMSIs; verify using dimensions, owner, or callsign.",Attached AIS_EVENTS_RAW.csv
50676,Edlu Distance Race,2026,Not shown on scratch-sheet page,71st Annual Edlu | ORC,71st Annual Edlu,ORC II,,14,0,ORC II,,ENTRY ONLY,,,,rocksteady,Rocksteady,USA 60492,Xp 44,44 Ft,Baudoin Lorans,Larchmont Yacht Club,"Larchmont, NY, USA",ORC,APH,480.7,480.7,2026,2026 Edlu Distance Race,1.0,,,,,,,https://yachtscoring.com/event_scratch_sheet/50676,https://yachtscoring.com/boatdetail/50676/522043,Additional scratch-sheet entry hosted by Larchmont Yacht Club. Included because reported length is at least 28 ft. Scratch-sheet entry sequence: 6.. Result fields were not added because this import is based on the entry sheet.,,,,,,,,,,,,,,,
50676,Edlu Distance Race,2026,Not shown on scratch-sheet page,71st Annual Edlu | ORC,71st Annual Edlu,ORC II,,14,0,ORC II,,ENTRY ONLY,,,,zammermoos,Zammermoos,US 4224,Club Swan 42,42 Ft,David Fass,New York Yacht Club,"Mamaroneck, NY, USA",ORC,APH,474.5,474.5,2026,2026 Edlu Distance Race,1.0,,,,,,,https://yachtscoring.com/event_scratch_sheet/50676,https://yachtscoring.com/boatdetail/50676/521156,Additional scratch-sheet entry hosted by Larchmont Yacht Club. Included because reported length is at least 28 ft. Scratch-sheet entry sequence: 7.. Result fields were not added because this import is based on the entry sheet.,,,,,,,,,,,,,,,
50073,Larchmont Race Week,2025,Not shown on scratch-sheet page,Cruising Boats (July 19-20) | PHRF,Cruising Boats (July 19-20),Cruising Boats PHRF - 30 and below,,18,0,Cruising Boats PHRF - 30 and below,,ENTRY ONLY,,,,arma,ARMA,USA 61211,GP42,42 Ft,"Dubois, Eaves Krow, Roseberry",Larchmont Yacht Club,"Larchmont, NY, USA",PHRF,ToD / ToT,-33.0,-33.0,2025,2025 Larchmont Race Week,1.0,,,,,,,https://yachtscoring.com/event_scratch_sheet/50073,https://yachtscoring.com/boatdetail/50073/509952,Additional scratch-sheet entry hosted by Larchmont Yacht Club. Included because reported length is at least 28 ft. Scratch-sheet entry sequence: 1.. Result fields were not added because this import is based on the entry sheet.,,,,,,,,,,,,,,,
50073,Larchmont Race Week,2025,Not shown on scratch-sheet page,Cruising Boats (July 19-20) | PHRF,Cruising Boats (July 19-20),Cruising Boats PHRF - 30 and below,,18,0,Cruising Boats PHRF - 30 and below,,ENTRY ONLY,,,,eldiablo,El Diablo,USA 56600,Bolt 37,37 Ft,Robert Fryer,American Yacht Club/New York Yacht Club,"Cos Cob, CT, USA",PHRF,ToD / ToT,0.0,0.0,2025,2025 Larchmont Race Week,1.0,,,,,,,https://yachtscoring.com/event_scratch_sheet/50073,https://yachtscoring.com/boatdetail/50073/510883,Additional scratch-sheet entry hosted by Larchmont Yacht Club. Included because reported length is at least 28 ft. Scratch-sheet entry sequence: 2.. Result fields were not added because this import is based on the entry sheet.,338554674,338554674,EL DIABLO,Not provided in export,Sailing,12.0,4.0,,Not provided in export,2026-09-04T13:01:46.91Z,2026-09-05T10:18:00.943Z,702.0,High,"Exact normalized name match, compatible AIS vessel type, and compatible reported length.",Attached AIS_EVENTS_RAW.csv
50073,Larchmont Race Week,2025,Not shown on scratch-sheet page,Cruising Boats (July 19-20) | PHRF,Cruising Boats (July 19-20),Cruising Boats PHRF - 30 and below,,18,0,Cruising Boats PHRF - 30 and below,,ENTRY ONLY,,,,fairamerican,Fair American,USA 32,IC37,37 Ft,American YC Women's IC37,American Yacht Club,"Rye, NY, USA",PHRF,ToD / ToT,-9.0,-9.0,2025,2025 Larchmont Race Week,1.0,,,,,,,https://yachtscoring.com/event_scratch_sheet/50073,https://yachtscoring.com/boatdetail/50073/509866,Additional scratch-sheet entry hosted by Larchmont Yacht Club. Included because reported length is at least 28 ft. Scratch-sheet entry sequence: 3.. Result fields were not added because this import is based on the entry sheet.,,,,,,,,,,,,,,,
50073,Larchmont Race Week,2025,Not shown on scratch-sheet page,Cruising Boats (July 19-20) | PHRF,Cruising Boats (July 19-20),Cruising Boats PHRF - 30 and below,,18,0,Cruising Boats PHRF - 30 and below,,ENTRY ONLY,,,,habiru,Habiru,USA 61124,J 121,40.0 Ft,Steve Losik,United yacht Club,"Great Neck, NY, USA",PHRF,ToD / ToT,27.0,27.0,2025,2025 Larchmont Race Week,1.0,,,,,,,https://yachtscoring.com/event_scratch_sheet/50073,https://yachtscoring.com/boatdetail/50073/510732,Additional scratch-sheet entry hosted by Larchmont Yacht Club. Included because reported length is at least 28 ft. Scratch-sheet entry sequence: 4.. Result fields were not added because this import is based on the entry sheet.,338413878,338413878,HABIRU,Not provided in export,Sailing,12.0,4.0,,Not provided in export,2026-09-04T13:01:42.289Z,2026-09-05T10:32:13.798Z,1063.0,High,"Exact normalized name match, compatible AIS vessel type, and compatible reported length.",Attached AIS_EVENTS_RAW.csv
50073,Larchmont Race Week,2025,Not shown on scratch-sheet page,Cruising Boats (July 19-20) | PHRF,Cruising Boats (July 19-20),Cruising Boats PHRF - 30 and below,,18,0,Cruising Boats PHRF - 30 and below,,ENTRY ONLY,,,,rocksteady,Rocksteady,USA 60492,Xp 44,44 Ft,Baudoin Lorans,Larchmont Yacht Club,"Larchmont, NY, USA",PHRF,ToD / ToT,6.0,6.0,2025,2025 Larchmont Race Week,1.0,,,,,,,https://yachtscoring.com/event_scratch_sheet/50073,https://yachtscoring.com/boatdetail/50073/509947,Additional scratch-sheet entry hosted by Larchmont Yacht Club. Included because reported length is at least 28 ft. Scratch-sheet entry sequence: 5.. Result fields were not added because this import is based on the entry sheet.,,,,,,,,,,,,,,,
50073,Larchmont Race Week,2025,Not shown on scratch-sheet page,Cruising Boats (July 19-20) | PHRF,Cruising Boats (July 19-20),Cruising Boats PHRF - 30 and below,,18,0,Cruising Boats PHRF - 30 and below,,ENTRY ONLY,,,,skye,Skye,USA 39534,Farr 395,40 Ft,Ty Anderson,Riverside/STC/NYYC,"Riverside, CT, USA",PHRF,ToD / ToT,30.0,30.0,2025,2025 Larchmont Race Week,1.0,,,,,,,https://yachtscoring.com/event_scratch_sheet/50073,https://yachtscoring.com/boatdetail/50073/510293,Additional scratch-sheet entry hosted by Larchmont Yacht Club. Included because reported length is at least 28 ft. Scratch-sheet entry sequence: 6.. Result fields were not added because this import is based on the entry sheet.,,,,,,,,,,,,,,,
50073,Larchmont Race Week,2025,Not shown on scratch-sheet page,Cruising Boats (July 19-20) | PHRF,Cruising Boats (July 19-20),Cruising Boats PHRF 31 - 90,,18,0,Cruising Boats PHRF 31 - 90,,ENTRY ONLY,,,,christopherdragonxii,Christopher Dragon XII,USA 2277ex,Italia 11.98,38 Ft,Andrew & Linda Weiss,Storm Trysail Club / Larchmont Yacht Club,"Mamaroneck, NY, USA",PHRF,ToD / ToT,45.0,45.0,2025,2025 Larchmont Race Week,1.0,,,,,,,https://yachtscoring.com/event_scratch_sheet/50073,https://yachtscoring.com/boatdetail/50073/510123,Additional scratch-sheet entry hosted by Larchmont Yacht Club. Included because reported length is at least 28 ft. Scratch-sheet entry sequence: 1.. Result fields were not added because this import is based on the entry sheet.,,,,,,,,,,,,,,,
50073,Larchmont Race Week,2025,Not shown on scratch-sheet page,Cruising Boats (July 19-20) | PHRF,Cruising Boats (July 19-20),Cruising Boats PHRF 31 - 90,,18,0,Cruising Boats PHRF 31 - 90,,ENTRY ONLY,,,,coconspirator,Co-Conspirator,USA USA 48,J 33,33 Ft,Dittenhofer / Roleke,Toms River Yacht Club,"Lanoka Harbor, NJ, USA",PHRF,ToD / ToT,87.0,87.0,2025,2025 Larchmont Race Week,1.0,,,,,,,https://yachtscoring.com/event_scratch_sheet/50073,https://yachtscoring.com/boatdetail/50073/510888,Additional scratch-sheet entry hosted by Larchmont Yacht Club. Included because reported length is at least 28 ft. Scratch-sheet entry sequence: 2.. Result fields were not added because this import is based on the entry sheet.,,,,,,,,,,,,,,,
50073,Larchmont Race Week,2025,Not shown on scratch-sheet page,Cruising Boats (July 19-20) | PHRF,Cruising Boats (July 19-20),Cruising Boats PHRF 31 - 90,,18,0,Cruising Boats PHRF 31 - 90,,ENTRY ONLY,,,,geronimoscadillac,Geronimo's Cadillac,USA 691,Farr 30,30.90 Ft,Hansen/ Zaleski,Stamford YC,"Stamford, CT, USA",PHRF,ToD / ToT,57.0,57.0,2025,2025 Larchmont Race Week,1.0,,,,,,,https://yachtscoring.com/event_scratch_sheet/50073,https://yachtscoring.com/boatdetail/50073/510714,Additional scratch-sheet entry hosted by Larchmont Yacht Club. Included because reported length is at least 28 ft. Scratch-sheet entry sequence: 3.. Result fields were not added because this import is based on the entry sheet.,,,,,,,,,,,,,,,
50073,Larchmont Race Week,2025,Not shown on scratch-sheet page,Cruising Boats (July 19-20) | PHRF,Cruising Boats (July 19-20),Cruising Boats PHRF 31 - 90,,18,0,Cruising Boats PHRF 31 - 90,,ENTRY ONLY,,,,kiwiblue,Kiwiblue,USA 61243,Dehler 38,38 Ft,Barry Douglas,,"Lansdale, PA, USA",PHRF,ToD / ToT,81.0,81.0,2025,2025 Larchmont Race Week,1.0,,,,,,,https://yachtscoring.com/event_scratch_sheet/50073,https://yachtscoring.com/boatdetail/50073/509875,Additional scratch-sheet entry hosted by Larchmont Yacht Club. Included because reported length is at least 28 ft. Scratch-sheet entry sequence: 4.. Result fields were not added because this import is based on the entry sheet.,,,,,,,,,,,,,,,
50073,Larchmont Race Week,2025,Not shown on scratch-sheet page,Cruising Boats (July 19-20) | PHRF,Cruising Boats (July 19-20),Cruising Boats PHRF 31 - 90,,18,0,Cruising Boats PHRF 31 - 90,,ENTRY ONLY,,,,silverlining,Silver Lining,USA 049,Beneteau,56 Ft,Richard Graydon,Liberty Yacht Club,"New York, NY, USA",PHRF,ToD / ToT,63.0,63.0,2025,2025 Larchmont Race Week,1.0,,,,,,,https://yachtscoring.com/event_scratch_sheet/50073,https://yachtscoring.com/boatdetail/50073/511466,Additional scratch-sheet entry hosted by Larchmont Yacht Club. Included because reported length is at least 28 ft. Scratch-sheet entry sequence: 6.. Result fields were not added because this import is based on the entry sheet.,,,,,,,,,,,,,,,
50073,Larchmont Race Week,2025,Not shown on scratch-sheet page,Cruising Boats (July 19-20) | PHRF,Cruising Boats (July 19-20),Cruising Boats PHRF 31 - 90,,18,0,Cruising Boats PHRF 31 - 90,,ENTRY ONLY,,,,texasrose,Texas Rose,USA 58,J 112e,36 Ft,William Komaroff,Larchmont YC,"Larchmont, NY, USA",PHRF,ToD / ToT,54.0,54.0,2025,2025 Larchmont Race Week,1.0,,,,,,,https://yachtscoring.com/event_scratch_sheet/50073,https://yachtscoring.com/boatdetail/50073/510784,Additional scratch-sheet entry hosted by Larchmont Yacht Club. Included because reported length is at least 28 ft. Scratch-sheet entry sequence: 7.. Result fields were not added because this import is based on the entry sheet.,,,,,,,,,,,,,,,
50073,Larchmont Race Week,2025,Not shown on scratch-sheet page,Cruising Boats (July 19-20) | PHRF,Cruising Boats (July 19-20),Cruising Boats PHRF 31 - 90,,18,0,Cruising Boats PHRF 31 - 90,,ENTRY ONLY,,,,thinman,Thin Man,USA 24,J/99,32.6 Ft,Todd Aven,City Island YC / Storm Trysail Club,"Brooklyn, NY, USA",PHRF,ToD / ToT,78.0,78.0,2025,2025 Larchmont Race Week,1.0,,,,,,,https://yachtscoring.com/event_scratch_sheet/50073,https://yachtscoring.com/boatdetail/50073/511098,Additional scratch-sheet entry hosted by Larchmont Yacht Club. Included because reported length is at least 28 ft. Scratch-sheet entry sequence: 8.. Result fields were not added because this import is based on the entry sheet.,368114910,368114910,THIN MAN,Not provided in export,Sailing,10.0,4.0,,Not provided in export,2026-09-04T12:42:09.782Z,2026-09-05T12:28:11.623Z,2454.0,High,"Exact normalized name match, compatible AIS vessel type, and compatible reported length.",Attached AIS_EVENTS_RAW.csv
50073,Larchmont Race Week,2025,Not shown on scratch-sheet page,Cruising Boats (July 19-20) | PHRF,Cruising Boats (July 19-20),Cruising Boats PHRF - 91 and above,,18,0,Cruising Boats PHRF - 91 and above,,ENTRY ONLY,,,,easyred,Easy Red,USA 92,J/92,30 Ft,Jon-Claude Zucconi,Indian Harbor Yacht Club,"Greenwich, CT, USA",PHRF,ToD / ToT,114.0,114.0,2025,2025 Larchmont Race Week,1.0,,,,,,,https://yachtscoring.com/event_scratch_sheet/50073,https://yachtscoring.com/boatdetail/50073/510628,Additional scratch-sheet entry hosted by Larchmont Yacht Club. Included because reported length is at least 28 ft. Scratch-sheet entry sequence: 1.. Result fields were not added because this import is based on the entry sheet.,,,,,,,,,,,,,,,
50073,Larchmont Race Week,2025,Not shown on scratch-sheet page,Cruising Boats (July 19-20) | PHRF,Cruising Boats (July 19-20),Cruising Boats PHRF - 91 and above,,18,0,Cruising Boats PHRF - 91 and above,,ENTRY ONLY,,,,nantucket,Nantucket,37,Beneteau 37,37.7 Ft,George Braverman,YRALIS,"Rye, NY, USA",PHRF,ToD / ToT,156.0,156.0,2025,2025 Larchmont Race Week,1.0,,,,,,,https://yachtscoring.com/event_scratch_sheet/50073,https://yachtscoring.com/boatdetail/50073/510596,Additional scratch-sheet entry hosted by Larchmont Yacht Club. Included because reported length is at least 28 ft. Scratch-sheet entry sequence: 2.. Result fields were not added because this import is based on the entry sheet.,,,,,,,,,,,,,,,
50073,Larchmont Race Week,2025,Not shown on scratch-sheet page,Cruising Boats (July 19-20) | PHRF,Cruising Boats (July 19-20),Cruising Boats PHRF - 91 and above,,18,0,Cruising Boats PHRF - 91 and above,,ENTRY ONLY,,,,silentpartner,Silent Partner,USA 54284,J/92,30 Ft,Ryan Malloy,Larchmont Yacht Club,"Mamaroneck, NY, USA",PHRF,ToD / ToT,114.0,114.0,2025,2025 Larchmont Race Week,1.0,,,,,,,https://yachtscoring.com/event_scratch_sheet/50073,https://yachtscoring.com/boatdetail/50073/511088,Additional scratch-sheet entry hosted by Larchmont Yacht Club. Included because reported length is at least 28 ft. Scratch-sheet entry sequence: 3.. Result fields were not added because this import is based on the entry sheet.,,,,,,,,,,,,,,,
50073,Larchmont Race Week,2025,Not shown on scratch-sheet page,Cruising Boats (July 19-20) | PHRF,Cruising Boats (July 19-20),Cruising Boats Non-Spin,,18,0,Cruising Boats Non-Spin,,ENTRY ONLY,,,,impulse,IMPULSE,USA 52463,O'Day 39,39 Ft,Len Di Iorio,Huguenot Y.C.,"New Rochelle, NY, USA",PHRF,ToD / ToT,138.0,138.0,2025,2025 Larchmont Race Week,1.0,,,,,,,https://yachtscoring.com/event_scratch_sheet/50073,https://yachtscoring.com/boatdetail/50073/510127,Additional scratch-sheet entry hosted by Larchmont Yacht Club. Included because reported length is at least 28 ft. Scratch-sheet entry sequence: 1.. Result fields were not added because this import is based on the entry sheet.,369735000,369735000,IMPULSE,Not provided in export,Pleasure,27.0,6.0,,Not provided in export,2026-09-04T23:45:18.035Z,2026-09-06T06:50:03.447Z,459.0,Low,"Exact normalized name match, but AIS reported length or type conflicts with the race entry.",Attached AIS_EVENTS_RAW.csv
50073,Larchmont Race Week,2025,Not shown on scratch-sheet page,Cruising Boats (July 19-20) | PHRF,Cruising Boats (July 19-20),Cruising Boats Non-Spin,,18,0,Cruising Boats Non-Spin,,ENTRY ONLY,,,,searabbit,Sea Rabbit,USA 12582,Pearson P36,36.5 Ft,Ken MacArtney,Huguenot Yacht Club,"New Rochelle, NY, USA",PHRF,ToD / ToT,144.0,144.0,2025,2025 Larchmont Race Week,1.0,,,,,,,https://yachtscoring.com/event_scratch_sheet/50073,https://yachtscoring.com/boatdetail/50073/510928,Additional scratch-sheet entry hosted by Larchmont Yacht Club. Included because reported length is at least 28 ft. Scratch-sheet entry sequence: 2.. Result fields were not added because this import is based on the entry sheet.,,,,,,,,,,,,,,,
50073,Larchmont Race Week,2025,Not shown on scratch-sheet page,Cruising Boats (July 19-20) | One Design,Cruising Boats (July 19-20),Cruising Boats J/88 One Design,,11,0,Cruising Boats J/88 One Design,,ENTRY ONLY,,,,albondigas,Albondigas,USA 34,J/88,29,Justin Scagnelli,Huguenot Yacht Club,"New York, NY, USA",One Design,Rating,,,2025,2025 Larchmont Race Week,1.0,,,,,,,https://yachtscoring.com/event_scratch_sheet/50073,https://yachtscoring.com/boatdetail/50073/509392,Additional scratch-sheet entry hosted by Larchmont Yacht Club. Included because reported length is at least 28 ft. Scratch-sheet entry sequence: 1.. Result fields were not added because this import is based on the entry sheet.,,,,,,,,,,,,,,,
50073,Larchmont Race Week,2025,Not shown on scratch-sheet page,Cruising Boats (July 19-20) | One Design,Cruising Boats (July 19-20),Cruising Boats J/88 One Design,,11,0,Cruising Boats J/88 One Design,,ENTRY ONLY,,,,deviation,Deviation YCC,USA 24,J/88,29 Ft,Iris Vogel,"HYC,STC, NYYC","New Rochelle, NY, USA",One Design,Rating,,,2025,2025 Larchmont Race Week,1.0,,,,,,,https://yachtscoring.com/event_scratch_sheet/50073,https://yachtscoring.com/boatdetail/50073/510132,Additional scratch-sheet entry hosted by Larchmont Yacht Club. Included because reported length is at least 28 ft. Scratch-sheet entry sequence: 2.. Result fields were not added because this import is based on the entry sheet.,,,,,,,,,,,,,,,
50073,Larchmont Race Week,2025,Not shown on scratch-sheet page,Cruising Boats (July 19-20) | One Design,Cruising Boats (July 19-20),Cruising Boats J/88 One Design,,11,0,Cruising Boats J/88 One Design,,ENTRY ONLY,,,,ohjee,Oh Jee,USA 25,J 88,29 ft,Nicolas Delcourt,Larchmont Yacht Club,"Rye, NY, USA",One Design,Rating,,,2025,2025 Larchmont Race Week,1.0,,,,,,,https://yachtscoring.com/event_scratch_sheet/50073,https://yachtscoring.com/boatdetail/50073/509007,Additional scratch-sheet entry hosted by Larchmont Yacht Club. Included because reported length is at least 28 ft. Scratch-sheet entry sequence: 3.. Result fields were not added because this import is based on the entry sheet.,,,,,,,,,,,,,,,
50073,Larchmont Race Week,2025,Not shown on scratch-sheet page,Cruising Boats (July 19-20) | One Design,Cruising Boats (July 19-20),Cruising Boats J/88 One Design,,11,0,Cruising Boats J/88 One Design,,ENTRY ONLY,,,,redline,Redline,USA 8,J88,29,David Kaplan / Ray Gustin,Indian Harbor Yacht Club,"Rowayton, CT, USA",One Design,Rating,,,2025,2025 Larchmont Race Week,1.0,,,,,,,https://yachtscoring.com/event_scratch_sheet/50073,https://yachtscoring.com/boatdetail/50073/509403,Additional scratch-sheet entry hosted by Larchmont Yacht Club. Included because reported length is at least 28 ft. Scratch-sheet entry sequence: 4.. Result fields were not added because this import is based on the entry sheet.,,,,,,,,,,,,,,,
50073,Larchmont Race Week,2025,Not shown on scratch-sheet page,Cruising Boats (July 19-20) | One Design,Cruising Boats (July 19-20),Cruising Boats J/88 One Design,,11,0,Cruising Boats J/88 One Design,,ENTRY ONLY,,,,wildthing,Wild Thing,USA 110,J/88,29 Ft,Diego Sacristan,American Yacht Club,"Rye, NY, USA",One Design,Rating,,,2025,2025 Larchmont Race Week,1.0,,,,,,,https://yachtscoring.com/event_scratch_sheet/50073,https://yachtscoring.com/boatdetail/50073/510801,Additional scratch-sheet entry hosted by Larchmont Yacht Club. Included because reported length is at least 28 ft. Scratch-sheet entry sequence: 5.. Result fields were not added because this import is based on the entry sheet.,,,,,,,,,,,,,,,
50073,Larchmont Race Week,2025,Not shown on scratch-sheet page,Cruising Boats (July 19-20) | One Design,Cruising Boats (July 19-20),Cruising Boats J/105 One Design,,11,0,Cruising Boats J/105 One Design,,ENTRY ONLY,,,,peregrina,Peregrina,167,J 105,34.5 Ft,Ines Purcell,,"Norwalk, Ct, USA",One Design,Rating,,,2025,2025 Larchmont Race Week,1.0,,,,,,,https://yachtscoring.com/event_scratch_sheet/50073,https://yachtscoring.com/boatdetail/50073/510985,Additional scratch-sheet entry hosted by Larchmont Yacht Club. Included because reported length is at least 28 ft. Scratch-sheet entry sequence: 1.. Result fields were not added because this import is based on the entry sheet.,,,,,,,,,,,,,,,
50073,Larchmont Race Week,2025,Not shown on scratch-sheet page,Cruising Boats (July 19-20) | One Design,Cruising Boats (July 19-20),Cruising Boats J/105 One Design,,11,0,Cruising Boats J/105 One Design,,ENTRY ONLY,,,,shakennotstirred,Shaken not Stirred,USA 225,J 105,34.5 Ft,Shaken not Stirred Team,Riverside Yacht Club,"Old Greenwich, CT, USA",One Design,Rating,,,2025,2025 Larchmont Race Week,1.0,,,,,,,https://yachtscoring.com/event_scratch_sheet/50073,https://yachtscoring.com/boatdetail/50073/510147,Additional scratch-sheet entry hosted by Larchmont Yacht Club. Included because reported length is at least 28 ft. Scratch-sheet entry sequence: 2.. Result fields were not added because this import is based on the entry sheet.,338372436,338372436,SHAKEN NOT STIRRED,Not provided in export,Pleasure,10.0,3.0,,Not provided in export,2026-09-06T14:48:23.415Z,2026-09-06T16:37:18.492Z,224.0,High,"Exact normalized name match, compatible AIS vessel type, and compatible reported length.",Attached AIS_EVENTS_RAW.csv
50073,Larchmont Race Week,2025,Not shown on scratch-sheet page,Cruising Boats (July 19-20) | One Design,Cruising Boats (July 19-20),Cruising Boats J/105 One Design,,11,0,Cruising Boats J/105 One Design,,ENTRY ONLY,,,,tempestii,Tempest II - rw,USA 418,J/105,34.5 Ft,David Owen,LYC,"Larchmont, NY, USA",One Design,Rating,,,2025,2025 Larchmont Race Week,1.0,,,,,,,https://yachtscoring.com/event_scratch_sheet/50073,https://yachtscoring.com/boatdetail/50073/510926,Additional scratch-sheet entry hosted by Larchmont Yacht Club. Included because reported length is at least 28 ft. Scratch-sheet entry sequence: 3.. Result fields were not added because this import is based on the entry sheet.,,,,,,,,,,,,,,,
50073,Larchmont Race Week,2025,Not shown on scratch-sheet page,Cruising Boats (July 19-20) | One Design,Cruising Boats (July 19-20),Cruising Boats J/105 One Design,,11,0,Cruising Boats J/105 One Design,,ENTRY ONLY,,,,youngamerican,Young American,324,J 105,34.5 Ft,American YC Junior Big Boat Program,American Yacht Club,"Rye, NY, USA",One Design,Rating,,,2025,2025 Larchmont Race Week,1.0,,,,,,,https://yachtscoring.com/event_scratch_sheet/50073,https://yachtscoring.com/boatdetail/50073/510922,Additional scratch-sheet entry hosted by Larchmont Yacht Club. Included because reported length is at least 28 ft. Scratch-sheet entry sequence: 4.. Result fields were not added because this import is based on the entry sheet.,,,,,,,,,,,,,,,
50073,Larchmont Race Week,2025,Not shown on scratch-sheet page,Cruising Boats (July 19-20) | One Design,Cruising Boats (July 19-20),Cruising Boats J/109 One Design,,11,0,Cruising Boats J/109 One Design,,ENTRY ONLY,,,,3cheers,3 Cheers,USA 30,J/109,35 Ft,Alec Basilion,Noroton Yacht Club Junior Offshore Team,"DARIEN, Connecticut, USA",One Design,Rating,,,2025,2025 Larchmont Race Week,1.0,,,,,,,https://yachtscoring.com/event_scratch_sheet/50073,https://yachtscoring.com/boatdetail/50073/510478,Additional scratch-sheet entry hosted by Larchmont Yacht Club. Included because reported length is at least 28 ft. Scratch-sheet entry sequence: 1.. Result fields were not added because this import is based on the entry sheet.,,,,,,,,,,,,,,,
50073,Larchmont Race Week,2025,Not shown on scratch-sheet page,Cruising Boats (July 19-20) | One Design,Cruising Boats (July 19-20),Cruising Boats J/109 One Design,,11,0,Cruising Boats J/109 One Design,,ENTRY ONLY,,,,maddogsandenglishmen,Mad Dogs and Englishmen,USA 260,J/109,35 Ft,Alec Basilion,Noroton Yacht Club Junior Offshore Team,"DARIEN, Connecticut, USA",One Design,Rating,,,2025,2025 Larchmont Race Week,1.0,,,,,,,https://yachtscoring.com/event_scratch_sheet/50073,https://yachtscoring.com/boatdetail/50073/511207,Additional scratch-sheet entry hosted by Larchmont Yacht Club. Included because reported length is at least 28 ft. Scratch-sheet entry sequence: 3.. Result fields were not added because this import is based on the entry sheet.,,,,,,,,,,,,,,,
50073,Larchmont Race Week,2025,Not shown on scratch-sheet page,Execution Rocks | PHRF,Execution Rocks,Execution Rocks - Spin,,21,0,Execution Rocks - Spin,,ENTRY ONLY,,,,3cheersexrock,3 Cheers Ex Rock,30,J/109,35 Ft,Alec Basilion,Noroton Yacht Club Junior Offshore Team,"DARIEN, Connecticut, USA",PHRF,ToD / ToT,63.0,63.0,2025,2025 Larchmont Race Week,1.0,,,,,,,https://yachtscoring.com/event_scratch_sheet/50073,https://yachtscoring.com/boatdetail/50073/511521,Additional scratch-sheet entry hosted by Larchmont Yacht Club. Included because reported length is at least 28 ft. Scratch-sheet entry sequence: 1.. Result fields were not added because this import is based on the entry sheet.,,,,,,,,,,,,,,,
50073,Larchmont Race Week,2025,Not shown on scratch-sheet page,Execution Rocks | PHRF,Execution Rocks,Execution Rocks - Spin,,21,0,Execution Rocks - Spin,,ENTRY ONLY,,,,allegroexrocks,Allegro (Ex Rocks),USA 20,Herreshoff S Class,276 Ft,Bill Simmons,,USA,PHRF,ToD / ToT,210.0,210.0,2025,2025 Larchmont Race Week,1.0,,,,,,,https://yachtscoring.com/event_scratch_sheet/50073,https://yachtscoring.com/boatdetail/50073/509294,Additional scratch-sheet entry hosted by Larchmont Yacht Club. Included because reported length is at least 28 ft. Scratch-sheet entry sequence: 3.. Result fields were not added because this import is based on the entry sheet.,,,,,,,,,,,,,,,
50073,Larchmont Race Week,2025,Not shown on scratch-sheet page,Execution Rocks | PHRF,Execution Rocks,Execution Rocks - Spin,,21,0,Execution Rocks - Spin,,ENTRY ONLY,,,,armaexrx,ARMA - Ex Rx,USA 61211,GP42,42 Ft,"Dubois, Eaves Krow, Roseberry",Larchmont Yacht Club,"Larchmont, NY, USA",PHRF,ToD / ToT,-39.0,-39.0,2025,2025 Larchmont Race Week,1.0,,,,,,,https://yachtscoring.com/event_scratch_sheet/50073,https://yachtscoring.com/boatdetail/50073/510857,Additional scratch-sheet entry hosted by Larchmont Yacht Club. Included because reported length is at least 28 ft. Scratch-sheet entry sequence: 4.. Result fields were not added because this import is based on the entry sheet.,,,,,,,,,,,,,,,
50073,Larchmont Race Week,2025,Not shown on scratch-sheet page,Execution Rocks | PHRF,Execution Rocks,Execution Rocks - Spin,,21,0,Execution Rocks - Spin,,ENTRY ONLY,,,,atalanta,Atalanta,USA 60358,J 42,42 Ft,Anne Locher,Larchmont Yacht Club,"Greenwich, CT, USA",PHRF,ToD / ToT,69.0,69.0,2025,2025 Larchmont Race Week,1.0,,,,,,,https://yachtscoring.com/event_scratch_sheet/50073,https://yachtscoring.com/boatdetail/50073/511002,Additional scratch-sheet entry hosted by Larchmont Yacht Club. Included because reported length is at least 28 ft. Scratch-sheet entry sequence: 5.. Result fields were not added because this import is based on the entry sheet.,,,,,,,,,,,,,,,
50073,Larchmont Race Week,2025,Not shown on scratch-sheet page,Execution Rocks | PHRF,Execution Rocks,Execution Rocks - Spin,,21,0,Execution Rocks - Spin,,ENTRY ONLY,,,,christopherdragonxii,Christopher Dragon XII,USA 2277,Italia 11.98,38 Ft,Andrew & Linda Weiss,Storm Trysail Club / Larchmont Yacht Club,"Mamaroneck, NY, USA",PHRF,ToD / ToT,39.0,39.0,2025,2025 Larchmont Race Week,1.0,,,,,,,https://yachtscoring.com/event_scratch_sheet/50073,https://yachtscoring.com/boatdetail/50073/509586,Additional scratch-sheet entry hosted by Larchmont Yacht Club. Included because reported length is at least 28 ft. Scratch-sheet entry sequence: 6.. Result fields were not added because this import is based on the entry sheet.,,,,,,,,,,,,,,,
50073,Larchmont Race Week,2025,Not shown on scratch-sheet page,Execution Rocks | PHRF,Execution Rocks,Execution Rocks - Spin,,21,0,Execution Rocks - Spin,,ENTRY ONLY,,,,coconspirator,Co-Conspirator,USA 48,J/33,33,Matt Roleke & Trace Dittenhofer,TRYC,"JERSEY CITY, New Jersey, USA",PHRF,ToD / ToT,81.0,81.0,2025,2025 Larchmont Race Week,1.0,,,,,,,https://yachtscoring.com/event_scratch_sheet/50073,https://yachtscoring.com/boatdetail/50073/508832,Additional scratch-sheet entry hosted by Larchmont Yacht Club. Included because reported length is at least 28 ft. Scratch-sheet entry sequence: 7.. Result fields were not added because this import is based on the entry sheet.,,,,,,,,,,,,,,,
50073,Larchmont Race Week,2025,Not shown on scratch-sheet page,Execution Rocks | PHRF,Execution Rocks,Execution Rocks - Spin,,21,0,Execution Rocks - Spin,,ENTRY ONLY,,,,habiru,Habiru,USA 61124,J 121,40.0,Steve Losik,United Yacht Club,"Great neck, NY, USA",PHRF,ToD / ToT,15.0,15.0,2025,2025 Larchmont Race Week,1.0,,,,,,,https://yachtscoring.com/event_scratch_sheet/50073,https://yachtscoring.com/boatdetail/50073/508836,Additional scratch-sheet entry hosted by Larchmont Yacht Club. Included because reported length is at least 28 ft. Scratch-sheet entry sequence: 8.. Result fields were not added because this import is based on the entry sheet.,338413878,338413878,HABIRU,Not provided in export,Sailing,12.0,4.0,,Not provided in export,2026-09-04T13:01:42.289Z,2026-09-05T10:32:13.798Z,1063.0,High,"Exact normalized name match, compatible AIS vessel type, and compatible reported length.",Attached AIS_EVENTS_RAW.csv
50073,Larchmont Race Week,2025,Not shown on scratch-sheet page,Execution Rocks | PHRF,Execution Rocks,Execution Rocks - Spin,,21,0,Execution Rocks - Spin,,ENTRY ONLY,,,,lure,Lure,182,Shields,30 Ft,Skip McGuire,Larchmont YC,"Stamford, CT, USA",PHRF,ToD / ToT,168.0,168.0,2025,2025 Larchmont Race Week,1.0,,,,,,,https://yachtscoring.com/event_scratch_sheet/50073,https://yachtscoring.com/boatdetail/50073/510809,Additional scratch-sheet entry hosted by Larchmont Yacht Club. Included because reported length is at least 28 ft. Scratch-sheet entry sequence: 9.. Result fields were not added because this import is based on the entry sheet.,,,,,,,,,,,,,,,
50073,Larchmont Race Week,2025,Not shown on scratch-sheet page,Execution Rocks | PHRF,Execution Rocks,Execution Rocks - Spin,,21,0,Execution Rocks - Spin,,ENTRY ONLY,,,,lycjuniors,LYC Juniors,USA 162,J/109,35.5 Ft,LYC Juniors,Larchmont Yacht Club,"Larchmont, NY, USA",PHRF,ToD / ToT,69.0,69.0,2025,2025 Larchmont Race Week,1.0,,,,,,,https://yachtscoring.com/event_scratch_sheet/50073,https://yachtscoring.com/boatdetail/50073/511257,Additional scratch-sheet entry hosted by Larchmont Yacht Club. Included because reported length is at least 28 ft. Scratch-sheet entry sequence: 10.. Result fields were not added because this import is based on the entry sheet.,,,,,,,,,,,,,,,
50073,Larchmont Race Week,2025,Not shown on scratch-sheet page,Execution Rocks | PHRF,Execution Rocks,Execution Rocks - Spin,,21,0,Execution Rocks - Spin,,ENTRY ONLY,,,,maddogsandenglishmenexrock,Mad Dogs and Englishmen Ex Rock,USA 260,J/109,35 Ft,Alec Basilion,Noroton Yacht Club Junior Offshore Team,"DARIEN, Connecticut, USA",PHRF,ToD / ToT,63.0,63.0,2025,2025 Larchmont Race Week,1.0,,,,,,,https://yachtscoring.com/event_scratch_sheet/50073,https://yachtscoring.com/boatdetail/50073/511522,Additional scratch-sheet entry hosted by Larchmont Yacht Club. Included because reported length is at least 28 ft. Scratch-sheet entry sequence: 11.. Result fields were not added because this import is based on the entry sheet.,,,,,,,,,,,,,,,
50073,Larchmont Race Week,2025,Not shown on scratch-sheet page,Execution Rocks | PHRF,Execution Rocks,Execution Rocks - Spin,,21,0,Execution Rocks - Spin,,ENTRY ONLY,,,,phantom,Phantom,USA 60711,Xp 44,39,Chris Schoen,Larchmont Yacht Club,"Larchmont, NY, USA",PHRF,ToD / ToT,-9.0,-9.0,2025,2025 Larchmont Race Week,1.0,,,,,,,https://yachtscoring.com/event_scratch_sheet/50073,https://yachtscoring.com/boatdetail/50073/509683,Additional scratch-sheet entry hosted by Larchmont Yacht Club. Included because reported length is at least 28 ft. Scratch-sheet entry sequence: 12.. Result fields were not added because this import is based on the entry sheet.,338242317; 368001170; 368077430,338242317; 368001170; 368077430,PHANTOM,Not provided in export,Sailing,13.0,4.0,,Not provided in export,2026-09-04T13:01:46.597Z,2026-09-05T18:18:29.753Z,1979.0,Low,"Exact normalized name matched multiple AIS MMSIs; verify using dimensions, owner, or callsign.",Attached AIS_EVENTS_RAW.csv
50073,Larchmont Race Week,2025,Not shown on scratch-sheet page,Execution Rocks | PHRF,Execution Rocks,Execution Rocks - Spin,,21,0,Execution Rocks - Spin,,ENTRY ONLY,,,,quicksilver,Quicksilver,USA 168,J109,35.5 Ft,Ian Milward,HHYC,"Larchmont, NY, USA",PHRF,ToD / ToT,69.0,69.0,2025,2025 Larchmont Race Week,1.0,,,,,,,https://yachtscoring.com/event_scratch_sheet/50073,https://yachtscoring.com/boatdetail/50073/509881,Additional scratch-sheet entry hosted by Larchmont Yacht Club. Included because reported length is at least 28 ft. Scratch-sheet entry sequence: 13.. Result fields were not added because this import is based on the entry sheet.,338210285,338210285,QUICKSILVER,Not provided in export,Sailing,11.0,4.0,,Not provided in export,2026-09-04T11:39:57.348Z,2026-09-05T12:50:20.231Z,2728.0,High,"Exact normalized name match, compatible AIS vessel type, and compatible reported length.",Attached AIS_EVENTS_RAW.csv
50073,Larchmont Race Week,2025,Not shown on scratch-sheet page,Execution Rocks | PHRF,Execution Rocks,Execution Rocks - Spin,,21,0,Execution Rocks - Spin,,ENTRY ONLY,,,,rascall,Rascall,USA 023,Shields,30 Ft,Team Weisenfluh / Koryak,Larchmont Yacht Club,"Larchmont, NY, USA",PHRF,ToD / ToT,168.0,168.0,2025,2025 Larchmont Race Week,1.0,,,,,,,https://yachtscoring.com/event_scratch_sheet/50073,https://yachtscoring.com/boatdetail/50073/511222,Additional scratch-sheet entry hosted by Larchmont Yacht Club. Included because reported length is at least 28 ft. Scratch-sheet entry sequence: 14.. Result fields were not added because this import is based on the entry sheet.,,,,,,,,,,,,,,,
50073,Larchmont Race Week,2025,Not shown on scratch-sheet page,Execution Rocks | PHRF,Execution Rocks,Execution Rocks - Spin,,21,0,Execution Rocks - Spin,,ENTRY ONLY,,,,starbuck,Starbuck,USA 46699,Swan 53,53 Ft,Alex Urdea,Seawanhaka Corinthian Yacht Club,"Oyster Bay, NY, USA",PHRF,ToD / ToT,36.0,36.0,2025,2025 Larchmont Race Week,1.0,,,,,,,https://yachtscoring.com/event_scratch_sheet/50073,https://yachtscoring.com/boatdetail/50073/510149,Additional scratch-sheet entry hosted by Larchmont Yacht Club. Included because reported length is at least 28 ft. Scratch-sheet entry sequence: 16.. Result fields were not added because this import is based on the entry sheet.,,,,,,,,,,,,,,,
50073,Larchmont Race Week,2025,Not shown on scratch-sheet page,Execution Rocks | PHRF,Execution Rocks,Execution Rocks - Spin,,21,0,Execution Rocks - Spin,,ENTRY ONLY,,,,sunnyside,Sunny Side,USA 37,J/109,35,Cary and Hannah James,Larchmont Yacht Club,"Larchmont, NY, USA",PHRF,ToD / ToT,69.0,69.0,2025,2025 Larchmont Race Week,1.0,,,,,,,https://yachtscoring.com/event_scratch_sheet/50073,https://yachtscoring.com/boatdetail/50073/508322,Additional scratch-sheet entry hosted by Larchmont Yacht Club. Included because reported length is at least 28 ft. Scratch-sheet entry sequence: 17.. Result fields were not added because this import is based on the entry sheet.,338070361; 338187885,338070361; 338187885,SUNNY SIDE; SUNNYSIDE,Not provided in export,Sailing,13.0,3.0,,Not provided in export,2026-09-04T12:45:57.301Z,2026-09-06T15:01:24.208Z,1727.0,Low,"Exact normalized name matched multiple AIS MMSIs; verify using dimensions, owner, or callsign.",Attached AIS_EVENTS_RAW.csv
50073,Larchmont Race Week,2025,Not shown on scratch-sheet page,Execution Rocks | PHRF,Execution Rocks,Execution Rocks - Spin,,21,0,Execution Rocks - Spin,,ENTRY ONLY,,,,swampfox,Swamp Fox - 5,USA 5,Shields,30 Ft,James Lawless,Larchmont Yacht Club,"Larchmont, Ny, USA",PHRF,ToD / ToT,168.0,168.0,2025,2025 Larchmont Race Week,1.0,,,,,,,https://yachtscoring.com/event_scratch_sheet/50073,https://yachtscoring.com/boatdetail/50073/511004,Additional scratch-sheet entry hosted by Larchmont Yacht Club. Included because reported length is at least 28 ft. Scratch-sheet entry sequence: 18.. Result fields were not added because this import is based on the entry sheet.,,,,,,,,,,,,,,,
50073,Larchmont Race Week,2025,Not shown on scratch-sheet page,Execution Rocks | PHRF,Execution Rocks,Execution Rocks - Spin,,21,0,Execution Rocks - Spin,,ENTRY ONLY,,,,tempestii,Tempest II,USA 418,J/105,34.5 Ft,David Owen,LYC,"Larchmont, NY, USA",PHRF,ToD / ToT,87.0,87.0,2025,2025 Larchmont Race Week,1.0,,,,,,,https://yachtscoring.com/event_scratch_sheet/50073,https://yachtscoring.com/boatdetail/50073/510282,Additional scratch-sheet entry hosted by Larchmont Yacht Club. Included because reported length is at least 28 ft. Scratch-sheet entry sequence: 19.. Result fields were not added because this import is based on the entry sheet.,,,,,,,,,,,,,,,
50073,Larchmont Race Week,2025,Not shown on scratch-sheet page,Execution Rocks | PHRF,Execution Rocks,Execution Rocks - Spin,,21,0,Execution Rocks - Spin,,ENTRY ONLY,,,,youngamericanexrocks,Young American - Ex Rocks,324,J105,34.5 Ft,American YC Junior Big Boat Program,American Yacht Club,"Rye, NY, USA",PHRF,ToD / ToT,84.0,84.0,2025,2025 Larchmont Race Week,1.0,,,,,,,https://yachtscoring.com/event_scratch_sheet/50073,https://yachtscoring.com/boatdetail/50073/510820,Additional scratch-sheet entry hosted by Larchmont Yacht Club. Included because reported length is at least 28 ft. Scratch-sheet entry sequence: 20.. Result fields were not added because this import is based on the entry sheet.,,,,,,,,,,,,,,,
50073,Larchmont Race Week,2025,Not shown on scratch-sheet page,Execution Rocks | PHRF,Execution Rocks,Execution Rocks - Non Spin,,21,0,Execution Rocks - Non Spin,,ENTRY ONLY,,,,bolide,Bolide,USA 23998,C&C,40 Ft,Vaughn Harvey,Larchmont,"Larchmont, NY, USA",PHRF,ToD / ToT,93.0,93.0,2025,2025 Larchmont Race Week,1.0,,,,,,,https://yachtscoring.com/event_scratch_sheet/50073,https://yachtscoring.com/boatdetail/50073/511065,Additional scratch-sheet entry hosted by Larchmont Yacht Club. Included because reported length is at least 28 ft. Scratch-sheet entry sequence: 1.. Result fields were not added because this import is based on the entry sheet.,,,,,,,,,,,,,,,
50073,Larchmont Race Week,2025,Not shown on scratch-sheet page,Execution Rocks | PHRF,Execution Rocks,Execution Rocks - Non Spin,,21,0,Execution Rocks - Non Spin,,ENTRY ONLY,,,,nightwatch,Nightwatch,3700,Tartan 3700,37 Ft,Christopher Young,Larchmont YC,"New York, NY, USA",PHRF,ToD / ToT,111.0,111.0,2025,2025 Larchmont Race Week,1.0,,,,,,,https://yachtscoring.com/event_scratch_sheet/50073,https://yachtscoring.com/boatdetail/50073/511021,Additional scratch-sheet entry hosted by Larchmont Yacht Club. Included because reported length is at least 28 ft. Scratch-sheet entry sequence: 3.. Result fields were not added because this import is based on the entry sheet.,,,,,,,,,,,,,,,
50073,Larchmont Race Week,2025,Not shown on scratch-sheet page,Execution Rocks | PHRF,Execution Rocks,Execution Rocks - Non Spin,,21,0,Execution Rocks - Non Spin,,ENTRY ONLY,,,,tobala,TOBALA,USA 61841,Hanse 418,41 Ft,Bertrand Amezcua,Larchmont Yacht Club,"New Rochelle, NY, USA",PHRF,ToD / ToT,87.0,87.0,2025,2025 Larchmont Race Week,1.0,,,,,,,https://yachtscoring.com/event_scratch_sheet/50073,https://yachtscoring.com/boatdetail/50073/511465,Additional scratch-sheet entry hosted by Larchmont Yacht Club. Included because reported length is at least 28 ft. Scratch-sheet entry sequence: 5.. Result fields were not added because this import is based on the entry sheet.,,,,,,,,,,,,,,,
50073,Larchmont Race Week,2025,Not shown on scratch-sheet page,One Design | One Design,One Design,Shields - One Design,,11,0,Shields - One Design,,ENTRY ONLY,,,,alice,Alice,183,Shields,30 Ft,Zachary Warner / Will Gallagher,Larchmont,"Brooklyn, NY, USA",One Design,Rating,,,2025,2025 Larchmont Race Week,1.0,,,,,,,https://yachtscoring.com/event_scratch_sheet/50073,https://yachtscoring.com/boatdetail/50073/510583,Additional scratch-sheet entry hosted by Larchmont Yacht Club. Included because reported length is at least 28 ft. Scratch-sheet entry sequence: 1.. Result fields were not added because this import is based on the entry sheet.,,,,,,,,,,,,,,,
50073,Larchmont Race Week,2025,Not shown on scratch-sheet page,One Design | One Design,One Design,Shields - One Design,,11,0,Shields - One Design,,ENTRY ONLY,,,,checkmate,Checkmate,25,Shields,30 Ft,Young / Young / O’Connor / Lelek / Rohman / Azzaretti / Han,Larchmont Yacht Club,"LARCHMONT, NY, USA",One Design,Rating,,,2025,2025 Larchmont Race Week,1.0,,,,,,,https://yachtscoring.com/event_scratch_sheet/50073,https://yachtscoring.com/boatdetail/50073/510052,Additional scratch-sheet entry hosted by Larchmont Yacht Club. Included because reported length is at least 28 ft. Scratch-sheet entry sequence: 2.. Result fields were not added because this import is based on the entry sheet.,368346520,368346520,CHECKMATE,Not provided in export,Pleasure,27.0,7.0,,Not provided in export,2026-09-04T10:30:45.976Z,2026-09-07T12:57:13.736Z,26.0,Low,"Exact normalized name match, but AIS reported length or type conflicts with the race entry.",Attached AIS_EVENTS_RAW.csv
50073,Larchmont Race Week,2025,Not shown on scratch-sheet page,One Design | One Design,One Design,Shields - One Design,,11,0,Shields - One Design,,ENTRY ONLY,,,,havoc,Havoc,41,Shields,30,Matthew Hays,Larchmont Yacht Club,"New Rochelle, NY, USA",One Design,Rating,,,2025,2025 Larchmont Race Week,1.0,,,,,,,https://yachtscoring.com/event_scratch_sheet/50073,https://yachtscoring.com/boatdetail/50073/509102,Additional scratch-sheet entry hosted by Larchmont Yacht Club. Included because reported length is at least 28 ft. Scratch-sheet entry sequence: 3.. Result fields were not added because this import is based on the entry sheet.,,,,,,,,,,,,,,,
50073,Larchmont Race Week,2025,Not shown on scratch-sheet page,One Design | One Design,One Design,Shields - One Design,,11,0,Shields - One Design,,ENTRY ONLY,,,,intime,In Time,142,Shields,30 Ft,Anna Guerin / Hilary Furnary,New York Yacht Club,"New York, NY, USA",One Design,Rating,,,2025,2025 Larchmont Race Week,1.0,,,,,,,https://yachtscoring.com/event_scratch_sheet/50073,https://yachtscoring.com/boatdetail/50073/510798,Additional scratch-sheet entry hosted by Larchmont Yacht Club. Included because reported length is at least 28 ft. Scratch-sheet entry sequence: 4.. Result fields were not added because this import is based on the entry sheet.,,,,,,,,,,,,,,,
50073,Larchmont Race Week,2025,Not shown on scratch-sheet page,One Design | One Design,One Design,Shields - One Design,,11,0,Shields - One Design,,ENTRY ONLY,,,,katherine,Katherine,176,Shields,30 Ft,Doug Campbell / Gregg Takata / Andrew Wertheim,LYC,"New rochelle, NY, USA",One Design,Rating,,,2025,2025 Larchmont Race Week,1.0,,,,,,,https://yachtscoring.com/event_scratch_sheet/50073,https://yachtscoring.com/boatdetail/50073/510742,Additional scratch-sheet entry hosted by Larchmont Yacht Club. Included because reported length is at least 28 ft. Scratch-sheet entry sequence: 5.. Result fields were not added because this import is based on the entry sheet.,,,,,,,,,,,,,,,
50073,Larchmont Race Week,2025,Not shown on scratch-sheet page,One Design | One Design,One Design,Shields - One Design,,11,0,Shields - One Design,,ENTRY ONLY,,,,lady,Lady,USA 106,Shields,30 Ft,John Mawe/Wes Bemus,Larchmont,"Larchmont, NY, USA",One Design,Rating,,,2025,2025 Larchmont Race Week,1.0,,,,,,,https://yachtscoring.com/event_scratch_sheet/50073,https://yachtscoring.com/boatdetail/50073/510709,Additional scratch-sheet entry hosted by Larchmont Yacht Club. Included because reported length is at least 28 ft. Scratch-sheet entry sequence: 6.. Result fields were not added because this import is based on the entry sheet.,,,,,,,,,,,,,,,
50073,Larchmont Race Week,2025,Not shown on scratch-sheet page,One Design | One Design,One Design,Shields - One Design,,11,0,Shields - One Design,,ENTRY ONLY,,,,nemesis,Nemesis,USA 205,Shields,30 Ft,Jonathan Krumeich,Indian Harbor Yacht Club,"Greenwich, CT, USA",One Design,Rating,,,2025,2025 Larchmont Race Week,1.0,,,,,,,https://yachtscoring.com/event_scratch_sheet/50073,https://yachtscoring.com/boatdetail/50073/510880,Additional scratch-sheet entry hosted by Larchmont Yacht Club. Included because reported length is at least 28 ft. Scratch-sheet entry sequence: 8.. Result fields were not added because this import is based on the entry sheet.,,,,,,,,,,,,,,,
50073,Larchmont Race Week,2025,Not shown on scratch-sheet page,One Design | One Design,One Design,Shields - One Design,,11,0,Shields - One Design,,ENTRY ONLY,,,,phoenix,Phoenix,220,Shields,30,Daniel VanderWoude,Larchmont Yacht Club,"Larchmont, NY, USA",One Design,Rating,,,2025,2025 Larchmont Race Week,1.0,,,,,,,https://yachtscoring.com/event_scratch_sheet/50073,https://yachtscoring.com/boatdetail/50073/508857,Additional scratch-sheet entry hosted by Larchmont Yacht Club. Included because reported length is at least 28 ft. Scratch-sheet entry sequence: 9.. Result fields were not added because this import is based on the entry sheet.,,,,,,,,,,,,,,,
50073,Larchmont Race Week,2025,Not shown on scratch-sheet page,One Design | One Design,One Design,Shields - One Design,,11,0,Shields - One Design,,ENTRY ONLY,,,,swampfox,Swamp Fox,USA 5,Shields,30 Ft,James Lawless,Larchmont,"Larchmont, Ny, USA",One Design,Rating,,,2025,2025 Larchmont Race Week,1.0,,,,,,,https://yachtscoring.com/event_scratch_sheet/50073,https://yachtscoring.com/boatdetail/50073/510035,Additional scratch-sheet entry hosted by Larchmont Yacht Club. Included because reported length is at least 28 ft. Scratch-sheet entry sequence: 11.. Result fields were not added because this import is based on the entry sheet.,,,,,,,,,,,,,,,
50073,Larchmont Race Week,2025,Not shown on scratch-sheet page,One Design | One Design,One Design,Shields - One Design,,11,0,Shields - One Design,,ENTRY ONLY,,,,tempest,Tempest,54,Shields,30,Rob Dailey / Com Crocker,Larchmont Yacht Club,"New Rochelle, New York, USA",One Design,Rating,,,2025,2025 Larchmont Race Week,1.0,,,,,,,https://yachtscoring.com/event_scratch_sheet/50073,https://yachtscoring.com/boatdetail/50073/508213,Additional scratch-sheet entry hosted by Larchmont Yacht Club. Included because reported length is at least 28 ft. Scratch-sheet entry sequence: 13.. Result fields were not added because this import is based on the entry sheet.,,,,,,,,,,,,,,,
50073,Larchmont Race Week,2025,Not shown on scratch-sheet page,One Design | One Design,One Design,Shields - One Design,,11,0,Shields - One Design,,ENTRY ONLY,,,,uprising,Uprising,USA 49,Shields,30 Ft,Greg Davis,Larchmont YC,"Larchmont, NY, USA",One Design,Rating,,,2025,2025 Larchmont Race Week,1.0,,,,,,,https://yachtscoring.com/event_scratch_sheet/50073,https://yachtscoring.com/boatdetail/50073/510531,Additional scratch-sheet entry hosted by Larchmont Yacht Club. Included because reported length is at least 28 ft. Scratch-sheet entry sequence: 14.. Result fields were not added because this import is based on the entry sheet.,,,,,,,,,,,,,,,
50796,Larchmont Race Week,2026,Not shown on scratch-sheet page,Coastal Racers | PHRF,Coastal Racers,PHRF I,,24,0,PHRF I,,ENTRY ONLY,,,,arma,ARMA,USA 61211,GP42,42 Ft,Dubois / Eaves / Krow / Roseberry,Larchmont Yacht Club,"Larchmont, NY, USA",PHRF,ToD / ToT,-33.0,-33.0,2026,2026 Larchmont Race Week,1.0,,,,,,,https://yachtscoring.com/event_scratch_sheet/50796,https://yachtscoring.com/boatdetail/50796/525510,Additional scratch-sheet entry hosted by Larchmont Yacht Club. Included because reported length is at least 28 ft. Scratch-sheet entry sequence: 1.. Result fields were not added because this import is based on the entry sheet.,,,,,,,,,,,,,,,
50796,Larchmont Race Week,2026,Not shown on scratch-sheet page,Coastal Racers | PHRF,Coastal Racers,PHRF I,,24,0,PHRF I,,ENTRY ONLY,,,,eldiablo,El Diablo,USA 56600,Bolt 37,37 Ft,Robert Fryer,American Yacht Club,"Cos Cob, CT, USA",PHRF,ToD / ToT,0.0,0.0,2026,2026 Larchmont Race Week,1.0,,,,,,,https://yachtscoring.com/event_scratch_sheet/50796,https://yachtscoring.com/boatdetail/50796/526597,Additional scratch-sheet entry hosted by Larchmont Yacht Club. Included because reported length is at least 28 ft. Scratch-sheet entry sequence: 2.. Result fields were not added because this import is based on the entry sheet.,338554674,338554674,EL DIABLO,Not provided in export,Sailing,12.0,4.0,,Not provided in export,2026-09-04T13:01:46.91Z,2026-09-05T10:18:00.943Z,702.0,High,"Exact normalized name match, compatible AIS vessel type, and compatible reported length.",Attached AIS_EVENTS_RAW.csv
50796,Larchmont Race Week,2026,Not shown on scratch-sheet page,Coastal Racers | PHRF,Coastal Racers,PHRF I,,24,0,PHRF I,,ENTRY ONLY,,,,falcon,Falcon,1281,J/111,36 Ft,Richard Graydon,Manhattan Yacht Club,"New York, NY, USA",PHRF,ToD / ToT,30.0,30.0,2026,2026 Larchmont Race Week,1.0,,,,,,,https://yachtscoring.com/event_scratch_sheet/50796,https://yachtscoring.com/boatdetail/50796/526886,Additional scratch-sheet entry hosted by Larchmont Yacht Club. Included because reported length is at least 28 ft. Scratch-sheet entry sequence: 3.. Result fields were not added because this import is based on the entry sheet.,,,,,,,,,,,,,,,
50796,Larchmont Race Week,2026,Not shown on scratch-sheet page,Coastal Racers | PHRF,Coastal Racers,PHRF I,,24,0,PHRF I,,ENTRY ONLY,,,,lioness,Lioness,USA 38007,Sydney 38,38 Ft,Lion Sailing Sailmakers,"Lion Racing, HYC","NYC, NY, USA",PHRF,ToD / ToT,30.0,30.0,2026,2026 Larchmont Race Week,1.0,,,,,,,https://yachtscoring.com/event_scratch_sheet/50796,https://yachtscoring.com/boatdetail/50796/526993,Additional scratch-sheet entry hosted by Larchmont Yacht Club. Included because reported length is at least 28 ft. Scratch-sheet entry sequence: 4.. Result fields were not added because this import is based on the entry sheet.,,,,,,,,,,,,,,,
50796,Larchmont Race Week,2026,Not shown on scratch-sheet page,Coastal Racers | PHRF,Coastal Racers,PHRF I,,24,0,PHRF I,,ENTRY ONLY,,,,moneyball,Moneyball,USA 61180,MAT 1180,38.7 Ft,Christopher Malloy,Stamford Yacht Club,"Stamford, Connecticut, USA",PHRF,ToD / ToT,-15.0,-15.0,2026,2026 Larchmont Race Week,1.0,,,,,,,https://yachtscoring.com/event_scratch_sheet/50796,https://yachtscoring.com/boatdetail/50796/527341,Additional scratch-sheet entry hosted by Larchmont Yacht Club. Included because reported length is at least 28 ft. Scratch-sheet entry sequence: 5.. Result fields were not added because this import is based on the entry sheet.,,,,,,,,,,,,,,,
50796,Larchmont Race Week,2026,Not shown on scratch-sheet page,Coastal Racers | PHRF,Coastal Racers,PHRF I,,24,0,PHRF I,,ENTRY ONLY,,,,skye,Skye,USA 39534,Farr 395,39.5 Ft,Ty Anderson,Riverside/STC/NYYC,"Riverside, CT, USA",PHRF,ToD / ToT,30.0,30.0,2026,2026 Larchmont Race Week,1.0,,,,,,,https://yachtscoring.com/event_scratch_sheet/50796,https://yachtscoring.com/boatdetail/50796/526632,Additional scratch-sheet entry hosted by Larchmont Yacht Club. Included because reported length is at least 28 ft. Scratch-sheet entry sequence: 6.. Result fields were not added because this import is based on the entry sheet.,,,,,,,,,,,,,,,
50796,Larchmont Race Week,2026,Not shown on scratch-sheet page,Coastal Racers | PHRF,Coastal Racers,PHRF II,,24,0,PHRF II,,ENTRY ONLY,,,,atalanta,Atalanta,USA 60358,J/42,42 Ft,Anne Stark,Larchmont Yacht Club,"Greenwich, CT, USA",PHRF,ToD / ToT,75.0,75.0,2026,2026 Larchmont Race Week,1.0,,,,,,,https://yachtscoring.com/event_scratch_sheet/50796,https://yachtscoring.com/boatdetail/50796/525629,Additional scratch-sheet entry hosted by Larchmont Yacht Club. Included because reported length is at least 28 ft. Scratch-sheet entry sequence: 1.. Result fields were not added because this import is based on the entry sheet.,,,,,,,,,,,,,,,
50796,Larchmont Race Week,2026,Not shown on scratch-sheet page,Coastal Racers | PHRF,Coastal Racers,PHRF II,,24,0,PHRF II,,ENTRY ONLY,,,,christopherdragonxii,Christopher Dragon XII,USA 2277ex,Italia 11.98,38 Ft,Linda and Andrew Weiss .,Storm Trysail Club / Larchmont Yacht Club,"Mamaroneck, NY, USA",PHRF,ToD / ToT,45.0,45.0,2026,2026 Larchmont Race Week,1.0,,,,,,,https://yachtscoring.com/event_scratch_sheet/50796,https://yachtscoring.com/boatdetail/50796/525976,Additional scratch-sheet entry hosted by Larchmont Yacht Club. Included because reported length is at least 28 ft. Scratch-sheet entry sequence: 2.. Result fields were not added because this import is based on the entry sheet.,,,,,,,,,,,,,,,
50796,Larchmont Race Week,2026,Not shown on scratch-sheet page,Coastal Racers | PHRF,Coastal Racers,PHRF II,,24,0,PHRF II,,ENTRY ONLY,,,,hamburgii,Hamburg II,Uni 51709,J/46,46 Ft,Albrecht Goethe,Lakewood Yacht Club / Storm Trysail Club,"Seabrook, TX, USA",PHRF,ToD / ToT,36.0,36.0,2026,2026 Larchmont Race Week,1.0,,,,,,,https://yachtscoring.com/event_scratch_sheet/50796,https://yachtscoring.com/boatdetail/50796/525338,Additional scratch-sheet entry hosted by Larchmont Yacht Club. Included because reported length is at least 28 ft. Scratch-sheet entry sequence: 3.. Result fields were not added because this import is based on the entry sheet.,366947050,366947050,HAMBURG II,Not provided in export,Sailing,14.0,4.0,,Not provided in export,2026-09-04T15:44:45.213Z,2026-09-05T11:43:37.498Z,2272.0,High,"Exact normalized name match, compatible AIS vessel type, and compatible reported length.",Attached AIS_EVENTS_RAW.csv
50796,Larchmont Race Week,2026,Not shown on scratch-sheet page,Coastal Racers | PHRF,Coastal Racers,PHRF II,,24,0,PHRF II,,ENTRY ONLY,,,,justplainnutz,Just Plain Nutz,USA 21,Farr 30 OD,30 Ft,Norm and Cameron Dean,Chelsea Yacht Club,"Pleasant Valley, NY, USA",PHRF,ToD / ToT,51.0,51.0,2026,2026 Larchmont Race Week,1.0,,,,,,,https://yachtscoring.com/event_scratch_sheet/50796,https://yachtscoring.com/boatdetail/50796/525453,Additional scratch-sheet entry hosted by Larchmont Yacht Club. Included because reported length is at least 28 ft. Scratch-sheet entry sequence: 4.. Result fields were not added because this import is based on the entry sheet.,,,,,,,,,,,,,,,
50796,Larchmont Race Week,2026,Not shown on scratch-sheet page,Coastal Racers | PHRF,Coastal Racers,PHRF II,,24,0,PHRF II,,ENTRY ONLY,,,,teal,TEAL,USA 113,Henderson 30,30 Ft,Lily & Jeffrey Tyrrel,STC / Larchmont YC / Musket Cove YC,"Scarsdale, NY, USA",PHRF,ToD / ToT,48.0,48.0,2026,2026 Larchmont Race Week,1.0,,,,,,,https://yachtscoring.com/event_scratch_sheet/50796,https://yachtscoring.com/boatdetail/50796/527340,Additional scratch-sheet entry hosted by Larchmont Yacht Club. Included because reported length is at least 28 ft. Scratch-sheet entry sequence: 5.. Result fields were not added because this import is based on the entry sheet.,,,,,,,,,,,,,,,
50796,Larchmont Race Week,2026,Not shown on scratch-sheet page,Coastal Racers | PHRF,Coastal Racers,PHRF II,,24,0,PHRF II,,ENTRY ONLY,,,,tenebrae,Tenebrae,USA 52400,J/124,40.7 Ft,William Ingraham,Larchmont Yacht Club / Storm Trysail Club,"Larchmont, NY, USA",PHRF,ToD / ToT,48.0,48.0,2026,2026 Larchmont Race Week,1.0,,,,,,,https://yachtscoring.com/event_scratch_sheet/50796,https://yachtscoring.com/boatdetail/50796/526784,Additional scratch-sheet entry hosted by Larchmont Yacht Club. Included because reported length is at least 28 ft. Scratch-sheet entry sequence: 6.. Result fields were not added because this import is based on the entry sheet.,368034190,368034190,TENEBRAE,Not provided in export,Sailing,12.0,4.0,,Not provided in export,2026-09-06T15:51:43.582Z,2026-09-06T17:20:28.681Z,210.0,High,"Exact normalized name match, compatible AIS vessel type, and compatible reported length.",Attached AIS_EVENTS_RAW.csv
50796,Larchmont Race Week,2026,Not shown on scratch-sheet page,Coastal Racers | PHRF,Coastal Racers,PHRF II,,24,0,PHRF II,,ENTRY ONLY,,,,texasrose,Texas Rose,58,J/112,36 Ft,Bill Komaroff,LYC,"Larchmont, NY, USA",PHRF,ToD / ToT,54.0,54.0,2026,2026 Larchmont Race Week,1.0,,,,,,,https://yachtscoring.com/event_scratch_sheet/50796,https://yachtscoring.com/boatdetail/50796/526176,Additional scratch-sheet entry hosted by Larchmont Yacht Club. Included because reported length is at least 28 ft. Scratch-sheet entry sequence: 7.. Result fields were not added because this import is based on the entry sheet.,,,,,,,,,,,,,,,
50796,Larchmont Race Week,2026,Not shown on scratch-sheet page,Coastal Racers | PHRF,Coastal Racers,PHRF II,,24,0,PHRF II,,ENTRY ONLY,,,,thinman,Thin Man,USA 24,J/99,32.6 Ft,Todd Aven,City Island YC / Storm Trysail Club,"Brooklyn, NY, USA",PHRF,ToD / ToT,78.0,78.0,2026,2026 Larchmont Race Week,1.0,,,,,,,https://yachtscoring.com/event_scratch_sheet/50796,https://yachtscoring.com/boatdetail/50796/526616,Additional scratch-sheet entry hosted by Larchmont Yacht Club. Included because reported length is at least 28 ft. Scratch-sheet entry sequence: 8.. Result fields were not added because this import is based on the entry sheet.,368114910,368114910,THIN MAN,Not provided in export,Sailing,10.0,4.0,,Not provided in export,2026-09-04T12:42:09.782Z,2026-09-05T12:28:11.623Z,2454.0,High,"Exact normalized name match, compatible AIS vessel type, and compatible reported length.",Attached AIS_EVENTS_RAW.csv
50796,Larchmont Race Week,2026,Not shown on scratch-sheet page,Coastal Racers | One Design,Coastal Racers,J/109,,5,0,J/109,,ENTRY ONLY,,,,3cheers,3 Cheers,USA 30,J/109,35 Ft,Noroton Jr Big Boat,Noroton Yacht Club Junior Big Boat,"DARIEN, Connecticut, USA",One Design,Rating,,,2026,2026 Larchmont Race Week,1.0,,,,,,,https://yachtscoring.com/event_scratch_sheet/50796,https://yachtscoring.com/boatdetail/50796/527048,Additional scratch-sheet entry hosted by Larchmont Yacht Club. Included because reported length is at least 28 ft. Scratch-sheet entry sequence: 1.. Result fields were not added because this import is based on the entry sheet.,,,,,,,,,,,,,,,
50796,Larchmont Race Week,2026,Not shown on scratch-sheet page,Coastal Racers | One Design,Coastal Racers,J/109,,5,0,J/109,,ENTRY ONLY,,,,growthspurt,Growth Spurt,USA 261,J/109,35 Ft,"John Greifzu, Jr.",Stamford YC/New York YC/STC,"Darien, CT, USA",One Design,Rating,,,2026,2026 Larchmont Race Week,1.0,,,,,,,https://yachtscoring.com/event_scratch_sheet/50796,https://yachtscoring.com/boatdetail/50796/526022,Additional scratch-sheet entry hosted by Larchmont Yacht Club. Included because reported length is at least 28 ft. Scratch-sheet entry sequence: 2.. Result fields were not added because this import is based on the entry sheet.,338236237,338236237,GROWTH SPURT,Not provided in export,Sailing,11.0,3.0,,Not provided in export,2026-09-04T15:53:52.826Z,2026-09-05T12:06:48.421Z,1786.0,High,"Exact normalized name match, compatible AIS vessel type, and compatible reported length.",Attached AIS_EVENTS_RAW.csv
50796,Larchmont Race Week,2026,Not shown on scratch-sheet page,Coastal Racers | One Design,Coastal Racers,J/109,,5,0,J/109,,ENTRY ONLY,,,,leadingedge,Leading Edge,51888,J/109,35.3 Ft,Jonathan Wittick (American Yacht Club Junior Boat),American Yacht Club,"Larchmont, NY, USA",One Design,Rating,,,2026,2026 Larchmont Race Week,1.0,,,,,,,https://yachtscoring.com/event_scratch_sheet/50796,https://yachtscoring.com/boatdetail/50796/527350,Additional scratch-sheet entry hosted by Larchmont Yacht Club. Included because reported length is at least 28 ft. Scratch-sheet entry sequence: 3.. Result fields were not added because this import is based on the entry sheet.,,,,,,,,,,,,,,,
50796,Larchmont Race Week,2026,Not shown on scratch-sheet page,Coastal Racers | One Design,Coastal Racers,J/109,,5,0,J/109,,ENTRY ONLY,,,,quicksilver,Quicksilver - 168,USA 168,J/109,35.5 Ft,Ian Milward,Horseshoe Harbor Yacht Club,"Larchmont, NY, USA",One Design,Rating,,,2026,2026 Larchmont Race Week,1.0,,,,,,,https://yachtscoring.com/event_scratch_sheet/50796,https://yachtscoring.com/boatdetail/50796/525661,Additional scratch-sheet entry hosted by Larchmont Yacht Club. Included because reported length is at least 28 ft. Scratch-sheet entry sequence: 4.. Result fields were not added because this import is based on the entry sheet.,338210285,338210285,QUICKSILVER,Not provided in export,Sailing,11.0,4.0,,Not provided in export,2026-09-04T11:39:57.348Z,2026-09-05T12:50:20.231Z,2728.0,High,"Exact normalized name match, compatible AIS vessel type, and compatible reported length.",Attached AIS_EVENTS_RAW.csv
50796,Larchmont Race Week,2026,Not shown on scratch-sheet page,Coastal Racers | One Design,Coastal Racers,J/109,,5,0,J/109,,ENTRY ONLY,,,,sunnyside,Sunny Side,USA 37,J/109,35 Ft,Cary James,Larchmont Yacht Club,"Larchmont, NY, USA",One Design,Rating,,,2026,2026 Larchmont Race Week,1.0,,,,,,,https://yachtscoring.com/event_scratch_sheet/50796,https://yachtscoring.com/boatdetail/50796/526011,Additional scratch-sheet entry hosted by Larchmont Yacht Club. Included because reported length is at least 28 ft. Scratch-sheet entry sequence: 5.. Result fields were not added because this import is based on the entry sheet.,338070361; 338187885,338070361; 338187885,SUNNY SIDE; SUNNYSIDE,Not provided in export,Sailing,13.0,3.0,,Not provided in export,2026-09-04T12:45:57.301Z,2026-09-06T15:01:24.208Z,1727.0,Low,"Exact normalized name matched multiple AIS MMSIs; verify using dimensions, owner, or callsign.",Attached AIS_EVENTS_RAW.csv
50796,Larchmont Race Week,2026,Not shown on scratch-sheet page,Coastal Racers | PHRF,Coastal Racers,PHRF III,,24,0,PHRF III,,ENTRY ONLY,,,,attractivenuisance,Attractive Nuisance,USA 77287,Olson 30,30 Ft,Jonathan Nye,Indian Harbor Yacht Club,"Stamford, CT, USA",PHRF,ToD / ToT,111.0,111.0,2026,2026 Larchmont Race Week,1.0,,,,,,,https://yachtscoring.com/event_scratch_sheet/50796,https://yachtscoring.com/boatdetail/50796/526880,Additional scratch-sheet entry hosted by Larchmont Yacht Club. Included because reported length is at least 28 ft. Scratch-sheet entry sequence: 1.. Result fields were not added because this import is based on the entry sheet.,,,,,,,,,,,,,,,
50796,Larchmont Race Week,2026,Not shown on scratch-sheet page,Coastal Racers | PHRF,Coastal Racers,PHRF III,,24,0,PHRF III,,ENTRY ONLY,,,,cayuga,Cayuga,USA 197,Laser 28,28 Ft,Jeremy Pastore,HHYC,"Larchmont, NY, USA",PHRF,ToD / ToT,135.0,135.0,2026,2026 Larchmont Race Week,1.0,,,,,,,https://yachtscoring.com/event_scratch_sheet/50796,https://yachtscoring.com/boatdetail/50796/527322,Additional scratch-sheet entry hosted by Larchmont Yacht Club. Included because reported length is at least 28 ft. Scratch-sheet entry sequence: 2.. Result fields were not added because this import is based on the entry sheet.,,,,,,,,,,,,,,,
50796,Larchmont Race Week,2026,Not shown on scratch-sheet page,Coastal Racers | PHRF,Coastal Racers,PHRF III,,24,0,PHRF III,,ENTRY ONLY,,,,coconspirator,Co-Conspirator,USA 48,J/33,33 Ft,Matt Roleke & Trace Dittenhofer,Toms River Yacht Club,"Jersey City, NJ, USA",PHRF,ToD / ToT,84.0,84.0,2026,2026 Larchmont Race Week,1.0,,,,,,,https://yachtscoring.com/event_scratch_sheet/50796,https://yachtscoring.com/boatdetail/50796/526191,Additional scratch-sheet entry hosted by Larchmont Yacht Club. Included because reported length is at least 28 ft. Scratch-sheet entry sequence: 3.. Result fields were not added because this import is based on the entry sheet.,,,,,,,,,,,,,,,
50796,Larchmont Race Week,2026,Not shown on scratch-sheet page,Coastal Racers | PHRF,Coastal Racers,PHRF III,,24,0,PHRF III,,ENTRY ONLY,,,,deviation,Deviation YCC,USA 24,J 88,29 Ft,Iris Vogel,Huguenot Yacht Club / Storm Trysail Club / New York Yacht Club,"New Rochelle, NY, USA",PHRF,ToD / ToT,84.0,84.0,2026,2026 Larchmont Race Week,1.0,,,,,,,https://yachtscoring.com/event_scratch_sheet/50796,https://yachtscoring.com/boatdetail/50796/526951,Additional scratch-sheet entry hosted by Larchmont Yacht Club. Included because reported length is at least 28 ft. Scratch-sheet entry sequence: 4.. Result fields were not added because this import is based on the entry sheet.,,,,,,,,,,,,,,,
50796,Larchmont Race Week,2026,Not shown on scratch-sheet page,Coastal Racers | PHRF,Coastal Racers,PHRF III,,24,0,PHRF III,,ENTRY ONLY,,,,easyred,Easy Red,USA 92,J/92,30 Ft,Jon-Claude Zucconi,Indian Harbor Yacht Club,"Greenwich, CT, USA",PHRF,ToD / ToT,114.0,114.0,2026,2026 Larchmont Race Week,1.0,,,,,,,https://yachtscoring.com/event_scratch_sheet/50796,https://yachtscoring.com/boatdetail/50796/523233,Additional scratch-sheet entry hosted by Larchmont Yacht Club. Included because reported length is at least 28 ft. Scratch-sheet entry sequence: 5.. Result fields were not added because this import is based on the entry sheet.,,,,,,,,,,,,,,,
50796,Larchmont Race Week,2026,Not shown on scratch-sheet page,Coastal Racers | PHRF,Coastal Racers,PHRF III,,24,0,PHRF III,,ENTRY ONLY,,,,midnightrider,Midnight Rider - PMP Strategy,511,J/30,29.92 Ft,Denis Lafarge,,"New York, NY, USA",PHRF,ToD / ToT,138.0,138.0,2026,2026 Larchmont Race Week,1.0,,,,,,,https://yachtscoring.com/event_scratch_sheet/50796,https://yachtscoring.com/boatdetail/50796/526885,Additional scratch-sheet entry hosted by Larchmont Yacht Club. Included because reported length is at least 28 ft. Scratch-sheet entry sequence: 6.. Result fields were not added because this import is based on the entry sheet.,338554109,338554109,MIDNIGHT RIDER,Not provided in export,Sailing,9.0,3.0,,Not provided in export,2026-09-04T00:03:26.939Z,2026-09-07T14:36:24.067Z,217379.0,High,"Exact normalized name match, compatible AIS vessel type, and compatible reported length.",Attached AIS_EVENTS_RAW.csv
50796,Larchmont Race Week,2026,Not shown on scratch-sheet page,Coastal Racers | PHRF,Coastal Racers,PHRF III,,24,0,PHRF III,,ENTRY ONLY,,,,nantucket,Nantucket,Uni 37,Beneteau 37,37.7 Ft,George Braverman,YRALIS,"Rye, NY, USA",PHRF,ToD / ToT,162.0,162.0,2026,2026 Larchmont Race Week,1.0,,,,,,,https://yachtscoring.com/event_scratch_sheet/50796,https://yachtscoring.com/boatdetail/50796/526524,Additional scratch-sheet entry hosted by Larchmont Yacht Club. Included because reported length is at least 28 ft. Scratch-sheet entry sequence: 7.. Result fields were not added because this import is based on the entry sheet.,,,,,,,,,,,,,,,
50796,Larchmont Race Week,2026,Not shown on scratch-sheet page,Coastal Racers | PHRF,Coastal Racers,PHRF III,,24,0,PHRF III,,ENTRY ONLY,,,,nightwatch,Nightwatch,0,Tartan 3700,37 Ft,Jeremy Young,Larchmont Yacht Club,"New York, New York, USA",PHRF,ToD / ToT,,,2026,2026 Larchmont Race Week,1.0,,,,,,,https://yachtscoring.com/event_scratch_sheet/50796,https://yachtscoring.com/boatdetail/50796/527061,Additional scratch-sheet entry hosted by Larchmont Yacht Club. Included because reported length is at least 28 ft. Scratch-sheet entry sequence: 8.. Result fields were not added because this import is based on the entry sheet.,,,,,,,,,,,,,,,
50796,Larchmont Race Week,2026,Not shown on scratch-sheet page,Coastal Racers | PHRF,Coastal Racers,PHRF III,,24,0,PHRF III,,ENTRY ONLY,,,,peregrina,Peregrina,167,J 105,34.5 Ft,Ines Purcell,,"Norwalk, Ct, USA",PHRF,ToD / ToT,93.0,93.0,2026,2026 Larchmont Race Week,1.0,,,,,,,https://yachtscoring.com/event_scratch_sheet/50796,https://yachtscoring.com/boatdetail/50796/527016,Additional scratch-sheet entry hosted by Larchmont Yacht Club. Included because reported length is at least 28 ft. Scratch-sheet entry sequence: 10.. Result fields were not added because this import is based on the entry sheet.,,,,,,,,,,,,,,,
50796,Larchmont Race Week,2026,Not shown on scratch-sheet page,Coastal Racers | PHRF,Coastal Racers,PHRF III,,24,0,PHRF III,,ENTRY ONLY,,,,wanderlust,Wanderlust,388,Hanse,37.5 Ft,Lieven Nuyttens,HHYC,"Larchmont, NY, USA",PHRF,ToD / ToT,123.0,123.0,2026,2026 Larchmont Race Week,1.0,,,,,,,https://yachtscoring.com/event_scratch_sheet/50796,https://yachtscoring.com/boatdetail/50796/527316,Additional scratch-sheet entry hosted by Larchmont Yacht Club. Included because reported length is at least 28 ft. Scratch-sheet entry sequence: 12.. Result fields were not added because this import is based on the entry sheet.,,,,,,,,,,,,,,,
50796,Larchmont Race Week,2026,Not shown on scratch-sheet page,Ideal 18/Sonar/Melges 15 (July 18-19) | PHRF,Ideal 18/Sonar/Melges 15 (July 18-19),PHRF III,,1,0,PHRF III,,ENTRY ONLY,,,,sonar3,Sonar 3,3,Sonar,28 Ft,Mimi Magarelli,Larchmont Tacht Club,"New Rochelle, NY, USA",PHRF,ToD / ToT,,,2026,2026 Larchmont Race Week,1.0,,,,,,,https://yachtscoring.com/event_scratch_sheet/50796,https://yachtscoring.com/boatdetail/50796/526818,Additional scratch-sheet entry hosted by Larchmont Yacht Club. Included because reported length is at least 28 ft. Scratch-sheet entry sequence: 3.. Result fields were not added because this import is based on the entry sheet.,,,,,,,,,,,,,,,
50796,Larchmont Race Week,2026,Not shown on scratch-sheet page,"Shields, IOD, S-Class | PHRF","Shields, IOD, S-Class",PHRF III,,20,0,PHRF III,,ENTRY ONLY,,,,albondigas,Albondigas,USA 34,J/88,29 Ft,Justin Scagnelli,Huguenot Yacht Club,"New York, NY, USA",PHRF,ToD / ToT,,,2026,2026 Larchmont Race Week,1.0,,,,,,,https://yachtscoring.com/event_scratch_sheet/50796,https://yachtscoring.com/boatdetail/50796/525979,Additional scratch-sheet entry hosted by Larchmont Yacht Club. Included because reported length is at least 28 ft. Scratch-sheet entry sequence: 1.. Result fields were not added because this import is based on the entry sheet.,,,,,,,,,,,,,,,
50796,Larchmont Race Week,2026,Not shown on scratch-sheet page,"Shields, IOD, S-Class | PHRF","Shields, IOD, S-Class",PHRF III,,20,0,PHRF III,,ENTRY ONLY,,,,deviation,Deviation,USA 24,J/88,29 Ft,Iris Vogel,Huguenot Yacht Club / Storm Trysail Club / New York Yacht Club,"New Rochelle, NY, USA",PHRF,ToD / ToT,,,2026,2026 Larchmont Race Week,1.0,,,,,,,https://yachtscoring.com/event_scratch_sheet/50796,https://yachtscoring.com/boatdetail/50796/526059,Additional scratch-sheet entry hosted by Larchmont Yacht Club. Included because reported length is at least 28 ft. Scratch-sheet entry sequence: 2.. Result fields were not added because this import is based on the entry sheet.,,,,,,,,,,,,,,,
50796,Larchmont Race Week,2026,Not shown on scratch-sheet page,"Shields, IOD, S-Class | PHRF","Shields, IOD, S-Class",PHRF III,,20,0,PHRF III,,ENTRY ONLY,,,,onetoomany,One Too Many,USA 17,J/88,29 Ft,Lawrence Cutler & Andrew Weiss .,Storm Trysail Club / Larchmont Yacht Club,"Mamaroneck, NY, USA",PHRF,ToD / ToT,,,2026,2026 Larchmont Race Week,1.0,,,,,,,https://yachtscoring.com/event_scratch_sheet/50796,https://yachtscoring.com/boatdetail/50796/525975,Additional scratch-sheet entry hosted by Larchmont Yacht Club. Included because reported length is at least 28 ft. Scratch-sheet entry sequence: 3.. Result fields were not added because this import is based on the entry sheet.,,,,,,,,,,,,,,,
50796,Larchmont Race Week,2026,Not shown on scratch-sheet page,"Shields, IOD, S-Class | PHRF","Shields, IOD, S-Class",PHRF III,,20,0,PHRF III,,ENTRY ONLY,,,,redline,Redline,USA 8,J/88,29 Ft,David Kaplan / Ray Gustin,Indian Harbor Yacht Club,"Rowayton, CT, USA",PHRF,ToD / ToT,,,2026,2026 Larchmont Race Week,1.0,,,,,,,https://yachtscoring.com/event_scratch_sheet/50796,https://yachtscoring.com/boatdetail/50796/526292,Additional scratch-sheet entry hosted by Larchmont Yacht Club. Included because reported length is at least 28 ft. Scratch-sheet entry sequence: 4.. Result fields were not added because this import is based on the entry sheet.,,,,,,,,,,,,,,,
50796,Larchmont Race Week,2026,Not shown on scratch-sheet page,"Shields, IOD, S-Class | PHRF","Shields, IOD, S-Class",PHRF III,,20,0,PHRF III,,ENTRY ONLY,,,,siblingrivalry,Sibling Rivalry,USA 35,J/88,29 Ft,Chris Marx,Larchmont Yacht Club,"New Rochelle, New York, USA",PHRF,ToD / ToT,,,2026,2026 Larchmont Race Week,1.0,,,,,,,https://yachtscoring.com/event_scratch_sheet/50796,https://yachtscoring.com/boatdetail/50796/526023,Additional scratch-sheet entry hosted by Larchmont Yacht Club. Included because reported length is at least 28 ft. Scratch-sheet entry sequence: 5.. Result fields were not added because this import is based on the entry sheet.,,,,,,,,,,,,,,,
50796,Larchmont Race Week,2026,Not shown on scratch-sheet page,"Shields, IOD, S-Class | PHRF","Shields, IOD, S-Class",PHRF III,,20,0,PHRF III,,ENTRY ONLY,,,,whirlwind,Whirlwind,USA 56,J/88,29 Ft,William Purdy,Huguenot Yacht Club,"New York, NY, USA",PHRF,ToD / ToT,,,2026,2026 Larchmont Race Week,1.0,,,,,,,https://yachtscoring.com/event_scratch_sheet/50796,https://yachtscoring.com/boatdetail/50796/526120,Additional scratch-sheet entry hosted by Larchmont Yacht Club. Included because reported length is at least 28 ft. Scratch-sheet entry sequence: 6.. Result fields were not added because this import is based on the entry sheet.,,,,,,,,,,,,,,,
50796,Larchmont Race Week,2026,Not shown on scratch-sheet page,"Shields, IOD, S-Class | PHRF","Shields, IOD, S-Class",PHRF III,,20,0,PHRF III,,ENTRY ONLY,,,,wildthing,Wild Thing,USA 110,J/88,29 Ft,Diego Sacristan,American Yacht Club,"Rye, NY, USA",PHRF,ToD / ToT,,,2026,2026 Larchmont Race Week,1.0,,,,,,,https://yachtscoring.com/event_scratch_sheet/50796,https://yachtscoring.com/boatdetail/50796/526714,Additional scratch-sheet entry hosted by Larchmont Yacht Club. Included because reported length is at least 28 ft. Scratch-sheet entry sequence: 7.. Result fields were not added because this import is based on the entry sheet.,,,,,,,,,,,,,,,
50796,Larchmont Race Week,2026,Not shown on scratch-sheet page,"Shields, IOD, S-Class | PHRF","Shields, IOD, S-Class",PHRF III,,20,0,PHRF III,,ENTRY ONLY,,,,checkmate,Checkmate,25,Shields,30 Ft,Ward Young,Larchmont Yacht Club,"LARCHMONT, NY, USA",PHRF,ToD / ToT,,,2026,2026 Larchmont Race Week,1.0,,,,,,,https://yachtscoring.com/event_scratch_sheet/50796,https://yachtscoring.com/boatdetail/50796/526638,Additional scratch-sheet entry hosted by Larchmont Yacht Club. Included because reported length is at least 28 ft. Scratch-sheet entry sequence: 1.. Result fields were not added because this import is based on the entry sheet.,368346520,368346520,CHECKMATE,Not provided in export,Pleasure,27.0,7.0,,Not provided in export,2026-09-04T10:30:45.976Z,2026-09-07T12:57:13.736Z,26.0,Low,"Exact normalized name match, but AIS reported length or type conflicts with the race entry.",Attached AIS_EVENTS_RAW.csv
50796,Larchmont Race Week,2026,Not shown on scratch-sheet page,"Shields, IOD, S-Class | PHRF","Shields, IOD, S-Class",PHRF III,,20,0,PHRF III,,ENTRY ONLY,,,,coquetta,COQUETTA,70,Shields,30 Ft,Roland Schulz,"Larchmont YC, New York YC, Storm Trysail","Rye, NY, USA",PHRF,ToD / ToT,,,2026,2026 Larchmont Race Week,1.0,,,,,,,https://yachtscoring.com/event_scratch_sheet/50796,https://yachtscoring.com/boatdetail/50796/526712,Additional scratch-sheet entry hosted by Larchmont Yacht Club. Included because reported length is at least 28 ft. Scratch-sheet entry sequence: 2.. Result fields were not added because this import is based on the entry sheet.,,,,,,,,,,,,,,,
50796,Larchmont Race Week,2026,Not shown on scratch-sheet page,"Shields, IOD, S-Class | PHRF","Shields, IOD, S-Class",PHRF III,,20,0,PHRF III,,ENTRY ONLY,,,,fun,Fun,16,Shields,30 Ft,Thomas Sanford,Larchmont,"New York, NY, USA",PHRF,ToD / ToT,,,2026,2026 Larchmont Race Week,1.0,,,,,,,https://yachtscoring.com/event_scratch_sheet/50796,https://yachtscoring.com/boatdetail/50796/526706,Additional scratch-sheet entry hosted by Larchmont Yacht Club. Included because reported length is at least 28 ft. Scratch-sheet entry sequence: 3.. Result fields were not added because this import is based on the entry sheet.,,,,,,,,,,,,,,,
50796,Larchmont Race Week,2026,Not shown on scratch-sheet page,"Shields, IOD, S-Class | PHRF","Shields, IOD, S-Class",PHRF III,,20,0,PHRF III,,ENTRY ONLY,,,,havoc,Havoc,41,Shields,30 Ft,Matt / Tim / Ken / Jason / Hays / Drucker / Bond / Hammonds,Larchmont Yacht Club,"New Rochelle, NY, USA",PHRF,ToD / ToT,,,2026,2026 Larchmont Race Week,1.0,,,,,,,https://yachtscoring.com/event_scratch_sheet/50796,https://yachtscoring.com/boatdetail/50796/525494,Additional scratch-sheet entry hosted by Larchmont Yacht Club. Included because reported length is at least 28 ft. Scratch-sheet entry sequence: 4.. Result fields were not added because this import is based on the entry sheet.,,,,,,,,,,,,,,,
50796,Larchmont Race Week,2026,Not shown on scratch-sheet page,"Shields, IOD, S-Class | PHRF","Shields, IOD, S-Class",PHRF III,,20,0,PHRF III,,ENTRY ONLY,,,,katherine,Katherine,176,Shields,30 Ft,Gregg / Doug Takata / Campbell,LYC,"Larchmont, New York, USA",PHRF,ToD / ToT,,,2026,2026 Larchmont Race Week,1.0,,,,,,,https://yachtscoring.com/event_scratch_sheet/50796,https://yachtscoring.com/boatdetail/50796/526751,Additional scratch-sheet entry hosted by Larchmont Yacht Club. Included because reported length is at least 28 ft. Scratch-sheet entry sequence: 5.. Result fields were not added because this import is based on the entry sheet.,,,,,,,,,,,,,,,
50796,Larchmont Race Week,2026,Not shown on scratch-sheet page,"Shields, IOD, S-Class | PHRF","Shields, IOD, S-Class",PHRF III,,20,0,PHRF III,,ENTRY ONLY,,,,lady,Lady,106,Shields,30 Ft,John Mawe/Wes Bemus,Larchmont Yacht Club,"Larchmont, New York, USA",PHRF,ToD / ToT,,,2026,2026 Larchmont Race Week,1.0,,,,,,,https://yachtscoring.com/event_scratch_sheet/50796,https://yachtscoring.com/boatdetail/50796/526510,Additional scratch-sheet entry hosted by Larchmont Yacht Club. Included because reported length is at least 28 ft. Scratch-sheet entry sequence: 6.. Result fields were not added because this import is based on the entry sheet.,,,,,,,,,,,,,,,
50796,Larchmont Race Week,2026,Not shown on scratch-sheet page,"Shields, IOD, S-Class | PHRF","Shields, IOD, S-Class",PHRF III,,20,0,PHRF III,,ENTRY ONLY,,,,lure,Lure,182,Shields,30 Ft,Skip McGuire,Larchmont YC,"Stamford, CT, USA",PHRF,ToD / ToT,,,2026,2026 Larchmont Race Week,1.0,,,,,,,https://yachtscoring.com/event_scratch_sheet/50796,https://yachtscoring.com/boatdetail/50796/526697,Additional scratch-sheet entry hosted by Larchmont Yacht Club. Included because reported length is at least 28 ft. Scratch-sheet entry sequence: 7.. Result fields were not added because this import is based on the entry sheet.,,,,,,,,,,,,,,,
50796,Larchmont Race Week,2026,Not shown on scratch-sheet page,"Shields, IOD, S-Class | PHRF","Shields, IOD, S-Class",PHRF III,,20,0,PHRF III,,ENTRY ONLY,,,,phoenix,Phoenix,220,Shields,30 Ft,Daniel VanderWoude,Larchmont Yacht Club,"Larchmont, NY, USA",PHRF,ToD / ToT,,,2026,2026 Larchmont Race Week,1.0,,,,,,,https://yachtscoring.com/event_scratch_sheet/50796,https://yachtscoring.com/boatdetail/50796/524339,Additional scratch-sheet entry hosted by Larchmont Yacht Club. Included because reported length is at least 28 ft. Scratch-sheet entry sequence: 8.. Result fields were not added because this import is based on the entry sheet.,,,,,,,,,,,,,,,
50796,Larchmont Race Week,2026,Not shown on scratch-sheet page,"Shields, IOD, S-Class | PHRF","Shields, IOD, S-Class",PHRF III,,20,0,PHRF III,,ENTRY ONLY,,,,rascal,Rascal,23,Shields,30 Ft,Weisenfluh / MacColgain,Larchmont Yacht Club / NYYC,"Larchmont, NY, USA",PHRF,ToD / ToT,,,2026,2026 Larchmont Race Week,1.0,,,,,,,https://yachtscoring.com/event_scratch_sheet/50796,https://yachtscoring.com/boatdetail/50796/526157,Additional scratch-sheet entry hosted by Larchmont Yacht Club. Included because reported length is at least 28 ft. Scratch-sheet entry sequence: 9.. Result fields were not added because this import is based on the entry sheet.,,,,,,,,,,,,,,,
50796,Larchmont Race Week,2026,Not shown on scratch-sheet page,"Shields, IOD, S-Class | PHRF","Shields, IOD, S-Class",PHRF III,,20,0,PHRF III,,ENTRY ONLY,,,,swampfox,Swamp Fox,5,Shields,30 Ft,James Lawless,Larchmont Yacht Club,"Larchmont, Ny, USA",PHRF,ToD / ToT,,,2026,2026 Larchmont Race Week,1.0,,,,,,,https://yachtscoring.com/event_scratch_sheet/50796,https://yachtscoring.com/boatdetail/50796/526700,Additional scratch-sheet entry hosted by Larchmont Yacht Club. Included because reported length is at least 28 ft. Scratch-sheet entry sequence: 10.. Result fields were not added because this import is based on the entry sheet.,,,,,,,,,,,,,,,
50796,Larchmont Race Week,2026,Not shown on scratch-sheet page,"Shields, IOD, S-Class | PHRF","Shields, IOD, S-Class",PHRF III,,20,0,PHRF III,,ENTRY ONLY,,,,tango,Tango,26,Shields,30 Ft,Dan Ronan,,"Mamaroneck, New York, USA",PHRF,ToD / ToT,,,2026,2026 Larchmont Race Week,1.0,,,,,,,https://yachtscoring.com/event_scratch_sheet/50796,https://yachtscoring.com/boatdetail/50796/526785,Additional scratch-sheet entry hosted by Larchmont Yacht Club. Included because reported length is at least 28 ft. Scratch-sheet entry sequence: 11.. Result fields were not added because this import is based on the entry sheet.,,,,,,,,,,,,,,,
50796,Larchmont Race Week,2026,Not shown on scratch-sheet page,"Shields, IOD, S-Class | PHRF","Shields, IOD, S-Class",PHRF III,,20,0,PHRF III,,ENTRY ONLY,,,,tempest,Tempest,54,Shields,30 Ft,Rob Dailey / Com Crocker,Larchmont Yacht Club,"New Rochelle, New York, USA",PHRF,ToD / ToT,,,2026,2026 Larchmont Race Week,1.0,,,,,,,https://yachtscoring.com/event_scratch_sheet/50796,https://yachtscoring.com/boatdetail/50796/527036,Additional scratch-sheet entry hosted by Larchmont Yacht Club. Included because reported length is at least 28 ft. Scratch-sheet entry sequence: 12.. Result fields were not added because this import is based on the entry sheet.,,,,,,,,,,,,,,,
50796,Larchmont Race Week,2026,Not shown on scratch-sheet page,"Shields, IOD, S-Class | PHRF","Shields, IOD, S-Class",PHRF III,,20,0,PHRF III,,ENTRY ONLY,,,,uprising,Uprising,49,Shield,30 Ft,Cecilia Roe,Larchmont Yacht Club,"New Rochelle, New York, USA",PHRF,ToD / ToT,,,2026,2026 Larchmont Race Week,1.0,,,,,,,https://yachtscoring.com/event_scratch_sheet/50796,https://yachtscoring.com/boatdetail/50796/526286,Additional scratch-sheet entry hosted by Larchmont Yacht Club. Included because reported length is at least 28 ft. Scratch-sheet entry sequence: 13.. Result fields were not added because this import is based on the entry sheet.,,,,,,,,,,,,,,,
50813,Execution Rocks Race,2026,Not shown on scratch-sheet page,Execution Rocks,Execution Rocks,,,43,0,,,ENTRY ONLY,,,,3cheers,3 Cheers,USA 51888,J/109,35 Ft,Noroton Jr Big Boat,Noroton Yacht Club Junior Big Boat,"DARIEN, Connecticut, USA",,,69.0,69.0,2026,2026 Execution Rocks Race,1.0,,,,,,,https://yachtscoring.com/event_scratch_sheet/50813,https://yachtscoring.com/boatdetail/50813/527117,Additional scratch-sheet entry hosted by Larchmont Yacht Club. Included because reported length is at least 28 ft. Scratch-sheet entry sequence: 1.. Result fields were not added because this import is based on the entry sheet.,,,,,,,,,,,,,,,
50813,Execution Rocks Race,2026,Not shown on scratch-sheet page,Execution Rocks,Execution Rocks,,,43,0,,,ENTRY ONLY,,,,arma,ARMA,USA 61211,GP42,42 Ft,Dubois / Eaves / Krow / Roseberry,Larchmont Yacht Club,"Larchmont, NY, USA",,,-39.0,-39.0,2026,2026 Execution Rocks Race,1.0,,,,,,,https://yachtscoring.com/event_scratch_sheet/50813,https://yachtscoring.com/boatdetail/50813/525511,Additional scratch-sheet entry hosted by Larchmont Yacht Club. Included because reported length is at least 28 ft. Scratch-sheet entry sequence: 3.. Result fields were not added because this import is based on the entry sheet.,,,,,,,,,,,,,,,
50813,Execution Rocks Race,2026,Not shown on scratch-sheet page,Execution Rocks,Execution Rocks,,,43,0,,,ENTRY ONLY,,,,atalanta,Atalanta,USA 60358,J/42,42 Ft,Anne Stark,Larchmont Yacht Club,"Greenwich, CT, USA",,,69.0,69.0,2026,2026 Execution Rocks Race,1.0,,,,,,,https://yachtscoring.com/event_scratch_sheet/50813,https://yachtscoring.com/boatdetail/50813/525630,Additional scratch-sheet entry hosted by Larchmont Yacht Club. Included because reported length is at least 28 ft. Scratch-sheet entry sequence: 4.. Result fields were not added because this import is based on the entry sheet.,,,,,,,,,,,,,,,
50813,Execution Rocks Race,2026,Not shown on scratch-sheet page,Execution Rocks,Execution Rocks,,,43,0,,,ENTRY ONLY,,,,cayuga,Cayuga,USA 197,Laser 28,28 Ft,Jeremy Pastore,HHYC,"Larchmont, NY, USA",,,135.0,135.0,2026,2026 Execution Rocks Race,1.0,,,,,,,https://yachtscoring.com/event_scratch_sheet/50813,https://yachtscoring.com/boatdetail/50813/525627,Additional scratch-sheet entry hosted by Larchmont Yacht Club. Included because reported length is at least 28 ft. Scratch-sheet entry sequence: 5.. Result fields were not added because this import is based on the entry sheet.,,,,,,,,,,,,,,,
50813,Execution Rocks Race,2026,Not shown on scratch-sheet page,Execution Rocks,Execution Rocks,,,43,0,,,ENTRY ONLY,,,,christopherdragonxii,Christopher Dragon XII,USA 2277ex,Italia 11.98,38 Ft,Linda and Andrew Weiss .,Storm Trysail Club / Larchmont Yacht Club,"Mamaroneck, NY, USA",,,45.0,45.0,2026,2026 Execution Rocks Race,1.0,,,,,,,https://yachtscoring.com/event_scratch_sheet/50813,https://yachtscoring.com/boatdetail/50813/526439,Additional scratch-sheet entry hosted by Larchmont Yacht Club. Included because reported length is at least 28 ft. Scratch-sheet entry sequence: 6.. Result fields were not added because this import is based on the entry sheet.,,,,,,,,,,,,,,,
50813,Execution Rocks Race,2026,Not shown on scratch-sheet page,Execution Rocks,Execution Rocks,,,43,0,,,ENTRY ONLY,,,,cleolycjuniorbigboat,Cleo LYC Junior Big Boat,30,J/109,35.25 Ft,Michael Ances,Larchmont Yacht Club,"Larchmont, NY, USA",,,69.0,69.0,2026,2026 Execution Rocks Race,1.0,,,,,,,https://yachtscoring.com/event_scratch_sheet/50813,https://yachtscoring.com/boatdetail/50813/526819,Additional scratch-sheet entry hosted by Larchmont Yacht Club. Included because reported length is at least 28 ft. Scratch-sheet entry sequence: 7.. Result fields were not added because this import is based on the entry sheet.,,,,,,,,,,,,,,,
50813,Execution Rocks Race,2026,Not shown on scratch-sheet page,Execution Rocks,Execution Rocks,,,43,0,,,ENTRY ONLY,,,,coconspirator,Co-Conspirator,USA 48,J/33,33 Ft,Matt Roleke & Trace Dittenhofer,Toms River Yacht Club,"Jersey City, NJ, USA",,,78.0,78.0,2026,2026 Execution Rocks Race,1.0,,,,,,,https://yachtscoring.com/event_scratch_sheet/50813,https://yachtscoring.com/boatdetail/50813/526204,Additional scratch-sheet entry hosted by Larchmont Yacht Club. Included because reported length is at least 28 ft. Scratch-sheet entry sequence: 8.. Result fields were not added because this import is based on the entry sheet.,,,,,,,,,,,,,,,
50813,Execution Rocks Race,2026,Not shown on scratch-sheet page,Execution Rocks,Execution Rocks,,,43,0,,,ENTRY ONLY,,,,daysofmiracleandwonder,Days of Miracle and Wonder,Uni 630/522,J/105,34.5 Ft,David M Morris,Horseshoe Harbor Yacht Club / Nyack Boat Club,"Larchmont, NY, USA",,,87.0,87.0,2026,2026 Execution Rocks Race,1.0,,,,,,,https://yachtscoring.com/event_scratch_sheet/50813,https://yachtscoring.com/boatdetail/50813/525070,Additional scratch-sheet entry hosted by Larchmont Yacht Club. Included because reported length is at least 28 ft. Scratch-sheet entry sequence: 9.. Result fields were not added because this import is based on the entry sheet.,,,,,,,,,,,,,,,
50813,Execution Rocks Race,2026,Not shown on scratch-sheet page,Execution Rocks,Execution Rocks,,,43,0,,,ENTRY ONLY,,,,eventyr,Eventyr,USA 61668,J/99,32.6 Ft,Michael Kohler,Larchmont Yacht Club,"New York, NY, USA",,,69.0,69.0,2026,2026 Execution Rocks Race,1.0,,,,,,,https://yachtscoring.com/event_scratch_sheet/50813,https://yachtscoring.com/boatdetail/50813/526900,Additional scratch-sheet entry hosted by Larchmont Yacht Club. Included because reported length is at least 28 ft. Scratch-sheet entry sequence: 10.. Result fields were not added because this import is based on the entry sheet.,368327540,368327540,EVENTYR,Not provided in export,Sailing,10.0,4.0,,Not provided in export,2026-09-04T12:01:37.671Z,2026-09-05T12:02:49.28Z,1424.0,High,"Exact normalized name match, compatible AIS vessel type, and compatible reported length.",Attached AIS_EVENTS_RAW.csv
50813,Execution Rocks Race,2026,Not shown on scratch-sheet page,Execution Rocks,Execution Rocks,,,43,0,,,ENTRY ONLY,,,,falcon,Falcon,1281,J/111,36 Ft,Richard Graydon,Manhattan Yacht Club,"New York, NY, USA",,,24.0,24.0,2026,2026 Execution Rocks Race,1.0,,,,,,,https://yachtscoring.com/event_scratch_sheet/50813,https://yachtscoring.com/boatdetail/50813/527121,Additional scratch-sheet entry hosted by Larchmont Yacht Club. Included because reported length is at least 28 ft. Scratch-sheet entry sequence: 11.. Result fields were not added because this import is based on the entry sheet.,,,,,,,,,,,,,,,
50813,Execution Rocks Race,2026,Not shown on scratch-sheet page,Execution Rocks,Execution Rocks,,,43,0,,,ENTRY ONLY,,,,fortissimo,Fortissimo,USA 25,IC37,37 Ft,United States Merchant Marine Academy,KPUSMMA,"Kings Point, NY, USA",,,-15.0,-15.0,2026,2026 Execution Rocks Race,1.0,,,,,,,https://yachtscoring.com/event_scratch_sheet/50813,https://yachtscoring.com/boatdetail/50813/527321,Additional scratch-sheet entry hosted by Larchmont Yacht Club. Included because reported length is at least 28 ft. Scratch-sheet entry sequence: 12.. Result fields were not added because this import is based on the entry sheet.,,,,,,,,,,,,,,,
50813,Execution Rocks Race,2026,Not shown on scratch-sheet page,Execution Rocks,Execution Rocks,,,43,0,,,ENTRY ONLY,,,,hamburgii,Hamburg II,USA 51709,J 46,46 Ft,Albrecht Goethe,Lakewood Yacht Club / Storm Trysail Club,"Seabrook, TX, USA",,,30.0,30.0,2026,2026 Execution Rocks Race,1.0,,,,,,,https://yachtscoring.com/event_scratch_sheet/50813,https://yachtscoring.com/boatdetail/50813/525341,Additional scratch-sheet entry hosted by Larchmont Yacht Club. Included because reported length is at least 28 ft. Scratch-sheet entry sequence: 13.. Result fields were not added because this import is based on the entry sheet.,366947050,366947050,HAMBURG II,Not provided in export,Sailing,14.0,4.0,,Not provided in export,2026-09-04T15:44:45.213Z,2026-09-05T11:43:37.498Z,2272.0,High,"Exact normalized name match, compatible AIS vessel type, and compatible reported length.",Attached AIS_EVENTS_RAW.csv
50813,Execution Rocks Race,2026,Not shown on scratch-sheet page,Execution Rocks,Execution Rocks,,,43,0,,,ENTRY ONLY,,,,hideaway,Hideaway,87,Dehler 42,42 Ft,John Mawe,Larchmont Yacht Club,"Larchmont, New York, USA",,,51.0,51.0,2026,2026 Execution Rocks Race,1.0,,,,,,,https://yachtscoring.com/event_scratch_sheet/50813,https://yachtscoring.com/boatdetail/50813/527088,Additional scratch-sheet entry hosted by Larchmont Yacht Club. Included because reported length is at least 28 ft. Scratch-sheet entry sequence: 14.. Result fields were not added because this import is based on the entry sheet.,,,,,,,,,,,,,,,
50813,Execution Rocks Race,2026,Not shown on scratch-sheet page,Execution Rocks,Execution Rocks,,,43,0,,,ENTRY ONLY,,,,leadingedge,Leading Edge,51888,J/109,35.3 Ft,Jonathan Wittick (AYC Junior Boat),American Yacht Club,"Larchmont, NY, USA",,,66.0,66.0,2026,2026 Execution Rocks Race,1.0,,,,,,,https://yachtscoring.com/event_scratch_sheet/50813,https://yachtscoring.com/boatdetail/50813/527348,Additional scratch-sheet entry hosted by Larchmont Yacht Club. Included because reported length is at least 28 ft. Scratch-sheet entry sequence: 15.. Result fields were not added because this import is based on the entry sheet.,,,,,,,,,,,,,,,
50813,Execution Rocks Race,2026,Not shown on scratch-sheet page,Execution Rocks,Execution Rocks,,,43,0,,,ENTRY ONLY,,,,lioness,Lioness,USA 38007,Sydney 38,38 Ft,Lion Sailing Sailmakers,"Lion Racing, HYC","NYC, NY, USA",,,24.0,24.0,2026,2026 Execution Rocks Race,1.0,,,,,,,https://yachtscoring.com/event_scratch_sheet/50813,https://yachtscoring.com/boatdetail/50813/526994,Additional scratch-sheet entry hosted by Larchmont Yacht Club. Included because reported length is at least 28 ft. Scratch-sheet entry sequence: 16.. Result fields were not added because this import is based on the entry sheet.,,,,,,,,,,,,,,,
50813,Execution Rocks Race,2026,Not shown on scratch-sheet page,Execution Rocks,Execution Rocks,,,43,0,,,ENTRY ONLY,,,,littletexas,Little Texas,USA 169,J/105,35 Ft,Jonathan Zaskorski,The WaterFront Center,"OYSTER BAY, New York, USA",,,93.0,93.0,2026,2026 Execution Rocks Race,1.0,,,,,,,https://yachtscoring.com/event_scratch_sheet/50813,https://yachtscoring.com/boatdetail/50813/526805,Additional scratch-sheet entry hosted by Larchmont Yacht Club. Included because reported length is at least 28 ft. Scratch-sheet entry sequence: 17.. Result fields were not added because this import is based on the entry sheet.,368382110,368382110,LITTLE TEXAS,Not provided in export,Sailing,12.0,3.0,,Not provided in export,2026-09-04T15:44:47.557Z,2026-09-05T12:16:52.182Z,1582.0,High,"Exact normalized name match, compatible AIS vessel type, and compatible reported length.",Attached AIS_EVENTS_RAW.csv
50813,Execution Rocks Race,2026,Not shown on scratch-sheet page,Execution Rocks,Execution Rocks,,,43,0,,,ENTRY ONLY,,,,lure,Lure,182,Shields,30 Ft,Skip McGuire,Larchmont YC,"Stamford, CT, USA",,,168.0,168.0,2026,2026 Execution Rocks Race,1.0,,,,,,,https://yachtscoring.com/event_scratch_sheet/50813,https://yachtscoring.com/boatdetail/50813/527136,Additional scratch-sheet entry hosted by Larchmont Yacht Club. Included because reported length is at least 28 ft. Scratch-sheet entry sequence: 18.. Result fields were not added because this import is based on the entry sheet.,,,,,,,,,,,,,,,
50813,Execution Rocks Race,2026,Not shown on scratch-sheet page,Execution Rocks,Execution Rocks,,,43,0,,,ENTRY ONLY,,,,max,Max,USA 75050,Pogo 50,50 Ft,Moritz Hilf,American YC/New York YC/ Storm Trysail Club,"New York, NY, USA",,,-18.0,-18.0,2026,2026 Execution Rocks Race,1.0,,,,,,,https://yachtscoring.com/event_scratch_sheet/50813,https://yachtscoring.com/boatdetail/50813/527072,Additional scratch-sheet entry hosted by Larchmont Yacht Club. Included because reported length is at least 28 ft. Scratch-sheet entry sequence: 19.. Result fields were not added because this import is based on the entry sheet.,368146320,368146320,MAX,Not provided in export,Sailing,15.0,5.0,,Not provided in export,2026-09-04T12:38:38.982Z,2026-09-05T10:31:55.796Z,1238.0,High,"Exact normalized name match, compatible AIS vessel type, and compatible reported length.",Attached AIS_EVENTS_RAW.csv
50813,Execution Rocks Race,2026,Not shown on scratch-sheet page,Execution Rocks,Execution Rocks,,,43,0,,,ENTRY ONLY,,,,midnightrider,Midnight Rider - PMP Strategy,511,J/30,29.92 Ft,Denis Lafarge,,"New York, NY, USA",,,141.0,141.0,2026,2026 Execution Rocks Race,1.0,,,,,,,https://yachtscoring.com/event_scratch_sheet/50813,https://yachtscoring.com/boatdetail/50813/527063,Additional scratch-sheet entry hosted by Larchmont Yacht Club. Included because reported length is at least 28 ft. Scratch-sheet entry sequence: 20.. Result fields were not added because this import is based on the entry sheet.,338554109,338554109,MIDNIGHT RIDER,Not provided in export,Sailing,9.0,3.0,,Not provided in export,2026-09-04T00:03:26.939Z,2026-09-07T14:36:24.067Z,217379.0,High,"Exact normalized name match, compatible AIS vessel type, and compatible reported length.",Attached AIS_EVENTS_RAW.csv
50813,Execution Rocks Race,2026,Not shown on scratch-sheet page,Execution Rocks,Execution Rocks,,,43,0,,,ENTRY ONLY,,,,nantucket,Nantucket,Uni 37,Beneteau 37,37.7 Ft,George Braverman,YRALIS,"Rye, NY, USA",,,162.0,162.0,2026,2026 Execution Rocks Race,1.0,,,,,,,https://yachtscoring.com/event_scratch_sheet/50813,https://yachtscoring.com/boatdetail/50813/527173,Additional scratch-sheet entry hosted by Larchmont Yacht Club. Included because reported length is at least 28 ft. Scratch-sheet entry sequence: 21.. Result fields were not added because this import is based on the entry sheet.,,,,,,,,,,,,,,,
50813,Execution Rocks Race,2026,Not shown on scratch-sheet page,Execution Rocks,Execution Rocks,,,43,0,,,ENTRY ONLY,,,,peregrina,Peregrina,167,J 105,34.5 Ft,Ines Purcell,,"Norwalk, Ct, USA",,,87.0,87.0,2026,2026 Execution Rocks Race,1.0,,,,,,,https://yachtscoring.com/event_scratch_sheet/50813,https://yachtscoring.com/boatdetail/50813/527021,Additional scratch-sheet entry hosted by Larchmont Yacht Club. Included because reported length is at least 28 ft. Scratch-sheet entry sequence: 23.. Result fields were not added because this import is based on the entry sheet.,,,,,,,,,,,,,,,
50813,Execution Rocks Race,2026,Not shown on scratch-sheet page,Execution Rocks,Execution Rocks,,,43,0,,,ENTRY ONLY,,,,phantom,Phantom,USA 60711,Xp 44,44 Ft,Chris Schoen,Larchmont Yacht Club,"Larchmont, NY, USA",,,-9.0,-9.0,2026,2026 Execution Rocks Race,1.0,,,,,,,https://yachtscoring.com/event_scratch_sheet/50813,https://yachtscoring.com/boatdetail/50813/524443,Additional scratch-sheet entry hosted by Larchmont Yacht Club. Included because reported length is at least 28 ft. Scratch-sheet entry sequence: 24.. Result fields were not added because this import is based on the entry sheet.,338242317; 368001170; 368077430,338242317; 368001170; 368077430,PHANTOM,Not provided in export,Sailing,13.0,4.0,,Not provided in export,2026-09-04T13:01:46.597Z,2026-09-05T18:18:29.753Z,1979.0,Low,"Exact normalized name matched multiple AIS MMSIs; verify using dimensions, owner, or callsign.",Attached AIS_EVENTS_RAW.csv
50813,Execution Rocks Race,2026,Not shown on scratch-sheet page,Execution Rocks,Execution Rocks,,,43,0,,,ENTRY ONLY,,,,quicksilver,Quicksilver,USA 168,J/109,35.5 Ft,Ian Milward,Horseshoe Harbor Yacht Club,"Larchmont, NY, USA",,,69.0,69.0,2026,2026 Execution Rocks Race,1.0,,,,,,,https://yachtscoring.com/event_scratch_sheet/50813,https://yachtscoring.com/boatdetail/50813/525658,Additional scratch-sheet entry hosted by Larchmont Yacht Club. Included because reported length is at least 28 ft. Scratch-sheet entry sequence: 25.. Result fields were not added because this import is based on the entry sheet.,338210285,338210285,QUICKSILVER,Not provided in export,Sailing,11.0,4.0,,Not provided in export,2026-09-04T11:39:57.348Z,2026-09-05T12:50:20.231Z,2728.0,High,"Exact normalized name match, compatible AIS vessel type, and compatible reported length.",Attached AIS_EVENTS_RAW.csv
50813,Execution Rocks Race,2026,Not shown on scratch-sheet page,Execution Rocks,Execution Rocks,,,43,0,,,ENTRY ONLY,,,,rascal,Rascal,23,Shields,30 Ft,Kurt Weisenfluh Jr.,Larchmont YC,"Larchmont, NY, USA",,,168.0,168.0,2026,2026 Execution Rocks Race,1.0,,,,,,,https://yachtscoring.com/event_scratch_sheet/50813,https://yachtscoring.com/boatdetail/50813/526063,Additional scratch-sheet entry hosted by Larchmont Yacht Club. Included because reported length is at least 28 ft. Scratch-sheet entry sequence: 26.. Result fields were not added because this import is based on the entry sheet.,,,,,,,,,,,,,,,
50813,Execution Rocks Race,2026,Not shown on scratch-sheet page,Execution Rocks,Execution Rocks,,,43,0,,,ENTRY ONLY,,,,shakennotstirred,Shaken not Stirred,USA 225,J 105,34.5 Ft,Shaken Team,Riverside Yacht Club,"Old Greenwich, CT, USA",,,87.0,87.0,2026,2026 Execution Rocks Race,1.0,,,,,,,https://yachtscoring.com/event_scratch_sheet/50813,https://yachtscoring.com/boatdetail/50813/527343,Additional scratch-sheet entry hosted by Larchmont Yacht Club. Included because reported length is at least 28 ft. Scratch-sheet entry sequence: 28.. Result fields were not added because this import is based on the entry sheet.,338372436,338372436,SHAKEN NOT STIRRED,Not provided in export,Pleasure,10.0,3.0,,Not provided in export,2026-09-06T14:48:23.415Z,2026-09-06T16:37:18.492Z,224.0,High,"Exact normalized name match, compatible AIS vessel type, and compatible reported length.",Attached AIS_EVENTS_RAW.csv
50813,Execution Rocks Race,2026,Not shown on scratch-sheet page,Execution Rocks,Execution Rocks,,,43,0,,,ENTRY ONLY,,,,siblingrivalry,Sibling Rivalry,USA 35,J/88,29 Ft,Chris/Tom Marx/Marx,Larchmont Yacht Club,"New Rochelle, New York, USA",,,78.0,78.0,2026,2026 Execution Rocks Race,1.0,,,,,,,https://yachtscoring.com/event_scratch_sheet/50813,https://yachtscoring.com/boatdetail/50813/527084,Additional scratch-sheet entry hosted by Larchmont Yacht Club. Included because reported length is at least 28 ft. Scratch-sheet entry sequence: 29.. Result fields were not added because this import is based on the entry sheet.,,,,,,,,,,,,,,,
50813,Execution Rocks Race,2026,Not shown on scratch-sheet page,Execution Rocks,Execution Rocks,,,43,0,,,ENTRY ONLY,,,,sunnyside,Sunny Side,USA 37,J/109,35 Ft,Cary James,Larchmont Yacht Club,"Larchmont, NY, USA",,,66.0,66.0,2026,2026 Execution Rocks Race,1.0,,,,,,,https://yachtscoring.com/event_scratch_sheet/50813,https://yachtscoring.com/boatdetail/50813/525071,Additional scratch-sheet entry hosted by Larchmont Yacht Club. Included because reported length is at least 28 ft. Scratch-sheet entry sequence: 30.. Result fields were not added because this import is based on the entry sheet.,338070361; 338187885,338070361; 338187885,SUNNY SIDE; SUNNYSIDE,Not provided in export,Sailing,13.0,3.0,,Not provided in export,2026-09-04T12:45:57.301Z,2026-09-06T15:01:24.208Z,1727.0,Low,"Exact normalized name matched multiple AIS MMSIs; verify using dimensions, owner, or callsign.",Attached AIS_EVENTS_RAW.csv
50813,Execution Rocks Race,2026,Not shown on scratch-sheet page,Execution Rocks,Execution Rocks,,,43,0,,,ENTRY ONLY,,,,swampfox,Swamp Fox,5,Shields,30 Ft,James Lawless,Larchmont Yacht Club,"Larchmont, Ny, USA",,,168.0,168.0,2026,2026 Execution Rocks Race,1.0,,,,,,,https://yachtscoring.com/event_scratch_sheet/50813,https://yachtscoring.com/boatdetail/50813/526704,Additional scratch-sheet entry hosted by Larchmont Yacht Club. Included because reported length is at least 28 ft. Scratch-sheet entry sequence: 31.. Result fields were not added because this import is based on the entry sheet.,,,,,,,,,,,,,,,
50813,Execution Rocks Race,2026,Not shown on scratch-sheet page,Execution Rocks,Execution Rocks,,,43,0,,,ENTRY ONLY,,,,sweetlorraine,Sweet Lorraine,USA 61879,J/40,40.9 Ft,Mark Hansen,Larchmont Yacht Club,"Scarsdale, NY, USA",,,15.0,15.0,2026,2026 Execution Rocks Race,1.0,,,,,,,https://yachtscoring.com/event_scratch_sheet/50813,https://yachtscoring.com/boatdetail/50813/526923,Additional scratch-sheet entry hosted by Larchmont Yacht Club. Included because reported length is at least 28 ft. Scratch-sheet entry sequence: 32.. Result fields were not added because this import is based on the entry sheet.,,,,,,,,,,,,,,,
50813,Execution Rocks Race,2026,Not shown on scratch-sheet page,Execution Rocks,Execution Rocks,,,43,0,,,ENTRY ONLY,,,,teal,TEAL,USA 113,Henderson 30,30 Ft,Lily & Jeffrey Tyrrel,STC / Larchmont YC / Musket Cove YC,"Scarsdale, NY, USA",,,42.0,42.0,2026,2026 Execution Rocks Race,1.0,,,,,,,https://yachtscoring.com/event_scratch_sheet/50813,https://yachtscoring.com/boatdetail/50813/527133,Additional scratch-sheet entry hosted by Larchmont Yacht Club. Included because reported length is at least 28 ft. Scratch-sheet entry sequence: 33.. Result fields were not added because this import is based on the entry sheet.,,,,,,,,,,,,,,,
50813,Execution Rocks Race,2026,Not shown on scratch-sheet page,Execution Rocks,Execution Rocks,,,43,0,,,ENTRY ONLY,,,,tempestii,Tempest II,USA 418,J/105,34.5 Ft,David Owen,LYC,"Larchmont, NY, USA",,,87.0,87.0,2026,2026 Execution Rocks Race,1.0,,,,,,,https://yachtscoring.com/event_scratch_sheet/50813,https://yachtscoring.com/boatdetail/50813/526961,Additional scratch-sheet entry hosted by Larchmont Yacht Club. Included because reported length is at least 28 ft. Scratch-sheet entry sequence: 34.. Result fields were not added because this import is based on the entry sheet.,,,,,,,,,,,,,,,
50813,Execution Rocks Race,2026,Not shown on scratch-sheet page,Execution Rocks,Execution Rocks,,,43,0,,,ENTRY ONLY,,,,tenebrae,Tenebrae,USA 52400,J/124,40.7 Ft,William Ingraham,Larchmont Yacht Club / Storm Trysail Club,"Larchmont, NY, USA",,,42.0,42.0,2026,2026 Execution Rocks Race,1.0,,,,,,,https://yachtscoring.com/event_scratch_sheet/50813,https://yachtscoring.com/boatdetail/50813/526256,Additional scratch-sheet entry hosted by Larchmont Yacht Club. Included because reported length is at least 28 ft. Scratch-sheet entry sequence: 35.. Result fields were not added because this import is based on the entry sheet.,368034190,368034190,TENEBRAE,Not provided in export,Sailing,12.0,4.0,,Not provided in export,2026-09-06T15:51:43.582Z,2026-09-06T17:20:28.681Z,210.0,High,"Exact normalized name match, compatible AIS vessel type, and compatible reported length.",Attached AIS_EVENTS_RAW.csv
50813,Execution Rocks Race,2026,Not shown on scratch-sheet page,Execution Rocks,Execution Rocks,,,43,0,,,ENTRY ONLY,,,,texasrose,Texas Rose,58,J/112,36 Ft,Bill Komaroff,LYC,"Larchmont, NY, USA",,,48.0,48.0,2026,2026 Execution Rocks Race,1.0,,,,,,,https://yachtscoring.com/event_scratch_sheet/50813,https://yachtscoring.com/boatdetail/50813/526175,Additional scratch-sheet entry hosted by Larchmont Yacht Club. Included because reported length is at least 28 ft. Scratch-sheet entry sequence: 36.. Result fields were not added because this import is based on the entry sheet.,,,,,,,,,,,,,,,
50813,Execution Rocks Race,2026,Not shown on scratch-sheet page,Execution Rocks,Execution Rocks,,,43,0,,,ENTRY ONLY,,,,theroost,The Roost,USA USA 12,J/111,36.5 Ft,Pito Chickering,Riverside Yacht Club / NYYC / STC,"Cos Cob, CT, USA",,,24.0,24.0,2026,2026 Execution Rocks Race,1.0,,,,,,,https://yachtscoring.com/event_scratch_sheet/50813,https://yachtscoring.com/boatdetail/50813/527342,Additional scratch-sheet entry hosted by Larchmont Yacht Club. Included because reported length is at least 28 ft. Scratch-sheet entry sequence: 37.. Result fields were not added because this import is based on the entry sheet.,338479506,338479506,THE ROOST,Not provided in export,Sailing,11.0,4.0,,Not provided in export,2026-09-04T15:45:49.664Z,2026-09-05T11:17:41.879Z,1468.0,High,"Exact normalized name match, compatible AIS vessel type, and compatible reported length.",Attached AIS_EVENTS_RAW.csv
50813,Execution Rocks Race,2026,Not shown on scratch-sheet page,Execution Rocks,Execution Rocks,,,43,0,,,ENTRY ONLY,,,,thinman,Thin Man,USA 24,J/99,32.6 Ft,Todd Aven,City Island YC / Storm Trysail Club,"Brooklyn, NY, USA",,,72.0,72.0,2026,2026 Execution Rocks Race,1.0,,,,,,,https://yachtscoring.com/event_scratch_sheet/50813,https://yachtscoring.com/boatdetail/50813/526618,Additional scratch-sheet entry hosted by Larchmont Yacht Club. Included because reported length is at least 28 ft. Scratch-sheet entry sequence: 38.. Result fields were not added because this import is based on the entry sheet.,368114910,368114910,THIN MAN,Not provided in export,Sailing,10.0,4.0,,Not provided in export,2026-09-04T12:42:09.782Z,2026-09-05T12:28:11.623Z,2454.0,High,"Exact normalized name match, compatible AIS vessel type, and compatible reported length.",Attached AIS_EVENTS_RAW.csv
50813,Execution Rocks Race,2026,Not shown on scratch-sheet page,Execution Rocks,Execution Rocks,,,43,0,,,ENTRY ONLY,,,,whirlwind,Whirlwind,USA 56,J/88,29 Ft,William Purdy,Huguenot Yacht Club,"New York, NY, USA",,,78.0,78.0,2026,2026 Execution Rocks Race,1.0,,,,,,,https://yachtscoring.com/event_scratch_sheet/50813,https://yachtscoring.com/boatdetail/50813/526955,Additional scratch-sheet entry hosted by Larchmont Yacht Club. Included because reported length is at least 28 ft. Scratch-sheet entry sequence: 40.. Result fields were not added because this import is based on the entry sheet.,,,,,,,,,,,,,,,
50813,Execution Rocks Race,2026,Not shown on scratch-sheet page,Execution Rocks,Execution Rocks,,,43,0,,,ENTRY ONLY,,,,xenios,Xenios,USA 40006,X4.0,37.75 Ft,Mike Zupon,Larchmont,"Larchmont, Ny, USA",,,57.0,57.0,2026,2026 Execution Rocks Race,1.0,,,,,,,https://yachtscoring.com/event_scratch_sheet/50813,https://yachtscoring.com/boatdetail/50813/526864,Additional scratch-sheet entry hosted by Larchmont Yacht Club. Included because reported length is at least 28 ft. Scratch-sheet entry sequence: 41.. Result fields were not added because this import is based on the entry sheet.,,,,,,,,,,,,,,,
50813,Execution Rocks Race,2026,Not shown on scratch-sheet page,Execution Rocks,Execution Rocks,,,43,0,,,ENTRY ONLY,,,,youngamerican,Young American,324,J/105,34.5 Ft,Jonathan Wittick (AYC Junior Boat),American Yacht Club,"Larchmont, NY, USA",,,87.0,87.0,2026,2026 Execution Rocks Race,1.0,,,,,,,https://yachtscoring.com/event_scratch_sheet/50813,https://yachtscoring.com/boatdetail/50813/527349,Additional scratch-sheet entry hosted by Larchmont Yacht Club. Included because reported length is at least 28 ft. Scratch-sheet entry sequence: 42.. Result fields were not added because this import is based on the entry sheet.,,,,,,,,,,,,,,,
50813,Execution Rocks Race,2026,Not shown on scratch-sheet page,Execution Rocks,Execution Rocks,,,43,0,,,ENTRY ONLY,,,,impulse,Impulse,USA 52463,Oday 39,39 Ft,Len Di Iorio,Huguenot Yacht Club,"New Rochelle, NY, USA",,,138.0,138.0,2026,2026 Execution Rocks Race,1.0,,,,,,,https://yachtscoring.com/event_scratch_sheet/50813,https://yachtscoring.com/boatdetail/50813/526252,Additional scratch-sheet entry hosted by Larchmont Yacht Club. Included because reported length is at least 28 ft. Scratch-sheet entry sequence: 1.. Result fields were not added because this import is based on the entry sheet.,369735000,369735000,IMPULSE,Not provided in export,Pleasure,27.0,6.0,,Not provided in export,2026-09-04T23:45:18.035Z,2026-09-06T06:50:03.447Z,459.0,Low,"Exact normalized name match, but AIS reported length or type conflicts with the race entry.",Attached AIS_EVENTS_RAW.csv
50813,Execution Rocks Race,2026,Not shown on scratch-sheet page,Execution Rocks,Execution Rocks,,,43,0,,,ENTRY ONLY,,,,kitli,Kitli,297,Sabre 34-2,34 Ft,Darshan Patel,"Meyran Marine, Port Washington, NY","New Hyde Park, NY, USA",,,156.0,156.0,2026,2026 Execution Rocks Race,1.0,,,,,,,https://yachtscoring.com/event_scratch_sheet/50813,https://yachtscoring.com/boatdetail/50813/527346,Additional scratch-sheet entry hosted by Larchmont Yacht Club. Included because reported length is at least 28 ft. Scratch-sheet entry sequence: 2.. Result fields were not added because this import is based on the entry sheet.,,,,,,,,,,,,,,,
50813,Execution Rocks Race,2026,Not shown on scratch-sheet page,Execution Rocks,Execution Rocks,,,43,0,,,ENTRY ONLY,,,,nightwatch,Nightwatch,0,Tartan 3700,37 Ft,Jeremy Young,Larchmont Yacht Club,"New York, New York, USA",,,,,2026,2026 Execution Rocks Race,1.0,,,,,,,https://yachtscoring.com/event_scratch_sheet/50813,https://yachtscoring.com/boatdetail/50813/527067,Additional scratch-sheet entry hosted by Larchmont Yacht Club. Included because reported length is at least 28 ft. Scratch-sheet entry sequence: 3.. Result fields were not added because this import is based on the entry sheet.,,,,,,,,,,,,,,,
50813,Execution Rocks Race,2026,Not shown on scratch-sheet page,Execution Rocks,Execution Rocks,,,43,0,,,ENTRY ONLY,,,,petra,Petra,143,Swan 36,36 Ft,William Scherer,Huguenot Yacht Club,"New Rochelle, NY, USA",,,168.0,168.0,2026,2026 Execution Rocks Race,1.0,,,,,,,https://yachtscoring.com/event_scratch_sheet/50813,https://yachtscoring.com/boatdetail/50813/526893,Additional scratch-sheet entry hosted by Larchmont Yacht Club. Included because reported length is at least 28 ft. Scratch-sheet entry sequence: 4.. Result fields were not added because this import is based on the entry sheet.,,,,,,,,,,,,,,,
50813,Execution Rocks Race,2026,Not shown on scratch-sheet page,Execution Rocks,Execution Rocks,,,43,0,,,ENTRY ONLY,,,,searabbit,Sea Rabbit,USA 12582,Pearson P36,36.5 Ft,Ken MacArtney,Huguenot Yacht Club,"New Rochelle, NY, USA",,,147.0,147.0,2026,2026 Execution Rocks Race,1.0,,,,,,,https://yachtscoring.com/event_scratch_sheet/50813,https://yachtscoring.com/boatdetail/50813/526954,Additional scratch-sheet entry hosted by Larchmont Yacht Club. Included because reported length is at least 28 ft. Scratch-sheet entry sequence: 5.. Result fields were not added because this import is based on the entry sheet.,,,,,,,,,,,,,,,
16820,Stamford Overnight Race,2024,Not shown on scratch-sheet page,Double handed | PHRF,Double handed,Double handed,,2,0,Double handed,,ENTRY ONLY,,,,valiant,Valiant,408,J-105,34.5,Stamford Yacht Club Junior Big Boat,Stamford Yacht Club,"Stamford, CT, USA",PHRF,ToD / ToT,87.0,87.0,2024,2024 Stamford Overnight Race,1.0,,,,,,,https://yachtscoring.com/event_scratch_sheet/16820,https://yachtscoring.com/boatdetail/16820/308517,Additional scratch-sheet entry hosted by Stamford Yacht Club. Included because reported length is at least 28 ft. Scratch-sheet entry sequence: 1.. Result fields were not added because this import is based on the entry sheet.,,,,,,,,,,,,,,,
16820,Stamford Overnight Race,2024,Not shown on scratch-sheet page,Double handed | PHRF,Double handed,Double handed,,2,0,Double handed,,ENTRY ONLY,,,,velocity2,Velocity2,USA 22,J/99,32.6,Kevin Marks,Noroton Yacht Club,"Darien, CT, USA",PHRF,ToD / ToT,72.0,72.0,2024,2024 Stamford Overnight Race,1.0,,,,,,,https://yachtscoring.com/event_scratch_sheet/16820,https://yachtscoring.com/boatdetail/16820/308087,Additional scratch-sheet entry hosted by Stamford Yacht Club. Included because reported length is at least 28 ft. Scratch-sheet entry sequence: 2.. Result fields were not added because this import is based on the entry sheet.,338412468,338412468,VELOCITY 2,Not provided in export,Sailing,10.0,3.0,,Not provided in export,2026-09-04T15:46:20.451Z,2026-09-04T17:45:12.721Z,199.0,High,"Exact normalized name match, compatible AIS vessel type, and compatible reported length.",Attached AIS_EVENTS_RAW.csv
16820,Stamford Overnight Race,2024,Not shown on scratch-sheet page,Non spinnaker | PHRF,Non spinnaker,Non spinnaker,,2,0,Non spinnaker,,ENTRY ONLY,,,,celebrationii,Celebration (II),USA 41437,Tripp 37,37,Sea Scout Ship 6,Sea Scouts (Youth CC),"Stamford, CT, USA",PHRF,ToD / ToT,96.0,96.0,2024,2024 Stamford Overnight Race,1.0,,,,,,,https://yachtscoring.com/event_scratch_sheet/16820,https://yachtscoring.com/boatdetail/16820/308572,Additional scratch-sheet entry hosted by Stamford Yacht Club. Included because reported length is at least 28 ft. Scratch-sheet entry sequence: 1.. Result fields were not added because this import is based on the entry sheet.,,,,,,,,,,,,,,,
16820,Stamford Overnight Race,2024,Not shown on scratch-sheet page,Non spinnaker | PHRF,Non spinnaker,Non spinnaker,,2,0,Non spinnaker,,ENTRY ONLY,,,,snowgoose,Snow Goose,USA 11684,C&C 35-1,34'7,Thomas Delaney,City Island Yacht Club,"City Island, NY, USA",PHRF,ToD / ToT,126.0,126.0,2024,2024 Stamford Overnight Race,1.0,,,,,,,https://yachtscoring.com/event_scratch_sheet/16820,https://yachtscoring.com/boatdetail/16820/304092,Additional scratch-sheet entry hosted by Stamford Yacht Club. Included because reported length is at least 28 ft. Scratch-sheet entry sequence: 2.. Result fields were not added because this import is based on the entry sheet.,338043985; 368113530,338043985; 368113530,SNOW GOOSE,Not provided in export,Pleasure,12.0,4.0,,Not provided in export,2026-09-05T12:07:35.535Z,2026-09-06T01:08:11.298Z,710.0,Low,"Exact normalized name matched multiple AIS MMSIs; verify using dimensions, owner, or callsign.",Attached AIS_EVENTS_RAW.csv
16820,Stamford Overnight Race,2024,Not shown on scratch-sheet page,Spinnaker | PHRF,Spinnaker,Spinnaker Class 1,,7,0,Spinnaker Class 1,,ENTRY ONLY,,,,apavarga,Apavarga (YCC),USA 39516,Farr 395,39.4,Pequot YC Jr BB Team / Treef Rosow,Pequot YC / NYYC,"Southport, CT, USA",PHRF,ToD / ToT,18.0,18.0,2024,2024 Stamford Overnight Race,1.0,,,,,,,https://yachtscoring.com/event_scratch_sheet/16820,https://yachtscoring.com/boatdetail/16820/308524,Additional scratch-sheet entry hosted by Stamford Yacht Club. Included because reported length is at least 28 ft. Scratch-sheet entry sequence: 1.. Result fields were not added because this import is based on the entry sheet.,,,,,,,,,,,,,,,
16820,Stamford Overnight Race,2024,Not shown on scratch-sheet page,Spinnaker | PHRF,Spinnaker,Spinnaker Class 1,,7,0,Spinnaker Class 1,,ENTRY ONLY,,,,attractivenuisance,Attractive Nuisance,USA 77287,Olson 30,30,Jonathan Nye,Indian Harbor YC,"Stamford, CT, USA",PHRF,ToD / ToT,102.0,102.0,2024,2024 Stamford Overnight Race,1.0,,,,,,,https://yachtscoring.com/event_scratch_sheet/16820,https://yachtscoring.com/boatdetail/16820/307798,Additional scratch-sheet entry hosted by Stamford Yacht Club. Included because reported length is at least 28 ft. Scratch-sheet entry sequence: 2.. Result fields were not added because this import is based on the entry sheet.,,,,,,,,,,,,,,,
16820,Stamford Overnight Race,2024,Not shown on scratch-sheet page,Spinnaker | PHRF,Spinnaker,Spinnaker Class 1,,7,0,Spinnaker Class 1,,ENTRY ONLY,,,,charlotte,Charlotte YCC,USA 46650,J/120,40,Richard West,Stamford Yacht Club,"Darien, CT, USA",PHRF,ToD / ToT,48.0,48.0,2024,2024 Stamford Overnight Race,1.0,,,,,,,https://yachtscoring.com/event_scratch_sheet/16820,https://yachtscoring.com/boatdetail/16820/305581,Additional scratch-sheet entry hosted by Stamford Yacht Club. Included because reported length is at least 28 ft. Scratch-sheet entry sequence: 3.. Result fields were not added because this import is based on the entry sheet.,368248080,368248080,CHARLOTTE,Not provided in export,Sailing,12.0,4.0,,Not provided in export,2026-09-04T13:01:40.309Z,2026-09-07T12:34:12.754Z,1984.0,High,"Exact normalized name match, compatible AIS vessel type, and compatible reported length.",Attached AIS_EVENTS_RAW.csv
16820,Stamford Overnight Race,2024,Not shown on scratch-sheet page,Spinnaker | PHRF,Spinnaker,Spinnaker Class 1,,7,0,Spinnaker Class 1,,ENTRY ONLY,,,,littletexas,Little Texas,USA 1941,J105,34.5,The WaterFront Center Junior Big Boat Program,The WaterFront Center,"Oyster Bay, NY, USA",PHRF,ToD / ToT,87.0,87.0,2024,2024 Stamford Overnight Race,1.0,,,,,,,https://yachtscoring.com/event_scratch_sheet/16820,https://yachtscoring.com/boatdetail/16820/308437,Additional scratch-sheet entry hosted by Stamford Yacht Club. Included because reported length is at least 28 ft. Scratch-sheet entry sequence: 4.. Result fields were not added because this import is based on the entry sheet.,368382110,368382110,LITTLE TEXAS,Not provided in export,Sailing,12.0,3.0,,Not provided in export,2026-09-04T15:44:47.557Z,2026-09-05T12:16:52.182Z,1582.0,High,"Exact normalized name match, compatible AIS vessel type, and compatible reported length.",Attached AIS_EVENTS_RAW.csv
16820,Stamford Overnight Race,2024,Not shown on scratch-sheet page,Spinnaker | PHRF,Spinnaker,Spinnaker Class 1,,7,0,Spinnaker Class 1,,ENTRY ONLY,,,,rhiannon,Rhiannon,USA 52488,J 133,43,Cao Deambrosio & Chris Nicholls,Stamford Yacht Club,"Stamford, CT, USA",PHRF,ToD / ToT,18.0,18.0,2024,2024 Stamford Overnight Race,1.0,,,,,,,https://yachtscoring.com/event_scratch_sheet/16820,https://yachtscoring.com/boatdetail/16820/308041,Additional scratch-sheet entry hosted by Stamford Yacht Club. Included because reported length is at least 28 ft. Scratch-sheet entry sequence: 5.. Result fields were not added because this import is based on the entry sheet.,,,,,,,,,,,,,,,
16820,Stamford Overnight Race,2024,Not shown on scratch-sheet page,Spinnaker | PHRF,Spinnaker,Spinnaker Class 1,,7,0,Spinnaker Class 1,,ENTRY ONLY,,,,rumba,Rumba,USA 61132,J/133,43,Ove Haxthausen,Stamford YC,"Stamford, CT, USA",PHRF,ToD / ToT,12.0,12.0,2024,2024 Stamford Overnight Race,1.0,,,,,,,https://yachtscoring.com/event_scratch_sheet/16820,https://yachtscoring.com/boatdetail/16820/307018,Additional scratch-sheet entry hosted by Stamford Yacht Club. Included because reported length is at least 28 ft. Scratch-sheet entry sequence: 6.. Result fields were not added because this import is based on the entry sheet.,368057260,368057260,RUMBA,Not provided in export,Sailing,13.0,3.0,,Not provided in export,2026-09-04T15:44:43.206Z,2026-09-05T11:43:33.282Z,1530.0,High,"Exact normalized name match, compatible AIS vessel type, and compatible reported length.",Attached AIS_EVENTS_RAW.csv
16820,Stamford Overnight Race,2024,Not shown on scratch-sheet page,Spinnaker | PHRF,Spinnaker,Spinnaker Class 1,,7,0,Spinnaker Class 1,,ENTRY ONLY,,,,sawtooth,Sawtooth,43681S,Thomas 35,35,Peter Schmiedeck,SHYC,"Weston, CT, USA",PHRF,ToD / ToT,78.0,78.0,2024,2024 Stamford Overnight Race,1.0,,,,,,,https://yachtscoring.com/event_scratch_sheet/16820,https://yachtscoring.com/boatdetail/16820/306202,Additional scratch-sheet entry hosted by Stamford Yacht Club. Included because reported length is at least 28 ft. Scratch-sheet entry sequence: 7.. Result fields were not added because this import is based on the entry sheet.,,,,,,,,,,,,,,,
50828,Stamford Overnight Race,2026,Not shown on scratch-sheet page,Non-Spinnaker | PHRF,Non-Spinnaker,non-Spinnaker,,1,0,non-Spinnaker,,ENTRY ONLY,,,,celebrationii,Celebration (II),USA 41437,Tripp 37,37 Ft,Sea Scout Ship 6,Sea Scouts,"Norwalk, CT, USA",PHRF,ToD / ToT,96.0,96.0,2026,2026 Stamford Overnight Race,1.0,,,,,,,https://yachtscoring.com/event_scratch_sheet/50828,https://yachtscoring.com/boatdetail/50828/529407,Additional scratch-sheet entry hosted by Stamford Yacht Club. Included because reported length is at least 28 ft. Scratch-sheet entry sequence: 1.. Result fields were not added because this import is based on the entry sheet.,,,,,,,,,,,,,,,
50828,Stamford Overnight Race,2026,Not shown on scratch-sheet page,Spinnaker | PHRF,Spinnaker,Spinnaker - Class 1,,15,0,Spinnaker - Class 1,,ENTRY ONLY,,,,brizo,Brizo,52095,Beneteau First 40.7,39 Ft,Douglas Kornreich,Norwalk Yacht Club,"Ridgefield, CT, USA",PHRF,ToD / ToT,51.0,51.0,2026,2026 Stamford Overnight Race,1.0,,,,,,,https://yachtscoring.com/event_scratch_sheet/50828,https://yachtscoring.com/boatdetail/50828/529601,Additional scratch-sheet entry hosted by Stamford Yacht Club. Included because reported length is at least 28 ft. Scratch-sheet entry sequence: 1.. Result fields were not added because this import is based on the entry sheet.,,,,,,,,,,,,,,,
50828,Stamford Overnight Race,2026,Not shown on scratch-sheet page,Spinnaker | PHRF,Spinnaker,Spinnaker - Class 1,,15,0,Spinnaker - Class 1,,ENTRY ONLY,,,,charlotte,Charlotte,USA 46650,J/120,40 Ft,Richard West,"Stamford YC, NYYC, STC","Darien, CT, USA",PHRF,ToD / ToT,51.0,51.0,2026,2026 Stamford Overnight Race,1.0,,,,,,,https://yachtscoring.com/event_scratch_sheet/50828,https://yachtscoring.com/boatdetail/50828/527711,Additional scratch-sheet entry hosted by Stamford Yacht Club. Included because reported length is at least 28 ft. Scratch-sheet entry sequence: 2.. Result fields were not added because this import is based on the entry sheet.,368248080,368248080,CHARLOTTE,Not provided in export,Sailing,12.0,4.0,,Not provided in export,2026-09-04T13:01:40.309Z,2026-09-07T12:34:12.754Z,1984.0,High,"Exact normalized name match, compatible AIS vessel type, and compatible reported length.",Attached AIS_EVENTS_RAW.csv
50828,Stamford Overnight Race,2026,Not shown on scratch-sheet page,Spinnaker | PHRF,Spinnaker,Spinnaker - Class 1,,15,0,Spinnaker - Class 1,,ENTRY ONLY,,,,comet,Comet,USA 43600,J/44,44 Ft,United States Merchant Marine Academy,KPUSMMA,"Kings Point, NY, USA",PHRF,ToD / ToT,27.0,27.0,2026,2026 Stamford Overnight Race,1.0,,,,,,,https://yachtscoring.com/event_scratch_sheet/50828,https://yachtscoring.com/boatdetail/50828/527806,Additional scratch-sheet entry hosted by Stamford Yacht Club. Included because reported length is at least 28 ft. Scratch-sheet entry sequence: 3.. Result fields were not added because this import is based on the entry sheet.,,,,,,,,,,,,,,,
50828,Stamford Overnight Race,2026,Not shown on scratch-sheet page,Spinnaker | PHRF,Spinnaker,Spinnaker - Class 1,,15,0,Spinnaker - Class 1,,ENTRY ONLY,,,,moneyball,Moneyball,USA 61180,MAT 1180,38.7 Ft,Peter Hansen,Stamford Yacht Club,"Stamford, Connecticut, USA",PHRF,ToD / ToT,-21.0,-21.0,2026,2026 Stamford Overnight Race,1.0,,,,,,,https://yachtscoring.com/event_scratch_sheet/50828,https://yachtscoring.com/boatdetail/50828/528611,Additional scratch-sheet entry hosted by Stamford Yacht Club. Included because reported length is at least 28 ft. Scratch-sheet entry sequence: 4.. Result fields were not added because this import is based on the entry sheet.,,,,,,,,,,,,,,,
50828,Stamford Overnight Race,2026,Not shown on scratch-sheet page,Spinnaker | PHRF,Spinnaker,Spinnaker - Class 1,,15,0,Spinnaker - Class 1,,ENTRY ONLY,,,,msquared,M Squared,USA 50807,J 120,40 Ft,William Mack,Stamford Yacht Club / STC / RORC,"Darien, CT, USA",PHRF,ToD / ToT,42.0,42.0,2026,2026 Stamford Overnight Race,1.0,,,,,,,https://yachtscoring.com/event_scratch_sheet/50828,https://yachtscoring.com/boatdetail/50828/529137,Additional scratch-sheet entry hosted by Stamford Yacht Club. Included because reported length is at least 28 ft. Scratch-sheet entry sequence: 5.. Result fields were not added because this import is based on the entry sheet.,,,,,,,,,,,,,,,
50828,Stamford Overnight Race,2026,Not shown on scratch-sheet page,Spinnaker | PHRF,Spinnaker,Spinnaker - Class 1,,15,0,Spinnaker - Class 1,,ENTRY ONLY,,,,ohana,Ohana,435,Arcona 435 MkII,44.7 Ft,Ken Wisdom,CPYC/NYYC/RORC,"Wilton, CT, USA",PHRF,ToD / ToT,-3.0,-3.0,2026,2026 Stamford Overnight Race,1.0,,,,,,,https://yachtscoring.com/event_scratch_sheet/50828,https://yachtscoring.com/boatdetail/50828/528938,Additional scratch-sheet entry hosted by Stamford Yacht Club. Included because reported length is at least 28 ft. Scratch-sheet entry sequence: 6.. Result fields were not added because this import is based on the entry sheet.,338351614; 368366540; 368396040,338351614; 368366540; 368396040,OHANA,Not provided in export,Sailing,13.0,4.0,,Not provided in export,2026-09-04T13:01:36.882Z,2026-09-06T08:25:35.409Z,2053.0,Low,"Exact normalized name matched multiple AIS MMSIs; verify using dimensions, owner, or callsign.",Attached AIS_EVENTS_RAW.csv
50828,Stamford Overnight Race,2026,Not shown on scratch-sheet page,Spinnaker | PHRF,Spinnaker,Spinnaker - Class 1,,15,0,Spinnaker - Class 1,,ENTRY ONLY,,,,rumba,Rumba,USA 61132,J/133,43 Ft,Ove Haxthausen,Stamford Yacht Club,"Stamford, CT, USA",PHRF,ToD / ToT,12.0,12.0,2026,2026 Stamford Overnight Race,1.0,,,,,,,https://yachtscoring.com/event_scratch_sheet/50828,https://yachtscoring.com/boatdetail/50828/528095,Additional scratch-sheet entry hosted by Stamford Yacht Club. Included because reported length is at least 28 ft. Scratch-sheet entry sequence: 7.. Result fields were not added because this import is based on the entry sheet.,368057260,368057260,RUMBA,Not provided in export,Sailing,13.0,3.0,,Not provided in export,2026-09-04T15:44:43.206Z,2026-09-05T11:43:33.282Z,1530.0,High,"Exact normalized name match, compatible AIS vessel type, and compatible reported length.",Attached AIS_EVENTS_RAW.csv
50828,Stamford Overnight Race,2026,Not shown on scratch-sheet page,Spinnaker | PHRF,Spinnaker,Spinnaker - Class 2,,15,0,Spinnaker - Class 2,,ENTRY ONLY,,,,growthspurt,Growth Spurt,USA 261,J/109,35 Ft,"John Greifzu, Jr.",Stamford Yacht Club,"Darien, CT, USA",PHRF,ToD / ToT,63.0,63.0,2026,2026 Stamford Overnight Race,1.0,,,,,,,https://yachtscoring.com/event_scratch_sheet/50828,https://yachtscoring.com/boatdetail/50828/529412,Additional scratch-sheet entry hosted by Stamford Yacht Club. Included because reported length is at least 28 ft. Scratch-sheet entry sequence: 1.. Result fields were not added because this import is based on the entry sheet.,338236237,338236237,GROWTH SPURT,Not provided in export,Sailing,11.0,3.0,,Not provided in export,2026-09-04T15:53:52.826Z,2026-09-05T12:06:48.421Z,1786.0,High,"Exact normalized name match, compatible AIS vessel type, and compatible reported length.",Attached AIS_EVENTS_RAW.csv
50828,Stamford Overnight Race,2026,Not shown on scratch-sheet page,Spinnaker | PHRF,Spinnaker,Spinnaker - Class 2,,15,0,Spinnaker - Class 2,,ENTRY ONLY,,,,littletexas,Little Texas YCC,USA 169,J/105 SD,35 Ft,The WaterFront Center Junior Big Boat,The WaterFront Center,"OYSTER BAY, New York, USA",PHRF,ToD / ToT,93.0,93.0,2026,2026 Stamford Overnight Race,1.0,,,,,,,https://yachtscoring.com/event_scratch_sheet/50828,https://yachtscoring.com/boatdetail/50828/529081,Additional scratch-sheet entry hosted by Stamford Yacht Club. Included because reported length is at least 28 ft. Scratch-sheet entry sequence: 2.. Result fields were not added because this import is based on the entry sheet.,368382110,368382110,LITTLE TEXAS,Not provided in export,Sailing,12.0,3.0,,Not provided in export,2026-09-04T15:44:47.557Z,2026-09-05T12:16:52.182Z,1582.0,High,"Exact normalized name match, compatible AIS vessel type, and compatible reported length.",Attached AIS_EVENTS_RAW.csv
50828,Stamford Overnight Race,2026,Not shown on scratch-sheet page,Spinnaker | PHRF,Spinnaker,Spinnaker - Class 2,,15,0,Spinnaker - Class 2,,ENTRY ONLY,,,,nemo,NemO,20684,Tartan 30,30 Ft,Peter Anderson,Norwalk Yacht Club,"Norwalk, CT, USA",PHRF,ToD / ToT,186.0,186.0,2026,2026 Stamford Overnight Race,1.0,,,,,,,https://yachtscoring.com/event_scratch_sheet/50828,https://yachtscoring.com/boatdetail/50828/526500,Additional scratch-sheet entry hosted by Stamford Yacht Club. Included because reported length is at least 28 ft. Scratch-sheet entry sequence: 3.. Result fields were not added because this import is based on the entry sheet.,338567432,338567432,NEMO,Not provided in export,Sailing,9.0,4.0,,Not provided in export,2026-09-04T15:44:46.048Z,2026-09-05T03:32:00.91Z,1655.0,High,"Exact normalized name match, compatible AIS vessel type, and compatible reported length.",Attached AIS_EVENTS_RAW.csv
50828,Stamford Overnight Race,2026,Not shown on scratch-sheet page,Spinnaker | PHRF,Spinnaker,Spinnaker - Class 2,,15,0,Spinnaker - Class 2,,ENTRY ONLY,,,,valiant,Valiant YCC,408,J/105,10.5 M,Stamford Yacht Juniors,Stamford YC Junior Big Boat Program,"Stamford, Connecticut, USA",PHRF,ToD / ToT,75.0,75.0,2026,2026 Stamford Overnight Race,1.0,,,,,,,https://yachtscoring.com/event_scratch_sheet/50828,https://yachtscoring.com/boatdetail/50828/528705,Additional scratch-sheet entry hosted by Stamford Yacht Club. Included because reported length is at least 28 ft. Scratch-sheet entry sequence: 5.. Result fields were not added because this import is based on the entry sheet.,,,,,,,,,,,,,,,
50828,Stamford Overnight Race,2026,Not shown on scratch-sheet page,Spinnaker | PHRF,Spinnaker,Spinnaker - Class 2,,15,0,Spinnaker - Class 2,,ENTRY ONLY,,,,yankeeboy,Yankee Boy,Uni USA 52524,Swan 411,40.81 Ft,Duncan McKay,Stamford Yacht Club,"Stamford, CT, USA",PHRF,ToD / ToT,102.0,102.0,2026,2026 Stamford Overnight Race,1.0,,,,,,,https://yachtscoring.com/event_scratch_sheet/50828,https://yachtscoring.com/boatdetail/50828/529453,Additional scratch-sheet entry hosted by Stamford Yacht Club. Included because reported length is at least 28 ft. Scratch-sheet entry sequence: 6.. Result fields were not added because this import is based on the entry sheet.,338356893,338356893,YANKEE BOY,Not provided in export,Sailing,13.0,4.0,,Not provided in export,2026-09-04T15:45:03.927Z,2026-09-05T12:53:49.046Z,2723.0,High,"Exact normalized name match, compatible AIS vessel type, and compatible reported length.",Attached AIS_EVENTS_RAW.csv
50828,Stamford Overnight Race,2026,Not shown on scratch-sheet page,Spinnaker | PHRF,Spinnaker,Spinnaker - DH,,15,0,Spinnaker - DH,,ENTRY ONLY,,,,cyclops,Cyclops,USA 62006,JPK 39 FC,38.5 Ft,Jason Shell,Manhattan Yacht Club,"Stuart, FL, USA",PHRF,ToD / ToT,33.0,33.0,2026,2026 Stamford Overnight Race,1.0,,,,,,,https://yachtscoring.com/event_scratch_sheet/50828,https://yachtscoring.com/boatdetail/50828/527718,Additional scratch-sheet entry hosted by Stamford Yacht Club. Included because reported length is at least 28 ft. Scratch-sheet entry sequence: 1.. Result fields were not added because this import is based on the entry sheet.,368272040,368272040,CYCLOPS,Not provided in export,Sailing,12.0,4.0,,Not provided in export,2026-09-04T10:41:23.666Z,2026-09-07T13:06:52.744Z,400.0,High,"Exact normalized name match, compatible AIS vessel type, and compatible reported length.",Attached AIS_EVENTS_RAW.csv
50828,Stamford Overnight Race,2026,Not shown on scratch-sheet page,Spinnaker | PHRF,Spinnaker,Spinnaker - DH,,15,0,Spinnaker - DH,,ENTRY ONLY,,,,encore,Encore!,51676,Beneteau First 36.7,36 Ft,Arseni Radomyselski,CPYC,"ridgefield, CT, USA",PHRF,ToD / ToT,87.0,87.0,2026,2026 Stamford Overnight Race,1.0,,,,,,,https://yachtscoring.com/event_scratch_sheet/50828,https://yachtscoring.com/boatdetail/50828/529424,Additional scratch-sheet entry hosted by Stamford Yacht Club. Included because reported length is at least 28 ft. Scratch-sheet entry sequence: 2.. Result fields were not added because this import is based on the entry sheet.,338207717; 338404767,338207717; 338404767,ENCORE,Not provided in export,Pleasure,16.0,5.0,,Not provided in export,2026-09-05T03:23:27.964Z,2026-09-06T15:19:53.282Z,508.0,Low,"Exact normalized name matched multiple AIS MMSIs; verify using dimensions, owner, or callsign.",Attached AIS_EVENTS_RAW.csv
50828,Stamford Overnight Race,2026,Not shown on scratch-sheet page,Spinnaker | PHRF,Spinnaker,Spinnaker - DH,,15,0,Spinnaker - DH,,ENTRY ONLY,,,,frequentflyer,Frequent Flyer,USA 52361,Beneteau First 36.7,36 Ft,Alistair Duke,SHYC/CPYC,"Wilton, CT, USA",PHRF,ToD / ToT,84.0,84.0,2026,2026 Stamford Overnight Race,1.0,,,,,,,https://yachtscoring.com/event_scratch_sheet/50828,https://yachtscoring.com/boatdetail/50828/529439,Additional scratch-sheet entry hosted by Stamford Yacht Club. Included because reported length is at least 28 ft. Scratch-sheet entry sequence: 3.. Result fields were not added because this import is based on the entry sheet.,338188881,338188881,FREQUENT FLYER,Not provided in export,Sailing,12.0,3.0,,Not provided in export,2026-09-04T15:44:44.729Z,2026-09-05T11:27:14.801Z,1254.0,High,"Exact normalized name match, compatible AIS vessel type, and compatible reported length.",Attached AIS_EVENTS_RAW.csv
50930,Haustblót Shorthanded Regatta,2026,Not shown on scratch-sheet page,HSR | PHRF,HSR,PHRF Singlehanded,,10,0,PHRF Singlehanded,,ENTRY ONLY,,,,abilyn,Abilyn,USA 25559,J 120,40 Ft,Josh Reisberg,Sea Cliff YC / Storm Trysail Club,"Sea Cliff, NY, USA",PHRF,ToD / ToT,,,2026,2026 Haustblót Shorthanded Regatta,1.0,,,,,,,https://yachtscoring.com/event_scratch_sheet/50930,https://yachtscoring.com/boatdetail/50930/528513,Additional scratch-sheet entry hosted by Sea Cliff Yacht Club. Included because reported length is at least 28 ft. Scratch-sheet entry sequence: 1.. Result fields were not added because this import is based on the entry sheet.,368042460,368042460,ABILYN,Not provided in export,Sailing,13.0,4.0,,Not provided in export,2026-09-04T11:30:46.363Z,2026-09-05T12:26:08.163Z,2551.0,High,"Exact normalized name match, compatible AIS vessel type, and compatible reported length.",Attached AIS_EVENTS_RAW.csv
50930,Haustblót Shorthanded Regatta,2026,Not shown on scratch-sheet page,HSR | PHRF,HSR,PHRF Singlehanded,,10,0,PHRF Singlehanded,,ENTRY ONLY,,,,unbreakable,Unbreakable,306,Quest 30,30 Ft,Thomas Sa,,"Basking Ridge, NJ, USA",PHRF,ToD / ToT,,,2026,2026 Haustblót Shorthanded Regatta,1.0,,,,,,,https://yachtscoring.com/event_scratch_sheet/50930,https://yachtscoring.com/boatdetail/50930/529805,Additional scratch-sheet entry hosted by Sea Cliff Yacht Club. Included because reported length is at least 28 ft. Scratch-sheet entry sequence: 2.. Result fields were not added because this import is based on the entry sheet.,,,,,,,,,,,,,,,
50930,Haustblót Shorthanded Regatta,2026,Not shown on scratch-sheet page,HSR | PHRF,HSR,PHRF Singlehanded,,10,0,PHRF Singlehanded,,ENTRY ONLY,,,,wanderer,WANDERER,181,Hanse 458,44.5 Ft,Stefano Basilico,"Port Jefferson Yacht Club, Bellport Bay Yacht Club","BROOKLYN, NY, USA",PHRF,ToD / ToT,,,2026,2026 Haustblót Shorthanded Regatta,1.0,,,,,,,https://yachtscoring.com/event_scratch_sheet/50930,https://yachtscoring.com/boatdetail/50930/530045,Additional scratch-sheet entry hosted by Sea Cliff Yacht Club. Included because reported length is at least 28 ft. Scratch-sheet entry sequence: 3.. Result fields were not added because this import is based on the entry sheet.,,,,,,,,,,,,,,,
50930,Haustblót Shorthanded Regatta,2026,Not shown on scratch-sheet page,HSR | ORC,HSR,ORC Singlehanded,,4,0,ORC Singlehanded,,ENTRY ONLY,,,,eventyr,Eventyr,USA 61668,J/99,32.6 Ft,Michael Kohler,Larchmont Yacht Club,"New York, NY, USA",ORC,APH,,,2026,2026 Haustblót Shorthanded Regatta,1.0,,,,,,,https://yachtscoring.com/event_scratch_sheet/50930,https://yachtscoring.com/boatdetail/50930/530116,Additional scratch-sheet entry hosted by Sea Cliff Yacht Club. Included because reported length is at least 28 ft. Scratch-sheet entry sequence: 1.. Result fields were not added because this import is based on the entry sheet.,368327540,368327540,EVENTYR,Not provided in export,Sailing,10.0,4.0,,Not provided in export,2026-09-04T12:01:37.671Z,2026-09-05T12:02:49.28Z,1424.0,High,"Exact normalized name match, compatible AIS vessel type, and compatible reported length.",Attached AIS_EVENTS_RAW.csv
50930,Haustblót Shorthanded Regatta,2026,Not shown on scratch-sheet page,HSR | ORC,HSR,ORC Singlehanded,,4,0,ORC Singlehanded,,ENTRY ONLY,,,,stratos,Stratos,USA 15833,Sun Fast 3300,33 Ft,Marcus Wunderlich,Cedar Point Yacht Club,"Jersey City, NJ, USA",ORC,APH,,,2026,2026 Haustblót Shorthanded Regatta,1.0,,,,,,,https://yachtscoring.com/event_scratch_sheet/50930,https://yachtscoring.com/boatdetail/50930/529842,Additional scratch-sheet entry hosted by Sea Cliff Yacht Club. Included because reported length is at least 28 ft. Scratch-sheet entry sequence: 2.. Result fields were not added because this import is based on the entry sheet.,368404820,368404820,STRATOS,Not provided in export,Sailing,10.0,3.0,,Not provided in export,2026-09-04T12:55:31.188Z,2026-09-06T16:17:39.456Z,1785.0,High,"Exact normalized name match, compatible AIS vessel type, and compatible reported length.",Attached AIS_EVENTS_RAW.csv
50930,Haustblót Shorthanded Regatta,2026,Not shown on scratch-sheet page,HSR | PHRF,HSR,PHRF Doublehanded,,10,0,PHRF Doublehanded,,ENTRY ONLY,,,,cyclops,Cyclops,USA 62006,JPK 39 FC,38.5 Ft,Jason Shell,Manhattan Yacht Club,"Stuart, FL, USA",PHRF,ToD / ToT,,,2026,2026 Haustblót Shorthanded Regatta,1.0,,,,,,,https://yachtscoring.com/event_scratch_sheet/50930,https://yachtscoring.com/boatdetail/50930/528839,Additional scratch-sheet entry hosted by Sea Cliff Yacht Club. Included because reported length is at least 28 ft. Scratch-sheet entry sequence: 1.. Result fields were not added because this import is based on the entry sheet.,368272040,368272040,CYCLOPS,Not provided in export,Sailing,12.0,4.0,,Not provided in export,2026-09-04T10:41:23.666Z,2026-09-07T13:06:52.744Z,400.0,High,"Exact normalized name match, compatible AIS vessel type, and compatible reported length.",Attached AIS_EVENTS_RAW.csv
50930,Haustblót Shorthanded Regatta,2026,Not shown on scratch-sheet page,HSR | PHRF,HSR,PHRF Doublehanded,,10,0,PHRF Doublehanded,,ENTRY ONLY,,,,halvemaen,Halve Maen,USA 075,TARTAN 33,34 Ft,Walther van Stipriaan,UCYC - Unqua Corinthian Yacht Club,"AMITYVILLE, NY, USA",PHRF,ToD / ToT,,,2026,2026 Haustblót Shorthanded Regatta,1.0,,,,,,,https://yachtscoring.com/event_scratch_sheet/50930,https://yachtscoring.com/boatdetail/50930/528511,Additional scratch-sheet entry hosted by Sea Cliff Yacht Club. Included because reported length is at least 28 ft. Scratch-sheet entry sequence: 2.. Result fields were not added because this import is based on the entry sheet.,338433326; 338563588,338433326; 338563588,HALVE MAEN,Not provided in export,Pleasure,10.0,3.0,,Not provided in export,2026-09-04T15:45:08.303Z,2026-09-05T17:19:43.499Z,1673.0,Low,"Exact normalized name matched multiple AIS MMSIs; verify using dimensions, owner, or callsign.",Attached AIS_EVENTS_RAW.csv
50930,Haustblót Shorthanded Regatta,2026,Not shown on scratch-sheet page,HSR | PHRF,HSR,PHRF Doublehanded,,10,0,PHRF Doublehanded,,ENTRY ONLY,,,,littletexas,Little Texas,USA 169,J 105 SD,35 Ft,Jonathan Zaskorski,The WaterFront Center,"OYSTER BAY, New York, USA",PHRF,ToD / ToT,,,2026,2026 Haustblót Shorthanded Regatta,1.0,,,,,,,https://yachtscoring.com/event_scratch_sheet/50930,https://yachtscoring.com/boatdetail/50930/529196,Additional scratch-sheet entry hosted by Sea Cliff Yacht Club. Included because reported length is at least 28 ft. Scratch-sheet entry sequence: 3.. Result fields were not added because this import is based on the entry sheet.,368382110,368382110,LITTLE TEXAS,Not provided in export,Sailing,12.0,3.0,,Not provided in export,2026-09-04T15:44:47.557Z,2026-09-05T12:16:52.182Z,1582.0,High,"Exact normalized name match, compatible AIS vessel type, and compatible reported length.",Attached AIS_EVENTS_RAW.csv
50930,Haustblót Shorthanded Regatta,2026,Not shown on scratch-sheet page,HSR | PHRF,HSR,PHRF Doublehanded,,10,0,PHRF Doublehanded,,ENTRY ONLY,,,,savethesound,Save the Sound,USA 167,J/99,32 Ft,Douglas McKeige,American Yacht Club,"Mamaroneck, NY, USA",PHRF,ToD / ToT,,,2026,2026 Haustblót Shorthanded Regatta,1.0,,,,,,,https://yachtscoring.com/event_scratch_sheet/50930,https://yachtscoring.com/boatdetail/50930/529847,Additional scratch-sheet entry hosted by Sea Cliff Yacht Club. Included because reported length is at least 28 ft. Scratch-sheet entry sequence: 4.. Result fields were not added because this import is based on the entry sheet.,338535733,338535733,SAVE THE SOUND,Not provided in export,Pleasure,10.0,2.0,,Not provided in export,2026-09-04T13:01:48.836Z,2026-09-05T12:07:47.921Z,164.0,High,"Exact normalized name match, compatible AIS vessel type, and compatible reported length.",Attached AIS_EVENTS_RAW.csv
50930,Haustblót Shorthanded Regatta,2026,Not shown on scratch-sheet page,HSR | PHRF,HSR,PHRF Doublehanded,,10,0,PHRF Doublehanded,,ENTRY ONLY,,,,sunnyside,Sunny Side,USA 37,J/109,35 Ft,Cary James,Larchmont Yacht Club,"Larchmont, NY, USA",PHRF,ToD / ToT,,,2026,2026 Haustblót Shorthanded Regatta,1.0,,,,,,,https://yachtscoring.com/event_scratch_sheet/50930,https://yachtscoring.com/boatdetail/50930/530023,Additional scratch-sheet entry hosted by Sea Cliff Yacht Club. Included because reported length is at least 28 ft. Scratch-sheet entry sequence: 5.. Result fields were not added because this import is based on the entry sheet.,338070361; 338187885,338070361; 338187885,SUNNY SIDE; SUNNYSIDE,Not provided in export,Sailing,13.0,3.0,,Not provided in export,2026-09-04T12:45:57.301Z,2026-09-06T15:01:24.208Z,1727.0,Low,"Exact normalized name matched multiple AIS MMSIs; verify using dimensions, owner, or callsign.",Attached AIS_EVENTS_RAW.csv
50930,Haustblót Shorthanded Regatta,2026,Not shown on scratch-sheet page,HSR | PHRF,HSR,PHRF Doublehanded,,10,0,PHRF Doublehanded,,ENTRY ONLY,,,,trifecta,Trifecta,USA 274,J/105,34.5 Ft,Brian Simkins,Lloyd Harbor Yacht Club,"Centerport, NY, USA",PHRF,ToD / ToT,,,2026,2026 Haustblót Shorthanded Regatta,1.0,,,,,,,https://yachtscoring.com/event_scratch_sheet/50930,https://yachtscoring.com/boatdetail/50930/529334,Additional scratch-sheet entry hosted by Sea Cliff Yacht Club. Included because reported length is at least 28 ft. Scratch-sheet entry sequence: 6.. Result fields were not added because this import is based on the entry sheet.,,,,,,,,,,,,,,,
50930,Haustblót Shorthanded Regatta,2026,Not shown on scratch-sheet page,HSR | ORC,HSR,ORC Doublehanded,,4,0,ORC Doublehanded,,ENTRY ONLY,,,,habiru,Habiru,USA 61124,J 121,40.0 Ft,Steve Losik,United Yacht Club,"Great Neck, NY, USA",ORC,APH,,,2026,2026 Haustblót Shorthanded Regatta,1.0,,,,,,,https://yachtscoring.com/event_scratch_sheet/50930,https://yachtscoring.com/boatdetail/50930/529368,Additional scratch-sheet entry hosted by Sea Cliff Yacht Club. Included because reported length is at least 28 ft. Scratch-sheet entry sequence: 1.. Result fields were not added because this import is based on the entry sheet.,338413878,338413878,HABIRU,Not provided in export,Sailing,12.0,4.0,,Not provided in export,2026-09-04T13:01:42.289Z,2026-09-05T10:32:13.798Z,1063.0,High,"Exact normalized name match, compatible AIS vessel type, and compatible reported length.",Attached AIS_EVENTS_RAW.csv
50930,Haustblót Shorthanded Regatta,2026,Not shown on scratch-sheet page,HSR | ORC,HSR,ORC Doublehanded,,4,0,ORC Doublehanded,,ENTRY ONLY,,,,intheory,In Theory,USA 61183,JPK 1080,35.5 Ft,Peter McWhinnie,"LYC, STC, RORC","Larchmont, New York, USA",ORC,APH,,,2026,2026 Haustblót Shorthanded Regatta,1.0,,,,,,,https://yachtscoring.com/event_scratch_sheet/50930,https://yachtscoring.com/boatdetail/50930/529853,Additional scratch-sheet entry hosted by Sea Cliff Yacht Club. Included because reported length is at least 28 ft. Scratch-sheet entry sequence: 2.. Result fields were not added because this import is based on the entry sheet.,368070090,368070090,IN THEORY,Not provided in export,Sailing,11.0,4.0,,Not provided in export,2026-09-04T13:01:55.789Z,2026-09-05T11:26:06.426Z,1728.0,High,"Exact normalized name match, compatible AIS vessel type, and compatible reported length.",Attached AIS_EVENTS_RAW.csv
50930,Haustblót Shorthanded Regatta,2026,Not shown on scratch-sheet page,HSR | PHRF,HSR,PlusOne,,10,0,PlusOne,,ENTRY ONLY,,,,dawgzout,Dawgz Out,30016,C&C 30 One Design,30 Ft,United States Merchant Marine Academy,Kings Point US Merchant Marine Academy,"Kings Point, NY, USA",PHRF,ToD / ToT,,,2026,2026 Haustblót Shorthanded Regatta,1.0,,,,,,,https://yachtscoring.com/event_scratch_sheet/50930,https://yachtscoring.com/boatdetail/50930/529867,Additional scratch-sheet entry hosted by Sea Cliff Yacht Club. Included because reported length is at least 28 ft. Scratch-sheet entry sequence: 1.. Result fields were not added because this import is based on the entry sheet.,,,,,,,,,,,,,,,
